# https://github.com/mikedh/trimesh

o geometry_0
v -0.00037327 0.01624255 0.05055785 0.54509804 0.71372549 0.60000000
v 0.00025896 0.01607498 0.05725969 0.54509804 0.71372549 0.60000000
v 0.00037784 0.01612112 0.05055785 0.54509804 0.71372549 0.60000000
v 0.00038324 0.01612112 0.04956387 0.54509804 0.71372549 0.60000000
v -0.00037327 0.01623769 0.04956387 0.54509804 0.71372549 0.60000000
v -0.00117032 0.01613084 0.05055785 0.54509804 0.71372549 0.60000000
v -0.00109466 0.01608227 0.05727075 0.54509804 0.71372549 0.60000000
v -0.00037327 0.01611384 0.05738295 0.54509804 0.71372549 0.60000000
v -0.00037327 0.01593656 0.05788073 0.54509804 0.71372549 0.60000000
v 0.00060209 0.01575685 0.05756626 0.54509804 0.71372549 0.60000000
v 0.00407125 0.01399135 0.05798187 0.54509804 0.71372549 0.60000000
v 0.00368759 0.01434105 0.05760103 0.54509804 0.71372549 0.60000000
v 0.00360924 0.01462275 0.05653278 0.54509804 0.71372549 0.60000000
v 0.00404424 0.01500402 0.04259338 0.54509804 0.71372549 0.60000000
v 0.00036703 0.01611384 0.04856831 0.54509804 0.71372549 0.60000000
v -0.00037327 0.01621584 0.04856831 0.54509804 0.71372549 0.60000000
v -0.00110547 0.01611384 0.04856831 0.54509804 0.71372549 0.60000000
v -0.00114600 0.01612841 0.04956387 0.54509804 0.71372549 0.60000000
v -0.00493128 0.01504045 0.04458450 0.54509804 0.71372549 0.60000000
v -0.00496910 0.01505017 0.05553722 0.54509804 0.71372549 0.60000000
v -0.00493398 0.01504045 0.05653278 0.54509804 0.71372549 0.60000000
v -0.00487454 0.01502102 0.05705110 0.54509804 0.71372549 0.60000000
v -0.00526360 0.01471261 0.05744142 0.54509804 0.71372549 0.60000000
v -0.00037327 0.01543872 0.05826473 0.54509804 0.71372549 0.60000000
v 0.00062100 0.01528087 0.05819204 0.54509804 0.71372549 0.60000000
v 0.00340660 0.01416863 0.05815411 0.54509804 0.71372549 0.60000000
v -0.00594987 0.01409092 0.05808774 0.54509804 0.71372549 0.60000000
v -0.00535006 0.01421720 0.05817624 0.54509804 0.71372549 0.60000000
v 0.00443060 0.01332595 0.05818256 0.54509804 0.71372549 0.60000000
v 0.00509525 0.01301510 0.05801505 0.54509804 0.71372549 0.60000000
v 0.00525196 0.01315595 0.05735135 0.54509804 0.71372549 0.60000000
v 0.00422796 0.01412734 0.05731658 0.54509804 0.71372549 0.60000000
v 0.00429821 0.01419048 0.05653278 0.54509804 0.71372549 0.60000000
v 0.00460622 0.01461790 0.04358894 0.54509804 0.71372549 0.60000000
v 0.00460622 0.01466404 0.04259338 0.54509804 0.71372549 0.60000000
v 0.00460622 0.01466161 0.04235160 0.54509804 0.71372549 0.60000000
v 0.00417933 0.01491903 0.04235160 0.54509804 0.71372549 0.60000000
v 0.00404153 0.01500160 0.04235160 0.54509804 0.71372549 0.60000000
v 0.00029408 0.01607984 0.04757275 0.54509804 0.71372549 0.60000000
v -0.00037327 0.01614055 0.04757275 0.54509804 0.71372549 0.60000000
v -0.00100821 0.01607255 0.04757275 0.54509804 0.71372549 0.60000000
v -0.00487994 0.01502345 0.04297896 0.54509804 0.71372549 0.60000000
v -0.00491236 0.01503317 0.04358894 0.54509804 0.71372549 0.60000000
v -0.00542842 0.01487289 0.04458450 0.54509804 0.71372549 0.60000000
v -0.00546624 0.01488746 0.05553722 0.54509804 0.71372549 0.60000000
v -0.00543112 0.01487531 0.05653278 0.54509804 0.71372549 0.60000000
v -0.00893811 0.01309767 0.05720913 0.54509804 0.71372549 0.60000000
v -0.00867333 0.01291796 0.05787283 0.54509804 0.71372549 0.60000000
v -0.00037327 0.01451833 0.05849387 0.54509804 0.71372549 0.60000000
v 0.00062100 0.01451833 0.05842750 0.54509804 0.71372549 0.60000000
v -0.00435579 0.01433862 0.05824735 0.54509804 0.71372549 0.60000000
v -0.00535006 0.01352265 0.05841169 0.54509804 0.71372549 0.60000000
v -0.00435579 0.01352265 0.05847807 0.54509804 0.71372549 0.60000000
v 0.00261226 0.01430220 0.05823629 0.54509804 0.71372549 0.60000000
v 0.00368759 0.01360522 0.05829634 0.54509804 0.71372549 0.60000000
v -0.00800867 0.01309524 0.05809564 0.54509804 0.71372549 0.60000000
v -0.00834100 0.01256098 0.05824419 0.54509804 0.71372549 0.60000000
v 0.00470078 0.01262169 0.05830582 0.54509804 0.71372549 0.60000000
v 0.00541137 0.01235213 0.05818414 0.54509804 0.71372549 0.60000000
v 0.00636241 0.01133945 0.05818572 0.54509804 0.71372549 0.60000000
v 0.00607602 0.01200243 0.05798819 0.54509804 0.71372549 0.60000000
v 0.00566264 0.01259255 0.05767056 0.54509804 0.71372549 0.60000000
v 0.00622732 0.01216756 0.05732448 0.54509804 0.71372549 0.60000000
v 0.00584366 0.01276011 0.05653278 0.54509804 0.71372549 0.60000000
v 0.00534652 0.01323609 0.05653278 0.54509804 0.71372549 0.60000000
v 0.00524385 0.01415406 0.04358894 0.54509804 0.71372549 0.60000000
v 0.00526817 0.01417834 0.04259338 0.54509804 0.71372549 0.60000000
v 0.00526817 0.01417834 0.04235160 0.54509804 0.71372549 0.60000000
v 0.00354440 0.01509145 0.04235160 0.54509804 0.71372549 0.60000000
v 0.00019952 0.01604098 0.04695487 0.54509804 0.71372549 0.60000000
v -0.00037327 0.01604827 0.04694539 0.54509804 0.71372549 0.60000000
v -0.00091634 0.01602884 0.04702125 0.54509804 0.71372549 0.60000000
v -0.00432336 0.01507445 0.04235160 0.54509804 0.71372549 0.60000000
v -0.00472053 0.01500888 0.04235160 0.54509804 0.71372549 0.60000000
v -0.00476917 0.01499917 0.04235160 0.54509804 0.71372549 0.60000000
v -0.00482320 0.01498217 0.04235160 0.54509804 0.71372549 0.60000000
v -0.00526631 0.01485589 0.04262499 0.54509804 0.71372549 0.60000000
v -0.00540950 0.01486317 0.04358894 0.54509804 0.71372549 0.60000000
v -0.00898134 0.01312924 0.04657562 0.54509804 0.71372549 0.60000000
v -0.00899485 0.01314138 0.04757275 0.54509804 0.71372549 0.60000000
v -0.00833830 0.01349108 0.05553722 0.54509804 0.71372549 0.60000000
v -0.00900565 0.01314867 0.05653278 0.54509804 0.71372549 0.60000000
v -0.01229109 0.01137102 0.05653278 0.54509804 0.71372549 0.60000000
v -0.01210466 0.01123503 0.05752992 0.54509804 0.71372549 0.60000000
v -0.01190203 0.01108689 0.05807510 0.54509804 0.71372549 0.60000000
v -0.00037327 -0.00639329 0.05848913 0.54509804 0.71372549 0.60000000
v 0.00858873 0.00455914 0.05848280 0.54509804 0.71372549 0.60000000
v 0.00560050 0.01053320 0.05848597 0.54509804 0.71372549 0.60000000
v 0.00360924 0.01252698 0.05847490 0.54509804 0.71372549 0.60000000
v 0.00261226 0.01352265 0.05846700 0.54509804 0.71372549 0.60000000
v -0.01132653 0.00953752 0.05847965 0.54509804 0.71372549 0.60000000
v -0.01232081 0.00854185 0.05848439 0.54509804 0.71372549 0.60000000
v -0.01431477 0.00157454 0.05848439 0.54509804 0.71372549 0.60000000
v -0.01132653 0.01053320 0.05840221 0.54509804 0.71372549 0.60000000
v -0.01032956 0.01053320 0.05847175 0.54509804 0.71372549 0.60000000
v -0.01132653 0.01121317 0.05816676 0.54509804 0.71372549 0.60000000
v 0.00568695 0.01161387 0.05831056 0.54509804 0.71372549 0.60000000
v 0.00665421 0.01052834 0.05824735 0.54509804 0.71372549 0.60000000
v 0.00835908 0.00754617 0.05822049 0.54509804 0.71372549 0.60000000
v 0.00820507 0.00818486 0.05811935 0.54509804 0.71372549 0.60000000
v 0.00702707 0.01085618 0.05790602 0.54509804 0.71372549 0.60000000
v 0.00662720 0.01157016 0.05761525 0.54509804 0.71372549 0.60000000
v 0.00717027 0.01113789 0.05724231 0.54509804 0.71372549 0.60000000
v 0.00631378 0.01226227 0.05653278 0.54509804 0.71372549 0.60000000
v 0.00681092 0.01170615 0.05653278 0.54509804 0.71372549 0.60000000
v 0.00576531 0.01355179 0.04259338 0.54509804 0.71372549 0.60000000
v 0.00826451 0.01023206 0.05055785 0.54509804 0.71372549 0.60000000
v 0.00828072 0.01023935 0.04956387 0.54509804 0.71372549 0.60000000
v 0.00576531 0.01354937 0.04235160 0.54509804 0.71372549 0.60000000
v 0.00062100 0.01534401 0.04235160 0.54509804 0.71372549 0.60000000
v -0.00335881 0.01516188 0.04235160 0.54509804 0.71372549 0.60000000
v -0.00412343 0.01509631 0.04235160 0.54509804 0.71372549 0.60000000
v -0.00529062 0.01480732 0.04235160 0.54509804 0.71372549 0.60000000
v -0.00630381 0.01433134 0.04259338 0.54509804 0.71372549 0.60000000
v -0.00893000 0.01309038 0.04558006 0.54509804 0.71372549 0.60000000
v -0.01225867 0.01133945 0.05155341 0.54509804 0.71372549 0.60000000
v -0.01227488 0.01135888 0.05255055 0.54509804 0.71372549 0.60000000
v -0.00901646 0.01315838 0.05553722 0.54509804 0.71372549 0.60000000
v -0.01230460 0.01138317 0.05553722 0.54509804 0.71372549 0.60000000
v -0.01140219 0.01188100 0.05553722 0.54509804 0.71372549 0.60000000
v -0.01279093 0.01100675 0.05653278 0.54509804 0.71372549 0.60000000
v -0.01260180 0.01084647 0.05752992 0.54509804 0.71372549 0.60000000
v -0.01292872 0.01014950 0.05810355 0.54509804 0.71372549 0.60000000
v -0.01226948 0.01050163 0.05819362 0.54509804 0.71372549 0.60000000
v 0.00062100 -0.00738897 0.05836745 0.54509804 0.71372549 0.60000000
v 0.00261226 -0.00639329 0.05848280 0.54509804 0.71372549 0.60000000
v 0.00560050 -0.00440194 0.05847965 0.54509804 0.71372549 0.60000000
v -0.01132653 -0.00141491 0.05847649 0.54509804 0.71372549 0.60000000
v -0.00833830 -0.00340627 0.05847333 0.54509804 0.71372549 0.60000000
v -0.00435579 -0.00539762 0.05845910 0.54509804 0.71372549 0.60000000
v -0.00535006 -0.00539762 0.05842434 0.54509804 0.71372549 0.60000000
v 0.00858873 -0.00041924 0.05847649 0.54509804 0.71372549 0.60000000
v 0.00958301 0.00157454 0.05835323 0.54509804 0.71372549 0.60000000
v 0.00958301 0.00257022 0.05835323 0.54509804 0.71372549 0.60000000
v 0.00958301 0.00356589 0.05834217 0.54509804 0.71372549 0.60000000
v 0.00759175 0.00754617 0.05845278 0.54509804 0.71372549 0.60000000
v -0.01232081 0.00953752 0.05843540 0.54509804 0.71372549 0.60000000
v -0.01431477 0.00555482 0.05847175 0.54509804 0.71372549 0.60000000
v -0.01431477 0.00455914 0.05847807 0.54509804 0.71372549 0.60000000
v -0.01431477 0.00257022 0.05848280 0.54509804 0.71372549 0.60000000
v -0.01517125 0.00257022 0.05826473 0.54509804 0.71372549 0.60000000
v -0.01512262 0.00157454 0.05825525 0.54509804 0.71372549 0.60000000
v -0.01431477 0.00057887 0.05838641 0.54509804 0.71372549 0.60000000
v -0.01232081 -0.00141491 0.05845120 0.54509804 0.71372549 0.60000000
v 0.00962084 0.00451057 0.05823787 0.54509804 0.71372549 0.60000000
v 0.01010987 0.00414630 0.05805614 0.54509804 0.71372549 0.60000000
v 0.00885892 0.00751703 0.05750621 0.54509804 0.71372549 0.60000000
v 0.00997748 0.00481170 0.05780172 0.54509804 0.71372549 0.60000000
v 0.00721890 0.01120831 0.05653278 0.54509804 0.71372549 0.60000000
v 0.00912370 0.00716733 0.05715856 0.54509804 0.71372549 0.60000000
v 0.00899131 0.00775745 0.05653278 0.54509804 0.71372549 0.60000000
v 0.00827532 0.01023206 0.04235160 0.54509804 0.71372549 0.60000000
v 0.00822398 0.01019807 0.05155341 0.54509804 0.71372549 0.60000000
v 0.00872382 0.00953752 0.05055785 0.54509804 0.71372549 0.60000000
v 0.00875354 0.00953752 0.04956387 0.54509804 0.71372549 0.60000000
v 0.00875354 0.00953752 0.04856831 0.54509804 0.71372549 0.60000000
v 0.00874544 0.00953752 0.04235160 0.54509804 0.71372549 0.60000000
v -0.00607416 0.01441391 0.04235160 0.54509804 0.71372549 0.60000000
v -0.00627950 0.01430948 0.04235160 0.54509804 0.71372549 0.60000000
v -0.00639838 0.01423420 0.04235160 0.54509804 0.71372549 0.60000000
v -0.00887326 0.01304910 0.04499062 0.54509804 0.71372549 0.60000000
v -0.01099421 0.01118646 0.04235160 0.54509804 0.71372549 0.60000000
v -0.01268556 0.01092661 0.05055785 0.54509804 0.71372549 0.60000000
v -0.01275581 0.01097761 0.05155341 0.54509804 0.71372549 0.60000000
v -0.01277202 0.01098975 0.05255055 0.54509804 0.71372549 0.60000000
v -0.01280444 0.01101646 0.05553722 0.54509804 0.71372549 0.60000000
v -0.01327456 0.01050891 0.05653278 0.54509804 0.71372549 0.60000000
v -0.01312326 0.01034863 0.05752992 0.54509804 0.71372549 0.60000000
v -0.01365282 0.00960309 0.05761999 0.54509804 0.71372549 0.60000000
v -0.01380142 0.00897411 0.05801189 0.54509804 0.71372549 0.60000000
v -0.01314217 0.00953752 0.05820310 0.54509804 0.71372549 0.60000000
v -0.00047324 -0.00748854 0.05827106 0.54509804 0.71372549 0.60000000
v -0.00020576 -0.00794752 0.05809091 0.54509804 0.71372549 0.60000000
v 0.00062100 -0.00797423 0.05811777 0.54509804 0.71372549 0.60000000
v 0.00161798 -0.00738897 0.05833110 0.54509804 0.71372549 0.60000000
v 0.00256363 -0.00742783 0.05822365 0.54509804 0.71372549 0.60000000
v 0.00560050 -0.00539762 0.05838483 0.54509804 0.71372549 0.60000000
v 0.00659748 -0.00440194 0.05845278 0.54509804 0.71372549 0.60000000
v 0.00759175 -0.00340627 0.05846385 0.54509804 0.71372549 0.60000000
v -0.01132653 -0.00241059 0.05840063 0.54509804 0.71372549 0.60000000
v -0.00829507 -0.00443108 0.05823155 0.54509804 0.71372549 0.60000000
v -0.00535006 -0.00607031 0.05818098 0.54509804 0.71372549 0.60000000
v 0.00858873 -0.00141491 0.05846068 0.54509804 0.71372549 0.60000000
v 0.00958301 0.00057887 0.05835165 0.54509804 0.71372549 0.60000000
v 0.01016120 0.00157454 0.05810829 0.54509804 0.71372549 0.60000000
v 0.01015850 0.00257022 0.05810671 0.54509804 0.71372549 0.60000000
v 0.01014229 0.00356589 0.05808932 0.54509804 0.71372549 0.60000000
v -0.01499023 0.00636350 0.05815411 0.54509804 0.71372549 0.60000000
v -0.01512532 0.00555482 0.05823787 0.54509804 0.71372549 0.60000000
v -0.01516855 0.00455914 0.05825683 0.54509804 0.71372549 0.60000000
v -0.01566569 0.00455914 0.05774483 0.54509804 0.71372549 0.60000000
v -0.01566569 0.00356589 0.05774167 0.54509804 0.71372549 0.60000000
v -0.01567109 0.00257022 0.05772903 0.54509804 0.71372549 0.60000000
v -0.01495240 0.00057887 0.05814463 0.54509804 0.71372549 0.60000000
v -0.01563597 0.00157211 0.05750147 0.54509804 0.71372549 0.60000000
v -0.01424182 -0.00032938 0.05815569 0.54509804 0.71372549 0.60000000
v -0.01328537 -0.00135177 0.05819994 0.54509804 0.71372549 0.60000000
v -0.01226407 -0.00237416 0.05821100 0.54509804 0.71372549 0.60000000
v 0.01038546 0.00356589 0.05752992 0.54509804 0.71372549 0.60000000
v 0.01020713 0.00451057 0.05749357 0.54509804 0.71372549 0.60000000
v 0.01011527 0.00511041 0.05713801 0.54509804 0.71372549 0.60000000
v 0.00864277 0.00953752 0.05155341 0.54509804 0.71372549 0.60000000
v 0.00900481 0.00880898 0.05155341 0.54509804 0.71372549 0.60000000
v 0.00904804 0.00891583 0.05055785 0.54509804 0.71372549 0.60000000
v 0.00906155 0.00895711 0.04956387 0.54509804 0.71372549 0.60000000
v 0.00906155 0.00895469 0.04856831 0.54509804 0.71372549 0.60000000
v 0.00898320 0.00908340 0.04235160 0.54509804 0.71372549 0.60000000
v -0.01032956 0.01164544 0.04235160 0.54509804 0.71372549 0.60000000
v -0.01111309 0.01107475 0.04235160 0.54509804 0.71372549 0.60000000
v -0.01317459 0.01042877 0.05055785 0.54509804 0.71372549 0.60000000
v -0.01149135 0.01071776 0.04235160 0.54509804 0.71372549 0.60000000
v -0.01201550 0.01021992 0.04235160 0.54509804 0.71372549 0.60000000
v -0.01320972 0.01047977 0.05155341 0.54509804 0.71372549 0.60000000
v -0.01327456 0.01051863 0.05553722 0.54509804 0.71372549 0.60000000
v -0.01377170 0.00996736 0.05653278 0.54509804 0.71372549 0.60000000
v -0.01395542 0.00931167 0.05734819 0.54509804 0.71372549 0.60000000
v -0.01521989 0.00663792 0.05761841 0.54509804 0.71372549 0.60000000
v -0.01478489 0.00702647 0.05800873 0.54509804 0.71372549 0.60000000
v -0.00087041 -0.00788681 0.05802612 0.54509804 0.71372549 0.60000000
v 0.00062100 -0.00825108 0.05752992 0.54509804 0.71372549 0.60000000
v -0.00047324 -0.00809323 0.05762789 0.54509804 0.71372549 0.60000000
v 0.00161798 -0.00794752 0.05808932 0.54509804 0.71372549 0.60000000
v 0.00219888 -0.00791109 0.05805298 0.54509804 0.71372549 0.60000000
v 0.00342011 -0.00712184 0.05816834 0.54509804 0.71372549 0.60000000
v 0.00560050 -0.00603631 0.05814621 0.54509804 0.71372549 0.60000000
v 0.00653803 -0.00538548 0.05819994 0.54509804 0.71372549 0.60000000
v 0.00760796 -0.00442623 0.05824893 0.54509804 0.71372549 0.60000000
v 0.00858603 -0.00336013 0.05821890 0.54509804 0.71372549 0.60000000
v 0.00858873 -0.00241059 0.05839116 0.54509804 0.71372549 0.60000000
v -0.01189392 -0.00295457 0.05807510 0.54509804 0.71372549 0.60000000
v -0.00596068 -0.00596588 0.05809407 0.54509804 0.71372549 0.60000000
v 0.00946953 -0.00141491 0.05823787 0.54509804 0.71372549 0.60000000
v 0.00967757 -0.00049695 0.05824893 0.54509804 0.71372549 0.60000000
v 0.01012878 -0.00021767 0.05807669 0.54509804 0.71372549 0.60000000
v 0.01015850 0.00057887 0.05810512 0.54509804 0.71372549 0.60000000
v 0.01042868 0.00157454 0.05752992 0.54509804 0.71372549 0.60000000
v 0.01042868 0.00257022 0.05752992 0.54509804 0.71372549 0.60000000
v -0.01566029 0.00565196 0.05752043 0.54509804 0.71372549 0.60000000
v -0.01585752 0.00538240 0.05718226 0.54509804 0.71372549 0.60000000
v -0.01587914 0.00455914 0.05724705 0.54509804 0.71372549 0.60000000
v -0.01587643 0.00356589 0.05724231 0.54509804 0.71372549 0.60000000
v -0.01586833 0.00257022 0.05723125 0.54509804 0.71372549 0.60000000
v -0.01584401 0.00190239 0.05715224 0.54509804 0.71372549 0.60000000
v -0.01527933 0.00057887 0.05752992 0.54509804 0.71372549 0.60000000
v -0.01482812 0.00006160 0.05804192 0.54509804 0.71372549 0.60000000
v -0.01293143 -0.00201961 0.05810671 0.54509804 0.71372549 0.60000000
v 0.01065564 0.00257022 0.05653278 0.54509804 0.71372549 0.60000000
v 0.01059890 0.00356589 0.05653278 0.54509804 0.71372549 0.60000000
v 0.01037195 0.00455914 0.05653278 0.54509804 0.71372549 0.60000000
v 0.01024496 0.00642907 0.04956387 0.54509804 0.71372549 0.60000000
v 0.00997748 0.00682248 0.05055785 0.54509804 0.71372549 0.60000000
v 0.01002341 0.00692691 0.04956387 0.54509804 0.71372549 0.60000000
v 0.01003962 0.00696333 0.04856831 0.54509804 0.71372549 0.60000000
v 0.01004232 0.00697305 0.04757275 0.54509804 0.71372549 0.60000000
v 0.00905885 0.00893769 0.04235160 0.54509804 0.71372549 0.60000000
v 0.01003962 0.00696333 0.04235160 0.54509804 0.71372549 0.60000000
v -0.01348260 0.00861956 0.04235160 0.54509804 0.71372549 0.60000000
v -0.01367443 0.00980708 0.05055785 0.54509804 0.71372549 0.60000000
v -0.01251264 0.00970994 0.04235160 0.54509804 0.71372549 0.60000000
v -0.01298546 0.00921211 0.04235160 0.54509804 0.71372549 0.60000000
v -0.01370956 0.00984837 0.05155341 0.54509804 0.71372549 0.60000000
v -0.01377440 0.00996736 0.05553722 0.54509804 0.71372549 0.60000000
v -0.01403648 0.00946952 0.05653278 0.54509804 0.71372549 0.60000000
v -0.01562516 0.00647035 0.05662127 0.54509804 0.71372549 0.60000000
v -0.01580619 0.00604780 0.05701159 0.54509804 0.71372549 0.60000000
v -0.00106224 -0.00799123 0.05736241 0.54509804 0.71372549 0.60000000
v -0.00535006 -0.00642486 0.05752992 0.54509804 0.71372549 0.60000000
v 0.00062100 -0.00846721 0.05653278 0.54509804 0.71372549 0.60000000
v 0.00161798 -0.00844050 0.05653278 0.54509804 0.71372549 0.60000000
v 0.00161798 -0.00820980 0.05752992 0.54509804 0.71372549 0.60000000
v -0.00037327 -0.00833608 0.05653278 0.54509804 0.71372549 0.60000000
v 0.00256363 -0.00803252 0.05752517 0.54509804 0.71372549 0.60000000
v 0.00286353 -0.00778481 0.05785387 0.54509804 0.71372549 0.60000000
v 0.00616518 -0.00593188 0.05806088 0.54509804 0.71372549 0.60000000
v 0.00728644 -0.00504549 0.05812093 0.54509804 0.71372549 0.60000000
v 0.00825370 -0.00411052 0.05813989 0.54509804 0.71372549 0.60000000
v 0.00913991 -0.00299828 0.05807510 0.54509804 0.71372549 0.60000000
v 0.00926959 -0.00241059 0.05815886 0.54509804 0.71372549 0.60000000
v -0.01255047 -0.00267529 0.05752992 0.54509804 0.71372549 0.60000000
v -0.01205063 -0.00306142 0.05752992 0.54509804 0.71372549 0.60000000
v -0.00887056 -0.00492406 0.05710957 0.54509804 0.71372549 0.60000000
v -0.00859768 -0.00478078 0.05777327 0.54509804 0.71372549 0.60000000
v -0.00616602 -0.00609216 0.05752992 0.54509804 0.71372549 0.60000000
v 0.01007204 -0.00088308 0.05801505 0.54509804 0.71372549 0.60000000
v 0.01028819 -0.00049695 0.05762157 0.54509804 0.71372549 0.60000000
v 0.01042328 0.00057887 0.05752992 0.54509804 0.71372549 0.60000000
v 0.01065294 0.00157454 0.05653278 0.54509804 0.71372549 0.60000000
v -0.01588454 0.00565196 0.05662127 0.54509804 0.71372549 0.60000000
v -0.01597910 0.00455914 0.05653278 0.54509804 0.71372549 0.60000000
v -0.01597640 0.00356589 0.05653278 0.54509804 0.71372549 0.60000000
v -0.01596019 0.00257022 0.05653278 0.54509804 0.71372549 0.60000000
v -0.01576566 0.00126127 0.05653278 0.54509804 0.71372549 0.60000000
v -0.01587643 0.00175911 0.05653278 0.54509804 0.71372549 0.60000000
v -0.01492809 -0.00005497 0.05752992 0.54509804 0.71372549 0.60000000
v -0.01548737 0.00057887 0.05653278 0.54509804 0.71372549 0.60000000
v -0.01359878 -0.00164805 0.05752992 0.54509804 0.71372549 0.60000000
v -0.01310164 -0.00217746 0.05752992 0.54509804 0.71372549 0.60000000
v 0.01159048 0.00155997 0.04235160 0.54509804 0.71372549 0.60000000
v 0.01051244 0.00555482 0.04956387 0.54509804 0.71372549 0.60000000
v 0.01026117 0.00646550 0.04856831 0.54509804 0.71372549 0.60000000
v 0.01026387 0.00647521 0.04757275 0.54509804 0.71372549 0.60000000
v 0.01026117 0.00646550 0.04235160 0.54509804 0.71372549 0.60000000
v -0.01377170 0.00824071 0.04235160 0.54509804 0.71372549 0.60000000
v -0.01386086 0.00811929 0.04235160 0.54509804 0.71372549 0.60000000
v -0.01491998 0.00717947 0.04657562 0.54509804 0.71372549 0.60000000
v -0.01538470 0.00655049 0.04757275 0.54509804 0.71372549 0.60000000
v -0.01540901 0.00655049 0.04856831 0.54509804 0.71372549 0.60000000
v -0.01561976 0.00647035 0.05548665 0.54509804 0.71372549 0.60000000
v -0.01582240 0.00608423 0.05578532 0.54509804 0.71372549 0.60000000
v -0.01582240 0.00608423 0.05634789 0.54509804 0.71372549 0.60000000
v -0.00535006 -0.00663371 0.05653278 0.54509804 0.71372549 0.60000000
v 0.00062100 -0.00849636 0.05553722 0.54509804 0.71372549 0.60000000
v 0.00161798 -0.00847450 0.05553722 0.54509804 0.71372549 0.60000000
v 0.00360924 -0.00836765 0.05055785 0.54509804 0.71372549 0.60000000
v 0.00360924 -0.00832150 0.05155341 0.54509804 0.71372549 0.60000000
v 0.00261226 -0.00824865 0.05653278 0.54509804 0.71372549 0.60000000
v -0.00226456 -0.00804952 0.05155341 0.54509804 0.71372549 0.60000000
v -0.00137025 -0.00830936 0.05155341 0.54509804 0.71372549 0.60000000
v -0.00137025 -0.00835793 0.05055785 0.54509804 0.71372549 0.60000000
v 0.00322558 -0.00794509 0.05718858 0.54509804 0.71372549 0.60000000
v 0.00653803 -0.00603388 0.05743036 0.54509804 0.71372549 0.60000000
v 0.00682983 -0.00570846 0.05769742 0.54509804 0.71372549 0.60000000
v 0.00795110 -0.00477593 0.05784754 0.54509804 0.71372549 0.60000000
v 0.00842122 -0.00442623 0.05752043 0.54509804 0.71372549 0.60000000
v 0.00894808 -0.00370254 0.05752992 0.54509804 0.71372549 0.60000000
v 0.00923987 -0.00320470 0.05752992 0.54509804 0.71372549 0.60000000
v 0.01008285 -0.00191275 0.05703372 0.54509804 0.71372549 0.60000000
v 0.00996937 -0.00141491 0.05777011 0.54509804 0.71372549 0.60000000
v -0.01268286 -0.00278943 0.05653278 0.54509804 0.71372549 0.60000000
v -0.01218572 -0.00315613 0.05653278 0.54509804 0.71372549 0.60000000
v -0.00992428 -0.00495564 0.05055785 0.54509804 0.71372549 0.60000000
v -0.00743048 -0.00612859 0.05157711 0.54509804 0.71372549 0.60000000
v -0.00643350 -0.00614073 0.05649327 0.54509804 0.71372549 0.60000000
v 0.01017201 -0.00141491 0.05727233 0.54509804 0.71372549 0.60000000
v 0.01055297 -0.00041924 0.05653278 0.54509804 0.71372549 0.60000000
v 0.01064753 0.00057887 0.05653278 0.54509804 0.71372549 0.60000000
v -0.01589265 0.00564224 0.05548665 0.54509804 0.71372549 0.60000000
v -0.01600612 0.00455914 0.05553722 0.54509804 0.71372549 0.60000000
v -0.01601153 0.00356589 0.05553722 0.54509804 0.71372549 0.60000000
v -0.01598721 0.00257022 0.05553722 0.54509804 0.71372549 0.60000000
v -0.01577647 0.00121513 0.05553722 0.54509804 0.71372549 0.60000000
v -0.01588724 0.00171297 0.05553722 0.54509804 0.71372549 0.60000000
v -0.01503076 -0.00017396 0.05653278 0.54509804 0.71372549 0.60000000
v -0.01372577 -0.00180590 0.05653278 0.54509804 0.71372549 0.60000000
v -0.01550628 0.00057887 0.05553722 0.54509804 0.71372549 0.60000000
v -0.01322863 -0.00229159 0.05653278 0.54509804 0.71372549 0.60000000
v 0.01155265 0.00059101 0.04235160 0.54509804 0.71372549 0.60000000
v 0.01053135 0.00555482 0.04235160 0.54509804 0.71372549 0.60000000
v 0.01053406 0.00555482 0.04358894 0.54509804 0.71372549 0.60000000
v 0.01054216 0.00555482 0.04757275 0.54509804 0.71372549 0.60000000
v 0.01053946 0.00555482 0.04856831 0.54509804 0.71372549 0.60000000
v -0.01553870 0.00449114 0.04235160 0.54509804 0.71372549 0.60000000
v -0.01529824 0.00655049 0.04657562 0.54509804 0.71372549 0.60000000
v -0.01569001 0.00564953 0.04657562 0.54509804 0.71372549 0.60000000
v -0.01572783 0.00575638 0.04757275 0.54509804 0.71372549 0.60000000
v -0.01574134 0.00579524 0.04856831 0.54509804 0.71372549 0.60000000
v -0.01585752 0.00525854 0.04757275 0.54509804 0.71372549 0.60000000
v -0.01586833 0.00529740 0.04856831 0.54509804 0.71372549 0.60000000
v -0.00634704 -0.00659971 0.05155341 0.54509804 0.71372549 0.60000000
v -0.00161072 -0.00844050 0.04235160 0.54509804 0.71372549 0.60000000
v 0.00159637 -0.00856678 0.04235160 0.54509804 0.71372549 0.60000000
v 0.00235829 -0.00855707 0.04235160 0.54509804 0.71372549 0.60000000
v -0.00236453 -0.00839922 0.04235160 0.54509804 0.71372549 0.60000000
v 0.00261766 -0.00854978 0.04235160 0.54509804 0.71372549 0.60000000
v 0.00261226 -0.00846236 0.05055785 0.54509804 0.71372549 0.60000000
v 0.00261226 -0.00844779 0.05155341 0.54509804 0.71372549 0.60000000
v 0.00360924 -0.00838222 0.04956387 0.54509804 0.71372549 0.60000000
v 0.00460622 -0.00825108 0.04235160 0.54509804 0.71372549 0.60000000
v 0.00460622 -0.00811266 0.04956387 0.54509804 0.71372549 0.60000000
v 0.00469808 -0.00805194 0.05060999 0.54509804 0.71372549 0.60000000
v 0.00452246 -0.00805194 0.05155341 0.54509804 0.71372549 0.60000000
v 0.00331474 -0.00799123 0.05653278 0.54509804 0.71372549 0.60000000
v -0.00335881 -0.00816851 0.04259338 0.54509804 0.71372549 0.60000000
v -0.00335881 -0.00818065 0.04235160 0.54509804 0.71372549 0.60000000
v -0.00260499 -0.00835065 0.04235160 0.54509804 0.71372549 0.60000000
v -0.00236453 -0.00839436 0.04259338 0.54509804 0.71372549 0.60000000
v 0.00501960 -0.00784795 0.05155341 0.54509804 0.71372549 0.60000000
v 0.00709461 -0.00589546 0.05703372 0.54509804 0.71372549 0.60000000
v 0.00752421 -0.00533933 0.05743984 0.54509804 0.71372549 0.60000000
v 0.00816184 -0.00496778 0.05718384 0.54509804 0.71372549 0.60000000
v 0.00906696 -0.00385553 0.05653278 0.54509804 0.71372549 0.60000000
v 0.01019903 -0.00412752 0.04358894 0.54509804 0.71372549 0.60000000
v 0.01044219 -0.00340627 0.04358894 0.54509804 0.71372549 0.60000000
v 0.01023415 -0.00149020 0.05662443 0.54509804 0.71372549 0.60000000
v -0.01269367 -0.00279915 0.05553722 0.54509804 0.71372549 0.60000000
v -0.01051328 -0.00466422 0.04856831 0.54509804 0.71372549 0.60000000
v -0.01048896 -0.00464965 0.04956387 0.54509804 0.71372549 0.60000000
v -0.00998912 -0.00499449 0.04956387 0.54509804 0.71372549 0.60000000
v -0.00734402 -0.00624516 0.05055785 0.54509804 0.71372549 0.60000000
v -0.01595479 0.00455914 0.04856831 0.54509804 0.71372549 0.60000000
v -0.01598181 0.00356589 0.04757275 0.54509804 0.71372549 0.60000000
v -0.01597370 0.00257022 0.04458450 0.54509804 0.71372549 0.60000000
v -0.01588184 0.00174211 0.04458450 0.54509804 0.71372549 0.60000000
v -0.01576836 0.00124427 0.04458450 0.54509804 0.71372549 0.60000000
v -0.01549547 0.00057887 0.04458450 0.54509804 0.71372549 0.60000000
v -0.01503886 -0.00018368 0.05553722 0.54509804 0.71372549 0.60000000
v -0.01373928 -0.00182047 0.05553722 0.54509804 0.71372549 0.60000000
v -0.01503616 -0.00017882 0.04458450 0.54509804 0.71372549 0.60000000
v -0.01323944 -0.00230131 0.05553722 0.54509804 0.71372549 0.60000000
v 0.01047462 -0.00340627 0.04259338 0.54509804 0.71372549 0.60000000
v 0.01047462 -0.00340627 0.04235160 0.54509804 0.71372549 0.60000000
v -0.01577647 0.00390588 0.04235160 0.54509804 0.71372549 0.60000000
v -0.01560625 0.00446200 0.04268030 0.54509804 0.71372549 0.60000000
v -0.01577917 0.00391802 0.04240533 0.54509804 0.71372549 0.60000000
v -0.01580889 0.00406616 0.04306904 0.54509804 0.71372549 0.60000000
v -0.01581159 0.00507398 0.04603833 0.54509804 0.71372549 0.60000000
v -0.01583320 0.00515169 0.04657562 0.54509804 0.71372549 0.60000000
v -0.01590615 0.00455914 0.04657562 0.54509804 0.71372549 0.60000000
v -0.01594128 0.00455914 0.04757275 0.54509804 0.71372549 0.60000000
v -0.00634704 -0.00665557 0.05055785 0.54509804 0.71372549 0.60000000
v 0.00337688 -0.00849636 0.04235160 0.54509804 0.71372549 0.60000000
v 0.00436576 -0.00830208 0.04235160 0.54509804 0.71372549 0.60000000
v 0.00530600 -0.00799609 0.04235160 0.54509804 0.71372549 0.60000000
v 0.00512227 -0.00789895 0.05031449 0.54509804 0.71372549 0.60000000
v 0.00509255 -0.00788195 0.05097661 0.54509804 0.71372549 0.60000000
v -0.00351551 -0.00812237 0.04235160 0.54509804 0.71372549 0.60000000
v 0.00815914 -0.00595860 0.04856831 0.54509804 0.71372549 0.60000000
v 0.00811861 -0.00592217 0.04922570 0.54509804 0.71372549 0.60000000
v 0.00762417 -0.00551176 0.05653278 0.54509804 0.71372549 0.60000000
v 0.00820777 -0.00501392 0.05653278 0.54509804 0.71372549 0.60000000
v 0.00868600 -0.00440194 0.05653278 0.54509804 0.71372549 0.60000000
v 0.00991263 -0.00462536 0.04358894 0.54509804 0.71372549 0.60000000
v 0.00993425 -0.00466665 0.04259338 0.54509804 0.71372549 0.60000000
v 0.01021794 -0.00416881 0.04259338 0.54509804 0.71372549 0.60000000
v -0.01271528 -0.00280158 0.04956387 0.54509804 0.71372549 0.60000000
v -0.01221814 -0.00325084 0.04956387 0.54509804 0.71372549 0.60000000
v -0.01058083 -0.00470064 0.04235160 0.54509804 0.71372549 0.60000000
v -0.01112930 -0.00416638 0.04856831 0.54509804 0.71372549 0.60000000
v -0.01045924 -0.00479293 0.04235160 0.54509804 0.71372549 0.60000000
v -0.01008099 -0.00506006 0.04235160 0.54509804 0.71372549 0.60000000
v -0.01001344 -0.00500906 0.04856831 0.54509804 0.71372549 0.60000000
v -0.00734402 -0.00626944 0.04956387 0.54509804 0.71372549 0.60000000
v -0.00396942 -0.00794995 0.04235160 0.54509804 0.71372549 0.60000000
v -0.01597370 0.00356589 0.04657562 0.54509804 0.71372549 0.60000000
v -0.01596559 0.00257022 0.04358894 0.54509804 0.71372549 0.60000000
v -0.01587914 0.00175911 0.04358894 0.54509804 0.71372549 0.60000000
v -0.01576296 0.00126127 0.04358894 0.54509804 0.71372549 0.60000000
v -0.01548196 0.00057887 0.04358894 0.54509804 0.71372549 0.60000000
v -0.01503076 -0.00017639 0.04358894 0.54509804 0.71372549 0.60000000
v -0.01373117 -0.00181318 0.04358894 0.54509804 0.71372549 0.60000000
v -0.01323403 -0.00230374 0.04458450 0.54509804 0.71372549 0.60000000
v -0.01271528 -0.00280158 0.04458450 0.54509804 0.71372549 0.60000000
v 0.01028008 -0.00398424 0.04235160 0.54509804 0.71372549 0.60000000
v -0.01585482 0.00347118 0.04235160 0.54509804 0.71372549 0.60000000
v -0.01586292 0.00357804 0.04268030 0.54509804 0.71372549 0.60000000
v -0.01590886 0.00356589 0.04358894 0.54509804 0.71372549 0.60000000
v -0.01593858 0.00356589 0.04458450 0.54509804 0.71372549 0.60000000
v -0.01596019 0.00356589 0.04558006 0.54509804 0.71372549 0.60000000
v 0.00542758 -0.00793052 0.04235160 0.54509804 0.71372549 0.60000000
v 0.00822939 -0.00632044 0.04235160 0.54509804 0.71372549 0.60000000
v 0.00846715 -0.00617959 0.04235160 0.54509804 0.71372549 0.60000000
v 0.00846174 -0.00617230 0.04259338 0.54509804 0.71372549 0.60000000
v 0.00843473 -0.00614316 0.04358894 0.54509804 0.71372549 0.60000000
v 0.00838880 -0.00611402 0.04458450 0.54509804 0.71372549 0.60000000
v 0.00832665 -0.00608002 0.04558006 0.54509804 0.71372549 0.60000000
v 0.00893187 -0.00575703 0.04358894 0.54509804 0.71372549 0.60000000
v 0.00888593 -0.00570846 0.04458450 0.54509804 0.71372549 0.60000000
v 0.00935065 -0.00521062 0.04458450 0.54509804 0.71372549 0.60000000
v 0.00941279 -0.00525919 0.04358894 0.54509804 0.71372549 0.60000000
v 0.01015040 -0.00428780 0.04235160 0.54509804 0.71372549 0.60000000
v 0.00943711 -0.00528105 0.04259338 0.54509804 0.71372549 0.60000000
v 0.00943711 -0.00528348 0.04235160 0.54509804 0.71372549 0.60000000
v 0.00993425 -0.00466665 0.04235160 0.54509804 0.71372549 0.60000000
v 0.01021794 -0.00416881 0.04235160 0.54509804 0.71372549 0.60000000
v -0.01221814 -0.00325327 0.04856831 0.54509804 0.71372549 0.60000000
v -0.01221814 -0.00325084 0.04458450 0.54509804 0.71372549 0.60000000
v -0.01221544 -0.00325084 0.04358894 0.54509804 0.71372549 0.60000000
v -0.01220733 -0.00324113 0.04235160 0.54509804 0.71372549 0.60000000
v -0.00756827 -0.00630101 0.04235160 0.54509804 0.71372549 0.60000000
v -0.01593317 0.00257022 0.04259338 0.54509804 0.71372549 0.60000000
v -0.01586563 0.00183439 0.04259338 0.54509804 0.71372549 0.60000000
v -0.01573864 0.00133655 0.04259338 0.54509804 0.71372549 0.60000000
v -0.01542523 0.00057887 0.04259338 0.54509804 0.71372549 0.60000000
v -0.01499834 -0.00015211 0.04259338 0.54509804 0.71372549 0.60000000
v -0.01371766 -0.00179619 0.04235160 0.54509804 0.71372549 0.60000000
v -0.01372037 -0.00180104 0.04259338 0.54509804 0.71372549 0.60000000
v -0.01359608 -0.00192004 0.04235160 0.54509804 0.71372549 0.60000000
v -0.01322052 -0.00229645 0.04235160 0.54509804 0.71372549 0.60000000
v -0.01323403 -0.00230131 0.04358894 0.54509804 0.71372549 0.60000000
v -0.01271258 -0.00279915 0.04358894 0.54509804 0.71372549 0.60000000
v -0.01591696 0.00257022 0.04235160 0.54509804 0.71372549 0.60000000
v 0.00896429 -0.00578132 0.04235160 0.54509804 0.71372549 0.60000000
v 0.00895888 -0.00577889 0.04259338 0.54509804 0.71372549 0.60000000
v 0.00932633 -0.00540490 0.04235160 0.54509804 0.71372549 0.60000000
v -0.01270717 -0.00279429 0.04259338 0.54509804 0.71372549 0.60000000
v -0.01270447 -0.00279429 0.04235160 0.54509804 0.71372549 0.60000000
v -0.01590886 0.00242694 0.04235160 0.54509804 0.71372549 0.60000000
v -0.01585752 0.00186839 0.04235160 0.54509804 0.71372549 0.60000000
v -0.01576025 0.00149197 0.04235160 0.54509804 0.71372549 0.60000000
v -0.01572783 0.00137055 0.04235160 0.54509804 0.71372549 0.60000000
v -0.01539551 0.00057887 0.04235160 0.54509804 0.71372549 0.60000000
v -0.01530364 0.00042102 0.04235160 0.54509804 0.71372549 0.60000000
v -0.01497942 -0.00013268 0.04235160 0.54509804 0.71372549 0.60000000
f 1 2 3
f 1 3 4
f 1 4 5
f 1 5 6
f 1 6 7
f 1 7 8
f 1 8 2
f 2 8 9
f 2 9 10
f 2 10 11
f 2 11 12
f 2 12 13
f 2 13 14
f 2 14 3
f 3 14 4
f 4 15 5
f 4 14 15
f 5 15 16
f 5 16 17
f 5 17 18
f 5 18 6
f 6 18 19
f 6 19 20
f 6 20 7
f 7 9 8
f 7 20 21
f 7 21 22
f 7 22 23
f 7 23 9
f 9 24 25
f 9 25 26
f 9 26 10
f 9 23 27
f 9 27 28
f 9 28 24
f 10 26 11
f 11 29 30
f 11 30 31
f 11 31 32
f 11 32 12
f 11 26 29
f 12 32 13
f 13 32 33
f 13 33 34
f 13 34 35
f 13 35 14
f 14 35 36
f 14 36 37
f 14 37 38
f 14 38 15
f 15 39 16
f 15 38 39
f 16 40 41
f 16 41 17
f 16 39 40
f 17 41 42
f 17 42 43
f 17 43 18
f 18 43 19
f 19 43 44
f 19 44 45
f 19 45 20
f 20 45 21
f 21 45 46
f 21 46 22
f 22 46 47
f 22 47 23
f 23 47 48
f 23 48 27
f 24 49 50
f 24 50 25
f 24 28 51
f 24 51 52
f 24 52 53
f 24 53 49
f 25 50 54
f 25 54 26
f 26 54 55
f 26 55 29
f 27 48 56
f 27 56 28
f 28 56 57
f 28 57 52
f 28 52 51
f 29 55 58
f 29 58 59
f 29 59 30
f 30 59 60
f 30 60 61
f 30 61 62
f 30 62 31
f 31 62 63
f 31 63 64
f 31 64 65
f 31 65 32
f 32 65 33
f 33 65 66
f 33 66 34
f 34 66 35
f 35 66 67
f 35 67 68
f 35 68 36
f 36 68 109
f 36 109 152
f 36 152 157
f 36 157 207
f 36 207 255
f 36 255 256
f 36 256 302
f 36 302 348
f 36 348 298
f 36 298 347
f 36 347 401
f 36 401 443
f 36 443 464
f 36 464 460
f 36 460 463
f 36 463 462
f 36 462 484
f 36 484 482
f 36 482 451
f 36 451 450
f 36 450 449
f 36 449 413
f 36 413 368
f 36 368 412
f 36 412 411
f 36 411 364
f 36 364 362
f 36 362 361
f 36 361 360
f 36 360 363
f 36 363 375
f 36 375 374
f 36 374 416
f 36 416 433
f 36 433 469
f 36 469 430
f 36 430 429
f 36 429 427
f 36 427 468
f 36 468 486
f 36 486 478
f 36 478 477
f 36 477 475
f 36 475 493
f 36 493 492
f 36 492 491
f 36 491 490
f 36 490 489
f 36 489 488
f 36 488 487
f 36 487 481
f 36 481 444
f 36 444 402
f 36 402 352
f 36 352 304
f 36 304 303
f 36 303 257
f 36 257 260
f 36 260 259
f 36 259 212
f 36 212 211
f 36 211 209
f 36 209 162
f 36 162 208
f 36 208 160
f 36 160 159
f 36 159 158
f 36 158 113
f 36 113 76
f 36 76 75
f 36 75 74
f 36 74 73
f 36 73 112
f 36 112 111
f 36 111 110
f 36 110 69
f 36 69 38
f 36 38 37
f 38 69 39
f 39 70 40
f 39 69 70
f 40 70 71
f 40 71 72
f 40 72 41
f 41 72 73
f 41 73 74
f 41 74 42
f 42 74 75
f 42 75 76
f 42 76 77
f 42 77 78
f 42 78 43
f 43 78 44
f 44 78 79
f 44 79 80
f 44 80 81
f 44 81 45
f 45 81 82
f 45 82 46
f 46 82 47
f 47 82 83
f 47 83 84
f 47 84 85
f 47 85 48
f 48 85 56
f 49 86 87
f 49 87 88
f 49 88 89
f 49 89 90
f 49 90 50
f 49 53 91
f 49 91 92
f 49 92 93
f 49 93 86
f 50 90 54
f 52 57 94
f 52 94 95
f 52 95 53
f 53 95 91
f 54 90 55
f 55 90 58
f 56 85 96
f 56 96 57
f 57 96 94
f 58 88 97
f 58 97 59
f 58 90 89
f 58 89 88
f 59 97 60
f 60 98 99
f 60 99 100
f 60 100 101
f 60 101 61
f 60 97 98
f 61 101 102
f 61 102 63
f 61 63 62
f 63 102 103
f 63 103 104
f 63 104 64
f 64 66 65
f 64 104 66
f 66 104 105
f 66 105 67
f 67 106 68
f 67 105 107
f 67 107 108
f 67 108 106
f 68 106 109
f 69 110 70
f 70 110 71
f 71 110 111
f 71 111 72
f 72 111 112
f 72 112 73
f 76 113 77
f 77 113 114
f 77 114 78
f 78 114 79
f 79 114 115
f 79 115 116
f 79 116 117
f 79 117 80
f 80 118 81
f 80 117 119
f 80 119 120
f 80 120 118
f 81 118 82
f 82 118 120
f 82 120 83
f 83 120 119
f 83 119 121
f 83 121 84
f 84 121 122
f 84 122 85
f 85 122 123
f 85 123 124
f 85 124 96
f 86 125 126
f 86 126 127
f 86 127 87
f 86 93 128
f 86 128 129
f 86 129 130
f 86 130 131
f 86 131 125
f 87 132 133
f 87 133 134
f 87 134 135
f 87 135 136
f 87 136 88
f 87 127 132
f 88 136 98
f 88 98 97
f 91 95 137
f 91 137 92
f 92 137 138
f 92 138 139
f 92 139 140
f 92 140 93
f 93 140 141
f 93 141 142
f 93 142 143
f 93 143 144
f 93 144 128
f 94 96 124
f 94 124 137
f 94 137 95
f 98 136 99
f 99 136 145
f 99 145 146
f 99 146 100
f 100 147 101
f 100 146 148
f 100 148 147
f 101 103 102
f 101 147 103
f 103 149 105
f 103 105 104
f 103 147 150
f 103 150 151
f 103 151 149
f 105 149 107
f 106 108 152
f 106 152 109
f 107 149 153
f 107 153 154
f 107 154 155
f 107 155 108
f 108 155 156
f 108 156 157
f 108 157 152
f 113 158 114
f 114 158 159
f 114 159 160
f 114 160 161
f 114 161 115
f 115 161 162
f 115 162 163
f 115 163 116
f 116 163 164
f 116 164 117
f 117 164 165
f 117 165 166
f 117 166 119
f 119 166 121
f 121 166 167
f 121 167 168
f 121 168 122
f 122 168 123
f 123 137 124
f 123 168 169
f 123 169 170
f 123 170 171
f 123 171 137
f 125 131 172
f 125 172 173
f 125 173 174
f 125 174 175
f 125 175 126
f 126 175 176
f 126 176 177
f 126 177 178
f 126 178 127
f 127 178 179
f 127 179 132
f 128 144 129
f 129 144 180
f 129 180 131
f 129 131 130
f 131 180 181
f 131 181 182
f 131 182 172
f 132 179 183
f 132 183 184
f 132 184 133
f 133 184 185
f 133 185 134
f 134 185 186
f 134 186 135
f 135 186 187
f 135 187 146
f 135 146 145
f 135 145 136
f 137 171 138
f 138 188 189
f 138 189 190
f 138 190 139
f 138 171 188
f 139 190 141
f 139 141 140
f 141 190 191
f 141 191 192
f 141 192 193
f 141 193 142
f 142 194 143
f 142 193 195
f 142 195 194
f 143 194 196
f 143 196 197
f 143 197 144
f 144 197 198
f 144 198 180
f 146 187 199
f 146 199 200
f 146 200 148
f 147 148 201
f 147 201 150
f 148 200 201
f 149 151 202
f 149 202 154
f 149 154 153
f 150 201 151
f 151 203 202
f 151 201 203
f 154 202 204
f 154 204 205
f 154 205 155
f 155 205 156
f 156 205 206
f 156 206 157
f 157 206 207
f 160 208 161
f 161 208 162
f 162 209 163
f 163 210 164
f 163 209 211
f 163 211 212
f 163 212 210
f 164 210 213
f 164 213 165
f 165 213 214
f 165 214 166
f 166 214 167
f 167 214 215
f 167 215 168
f 168 215 169
f 169 215 216
f 169 216 170
f 170 216 217
f 170 217 218
f 170 218 188
f 170 188 171
f 172 219 173
f 172 182 219
f 173 220 174
f 173 219 221
f 173 221 220
f 174 220 222
f 174 222 175
f 175 222 223
f 175 223 176
f 176 223 224
f 176 224 225
f 176 225 177
f 177 225 226
f 177 226 227
f 177 227 178
f 178 227 179
f 179 227 228
f 179 228 229
f 179 229 183
f 180 198 230
f 180 230 181
f 181 231 182
f 181 230 231
f 182 231 219
f 183 229 184
f 184 232 233
f 184 233 234
f 184 234 235
f 184 235 185
f 184 229 232
f 185 235 236
f 185 236 237
f 185 237 186
f 186 237 187
f 187 237 199
f 188 218 217
f 188 217 238
f 188 238 189
f 189 238 191
f 189 191 190
f 191 238 239
f 191 239 240
f 191 240 193
f 191 193 192
f 193 240 241
f 193 241 242
f 193 242 243
f 193 243 195
f 194 195 244
f 194 244 245
f 194 245 196
f 195 243 244
f 196 245 197
f 197 246 198
f 197 245 246
f 198 246 230
f 199 237 247
f 199 247 248
f 199 248 200
f 200 248 249
f 200 249 201
f 201 249 250
f 201 250 251
f 201 251 203
f 202 203 204
f 203 251 250
f 203 250 204
f 204 250 252
f 204 252 253
f 204 253 205
f 205 253 254
f 205 254 206
f 206 255 207
f 206 254 256
f 206 256 255
f 210 257 258
f 210 258 213
f 210 212 259
f 210 259 260
f 210 260 257
f 213 258 261
f 213 261 262
f 213 262 214
f 214 262 215
f 215 262 263
f 215 263 264
f 215 264 265
f 215 265 216
f 216 265 217
f 217 265 238
f 219 266 221
f 219 231 267
f 219 267 266
f 220 221 268
f 220 268 269
f 220 269 270
f 220 270 222
f 221 266 271
f 221 271 268
f 222 270 223
f 223 272 273
f 223 273 274
f 223 274 224
f 223 270 272
f 224 274 225
f 225 274 226
f 226 275 227
f 226 274 275
f 227 275 276
f 227 276 228
f 228 276 277
f 228 277 278
f 228 278 229
f 229 278 232
f 230 246 279
f 230 279 280
f 230 280 281
f 230 281 282
f 230 282 231
f 231 282 281
f 231 281 283
f 231 283 267
f 232 278 284
f 232 284 234
f 232 234 233
f 234 284 285
f 234 285 286
f 234 286 235
f 235 286 236
f 236 286 336
f 236 336 287
f 236 287 247
f 236 247 237
f 238 265 239
f 239 288 289
f 239 289 240
f 239 265 288
f 240 289 290
f 240 290 241
f 241 290 242
f 242 290 291
f 242 291 243
f 243 292 244
f 243 291 293
f 243 293 292
f 244 294 245
f 244 292 295
f 244 295 294
f 245 294 296
f 245 296 246
f 246 297 279
f 246 296 297
f 247 287 298
f 247 298 248
f 248 299 249
f 248 298 299
f 249 299 250
f 250 300 253
f 250 253 252
f 250 299 300
f 253 300 301
f 253 301 254
f 254 301 302
f 254 302 256
f 257 303 258
f 258 303 304
f 258 304 305
f 258 305 306
f 258 306 261
f 261 306 262
f 262 306 307
f 262 307 308
f 262 308 264
f 262 264 263
f 264 308 309
f 264 309 310
f 264 310 265
f 265 310 288
f 266 267 311
f 266 311 271
f 267 283 311
f 268 312 313
f 268 313 269
f 268 271 312
f 269 313 314
f 269 314 315
f 269 315 316
f 269 316 272
f 269 272 270
f 271 317 318
f 271 318 319
f 271 319 312
f 271 311 317
f 272 316 320
f 272 320 273
f 273 320 274
f 274 320 321
f 274 321 322
f 274 322 323
f 274 323 275
f 275 323 276
f 276 323 277
f 277 323 324
f 277 324 325
f 277 325 326
f 277 326 327
f 277 327 328
f 277 328 284
f 277 284 278
f 279 297 329
f 279 329 280
f 280 329 330
f 280 330 281
f 281 331 332
f 281 332 333
f 281 333 311
f 281 311 283
f 281 330 331
f 284 328 327
f 284 327 334
f 284 334 285
f 285 334 335
f 285 335 286
f 286 335 336
f 287 336 298
f 288 337 338
f 288 338 289
f 288 310 337
f 289 338 339
f 289 339 290
f 290 339 291
f 291 339 340
f 291 340 293
f 292 293 342
f 292 342 341
f 292 341 295
f 293 340 342
f 294 295 343
f 294 343 344
f 294 344 296
f 295 341 345
f 295 345 343
f 296 344 297
f 297 344 346
f 297 346 329
f 298 336 347
f 298 348 349
f 298 349 350
f 298 350 351
f 298 351 299
f 299 351 300
f 300 351 301
f 301 351 350
f 301 350 302
f 302 350 349
f 302 349 348
f 304 352 353
f 304 353 305
f 305 353 306
f 306 353 354
f 306 354 355
f 306 355 356
f 306 356 309
f 306 309 308
f 306 308 307
f 309 356 357
f 309 357 358
f 309 358 337
f 309 337 310
f 311 333 332
f 311 332 359
f 311 359 317
f 312 360 361
f 312 361 362
f 312 362 313
f 312 319 363
f 312 363 360
f 313 362 364
f 313 364 365
f 313 365 366
f 313 366 314
f 314 366 367
f 314 367 368
f 314 368 369
f 314 369 370
f 314 370 315
f 315 370 371
f 315 371 316
f 316 371 372
f 316 372 320
f 317 359 373
f 317 373 374
f 317 374 318
f 318 374 319
f 319 374 375
f 319 375 376
f 319 376 363
f 320 372 377
f 320 377 378
f 320 378 321
f 321 378 322
f 322 378 379
f 322 379 323
f 323 380 324
f 323 379 380
f 324 380 325
f 325 381 326
f 325 380 381
f 326 381 327
f 327 381 382
f 327 382 383
f 327 383 384
f 327 384 335
f 327 335 334
f 329 346 399
f 329 399 385
f 329 385 386
f 329 386 387
f 329 387 330
f 330 387 388
f 330 388 331
f 331 388 389
f 331 389 332
f 332 389 359
f 335 383 347
f 335 347 336
f 335 384 383
f 337 358 390
f 337 390 338
f 338 391 339
f 338 390 391
f 339 391 392
f 339 392 340
f 340 392 393
f 340 393 342
f 341 394 395
f 341 395 345
f 341 342 393
f 341 393 394
f 343 345 396
f 343 396 397
f 343 397 344
f 344 397 346
f 345 395 398
f 345 398 396
f 346 397 399
f 347 383 400
f 347 400 401
f 352 402 403
f 352 403 353
f 353 403 354
f 354 403 402
f 354 402 404
f 354 404 405
f 354 405 406
f 354 406 407
f 354 407 355
f 355 407 357
f 355 357 356
f 357 408 409
f 357 409 358
f 357 407 408
f 358 409 390
f 359 389 410
f 359 410 373
f 363 376 375
f 364 411 365
f 365 411 367
f 365 367 366
f 367 412 368
f 367 411 412
f 368 413 369
f 369 413 414
f 369 414 370
f 370 414 415
f 370 415 371
f 371 415 377
f 371 377 372
f 373 410 416
f 373 416 374
f 377 415 378
f 378 417 418
f 378 418 419
f 378 419 380
f 378 380 379
f 378 415 417
f 380 420 421
f 380 421 381
f 380 419 420
f 381 421 422
f 381 422 382
f 382 422 423
f 382 423 424
f 382 424 383
f 383 424 400
f 385 399 425
f 385 425 426
f 385 426 427
f 385 427 428
f 385 428 386
f 386 428 427
f 386 427 429
f 386 429 430
f 386 430 431
f 386 431 388
f 386 388 387
f 388 431 389
f 389 432 433
f 389 433 410
f 389 431 432
f 390 409 448
f 390 448 434
f 390 434 391
f 391 434 392
f 392 434 435
f 392 435 436
f 392 436 393
f 393 436 394
f 394 437 395
f 394 436 437
f 395 438 439
f 395 439 398
f 395 437 438
f 396 398 397
f 397 440 441
f 397 441 399
f 397 398 440
f 398 439 440
f 399 441 442
f 399 442 425
f 400 424 443
f 400 443 401
f 402 444 404
f 404 444 405
f 405 407 406
f 405 444 445
f 405 445 407
f 407 445 446
f 407 446 408
f 408 446 409
f 409 447 448
f 409 446 447
f 410 433 416
f 413 449 414
f 414 449 450
f 414 450 451
f 414 451 452
f 414 452 453
f 414 453 415
f 415 453 454
f 415 454 455
f 415 455 417
f 417 455 456
f 417 456 457
f 417 457 420
f 417 420 418
f 418 420 419
f 420 457 458
f 420 458 421
f 421 458 422
f 422 458 459
f 422 459 423
f 423 460 424
f 423 459 461
f 423 461 462
f 423 462 463
f 423 463 460
f 424 460 464
f 424 464 443
f 425 442 465
f 425 465 426
f 426 465 427
f 427 465 466
f 427 466 467
f 427 467 468
f 430 469 431
f 431 469 432
f 432 469 433
f 434 448 435
f 435 448 447
f 435 447 446
f 435 446 470
f 435 470 471
f 435 471 436
f 436 471 437
f 437 472 438
f 437 471 472
f 438 473 474
f 438 474 439
f 438 472 473
f 439 474 475
f 439 475 476
f 439 476 440
f 440 476 477
f 440 477 478
f 440 478 479
f 440 479 441
f 441 479 442
f 442 480 467
f 442 467 466
f 442 466 465
f 442 479 480
f 444 481 470
f 444 470 446
f 444 446 445
f 451 482 483
f 451 483 456
f 451 456 452
f 452 456 453
f 453 456 454
f 454 456 455
f 456 483 459
f 456 459 457
f 457 459 458
f 459 483 461
f 461 483 484
f 461 484 462
f 467 480 485
f 467 485 486
f 467 486 468
f 470 481 487
f 470 487 471
f 471 488 472
f 471 487 488
f 472 488 489
f 472 489 490
f 472 490 473
f 473 491 492
f 473 492 474
f 473 490 491
f 474 492 493
f 474 493 475
f 475 477 476
f 478 486 479
f 479 486 485
f 479 485 480
f 482 484 483

o geometry_1
v 0.00062147 0.01534513 0.04235160 0.54117647 0.42352941 0.64313725
v 0.00354262 0.01509032 0.04235160 0.54117647 0.42352941 0.64313725
v 0.00353158 0.01508782 0.04159489 0.54117647 0.42352941 0.64313725
v 0.00161819 0.01515527 0.02762671 0.54117647 0.42352941 0.64313725
v 0.00064908 0.01517525 0.02762671 0.54117647 0.42352941 0.64313725
v 0.00062147 0.01517525 0.02762671 0.54117647 0.42352941 0.64313725
v -0.00037526 0.01516776 0.02762671 0.54117647 0.42352941 0.64313725
v -0.00236319 0.01514528 0.03362996 0.54117647 0.42352941 0.64313725
v -0.00236319 0.01515277 0.03462594 0.54117647 0.42352941 0.64313725
v -0.00335992 0.01516276 0.04235160 0.54117647 0.42352941 0.64313725
v 0.00404236 0.01500288 0.04235160 0.54117647 0.42352941 0.64313725
v 0.00403132 0.01500038 0.04159489 0.54117647 0.42352941 0.64313725
v 0.00235815 0.01507283 0.02762671 0.54117647 0.42352941 0.64313725
v -0.00136647 0.01508282 0.02762671 0.54117647 0.42352941 0.64313725
v -0.00136923 0.01512029 0.02865007 0.54117647 0.42352941 0.64313725
v -0.00236319 0.01512029 0.03263398 0.54117647 0.42352941 0.64313725
v -0.00303688 0.01506284 0.03362996 0.54117647 0.42352941 0.64313725
v -0.00432351 0.01507533 0.04235160 0.54117647 0.42352941 0.64313725
v -0.00412472 0.01509531 0.04235160 0.54117647 0.42352941 0.64313725
v 0.00418042 0.01492044 0.04235160 0.54117647 0.42352941 0.64313725
v 0.00460561 0.01465813 0.04159489 0.54117647 0.42352941 0.64313725
v 0.00362821 0.01460567 0.02762671 0.54117647 0.42352941 0.64313725
v 0.00360888 0.01461567 0.02762671 0.54117647 0.42352941 0.64313725
v 0.00285789 0.01495042 0.02765409 0.54117647 0.42352941 0.64313725
v 0.00284132 0.01495542 0.02762671 0.54117647 0.42352941 0.64313725
v -0.00140512 0.01507783 0.02762671 0.54117647 0.42352941 0.64313725
v -0.00141892 0.01507783 0.02767716 0.54117647 0.42352941 0.64313725
v -0.00189658 0.01502536 0.02802452 0.54117647 0.42352941 0.64313725
v -0.00294300 0.01503785 0.03263398 0.54117647 0.42352941 0.64313725
v -0.00353386 0.01492294 0.03362996 0.54117647 0.42352941 0.64313725
v -0.00477080 0.01500038 0.04235160 0.54117647 0.42352941 0.64313725
v 0.00460561 0.01466313 0.04235160 0.54117647 0.42352941 0.64313725
v 0.00526549 0.01417599 0.04159489 0.54117647 0.42352941 0.64313725
v 0.00429362 0.01418348 0.02762671 0.54117647 0.42352941 0.64313725
v 0.00285513 0.01495042 0.02762671 0.54117647 0.42352941 0.64313725
v -0.00182755 0.01501038 0.02762671 0.54117647 0.42352941 0.64313725
v -0.00228312 0.01485799 0.02767716 0.54117647 0.42352941 0.64313725
v -0.00343999 0.01487548 0.03263398 0.54117647 0.42352941 0.64313725
v -0.00287674 0.01502037 0.03208626 0.54117647 0.42352941 0.64313725
v -0.00435388 0.01456820 0.03362996 0.54117647 0.42352941 0.64313725
v -0.00528987 0.01480802 0.04235160 0.54117647 0.42352941 0.64313725
v 0.00526549 0.01417599 0.04235160 0.54117647 0.42352941 0.64313725
v 0.00691934 0.01184520 0.02762671 0.54117647 0.42352941 0.64313725
v 0.00641960 0.01232984 0.02762671 0.54117647 0.42352941 0.64313725
v 0.00589501 0.01281449 0.02762671 0.54117647 0.42352941 0.64313725
v 0.00587844 0.01282948 0.02762671 0.54117647 0.42352941 0.64313725
v 0.00925516 0.00923711 0.02762671 0.54117647 0.42352941 0.64313725
v -0.00220305 0.01488047 0.02762671 0.54117647 0.42352941 0.64313725
v -0.00228588 0.01485049 0.02762671 0.54117647 0.42352941 0.64313725
v -0.00634734 0.01352397 0.03163800 0.54117647 0.42352941 0.64313725
v -0.00709557 0.01317922 0.03163800 0.54117647 0.42352941 0.64313725
v -0.00715907 0.01322169 0.03263398 0.54117647 0.42352941 0.64313725
v -0.00627831 0.01431089 0.04235160 0.54117647 0.42352941 0.64313725
v 0.00576524 0.01354895 0.04235160 0.54117647 0.42352941 0.64313725
v 0.00925516 0.00923711 0.02765409 0.54117647 0.42352941 0.64313725
v 0.00982945 0.00844769 0.02762671 0.54117647 0.42352941 0.64313725
v -0.00535061 0.01346651 0.02762671 0.54117647 0.42352941 0.64313725
v -0.00601878 0.01314674 0.02762671 0.54117647 0.42352941 0.64313725
v -0.00838497 0.01188767 0.02762671 0.54117647 0.42352941 0.64313725
v -0.00929334 0.01140302 0.02762671 0.54117647 0.42352941 0.64313725
v -0.00933199 0.01138054 0.02762671 0.54117647 0.42352941 0.64313725
v -0.00765882 0.01288943 0.03263398 0.54117647 0.42352941 0.64313725
v -0.01097756 0.01115570 0.03960438 0.54117647 0.42352941 0.64313725
v -0.00639980 0.01423345 0.04235160 0.54117647 0.42352941 0.64313725
v 0.00827500 0.01023388 0.04235160 0.54117647 0.42352941 0.64313725
v 0.00986535 0.00839773 0.02762671 0.54117647 0.42352941 0.64313725
v -0.00981793 0.01101830 0.02762671 0.54117647 0.42352941 0.64313725
v -0.01142208 0.01071603 0.03860840 0.54117647 0.42352941 0.64313725
v -0.01201846 0.01021889 0.03860840 0.54117647 0.42352941 0.64313725
v -0.01147730 0.01072852 0.03960438 0.54117647 0.42352941 0.64313725
v -0.01099137 0.01117319 0.04059891 0.54117647 0.42352941 0.64313725
v -0.01033148 0.01164534 0.04235160 0.54117647 0.42352941 0.64313725
v 0.00863117 0.00970677 0.04235160 0.54117647 0.42352941 0.64313725
v 0.01009175 0.00805798 0.02762671 0.54117647 0.42352941 0.64313725
v -0.01033148 0.01053616 0.02762671 0.54117647 0.42352941 0.64313725
v -0.01197981 0.01017892 0.03761242 0.54117647 0.42352941 0.64313725
v -0.01251545 0.00968428 0.03860840 0.54117647 0.42352941 0.64313725
v -0.01252649 0.00971426 0.03960438 0.54117647 0.42352941 0.64313725
v -0.01202951 0.01023138 0.03960438 0.54117647 0.42352941 0.64313725
v -0.01149111 0.01072602 0.04059891 0.54117647 0.42352941 0.64313725
v -0.01099413 0.01118069 0.04159489 0.54117647 0.42352941 0.64313725
v -0.01099413 0.01118818 0.04235160 0.54117647 0.42352941 0.64313725
v 0.00874437 0.00953689 0.04235160 0.54117647 0.42352941 0.64313725
v 0.01003929 0.00696378 0.04235160 0.54117647 0.42352941 0.64313725
v 0.01026017 0.00646415 0.04235160 0.54117647 0.42352941 0.64313725
v 0.01196924 0.00274687 0.03860840 0.54117647 0.42352941 0.64313725
v 0.01022704 0.00771323 0.02762671 0.54117647 0.42352941 0.64313725
v 0.00898182 0.00908223 0.04235160 0.54117647 0.42352941 0.64313725
v 0.00905637 0.00893733 0.04235160 0.54117647 0.42352941 0.64313725
v -0.01084227 0.01005151 0.02762671 0.54117647 0.42352941 0.64313725
v -0.01247679 0.00960434 0.03761242 0.54117647 0.42352941 0.64313725
v -0.01293788 0.00918465 0.03860840 0.54117647 0.42352941 0.64313725
v -0.01297654 0.00921713 0.03960438 0.54117647 0.42352941 0.64313725
v -0.01252097 0.00971926 0.04059891 0.54117647 0.42352941 0.64313725
v -0.01298758 0.00922212 0.04059891 0.54117647 0.42352941 0.64313725
v -0.01202398 0.01022888 0.04059891 0.54117647 0.42352941 0.64313725
v -0.01111285 0.01107576 0.04235160 0.54117647 0.42352941 0.64313725
v 0.01046725 0.00577465 0.04235160 0.54117647 0.42352941 0.64313725
v 0.01203827 0.00180506 0.04086989 0.54117647 0.42352941 0.64313725
v 0.01209072 0.00211983 0.04020542 0.54117647 0.42352941 0.64313725
v 0.01193887 0.00268692 0.03960438 0.54117647 0.42352941 0.64313725
v 0.01211281 0.00219228 0.03960438 0.54117647 0.42352941 0.64313725
v 0.01212938 0.00225224 0.03860840 0.54117647 0.42352941 0.64313725
v 0.01197752 0.00276186 0.03761242 0.54117647 0.42352941 0.64313725
v 0.01024913 0.00765577 0.02762671 0.54117647 0.42352941 0.64313725
v -0.01212338 0.00841771 0.02762671 0.54117647 0.42352941 0.64313725
v -0.01369164 0.00680140 0.03163800 0.54117647 0.42352941 0.64313725
v -0.01380208 0.00801051 0.03924980 0.54117647 0.42352941 0.64313725
v -0.01383521 0.00807546 0.03991427 0.54117647 0.42352941 0.64313725
v -0.01353426 0.00846018 0.03958996 0.54117647 0.42352941 0.64313725
v -0.01348732 0.00860008 0.04059891 0.54117647 0.42352941 0.64313725
v -0.01251268 0.00970926 0.04235160 0.54117647 0.42352941 0.64313725
v -0.01298758 0.00921713 0.04159489 0.54117647 0.42352941 0.64313725
v -0.01287162 0.00933204 0.04235160 0.54117647 0.42352941 0.64313725
v -0.01348456 0.00861257 0.04159489 0.54117647 0.42352941 0.64313725
v -0.01348180 0.00861757 0.04235160 0.54117647 0.42352941 0.64313725
v -0.01213443 0.01009648 0.04235160 0.54117647 0.42352941 0.64313725
v -0.01201294 0.01021889 0.04235160 0.54117647 0.42352941 0.64313725
v -0.01188869 0.01033880 0.04235160 0.54117647 0.42352941 0.64313725
v 0.01053075 0.00555481 0.04235160 0.54117647 0.42352941 0.64313725
v 0.01192230 0.00151278 0.04151561 0.54117647 0.42352941 0.64313725
v 0.01208244 0.00114055 0.04112933 0.54117647 0.42352941 0.64313725
v 0.01212110 0.00151278 0.04056288 0.54117647 0.42352941 0.64313725
v 0.01220669 0.00157273 0.03960438 0.54117647 0.42352941 0.64313725
v 0.01223982 0.00157273 0.03860840 0.54117647 0.42352941 0.64313725
v 0.01224534 0.00157273 0.03761242 0.54117647 0.42352941 0.64313725
v 0.01213214 0.00226473 0.03761242 0.54117647 0.42352941 0.64313725
v 0.01201618 0.00286679 0.02762671 0.54117647 0.42352941 0.64313725
v -0.01266178 0.00747341 0.02762671 0.54117647 0.42352941 0.64313725
v -0.01386558 0.00513262 0.02762671 0.54117647 0.42352941 0.64313725
v -0.01392632 0.00630426 0.03163800 0.54117647 0.42352941 0.64313725
v -0.01384902 0.00810045 0.04059891 0.54117647 0.42352941 0.64313725
v -0.01553876 0.00449059 0.04235160 0.54117647 0.42352941 0.64313725
v -0.01385730 0.00811543 0.04159489 0.54117647 0.42352941 0.64313725
v -0.01386282 0.00812043 0.04235160 0.54117647 0.42352941 0.64313725
v -0.01298482 0.00921213 0.04235160 0.54117647 0.42352941 0.64313725
v -0.01377171 0.00824034 0.04235160 0.54117647 0.42352941 0.64313725
v 0.01158822 0.00156024 0.04235160 0.54117647 0.42352941 0.64313725
v 0.01208244 0.00101315 0.04112933 0.54117647 0.42352941 0.64313725
v 0.01221497 0.00057846 0.03960438 0.54117647 0.42352941 0.64313725
v 0.01225915 0.00057846 0.03860840 0.54117647 0.42352941 0.64313725
v 0.01227571 0.00057846 0.03761242 0.54117647 0.42352941 0.64313725
v 0.01228400 0.00057846 0.03661645 0.54117647 0.42352941 0.64313725
v 0.01225639 0.00157273 0.02762671 0.54117647 0.42352941 0.64313725
v 0.01225363 0.00160271 0.02762671 0.54117647 0.42352941 0.64313725
v 0.01215147 0.00237465 0.02762671 0.54117647 0.42352941 0.64313725
v 0.01228952 0.00057846 0.03462594 0.54117647 0.42352941 0.64313725
v 0.01201894 0.00285679 0.02762671 0.54117647 0.42352941 0.64313725
v -0.01407818 0.00455804 0.02762671 0.54117647 0.42352941 0.64313725
v -0.01577620 0.00390352 0.04235160 0.54117647 0.42352941 0.64313725
v 0.01155233 0.00059096 0.04235160 0.54117647 0.42352941 0.64313725
v 0.01190574 0.00063842 0.04151561 0.54117647 0.42352941 0.64313725
v 0.01203551 0.00034863 0.04087853 0.54117647 0.42352941 0.64313725
v 0.01212386 0.00063842 0.04056720 0.54117647 0.42352941 0.64313725
v 0.01209349 0.00002137 0.04021407 0.54117647 0.42352941 0.64313725
v 0.01212110 -0.00008105 0.03960438 0.54117647 0.42352941 0.64313725
v 0.01214871 -0.00022095 0.03860840 0.54117647 0.42352941 0.64313725
v 0.01226191 -0.00041830 0.03462594 0.54117647 0.42352941 0.64313725
v 0.01220117 -0.00041830 0.03661645 0.54117647 0.42352941 0.64313725
v 0.01223982 -0.00041830 0.03562047 0.54117647 0.42352941 0.64313725
v 0.01227019 -0.00041830 0.03362996 0.54117647 0.42352941 0.64313725
v 0.01227571 -0.00141507 0.02762671 0.54117647 0.42352941 0.64313725
v 0.01228123 0.00057846 0.02865007 0.54117647 0.42352941 0.64313725
v 0.01227847 0.00060594 0.02762671 0.54117647 0.42352941 0.64313725
v 0.01228400 -0.00041830 0.02765409 0.54117647 0.42352941 0.64313725
v 0.01228400 -0.00041830 0.02762671 0.54117647 0.42352941 0.64313725
v 0.01228400 -0.00039082 0.02762671 0.54117647 0.42352941 0.64313725
v -0.01429630 0.00356377 0.02762671 0.54117647 0.42352941 0.64313725
v -0.01581210 0.00308163 0.04107024 0.54117647 0.42352941 0.64313725
v -0.01583695 0.00321903 0.04159489 0.54117647 0.42352941 0.64313725
v -0.01585351 0.00346884 0.04235160 0.54117647 0.42352941 0.64313725
v 0.01047553 -0.00340611 0.04235160 0.54117647 0.42352941 0.64313725
v 0.01196096 -0.00057819 0.03960438 0.54117647 0.42352941 0.64313725
v 0.01201618 -0.00072058 0.03860840 0.54117647 0.42352941 0.64313725
v 0.01021876 -0.00416805 0.04235160 0.54117647 0.42352941 0.64313725
v 0.01208244 -0.00093543 0.03720740 0.54117647 0.42352941 0.64313725
v 0.01210453 -0.00101287 0.03661645 0.54117647 0.42352941 0.64313725
v 0.01213490 -0.00115277 0.03562047 0.54117647 0.42352941 0.64313725
v 0.01220393 -0.00240934 0.02765409 0.54117647 0.42352941 0.64313725
v 0.01220669 -0.00238186 0.02762671 0.54117647 0.42352941 0.64313725
v 0.01215423 -0.00126768 0.03462594 0.54117647 0.42352941 0.64313725
v -0.01434324 0.00256950 0.02762671 0.54117647 0.42352941 0.64313725
v -0.01580934 0.00256950 0.04107600 0.54117647 0.42352941 0.64313725
v -0.01586180 0.00256950 0.04159489 0.54117647 0.42352941 0.64313725
v -0.01591702 0.00256950 0.04235160 0.54117647 0.42352941 0.64313725
v -0.01434324 0.00254202 0.02762671 0.54117647 0.42352941 0.64313725
v -0.01434048 -0.00041830 0.02762671 0.54117647 0.42352941 0.64313725
v 0.01199685 -0.00164990 0.03562047 0.54117647 0.42352941 0.64313725
v 0.00993437 -0.00466769 0.04235160 0.54117647 0.42352941 0.64313725
v 0.01151919 -0.00440038 0.02762671 0.54117647 0.42352941 0.64313725
v 0.01153024 -0.00438040 0.02762671 0.54117647 0.42352941 0.64313725
v 0.01194715 -0.00352852 0.02762671 0.54117647 0.42352941 0.64313725
v 0.01166277 -0.00240934 0.03562047 0.54117647 0.42352941 0.64313725
v 0.01203827 -0.00176482 0.03462594 0.54117647 0.42352941 0.64313725
v 0.01211005 -0.00302889 0.02765409 0.54117647 0.42352941 0.64313725
v 0.01220393 -0.00240934 0.02762671 0.54117647 0.42352941 0.64313725
v 0.01211281 -0.00301140 0.02762671 0.54117647 0.42352941 0.64313725
v -0.01580658 0.00206987 0.04109618 0.54117647 0.42352941 0.64313725
v -0.01590873 0.00242711 0.04235160 0.54117647 0.42352941 0.64313725
v -0.01425489 -0.00141507 0.02762671 0.54117647 0.42352941 0.64313725
v 0.00943739 -0.00528473 0.04235160 0.54117647 0.42352941 0.64313725
v 0.00912539 -0.00693103 0.03433622 0.54117647 0.42352941 0.64313725
v 0.01001444 -0.00680362 0.02762671 0.54117647 0.42352941 0.64313725
v 0.01210729 -0.00304388 0.02762671 0.54117647 0.42352941 0.64313725
v 0.01211005 -0.00302889 0.02762671 0.54117647 0.42352941 0.64313725
v -0.01583142 0.00197994 0.04159489 0.54117647 0.42352941 0.64313725
v -0.01585627 0.00187002 0.04235160 0.54117647 0.42352941 0.64313725
v -0.01424936 -0.00144006 0.02762671 0.54117647 0.42352941 0.64313725
v 0.00932695 -0.00540465 0.04235160 0.54117647 0.42352941 0.64313725
v 0.00810106 -0.00789532 0.03320764 0.54117647 0.42352941 0.64313725
v 0.00899010 -0.00780538 0.02785877 0.54117647 0.42352941 0.64313725
v 0.00935456 -0.00750311 0.02762671 0.54117647 0.42352941 0.64313725
v 0.00942911 -0.00742816 0.02762671 0.54117647 0.42352941 0.64313725
v 0.00896526 -0.00578187 0.04235160 0.54117647 0.42352941 0.64313725
v 0.00846827 -0.00618158 0.04235160 0.54117647 0.42352941 0.64313725
v 0.00804032 -0.00786034 0.03387211 0.54117647 0.42352941 0.64313725
v -0.01576240 0.00149030 0.04235160 0.54117647 0.42352941 0.64313725
v -0.01399535 -0.00237187 0.02762671 0.54117647 0.42352941 0.64313725
v 0.00869468 -0.00803771 0.02762671 0.54117647 0.42352941 0.64313725
v 0.00659630 -0.00933426 0.02865007 0.54117647 0.42352941 0.64313725
v 0.00822806 -0.00632147 0.04235160 0.54117647 0.42352941 0.64313725
v 0.00615730 -0.00792030 0.04028614 0.54117647 0.42352941 0.64313725
v 0.00544496 -0.00913441 0.03562047 0.54117647 0.42352941 0.64313725
v -0.01572651 0.00137038 0.04235160 0.54117647 0.42352941 0.64313725
v -0.01379932 -0.00287150 0.02762671 0.54117647 0.42352941 0.64313725
v 0.00659354 -0.00942420 0.02762671 0.54117647 0.42352941 0.64313725
v 0.00460561 -0.00959657 0.03562047 0.54117647 0.42352941 0.64313725
v 0.00577076 -0.00976645 0.02865007 0.54117647 0.42352941 0.64313725
v 0.00587844 -0.00981141 0.02762671 0.54117647 0.42352941 0.64313725
v 0.00542563 -0.00793279 0.04235160 0.54117647 0.42352941 0.64313725
v 0.00604134 -0.00785785 0.04095060 0.54117647 0.42352941 0.64313725
v -0.01539518 0.00057846 0.04235160 0.54117647 0.42352941 0.64313725
v -0.01378827 -0.00288649 0.02762671 0.54117647 0.42352941 0.64313725
v -0.01380208 -0.00287650 0.02865007 0.54117647 0.42352941 0.64313725
v 0.00452554 -0.00972398 0.03465908 0.54117647 0.42352941 0.64313725
v 0.00530691 -0.00799525 0.04235160 0.54117647 0.42352941 0.64313725
v 0.00378007 -0.00976395 0.03661645 0.54117647 0.42352941 0.64313725
v 0.00397610 -0.00984389 0.03562047 0.54117647 0.42352941 0.64313725
v 0.00408102 -0.00987387 0.03501366 0.54117647 0.42352941 0.64313725
v 0.00587292 -0.00981141 0.02765409 0.54117647 0.42352941 0.64313725
v 0.00527102 -0.00992883 0.02865007 0.54117647 0.42352941 0.64313725
v 0.00538422 -0.00995381 0.02762671 0.54117647 0.42352941 0.64313725
v -0.01380484 -0.00288400 0.03362996 0.54117647 0.42352941 0.64313725
v -0.01380208 -0.00287400 0.03462594 0.54117647 0.42352941 0.64313725
v -0.01377999 -0.00283153 0.03562047 0.54117647 0.42352941 0.64313725
v -0.01530407 0.00042108 0.04235160 0.54117647 0.42352941 0.64313725
v -0.01380484 -0.00288150 0.03064203 0.54117647 0.42352941 0.64313725
v -0.01337412 -0.00342360 0.02762671 0.54117647 0.42352941 0.64313725
v 0.00460561 -0.00825256 0.04235160 0.54117647 0.42352941 0.64313725
v 0.00293796 -0.00983889 0.03786754 0.54117647 0.42352941 0.64313725
v 0.00315332 -0.00989385 0.03720308 0.54117647 0.42352941 0.64313725
v 0.00328032 -0.00992633 0.03661645 0.54117647 0.42352941 0.64313725
v 0.00347912 -0.00996380 0.03562047 0.54117647 0.42352941 0.64313725
v 0.00369172 -0.00996880 0.03465908 0.54117647 0.42352941 0.64313725
v 0.00535661 -0.00996130 0.02762671 0.54117647 0.42352941 0.64313725
v 0.00518542 -0.00990634 0.02942696 0.54117647 0.42352941 0.64313725
v -0.01251545 -0.00451780 0.02762671 0.54117647 0.42352941 0.64313725
v -0.01250164 -0.00453528 0.02762671 0.54117647 0.42352941 0.64313725
v -0.01337412 -0.00340611 0.03462594 0.54117647 0.42352941 0.64313725
v -0.01334375 -0.00340611 0.03562047 0.54117647 0.42352941 0.64313725
v -0.01497827 -0.00013102 0.04235160 0.54117647 0.42352941 0.64313725
v -0.01316981 -0.00350104 0.03668851 0.54117647 0.42352941 0.64313725
v 0.00436540 -0.00830252 0.04235160 0.54117647 0.42352941 0.64313725
v 0.00261216 -0.00952662 0.03960438 0.54117647 0.42352941 0.64313725
v 0.00260940 -0.00977394 0.03862858 0.54117647 0.42352941 0.64313725
v 0.00227531 -0.00991384 0.03831004 0.54117647 0.42352941 0.64313725
v 0.00260940 -0.00994631 0.03756630 0.54117647 0.42352941 0.64313725
v 0.00261216 -0.01002875 0.03661645 0.54117647 0.42352941 0.64313725
v 0.00360888 -0.01001626 0.03362996 0.54117647 0.42352941 0.64313725
v 0.00261216 -0.01007872 0.03562047 0.54117647 0.42352941 0.64313725
v 0.00457800 -0.01007872 0.02762671 0.54117647 0.42352941 0.64313725
v -0.01201570 -0.00507988 0.02762671 0.54117647 0.42352941 0.64313725
v -0.01289094 -0.00397819 0.03462594 0.54117647 0.42352941 0.64313725
v -0.01288266 -0.00396820 0.03562047 0.54117647 0.42352941 0.64313725
v -0.01285505 -0.00394072 0.03640457 0.54117647 0.42352941 0.64313725
v -0.01371649 -0.00179479 0.04235160 0.54117647 0.42352941 0.64313725
v -0.01281363 -0.00389825 0.03706759 0.54117647 0.42352941 0.64313725
v 0.00360888 -0.00844991 0.04235160 0.54117647 0.42352941 0.64313725
v 0.00337696 -0.00849488 0.04235160 0.54117647 0.42352941 0.64313725
v 0.00261768 -0.00854734 0.04235160 0.54117647 0.42352941 0.64313725
v 0.00161819 -0.00959157 0.03960438 0.54117647 0.42352941 0.64313725
v 0.00180870 -0.00991384 0.03831004 0.54117647 0.42352941 0.64313725
v 0.00161819 -0.01004874 0.03661645 0.54117647 0.42352941 0.64313725
v 0.00161819 -0.01008621 0.03562047 0.54117647 0.42352941 0.64313725
v 0.00261216 -0.01009870 0.03462594 0.54117647 0.42352941 0.64313725
v 0.00358128 -0.01014867 0.02762671 0.54117647 0.42352941 0.64313725
v -0.01099137 -0.00604668 0.02762671 0.54117647 0.42352941 0.64313725
v -0.01223106 -0.00454528 0.03560173 0.54117647 0.42352941 0.64313725
v -0.01179758 -0.00488503 0.03592027 0.54117647 0.42352941 0.64313725
v -0.01241881 -0.00428047 0.03668851 0.54117647 0.42352941 0.64313725
v -0.01359776 -0.00191970 0.04235160 0.54117647 0.42352941 0.64313725
v -0.01270596 -0.00279406 0.04235160 0.54117647 0.42352941 0.64313725
v -0.01321950 -0.00229693 0.04235160 0.54117647 0.42352941 0.64313725
v -0.01172580 -0.00484506 0.03661645 0.54117647 0.42352941 0.64313725
v -0.01046125 -0.00479509 0.04235160 0.54117647 0.42352941 0.64313725
v -0.01057997 -0.00470016 0.04235160 0.54117647 0.42352941 0.64313725
v 0.00235815 -0.00855483 0.04235160 0.54117647 0.42352941 0.64313725
v 0.00153260 -0.00982390 0.03862858 0.54117647 0.42352941 0.64313725
v 0.00159610 -0.00856483 0.04235160 0.54117647 0.42352941 0.64313725
v -0.00160943 -0.00843992 0.04235160 0.54117647 0.42352941 0.64313725
v -0.00236319 -0.00839745 0.04235160 0.54117647 0.42352941 0.64313725
v 0.00114330 -0.00987637 0.03808375 0.54117647 0.42352941 0.64313725
v 0.00153260 -0.00995631 0.03769602 0.54117647 0.42352941 0.64313725
v 0.00098868 -0.00991134 0.03741928 0.54117647 0.42352941 0.64313725
v 0.00077884 -0.00994382 0.03661645 0.54117647 0.42352941 0.64313725
v 0.00052483 -0.00997130 0.03571416 0.54117647 0.42352941 0.64313725
v 0.00062147 -0.01004624 0.03462594 0.54117647 0.42352941 0.64313725
v 0.00161819 -0.01010120 0.03462594 0.54117647 0.42352941 0.64313725
v 0.00062147 -0.01007872 0.03362996 0.54117647 0.42352941 0.64313725
v 0.00261216 -0.01017365 0.02762671 0.54117647 0.42352941 0.64313725
v -0.01027626 -0.00658628 0.02762671 0.54117647 0.42352941 0.64313725
v -0.01183624 -0.00490751 0.03525581 0.54117647 0.42352941 0.64313725
v -0.01024589 -0.00660876 0.02762671 0.54117647 0.42352941 0.64313725
v -0.00983450 -0.00689355 0.02762671 0.54117647 0.42352941 0.64313725
v -0.00944520 -0.00715086 0.02762671 0.54117647 0.42352941 0.64313725
v -0.00940654 -0.00717585 0.02762671 0.54117647 0.42352941 0.64313725
v -0.00853958 -0.00772045 0.02762671 0.54117647 0.42352941 0.64313725
v -0.00913320 -0.00609414 0.03960438 0.54117647 0.42352941 0.64313725
v -0.01008299 -0.00505990 0.04235160 0.54117647 0.42352941 0.64313725
v -0.00260340 -0.00834999 0.04235160 0.54117647 0.42352941 0.64313725
v 0.00013001 -0.00987886 0.03610765 0.54117647 0.42352941 0.64313725
v -0.00335992 -0.00818011 0.04235160 0.54117647 0.42352941 0.64313725
v 0.00001680 -0.00991134 0.03544318 0.54117647 0.42352941 0.64313725
v -0.00010744 -0.00994132 0.03462594 0.54117647 0.42352941 0.64313725
v -0.00144377 -0.00995880 0.03068815 0.54117647 0.42352941 0.64313725
v -0.00136923 -0.01001376 0.02964605 0.54117647 0.42352941 0.64313725
v 0.00161819 -0.01017615 0.02762671 0.54117647 0.42352941 0.64313725
v 0.00062147 -0.01009371 0.03263398 0.54117647 0.42352941 0.64313725
v 0.00062147 -0.01016865 0.02762671 0.54117647 0.42352941 0.64313725
v -0.00037526 -0.01012618 0.02762671 0.54117647 0.42352941 0.64313725
v -0.00136923 -0.01006373 0.02762671 0.54117647 0.42352941 0.64313725
v -0.01025970 -0.00659877 0.02762671 0.54117647 0.42352941 0.64313725
v -0.00804260 -0.00798026 0.02762671 0.54117647 0.42352941 0.64313725
v -0.00833803 -0.00647136 0.03960438 0.54117647 0.42352941 0.64313725
v -0.00833803 -0.00631897 0.04059891 0.54117647 0.42352941 0.64313725
v -0.00900343 -0.00599921 0.04059891 0.54117647 0.42352941 0.64313725
v -0.00757047 -0.00630149 0.04235160 0.54117647 0.42352941 0.64313725
v -0.00182479 -0.00987137 0.03104993 0.54117647 0.42352941 0.64313725
v -0.00283809 -0.00987637 0.02762671 0.54117647 0.42352941 0.64313725
v -0.00351453 -0.00812265 0.04235160 0.54117647 0.42352941 0.64313725
v -0.00192419 -0.00989885 0.03038691 0.54117647 0.42352941 0.64313725
v -0.00242393 -0.00994881 0.02762671 0.54117647 0.42352941 0.64313725
v -0.00239908 -0.00995131 0.02764545 0.54117647 0.42352941 0.64313725
v -0.00139684 -0.01006123 0.02762671 0.54117647 0.42352941 0.64313725
v -0.00396734 -0.00795028 0.04235160 0.54117647 0.42352941 0.64313725
f 494 495 496
f 494 496 497
f 494 497 498
f 494 498 499
f 494 499 500
f 494 500 501
f 494 501 502
f 494 502 503
f 494 503 512
f 494 512 511
f 494 511 524
f 494 524 534
f 494 534 546
f 494 546 557
f 494 557 565
f 494 565 575
f 494 575 590
f 494 590 612
f 494 612 611
f 494 611 610
f 494 610 605
f 494 605 607
f 494 607 629
f 494 629 609
f 494 609 630
f 494 630 628
f 494 628 626
f 494 626 643
f 494 643 664
f 494 664 678
f 494 678 692
f 494 692 700
f 494 700 710
f 494 710 717
f 494 717 725
f 494 725 739
f 494 739 754
f 494 754 769
f 494 769 784
f 494 784 786
f 494 786 785
f 494 785 789
f 494 789 788
f 494 788 812
f 494 812 830
f 494 830 838
f 494 838 833
f 494 833 815
f 494 815 813
f 494 813 794
f 494 794 793
f 494 793 792
f 494 792 790
f 494 790 773
f 494 773 772
f 494 772 771
f 494 771 756
f 494 756 742
f 494 742 729
f 494 729 723
f 494 723 714
f 494 714 708
f 494 708 707
f 494 707 702
f 494 702 694
f 494 694 682
f 494 682 668
f 494 668 665
f 494 665 644
f 494 644 631
f 494 631 613
f 494 613 591
f 494 591 578
f 494 578 577
f 494 577 582
f 494 582 581
f 494 581 576
f 494 576 566
f 494 566 558
f 494 558 547
f 494 547 535
f 494 535 525
f 494 525 513
f 494 513 504
f 494 504 495
f 495 504 505
f 495 505 496
f 496 505 506
f 496 506 497
f 497 506 518
f 497 518 528
f 497 528 516
f 497 516 515
f 497 515 527
f 497 527 539
f 497 539 538
f 497 538 537
f 497 537 536
f 497 536 540
f 497 540 549
f 497 549 559
f 497 559 567
f 497 567 580
f 497 580 598
f 497 598 621
f 497 621 641
f 497 641 639
f 497 639 638
f 497 638 637
f 497 637 657
f 497 657 660
f 497 660 659
f 497 659 655
f 497 655 673
f 497 673 689
f 497 689 690
f 497 690 698
f 497 698 697
f 497 697 685
f 497 685 684
f 497 684 683
f 497 683 696
f 497 696 706
f 497 706 705
f 497 705 712
f 497 712 719
f 497 719 722
f 497 722 735
f 497 735 748
f 497 748 764
f 497 764 779
f 497 779 803
f 497 803 820
f 497 820 822
f 497 822 823
f 497 823 824
f 497 824 837
f 497 837 835
f 497 835 832
f 497 832 826
f 497 826 810
f 497 810 809
f 497 809 808
f 497 808 807
f 497 807 806
f 497 806 825
f 497 825 804
f 497 804 780
f 497 780 765
f 497 765 751
f 497 751 750
f 497 750 741
f 497 741 726
f 497 726 718
f 497 718 711
f 497 711 701
f 497 701 693
f 497 693 680
f 497 680 679
f 497 679 675
f 497 675 661
f 497 661 642
f 497 642 623
f 497 623 622
f 497 622 599
f 497 599 583
f 497 583 568
f 497 568 560
f 497 560 554
f 497 554 553
f 497 553 552
f 497 552 551
f 497 551 550
f 497 550 542
f 497 542 541
f 497 541 529
f 497 529 519
f 497 519 507
f 497 507 500
f 497 500 499
f 497 499 498
f 500 507 508
f 500 508 501
f 501 508 509
f 501 509 510
f 501 510 511
f 501 511 512
f 501 512 503
f 501 503 502
f 504 513 514
f 504 514 505
f 505 515 516
f 505 516 517
f 505 517 518
f 505 518 506
f 505 514 515
f 507 519 508
f 508 519 520
f 508 520 521
f 508 521 510
f 508 510 509
f 510 521 522
f 510 522 523
f 510 523 524
f 510 524 511
f 513 525 514
f 514 525 526
f 514 526 527
f 514 527 515
f 516 528 517
f 517 528 518
f 519 529 521
f 519 521 520
f 521 529 530
f 521 530 531
f 521 531 532
f 521 532 522
f 522 532 523
f 523 533 534
f 523 534 524
f 523 532 531
f 523 531 533
f 525 535 526
f 526 536 537
f 526 537 538
f 526 538 539
f 526 539 527
f 526 535 548
f 526 548 540
f 526 540 536
f 529 541 530
f 530 541 542
f 530 542 543
f 530 543 531
f 531 543 533
f 533 543 534
f 534 543 544
f 534 544 545
f 534 545 546
f 535 547 548
f 540 548 549
f 542 550 543
f 543 550 544
f 544 550 551
f 544 551 552
f 544 552 553
f 544 553 554
f 544 554 545
f 545 554 555
f 545 555 556
f 545 556 557
f 545 557 546
f 547 558 548
f 548 558 549
f 549 558 559
f 554 560 556
f 554 556 555
f 556 561 562
f 556 562 563
f 556 563 564
f 556 564 557
f 556 560 561
f 557 564 565
f 558 566 559
f 559 566 576
f 559 576 567
f 560 568 569
f 560 569 561
f 561 569 562
f 562 569 570
f 562 570 571
f 562 571 572
f 562 572 563
f 563 573 574
f 563 574 564
f 563 572 573
f 564 574 575
f 564 575 565
f 567 577 578
f 567 578 579
f 567 579 580
f 567 576 581
f 567 581 582
f 567 582 577
f 568 583 569
f 569 584 570
f 569 583 584
f 570 584 585
f 570 585 586
f 570 586 571
f 571 587 572
f 571 586 588
f 571 588 587
f 572 589 575
f 572 575 573
f 572 587 589
f 573 575 574
f 575 589 590
f 578 591 592
f 578 592 593
f 578 593 594
f 578 594 579
f 579 594 595
f 579 595 596
f 579 596 597
f 579 597 598
f 579 598 580
f 583 599 585
f 583 585 584
f 585 599 600
f 585 600 601
f 585 601 602
f 585 602 603
f 585 603 586
f 586 603 604
f 586 604 588
f 587 605 589
f 587 588 606
f 587 606 607
f 587 607 605
f 588 604 608
f 588 608 609
f 588 609 606
f 589 605 610
f 589 610 611
f 589 611 612
f 589 612 590
f 591 613 592
f 592 614 615
f 592 615 616
f 592 616 593
f 592 613 614
f 593 616 617
f 593 617 595
f 593 595 594
f 595 617 618
f 595 618 596
f 596 618 619
f 596 619 620
f 596 620 621
f 596 621 597
f 597 621 598
f 599 622 600
f 600 623 624
f 600 624 602
f 600 602 601
f 600 622 623
f 602 625 604
f 602 604 603
f 602 624 626
f 602 626 625
f 604 625 627
f 604 627 628
f 604 628 608
f 606 629 607
f 606 609 629
f 608 628 630
f 608 630 609
f 613 631 614
f 614 631 615
f 615 631 632
f 615 632 633
f 615 633 617
f 615 617 616
f 617 633 634
f 617 634 618
f 618 634 635
f 618 635 636
f 618 636 619
f 619 637 638
f 619 638 639
f 619 639 620
f 619 636 640
f 619 640 637
f 620 639 641
f 620 641 621
f 623 642 624
f 624 642 643
f 624 643 626
f 625 626 627
f 626 628 627
f 631 644 632
f 632 645 646
f 632 646 647
f 632 647 633
f 632 644 645
f 633 647 648
f 633 648 649
f 633 649 650
f 633 650 634
f 634 651 635
f 634 650 652
f 634 652 653
f 634 653 651
f 635 651 654
f 635 654 636
f 636 654 655
f 636 655 640
f 637 640 656
f 637 656 657
f 640 655 658
f 640 658 659
f 640 659 660
f 640 660 656
f 642 661 643
f 643 662 663
f 643 663 664
f 643 661 662
f 644 665 645
f 645 665 646
f 646 648 647
f 646 665 648
f 648 666 667
f 648 667 649
f 648 665 668
f 648 668 666
f 649 667 669
f 649 669 670
f 649 670 671
f 649 671 650
f 650 671 652
f 651 655 654
f 651 653 672
f 651 672 673
f 651 673 655
f 652 671 653
f 653 671 674
f 653 674 672
f 655 659 658
f 656 660 657
f 661 675 662
f 662 676 677
f 662 677 678
f 662 678 663
f 662 675 679
f 662 679 680
f 662 680 676
f 663 678 664
f 666 681 667
f 666 668 681
f 667 681 669
f 668 682 683
f 668 683 684
f 668 684 685
f 668 685 686
f 668 686 681
f 669 681 670
f 670 681 687
f 670 687 671
f 671 687 688
f 671 688 674
f 672 689 673
f 672 674 688
f 672 688 690
f 672 690 689
f 676 691 677
f 676 680 691
f 677 691 678
f 678 691 692
f 680 693 691
f 681 685 687
f 681 686 685
f 682 694 695
f 682 695 696
f 682 696 683
f 685 697 687
f 687 697 688
f 688 697 698
f 688 698 690
f 691 699 692
f 691 693 699
f 692 699 700
f 693 701 700
f 693 700 699
f 694 702 695
f 695 703 704
f 695 704 705
f 695 705 706
f 695 706 696
f 695 702 707
f 695 707 708
f 695 708 709
f 695 709 703
f 700 701 710
f 701 711 710
f 703 712 704
f 703 709 713
f 703 713 712
f 704 712 705
f 708 714 715
f 708 715 716
f 708 716 709
f 709 716 713
f 710 711 717
f 711 718 717
f 712 713 719
f 713 716 720
f 713 720 721
f 713 721 722
f 713 722 719
f 714 723 724
f 714 724 715
f 715 724 723
f 715 723 720
f 715 720 716
f 717 718 725
f 718 726 727
f 718 727 725
f 720 728 721
f 720 723 729
f 720 729 730
f 720 730 731
f 720 731 732
f 720 732 728
f 721 728 732
f 721 732 733
f 721 733 722
f 722 733 734
f 722 734 735
f 725 736 737
f 725 737 738
f 725 738 739
f 725 727 740
f 725 740 736
f 726 741 727
f 727 741 740
f 729 742 743
f 729 743 744
f 729 744 730
f 730 744 731
f 731 744 745
f 731 745 732
f 732 745 746
f 732 746 747
f 732 747 748
f 732 748 734
f 732 734 749
f 732 749 733
f 733 749 734
f 734 748 735
f 736 750 751
f 736 751 752
f 736 752 737
f 736 740 750
f 737 752 753
f 737 753 738
f 738 754 739
f 738 753 755
f 738 755 754
f 740 741 750
f 742 756 757
f 742 757 758
f 742 758 743
f 743 758 759
f 743 759 744
f 744 759 760
f 744 760 745
f 745 760 761
f 745 761 746
f 746 762 747
f 746 761 763
f 746 763 762
f 747 762 764
f 747 764 748
f 751 765 766
f 751 766 752
f 752 766 767
f 752 767 753
f 753 767 768
f 753 768 755
f 754 755 769
f 755 768 770
f 755 770 769
f 756 771 757
f 757 759 758
f 757 771 772
f 757 772 773
f 757 773 774
f 757 774 759
f 759 775 776
f 759 776 761
f 759 761 760
f 759 774 775
f 761 776 763
f 762 763 764
f 763 776 777
f 763 777 778
f 763 778 764
f 764 778 779
f 765 780 767
f 765 767 766
f 767 780 781
f 767 781 768
f 768 781 782
f 768 782 783
f 768 783 770
f 769 770 784
f 770 785 786
f 770 786 784
f 770 783 787
f 770 787 788
f 770 788 789
f 770 789 785
f 773 790 774
f 774 791 775
f 774 790 792
f 774 792 793
f 774 793 794
f 774 794 791
f 775 791 795
f 775 795 796
f 775 796 776
f 776 796 797
f 776 797 798
f 776 798 799
f 776 799 800
f 776 800 777
f 777 801 778
f 777 800 802
f 777 802 801
f 778 801 820
f 778 820 803
f 778 803 779
f 780 804 805
f 780 805 781
f 781 805 782
f 782 787 783
f 782 805 806
f 782 806 807
f 782 807 808
f 782 808 809
f 782 809 810
f 782 810 811
f 782 811 787
f 787 811 812
f 787 812 788
f 791 794 795
f 794 813 795
f 795 814 797
f 795 797 796
f 795 813 815
f 795 815 814
f 797 814 798
f 798 814 816
f 798 816 799
f 799 816 817
f 799 817 800
f 800 817 818
f 800 818 819
f 800 819 802
f 801 802 821
f 801 821 822
f 801 822 820
f 802 823 821
f 802 819 824
f 802 824 823
f 804 825 805
f 805 825 806
f 810 826 811
f 811 826 827
f 811 827 828
f 811 828 829
f 811 829 812
f 812 829 830
f 814 815 831
f 814 831 816
f 815 832 831
f 815 833 826
f 815 826 832
f 816 831 834
f 816 834 817
f 817 834 818
f 818 834 835
f 818 835 819
f 819 835 836
f 819 836 837
f 819 837 824
f 821 823 822
f 826 833 838
f 826 838 827
f 827 838 828
f 828 830 829
f 828 838 830
f 831 832 834
f 832 835 834
f 835 837 836

o geometry_2
v -0.01435061 0.00256735 0.02366949 0.43529412 0.89019608 0.96078431
v -0.01434507 0.00253946 0.02762671 0.43529412 0.89019608 0.96078431
v -0.01434507 0.00256735 0.02762671 0.43529412 0.89019608 0.96078431
v -0.01429804 0.00353487 0.02762671 0.43529412 0.89019608 0.96078431
v -0.01429250 0.00356275 0.02366949 0.43529412 0.89019608 0.96078431
v -0.01434784 0.00256735 0.02267288 0.43529412 0.89019608 0.96078431
v -0.01434507 0.00057933 0.00774133 0.43529412 0.89019608 0.96078431
v -0.01434784 -0.00141427 0.01869036 0.43529412 0.89019608 0.96078431
v -0.01434784 -0.00141427 0.02068162 0.43529412 0.89019608 0.96078431
v -0.01434231 -0.00041887 0.02665736 0.43529412 0.89019608 0.96078431
v -0.01433954 -0.00044396 0.02762671 0.43529412 0.89019608 0.96078431
v -0.01429527 0.00356275 0.02762671 0.43529412 0.89019608 0.96078431
v -0.01407945 0.00455815 0.02762671 0.43529412 0.89019608 0.96078431
v -0.01428973 0.00356275 0.02267288 0.43529412 0.89019608 0.96078431
v -0.01432294 0.00157194 0.00774133 0.43529412 0.89019608 0.96078431
v -0.01434231 -0.00240967 0.00774133 0.43529412 0.89019608 0.96078431
v -0.01433124 -0.00240967 0.01968696 0.43529412 0.89019608 0.96078431
v -0.01432017 -0.00240967 0.02068162 0.43529412 0.89019608 0.96078431
v -0.01425653 -0.00141427 0.02762671 0.43529412 0.89019608 0.96078431
v -0.01406838 0.00455815 0.02366949 0.43529412 0.89019608 0.96078431
v -0.01386363 0.00513253 0.02762671 0.43529412 0.89019608 0.96078431
v -0.01385810 0.00512696 0.02366949 0.43529412 0.89019608 0.96078431
v -0.01406285 0.00455815 0.02267288 0.43529412 0.89019608 0.96078431
v -0.01416799 0.00256735 0.00774133 0.43529412 0.89019608 0.96078431
v -0.01429527 -0.00340508 0.00774133 0.43529412 0.89019608 0.96078431
v -0.01418736 -0.00340508 0.01968696 0.43529412 0.89019608 0.96078431
v -0.01416246 -0.00340508 0.02068162 0.43529412 0.89019608 0.96078431
v -0.01399644 -0.00237343 0.02762671 0.43529412 0.89019608 0.96078431
v -0.01385533 0.00512138 0.02267288 0.43529412 0.89019608 0.96078431
v -0.01266003 0.00747466 0.02762671 0.43529412 0.89019608 0.96078431
v -0.01383873 0.00509350 0.02189429 0.43529412 0.89019608 0.96078431
v -0.01393004 0.00329229 0.00774133 0.43529412 0.89019608 0.96078431
v -0.01410712 -0.00440048 0.00774133 0.43529412 0.89019608 0.96078431
v -0.01394111 -0.00416348 0.01968696 0.43529412 0.89019608 0.96078431
v -0.01392727 -0.00413281 0.02068162 0.43529412 0.89019608 0.96078431
v -0.01409328 -0.00340508 0.02167822 0.43529412 0.89019608 0.96078431
v -0.01380553 -0.00285579 0.02762671 0.43529412 0.89019608 0.96078431
v -0.01388300 -0.00404359 0.02167822 0.43529412 0.89019608 0.96078431
v -0.01259916 0.00754715 0.02665736 0.43529412 0.89019608 0.96078431
v -0.01210665 0.00840315 0.02665736 0.43529412 0.89019608 0.96078431
v -0.01212325 0.00841709 0.02762671 0.43529412 0.89019608 0.96078431
v -0.01239718 0.00655175 0.00873404 0.43529412 0.89019608 0.96078431
v -0.01230864 0.00655175 0.00774133 0.43529412 0.89019608 0.96078431
v -0.01388853 -0.00502784 0.00774133 0.43529412 0.89019608 0.96078431
v -0.01367272 -0.00466258 0.01968696 0.43529412 0.89019608 0.96078431
v -0.01365611 -0.00462912 0.02068162 0.43529412 0.89019608 0.96078431
v -0.01361461 -0.00453989 0.02167822 0.43529412 0.89019608 0.96078431
v -0.01379999 -0.00286973 0.02762671 0.43529412 0.89019608 0.96078431
v -0.01207622 0.00837247 0.02566075 0.43529412 0.89019608 0.96078431
v -0.01197661 0.00722372 0.00873404 0.43529412 0.89019608 0.96078431
v -0.01083388 0.01004264 0.02606562 0.43529412 0.89019608 0.96078431
v -0.01085325 0.01003706 0.02762671 0.43529412 0.89019608 0.96078431
v -0.01083941 0.01004821 0.02665736 0.43529412 0.89019608 0.96078431
v -0.01192680 0.00717353 0.00774133 0.43529412 0.89019608 0.96078431
v -0.01354544 -0.00552693 0.00774133 0.43529412 0.89019608 0.96078431
v -0.01217582 -0.00733093 0.01371317 0.43529412 0.89019608 0.96078431
v -0.01311657 -0.00525647 0.02167822 0.43529412 0.89019608 0.96078431
v -0.01303079 -0.00517840 0.02267288 0.43529412 0.89019608 0.96078431
v -0.01378893 -0.00288646 0.02762671 0.43529412 0.89019608 0.96078431
v -0.01099436 0.00822470 0.00774133 0.43529412 0.89019608 0.96078431
v -0.01149517 0.00766705 0.00774133 0.43529412 0.89019608 0.96078431
v -0.01081174 0.01001754 0.02540187 0.43529412 0.89019608 0.96078431
v -0.01033030 0.01052779 0.02665736 0.43529412 0.89019608 0.96078431
v -0.00981289 0.01101294 0.02665736 0.43529412 0.89019608 0.96078431
v -0.01042161 0.01040789 0.02570357 0.43529412 0.89019608 0.96078431
v -0.01084218 0.01005100 0.02762671 0.43529412 0.89019608 0.96078431
v -0.01082834 0.01006494 0.02762671 0.43529412 0.89019608 0.96078431
v -0.01033030 0.01053616 0.02762671 0.43529412 0.89019608 0.96078431
v -0.00981842 0.01101852 0.02762671 0.43529412 0.89019608 0.96078431
v -0.01305016 -0.00612919 0.00774133 0.43529412 0.89019608 0.96078431
v -0.01085325 -0.00891465 0.00997590 0.43529412 0.89019608 0.96078431
v -0.01086985 -0.00893138 0.01072530 0.43529412 0.89019608 0.96078431
v -0.01179952 -0.00785791 0.01271656 0.43529412 0.89019608 0.96078431
v -0.01217029 -0.00735881 0.01271656 0.43529412 0.89019608 0.96078431
v -0.01175525 -0.00783003 0.01371317 0.43529412 0.89019608 0.96078431
v -0.01269323 -0.00575557 0.02167822 0.43529412 0.89019608 0.96078431
v -0.01263513 -0.00567471 0.02267288 0.43529412 0.89019608 0.96078431
v -0.01249955 -0.00453711 0.02762671 0.43529412 0.89019608 0.96078431
v -0.01290628 -0.00402128 0.02762671 0.43529412 0.89019608 0.96078431
v -0.01337389 -0.00342460 0.02762671 0.43529412 0.89019608 0.96078431
v -0.01254659 -0.00552693 0.02366949 0.43529412 0.89019608 0.96078431
v -0.01051292 0.00871822 0.00774133 0.43529412 0.89019608 0.96078431
v -0.00850691 0.01071739 0.00774133 0.43529412 0.89019608 0.96078431
v -0.00902986 0.01022108 0.00774133 0.43529412 0.89019608 0.96078431
v -0.00953067 0.00971641 0.00774133 0.43529412 0.89019608 0.96078431
v -0.00932038 0.01138936 0.02762671 0.43529412 0.89019608 0.96078431
v -0.00931485 0.01137542 0.02665736 0.43529412 0.89019608 0.96078431
v -0.00978245 0.01099343 0.02566075 0.43529412 0.89019608 0.96078431
v -0.00800610 0.01118024 0.00774133 0.43529412 0.89019608 0.96078431
v -0.01012832 -0.00923251 0.00774133 0.43529412 0.89019608 0.96078431
v -0.00981842 -0.00986823 0.00829997 0.43529412 0.89019608 0.96078431
v -0.00987653 -0.00991563 0.00896372 0.43529412 0.89019608 0.96078431
v -0.00989590 -0.00993236 0.00972870 0.43529412 0.89019608 0.96078431
v -0.01085325 -0.00890908 0.01172191 0.43529412 0.89019608 0.96078431
v -0.01213709 -0.00617659 0.02267288 0.43529412 0.89019608 0.96078431
v -0.01083111 -0.00888677 0.01223189 0.43529412 0.89019608 0.96078431
v -0.01204855 -0.00610131 0.02366949 0.43529412 0.89019608 0.96078431
v -0.01193234 -0.00599536 0.02466609 0.43529412 0.89019608 0.96078431
v -0.01185486 -0.00592286 0.02525199 0.43529412 0.89019608 0.96078431
v -0.01201534 -0.00507803 0.02762671 0.43529412 0.89019608 0.96078431
v -0.00601947 0.01314595 0.02762671 0.43529412 0.89019608 0.96078431
v -0.00600287 0.01313201 0.02267288 0.43529412 0.89019608 0.96078431
v -0.00734482 0.01160684 0.00774133 0.43529412 0.89019608 0.96078431
v -0.00928441 0.01133917 0.02566075 0.43529412 0.89019608 0.96078431
v -0.00597797 0.01311249 0.02167822 0.43529412 0.89019608 0.96078431
v -0.00960814 -0.00972603 0.00774133 0.43529412 0.89019608 0.96078431
v -0.00911563 -0.01006062 0.00774133 0.43529412 0.89019608 0.96078431
v -0.00830493 -0.01056530 0.00774133 0.43529412 0.89019608 0.96078431
v -0.00795353 -0.01092777 0.00807612 0.43529412 0.89019608 0.96078431
v -0.00854288 -0.01072701 0.00873404 0.43529412 0.89019608 0.96078431
v -0.00942552 -0.01018331 0.00867175 0.43529412 0.89019608 0.96078431
v -0.00987376 -0.00991006 0.01043333 0.43529412 0.89019608 0.96078431
v -0.00933422 -0.01026695 0.00972870 0.43529412 0.89019608 0.96078431
v -0.01150623 -0.00667290 0.02267288 0.43529412 0.89019608 0.96078431
v -0.01022239 -0.00662550 0.02762671 0.43529412 0.89019608 0.96078431
v -0.01027773 -0.00658647 0.02762671 0.43529412 0.89019608 0.96078431
v -0.01099159 -0.00604834 0.02762671 0.43529412 0.89019608 0.96078431
v -0.01148963 -0.00557712 0.02762671 0.43529412 0.89019608 0.96078431
v -0.00534988 0.01346660 0.02762671 0.43529412 0.89019608 0.96078431
v -0.00534988 0.01344987 0.02366949 0.43529412 0.89019608 0.96078431
v -0.00534988 0.01343593 0.02267288 0.43529412 0.89019608 0.96078431
v -0.00418225 0.01321566 0.00774133 0.43529412 0.89019608 0.96078431
v -0.00534988 0.01339690 0.02167822 0.43529412 0.89019608 0.96078431
v -0.00738909 -0.01111179 0.00774133 0.43529412 0.89019608 0.96078431
v -0.00423482 -0.01263696 0.00774133 0.43529412 0.89019608 0.96078431
v -0.00804484 -0.01096680 0.00873404 0.43529412 0.89019608 0.96078431
v -0.00851245 -0.01071307 0.00972870 0.43529412 0.89019608 0.96078431
v -0.00801441 -0.01095565 0.00972870 0.43529412 0.89019608 0.96078431
v -0.00977969 -0.00985987 0.01109708 0.43529412 0.89019608 0.96078431
v -0.01100819 -0.00701865 0.02267288 0.43529412 0.89019608 0.96078431
v -0.00983226 -0.00689317 0.02762671 0.43529412 0.89019608 0.96078431
v -0.00228692 0.01484957 0.02762671 0.43529412 0.89019608 0.96078431
v -0.00336325 0.01356140 0.00774133 0.43529412 0.89019608 0.96078431
v -0.00375061 -0.01284329 0.00774133 0.43529412 0.89019608 0.96078431
v -0.00791203 -0.01091104 0.01039245 0.43529412 0.89019608 0.96078431
v -0.00871720 -0.00782724 0.02665736 0.43529412 0.89019608 0.96078431
v -0.00984333 -0.00789415 0.02220378 0.43529412 0.89019608 0.96078431
v -0.00940616 -0.00717758 0.02762671 0.43529412 0.89019608 0.96078431
v -0.00225095 0.01486351 0.02762671 0.43529412 0.89019608 0.96078431
v -0.00236716 0.01376494 0.00774133 0.43529412 0.89019608 0.96078431
v -0.00220391 0.01488024 0.02762671 0.43529412 0.89019608 0.96078431
v -0.00182762 0.01500850 0.02762671 0.43529412 0.89019608 0.96078431
v -0.00332728 -0.01293531 0.00774133 0.43529412 0.89019608 0.96078431
v -0.00195489 -0.01289348 0.01149417 0.43529412 0.89019608 0.96078431
v -0.00183038 -0.01286002 0.01215792 0.43529412 0.89019608 0.96078431
v -0.00712346 -0.01100584 0.01172191 0.43529412 0.89019608 0.96078431
v -0.00804207 -0.00798059 0.02762671 0.43529412 0.89019608 0.96078431
v -0.00854012 -0.00772128 0.02762671 0.43529412 0.89019608 0.96078431
v -0.00113036 0.01506984 0.02665736 0.43529412 0.89019608 0.96078431
v -0.00010107 0.01506705 0.02366949 0.43529412 0.89019608 0.96078431
v 0.00002621 0.01504196 0.02297459 0.43529412 0.89019608 0.96078431
v -0.00137108 0.01381234 0.00774133 0.43529412 0.89019608 0.96078431
v -0.00147345 0.01506705 0.02762671 0.43529412 0.89019608 0.96078431
v -0.00236439 -0.01310260 0.00774133 0.43529412 0.89019608 0.96078431
v -0.00144578 -0.01295203 0.01178419 0.43529412 0.89019608 0.96078431
v -0.00114696 -0.01292136 0.01271656 0.43529412 0.89019608 0.96078431
v -0.00094221 -0.01288791 0.01333555 0.43529412 0.89019608 0.96078431
v -0.00283753 -0.00987660 0.02762671 0.43529412 0.89019608 0.96078431
v -0.00475500 -0.00985987 0.02401012 0.43529412 0.89019608 0.96078431
v -0.00136554 0.01508378 0.02762671 0.43529412 0.89019608 0.96078431
v -0.00037223 0.01511724 0.02566075 0.43529412 0.89019608 0.96078431
v 0.00062109 0.01516186 0.02466609 0.43529412 0.89019608 0.96078431
v 0.00062109 0.01511724 0.02366949 0.43529412 0.89019608 0.96078431
v 0.00260773 0.01380956 0.00774133 0.43529412 0.89019608 0.96078431
v -0.00136831 -0.01324480 0.00774133 0.43529412 0.89019608 0.96078431
v -0.00037223 -0.01302174 0.01271656 0.43529412 0.89019608 0.96078431
v -0.00037776 -0.01294088 0.01368592 0.43529412 0.89019608 0.96078431
v -0.00005403 -0.01290742 0.01448009 0.43529412 0.89019608 0.96078431
v 0.00017839 -0.01285723 0.01514384 0.43529412 0.89019608 0.96078431
v -0.00037223 -0.01121496 0.02366949 0.43529412 0.89019608 0.96078431
v 0.00062109 -0.01122611 0.02466609 0.43529412 0.89019608 0.96078431
v -0.00239760 -0.00995188 0.02762671 0.43529412 0.89019608 0.96078431
v -0.00037223 0.01516743 0.02762671 0.43529412 0.89019608 0.96078431
v -0.00037223 0.01515070 0.02665736 0.43529412 0.89019608 0.96078431
v 0.00062109 0.01517858 0.02566075 0.43529412 0.89019608 0.96078431
v 0.00161718 0.01513397 0.02566075 0.43529412 0.89019608 0.96078431
v 0.00142349 0.01506427 0.02366949 0.43529412 0.89019608 0.96078431
v 0.00122981 0.01503638 0.02297264 0.43529412 0.89019608 0.96078431
v 0.00360381 0.01372033 0.00774133 0.43529412 0.89019608 0.96078431
v -0.00037223 -0.01330335 0.00774133 0.43529412 0.89019608 0.96078431
v 0.00062109 -0.01305520 0.01371317 0.43529412 0.89019608 0.96078431
v 0.00055469 -0.01296319 0.01477012 0.43529412 0.89019608 0.96078431
v 0.00084244 -0.01291579 0.01549421 0.43529412 0.89019608 0.96078431
v 0.00161718 -0.01286002 0.01616575 0.43529412 0.89019608 0.96078431
v 0.00161718 -0.01129582 0.02466609 0.43529412 0.89019608 0.96078431
v 0.00161718 -0.01103651 0.02552450 0.43529412 0.89019608 0.96078431
v 0.00062109 -0.01099469 0.02542717 0.43529412 0.89019608 0.96078431
v -0.00139598 -0.01006062 0.02762671 0.43529412 0.89019608 0.96078431
v 0.00062109 0.01517580 0.02762671 0.43529412 0.89019608 0.96078431
v 0.00062109 0.01518137 0.02665736 0.43529412 0.89019608 0.96078431
v 0.00161718 0.01515349 0.02762671 0.43529412 0.89019608 0.96078431
v 0.00161718 0.01515070 0.02665736 0.43529412 0.89019608 0.96078431
v 0.00233657 0.01506984 0.02665736 0.43529412 0.89019608 0.96078431
v 0.00226740 0.01505590 0.02566075 0.43529412 0.89019608 0.96078431
v 0.00218716 0.01503638 0.02489967 0.43529412 0.89019608 0.96078431
v 0.00169465 0.01508378 0.02460770 0.43529412 0.89019608 0.96078431
v 0.00207925 0.01501129 0.02423592 0.43529412 0.89019608 0.96078431
v 0.00459989 0.01344430 0.00774133 0.43529412 0.89019608 0.96078431
v 0.00161718 -0.01329778 0.00774133 0.43529412 0.89019608 0.96078431
v 0.00161718 -0.01309145 0.01371317 0.43529412 0.89019608 0.96078431
v 0.00161718 -0.01305241 0.01470783 0.43529412 0.89019608 0.96078431
v 0.00161718 -0.01294367 0.01566745 0.43529412 0.89019608 0.96078431
v 0.00236701 -0.01291858 0.01553314 0.43529412 0.89019608 0.96078431
v 0.00261326 -0.01128466 0.02466609 0.43529412 0.89019608 0.96078431
v 0.00261326 -0.01102814 0.02550503 0.43529412 0.89019608 0.96078431
v 0.00261326 -0.01017215 0.02762671 0.43529412 0.89019608 0.96078431
v 0.00161718 -0.01017494 0.02762671 0.43529412 0.89019608 0.96078431
v 0.00062109 -0.01016936 0.02762671 0.43529412 0.89019608 0.96078431
v -0.00037223 -0.01012754 0.02762671 0.43529412 0.89019608 0.96078431
v -0.00136831 -0.01006341 0.02762671 0.43529412 0.89019608 0.96078431
v 0.00064876 0.01517580 0.02762671 0.43529412 0.89019608 0.96078431
v 0.00235870 0.01507263 0.02762671 0.43529412 0.89019608 0.96078431
v 0.00284291 0.01495553 0.02762671 0.43529412 0.89019608 0.96078431
v 0.00283184 0.01494158 0.02665736 0.43529412 0.89019608 0.96078431
v 0.00276544 0.01491649 0.02566075 0.43529412 0.89019608 0.96078431
v 0.00526672 0.01314038 0.00774133 0.43529412 0.89019608 0.96078431
v 0.00360934 0.01460142 0.02665736 0.43529412 0.89019608 0.96078431
v 0.00261326 -0.01328662 0.00774133 0.43529412 0.89019608 0.96078431
v 0.00261326 -0.01304683 0.01371317 0.43529412 0.89019608 0.96078431
v 0.00266583 -0.01296040 0.01473703 0.43529412 0.89019608 0.96078431
v 0.00321368 -0.01289627 0.01442559 0.43529412 0.89019608 0.96078431
v 0.00303106 -0.01284887 0.01508934 0.43529412 0.89019608 0.96078431
v 0.00360934 -0.01134043 0.02366949 0.43529412 0.89019608 0.96078431
v 0.00360934 -0.01116198 0.02466609 0.43529412 0.89019608 0.96078431
v 0.00360934 -0.01095565 0.02534737 0.43529412 0.89019608 0.96078431
v 0.00460543 -0.01007456 0.02762671 0.43529412 0.89019608 0.96078431
v 0.00457776 -0.01007735 0.02762671 0.43529412 0.89019608 0.96078431
v 0.00358167 -0.01014706 0.02762671 0.43529412 0.89019608 0.96078431
v 0.00285675 0.01494995 0.02762671 0.43529412 0.89019608 0.96078431
v 0.00287612 0.01494158 0.02762671 0.43529412 0.89019608 0.96078431
v 0.00527225 0.01313759 0.00774133 0.43529412 0.89019608 0.96078431
v 0.00360934 0.01461536 0.02762671 0.43529412 0.89019608 0.96078431
v 0.00362871 0.01460421 0.02762671 0.43529412 0.89019608 0.96078431
v 0.00429000 0.01417482 0.02665736 0.43529412 0.89019608 0.96078431
v 0.00360934 -0.01319740 0.00774133 0.43529412 0.89019608 0.96078431
v 0.00360934 -0.01301895 0.01172191 0.43529412 0.89019608 0.96078431
v 0.00365915 -0.01295203 0.01271073 0.43529412 0.89019608 0.96078431
v 0.00337416 -0.01293252 0.01371317 0.43529412 0.89019608 0.96078431
v 0.00415442 -0.01288512 0.01237593 0.43529412 0.89019608 0.96078431
v 0.00402161 -0.01284608 0.01303968 0.43529412 0.89019608 0.96078431
v 0.00387220 -0.01279311 0.01371317 0.43529412 0.89019608 0.96078431
v 0.00466907 -0.01105045 0.02368117 0.43529412 0.89019608 0.96078431
v 0.00433981 -0.01096680 0.02466609 0.43529412 0.89019608 0.96078431
v 0.00414336 -0.01088873 0.02519748 0.43529412 0.89019608 0.96078431
v 0.00538293 -0.00995467 0.02762671 0.43529412 0.89019608 0.96078431
v 0.00535526 -0.00996025 0.02762671 0.43529412 0.89019608 0.96078431
v 0.00576753 0.01272493 0.00774133 0.43529412 0.89019608 0.96078431
v 0.00429277 0.01418318 0.02762671 0.43529412 0.89019608 0.96078431
v 0.00460543 -0.01304962 0.00774133 0.43529412 0.89019608 0.96078431
v 0.00460543 -0.01301616 0.00873404 0.43529412 0.89019608 0.96078431
v 0.00523905 -0.01291021 0.00873404 0.43529412 0.89019608 0.96078431
v 0.00423743 -0.01291021 0.01172191 0.43529412 0.89019608 0.96078431
v 0.00515881 -0.01288512 0.00937833 0.43529412 0.89019608 0.96078431
v 0.00453349 -0.01268436 0.01271073 0.43529412 0.89019608 0.96078431
v 0.00515327 -0.01090546 0.02335805 0.43529412 0.89019608 0.96078431
v 0.00504260 -0.01084970 0.02402180 0.43529412 0.89019608 0.96078431
v 0.00587820 -0.00981247 0.02762671 0.43529412 0.89019608 0.96078431
v 0.00586713 0.01283925 0.02762671 0.43529412 0.89019608 0.96078431
v 0.00589480 0.01281415 0.02762671 0.43529412 0.89019608 0.96078431
v 0.00642051 0.01233179 0.02762671 0.43529412 0.89019608 0.96078431
v 0.00629877 0.01222583 0.00774133 0.43529412 0.89019608 0.96078431
v 0.00528332 -0.01292136 0.00774133 0.43529412 0.89019608 0.96078431
v 0.00577859 -0.01276522 0.00774133 0.43529412 0.89019608 0.96078431
v 0.00578689 -0.01276243 0.00774133 0.43529412 0.89019608 0.96078431
v 0.00573709 -0.01273455 0.00873404 0.43529412 0.89019608 0.96078431
v 0.00621300 -0.01093055 0.01968696 0.43529412 0.89019608 0.96078431
v 0.00707904 -0.00987381 0.02411134 0.43529412 0.89019608 0.96078431
v 0.00657546 -0.00943327 0.02762671 0.43529412 0.89019608 0.96078431
v 0.00690472 0.01185778 0.02762671 0.43529412 0.89019608 0.96078431
v 0.00830754 0.01023502 0.00774133 0.43529412 0.89019608 0.96078431
v 0.00659760 -0.01241948 0.00774133 0.43529412 0.89019608 0.96078431
v 0.00659760 -0.01229959 0.00873404 0.43529412 0.89019608 0.96078431
v 0.00753281 -0.00968979 0.02373567 0.43529412 0.89019608 0.96078431
v 0.00659483 -0.00942211 0.02762671 0.43529412 0.89019608 0.96078431
v 0.00919018 -0.01095007 0.00873404 0.43529412 0.89019608 0.96078431
v 0.00692962 0.01183269 0.02762671 0.43529412 0.89019608 0.96078431
v 0.00880282 0.00973872 0.00774133 0.43529412 0.89019608 0.96078431
v 0.00928426 -0.01101978 0.00774133 0.43529412 0.89019608 0.96078431
v 0.00843759 -0.00914608 0.02366949 0.43529412 0.89019608 0.96078431
v 0.00909611 -0.00789415 0.02719264 0.43529412 0.89019608 0.96078431
v 0.00861743 -0.00808654 0.02762671 0.43529412 0.89019608 0.96078431
v 0.00977953 -0.01057366 0.00774133 0.43529412 0.89019608 0.96078431
v 0.00893563 -0.00875294 0.02366949 0.43529412 0.89019608 0.96078431
v 0.00928149 0.00923683 0.00774133 0.43529412 0.89019608 0.96078431
v 0.00925659 0.00923683 0.02762671 0.43529412 0.89019608 0.96078431
v 0.00927319 0.00924520 0.02665736 0.43529412 0.89019608 0.96078431
v 0.00927596 0.00924241 0.02566075 0.43529412 0.89019608 0.96078431
v 0.00916528 -0.00794713 0.02665736 0.43529412 0.89019608 0.96078431
v 0.00974633 -0.00733372 0.02675663 0.43529412 0.89019608 0.96078431
v 0.01008112 -0.00689039 0.02715371 0.43529412 0.89019608 0.96078431
v 0.00943090 -0.00742852 0.02762671 0.43529412 0.89019608 0.96078431
v 0.00935620 -0.00750380 0.02762671 0.43529412 0.89019608 0.96078431
v 0.00869214 -0.00803636 0.02762671 0.43529412 0.89019608 0.96078431
v 0.01023054 -0.01007178 0.00774133 0.43529412 0.89019608 0.96078431
v 0.01016967 -0.00999092 0.00873404 0.43529412 0.89019608 0.96078431
v 0.01018627 -0.00900388 0.01470783 0.43529412 0.89019608 0.96078431
v 0.00938663 -0.00816740 0.02466609 0.43529412 0.89019608 0.96078431
v 0.00928426 -0.00805308 0.02566075 0.43529412 0.89019608 0.96078431
v 0.00977677 0.00868755 0.00774133 0.43529412 0.89019608 0.96078431
v 0.00982934 0.00844776 0.02762671 0.43529412 0.89019608 0.96078431
v 0.00977123 0.00862342 0.02665736 0.43529412 0.89019608 0.96078431
v 0.00977400 0.00864572 0.02566075 0.43529412 0.89019608 0.96078431
v 0.00977400 0.00864851 0.02466609 0.43529412 0.89019608 0.96078431
v 0.00978230 -0.00754562 0.02566075 0.43529412 0.89019608 0.96078431
v 0.01001472 -0.00680395 0.02762671 0.43529412 0.89019608 0.96078431
v 0.00988467 -0.00763764 0.02466609 0.43529412 0.89019608 0.96078431
v 0.01013093 -0.00696567 0.02648996 0.43529412 0.89019608 0.96078431
v 0.01151991 -0.00440048 0.02762671 0.43529412 0.89019608 0.96078431
v 0.01183811 -0.00750380 0.00774133 0.43529412 0.89019608 0.96078431
v 0.01154205 -0.00738948 0.01371317 0.43529412 0.89019608 0.96078431
v 0.01114915 -0.00796944 0.01371317 0.43529412 0.89019608 0.96078431
v 0.01111318 -0.00793040 0.01441001 0.43529412 0.89019608 0.96078431
v 0.01018073 0.00819124 0.00774133 0.43529412 0.89019608 0.96078431
v 0.00986531 0.00839757 0.02762671 0.43529412 0.89019608 0.96078431
v 0.01013093 0.00812432 0.02665736 0.43529412 0.89019608 0.96078431
v 0.01014476 0.00814663 0.02566075 0.43529412 0.89019608 0.96078431
v 0.01014753 0.00814942 0.02466609 0.43529412 0.89019608 0.96078431
v 0.01153098 -0.00438096 0.02762671 0.43529412 0.89019608 0.96078431
v 0.01169146 -0.00539867 0.02167822 0.43529412 0.89019608 0.96078431
v 0.01294763 -0.00569144 0.00774133 0.43529412 0.89019608 0.96078431
v 0.01323539 -0.00519792 0.00774133 0.43529412 0.89019608 0.96078431
v 0.01197092 -0.00657810 0.01371317 0.43529412 0.89019608 0.96078431
v 0.01159739 0.00555077 0.00774133 0.43529412 0.89019608 0.96078431
v 0.01009219 0.00805740 0.02762671 0.43529412 0.89019608 0.96078431
v 0.01010603 0.00808529 0.02737172 0.43529412 0.89019608 0.96078431
v 0.01191005 0.00446893 0.02366365 0.43529412 0.89019608 0.96078431
v 0.01352592 0.00157194 0.01570443 0.43529412 0.89019608 0.96078431
v 0.01319666 0.00224112 0.01570443 0.43529412 0.89019608 0.96078431
v 0.01199305 0.00478121 0.00774133 0.43529412 0.89019608 0.96078431
v 0.01325476 -0.00422203 0.01271656 0.43529412 0.89019608 0.96078431
v 0.01194601 -0.00352776 0.02762671 0.43529412 0.89019608 0.96078431
v 0.01358402 -0.00440606 0.00774133 0.43529412 0.89019608 0.96078431
v 0.01024990 0.00765590 0.02762671 0.43529412 0.89019608 0.96078431
v 0.01180214 0.00455815 0.02466609 0.43529412 0.89019608 0.96078431
v 0.01206776 0.00402839 0.02399066 0.43529412 0.89019608 0.96078431
v 0.01348165 0.00157194 0.01670104 0.43529412 0.89019608 0.96078431
v 0.01377770 0.00057933 0.01670104 0.43529412 0.89019608 0.96078431
v 0.01381367 0.00057933 0.01570443 0.43529412 0.89019608 0.96078431
v 0.01353422 0.00157194 0.01470783 0.43529412 0.89019608 0.96078431
v 0.01320219 0.00224670 0.01470783 0.43529412 0.89019608 0.96078431
v 0.01321602 0.00227179 0.00774133 0.43529412 0.89019608 0.96078431
v 0.01360339 -0.00340508 0.01271656 0.43529412 0.89019608 0.96078431
v 0.01211203 -0.00302866 0.02762671 0.43529412 0.89019608 0.96078431
v 0.01383027 -0.00341065 0.00774133 0.43529412 0.89019608 0.96078431
v 0.01366426 -0.00340508 0.01172191 0.43529412 0.89019608 0.96078431
v 0.01201242 0.00287963 0.02762671 0.43529412 0.89019608 0.96078431
v 0.01197645 0.00374120 0.02566075 0.43529412 0.89019608 0.96078431
v 0.01204286 0.00392801 0.02466609 0.43529412 0.89019608 0.96078431
v 0.01368916 0.00057933 0.01769375 0.43529412 0.89019608 0.96078431
v 0.01384411 -0.00041887 0.01670104 0.43529412 0.89019608 0.96078431
v 0.01389115 -0.00041887 0.01570443 0.43529412 0.89019608 0.96078431
v 0.01391051 -0.00041887 0.01470783 0.43529412 0.89019608 0.96078431
v 0.01381921 0.00057933 0.01470783 0.43529412 0.89019608 0.96078431
v 0.01355635 0.00156637 0.00774133 0.43529412 0.89019608 0.96078431
v 0.01383027 -0.00240967 0.01271656 0.43529412 0.89019608 0.96078431
v 0.01376387 -0.00240967 0.01371317 0.43529412 0.89019608 0.96078431
v 0.01378877 -0.00141427 0.01570443 0.43529412 0.89019608 0.96078431
v 0.01367810 -0.00141427 0.01670104 0.43529412 0.89019608 0.96078431
v 0.01375003 -0.00041887 0.01769375 0.43529412 0.89019608 0.96078431
v 0.01211480 -0.00301194 0.02762671 0.43529412 0.89019608 0.96078431
v 0.01390221 -0.00241525 0.00774133 0.43529412 0.89019608 0.96078431
v 0.01389668 -0.00240967 0.00873404 0.43529412 0.89019608 0.96078431
v 0.01387731 -0.00240967 0.01072530 0.43529412 0.89019608 0.96078431
v 0.01386071 -0.00240967 0.01172191 0.43529412 0.89019608 0.96078431
v 0.01215077 0.00237217 0.02762671 0.43529412 0.89019608 0.96078431
v 0.01225314 0.00159982 0.02762671 0.43529412 0.89019608 0.96078431
v 0.01225591 0.00157194 0.02762671 0.43529412 0.89019608 0.96078431
v 0.01385241 -0.00141427 0.01470783 0.43529412 0.89019608 0.96078431
v 0.01388838 -0.00141427 0.01371317 0.43529412 0.89019608 0.96078431
v 0.01390498 -0.00141427 0.01271656 0.43529412 0.89019608 0.96078431
v 0.01391328 -0.00141427 0.01172191 0.43529412 0.89019608 0.96078431
v 0.01391328 -0.00041887 0.01371317 0.43529412 0.89019608 0.96078431
v 0.01383027 0.00057375 0.00774133 0.43529412 0.89019608 0.96078431
v 0.01228358 -0.00039098 0.02762671 0.43529412 0.89019608 0.96078431
v 0.01228358 -0.00041887 0.02762671 0.43529412 0.89019608 0.96078431
v 0.01227528 -0.00141427 0.02762671 0.43529412 0.89019608 0.96078431
v 0.01220610 -0.00240967 0.02762671 0.43529412 0.89019608 0.96078431
v 0.01228081 0.00057933 0.02762671 0.43529412 0.89019608 0.96078431
v 0.01390775 -0.00141985 0.00774133 0.43529412 0.89019608 0.96078431
v 0.01391605 -0.00141427 0.01072530 0.43529412 0.89019608 0.96078431
v 0.01391328 -0.00041887 0.01271656 0.43529412 0.89019608 0.96078431
v 0.01390498 -0.00042165 0.00774133 0.43529412 0.89019608 0.96078431
v 0.01391051 -0.00141427 0.00873404 0.43529412 0.89019608 0.96078431
v 0.01391328 -0.00141427 0.00972870 0.43529412 0.89019608 0.96078431
f 839 840 841
f 839 841 842
f 839 842 843
f 839 843 852
f 839 852 844
f 839 844 845
f 839 845 846
f 839 846 847
f 839 847 848
f 839 848 840
f 840 848 849
f 840 849 857
f 840 857 866
f 840 866 875
f 840 875 886
f 840 886 897
f 840 897 918
f 840 918 917
f 840 917 916
f 840 916 938
f 840 938 956
f 840 956 955
f 840 955 954
f 840 954 953
f 840 953 969
f 840 969 976
f 840 976 986
f 840 986 985
f 840 985 996
f 840 996 1010
f 840 1010 1026
f 840 1026 1048
f 840 1048 1047
f 840 1047 1046
f 840 1046 1045
f 840 1045 1044
f 840 1044 1066
f 840 1066 1065
f 840 1065 1064
f 840 1064 1084
f 840 1084 1083
f 840 1083 1095
f 840 1095 1106
f 840 1106 1112
f 840 1112 1119
f 840 1119 1131
f 840 1131 1130
f 840 1130 1129
f 840 1129 1143
f 840 1143 1146
f 840 1146 1156
f 840 1156 1169
f 840 1169 1181
f 840 1181 1198
f 840 1198 1215
f 840 1215 1214
f 840 1214 1213
f 840 1213 1212
f 840 1212 1216
f 840 1216 1205
f 840 1205 1204
f 840 1204 1203
f 840 1203 1184
f 840 1184 1171
f 840 1171 1162
f 840 1162 1152
f 840 1152 1138
f 840 1138 1123
f 840 1123 1114
f 840 1114 1107
f 840 1107 1098
f 840 1098 1097
f 840 1097 1096
f 840 1096 1086
f 840 1086 1071
f 840 1071 1070
f 840 1070 1068
f 840 1068 1067
f 840 1067 1051
f 840 1051 1050
f 840 1050 1029
f 840 1029 1049
f 840 1049 1027
f 840 1027 1011
f 840 1011 998
f 840 998 991
f 840 991 980
f 840 980 979
f 840 979 977
f 840 977 970
f 840 970 957
f 840 957 939
f 840 939 924
f 840 924 907
f 840 907 906
f 840 906 905
f 840 905 904
f 840 904 890
f 840 890 879
f 840 879 868
f 840 868 859
f 840 859 851
f 840 851 850
f 840 850 842
f 840 842 841
f 842 850 843
f 843 850 851
f 843 851 852
f 844 853 845
f 844 852 853
f 845 854 846
f 845 853 862
f 845 862 870
f 845 870 881
f 845 881 892
f 845 892 899
f 845 899 898
f 845 898 920
f 845 920 923
f 845 923 922
f 845 922 921
f 845 921 927
f 845 927 941
f 845 941 960
f 845 960 971
f 845 971 978
f 845 978 990
f 845 990 1002
f 845 1002 1017
f 845 1017 1036
f 845 1036 1054
f 845 1054 1069
f 845 1069 1085
f 845 1085 1099
f 845 1099 1108
f 845 1108 1115
f 845 1115 1122
f 845 1122 1137
f 845 1137 1151
f 845 1151 1161
f 845 1161 1167
f 845 1167 1179
f 845 1179 1192
f 845 1192 1211
f 845 1211 1220
f 845 1220 1217
f 845 1217 1199
f 845 1199 1182
f 845 1182 1170
f 845 1170 1159
f 845 1159 1158
f 845 1158 1147
f 845 1147 1132
f 845 1132 1120
f 845 1120 1116
f 845 1116 1109
f 845 1109 1102
f 845 1102 1101
f 845 1101 1100
f 845 1100 1087
f 845 1087 1073
f 845 1073 1056
f 845 1056 1037
f 845 1037 1018
f 845 1018 1003
f 845 1003 992
f 845 992 981
f 845 981 972
f 845 972 963
f 845 963 962
f 845 962 946
f 845 946 945
f 845 945 944
f 845 944 928
f 845 928 908
f 845 908 893
f 845 893 882
f 845 882 871
f 845 871 863
f 845 863 854
f 846 854 847
f 847 854 855
f 847 855 849
f 847 849 848
f 849 855 856
f 849 856 857
f 851 858 852
f 851 859 860
f 851 860 858
f 852 858 861
f 852 861 862
f 852 862 853
f 854 863 855
f 855 863 864
f 855 864 856
f 856 864 865
f 856 865 857
f 857 865 866
f 858 860 867
f 858 867 861
f 859 868 860
f 860 868 867
f 861 867 869
f 861 869 870
f 861 870 862
f 863 871 864
f 864 871 872
f 864 872 873
f 864 873 865
f 865 873 874
f 865 874 866
f 866 874 873
f 866 873 876
f 866 876 875
f 867 868 877
f 867 877 878
f 867 878 869
f 868 879 877
f 869 878 880
f 869 880 870
f 870 880 881
f 871 882 872
f 872 882 873
f 873 882 883
f 873 883 884
f 873 884 885
f 873 885 876
f 875 876 886
f 876 885 886
f 877 879 878
f 878 887 888
f 878 888 880
f 878 879 889
f 878 889 887
f 879 890 891
f 879 891 889
f 880 888 892
f 880 892 881
f 882 893 894
f 882 894 883
f 883 894 884
f 884 895 885
f 884 894 895
f 885 895 896
f 885 896 897
f 885 897 886
f 887 889 888
f 888 898 899
f 888 899 892
f 888 889 900
f 888 900 898
f 889 891 901
f 889 901 902
f 889 902 903
f 889 903 900
f 890 904 891
f 891 904 905
f 891 905 906
f 891 906 907
f 891 907 901
f 893 908 909
f 893 909 910
f 893 910 911
f 893 911 912
f 893 912 894
f 894 912 911
f 894 911 913
f 894 913 895
f 895 913 914
f 895 914 915
f 895 915 896
f 896 916 917
f 896 917 918
f 896 918 897
f 896 915 919
f 896 919 916
f 898 900 920
f 900 903 921
f 900 921 922
f 900 922 923
f 900 923 920
f 901 907 902
f 902 907 924
f 902 924 925
f 902 925 926
f 902 926 903
f 903 926 927
f 903 927 921
f 908 928 929
f 908 929 930
f 908 930 909
f 909 930 931
f 909 931 910
f 910 931 932
f 910 932 911
f 911 932 913
f 913 933 915
f 913 915 914
f 913 932 934
f 913 934 933
f 915 933 935
f 915 935 936
f 915 936 919
f 916 919 936
f 916 936 937
f 916 937 938
f 924 939 940
f 924 940 925
f 925 941 927
f 925 927 942
f 925 942 926
f 925 940 943
f 925 943 941
f 926 942 927
f 928 944 929
f 929 944 945
f 929 945 946
f 929 946 947
f 929 947 948
f 929 948 949
f 929 949 930
f 930 949 931
f 931 950 932
f 931 949 948
f 931 948 951
f 931 951 950
f 932 950 934
f 933 934 935
f 934 950 935
f 935 952 936
f 935 950 952
f 936 952 953
f 936 953 954
f 936 954 955
f 936 955 937
f 937 955 956
f 937 956 938
f 939 957 958
f 939 958 940
f 940 958 959
f 940 959 943
f 941 943 960
f 943 959 961
f 943 961 960
f 946 962 947
f 947 962 963
f 947 963 964
f 947 964 948
f 948 965 951
f 948 964 966
f 948 966 965
f 950 951 965
f 950 965 967
f 950 967 968
f 950 968 952
f 952 968 953
f 953 968 969
f 957 970 958
f 958 970 959
f 959 970 961
f 960 961 971
f 961 970 971
f 963 972 966
f 963 966 964
f 965 966 973
f 965 973 967
f 966 972 973
f 967 973 974
f 967 974 975
f 967 975 968
f 968 975 969
f 969 975 974
f 969 974 976
f 970 977 971
f 971 977 979
f 971 979 980
f 971 980 978
f 972 981 982
f 972 982 983
f 972 983 984
f 972 984 973
f 973 984 985
f 973 985 974
f 974 985 986
f 974 986 976
f 978 980 987
f 978 987 988
f 978 988 989
f 978 989 990
f 980 991 987
f 981 992 982
f 982 993 983
f 982 992 993
f 983 993 994
f 983 994 995
f 983 995 996
f 983 996 997
f 983 997 984
f 984 997 985
f 985 997 996
f 987 991 998
f 987 998 988
f 988 998 999
f 988 999 1000
f 988 1000 1001
f 988 1001 989
f 989 1001 990
f 990 1001 1002
f 992 1003 993
f 993 1003 1004
f 993 1004 994
f 994 1004 1005
f 994 1005 995
f 995 1005 1006
f 995 1006 1007
f 995 1007 1008
f 995 1008 996
f 996 1008 1009
f 996 1009 1010
f 998 1011 1012
f 998 1012 999
f 999 1012 1000
f 1000 1012 1011
f 1000 1011 1013
f 1000 1013 1014
f 1000 1014 1015
f 1000 1015 1001
f 1001 1015 1016
f 1001 1016 1002
f 1002 1016 1017
f 1003 1018 1019
f 1003 1019 1004
f 1004 1019 1020
f 1004 1020 1005
f 1005 1020 1006
f 1006 1020 1021
f 1006 1021 1007
f 1007 1021 1009
f 1007 1009 1008
f 1009 1021 1022
f 1009 1022 1023
f 1009 1023 1024
f 1009 1024 1025
f 1009 1025 1010
f 1010 1025 1026
f 1011 1027 1028
f 1011 1028 1013
f 1013 1028 1029
f 1013 1029 1030
f 1013 1030 1014
f 1014 1031 1032
f 1014 1032 1033
f 1014 1033 1034
f 1014 1034 1015
f 1014 1030 1031
f 1015 1034 1033
f 1015 1033 1035
f 1015 1035 1017
f 1015 1017 1016
f 1017 1035 1033
f 1017 1033 1032
f 1017 1032 1036
f 1018 1037 1038
f 1018 1038 1039
f 1018 1039 1019
f 1019 1039 1020
f 1020 1039 1021
f 1021 1039 1040
f 1021 1040 1022
f 1022 1040 1041
f 1022 1041 1042
f 1022 1042 1023
f 1023 1042 1024
f 1024 1042 1043
f 1024 1043 1044
f 1024 1044 1045
f 1024 1045 1046
f 1024 1046 1047
f 1024 1047 1048
f 1024 1048 1025
f 1025 1048 1026
f 1027 1049 1028
f 1028 1049 1029
f 1029 1050 1030
f 1030 1050 1031
f 1031 1050 1051
f 1031 1051 1052
f 1031 1052 1032
f 1032 1052 1053
f 1032 1053 1036
f 1036 1053 1052
f 1036 1052 1055
f 1036 1055 1054
f 1037 1056 1038
f 1038 1056 1039
f 1039 1056 1057
f 1039 1057 1058
f 1039 1058 1041
f 1039 1041 1040
f 1041 1058 1059
f 1041 1059 1060
f 1041 1060 1061
f 1041 1061 1042
f 1042 1061 1062
f 1042 1062 1063
f 1042 1063 1043
f 1043 1063 1064
f 1043 1064 1065
f 1043 1065 1066
f 1043 1066 1044
f 1051 1067 1052
f 1052 1067 1068
f 1052 1068 1055
f 1054 1055 1069
f 1055 1068 1070
f 1055 1070 1071
f 1055 1071 1072
f 1055 1072 1069
f 1056 1073 1057
f 1057 1074 1075
f 1057 1075 1076
f 1057 1076 1058
f 1057 1073 1074
f 1058 1076 1059
f 1059 1077 1078
f 1059 1078 1079
f 1059 1079 1080
f 1059 1080 1060
f 1059 1076 1077
f 1060 1080 1061
f 1061 1080 1081
f 1061 1081 1062
f 1062 1081 1082
f 1062 1082 1083
f 1062 1083 1084
f 1062 1084 1063
f 1063 1084 1064
f 1069 1072 1085
f 1071 1086 1072
f 1072 1086 1085
f 1073 1087 1088
f 1073 1088 1074
f 1074 1088 1089
f 1074 1089 1090
f 1074 1090 1075
f 1075 1090 1077
f 1075 1077 1076
f 1077 1090 1089
f 1077 1089 1091
f 1077 1091 1092
f 1077 1092 1078
f 1078 1092 1093
f 1078 1093 1080
f 1078 1080 1079
f 1080 1093 1094
f 1080 1094 1081
f 1081 1094 1095
f 1081 1095 1083
f 1081 1083 1082
f 1085 1096 1097
f 1085 1097 1098
f 1085 1098 1099
f 1085 1086 1096
f 1087 1100 1089
f 1087 1089 1088
f 1089 1100 1101
f 1089 1101 1102
f 1089 1102 1103
f 1089 1103 1091
f 1091 1103 1092
f 1092 1103 1093
f 1093 1103 1104
f 1093 1104 1105
f 1093 1105 1094
f 1094 1105 1095
f 1095 1105 1106
f 1098 1107 1099
f 1099 1107 1108
f 1102 1109 1103
f 1103 1109 1110
f 1103 1110 1105
f 1103 1105 1104
f 1105 1111 1112
f 1105 1112 1106
f 1105 1110 1113
f 1105 1113 1111
f 1107 1114 1115
f 1107 1115 1108
f 1109 1116 1113
f 1109 1113 1110
f 1111 1117 1112
f 1111 1113 1117
f 1112 1117 1118
f 1112 1118 1119
f 1113 1116 1120
f 1113 1120 1121
f 1113 1121 1117
f 1114 1122 1115
f 1114 1123 1124
f 1114 1124 1125
f 1114 1125 1122
f 1117 1121 1118
f 1118 1126 1127
f 1118 1127 1128
f 1118 1128 1129
f 1118 1129 1130
f 1118 1130 1131
f 1118 1131 1119
f 1118 1121 1126
f 1120 1132 1133
f 1120 1133 1134
f 1120 1134 1135
f 1120 1135 1121
f 1121 1135 1136
f 1121 1136 1126
f 1122 1125 1137
f 1123 1138 1139
f 1123 1139 1124
f 1124 1139 1140
f 1124 1140 1141
f 1124 1141 1137
f 1124 1137 1125
f 1126 1136 1127
f 1127 1136 1142
f 1127 1142 1128
f 1128 1143 1129
f 1128 1142 1144
f 1128 1144 1145
f 1128 1145 1146
f 1128 1146 1143
f 1132 1147 1148
f 1132 1148 1149
f 1132 1149 1150
f 1132 1150 1133
f 1133 1150 1134
f 1134 1150 1144
f 1134 1144 1135
f 1135 1144 1142
f 1135 1142 1136
f 1137 1141 1151
f 1138 1152 1153
f 1138 1153 1139
f 1139 1153 1154
f 1139 1154 1140
f 1140 1154 1155
f 1140 1155 1151
f 1140 1151 1141
f 1144 1150 1145
f 1145 1150 1148
f 1145 1148 1146
f 1146 1148 1157
f 1146 1157 1156
f 1147 1158 1148
f 1148 1158 1159
f 1148 1159 1160
f 1148 1160 1157
f 1148 1150 1149
f 1151 1155 1161
f 1152 1162 1163
f 1152 1163 1153
f 1153 1163 1164
f 1153 1164 1165
f 1153 1165 1154
f 1154 1165 1166
f 1154 1166 1167
f 1154 1167 1161
f 1154 1161 1155
f 1156 1157 1168
f 1156 1168 1169
f 1157 1160 1168
f 1159 1170 1168
f 1159 1168 1160
f 1162 1171 1172
f 1162 1172 1163
f 1163 1172 1164
f 1164 1172 1173
f 1164 1173 1174
f 1164 1174 1165
f 1165 1174 1175
f 1165 1175 1176
f 1165 1176 1177
f 1165 1177 1166
f 1166 1177 1178
f 1166 1178 1167
f 1167 1178 1177
f 1167 1177 1179
f 1168 1170 1180
f 1168 1180 1169
f 1169 1180 1181
f 1170 1182 1183
f 1170 1183 1180
f 1171 1184 1185
f 1171 1185 1186
f 1171 1186 1172
f 1172 1186 1173
f 1173 1186 1174
f 1174 1187 1175
f 1174 1186 1187
f 1175 1187 1188
f 1175 1188 1189
f 1175 1189 1176
f 1176 1189 1190
f 1176 1190 1191
f 1176 1191 1177
f 1177 1191 1192
f 1177 1192 1179
f 1180 1183 1193
f 1180 1193 1194
f 1180 1194 1181
f 1181 1194 1195
f 1181 1195 1196
f 1181 1196 1197
f 1181 1197 1198
f 1182 1199 1200
f 1182 1200 1201
f 1182 1201 1202
f 1182 1202 1193
f 1182 1193 1183
f 1184 1203 1186
f 1184 1186 1185
f 1186 1203 1187
f 1187 1203 1204
f 1187 1204 1205
f 1187 1205 1197
f 1187 1197 1188
f 1188 1197 1195
f 1188 1195 1206
f 1188 1206 1189
f 1189 1206 1207
f 1189 1207 1190
f 1190 1207 1208
f 1190 1208 1209
f 1190 1209 1210
f 1190 1210 1191
f 1191 1210 1211
f 1191 1211 1192
f 1193 1202 1207
f 1193 1207 1206
f 1193 1206 1195
f 1193 1195 1194
f 1195 1197 1196
f 1197 1212 1213
f 1197 1213 1214
f 1197 1214 1215
f 1197 1215 1198
f 1197 1205 1216
f 1197 1216 1212
f 1199 1217 1218
f 1199 1218 1209
f 1199 1209 1200
f 1200 1209 1208
f 1200 1208 1201
f 1201 1208 1207
f 1201 1207 1202
f 1209 1218 1210
f 1210 1219 1211
f 1210 1218 1219
f 1211 1219 1220
f 1217 1220 1221
f 1217 1221 1222
f 1217 1222 1218
f 1218 1222 1220
f 1218 1220 1219
f 1220 1222 1221

o geometry_3
v -0.00236298 0.01514429 -0.01693679 0.38039216 0.78823529 0.52549020
v -0.00236298 0.01509025 -0.01616425 0.38039216 0.78823529 0.52549020
v 0.00161575 0.01378388 -0.00053044 0.38039216 0.78823529 0.52549020
v -0.00169056 0.01505031 -0.01616425 0.38039216 0.78823529 0.52549020
v -0.00142488 0.01507380 -0.01693679 0.38039216 0.78823529 0.52549020
v -0.00334700 0.01509730 -0.01693679 0.38039216 0.78823529 0.52549020
v -0.00293371 0.01502681 -0.01560211 0.38039216 0.78823529 0.52549020
v -0.00136584 0.01381208 -0.00053044 0.38039216 0.78823529 0.52549020
v 0.00062517 0.01381208 -0.00053044 0.38039216 0.78823529 0.52549020
v 0.00261289 0.01361706 -0.00053044 0.38039216 0.78823529 0.52549020
v -0.00096895 0.01499626 -0.01693679 0.38039216 0.78823529 0.52549020
v -0.00357660 0.01507380 -0.01693679 0.38039216 0.78823529 0.52549020
v -0.00330436 0.01505031 -0.01624295 0.38039216 0.78823529 0.52549020
v -0.00236298 0.01377214 -0.00053044 0.38039216 0.78823529 0.52549020
v 0.00360019 0.01322469 -0.00053044 0.38039216 0.78823529 0.52549020
v 0.00362971 0.01322704 -0.01693679 0.38039216 0.78823529 0.52549020
v 0.00340994 0.01331397 -0.01693679 0.38039216 0.78823529 0.52549020
v -0.00085743 0.01495397 -0.01693679 0.38039216 0.78823529 0.52549020
v -0.00394725 0.01503386 -0.01693679 0.38039216 0.78823529 0.52549020
v -0.00387509 0.01501976 -0.01662681 0.38039216 0.78823529 0.52549020
v -0.00336012 0.01356772 -0.00053044 0.38039216 0.78823529 0.52549020
v 0.00659489 0.01165282 -0.00053044 0.38039216 0.78823529 0.52549020
v 0.00946167 0.01026892 -0.01693679 0.38039216 0.78823529 0.52549020
v 0.00653585 0.01177500 -0.01693679 0.38039216 0.78823529 0.52549020
v -0.00423590 0.01495867 -0.01693679 0.38039216 0.78823529 0.52549020
v -0.00444254 0.01488583 -0.01693679 0.38039216 0.78823529 0.52549020
v -0.00535112 0.01333512 -0.00521062 0.38039216 0.78823529 0.52549020
v -0.00418998 0.01321764 -0.00053044 0.38039216 0.78823529 0.52549020
v 0.00680154 0.01152360 -0.00053044 0.38039216 0.78823529 0.52549020
v 0.00957319 0.01019844 -0.01693679 0.38039216 0.78823529 0.52549020
v -0.00535768 0.01449580 -0.01693679 0.38039216 0.78823529 0.52549020
v -0.00592185 0.01307431 -0.00521062 0.38039216 0.78823529 0.52549020
v -0.00586609 0.01303437 -0.00467900 0.38039216 0.78823529 0.52549020
v -0.00734212 0.01160348 -0.00053044 0.38039216 0.78823529 0.52549020
v 0.00727714 0.01120170 -0.00053044 0.38039216 0.78823529 0.52549020
v 0.00996024 0.00994703 -0.01693679 0.38039216 0.78823529 0.52549020
v -0.00674515 0.01375569 -0.01693679 0.38039216 0.78823529 0.52549020
v -0.00712236 0.01318944 -0.01317529 0.38039216 0.78823529 0.52549020
v -0.00762093 0.01286990 -0.01317529 0.38039216 0.78823529 0.52549020
v -0.00800470 0.01117821 -0.00053044 0.38039216 0.78823529 0.52549020
v -0.00780461 0.01130744 -0.00053044 0.38039216 0.78823529 0.52549020
v 0.00793644 0.01058846 -0.00053044 0.38039216 0.78823529 0.52549020
v 0.01206277 0.00803448 -0.01389161 0.38039216 0.78823529 0.52549020
v 0.01076058 0.00928680 -0.01693679 0.38039216 0.78823529 0.52549020
v -0.00739460 0.01334451 -0.01693679 0.38039216 0.78823529 0.52549020
v -0.00761437 0.01318004 -0.01693679 0.38039216 0.78823529 0.52549020
v -0.01011706 0.01129099 -0.01693679 0.38039216 0.78823529 0.52549020
v -0.00872303 0.01194182 -0.01217951 0.38039216 0.78823529 0.52549020
v -0.00850327 0.01072004 -0.00053044 0.38039216 0.78823529 0.52549020
v 0.00830381 0.01023838 -0.00053044 0.38039216 0.78823529 0.52549020
v 0.01203981 0.00822480 -0.01693679 0.38039216 0.78823529 0.52549020
v 0.01137067 0.00878164 -0.01693679 0.38039216 0.78823529 0.52549020
v 0.01309599 0.00707351 -0.01444090 0.38039216 0.78823529 0.52549020
v 0.01323375 0.00720978 -0.01693679 0.38039216 0.78823529 0.52549020
v 0.01310583 0.00732256 -0.01693679 0.38039216 0.78823529 0.52549020
v 0.01265646 0.00770789 -0.01693679 0.38039216 0.78823529 0.52549020
v -0.01050083 0.01090566 -0.01693679 0.38039216 0.78823529 0.52549020
v -0.00918224 0.01007156 -0.00053044 0.38039216 0.78823529 0.52549020
v -0.00903136 0.01022193 -0.00053044 0.38039216 0.78823529 0.52549020
v -0.00887391 0.01037231 -0.00053044 0.38039216 0.78823529 0.52549020
v 0.00865477 0.00989064 -0.00053044 0.38039216 0.78823529 0.52549020
v 0.01305663 0.00703591 -0.01377597 0.38039216 0.78823529 0.52549020
v 0.01469338 0.00559797 -0.01693679 0.38039216 0.78823529 0.52549020
v 0.01408329 0.00627465 -0.01693679 0.38039216 0.78823529 0.52549020
v -0.01061235 0.01079053 -0.01693679 0.38039216 0.78823529 0.52549020
v -0.00952993 0.00971912 -0.00053044 0.38039216 0.78823529 0.52549020
v 0.01091802 0.00759511 -0.00053044 0.38039216 0.78823529 0.52549020
v 0.01344367 0.00664353 -0.01413414 0.38039216 0.78823529 0.52549020
v 0.01125915 0.00724502 -0.00053044 0.38039216 0.78823529 0.52549020
v 0.01501483 0.00522204 -0.01693679 0.38039216 0.78823529 0.52549020
v -0.01071403 0.01067775 -0.01693679 0.38039216 0.78823529 0.52549020
v -0.01050739 0.00869236 -0.00053044 0.38039216 0.78823529 0.52549020
v -0.01015970 0.00906829 -0.00053044 0.38039216 0.78823529 0.52549020
v 0.01171180 0.00654955 -0.00053044 0.38039216 0.78823529 0.52549020
v 0.01598901 0.00396032 -0.01693679 0.38039216 0.78823529 0.52549020
v 0.01556588 0.00452187 -0.01693679 0.38039216 0.78823529 0.52549020
v -0.01194406 0.00719098 -0.00222327 0.38039216 0.78823529 0.52549020
v -0.01094364 0.00819425 -0.00053044 0.38039216 0.78823529 0.52549020
v -0.01274440 0.00790525 -0.01693679 0.38039216 0.78823529 0.52549020
v 0.01328623 0.00343402 -0.00053044 0.38039216 0.78823529 0.52549020
v 0.01625141 0.00350920 -0.01693679 0.38039216 0.78823529 0.52549020
v -0.01188502 0.00712285 -0.00152140 0.38039216 0.78823529 0.52549020
v -0.01111420 0.00797339 -0.00053044 0.38039216 0.78823529 0.52549020
v -0.01233767 0.00654955 -0.00222327 0.38039216 0.78823529 0.52549020
v -0.01303632 0.00740714 -0.01693679 0.38039216 0.78823529 0.52549020
v 0.01354864 0.00283488 -0.00053044 0.38039216 0.78823529 0.52549020
v 0.01633013 0.00333769 -0.01693679 0.38039216 0.78823529 0.52549020
v -0.01365626 0.00378880 -0.00053044 0.38039216 0.78823529 0.52549020
v -0.01346273 0.00666703 -0.01693679 0.38039216 0.78823529 0.52549020
v -0.01369890 0.00622766 -0.01693679 0.38039216 0.78823529 0.52549020
v -0.01384978 0.00344107 -0.00053044 0.38039216 0.78823529 0.52549020
v 0.01366016 0.00256937 -0.00053044 0.38039216 0.78823529 0.52549020
v 0.01666142 0.00256937 -0.01693679 0.38039216 0.78823529 0.52549020
v -0.01392850 0.00329069 -0.00053044 0.38039216 0.78823529 0.52549020
v -0.01544061 0.00252003 -0.01693679 0.38039216 0.78823529 0.52549020
v 0.01387664 0.00157316 -0.00053044 0.38039216 0.78823529 0.52549020
v 0.01727152 0.00066387 -0.01693679 0.38039216 0.78823529 0.52549020
v 0.01667782 0.00157316 -0.01516686 0.38039216 0.78823529 0.52549020
v 0.01673686 0.00234617 -0.01693679 0.38039216 0.78823529 0.52549020
v -0.01400066 0.00307688 -0.00053044 0.38039216 0.78823529 0.52549020
v -0.01575222 0.00185275 -0.01693679 0.38039216 0.78823529 0.52549020
v 0.01394225 0.00057694 -0.00053044 0.38039216 0.78823529 0.52549020
v 0.01503123 -0.00141315 -0.00486852 0.38039216 0.78823529 0.52549020
v 0.01510339 -0.00068713 -0.00547081 0.38039216 0.78823529 0.52549020
v 0.01749456 -0.00041928 -0.01693679 0.38039216 0.78823529 0.52549020
v -0.01416795 0.00256937 -0.00053044 0.38039216 0.78823529 0.52549020
v -0.01576206 0.00181516 -0.01693679 0.38039216 0.78823529 0.52549020
v 0.01389304 -0.00440181 -0.00053044 0.38039216 0.78823529 0.52549020
v 0.01510011 -0.00240937 -0.00552060 0.38039216 0.78823529 0.52549020
v 0.01668766 -0.00240937 -0.01317529 0.38039216 0.78823529 0.52549020
v 0.01752080 -0.00141315 -0.01693679 0.38039216 0.78823529 0.52549020
v 0.01387336 -0.00509963 -0.00053044 0.38039216 0.78823529 0.52549020
v 0.01386352 -0.00539803 -0.00053044 0.38039216 0.78823529 0.52549020
v -0.01432211 0.00157316 -0.00053044 0.38039216 0.78823529 0.52549020
v -0.01585062 0.00142043 -0.01693679 0.38039216 0.78823529 0.52549020
v -0.01583422 -0.00082811 -0.01246379 0.38039216 0.78823529 0.52549020
v 0.01740272 -0.00240937 -0.01693679 0.38039216 0.78823529 0.52549020
v 0.01749456 -0.00168100 -0.01693679 0.38039216 0.78823529 0.52549020
v 0.01359456 -0.00639424 -0.00053044 0.38039216 0.78823529 0.52549020
v 0.01674999 -0.00539803 -0.01693679 0.38039216 0.78823529 0.52549020
v 0.01669422 -0.00440181 -0.01516686 0.38039216 0.78823529 0.52549020
v 0.01672702 -0.00340559 -0.01417108 0.38039216 0.78823529 0.52549020
v -0.01588342 -0.00136616 -0.01215060 0.38039216 0.78823529 0.52549020
v -0.01584078 -0.00171625 -0.01118372 0.38039216 0.78823529 0.52549020
v -0.01581126 -0.00189481 -0.01066977 0.38039216 0.78823529 0.52549020
v -0.01583750 -0.00240937 -0.01049952 0.38039216 0.78823529 0.52549020
v -0.01585718 -0.00340559 -0.01036621 0.38039216 0.78823529 0.52549020
v -0.01434507 0.00057694 -0.00053044 0.38039216 0.78823529 0.52549020
v -0.01594246 0.00059103 -0.01693679 0.38039216 0.78823529 0.52549020
v -0.01595230 -0.00141315 -0.01317529 0.38039216 0.78823529 0.52549020
v 0.01736008 -0.00262318 -0.01693679 0.38039216 0.78823529 0.52549020
v 0.01321735 -0.00706387 -0.00053044 0.38039216 0.78823529 0.52549020
v 0.01626781 -0.00615459 -0.01616425 0.38039216 0.78823529 0.52549020
v 0.01667454 -0.00556720 -0.01693679 0.38039216 0.78823529 0.52549020
v -0.01591622 -0.00240937 -0.01118372 0.38039216 0.78823529 0.52549020
v -0.01593590 -0.00340559 -0.01118372 0.38039216 0.78823529 0.52549020
v -0.01583422 -0.00401648 -0.01049310 0.38039216 0.78823529 0.52549020
v -0.01431555 -0.00440181 -0.00053044 0.38039216 0.78823529 0.52549020
v -0.01434179 -0.00370398 -0.00053044 0.38039216 0.78823529 0.52549020
v -0.01434507 -0.00340559 -0.00053044 0.38039216 0.78823529 0.52549020
v -0.01597526 -0.00041928 -0.01693679 0.38039216 0.78823529 0.52549020
v -0.01597198 -0.00041928 -0.01616425 0.38039216 0.78823529 0.52549020
v -0.01597198 -0.00141315 -0.01417108 0.38039216 0.78823529 0.52549020
v -0.01597198 -0.00240937 -0.01217951 0.38039216 0.78823529 0.52549020
v 0.01305663 -0.00721190 -0.00053044 0.38039216 0.78823529 0.52549020
v 0.01634653 -0.00622273 -0.01693679 0.38039216 0.78823529 0.52549020
v -0.01597198 -0.00340559 -0.01217951 0.38039216 0.78823529 0.52549020
v -0.01589654 -0.00738107 -0.01693679 0.38039216 0.78823529 0.52549020
v -0.01583422 -0.00818932 -0.01693679 0.38039216 0.78823529 0.52549020
v -0.01576534 -0.00864044 -0.01693679 0.38039216 0.78823529 0.52549020
v -0.01416467 -0.00539803 -0.00053044 0.38039216 0.78823529 0.52549020
v -0.01428603 -0.00470020 -0.00053044 0.38039216 0.78823529 0.52549020
v -0.01597198 -0.00340559 -0.01516686 0.38039216 0.78823529 0.52549020
v -0.01597854 -0.00340559 -0.01417108 0.38039216 0.78823529 0.52549020
v -0.01598838 -0.00240937 -0.01317529 0.38039216 0.78823529 0.52549020
v -0.01594246 -0.00517482 -0.01693679 0.38039216 0.78823529 0.52549020
v 0.01264006 -0.00756198 -0.00053044 0.38039216 0.78823529 0.52549020
v 0.01214149 -0.00792852 -0.00053044 0.38039216 0.78823529 0.52549020
v 0.01218413 -0.00795436 -0.00122748 0.38039216 0.78823529 0.52549020
v 0.01564132 -0.00665270 -0.01616425 0.38039216 0.78823529 0.52549020
v 0.01553636 -0.00673728 -0.01693679 0.38039216 0.78823529 0.52549020
v -0.01597854 -0.00340559 -0.01317529 0.38039216 0.78823529 0.52549020
v -0.01593262 -0.00617104 -0.01693679 0.38039216 0.78823529 0.52549020
v -0.01590638 -0.00716490 -0.01693679 0.38039216 0.78823529 0.52549020
v -0.01569646 -0.00885895 -0.01693679 0.38039216 0.78823529 0.52549020
v -0.01408922 -0.00567763 -0.00053044 0.38039216 0.78823529 0.52549020
v 0.00883846 -0.00885895 -0.00053044 0.38039216 0.78823529 0.52549020
v 0.01237437 -0.00801780 -0.00919215 0.38039216 0.78823529 0.52549020
v 0.01514275 -0.00692290 -0.01616425 0.38039216 0.78823529 0.52549020
v 0.01157732 -0.00822691 -0.00620641 0.38039216 0.78823529 0.52549020
v 0.01540844 -0.00680542 -0.01693679 0.38039216 0.78823529 0.52549020
v -0.01274768 -0.00885895 -0.00305041 0.38039216 0.78823529 0.52549020
v -0.01382354 -0.00690645 -0.00169165 0.38039216 0.78823529 0.52549020
v -0.01392522 -0.00616869 -0.00053044 0.38039216 0.78823529 0.52549020
v 0.00821853 -0.00885895 -0.01693679 0.38039216 0.78823529 0.52549020
v 0.00885158 -0.00885895 -0.00102512 0.38039216 0.78823529 0.52549020
v -0.01067467 -0.00885895 -0.00053044 0.38039216 0.78823529 0.52549020
v 0.01236125 -0.00799195 -0.01018794 0.38039216 0.78823529 0.52549020
v 0.01512635 -0.00691350 -0.01688860 0.38039216 0.78823529 0.52549020
v 0.01157732 -0.00823161 -0.00720219 0.38039216 0.78823529 0.52549020
v 0.00896310 -0.00885895 -0.01018794 0.38039216 0.78823529 0.52549020
v 0.00891718 -0.00885895 -0.01118372 0.38039216 0.78823529 0.52549020
v 0.00885814 -0.00885895 -0.01217951 0.38039216 0.78823529 0.52549020
v 0.00877614 -0.00885895 -0.01317529 0.38039216 0.78823529 0.52549020
v 0.00900574 -0.00885895 -0.00819797 0.38039216 0.78823529 0.52549020
v 0.01518539 -0.00689000 -0.01693679 0.38039216 0.78823529 0.52549020
v -0.01259679 -0.00885895 -0.00256216 0.38039216 0.78823529 0.52549020
v -0.01303304 -0.00816112 -0.00222327 0.38039216 0.78823529 0.52549020
v -0.01291824 -0.00799665 -0.00150695 0.38039216 0.78823529 0.52549020
v -0.01363330 -0.00663860 -0.00053044 0.38039216 0.78823529 0.52549020
v 0.00851373 -0.00885895 -0.01516686 0.38039216 0.78823529 0.52549020
v -0.01215070 -0.00813058 -0.00053044 0.38039216 0.78823529 0.52549020
v -0.01201294 -0.00885895 -0.00154228 0.38039216 0.78823529 0.52549020
v 0.00866461 -0.00885895 -0.01417108 0.38039216 0.78823529 0.52549020
v 0.00899262 -0.00885895 -0.00919215 0.38039216 0.78823529 0.52549020
v -0.01246231 -0.00885895 -0.00221845 0.38039216 0.78823529 0.52549020
v -0.01315112 -0.00723774 -0.00053044 0.38039216 0.78823529 0.52549020
v -0.01350537 -0.00680307 -0.00053044 0.38039216 0.78823529 0.52549020
v -0.01250167 -0.00788152 -0.00053044 0.38039216 0.78823529 0.52549020
v -0.01222286 -0.00885895 -0.00172538 0.38039216 0.78823529 0.52549020
v -0.01265583 -0.00775465 -0.00053044 0.38039216 0.78823529 0.52549020
f 1223 1224 1225
f 1223 1225 1226
f 1223 1226 1227
f 1223 1227 1233
f 1223 1233 1240
f 1223 1240 1239
f 1223 1239 1238
f 1223 1238 1246
f 1223 1246 1245
f 1223 1245 1252
f 1223 1252 1258
f 1223 1258 1266
f 1223 1266 1274
f 1223 1274 1273
f 1223 1273 1278
f 1223 1278 1277
f 1223 1277 1276
f 1223 1276 1286
f 1223 1286 1285
f 1223 1285 1292
f 1223 1292 1298
f 1223 1298 1297
f 1223 1297 1303
f 1223 1303 1309
f 1223 1309 1315
f 1223 1315 1321
f 1223 1321 1319
f 1223 1319 1327
f 1223 1327 1333
f 1223 1333 1340
f 1223 1340 1339
f 1223 1339 1353
f 1223 1353 1342
f 1223 1342 1356
f 1223 1356 1368
f 1223 1368 1383
f 1223 1383 1393
f 1223 1393 1408
f 1223 1408 1397
f 1223 1397 1387
f 1223 1387 1372
f 1223 1372 1371
f 1223 1371 1370
f 1223 1370 1386
f 1223 1386 1385
f 1223 1385 1378
f 1223 1378 1363
f 1223 1363 1351
f 1223 1351 1337
f 1223 1337 1329
f 1223 1329 1323
f 1223 1323 1317
f 1223 1317 1312
f 1223 1312 1311
f 1223 1311 1307
f 1223 1307 1301
f 1223 1301 1293
f 1223 1293 1287
f 1223 1287 1279
f 1223 1279 1269
f 1223 1269 1268
f 1223 1268 1267
f 1223 1267 1259
f 1223 1259 1253
f 1223 1253 1248
f 1223 1248 1247
f 1223 1247 1241
f 1223 1241 1234
f 1223 1234 1228
f 1223 1228 1229
f 1223 1229 1224
f 1224 1230 1231
f 1224 1231 1225
f 1224 1229 1230
f 1225 1227 1226
f 1225 1231 1230
f 1225 1230 1236
f 1225 1236 1243
f 1225 1243 1250
f 1225 1250 1256
f 1225 1256 1263
f 1225 1263 1262
f 1225 1262 1271
f 1225 1271 1282
f 1225 1282 1281
f 1225 1281 1280
f 1225 1280 1288
f 1225 1288 1295
f 1225 1295 1294
f 1225 1294 1300
f 1225 1300 1305
f 1225 1305 1310
f 1225 1310 1313
f 1225 1313 1316
f 1225 1316 1322
f 1225 1322 1328
f 1225 1328 1336
f 1225 1336 1350
f 1225 1350 1362
f 1225 1362 1361
f 1225 1361 1360
f 1225 1360 1374
f 1225 1374 1373
f 1225 1373 1388
f 1225 1388 1396
f 1225 1396 1412
f 1225 1412 1420
f 1225 1420 1419
f 1225 1419 1423
f 1225 1423 1421
f 1225 1421 1414
f 1225 1414 1399
f 1225 1399 1389
f 1225 1389 1380
f 1225 1380 1379
f 1225 1379 1367
f 1225 1367 1354
f 1225 1354 1341
f 1225 1341 1335
f 1225 1335 1334
f 1225 1334 1330
f 1225 1330 1324
f 1225 1324 1318
f 1225 1318 1314
f 1225 1314 1308
f 1225 1308 1302
f 1225 1302 1296
f 1225 1296 1291
f 1225 1291 1289
f 1225 1289 1283
f 1225 1283 1272
f 1225 1272 1264
f 1225 1264 1257
f 1225 1257 1251
f 1225 1251 1244
f 1225 1244 1237
f 1225 1237 1232
f 1225 1232 1227
f 1227 1232 1233
f 1228 1234 1235
f 1228 1235 1229
f 1229 1235 1236
f 1229 1236 1230
f 1232 1237 1238
f 1232 1238 1239
f 1232 1239 1240
f 1232 1240 1233
f 1234 1241 1242
f 1234 1242 1235
f 1235 1242 1236
f 1236 1242 1243
f 1237 1244 1245
f 1237 1245 1246
f 1237 1246 1238
f 1241 1247 1243
f 1241 1243 1242
f 1243 1247 1248
f 1243 1248 1249
f 1243 1249 1250
f 1244 1251 1245
f 1245 1251 1252
f 1248 1253 1249
f 1249 1253 1254
f 1249 1254 1255
f 1249 1255 1250
f 1250 1255 1256
f 1251 1257 1258
f 1251 1258 1252
f 1253 1259 1254
f 1254 1259 1260
f 1254 1260 1261
f 1254 1261 1262
f 1254 1262 1263
f 1254 1263 1256
f 1254 1256 1255
f 1257 1264 1265
f 1257 1265 1266
f 1257 1266 1258
f 1259 1267 1260
f 1260 1267 1261
f 1261 1267 1268
f 1261 1268 1269
f 1261 1269 1270
f 1261 1270 1262
f 1262 1270 1269
f 1262 1269 1271
f 1264 1272 1265
f 1265 1273 1274
f 1265 1274 1266
f 1265 1272 1275
f 1265 1275 1276
f 1265 1276 1277
f 1265 1277 1278
f 1265 1278 1273
f 1269 1279 1280
f 1269 1280 1281
f 1269 1281 1282
f 1269 1282 1271
f 1272 1283 1275
f 1275 1284 1285
f 1275 1285 1286
f 1275 1286 1276
f 1275 1283 1284
f 1279 1287 1288
f 1279 1288 1280
f 1283 1289 1284
f 1284 1290 1285
f 1284 1289 1291
f 1284 1291 1290
f 1285 1290 1291
f 1285 1291 1292
f 1287 1293 1294
f 1287 1294 1295
f 1287 1295 1288
f 1291 1296 1297
f 1291 1297 1298
f 1291 1298 1292
f 1293 1299 1300
f 1293 1300 1294
f 1293 1301 1299
f 1296 1302 1303
f 1296 1303 1297
f 1299 1304 1305
f 1299 1305 1300
f 1299 1301 1306
f 1299 1306 1304
f 1301 1307 1306
f 1302 1308 1309
f 1302 1309 1303
f 1304 1306 1310
f 1304 1310 1305
f 1306 1307 1311
f 1306 1311 1312
f 1306 1312 1313
f 1306 1313 1310
f 1308 1314 1315
f 1308 1315 1309
f 1312 1316 1313
f 1312 1317 1316
f 1314 1318 1319
f 1314 1319 1320
f 1314 1320 1315
f 1315 1320 1321
f 1316 1317 1323
f 1316 1323 1322
f 1318 1324 1325
f 1318 1325 1326
f 1318 1326 1327
f 1318 1327 1319
f 1319 1321 1320
f 1322 1323 1328
f 1323 1329 1328
f 1324 1330 1325
f 1325 1331 1332
f 1325 1332 1333
f 1325 1333 1327
f 1325 1327 1326
f 1325 1330 1334
f 1325 1334 1335
f 1325 1335 1331
f 1328 1329 1337
f 1328 1337 1338
f 1328 1338 1336
f 1331 1335 1332
f 1332 1339 1340
f 1332 1340 1333
f 1332 1335 1339
f 1335 1341 1342
f 1335 1342 1343
f 1335 1343 1344
f 1335 1344 1339
f 1336 1338 1345
f 1336 1345 1346
f 1336 1346 1347
f 1336 1347 1348
f 1336 1348 1349
f 1336 1349 1350
f 1337 1351 1352
f 1337 1352 1345
f 1337 1345 1338
f 1339 1344 1353
f 1341 1354 1355
f 1341 1355 1356
f 1341 1356 1342
f 1342 1353 1343
f 1343 1353 1344
f 1345 1357 1346
f 1345 1352 1357
f 1346 1357 1347
f 1347 1357 1348
f 1348 1357 1349
f 1349 1357 1358
f 1349 1358 1359
f 1349 1359 1360
f 1349 1360 1361
f 1349 1361 1362
f 1349 1362 1350
f 1351 1363 1364
f 1351 1364 1352
f 1352 1364 1365
f 1352 1365 1366
f 1352 1366 1357
f 1354 1367 1368
f 1354 1368 1355
f 1355 1368 1356
f 1357 1366 1358
f 1358 1366 1369
f 1358 1369 1370
f 1358 1370 1371
f 1358 1371 1359
f 1359 1371 1372
f 1359 1372 1373
f 1359 1373 1374
f 1359 1374 1360
f 1363 1375 1376
f 1363 1376 1377
f 1363 1377 1364
f 1363 1378 1375
f 1364 1377 1365
f 1365 1377 1366
f 1366 1377 1369
f 1367 1379 1368
f 1368 1379 1380
f 1368 1380 1381
f 1368 1381 1382
f 1368 1382 1383
f 1369 1377 1384
f 1369 1384 1385
f 1369 1385 1386
f 1369 1386 1370
f 1372 1387 1388
f 1372 1388 1373
f 1375 1378 1385
f 1375 1385 1376
f 1376 1384 1377
f 1376 1385 1384
f 1380 1389 1381
f 1381 1390 1391
f 1381 1391 1382
f 1381 1389 1392
f 1381 1392 1390
f 1382 1391 1383
f 1383 1391 1393
f 1387 1394 1395
f 1387 1395 1396
f 1387 1396 1388
f 1387 1397 1413
f 1387 1413 1416
f 1387 1416 1406
f 1387 1406 1405
f 1387 1405 1404
f 1387 1404 1403
f 1387 1403 1417
f 1387 1417 1407
f 1387 1407 1398
f 1387 1398 1389
f 1387 1389 1399
f 1387 1399 1415
f 1387 1415 1422
f 1387 1422 1418
f 1387 1418 1409
f 1387 1409 1394
f 1389 1398 1392
f 1390 1400 1401
f 1390 1401 1391
f 1390 1392 1402
f 1390 1402 1403
f 1390 1403 1404
f 1390 1404 1405
f 1390 1405 1406
f 1390 1406 1400
f 1391 1401 1393
f 1392 1398 1407
f 1392 1407 1402
f 1393 1401 1408
f 1394 1409 1410
f 1394 1410 1395
f 1395 1410 1411
f 1395 1411 1412
f 1395 1412 1396
f 1397 1408 1401
f 1397 1401 1413
f 1399 1414 1415
f 1400 1406 1416
f 1400 1416 1413
f 1400 1413 1401
f 1402 1407 1417
f 1402 1417 1403
f 1409 1418 1411
f 1409 1411 1410
f 1411 1418 1419
f 1411 1419 1420
f 1411 1420 1412
f 1414 1421 1422
f 1414 1422 1415
f 1418 1422 1419
f 1419 1422 1423
f 1421 1423 1422

o geometry_4
v 0.00161837 0.01381659 0.00375337 0.56470588 0.92549020 0.07058824
v 0.00261434 0.01381382 0.00574447 0.56470588 0.92549020 0.07058824
v 0.00261434 0.01381382 0.00474945 0.56470588 0.92549020 0.07058824
v 0.00161837 0.01381382 0.00275730 0.56470588 0.92549020 0.07058824
v -0.00136677 0.01381382 0.00239405 0.56470588 0.92549020 0.07058824
v -0.00137230 0.01381382 0.00774133 0.56470588 0.92549020 0.07058824
v 0.00260881 0.01380829 0.00774133 0.56470588 0.92549020 0.07058824
v 0.00261434 0.01381106 0.00674054 0.56470588 0.92549020 0.07058824
v 0.00361031 0.01372536 0.00574447 0.56470588 0.92549020 0.07058824
v 0.00261434 0.01380276 0.00375337 0.56470588 0.92549020 0.07058824
v 0.00161837 0.01381106 0.00239405 0.56470588 0.92549020 0.07058824
v 0.00361031 0.01372536 0.00474945 0.56470588 0.92549020 0.07058824
v -0.00236274 0.01376683 0.00239405 0.56470588 0.92549020 0.07058824
v -0.00236827 0.01376683 0.00774133 0.56470588 0.92549020 0.07058824
v 0.00360478 0.01371983 0.00774133 0.56470588 0.92549020 0.07058824
v 0.00261434 0.01380829 0.00773609 0.56470588 0.92549020 0.07058824
v 0.00361031 0.01372260 0.00674054 0.56470588 0.92549020 0.07058824
v 0.00460628 0.01345169 0.00574447 0.56470588 0.92549020 0.07058824
v 0.00261434 0.01378065 0.00275730 0.56470588 0.92549020 0.07058824
v 0.00261434 0.01376406 0.00239405 0.56470588 0.92549020 0.07058824
v 0.00460628 0.01344893 0.00474945 0.56470588 0.92549020 0.07058824
v 0.00361031 0.01370325 0.00375337 0.56470588 0.92549020 0.07058824
v -0.00299628 0.01363690 0.00239405 0.56470588 0.92549020 0.07058824
v -0.00335871 0.01356227 0.00275730 0.56470588 0.92549020 0.07058824
v -0.00335871 0.01356227 0.00773609 0.56470588 0.92549020 0.07058824
v -0.00336424 0.01355950 0.00774133 0.56470588 0.92549020 0.07058824
v 0.00460075 0.01344616 0.00774133 0.56470588 0.92549020 0.07058824
v 0.00361031 0.01371983 0.00773609 0.56470588 0.92549020 0.07058824
v 0.00527026 0.01313932 0.00773609 0.56470588 0.92549020 0.07058824
v 0.00527579 0.01314209 0.00574447 0.56470588 0.92549020 0.07058824
v 0.00361031 0.01365073 0.00275730 0.56470588 0.92549020 0.07058824
v 0.00361031 0.01360926 0.00239405 0.56470588 0.92549020 0.07058824
v 0.00460628 0.01342129 0.00375337 0.56470588 0.92549020 0.07058824
v 0.00527303 0.01313932 0.00474945 0.56470588 0.92549020 0.07058824
v 0.00525089 0.01312274 0.00375337 0.56470588 0.92549020 0.07058824
v -0.00335871 0.01355950 0.00239405 0.56470588 0.92549020 0.07058824
v -0.00388159 0.01334112 0.00239405 0.56470588 0.92549020 0.07058824
v -0.00418315 0.01321672 0.00375337 0.56470588 0.92549020 0.07058824
v -0.00418315 0.01321672 0.00474945 0.56470588 0.92549020 0.07058824
v -0.00418038 0.01321672 0.00774133 0.56470588 0.92549020 0.07058824
v 0.00526749 0.01313932 0.00774133 0.56470588 0.92549020 0.07058824
v 0.00527303 0.01313656 0.00774133 0.56470588 0.92549020 0.07058824
v 0.00576824 0.01272467 0.00774133 0.56470588 0.92549020 0.07058824
v 0.00577378 0.01273020 0.00574447 0.56470588 0.92549020 0.07058824
v 0.00577101 0.01273020 0.00474945 0.56470588 0.92549020 0.07058824
v 0.00460628 0.01334112 0.00275730 0.56470588 0.92549020 0.07058824
v 0.00460628 0.01328031 0.00239405 0.56470588 0.92549020 0.07058824
v 0.00518450 0.01307851 0.00275730 0.56470588 0.92549020 0.07058824
v 0.00574888 0.01272191 0.00375337 0.56470588 0.92549020 0.07058824
v 0.00568248 0.01269150 0.00275730 0.56470588 0.92549020 0.07058824
v -0.00418038 0.01321396 0.00239405 0.56470588 0.92549020 0.07058824
v -0.00734258 0.01161065 0.00275730 0.56470588 0.92549020 0.07058824
v -0.00734258 0.01161065 0.00375337 0.56470588 0.92549020 0.07058824
v -0.00734258 0.01160788 0.00773609 0.56470588 0.92549020 0.07058824
v -0.00734535 0.01160512 0.00774133 0.56470588 0.92549020 0.07058824
v 0.00629943 0.01222433 0.00774133 0.56470588 0.92549020 0.07058824
v 0.00629666 0.01222709 0.00773609 0.56470588 0.92549020 0.07058824
v 0.00629943 0.01223262 0.00574447 0.56470588 0.92549020 0.07058824
v 0.00630219 0.01223262 0.00474945 0.56470588 0.92549020 0.07058824
v 0.00630219 0.01222433 0.00375337 0.56470588 0.92549020 0.07058824
v 0.00495210 0.01313932 0.00239405 0.56470588 0.92549020 0.07058824
v 0.00531176 0.01292370 0.00239405 0.56470588 0.92549020 0.07058824
v 0.00514576 0.01305087 0.00239405 0.56470588 0.92549020 0.07058824
v 0.00588167 0.01248694 0.00239405 0.56470588 0.92549020 0.07058824
v 0.00628283 0.01219392 0.00275730 0.56470588 0.92549020 0.07058824
v -0.00734258 0.01160788 0.00239405 0.56470588 0.92549020 0.07058824
v -0.00776587 0.01133698 0.00239405 0.56470588 0.92549020 0.07058824
v -0.00800656 0.01118217 0.00239405 0.56470588 0.92549020 0.07058824
v -0.00800656 0.01118217 0.00774133 0.56470588 0.92549020 0.07058824
v 0.00830797 0.01023677 0.00774133 0.56470588 0.92549020 0.07058824
v 0.00830520 0.01023953 0.00773609 0.56470588 0.92549020 0.07058824
v 0.00680018 0.01173504 0.00375337 0.56470588 0.92549020 0.07058824
v 0.00830520 0.01023953 0.00239405 0.56470588 0.92549020 0.07058824
v 0.00728710 0.01123193 0.00239405 0.56470588 0.92549020 0.07058824
v 0.00696341 0.01154707 0.00239405 0.56470588 0.92549020 0.07058824
v 0.00626070 0.01216904 0.00239405 0.56470588 0.92549020 0.07058824
v 0.00675868 0.01172951 0.00239405 0.56470588 0.92549020 0.07058824
v -0.00818916 0.01101355 0.00239405 0.56470588 0.92549020 0.07058824
v -0.00850455 0.01072053 0.00773609 0.56470588 0.92549020 0.07058824
v -0.00850731 0.01071777 0.00774133 0.56470588 0.92549020 0.07058824
v 0.00880318 0.00973643 0.00774133 0.56470588 0.92549020 0.07058824
v 0.01028330 0.00825198 0.00474945 0.56470588 0.92549020 0.07058824
v 0.00880318 0.00974196 0.00574447 0.56470588 0.92549020 0.07058824
v 0.00880318 0.00974196 0.00474945 0.56470588 0.92549020 0.07058824
v 0.00880318 0.00973919 0.00239405 0.56470588 0.92549020 0.07058824
v -0.00850455 0.01072053 0.00239405 0.56470588 0.92549020 0.07058824
v -0.00903020 0.01022295 0.00774133 0.56470588 0.92549020 0.07058824
v 0.00928180 0.00923608 0.00774133 0.56470588 0.92549020 0.07058824
v 0.01078129 0.00773505 0.00474945 0.56470588 0.92549020 0.07058824
v 0.01126267 0.00725129 0.00375337 0.56470588 0.92549020 0.07058824
v 0.01078129 0.00774887 0.00375337 0.56470588 0.92549020 0.07058824
v 0.01077576 0.00775163 0.00275730 0.56470588 0.92549020 0.07058824
v 0.01126821 0.00725129 0.00239405 0.56470588 0.92549020 0.07058824
v -0.00903020 0.01022295 0.00239405 0.56470588 0.92549020 0.07058824
v -0.00953095 0.00971708 0.00774133 0.56470588 0.92549020 0.07058824
v 0.00977702 0.00868598 0.00774133 0.56470588 0.92549020 0.07058824
v 0.01124054 0.00723470 0.00474945 0.56470588 0.92549020 0.07058824
v 0.01126821 0.00725405 0.00275730 0.56470588 0.92549020 0.07058824
v 0.01171363 0.00654915 0.00375337 0.56470588 0.92549020 0.07058824
v 0.01155316 0.00680623 0.00239405 0.56470588 0.92549020 0.07058824
v -0.00921279 0.01003774 0.00239405 0.56470588 0.92549020 0.07058824
v -0.01051308 0.00871915 0.00774133 0.56470588 0.92549020 0.07058824
v 0.01018094 0.00819116 0.00774133 0.56470588 0.92549020 0.07058824
v 0.01018371 0.00818840 0.00773609 0.56470588 0.92549020 0.07058824
v 0.01119074 0.00718494 0.00574447 0.56470588 0.92549020 0.07058824
v 0.01167490 0.00654915 0.00474945 0.56470588 0.92549020 0.07058824
v 0.01171916 0.00654915 0.00275730 0.56470588 0.92549020 0.07058824
v 0.01328228 0.00341715 0.00275730 0.56470588 0.92549020 0.07058824
v 0.01328504 0.00341992 0.00239405 0.56470588 0.92549020 0.07058824
v 0.01171639 0.00654915 0.00239405 0.56470588 0.92549020 0.07058824
v -0.00952818 0.00971431 0.00239405 0.56470588 0.92549020 0.07058824
v -0.01099447 0.00822433 0.00773609 0.56470588 0.92549020 0.07058824
v -0.01099447 0.00822433 0.00774133 0.56470588 0.92549020 0.07058824
v 0.01159743 0.00555122 0.00774133 0.56470588 0.92549020 0.07058824
v 0.01159743 0.00555399 0.00773609 0.56470588 0.92549020 0.07058824
v 0.01112711 0.00711307 0.00637833 0.56470588 0.92549020 0.07058824
v 0.01157253 0.00654915 0.00574447 0.56470588 0.92549020 0.07058824
v 0.01325461 0.00337293 0.00375337 0.56470588 0.92549020 0.07058824
v 0.01360873 0.00256574 0.00375337 0.56470588 0.92549020 0.07058824
v 0.01365023 0.00256574 0.00275730 0.56470588 0.92549020 0.07058824
v 0.01351744 0.00288087 0.00239405 0.56470588 0.92549020 0.07058824
v -0.00999573 0.00921397 0.00239405 0.56470588 0.92549020 0.07058824
v -0.01149522 0.00766870 0.00774133 0.56470588 0.92549020 0.07058824
v 0.01199305 0.00477997 0.00774133 0.56470588 0.92549020 0.07058824
v 0.01132354 0.00657403 0.00672222 0.56470588 0.92549020 0.07058824
v 0.01199305 0.00478274 0.00773609 0.56470588 0.92549020 0.07058824
v 0.01321588 0.00227272 0.00774133 0.56470588 0.92549020 0.07058824
v 0.01355617 0.00157058 0.00773609 0.56470588 0.92549020 0.07058824
v 0.01195709 0.00570603 0.00574447 0.56470588 0.92549020 0.07058824
v 0.01349807 0.00256574 0.00474945 0.56470588 0.92549020 0.07058824
v 0.01383006 0.00057542 0.00773609 0.56470588 0.92549020 0.07058824
v 0.01379686 0.00157058 0.00474945 0.56470588 0.92549020 0.07058824
v 0.01384666 0.00157058 0.00375337 0.56470588 0.92549020 0.07058824
v 0.01378856 0.00193547 0.00239405 0.56470588 0.92549020 0.07058824
v 0.01365300 0.00256574 0.00239405 0.56470588 0.92549020 0.07058824
v 0.01386326 0.00157058 0.00275730 0.56470588 0.92549020 0.07058824
v -0.01017833 0.00899835 0.00239405 0.56470588 0.92549020 0.07058824
v -0.01192681 0.00717389 0.00774133 0.56470588 0.92549020 0.07058824
v 0.01355617 0.00156505 0.00774133 0.56470588 0.92549020 0.07058824
v 0.01383006 0.00056989 0.00774133 0.56470588 0.92549020 0.07058824
v 0.01390476 -0.00041698 0.00773609 0.56470588 0.92549020 0.07058824
v 0.01385773 0.00057542 0.00674054 0.56470588 0.92549020 0.07058824
v 0.01388539 0.00057542 0.00574447 0.56470588 0.92549020 0.07058824
v 0.01390199 0.00057542 0.00474945 0.56470588 0.92549020 0.07058824
v 0.01386326 0.00157058 0.00239405 0.56470588 0.92549020 0.07058824
v 0.01391029 0.00057542 0.00375337 0.56470588 0.92549020 0.07058824
v -0.01049372 0.00861411 0.00239405 0.56470588 0.92549020 0.07058824
v -0.01230860 0.00654915 0.00773609 0.56470588 0.92549020 0.07058824
v -0.01230860 0.00654915 0.00774133 0.56470588 0.92549020 0.07058824
v -0.01087274 0.00811653 0.00239405 0.56470588 0.92549020 0.07058824
v -0.01364762 0.00379310 0.00239405 0.56470588 0.92549020 0.07058824
v 0.01390476 -0.00042251 0.00774133 0.56470588 0.92549020 0.07058824
v 0.01390753 -0.00141767 0.00774133 0.56470588 0.92549020 0.07058824
v 0.01390753 0.00057542 0.00239405 0.56470588 0.92549020 0.07058824
v 0.01391583 -0.00340523 0.00275730 0.56470588 0.92549020 0.07058824
v -0.01382745 0.00347797 0.00239405 0.56470588 0.92549020 0.07058824
v -0.01392981 0.00329552 0.00239405 0.56470588 0.92549020 0.07058824
v -0.01392981 0.00329552 0.00574447 0.56470588 0.92549020 0.07058824
v -0.01392981 0.00329276 0.00774133 0.56470588 0.92549020 0.07058824
v 0.01391306 -0.00340523 0.00375337 0.56470588 0.92549020 0.07058824
v 0.01390199 -0.00241559 0.00774133 0.56470588 0.92549020 0.07058824
v 0.01390476 -0.00241006 0.00773609 0.56470588 0.92549020 0.07058824
v 0.01391306 -0.00340523 0.00239405 0.56470588 0.92549020 0.07058824
v 0.01389923 -0.00440039 0.00239405 0.56470588 0.92549020 0.07058824
v -0.01416774 0.00256574 0.00239405 0.56470588 0.92549020 0.07058824
v -0.01416774 0.00256574 0.00774133 0.56470588 0.92549020 0.07058824
v 0.01390753 -0.00340523 0.00474945 0.56470588 0.92549020 0.07058824
v 0.01383006 -0.00341075 0.00774133 0.56470588 0.92549020 0.07058824
v 0.01383283 -0.00340523 0.00773609 0.56470588 0.92549020 0.07058824
v 0.01387156 -0.00340523 0.00674054 0.56470588 0.92549020 0.07058824
v 0.01389646 -0.00340523 0.00574447 0.56470588 0.92549020 0.07058824
v 0.01389369 -0.00440039 0.00275730 0.56470588 0.92549020 0.07058824
v 0.01378026 -0.00539831 0.00239405 0.56470588 0.92549020 0.07058824
v -0.01432267 0.00157058 0.00239405 0.56470588 0.92549020 0.07058824
v -0.01432267 0.00157058 0.00774133 0.56470588 0.92549020 0.07058824
v 0.01358384 -0.00440591 0.00774133 0.56470588 0.92549020 0.07058824
v 0.01358660 -0.00440039 0.00773609 0.56470588 0.92549020 0.07058824
v 0.01370833 -0.00440039 0.00674054 0.56470588 0.92549020 0.07058824
v 0.01378580 -0.00440039 0.00574447 0.56470588 0.92549020 0.07058824
v 0.01383559 -0.00440039 0.00474945 0.56470588 0.92549020 0.07058824
v 0.01386879 -0.00440039 0.00375337 0.56470588 0.92549020 0.07058824
v 0.01375536 -0.00539831 0.00275730 0.56470588 0.92549020 0.07058824
v 0.01336528 -0.00642112 0.00239405 0.56470588 0.92549020 0.07058824
v -0.01433097 0.00120845 0.00239405 0.56470588 0.92549020 0.07058824
v -0.01434480 0.00057542 0.00774133 0.56470588 0.92549020 0.07058824
v 0.01323525 -0.00519651 0.00774133 0.56470588 0.92549020 0.07058824
v 0.01323525 -0.00519928 0.00773609 0.56470588 0.92549020 0.07058824
v 0.01329058 -0.00546466 0.00673688 0.56470588 0.92549020 0.07058824
v 0.01345381 -0.00539831 0.00574447 0.56470588 0.92549020 0.07058824
v 0.01365853 -0.00539831 0.00375337 0.56470588 0.92549020 0.07058824
v 0.01309692 -0.00593183 0.00640294 0.56470588 0.92549020 0.07058824
v 0.01312735 -0.00683024 0.00239405 0.56470588 0.92549020 0.07058824
v -0.01434480 0.00057542 0.00239405 0.56470588 0.92549020 0.07058824
v -0.01434756 -0.00340523 0.00474945 0.56470588 0.92549020 0.07058824
v -0.01434480 -0.00241006 0.00674054 0.56470588 0.92549020 0.07058824
v -0.01434203 -0.00241006 0.00774133 0.56470588 0.92549020 0.07058824
v 0.01294475 -0.00569962 0.00774133 0.56470588 0.92549020 0.07058824
v 0.01303882 -0.00584337 0.00706663 0.56470588 0.92549020 0.07058824
v 0.01023074 -0.01007280 0.00774133 0.56470588 0.92549020 0.07058824
v 0.01300839 -0.00695463 0.00239405 0.56470588 0.92549020 0.07058824
v 0.01023074 -0.01007280 0.00773609 0.56470588 0.92549020 0.07058824
v 0.00978255 -0.01057038 0.00773609 0.56470588 0.92549020 0.07058824
v 0.00979915 -0.01054274 0.00674054 0.56470588 0.92549020 0.07058824
v -0.01434480 -0.00340523 0.00239405 0.56470588 0.92549020 0.07058824
v -0.01434203 -0.00340523 0.00574447 0.56470588 0.92549020 0.07058824
v -0.01431713 -0.00376735 0.00239405 0.56470588 0.92549020 0.07058824
v -0.01425903 -0.00440039 0.00239405 0.56470588 0.92549020 0.07058824
v -0.01424797 -0.00440039 0.00474945 0.56470588 0.92549020 0.07058824
v -0.01432543 -0.00340523 0.00674054 0.56470588 0.92549020 0.07058824
v -0.01429500 -0.00340523 0.00774133 0.56470588 0.92549020 0.07058824
v 0.01183812 -0.00750197 0.00774133 0.56470588 0.92549020 0.07058824
v 0.00977979 -0.01057315 0.00774133 0.56470588 0.92549020 0.07058824
v 0.00930117 -0.01104861 0.00674054 0.56470588 0.92549020 0.07058824
v 0.00922924 -0.01100715 0.00574447 0.56470588 0.92549020 0.07058824
v 0.00914347 -0.01093528 0.00513207 0.56470588 0.92549020 0.07058824
v 0.00533389 -0.01312463 0.00239405 0.56470588 0.92549020 0.07058824
v -0.01423414 -0.00440039 0.00574447 0.56470588 0.92549020 0.07058824
v -0.01416497 -0.00473764 0.00239405 0.56470588 0.92549020 0.07058824
v -0.01399621 -0.00529050 0.00239405 0.56470588 0.92549020 0.07058824
v -0.01398514 -0.00524904 0.00474945 0.56470588 0.92549020 0.07058824
v -0.01418987 -0.00440039 0.00674054 0.56470588 0.92549020 0.07058824
v -0.01410687 -0.00440039 0.00774133 0.56470588 0.92549020 0.07058824
v 0.00928457 -0.01102097 0.00774133 0.56470588 0.92549020 0.07058824
v 0.00858739 -0.01149367 0.00674054 0.56470588 0.92549020 0.07058824
v 0.00801748 -0.01185027 0.00574447 0.56470588 0.92549020 0.07058824
v 0.00858739 -0.01148538 0.00574447 0.56470588 0.92549020 0.07058824
v 0.00471418 -0.01362221 0.00239405 0.56470588 0.92549020 0.07058824
v -0.01397408 -0.00522692 0.00574447 0.56470588 0.92549020 0.07058824
v -0.01375552 -0.00579085 0.00239405 0.56470588 0.92549020 0.07058824
v -0.01372785 -0.00574662 0.00474945 0.56470588 0.92549020 0.07058824
v -0.01394641 -0.00515781 0.00674054 0.56470588 0.92549020 0.07058824
v -0.01389108 -0.00502789 0.00774133 0.56470588 0.92549020 0.07058824
v 0.00659545 -0.01241972 0.00774133 0.56470588 0.92549020 0.07058824
v 0.00799258 -0.01181710 0.00674054 0.56470588 0.92549020 0.07058824
v 0.00423279 -0.01392076 0.00275730 0.56470588 0.92549020 0.07058824
v 0.00421896 -0.01391523 0.00239405 0.56470588 0.92549020 0.07058824
v 0.00439879 -0.01381018 0.00239405 0.56470588 0.92549020 0.07058824
v -0.01371402 -0.00572450 0.00574447 0.56470588 0.92549020 0.07058824
v -0.01322987 -0.00641835 0.00239405 0.56470588 0.92549020 0.07058824
v -0.01323263 -0.00633819 0.00474945 0.56470588 0.92549020 0.07058824
v -0.01366422 -0.00565539 0.00674054 0.56470588 0.92549020 0.07058824
v -0.01354526 -0.00552824 0.00774133 0.56470588 0.92549020 0.07058824
v 0.00577931 -0.01276527 0.00774133 0.56470588 0.92549020 0.07058824
v 0.00578208 -0.01276527 0.00773609 0.56470588 0.92549020 0.07058824
v 0.00411383 -0.01386547 0.00426894 0.56470588 0.92549020 0.07058824
v 0.00416916 -0.01389588 0.00375337 0.56470588 0.92549020 0.07058824
v 0.00749459 -0.01206036 0.00674054 0.56470588 0.92549020 0.07058824
v 0.00361031 -0.01406727 0.00375337 0.56470588 0.92549020 0.07058824
v 0.00361031 -0.01407556 0.00275730 0.56470588 0.92549020 0.07058824
v 0.00361031 -0.01405621 0.00239405 0.56470588 0.92549020 0.07058824
v -0.01321603 -0.00631054 0.00574447 0.56470588 0.92549020 0.07058824
v -0.01316624 -0.00624973 0.00674054 0.56470588 0.92549020 0.07058824
v -0.01295598 -0.00671966 0.00239405 0.56470588 0.92549020 0.07058824
v -0.01280935 -0.00688000 0.00239405 0.56470588 0.92549020 0.07058824
v -0.01305004 -0.00612810 0.00774133 0.56470588 0.92549020 0.07058824
v 0.00528409 -0.01292007 0.00774133 0.56470588 0.92549020 0.07058824
v 0.00330599 -0.01394840 0.00555499 0.56470588 0.92549020 0.07058824
v 0.00362691 -0.01398710 0.00465994 0.56470588 0.92549020 0.07058824
v 0.00261434 -0.01425524 0.00474945 0.56470588 0.92549020 0.07058824
v 0.00261434 -0.01428289 0.00375337 0.56470588 0.92549020 0.07058824
v 0.00261434 -0.01423313 0.00275730 0.56470588 0.92549020 0.07058824
v 0.00324512 -0.01411426 0.00239405 0.56470588 0.92549020 0.07058824
v -0.01274018 -0.00683577 0.00474945 0.56470588 0.92549020 0.07058824
v -0.01012853 -0.00923244 0.00774133 0.56470588 0.92549020 0.07058824
v -0.01264889 -0.00702650 0.00239405 0.56470588 0.92549020 0.07058824
v -0.00960841 -0.00972726 0.00774133 0.56470588 0.92549020 0.07058824
v 0.00460628 -0.01304999 0.00774133 0.56470588 0.92549020 0.07058824
v 0.00307083 -0.01385441 0.00621921 0.56470588 0.92549020 0.07058824
v 0.00268904 -0.01403133 0.00583031 0.56470588 0.92549020 0.07058824
v 0.00161837 -0.01416402 0.00574447 0.56470588 0.92549020 0.07058824
v 0.00161837 -0.01435476 0.00474945 0.56470588 0.92549020 0.07058824
v 0.00161837 -0.01437687 0.00375337 0.56470588 0.92549020 0.07058824
v 0.00261434 -0.01421378 0.00239405 0.56470588 0.92549020 0.07058824
v -0.01234456 -0.00726424 0.00239405 0.56470588 0.92549020 0.07058824
v -0.00911596 -0.01006175 0.00774133 0.56470588 0.92549020 0.07058824
v -0.01163632 -0.00778670 0.00239405 0.56470588 0.92549020 0.07058824
v -0.00601186 -0.01201337 0.00474945 0.56470588 0.92549020 0.07058824
v -0.00606719 -0.01205483 0.00574447 0.56470588 0.92549020 0.07058824
v 0.00361031 -0.01319650 0.00774133 0.56470588 0.92549020 0.07058824
v 0.00240685 -0.01390970 0.00633489 0.56470588 0.92549020 0.07058824
v 0.00161837 -0.01393734 0.00638148 0.56470588 0.92549020 0.07058824
v 0.00062240 -0.01416955 0.00574447 0.56470588 0.92549020 0.07058824
v 0.00062240 -0.01436858 0.00474945 0.56470588 0.92549020 0.07058824
v 0.00062240 -0.01441004 0.00375337 0.56470588 0.92549020 0.07058824
v -0.00037080 -0.01442110 0.00239405 0.56470588 0.92549020 0.07058824
v 0.00025722 -0.01439070 0.00239405 0.56470588 0.92549020 0.07058824
v 0.00125318 -0.01432435 0.00239405 0.56470588 0.92549020 0.07058824
v -0.00535064 -0.01251371 0.00574447 0.56470588 0.92549020 0.07058824
v -0.00830812 -0.01056485 0.00774028 0.56470588 0.92549020 0.07058824
v -0.00830535 -0.01056485 0.00774133 0.56470588 0.92549020 0.07058824
v -0.00299075 -0.01394564 0.00239405 0.56470588 0.92549020 0.07058824
v 0.00261434 -0.01328772 0.00774133 0.56470588 0.92549020 0.07058824
v 0.00161837 -0.01329878 0.00773609 0.56470588 0.92549020 0.07058824
v 0.00062240 -0.01394011 0.00638252 0.56470588 0.92549020 0.07058824
v -0.00037080 -0.01392905 0.00636734 0.56470588 0.92549020 0.07058824
v -0.00037080 -0.01415020 0.00574447 0.56470588 0.92549020 0.07058824
v -0.00037080 -0.01435752 0.00474945 0.56470588 0.92549020 0.07058824
v -0.00037080 -0.01442110 0.00375337 0.56470588 0.92549020 0.07058824
v -0.00037080 -0.01442387 0.00275730 0.56470588 0.92549020 0.07058824
v -0.00073599 -0.01441004 0.00239405 0.56470588 0.92549020 0.07058824
v -0.00299075 -0.01394287 0.00275730 0.56470588 0.92549020 0.07058824
v -0.00294095 -0.01391247 0.00375337 0.56470588 0.92549020 0.07058824
v -0.00473093 -0.01282608 0.00574447 0.56470588 0.92549020 0.07058824
v -0.00535064 -0.01234509 0.00674054 0.56470588 0.92549020 0.07058824
v -0.00738685 -0.01111219 0.00774028 0.56470588 0.92549020 0.07058824
v -0.00738961 -0.01110943 0.00774133 0.56470588 0.92549020 0.07058824
v -0.00259236 -0.01410044 0.00239405 0.56470588 0.92549020 0.07058824
v -0.00236274 -0.01418890 0.00275730 0.56470588 0.92549020 0.07058824
v 0.00161837 -0.01329602 0.00774133 0.56470588 0.92549020 0.07058824
v -0.00037080 -0.01330155 0.00774133 0.56470588 0.92549020 0.07058824
v -0.00136677 -0.01324626 0.00774133 0.56470588 0.92549020 0.07058824
v -0.00099881 -0.01390141 0.00631552 0.56470588 0.92549020 0.07058824
v -0.00134463 -0.01401475 0.00575494 0.56470588 0.92549020 0.07058824
v -0.00136677 -0.01426353 0.00474945 0.56470588 0.92549020 0.07058824
v -0.00136677 -0.01436858 0.00375337 0.56470588 0.92549020 0.07058824
v -0.00136677 -0.01439070 0.00275730 0.56470588 0.92549020 0.07058824
v -0.00136677 -0.01439070 0.00239405 0.56470588 0.92549020 0.07058824
v -0.00236274 -0.01413914 0.00375337 0.56470588 0.92549020 0.07058824
v -0.00288562 -0.01387653 0.00431605 0.56470588 0.92549020 0.07058824
v -0.00454280 -0.01275144 0.00674054 0.56470588 0.92549020 0.07058824
v -0.00423571 -0.01263811 0.00774133 0.56470588 0.92549020 0.07058824
v -0.00236274 -0.01418890 0.00239405 0.56470588 0.92549020 0.07058824
v -0.00173196 -0.01431882 0.00239405 0.56470588 0.92549020 0.07058824
v -0.00236274 -0.01310251 0.00774133 0.56470588 0.92549020 0.07058824
v -0.00236274 -0.01310528 0.00773609 0.56470588 0.92549020 0.07058824
v -0.00332551 -0.01293389 0.00774133 0.56470588 0.92549020 0.07058824
v -0.00204735 -0.01393458 0.00543042 0.56470588 0.92549020 0.07058824
v -0.00375156 -0.01284267 0.00774133 0.56470588 0.92549020 0.07058824
v -0.00237380 -0.01400092 0.00468873 0.56470588 0.92549020 0.07058824
v -0.00389819 -0.01287860 0.00731526 0.56470588 0.92549020 0.07058824
f 1424 1425 1426
f 1424 1426 1427
f 1424 1427 1428
f 1424 1428 1429
f 1424 1429 1425
f 1425 1430 1431
f 1425 1431 1440
f 1425 1440 1432
f 1425 1432 1435
f 1425 1435 1426
f 1425 1429 1430
f 1426 1433 1434
f 1426 1434 1427
f 1426 1435 1433
f 1427 1434 1428
f 1428 1436 1437
f 1428 1437 1429
f 1428 1434 1443
f 1428 1443 1455
f 1428 1455 1470
f 1428 1470 1484
f 1428 1484 1486
f 1428 1486 1485
f 1428 1485 1487
f 1428 1487 1499
f 1428 1499 1500
f 1428 1500 1498
f 1428 1498 1497
f 1428 1497 1496
f 1428 1496 1508
f 1428 1508 1516
f 1428 1516 1523
f 1428 1523 1533
f 1428 1533 1532
f 1428 1532 1544
f 1428 1544 1558
f 1428 1558 1557
f 1428 1557 1568
f 1428 1568 1577
f 1428 1577 1586
f 1428 1586 1587
f 1428 1587 1596
f 1428 1596 1606
f 1428 1606 1615
f 1428 1615 1623
f 1428 1623 1639
f 1428 1639 1650
f 1428 1650 1660
f 1428 1660 1659
f 1428 1659 1673
f 1428 1673 1685
f 1428 1685 1696
f 1428 1696 1710
f 1428 1710 1709
f 1428 1709 1708
f 1428 1708 1723
f 1428 1723 1740
f 1428 1740 1746
f 1428 1746 1745
f 1428 1745 1730
f 1428 1730 1714
f 1428 1714 1699
f 1428 1699 1697
f 1428 1697 1688
f 1428 1688 1677
f 1428 1677 1676
f 1428 1676 1662
f 1428 1662 1652
f 1428 1652 1642
f 1428 1642 1641
f 1428 1641 1630
f 1428 1630 1629
f 1428 1629 1627
f 1428 1627 1616
f 1428 1616 1607
f 1428 1607 1597
f 1428 1597 1588
f 1428 1588 1580
f 1428 1580 1579
f 1428 1579 1574
f 1428 1574 1573
f 1428 1573 1570
f 1428 1570 1560
f 1428 1560 1545
f 1428 1545 1534
f 1428 1534 1524
f 1428 1524 1517
f 1428 1517 1509
f 1428 1509 1501
f 1428 1501 1491
f 1428 1491 1490
f 1428 1490 1489
f 1428 1489 1474
f 1428 1474 1460
f 1428 1460 1459
f 1428 1459 1446
f 1428 1446 1436
f 1429 1437 1449
f 1429 1449 1463
f 1429 1463 1478
f 1429 1478 1492
f 1429 1492 1503
f 1429 1503 1510
f 1429 1510 1518
f 1429 1518 1525
f 1429 1525 1536
f 1429 1536 1546
f 1429 1546 1561
f 1429 1561 1572
f 1429 1572 1582
f 1429 1582 1589
f 1429 1589 1598
f 1429 1598 1608
f 1429 1608 1619
f 1429 1619 1633
f 1429 1633 1645
f 1429 1645 1655
f 1429 1655 1665
f 1429 1665 1678
f 1429 1678 1687
f 1429 1687 1689
f 1429 1689 1698
f 1429 1698 1713
f 1429 1713 1729
f 1429 1729 1744
f 1429 1744 1751
f 1429 1751 1749
f 1429 1749 1747
f 1429 1747 1734
f 1429 1734 1733
f 1429 1733 1732
f 1429 1732 1715
f 1429 1715 1702
f 1429 1702 1690
f 1429 1690 1679
f 1429 1679 1666
f 1429 1666 1656
f 1429 1656 1646
f 1429 1646 1635
f 1429 1635 1622
f 1429 1622 1634
f 1429 1634 1620
f 1429 1620 1609
f 1429 1609 1599
f 1429 1599 1591
f 1429 1591 1584
f 1429 1584 1576
f 1429 1576 1575
f 1429 1575 1563
f 1429 1563 1562
f 1429 1562 1550
f 1429 1550 1547
f 1429 1547 1537
f 1429 1537 1526
f 1429 1526 1519
f 1429 1519 1511
f 1429 1511 1504
f 1429 1504 1493
f 1429 1493 1479
f 1429 1479 1466
f 1429 1466 1465
f 1429 1465 1464
f 1429 1464 1450
f 1429 1450 1438
f 1429 1438 1430
f 1430 1438 1451
f 1430 1451 1439
f 1430 1439 1431
f 1431 1439 1451
f 1431 1451 1440
f 1432 1440 1441
f 1432 1441 1435
f 1433 1442 1434
f 1433 1435 1445
f 1433 1445 1442
f 1434 1442 1443
f 1435 1441 1444
f 1435 1444 1445
f 1436 1446 1437
f 1437 1446 1447
f 1437 1447 1448
f 1437 1448 1449
f 1438 1450 1451
f 1440 1451 1441
f 1441 1452 1453
f 1441 1453 1444
f 1441 1451 1450
f 1441 1450 1452
f 1442 1445 1443
f 1443 1445 1454
f 1443 1454 1455
f 1444 1456 1445
f 1444 1453 1457
f 1444 1457 1458
f 1444 1458 1456
f 1445 1456 1454
f 1446 1459 1447
f 1447 1459 1460
f 1447 1460 1461
f 1447 1461 1462
f 1447 1462 1448
f 1448 1462 1463
f 1448 1463 1449
f 1450 1464 1452
f 1452 1464 1465
f 1452 1465 1466
f 1452 1466 1467
f 1452 1467 1453
f 1453 1467 1468
f 1453 1468 1457
f 1454 1456 1469
f 1454 1469 1455
f 1455 1469 1470
f 1456 1458 1471
f 1456 1471 1469
f 1457 1468 1472
f 1457 1472 1458
f 1458 1472 1473
f 1458 1473 1471
f 1460 1474 1461
f 1461 1474 1475
f 1461 1475 1476
f 1461 1476 1462
f 1462 1476 1463
f 1463 1476 1477
f 1463 1477 1478
f 1466 1479 1480
f 1466 1480 1467
f 1467 1480 1481
f 1467 1481 1482
f 1467 1482 1468
f 1468 1482 1483
f 1468 1483 1472
f 1469 1471 1484
f 1469 1484 1470
f 1471 1485 1486
f 1471 1486 1484
f 1471 1473 1487
f 1471 1487 1485
f 1472 1483 1488
f 1472 1488 1473
f 1473 1488 1487
f 1474 1489 1475
f 1475 1489 1490
f 1475 1490 1491
f 1475 1491 1492
f 1475 1492 1476
f 1476 1492 1477
f 1477 1492 1478
f 1479 1493 1494
f 1479 1494 1480
f 1480 1494 1481
f 1481 1494 1482
f 1482 1495 1483
f 1482 1494 1496
f 1482 1496 1495
f 1483 1495 1496
f 1483 1496 1497
f 1483 1497 1498
f 1483 1498 1488
f 1487 1488 1499
f 1488 1498 1500
f 1488 1500 1499
f 1491 1501 1492
f 1492 1501 1502
f 1492 1502 1503
f 1493 1504 1505
f 1493 1505 1506
f 1493 1506 1507
f 1493 1507 1496
f 1493 1496 1494
f 1496 1507 1508
f 1501 1509 1502
f 1502 1509 1517
f 1502 1517 1510
f 1502 1510 1503
f 1504 1511 1512
f 1504 1512 1505
f 1505 1512 1513
f 1505 1513 1514
f 1505 1514 1508
f 1505 1508 1507
f 1505 1507 1506
f 1508 1514 1515
f 1508 1515 1516
f 1510 1517 1518
f 1511 1519 1520
f 1511 1520 1512
f 1512 1520 1513
f 1513 1521 1514
f 1513 1520 1522
f 1513 1522 1521
f 1514 1521 1515
f 1515 1521 1516
f 1516 1521 1523
f 1517 1524 1518
f 1518 1524 1525
f 1519 1526 1527
f 1519 1527 1528
f 1519 1528 1520
f 1520 1528 1529
f 1520 1529 1522
f 1521 1522 1530
f 1521 1530 1523
f 1522 1529 1531
f 1522 1531 1532
f 1522 1532 1530
f 1523 1530 1533
f 1524 1534 1525
f 1525 1535 1536
f 1525 1534 1535
f 1526 1537 1538
f 1526 1538 1539
f 1526 1539 1527
f 1527 1539 1528
f 1528 1539 1540
f 1528 1540 1529
f 1529 1540 1541
f 1529 1541 1531
f 1530 1532 1533
f 1531 1541 1542
f 1531 1542 1543
f 1531 1543 1532
f 1532 1543 1544
f 1534 1545 1535
f 1535 1545 1546
f 1535 1546 1536
f 1537 1547 1549
f 1537 1549 1538
f 1538 1548 1539
f 1538 1549 1548
f 1539 1548 1540
f 1540 1548 1549
f 1540 1549 1550
f 1540 1550 1551
f 1540 1551 1552
f 1540 1552 1541
f 1541 1553 1542
f 1541 1552 1553
f 1542 1554 1555
f 1542 1555 1556
f 1542 1556 1543
f 1542 1553 1551
f 1542 1551 1554
f 1543 1557 1558
f 1543 1558 1544
f 1543 1556 1559
f 1543 1559 1557
f 1545 1560 1561
f 1545 1561 1546
f 1547 1550 1549
f 1550 1562 1551
f 1551 1562 1563
f 1551 1563 1554
f 1551 1553 1552
f 1554 1563 1575
f 1554 1575 1564
f 1554 1564 1565
f 1554 1565 1556
f 1554 1556 1555
f 1556 1565 1566
f 1556 1566 1567
f 1556 1567 1559
f 1557 1559 1568
f 1559 1567 1569
f 1559 1569 1568
f 1560 1570 1561
f 1561 1571 1572
f 1561 1570 1573
f 1561 1573 1574
f 1561 1574 1571
f 1564 1575 1576
f 1564 1576 1569
f 1564 1569 1567
f 1564 1567 1566
f 1564 1566 1565
f 1568 1569 1577
f 1569 1576 1578
f 1569 1578 1577
f 1571 1574 1579
f 1571 1579 1580
f 1571 1580 1581
f 1571 1581 1572
f 1572 1581 1582
f 1576 1583 1578
f 1576 1584 1585
f 1576 1585 1583
f 1577 1578 1586
f 1578 1583 1587
f 1578 1587 1586
f 1580 1588 1589
f 1580 1589 1581
f 1581 1589 1582
f 1583 1590 1587
f 1583 1585 1590
f 1584 1591 1592
f 1584 1592 1585
f 1585 1592 1593
f 1585 1593 1594
f 1585 1594 1590
f 1587 1590 1594
f 1587 1594 1595
f 1587 1595 1596
f 1588 1597 1598
f 1588 1598 1589
f 1591 1599 1600
f 1591 1600 1592
f 1592 1600 1601
f 1592 1601 1602
f 1592 1602 1603
f 1592 1603 1593
f 1593 1603 1604
f 1593 1604 1595
f 1593 1595 1594
f 1595 1604 1596
f 1596 1604 1603
f 1596 1603 1602
f 1596 1602 1605
f 1596 1605 1606
f 1597 1607 1598
f 1598 1607 1608
f 1599 1609 1610
f 1599 1610 1611
f 1599 1611 1612
f 1599 1612 1600
f 1600 1612 1601
f 1601 1613 1605
f 1601 1605 1602
f 1601 1612 1613
f 1605 1613 1606
f 1606 1613 1612
f 1606 1612 1614
f 1606 1614 1615
f 1607 1616 1608
f 1608 1616 1617
f 1608 1617 1618
f 1608 1618 1619
f 1609 1620 1610
f 1610 1620 1621
f 1610 1621 1611
f 1611 1621 1614
f 1611 1614 1612
f 1614 1621 1622
f 1614 1622 1615
f 1615 1622 1624
f 1615 1624 1625
f 1615 1625 1626
f 1615 1626 1623
f 1616 1627 1617
f 1617 1628 1619
f 1617 1619 1618
f 1617 1627 1629
f 1617 1629 1630
f 1617 1630 1631
f 1617 1631 1628
f 1619 1628 1632
f 1619 1632 1633
f 1620 1634 1621
f 1621 1634 1622
f 1622 1635 1625
f 1622 1625 1624
f 1623 1626 1636
f 1623 1636 1637
f 1623 1637 1638
f 1623 1638 1639
f 1625 1635 1636
f 1625 1636 1626
f 1628 1631 1640
f 1628 1640 1632
f 1630 1641 1631
f 1631 1641 1642
f 1631 1642 1643
f 1631 1643 1640
f 1632 1640 1633
f 1633 1640 1644
f 1633 1644 1645
f 1635 1646 1636
f 1636 1646 1647
f 1636 1647 1648
f 1636 1648 1649
f 1636 1649 1637
f 1637 1649 1638
f 1638 1649 1650
f 1638 1650 1639
f 1640 1643 1651
f 1640 1651 1644
f 1642 1652 1643
f 1643 1652 1653
f 1643 1653 1651
f 1644 1651 1654
f 1644 1654 1645
f 1645 1654 1655
f 1646 1656 1657
f 1646 1657 1647
f 1647 1657 1648
f 1648 1657 1658
f 1648 1658 1659
f 1648 1659 1660
f 1648 1660 1650
f 1648 1650 1649
f 1651 1653 1661
f 1651 1661 1654
f 1652 1662 1663
f 1652 1663 1653
f 1653 1663 1661
f 1654 1661 1664
f 1654 1664 1655
f 1655 1664 1665
f 1656 1666 1667
f 1656 1667 1668
f 1656 1668 1669
f 1656 1669 1670
f 1656 1670 1657
f 1657 1670 1669
f 1657 1669 1658
f 1658 1669 1671
f 1658 1671 1672
f 1658 1672 1659
f 1659 1672 1673
f 1661 1663 1674
f 1661 1674 1675
f 1661 1675 1664
f 1662 1676 1663
f 1663 1676 1677
f 1663 1677 1674
f 1664 1675 1678
f 1664 1678 1665
f 1666 1679 1680
f 1666 1680 1667
f 1667 1680 1681
f 1667 1681 1668
f 1668 1681 1669
f 1669 1681 1671
f 1671 1681 1682
f 1671 1682 1683
f 1671 1683 1672
f 1672 1683 1684
f 1672 1684 1685
f 1672 1685 1673
f 1674 1677 1686
f 1674 1686 1687
f 1674 1687 1675
f 1675 1687 1678
f 1677 1688 1689
f 1677 1689 1687
f 1677 1687 1686
f 1679 1690 1691
f 1679 1691 1680
f 1680 1691 1692
f 1680 1692 1682
f 1680 1682 1681
f 1682 1692 1693
f 1682 1693 1694
f 1682 1694 1683
f 1683 1694 1695
f 1683 1695 1684
f 1684 1695 1696
f 1684 1696 1685
f 1688 1697 1689
f 1689 1697 1699
f 1689 1699 1700
f 1689 1700 1701
f 1689 1701 1698
f 1690 1702 1703
f 1690 1703 1691
f 1691 1703 1692
f 1692 1703 1693
f 1693 1703 1704
f 1693 1704 1705
f 1693 1705 1706
f 1693 1706 1694
f 1694 1706 1707
f 1694 1707 1695
f 1695 1707 1708
f 1695 1708 1709
f 1695 1709 1710
f 1695 1710 1696
f 1698 1701 1711
f 1698 1711 1712
f 1698 1712 1713
f 1699 1714 1700
f 1700 1714 1701
f 1701 1714 1711
f 1702 1715 1703
f 1703 1715 1704
f 1704 1716 1717
f 1704 1717 1705
f 1704 1715 1716
f 1705 1717 1718
f 1705 1718 1719
f 1705 1719 1720
f 1705 1720 1706
f 1706 1720 1721
f 1706 1721 1707
f 1707 1721 1722
f 1707 1722 1708
f 1708 1722 1723
f 1711 1714 1724
f 1711 1724 1725
f 1711 1725 1726
f 1711 1726 1727
f 1711 1727 1728
f 1711 1728 1712
f 1712 1728 1729
f 1712 1729 1713
f 1714 1730 1731
f 1714 1731 1724
f 1715 1732 1716
f 1716 1732 1733
f 1716 1733 1717
f 1717 1733 1718
f 1718 1734 1735
f 1718 1735 1719
f 1718 1733 1734
f 1719 1735 1736
f 1719 1736 1737
f 1719 1737 1720
f 1720 1737 1738
f 1720 1738 1721
f 1721 1738 1739
f 1721 1739 1722
f 1722 1739 1740
f 1722 1740 1723
f 1724 1731 1741
f 1724 1741 1725
f 1725 1741 1742
f 1725 1742 1726
f 1726 1742 1743
f 1726 1743 1727
f 1727 1743 1728
f 1728 1743 1744
f 1728 1744 1729
f 1730 1745 1731
f 1731 1745 1746
f 1731 1746 1739
f 1731 1739 1738
f 1731 1738 1741
f 1734 1747 1748
f 1734 1748 1735
f 1735 1748 1749
f 1735 1749 1736
f 1736 1750 1737
f 1736 1749 1751
f 1736 1751 1750
f 1737 1750 1752
f 1737 1752 1741
f 1737 1741 1738
f 1739 1746 1740
f 1741 1752 1742
f 1742 1752 1743
f 1743 1753 1751
f 1743 1751 1744
f 1743 1752 1753
f 1747 1749 1748
f 1750 1751 1752
f 1751 1753 1752

o geometry_5
v -0.00447926 0.01486999 -0.01693679 0.08627451 0.01960784 0.83137255
v -0.00447926 0.01490399 -0.01707914 0.08627451 0.01960784 0.83137255
v -0.00834092 0.01743701 -0.03110144 0.08627451 0.01960784 0.83137255
v -0.00896533 0.01706301 -0.03046502 0.08627451 0.01960784 0.83137255
v -0.00536132 0.01449598 -0.01693679 0.08627451 0.01960784 0.83137255
v -0.00447926 -0.00691209 -0.01693679 0.08627451 0.01960784 0.83137255
v -0.00447926 0.01491856 -0.01714404 0.08627451 0.01960784 0.83137255
v -0.00734519 0.01785716 -0.03209795 0.08627451 0.01960784 0.83137255
v -0.00834092 0.01763859 -0.03209795 0.08627451 0.01960784 0.83137255
v -0.00914114 0.01716258 -0.03110144 0.08627451 0.01960784 0.83137255
v -0.00963824 0.01690515 -0.03110144 0.08627451 0.01960784 0.83137255
v -0.00931391 0.01675943 -0.03012168 0.08627451 0.01960784 0.83137255
v -0.00674806 0.01375769 -0.01693679 0.08627451 0.01960784 0.83137255
v -0.01591419 -0.00691209 -0.01693679 0.08627451 0.01960784 0.83137255
v -0.00447926 -0.00691209 -0.03285999 0.08627451 0.01960784 0.83137255
v -0.00447926 0.01754144 -0.03209795 0.08627451 0.01960784 0.83137255
v -0.00535374 0.01778430 -0.03209795 0.08627451 0.01960784 0.83137255
v -0.00634947 0.01789602 -0.03209795 0.08627451 0.01960784 0.83137255
v -0.00734519 0.01782073 -0.03309237 0.08627451 0.01960784 0.83137255
v -0.00834092 0.01760702 -0.03309237 0.08627451 0.01960784 0.83137255
v -0.00926693 0.01725001 -0.03209795 0.08627451 0.01960784 0.83137255
v -0.00976403 0.01696344 -0.03209795 0.08627451 0.01960784 0.83137255
v -0.01033237 0.01660158 -0.03209795 0.08627451 0.01960784 0.83137255
v -0.01093253 0.01609400 -0.03127311 0.08627451 0.01960784 0.83137255
v -0.01043088 0.01637815 -0.03100514 0.08627451 0.01960784 0.83137255
v -0.01018839 0.01625914 -0.03010494 0.08627451 0.01960784 0.83137255
v -0.00739672 0.01334240 -0.01693679 0.08627451 0.01960784 0.83137255
v -0.01730548 -0.00691209 -0.02166392 0.08627451 0.01960784 0.83137255
v -0.01593389 -0.00616894 -0.01693679 0.08627451 0.01960784 0.83137255
v -0.01734791 -0.00539664 -0.02114473 0.08627451 0.01960784 0.83137255
v -0.01727820 -0.00639237 -0.02114473 0.08627451 0.01960784 0.83137255
v -0.01730245 -0.00691209 -0.03282021 0.08627451 0.01960784 0.83137255
v -0.01730245 -0.00660366 -0.03322007 0.08627451 0.01960784 0.83137255
v -0.01730245 -0.00610579 -0.03383556 0.08627451 0.01960784 0.83137255
v -0.00447926 -0.00515621 -0.03486975 0.08627451 0.01960784 0.83137255
v -0.00447926 0.01745159 -0.03309237 0.08627451 0.01960784 0.83137255
v -0.00535374 0.01772359 -0.03309237 0.08627451 0.01960784 0.83137255
v -0.00634947 0.01785473 -0.03309237 0.08627451 0.01960784 0.83137255
v -0.00734519 0.01748559 -0.03408888 0.08627451 0.01960784 0.83137255
v -0.00841821 0.01726458 -0.03417471 0.08627451 0.01960784 0.83137255
v -0.00905172 0.01713587 -0.03390046 0.08627451 0.01960784 0.83137255
v -0.00921843 0.01723058 -0.03309237 0.08627451 0.01960784 0.83137255
v -0.00971705 0.01693186 -0.03309237 0.08627451 0.01960784 0.83137255
v -0.01033237 0.01652143 -0.03309237 0.08627451 0.01960784 0.83137255
v -0.01100680 0.01614743 -0.03209795 0.08627451 0.01960784 0.83137255
v -0.01082796 0.01600900 -0.03060947 0.08627451 0.01960784 0.83137255
v -0.01216772 0.01526828 -0.03209795 0.08627451 0.01960784 0.83137255
v -0.01266482 0.01487970 -0.03209795 0.08627451 0.01960784 0.83137255
v -0.01252691 0.01480442 -0.03110144 0.08627451 0.01960784 0.83137255
v -0.00761648 0.01317969 -0.01693679 0.08627451 0.01960784 0.83137255
v -0.01875890 -0.00691209 -0.02779999 0.08627451 0.01960784 0.83137255
v -0.01594299 -0.00517321 -0.01693679 0.08627451 0.01960784 0.83137255
v -0.01734488 -0.00440092 -0.02114473 0.08627451 0.01960784 0.83137255
v -0.01986072 -0.00340519 -0.03241826 0.08627451 0.01960784 0.83137255
v -0.01877558 -0.00639237 -0.02774556 0.08627451 0.01960784 0.83137255
v -0.01597481 -0.00041802 -0.01693679 0.08627451 0.01960784 0.83137255
v -0.01797384 -0.00691209 -0.03274484 0.08627451 0.01960784 0.83137255
v -0.01829817 -0.00601594 -0.03373089 0.08627451 0.01960784 0.83137255
v -0.01829817 -0.00559093 -0.03422914 0.08627451 0.01960784 0.83137255
v -0.01730245 -0.00566865 -0.03433172 0.08627451 0.01960784 0.83137255
v -0.01630672 -0.00471664 -0.03538476 0.08627451 0.01960784 0.83137255
v -0.00447926 -0.00509793 -0.03493047 0.08627451 0.01960784 0.83137255
v -0.00447926 0.01722087 -0.03370576 0.08627451 0.01960784 0.83137255
v -0.00540679 0.01726458 -0.03412656 0.08627451 0.01960784 0.83137255
v -0.00634947 0.01745644 -0.03408888 0.08627451 0.01960784 0.83137255
v -0.00734519 0.01712615 -0.03473786 0.08627451 0.01960784 0.83137255
v -0.00813783 0.01708730 -0.03469390 0.08627451 0.01960784 0.83137255
v -0.00880165 0.01699501 -0.03456410 0.08627451 0.01960784 0.83137255
v -0.00936392 0.01680558 -0.03417471 0.08627451 0.01960784 0.83137255
v -0.01085827 0.01603328 -0.03362830 0.08627451 0.01960784 0.83137255
v -0.01095072 0.01610129 -0.03309237 0.08627451 0.01960784 0.83137255
v -0.01296490 0.01416327 -0.03027451 0.08627451 0.01960784 0.83137255
v -0.01220257 0.01434541 -0.02911052 0.08627451 0.01960784 0.83137255
v -0.01196463 0.01415112 -0.02811401 0.08627451 0.01960784 0.83137255
v -0.01011868 0.01129024 -0.01693679 0.08627451 0.01960784 0.83137255
v -0.01144934 0.01572243 -0.03309237 0.08627451 0.01960784 0.83137255
v -0.01209042 0.01522456 -0.03309237 0.08627451 0.01960784 0.83137255
v -0.01258601 0.01479713 -0.03309237 0.08627451 0.01960784 0.83137255
v -0.01314829 0.01438184 -0.03209795 0.08627451 0.01960784 0.83137255
v -0.01309827 0.01430655 -0.03110144 0.08627451 0.01960784 0.83137255
v -0.01881195 -0.00691209 -0.02805958 0.08627451 0.01960784 0.83137255
v -0.01726607 -0.00340519 -0.02114473 0.08627451 0.01960784 0.83137255
v -0.01879376 -0.00094503 -0.02862483 0.08627451 0.01960784 0.83137255
v -0.01594299 0.00059227 -0.01693679 0.08627451 0.01960784 0.83137255
v -0.01983041 -0.00281505 -0.03250200 0.08627451 0.01960784 0.83137255
v -0.01996226 -0.00340519 -0.03309237 0.08627451 0.01960784 0.83137255
v -0.01984556 -0.00415320 -0.03245175 0.08627451 0.01960784 0.83137255
v -0.01850581 -0.00691209 -0.03207702 0.08627451 0.01960784 0.83137255
v -0.01880892 -0.00590665 -0.03360737 0.08627451 0.01960784 0.83137255
v -0.01887712 -0.00497407 -0.03466249 0.08627451 0.01960784 0.83137255
v -0.01829817 -0.00509307 -0.03478392 0.08627451 0.01960784 0.83137255
v -0.01730245 -0.00517078 -0.03488231 0.08627451 0.01960784 0.83137255
v -0.01630672 -0.00421877 -0.03588092 0.08627451 0.01960784 0.83137255
v -0.00447926 -0.00467049 -0.03536801 0.08627451 0.01960784 0.83137255
v -0.01730245 -0.00469478 -0.03538057 0.08627451 0.01960784 0.83137255
v -0.00447926 0.01716258 -0.03382928 0.08627451 0.01960784 0.83137255
v -0.00577355 0.01703387 -0.03461225 0.08627451 0.01960784 0.83137255
v -0.00634947 0.01708730 -0.03467715 0.08627451 0.01960784 0.83137255
v -0.00734519 0.01656515 -0.03523402 0.08627451 0.01960784 0.83137255
v -0.00801659 0.01607214 -0.03561713 0.08627451 0.01960784 0.83137255
v -0.00840912 0.01653358 -0.03511888 0.08627451 0.01960784 0.83137255
v -0.00868041 0.01594828 -0.03554386 0.08627451 0.01960784 0.83137255
v -0.00933664 0.01631500 -0.03487185 0.08627451 0.01960784 0.83137255
v -0.00993681 0.01609886 -0.03467506 0.08627451 0.01960784 0.83137255
v -0.01029448 0.01622757 -0.03401142 0.08627451 0.01960784 0.83137255
v -0.01193584 0.01510070 -0.03370786 0.08627451 0.01960784 0.83137255
v -0.01359538 0.01370669 -0.03110144 0.08627451 0.01960784 0.83137255
v -0.01386363 0.01310197 -0.03047130 0.08627451 0.01960784 0.83137255
v -0.01334834 0.01356097 -0.03004004 0.08627451 0.01960784 0.83137255
v -0.01071581 0.01067823 -0.01693679 0.08627451 0.01960784 0.83137255
v -0.01061578 0.01078995 -0.01693679 0.08627451 0.01960784 0.83137255
v -0.01050514 0.01090409 -0.01693679 0.08627451 0.01960784 0.83137255
v -0.01293308 0.01414869 -0.03376229 0.08627451 0.01960784 0.83137255
v -0.01306342 0.01429927 -0.03309237 0.08627451 0.01960784 0.83137255
v -0.01570050 0.01088952 -0.03408888 0.08627451 0.01960784 0.83137255
v -0.01575354 0.01096723 -0.03309237 0.08627451 0.01960784 0.83137255
v -0.01364539 0.01375769 -0.03209795 0.08627451 0.01960784 0.83137255
v -0.01884681 -0.00691209 -0.02829824 0.08627451 0.01960784 0.83137255
v -0.01585205 0.00142042 -0.01693679 0.08627451 0.01960784 0.83137255
v -0.01880892 0.00015027 -0.02954806 0.08627451 0.01960784 0.83137255
v -0.01987133 -0.00268633 -0.03309237 0.08627451 0.01960784 0.83137255
v -0.01882862 0.00227043 -0.03143431 0.08627451 0.01960784 0.83137255
v -0.01877254 0.00293344 -0.03172321 0.08627451 0.01960784 0.83137255
v -0.01883317 0.00325887 -0.03238686 0.08627451 0.01960784 0.83137255
v -0.01886045 0.00358187 -0.03311958 0.08627451 0.01960784 0.83137255
v -0.01881195 0.00411374 -0.03346920 0.08627451 0.01960784 0.83137255
v -0.01987891 -0.00337605 -0.03414540 0.08627451 0.01960784 0.83137255
v -0.01985769 -0.00411435 -0.03385022 0.08627451 0.01960784 0.83137255
v -0.01988194 -0.00424792 -0.03309237 0.08627451 0.01960784 0.83137255
v -0.01985011 -0.00272033 -0.03408888 0.08627451 0.01960784 0.83137255
v -0.01892865 -0.00691209 -0.02911052 0.08627451 0.01960784 0.83137255
v -0.01878012 -0.00691209 -0.03155573 0.08627451 0.01960784 0.83137255
v -0.01891046 -0.00604022 -0.03309237 0.08627451 0.01960784 0.83137255
v -0.01935604 -0.00539664 -0.03309237 0.08627451 0.01960784 0.83137255
v -0.01959701 -0.00442763 -0.03414540 0.08627451 0.01960784 0.83137255
v -0.01902110 -0.00534321 -0.03399885 0.08627451 0.01960784 0.83137255
v -0.01903777 -0.00431106 -0.03503095 0.08627451 0.01960784 0.83137255
v -0.01881043 -0.00392006 -0.03559411 0.08627451 0.01960784 0.83137255
v -0.01829817 -0.00454664 -0.03528217 0.08627451 0.01960784 0.83137255
v -0.01730245 -0.00419692 -0.03584952 0.08627451 0.01960784 0.83137255
v -0.01630672 -0.00364805 -0.03637917 0.08627451 0.01960784 0.83137255
v -0.00447926 -0.00313562 -0.03677903 0.08627451 0.01960784 0.83137255
v -0.00447926 -0.00363348 -0.03632474 0.08627451 0.01960784 0.83137255
v -0.00447926 -0.00460978 -0.03542453 0.08627451 0.01960784 0.83137255
v -0.00447926 0.01650686 -0.03438197 0.08627451 0.01960784 0.83137255
v -0.00447926 0.01262111 -0.03700094 0.08627451 0.01960784 0.83137255
v -0.00447926 0.01259925 -0.03701560 0.08627451 0.01960784 0.83137255
v -0.00682839 0.01602600 -0.03558992 0.08627451 0.01960784 0.83137255
v -0.00734519 0.01606728 -0.03561504 0.08627451 0.01960784 0.83137255
v -0.00834547 0.01557671 -0.03577833 0.08627451 0.01960784 0.83137255
v -0.00447926 0.01161567 -0.03747826 0.08627451 0.01960784 0.83137255
v -0.00916993 0.01528528 -0.03573646 0.08627451 0.01960784 0.83137255
v -0.01237535 0.01259682 -0.03597512 0.08627451 0.01960784 0.83137255
v -0.01331803 0.01224710 -0.03573646 0.08627451 0.01960784 0.83137255
v -0.01274060 0.01297568 -0.03552711 0.08627451 0.01960784 0.83137255
v -0.00943516 0.01557671 -0.03541197 0.08627451 0.01960784 0.83137255
v -0.01382423 0.01203582 -0.03558992 0.08627451 0.01960784 0.83137255
v -0.01614153 0.01046937 -0.03309237 0.08627451 0.01960784 0.83137255
v -0.01606878 0.01039166 -0.03209795 0.08627451 0.01960784 0.83137255
v -0.01660226 0.00952708 -0.03203096 0.08627451 0.01960784 0.83137255
v -0.01593389 0.01022166 -0.03127520 0.08627451 0.01960784 0.83137255
v -0.01274515 0.00790478 -0.01693679 0.08627451 0.01960784 0.83137255
v -0.01484269 0.01106195 -0.03561085 0.08627451 0.01960784 0.83137255
v -0.01500182 0.01122709 -0.03508539 0.08627451 0.01960784 0.83137255
v -0.01593238 0.01021680 -0.03480276 0.08627451 0.01960784 0.83137255
v -0.01606726 0.01039166 -0.03408888 0.08627451 0.01960784 0.83137255
v -0.01576112 0.00181629 -0.01693679 0.08627451 0.01960784 0.83137255
v -0.01876042 0.00186972 -0.03077067 0.08627451 0.01960784 0.83137255
v -0.01881195 0.00411374 -0.03380207 0.08627451 0.01960784 0.83137255
v -0.01876648 0.00392431 -0.03280346 0.08627451 0.01960784 0.83137255
v -0.01863311 0.00449260 -0.03311958 0.08627451 0.01960784 0.83137255
v -0.01725395 0.00854350 -0.03309237 0.08627451 0.01960784 0.83137255
v -0.01976675 -0.00368691 -0.03451386 0.08627451 0.01960784 0.83137255
v -0.01980161 -0.00286119 -0.03461016 0.08627451 0.01960784 0.83137255
v -0.01980161 -0.00302391 -0.03461016 0.08627451 0.01960784 0.83137255
v -0.01973948 -0.00474578 -0.03309237 0.08627451 0.01960784 0.83137255
v -0.01878618 0.00399231 -0.03446780 0.08627451 0.01960784 0.83137255
v -0.01893926 -0.00691209 -0.03013006 0.08627451 0.01960784 0.83137255
v -0.01888621 -0.00691209 -0.03101142 0.08627451 0.01960784 0.83137255
v -0.01893016 -0.00340519 -0.03571762 0.08627451 0.01960784 0.83137255
v -0.01787230 -0.00297290 -0.03661783 0.08627451 0.01960784 0.83137255
v -0.01829817 -0.00404877 -0.03570297 0.08627451 0.01960784 0.83137255
v -0.01730245 -0.00358005 -0.03634777 0.08627451 0.01960784 0.83137255
v -0.01630672 -0.00315019 -0.03674344 0.08627451 0.01960784 0.83137255
v -0.01132810 -0.00313562 -0.03677903 0.08627451 0.01960784 0.83137255
v -0.00447926 -0.00240947 -0.03727519 0.08627451 0.01960784 0.83137255
v -0.00985345 0.01303397 -0.03658224 0.08627451 0.01960784 0.83137255
v -0.00447926 0.01155253 -0.03749919 0.08627451 0.01960784 0.83137255
v -0.01115381 0.01222768 -0.03666808 0.08627451 0.01960784 0.83137255
v -0.01181762 0.01201396 -0.03657596 0.08627451 0.01960784 0.83137255
v -0.01421979 0.01144810 -0.03572600 0.08627451 0.01960784 0.83137255
v -0.01663863 0.00976508 -0.03309237 0.08627451 0.01960784 0.83137255
v -0.01688870 0.00918707 -0.03231986 0.08627451 0.01960784 0.83137255
v -0.01678412 0.00900493 -0.03165622 0.08627451 0.01960784 0.83137255
v -0.01346352 0.00666862 -0.01693679 0.08627451 0.01960784 0.83137255
v -0.01303614 0.00740691 -0.01693679 0.08627451 0.01960784 0.83137255
v -0.01581265 0.00804806 -0.03658015 0.08627451 0.01960784 0.83137255
v -0.01648253 0.00754534 -0.03629752 0.08627451 0.01960784 0.83137255
v -0.01683111 0.00808449 -0.03561923 0.08627451 0.01960784 0.83137255
v -0.01551257 0.01054223 -0.03511469 0.08627451 0.01960784 0.83137255
v -0.01661135 0.00952951 -0.03418099 0.08627451 0.01960784 0.83137255
v -0.01679928 0.00903407 -0.03457457 0.08627451 0.01960784 0.83137255
v -0.01689325 0.00919436 -0.03391093 0.08627451 0.01960784 0.83137255
v -0.01575203 0.00185271 -0.01693679 0.08627451 0.01960784 0.83137255
v -0.01866645 0.00449260 -0.03411609 0.08627451 0.01960784 0.83137255
v -0.01723879 0.00555389 -0.02811401 0.08627451 0.01960784 0.83137255
v -0.01743279 0.00754534 -0.03209795 0.08627451 0.01960784 0.83137255
v -0.01706147 0.00862121 -0.03203096 0.08627451 0.01960784 0.83137255
v -0.01693417 0.00926722 -0.03309237 0.08627451 0.01960784 0.83137255
v -0.01708724 0.00863821 -0.03418099 0.08627451 0.01960784 0.83137255
v -0.01752069 0.00754534 -0.03408888 0.08627451 0.01960784 0.83137255
v -0.01948638 -0.00337605 -0.03499955 0.08627451 0.01960784 0.83137255
v -0.01901958 -0.00240947 -0.03584323 0.08627451 0.01960784 0.83137255
v -0.01883014 0.00332930 -0.03473158 0.08627451 0.01960784 0.83137255
v -0.01869980 0.00362316 -0.03507073 0.08627451 0.01960784 0.83137255
v -0.01874527 0.00256915 -0.03536801 0.08627451 0.01960784 0.83137255
v -0.01840881 0.00256915 -0.03607980 0.08627451 0.01960784 0.83137255
v -0.01851187 0.00157343 -0.03607980 0.08627451 0.01960784 0.83137255
v -0.01847853 0.00456060 -0.03508539 0.08627451 0.01960784 0.83137255
v -0.01849368 -0.00240947 -0.03634149 0.08627451 0.01960784 0.83137255
v -0.01799658 -0.00240947 -0.03671623 0.08627451 0.01960784 0.83137255
v -0.01723576 -0.00137246 -0.03734637 0.08627451 0.01960784 0.83137255
v -0.01730245 -0.00240947 -0.03700513 0.08627451 0.01960784 0.83137255
v -0.01730245 -0.00308219 -0.03668901 0.08627451 0.01960784 0.83137255
v -0.01630672 -0.00240947 -0.03717680 0.08627451 0.01960784 0.83137255
v -0.01190249 -0.00191889 -0.03757666 0.08627451 0.01960784 0.83137255
v -0.01130082 -0.00231476 -0.03733590 0.08627451 0.01960784 0.83137255
v -0.01033237 -0.00240947 -0.03727519 0.08627451 0.01960784 0.83137255
v -0.00447926 -0.00234876 -0.03731287 0.08627451 0.01960784 0.83137255
v -0.01024447 0.01254582 -0.03670995 0.08627451 0.01960784 0.83137255
v -0.00447926 0.01060780 -0.03763946 0.08627451 0.01960784 0.83137255
v -0.00834092 0.00654962 -0.03823402 0.08627451 0.01960784 0.83137255
v -0.00933664 0.00654962 -0.03818796 0.08627451 0.01960784 0.83137255
v -0.00807721 0.01007837 -0.03758922 0.08627451 0.01960784 0.83137255
v -0.00874103 0.00998365 -0.03756828 0.08627451 0.01960784 0.83137255
v -0.01033237 0.01153067 -0.03698001 0.08627451 0.01960784 0.83137255
v -0.01589600 0.00425702 -0.03759759 0.08627451 0.01960784 0.83137255
v -0.01625974 0.00457760 -0.03743430 0.08627451 0.01960784 0.83137255
v -0.01630672 0.00555389 -0.03716005 0.08627451 0.01960784 0.83137255
v -0.01369995 0.00622904 -0.01693679 0.08627451 0.01960784 0.83137255
v -0.01544134 0.00252058 -0.01693679 0.08627451 0.01960784 0.83137255
v -0.01598391 0.00754534 -0.03666598 0.08627451 0.01960784 0.83137255
v -0.01687809 0.00622419 -0.03664505 0.08627451 0.01960784 0.83137255
v -0.01670228 0.00688962 -0.03650060 0.08627451 0.01960784 0.83137255
v -0.01729184 0.00754534 -0.03508539 0.08627451 0.01960784 0.83137255
v -0.01694781 0.00831764 -0.03508539 0.08627451 0.01960784 0.83137255
v -0.01695690 0.00754534 -0.03580136 0.08627451 0.01960784 0.83137255
v -0.01792989 0.00533532 -0.03579508 0.08627451 0.01960784 0.83137255
v -0.01694174 0.00631162 -0.02811401 0.08627451 0.01960784 0.83137255
v -0.01805114 0.00562190 -0.03512935 0.08627451 0.01960784 0.83137255
v -0.01803295 0.00157343 -0.03681881 0.08627451 0.01960784 0.83137255
v -0.01806781 0.00057770 -0.03686068 0.08627451 0.01960784 0.83137255
v -0.01808296 -0.00041802 -0.03687115 0.08627451 0.01960784 0.83137255
v -0.01808751 -0.00141375 -0.03683346 0.08627451 0.01960784 0.83137255
v -0.01825574 0.00356488 -0.03607980 0.08627451 0.01960784 0.83137255
v -0.01787078 0.00356488 -0.03665133 0.08627451 0.01960784 0.83137255
v -0.01796172 0.00256915 -0.03674344 0.08627451 0.01960784 0.83137255
v -0.01802537 0.00449017 -0.03610911 0.08627451 0.01960784 0.83137255
v -0.01738883 -0.00041802 -0.03736940 0.08627451 0.01960784 0.83137255
v -0.01685990 -0.00101303 -0.03759550 0.08627451 0.01960784 0.83137255
v -0.01630672 -0.00164689 -0.03750967 0.08627451 0.01960784 0.83137255
v -0.01226926 -0.00150118 -0.03775879 0.08627451 0.01960784 0.83137255
v -0.01130082 -0.00151089 -0.03776298 0.08627451 0.01960784 0.83137255
v -0.01161454 -0.00191889 -0.03757666 0.08627451 0.01960784 0.83137255
v -0.00447926 -0.00190918 -0.03757247 0.08627451 0.01960784 0.83137255
v -0.00447926 0.00654962 -0.03823402 0.08627451 0.01960784 0.83137255
v -0.00535374 0.00654962 -0.03823611 0.08627451 0.01960784 0.83137255
v -0.00634947 0.00654962 -0.03823611 0.08627451 0.01960784 0.83137255
v -0.00834092 0.00555389 -0.03831566 0.08627451 0.01960784 0.83137255
v -0.00933664 0.00555389 -0.03830729 0.08627451 0.01960784 0.83137255
v -0.01033237 0.00555389 -0.03824867 0.08627451 0.01960784 0.83137255
v -0.01132810 0.00555389 -0.03809585 0.08627451 0.01960784 0.83137255
v -0.01232231 0.00456060 -0.03813143 0.08627451 0.01960784 0.83137255
v -0.01331803 0.00356488 -0.03815656 0.08627451 0.01960784 0.83137255
v -0.01331803 0.00256915 -0.03826333 0.08627451 0.01960784 0.83137255
v -0.01677352 0.00201543 -0.03757037 0.08627451 0.01960784 0.83137255
v -0.01666136 0.00256915 -0.03754944 0.08627451 0.01960784 0.83137255
v -0.01650071 0.00356488 -0.03749919 0.08627451 0.01960784 0.83137255
v -0.01734337 0.00449017 -0.03685649 0.08627451 0.01960784 0.83137255
v -0.01703419 0.00555389 -0.03676856 0.08627451 0.01960784 0.83137255
v -0.01730245 0.00356488 -0.03707421 0.08627451 0.01960784 0.83137255
v -0.01634461 0.00655448 -0.03681253 0.08627451 0.01960784 0.83137255
v -0.01770256 0.00477674 -0.03645872 0.08627451 0.01960784 0.83137255
v -0.01777227 0.00599590 -0.03549152 0.08627451 0.01960784 0.83137255
v -0.01730245 0.00256915 -0.03721657 0.08627451 0.01960784 0.83137255
v -0.01722667 0.00163900 -0.03736731 0.08627451 0.01960784 0.83137255
v -0.01737823 0.00057770 -0.03735684 0.08627451 0.01960784 0.83137255
v -0.01781471 0.00411131 -0.03659480 0.08627451 0.01960784 0.83137255
v -0.01689173 -0.00041802 -0.03760806 0.08627451 0.01960784 0.83137255
v -0.01687961 0.00057770 -0.03760597 0.08627451 0.01960784 0.83137255
v -0.01232231 -0.00041802 -0.03817540 0.08627451 0.01960784 0.83137255
v -0.01630672 -0.00114903 -0.03762690 0.08627451 0.01960784 0.83137255
v -0.01331803 0.00157343 -0.03827798 0.08627451 0.01960784 0.83137255
v -0.01331803 0.00057770 -0.03823611 0.08627451 0.01960784 0.83137255
v -0.00447926 -0.00141132 -0.03780485 0.08627451 0.01960784 0.83137255
v -0.01033237 -0.00140889 -0.03780485 0.08627451 0.01960784 0.83137255
v -0.00933664 -0.00141132 -0.03780485 0.08627451 0.01960784 0.83137255
v -0.00447926 0.00555389 -0.03831357 0.08627451 0.01960784 0.83137255
v -0.01232231 0.00057770 -0.03832404 0.08627451 0.01960784 0.83137255
v -0.01232231 0.00256915 -0.03831566 0.08627451 0.01960784 0.83137255
v -0.01132810 0.00456060 -0.03826751 0.08627451 0.01960784 0.83137255
v -0.01232231 0.00356488 -0.03828635 0.08627451 0.01960784 0.83137255
v -0.01684323 0.00135242 -0.03759131 0.08627451 0.01960784 0.83137255
v -0.00447926 -0.00041802 -0.03816912 0.08627451 0.01960784 0.83137255
v -0.00447926 0.00057770 -0.03830729 0.08627451 0.01960784 0.83137255
f 1754 1755 1756
f 1754 1756 1757
f 1754 1757 1758
f 1754 1758 1766
f 1754 1766 1780
f 1754 1780 1803
f 1754 1803 1828
f 1754 1828 1865
f 1754 1865 1864
f 1754 1864 1863
f 1754 1863 1915
f 1754 1915 1949
f 1754 1949 1948
f 1754 1948 1993
f 1754 1993 1994
f 1754 1994 1957
f 1754 1957 1920
f 1754 1920 1872
f 1754 1872 1837
f 1754 1837 1809
f 1754 1809 1805
f 1754 1805 1782
f 1754 1782 1767
f 1754 1767 1759
f 1754 1759 1768
f 1754 1768 1788
f 1754 1788 1815
f 1754 1815 1847
f 1754 1847 1897
f 1754 1897 1896
f 1754 1896 1895
f 1754 1895 1939
f 1754 1939 1982
f 1754 1982 2018
f 1754 2018 2048
f 1754 2048 2057
f 1754 2057 2058
f 1754 2058 2051
f 1754 2051 2019
f 1754 2019 1984
f 1754 1984 1941
f 1754 1941 1904
f 1754 1904 1900
f 1754 1900 1899
f 1754 1899 1898
f 1754 1898 1849
f 1754 1849 1816
f 1754 1816 1789
f 1754 1789 1769
f 1754 1769 1760
f 1754 1760 1755
f 1755 1760 1761
f 1755 1761 1756
f 1756 1761 1762
f 1756 1762 1763
f 1756 1763 1757
f 1757 1763 1764
f 1757 1764 1765
f 1757 1765 1766
f 1757 1766 1758
f 1759 1767 1781
f 1759 1781 1804
f 1759 1804 1834
f 1759 1834 1871
f 1759 1871 1884
f 1759 1884 1931
f 1759 1931 1932
f 1759 1932 1885
f 1759 1885 1841
f 1759 1841 1810
f 1759 1810 1785
f 1759 1785 1768
f 1760 1769 1770
f 1760 1770 1771
f 1760 1771 1761
f 1761 1771 1772
f 1761 1772 1773
f 1761 1773 1762
f 1762 1773 1774
f 1762 1774 1763
f 1763 1774 1764
f 1764 1774 1775
f 1764 1775 1776
f 1764 1776 1777
f 1764 1777 1778
f 1764 1778 1779
f 1764 1779 1765
f 1765 1779 1766
f 1766 1779 1780
f 1767 1782 1783
f 1767 1783 1784
f 1767 1784 1781
f 1768 1785 1786
f 1768 1786 1787
f 1768 1787 1788
f 1769 1789 1790
f 1769 1790 1770
f 1770 1790 1791
f 1770 1791 1771
f 1771 1791 1772
f 1772 1791 1792
f 1772 1792 1793
f 1772 1793 1773
f 1773 1793 1794
f 1773 1794 1795
f 1773 1795 1774
f 1774 1795 1775
f 1775 1796 1776
f 1775 1795 1796
f 1776 1797 1798
f 1776 1798 1777
f 1776 1796 1797
f 1777 1799 1778
f 1777 1798 1800
f 1777 1800 1801
f 1777 1801 1802
f 1777 1802 1799
f 1778 1799 1779
f 1779 1799 1780
f 1780 1799 1803
f 1781 1784 1804
f 1782 1805 1783
f 1783 1806 1807
f 1783 1807 1808
f 1783 1808 1804
f 1783 1804 1784
f 1783 1805 1809
f 1783 1809 1806
f 1785 1810 1786
f 1786 1810 1787
f 1787 1810 1811
f 1787 1811 1812
f 1787 1812 1813
f 1787 1813 1788
f 1788 1814 1815
f 1788 1813 1814
f 1789 1816 1790
f 1790 1816 1817
f 1790 1817 1818
f 1790 1818 1791
f 1791 1818 1792
f 1792 1818 1819
f 1792 1819 1820
f 1792 1820 1793
f 1793 1820 1821
f 1793 1821 1794
f 1794 1796 1795
f 1794 1821 1822
f 1794 1822 1823
f 1794 1823 1796
f 1796 1823 1797
f 1797 1824 1798
f 1797 1823 1824
f 1798 1824 1800
f 1799 1802 1825
f 1799 1825 1826
f 1799 1826 1827
f 1799 1827 1828
f 1799 1828 1803
f 1800 1824 1829
f 1800 1829 1830
f 1800 1830 1801
f 1801 1831 1832
f 1801 1832 1833
f 1801 1833 1802
f 1801 1830 1831
f 1802 1833 1825
f 1804 1808 1834
f 1806 1835 1836
f 1806 1836 1807
f 1806 1809 1837
f 1806 1837 1835
f 1807 1838 1839
f 1807 1839 1840
f 1807 1840 1808
f 1807 1836 1838
f 1808 1840 1834
f 1810 1841 1842
f 1810 1842 1811
f 1811 1842 1812
f 1812 1843 1844
f 1812 1844 1813
f 1812 1842 1843
f 1813 1844 1845
f 1813 1845 1814
f 1814 1846 1847
f 1814 1847 1815
f 1814 1845 1848
f 1814 1848 1846
f 1816 1849 1817
f 1817 1849 1850
f 1817 1850 1818
f 1818 1850 1851
f 1818 1851 1819
f 1819 1851 1852
f 1819 1852 1853
f 1819 1853 1820
f 1820 1853 1854
f 1820 1854 1821
f 1821 1854 1855
f 1821 1855 1856
f 1821 1856 1857
f 1821 1857 1858
f 1821 1858 1822
f 1822 1858 1823
f 1823 1859 1830
f 1823 1830 1829
f 1823 1829 1824
f 1823 1858 1857
f 1823 1857 1859
f 1825 1833 1860
f 1825 1860 1861
f 1825 1861 1862
f 1825 1862 1863
f 1825 1863 1864
f 1825 1864 1865
f 1825 1865 1828
f 1825 1828 1826
f 1826 1828 1827
f 1830 1859 1831
f 1831 1866 1867
f 1831 1867 1832
f 1831 1859 1866
f 1832 1867 1868
f 1832 1868 1869
f 1832 1869 1870
f 1832 1870 1860
f 1832 1860 1833
f 1834 1840 1871
f 1835 1837 1836
f 1836 1837 1872
f 1836 1872 1873
f 1836 1873 1838
f 1838 1874 1839
f 1838 1873 1875
f 1838 1875 1876
f 1838 1876 1877
f 1838 1877 1878
f 1838 1878 1879
f 1838 1879 1874
f 1839 1880 1881
f 1839 1881 1882
f 1839 1882 1840
f 1839 1874 1883
f 1839 1883 1880
f 1840 1882 1884
f 1840 1884 1871
f 1841 1885 1842
f 1842 1885 1886
f 1842 1886 1887
f 1842 1887 1888
f 1842 1888 1889
f 1842 1889 1843
f 1843 1889 1888
f 1843 1888 1890
f 1843 1890 1891
f 1843 1891 1892
f 1843 1892 1844
f 1844 1892 1893
f 1844 1893 1848
f 1844 1848 1845
f 1846 1894 1895
f 1846 1895 1896
f 1846 1896 1897
f 1846 1897 1847
f 1846 1848 1893
f 1846 1893 1894
f 1849 1898 1850
f 1850 1898 1899
f 1850 1899 1900
f 1850 1900 1901
f 1850 1901 1851
f 1851 1901 1852
f 1852 1901 1902
f 1852 1902 1853
f 1853 1903 1855
f 1853 1855 1854
f 1853 1902 1904
f 1853 1904 1903
f 1855 1903 1905
f 1855 1905 1906
f 1855 1906 1907
f 1855 1907 1908
f 1855 1908 1909
f 1855 1909 1856
f 1856 1909 1908
f 1856 1908 1857
f 1857 1908 1910
f 1857 1910 1859
f 1859 1910 1866
f 1860 1870 1911
f 1860 1911 1912
f 1860 1912 1861
f 1861 1912 1913
f 1861 1913 1914
f 1861 1914 1915
f 1861 1915 1863
f 1861 1863 1862
f 1866 1910 1916
f 1866 1916 1917
f 1866 1917 1868
f 1866 1868 1867
f 1868 1917 1918
f 1868 1918 1919
f 1868 1919 1911
f 1868 1911 1869
f 1869 1911 1870
f 1872 1920 1876
f 1872 1876 1921
f 1872 1921 1873
f 1873 1921 1876
f 1873 1876 1875
f 1874 1879 1922
f 1874 1922 1883
f 1876 1920 1923
f 1876 1923 1877
f 1877 1923 1879
f 1877 1879 1878
f 1879 1923 1924
f 1879 1924 1925
f 1879 1925 1922
f 1880 1926 1881
f 1880 1883 1927
f 1880 1927 1928
f 1880 1928 1926
f 1881 1926 1888
f 1881 1888 1929
f 1881 1929 1882
f 1882 1929 1884
f 1883 1922 1930
f 1883 1930 1927
f 1884 1929 1931
f 1885 1932 1929
f 1885 1929 1887
f 1885 1887 1886
f 1887 1929 1888
f 1888 1926 1890
f 1890 1926 1891
f 1891 1926 1933
f 1891 1933 1934
f 1891 1934 1935
f 1891 1935 1892
f 1892 1935 1893
f 1893 1935 1936
f 1893 1936 1894
f 1894 1936 1937
f 1894 1937 1938
f 1894 1938 1895
f 1895 1938 1981
f 1895 1981 1939
f 1900 1902 1901
f 1900 1904 1902
f 1903 1940 1905
f 1903 1904 1940
f 1904 1941 1940
f 1905 1940 1942
f 1905 1942 1943
f 1905 1943 1906
f 1906 1943 1907
f 1907 1943 1944
f 1907 1944 1910
f 1907 1910 1908
f 1910 1944 1916
f 1911 1919 1945
f 1911 1945 1912
f 1912 1945 1946
f 1912 1946 1913
f 1913 1946 1947
f 1913 1947 1948
f 1913 1948 1949
f 1913 1949 1915
f 1913 1915 1914
f 1916 1944 1950
f 1916 1950 1951
f 1916 1951 1952
f 1916 1952 1953
f 1916 1953 1917
f 1917 1953 1918
f 1918 1954 1919
f 1918 1953 1952
f 1918 1952 1955
f 1918 1955 1954
f 1919 1954 1956
f 1919 1956 1945
f 1920 1957 1923
f 1922 1925 1958
f 1922 1958 1930
f 1923 1957 1959
f 1923 1959 1960
f 1923 1960 1924
f 1924 1960 1961
f 1924 1961 1925
f 1925 1961 1946
f 1925 1946 1962
f 1925 1962 1956
f 1925 1956 1963
f 1925 1963 1964
f 1925 1964 1958
f 1926 1928 1965
f 1926 1965 1933
f 1927 1966 1928
f 1927 1930 1967
f 1927 1967 1968
f 1927 1968 1969
f 1927 1969 1970
f 1927 1970 1971
f 1927 1971 1966
f 1928 1966 1965
f 1929 1932 1931
f 1930 1958 1972
f 1930 1972 1968
f 1930 1968 1967
f 1933 1965 1966
f 1933 1966 1973
f 1933 1973 1974
f 1933 1974 1934
f 1934 1974 1975
f 1934 1975 1976
f 1934 1976 1977
f 1934 1977 1936
f 1934 1936 1935
f 1936 1977 1937
f 1937 1977 1978
f 1937 1978 1979
f 1937 1979 1980
f 1937 1980 1938
f 1938 1980 1981
f 1939 1980 1982
f 1939 1981 1980
f 1940 1941 1983
f 1940 1983 1942
f 1941 1984 1985
f 1941 1985 1986
f 1941 1986 1987
f 1941 1987 1988
f 1941 1988 1983
f 1942 1983 1989
f 1942 1989 1990
f 1942 1990 1943
f 1943 1950 1944
f 1943 1990 1991
f 1943 1991 1992
f 1943 1992 1950
f 1945 1956 1962
f 1945 1962 1946
f 1946 1961 1947
f 1947 1993 1948
f 1947 1961 1957
f 1947 1957 1994
f 1947 1994 1993
f 1950 1995 1996
f 1950 1996 1997
f 1950 1997 1951
f 1950 1992 1995
f 1951 1997 1952
f 1952 1998 1999
f 1952 1999 1955
f 1952 1997 2000
f 1952 2000 2001
f 1952 2001 1998
f 1954 1955 1956
f 1955 1999 1998
f 1955 1998 1963
f 1955 1963 1956
f 1957 1961 2002
f 1957 2002 1959
f 1958 1964 1972
f 1959 2002 1961
f 1959 1961 1960
f 1963 1998 2003
f 1963 2003 1972
f 1963 1972 1964
f 1966 1971 2004
f 1966 2004 2005
f 1966 2005 2006
f 1966 2006 2007
f 1966 2007 1973
f 1968 1972 2008
f 1968 2008 1969
f 1969 2008 1970
f 1970 2008 2009
f 1970 2009 2010
f 1970 2010 2004
f 1970 2004 1971
f 1972 2001 2011
f 1972 2011 2008
f 1972 2003 2001
f 1973 2007 1974
f 1974 2007 1975
f 1975 2007 2012
f 1975 2012 2013
f 1975 2013 1976
f 1976 1978 1977
f 1976 2013 2014
f 1976 2014 1978
f 1978 2014 2015
f 1978 2015 1979
f 1979 2015 2016
f 1979 2016 2017
f 1979 2017 1980
f 1980 2017 1982
f 1982 2017 2018
f 1983 1988 1989
f 1984 2019 2020
f 1984 2020 2021
f 1984 2021 1985
f 1985 2021 2022
f 1985 2022 2023
f 1985 2023 1986
f 1986 1988 1987
f 1986 2023 2024
f 1986 2024 1988
f 1988 2024 2025
f 1988 2025 1989
f 1989 2025 1990
f 1990 2025 2026
f 1990 2026 2027
f 1990 2027 2028
f 1990 2028 2029
f 1990 2029 2030
f 1990 2030 2031
f 1990 2031 1991
f 1991 2032 2033
f 1991 2033 1992
f 1991 2031 2034
f 1991 2034 2032
f 1992 2033 1996
f 1992 1996 2035
f 1992 2035 1995
f 1995 2035 1996
f 1996 2033 2036
f 1996 2036 1997
f 1997 2036 2000
f 1998 2001 2037
f 1998 2037 2003
f 2000 2036 2001
f 2001 2036 2011
f 2001 2003 2037
f 2004 2010 2038
f 2004 2038 2039
f 2004 2039 2040
f 2004 2040 2005
f 2005 2040 2006
f 2006 2040 2012
f 2006 2012 2007
f 2008 2011 2041
f 2008 2041 2009
f 2009 2041 2034
f 2009 2034 2010
f 2010 2034 2038
f 2011 2036 2041
f 2012 2042 2013
f 2012 2040 2043
f 2012 2043 2042
f 2013 2044 2045
f 2013 2045 2014
f 2013 2042 2046
f 2013 2046 2047
f 2013 2047 2044
f 2014 2045 2044
f 2014 2044 2015
f 2015 2044 2016
f 2016 2048 2017
f 2016 2044 2049
f 2016 2049 2050
f 2016 2050 2048
f 2017 2048 2018
f 2019 2051 2020
f 2020 2051 2022
f 2020 2022 2021
f 2022 2051 2052
f 2022 2052 2053
f 2022 2053 2023
f 2023 2054 2024
f 2023 2053 2055
f 2023 2055 2054
f 2024 2054 2027
f 2024 2027 2026
f 2024 2026 2025
f 2027 2055 2028
f 2027 2054 2055
f 2028 2055 2053
f 2028 2053 2046
f 2028 2046 2043
f 2028 2043 2056
f 2028 2056 2029
f 2029 2039 2038
f 2029 2038 2031
f 2029 2031 2030
f 2029 2056 2039
f 2031 2038 2034
f 2032 2041 2033
f 2032 2034 2041
f 2033 2041 2036
f 2039 2056 2040
f 2040 2056 2043
f 2042 2043 2046
f 2044 2052 2057
f 2044 2057 2048
f 2044 2048 2050
f 2044 2050 2049
f 2044 2047 2052
f 2046 2052 2047
f 2046 2053 2052
f 2051 2058 2052
f 2052 2058 2057

o geometry_6
v -0.00136833 0.01381402 0.00239405 0.77647059 0.86666667 0.97647059
v -0.00136833 0.01381182 -0.00052854 0.77647059 0.86666667 0.97647059
v -0.00236251 0.01377215 -0.00052854 0.77647059 0.86666667 0.97647059
v -0.00236251 0.01376774 0.00239405 0.77647059 0.86666667 0.97647059
v 0.00161700 0.01381182 0.00239405 0.77647059 0.86666667 0.97647059
v 0.00062282 0.01381182 -0.00052854 0.77647059 0.86666667 0.97647059
v -0.00335947 0.01356942 -0.00052854 0.77647059 0.86666667 0.97647059
v -0.00335947 0.01356061 0.00239405 0.77647059 0.86666667 0.97647059
v 0.00261396 0.01376554 0.00239405 0.77647059 0.86666667 0.97647059
v 0.00161700 0.01380741 0.00176118 0.77647059 0.86666667 0.97647059
v 0.00161700 0.01379860 0.00076552 0.77647059 0.86666667 0.97647059
v 0.00161700 0.01378537 -0.00052854 0.77647059 0.86666667 0.97647059
v -0.00419027 0.01321685 -0.00052854 0.77647059 0.86666667 0.97647059
v -0.00417919 0.01321465 0.00239405 0.77647059 0.86666667 0.97647059
v 0.00360815 0.01361129 0.00239405 0.77647059 0.86666667 0.97647059
v 0.00261396 0.01373910 0.00176118 0.77647059 0.86666667 0.97647059
v 0.00261396 0.01361790 -0.00052854 0.77647059 0.86666667 0.97647059
v -0.00734176 0.01160384 -0.00052854 0.77647059 0.86666667 0.97647059
v -0.00734176 0.01160824 0.00176118 0.77647059 0.86666667 0.97647059
v -0.00734176 0.01160824 0.00239405 0.77647059 0.86666667 0.97647059
v 0.00360815 0.01354298 0.00176118 0.77647059 0.86666667 0.97647059
v 0.00460510 0.01328075 0.00239405 0.77647059 0.86666667 0.97647059
v 0.00359984 0.01322567 -0.00052854 0.77647059 0.86666667 0.97647059
v -0.00780700 0.01130856 -0.00052854 0.77647059 0.86666667 0.97647059
v -0.00800639 0.01118295 0.00239405 0.77647059 0.86666667 0.97647059
v -0.00776546 0.01133720 0.00239405 0.77647059 0.86666667 0.97647059
v 0.00495127 0.01313973 0.00239405 0.77647059 0.86666667 0.97647059
v 0.00512574 0.01303836 0.00221237 0.77647059 0.86666667 0.97647059
v 0.00659625 0.01165231 -0.00052854 0.77647059 0.86666667 0.97647059
v -0.00800363 0.01117855 -0.00052854 0.77647059 0.86666667 0.97647059
v -0.00815317 0.01104193 -0.00052854 0.77647059 0.86666667 0.97647059
v -0.00850210 0.01072021 -0.00052854 0.77647059 0.86666667 0.97647059
v -0.00850487 0.01072021 0.00176118 0.77647059 0.86666667 0.97647059
v -0.00850487 0.01072021 0.00239405 0.77647059 0.86666667 0.97647059
v 0.00514512 0.01305158 0.00239405 0.77647059 0.86666667 0.97647059
v 0.00680118 0.01152230 -0.00052854 0.77647059 0.86666667 0.97647059
v -0.00887319 0.01037204 -0.00052854 0.77647059 0.86666667 0.97647059
v -0.00903104 0.01022220 0.00239405 0.77647059 0.86666667 0.97647059
v 0.00588176 0.01248747 0.00239405 0.77647059 0.86666667 0.97647059
v 0.00727750 0.01120058 -0.00052854 0.77647059 0.86666667 0.97647059
v -0.00903104 0.01022220 -0.00052854 0.77647059 0.86666667 0.97647059
v -0.00918059 0.01007235 -0.00052854 0.77647059 0.86666667 0.97647059
v -0.00952952 0.00971978 -0.00052854 0.77647059 0.86666667 0.97647059
v -0.00921382 0.01003710 0.00239405 0.77647059 0.86666667 0.97647059
v 0.00626116 0.01217015 0.00239405 0.77647059 0.86666667 0.97647059
v 0.00675964 0.01172944 0.00239405 0.77647059 0.86666667 0.97647059
v 0.00696457 0.01154654 0.00239405 0.77647059 0.86666667 0.97647059
v 0.00777598 0.01073783 -0.00052854 0.77647059 0.86666667 0.97647059
v -0.00952952 0.00971317 0.00239405 0.77647059 0.86666667 0.97647059
v -0.01001139 0.00922178 -0.00052854 0.77647059 0.86666667 0.97647059
v 0.00728858 0.01123143 0.00239405 0.77647059 0.86666667 0.97647059
v 0.00830492 0.01023983 -0.00052854 0.77647059 0.86666667 0.97647059
v 0.00793660 0.01058799 -0.00052854 0.77647059 0.86666667 0.97647059
v -0.00982584 0.00939806 0.00239405 0.77647059 0.86666667 0.97647059
v -0.01015816 0.00906973 -0.00052854 0.77647059 0.86666667 0.97647059
v 0.00830492 0.01023983 0.00239405 0.77647059 0.86666667 0.97647059
v 0.00880340 0.00973961 -0.00052854 0.77647059 0.86666667 0.97647059
v -0.00999754 0.00921516 0.00239405 0.77647059 0.86666667 0.97647059
v -0.01050709 0.00869292 -0.00052854 0.77647059 0.86666667 0.97647059
v 0.00880340 0.00973961 0.00239405 0.77647059 0.86666667 0.97647059
v 0.01095516 0.00756910 0.00239405 0.77647059 0.86666667 0.97647059
v 0.01077239 0.00774318 -0.00052854 0.77647059 0.86666667 0.97647059
v -0.01094465 0.00819491 -0.00052854 0.77647059 0.86666667 0.97647059
v -0.01017755 0.00899922 0.00239405 0.77647059 0.86666667 0.97647059
v 0.01126810 0.00725178 0.00239405 0.77647059 0.86666667 0.97647059
v 0.01091916 0.00759334 -0.00052854 0.77647059 0.86666667 0.97647059
v -0.01111358 0.00797235 -0.00052854 0.77647059 0.86666667 0.97647059
v -0.01087265 0.00811558 0.00239405 0.77647059 0.86666667 0.97647059
v -0.01049325 0.00861359 0.00239405 0.77647059 0.86666667 0.97647059
v 0.01155334 0.00680666 0.00239405 0.77647059 0.86666667 0.97647059
v 0.01171396 0.00655105 -0.00052854 0.77647059 0.86666667 0.97647059
v 0.01125979 0.00724517 -0.00052854 0.77647059 0.86666667 0.97647059
v -0.01365582 0.00378997 -0.00052854 0.77647059 0.86666667 0.97647059
v -0.01365582 0.00378997 -0.00023013 0.77647059 0.86666667 0.97647059
v -0.01364751 0.00379438 0.00239405 0.77647059 0.86666667 0.97647059
v 0.01171673 0.00655105 0.00239405 0.77647059 0.86666667 0.97647059
v 0.01328417 0.00343520 -0.00052854 0.77647059 0.86666667 0.97647059
v -0.01384967 0.00344181 -0.00052854 0.77647059 0.86666667 0.97647059
v -0.01392998 0.00329637 0.00239405 0.77647059 0.86666667 0.97647059
v -0.01382751 0.00347706 0.00239405 0.77647059 0.86666667 0.97647059
v 0.01328417 0.00341977 0.00239405 0.77647059 0.86666667 0.97647059
v 0.01328693 0.00342418 0.00176118 0.77647059 0.86666667 0.97647059
v 0.01354725 0.00283362 -0.00052854 0.77647059 0.86666667 0.97647059
v -0.01392998 0.00329196 -0.00052854 0.77647059 0.86666667 0.97647059
v -0.01392998 0.00329417 0.00076552 0.77647059 0.86666667 0.97647059
v -0.01400198 0.00307381 -0.00052854 0.77647059 0.86666667 0.97647059
v -0.01416814 0.00256699 -0.00052854 0.77647059 0.86666667 0.97647059
v -0.01416814 0.00256699 0.00239405 0.77647059 0.86666667 0.97647059
v 0.01351956 0.00287990 0.00239405 0.77647059 0.86666667 0.97647059
v 0.01365525 0.00256699 0.00239405 0.77647059 0.86666667 0.97647059
v 0.01365802 0.00256699 0.00176118 0.77647059 0.86666667 0.97647059
v 0.01366079 0.00256699 -0.00052854 0.77647059 0.86666667 0.97647059
v -0.01421522 0.00227171 -0.00052854 0.77647059 0.86666667 0.97647059
v -0.01432322 0.00157318 0.00239405 0.77647059 0.86666667 0.97647059
v 0.01378818 0.00193677 0.00239405 0.77647059 0.86666667 0.97647059
v 0.01387680 0.00157318 -0.00052854 0.77647059 0.86666667 0.97647059
v -0.01432322 0.00157318 -0.00052854 0.77647059 0.86666667 0.97647059
v -0.01433153 0.00120959 0.00239405 0.77647059 0.86666667 0.97647059
v 0.01386295 0.00157318 0.00239405 0.77647059 0.86666667 0.97647059
v 0.01394326 0.00057716 -0.00052854 0.77647059 0.86666667 0.97647059
v -0.01434538 0.00057716 -0.00052854 0.77647059 0.86666667 0.97647059
v -0.01434538 0.00057716 0.00239405 0.77647059 0.86666667 0.97647059
v 0.01389342 0.00094075 0.00239405 0.77647059 0.86666667 0.97647059
v 0.01390726 0.00057716 0.00239405 0.77647059 0.86666667 0.97647059
v 0.01391280 -0.00340689 0.00239405 0.77647059 0.86666667 0.97647059
v 0.01390726 -0.00440070 0.00176118 0.77647059 0.86666667 0.97647059
v 0.01390726 -0.00440070 0.00076552 0.77647059 0.86666667 0.97647059
v 0.01389895 -0.00440070 -0.00023013 0.77647059 0.86666667 0.97647059
v 0.01389342 -0.00440070 -0.00052854 0.77647059 0.86666667 0.97647059
v -0.01434815 -0.00340689 -0.00052854 0.77647059 0.86666667 0.97647059
v -0.01434538 -0.00340689 0.00239405 0.77647059 0.86666667 0.97647059
v 0.01389895 -0.00440070 0.00239405 0.77647059 0.86666667 0.97647059
v 0.01386018 -0.00539672 0.00076552 0.77647059 0.86666667 0.97647059
v 0.01386572 -0.00539672 -0.00023013 0.77647059 0.86666667 0.97647059
v 0.01386295 -0.00539672 -0.00052854 0.77647059 0.86666667 0.97647059
v -0.01434261 -0.00370438 -0.00052854 0.77647059 0.86666667 0.97647059
v -0.01431491 -0.00440070 -0.00052854 0.77647059 0.86666667 0.97647059
v -0.01431768 -0.00376828 0.00239405 0.77647059 0.86666667 0.97647059
v 0.01377987 -0.00539672 0.00239405 0.77647059 0.86666667 0.97647059
v 0.01382695 -0.00539672 0.00176118 0.77647059 0.86666667 0.97647059
v 0.01356387 -0.00639273 0.00076552 0.77647059 0.86666667 0.97647059
v 0.01359433 -0.00639273 -0.00023013 0.77647059 0.86666667 0.97647059
v 0.01359433 -0.00639273 -0.00052854 0.77647059 0.86666667 0.97647059
v 0.01367464 -0.00609525 -0.00052854 0.77647059 0.86666667 0.97647059
v -0.01428445 -0.00470039 -0.00052854 0.77647059 0.86666667 0.97647059
v -0.01430938 -0.00440070 -0.00023013 0.77647059 0.86666667 0.97647059
v -0.01425953 -0.00440070 0.00239405 0.77647059 0.86666667 0.97647059
v 0.01336448 -0.00642138 0.00239405 0.77647059 0.86666667 0.97647059
v 0.01347802 -0.00639273 0.00176118 0.77647059 0.86666667 0.97647059
v 0.01319555 -0.00703177 0.00076552 0.77647059 0.86666667 0.97647059
v 0.01321770 -0.00706042 -0.00023013 0.77647059 0.86666667 0.97647059
v 0.01321770 -0.00706482 -0.00052854 0.77647059 0.86666667 0.97647059
v -0.01416537 -0.00539672 -0.00052854 0.77647059 0.86666667 0.97647059
v -0.01408783 -0.00567657 -0.00052854 0.77647059 0.86666667 0.97647059
v -0.01416260 -0.00473785 0.00239405 0.77647059 0.86666667 0.97647059
v 0.01312631 -0.00683124 0.00239405 0.77647059 0.86666667 0.97647059
v 0.01309031 -0.00691278 0.00233024 0.77647059 0.86666667 0.97647059
v 0.01313739 -0.00696787 0.00176118 0.77647059 0.86666667 0.97647059
v 0.01247552 -0.00758046 0.00067797 0.77647059 0.86666667 0.97647059
v 0.01262230 -0.00755842 -0.00023013 0.77647059 0.86666667 0.97647059
v 0.01264168 -0.00756063 -0.00052854 0.77647059 0.86666667 0.97647059
v 0.01305708 -0.00721246 -0.00052854 0.77647059 0.86666667 0.97647059
v -0.01392444 -0.00616797 -0.00052854 0.77647059 0.86666667 0.97647059
v -0.01399644 -0.00529095 0.00239405 0.77647059 0.86666667 0.97647059
v 0.01300723 -0.00695685 0.00239405 0.77647059 0.86666667 0.97647059
v 0.01260291 -0.00723229 0.00239405 0.77647059 0.86666667 0.97647059
v 0.01257245 -0.00737553 0.00176118 0.77647059 0.86666667 0.97647059
v 0.01207674 -0.00788896 0.00028743 0.77647059 0.86666667 0.97647059
v 0.01212659 -0.00791761 -0.00023013 0.77647059 0.86666667 0.97647059
v 0.01214320 -0.00792862 -0.00052854 0.77647059 0.86666667 0.97647059
v -0.01363366 -0.00663733 -0.00052854 0.77647059 0.86666667 0.97647059
v -0.01375551 -0.00578895 0.00239405 0.77647059 0.86666667 0.97647059
v 0.01157272 -0.00774352 0.00239405 0.77647059 0.86666667 0.97647059
v 0.01189673 -0.00785370 0.00095121 0.77647059 0.86666667 0.97647059
v 0.00903879 -0.00869767 0.00239405 0.77647059 0.86666667 0.97647059
v 0.00899448 -0.00869767 -0.00052854 0.77647059 0.86666667 0.97647059
v -0.01350627 -0.00680260 -0.00052854 0.77647059 0.86666667 0.97647059
v -0.01315180 -0.00723890 -0.00052854 0.77647059 0.86666667 0.97647059
v -0.01322934 -0.00641918 0.00239405 0.77647059 0.86666667 0.97647059
v -0.00994492 -0.00869767 0.00239405 0.77647059 0.86666667 0.97647059
v -0.01091972 -0.00869767 -0.00052854 0.77647059 0.86666667 0.97647059
v -0.01265609 -0.00775454 -0.00052854 0.77647059 0.86666667 0.97647059
v -0.01280840 -0.00688193 0.00239405 0.77647059 0.86666667 0.97647059
v -0.01295795 -0.00672107 0.00239405 0.77647059 0.86666667 0.97647059
v -0.01163698 -0.00778539 0.00239405 0.77647059 0.86666667 0.97647059
v -0.01214930 -0.00812915 -0.00052854 0.77647059 0.86666667 0.97647059
v -0.01250101 -0.00788014 -0.00052854 0.77647059 0.86666667 0.97647059
v -0.01264778 -0.00702736 0.00239405 0.77647059 0.86666667 0.97647059
v -0.01234593 -0.00726314 0.00239405 0.77647059 0.86666667 0.97647059
f 2059 2060 2061
f 2059 2061 2062
f 2059 2062 2066
f 2059 2066 2072
f 2059 2072 2078
f 2059 2078 2084
f 2059 2084 2083
f 2059 2083 2092
f 2059 2092 2096
f 2059 2096 2102
f 2059 2102 2107
f 2059 2107 2112
f 2059 2112 2116
f 2059 2116 2122
f 2059 2122 2127
f 2059 2127 2126
f 2059 2126 2133
f 2059 2133 2138
f 2059 2138 2137
f 2059 2137 2146
f 2059 2146 2152
f 2059 2152 2156
f 2059 2156 2160
f 2059 2160 2169
f 2059 2169 2176
f 2059 2176 2185
f 2059 2185 2193
f 2059 2193 2202
f 2059 2202 2210
f 2059 2210 2217
f 2059 2217 2222
f 2059 2222 2221
f 2059 2221 2226
f 2059 2226 2227
f 2059 2227 2223
f 2059 2223 2218
f 2059 2218 2213
f 2059 2213 2211
f 2059 2211 2204
f 2059 2204 2203
f 2059 2203 2194
f 2059 2194 2186
f 2059 2186 2177
f 2059 2177 2170
f 2059 2170 2163
f 2059 2163 2162
f 2059 2162 2161
f 2059 2161 2157
f 2059 2157 2153
f 2059 2153 2148
f 2059 2148 2147
f 2059 2147 2139
f 2059 2139 2134
f 2059 2134 2128
f 2059 2128 2123
f 2059 2123 2119
f 2059 2119 2118
f 2059 2118 2114
f 2059 2114 2109
f 2059 2109 2105
f 2059 2105 2104
f 2059 2104 2103
f 2059 2103 2097
f 2059 2097 2093
f 2059 2093 2085
f 2059 2085 2080
f 2059 2080 2073
f 2059 2073 2067
f 2059 2067 2063
f 2059 2063 2064
f 2059 2064 2060
f 2060 2064 2070
f 2060 2070 2075
f 2060 2075 2081
f 2060 2081 2087
f 2060 2087 2094
f 2060 2094 2098
f 2060 2098 2106
f 2060 2106 2111
f 2060 2111 2110
f 2060 2110 2115
f 2060 2115 2120
f 2060 2120 2124
f 2060 2124 2130
f 2060 2130 2129
f 2060 2129 2135
f 2060 2135 2141
f 2060 2141 2150
f 2060 2150 2154
f 2060 2154 2158
f 2060 2158 2167
f 2060 2167 2173
f 2060 2173 2182
f 2060 2182 2181
f 2060 2181 2190
f 2060 2190 2200
f 2060 2200 2199
f 2060 2199 2208
f 2060 2208 2214
f 2060 2214 2219
f 2060 2219 2224
f 2060 2224 2225
f 2060 2225 2220
f 2060 2220 2216
f 2060 2216 2215
f 2060 2215 2209
f 2060 2209 2201
f 2060 2201 2192
f 2060 2192 2191
f 2060 2191 2183
f 2060 2183 2175
f 2060 2175 2174
f 2060 2174 2168
f 2060 2168 2159
f 2060 2159 2155
f 2060 2155 2151
f 2060 2151 2145
f 2060 2145 2144
f 2060 2144 2142
f 2060 2142 2136
f 2060 2136 2131
f 2060 2131 2125
f 2060 2125 2121
f 2060 2121 2117
f 2060 2117 2113
f 2060 2113 2108
f 2060 2108 2101
f 2060 2101 2100
f 2060 2100 2099
f 2060 2099 2095
f 2060 2095 2090
f 2060 2090 2089
f 2060 2089 2088
f 2060 2088 2082
f 2060 2082 2076
f 2060 2076 2071
f 2060 2071 2065
f 2060 2065 2061
f 2061 2065 2062
f 2062 2065 2066
f 2063 2067 2068
f 2063 2068 2064
f 2064 2068 2069
f 2064 2069 2070
f 2065 2071 2072
f 2065 2072 2066
f 2067 2073 2074
f 2067 2074 2070
f 2067 2070 2069
f 2067 2069 2068
f 2070 2074 2073
f 2070 2073 2075
f 2071 2076 2077
f 2071 2077 2078
f 2071 2078 2072
f 2073 2079 2075
f 2073 2080 2079
f 2075 2079 2080
f 2075 2080 2081
f 2076 2082 2077
f 2077 2082 2083
f 2077 2083 2084
f 2077 2084 2078
f 2080 2085 2081
f 2081 2085 2086
f 2081 2086 2087
f 2082 2088 2083
f 2083 2088 2089
f 2083 2089 2090
f 2083 2090 2091
f 2083 2091 2092
f 2085 2093 2086
f 2086 2093 2094
f 2086 2094 2087
f 2090 2095 2091
f 2091 2095 2092
f 2092 2095 2096
f 2093 2097 2098
f 2093 2098 2094
f 2095 2099 2096
f 2096 2099 2100
f 2096 2100 2101
f 2096 2101 2102
f 2097 2103 2098
f 2098 2103 2104
f 2098 2104 2105
f 2098 2105 2106
f 2101 2107 2102
f 2101 2108 2107
f 2105 2109 2110
f 2105 2110 2111
f 2105 2111 2106
f 2107 2108 2113
f 2107 2113 2112
f 2109 2114 2110
f 2110 2114 2118
f 2110 2118 2115
f 2112 2113 2116
f 2113 2117 2116
f 2115 2118 2119
f 2115 2119 2120
f 2116 2117 2121
f 2116 2121 2122
f 2119 2123 2120
f 2120 2123 2124
f 2121 2125 2126
f 2121 2126 2127
f 2121 2127 2122
f 2123 2128 2129
f 2123 2129 2130
f 2123 2130 2124
f 2125 2131 2132
f 2125 2132 2133
f 2125 2133 2126
f 2128 2134 2129
f 2129 2134 2135
f 2131 2136 2132
f 2132 2136 2137
f 2132 2137 2138
f 2132 2138 2133
f 2134 2139 2140
f 2134 2140 2135
f 2135 2140 2141
f 2136 2142 2143
f 2136 2143 2137
f 2137 2143 2144
f 2137 2144 2145
f 2137 2145 2146
f 2139 2147 2140
f 2140 2147 2148
f 2140 2148 2149
f 2140 2149 2141
f 2141 2149 2150
f 2142 2144 2143
f 2145 2151 2146
f 2146 2151 2152
f 2148 2153 2149
f 2149 2153 2154
f 2149 2154 2150
f 2151 2155 2152
f 2152 2155 2156
f 2153 2157 2154
f 2154 2157 2158
f 2155 2159 2156
f 2156 2159 2160
f 2157 2161 2158
f 2158 2161 2162
f 2158 2162 2163
f 2158 2163 2164
f 2158 2164 2165
f 2158 2165 2166
f 2158 2166 2167
f 2159 2168 2160
f 2160 2168 2169
f 2163 2170 2164
f 2164 2170 2171
f 2164 2171 2172
f 2164 2172 2165
f 2165 2172 2166
f 2166 2172 2173
f 2166 2173 2167
f 2168 2174 2169
f 2169 2174 2175
f 2169 2175 2176
f 2170 2177 2178
f 2170 2178 2171
f 2171 2178 2179
f 2171 2179 2180
f 2171 2180 2172
f 2172 2180 2181
f 2172 2181 2182
f 2172 2182 2173
f 2175 2183 2184
f 2175 2184 2176
f 2176 2184 2185
f 2177 2186 2187
f 2177 2187 2179
f 2177 2179 2178
f 2179 2187 2188
f 2179 2188 2189
f 2179 2189 2180
f 2180 2189 2190
f 2180 2190 2181
f 2183 2191 2185
f 2183 2185 2184
f 2185 2191 2192
f 2185 2192 2193
f 2186 2194 2195
f 2186 2195 2187
f 2187 2195 2196
f 2187 2196 2188
f 2188 2196 2197
f 2188 2197 2198
f 2188 2198 2199
f 2188 2199 2200
f 2188 2200 2189
f 2189 2200 2190
f 2192 2201 2202
f 2192 2202 2193
f 2194 2203 2195
f 2195 2203 2204
f 2195 2204 2205
f 2195 2205 2196
f 2196 2205 2197
f 2197 2206 2207
f 2197 2207 2198
f 2197 2205 2206
f 2198 2207 2208
f 2198 2208 2199
f 2201 2209 2210
f 2201 2210 2202
f 2204 2211 2205
f 2205 2211 2212
f 2205 2212 2206
f 2206 2212 2213
f 2206 2213 2207
f 2207 2213 2208
f 2208 2213 2214
f 2209 2215 2210
f 2210 2215 2216
f 2210 2216 2217
f 2211 2213 2212
f 2213 2218 2219
f 2213 2219 2214
f 2216 2220 2221
f 2216 2221 2222
f 2216 2222 2217
f 2218 2223 2224
f 2218 2224 2219
f 2220 2225 2226
f 2220 2226 2221
f 2223 2227 2225
f 2223 2225 2224
f 2225 2227 2226

o geometry_7
v 0.00897893 -0.00885895 -0.00741681 0.79607843 0.45882353 0.78039216
v 0.00885173 -0.00885895 -0.00102439 0.79607843 0.45882353 0.78039216
v 0.00588864 -0.01446662 -0.00520936 0.79607843 0.45882353 0.78039216
v 0.00588998 -0.01444382 -0.00620521 0.79607843 0.45882353 0.78039216
v 0.00591006 -0.01429821 -0.00741681 0.79607843 0.45882353 0.78039216
v -0.00469977 -0.00885895 -0.00741681 0.79607843 0.45882353 0.78039216
v 0.00883968 -0.00885895 -0.00052950 0.79607843 0.45882353 0.78039216
v 0.00585516 -0.01441661 -0.00421352 0.79607843 0.45882353 0.78039216
v 0.00535707 -0.01511895 -0.00421352 0.79607843 0.45882353 0.78039216
v 0.00539055 -0.01515204 -0.00520936 0.79607843 0.45882353 0.78039216
v 0.00537314 -0.01524103 -0.00741681 0.79607843 0.45882353 0.78039216
v -0.00469977 -0.01446588 -0.00741681 0.79607843 0.45882353 0.78039216
v -0.00469977 -0.00885895 -0.00052950 0.79607843 0.45882353 0.78039216
v 0.00860135 -0.00912370 -0.00052950 0.79607843 0.45882353 0.78039216
v 0.00515088 -0.01490788 -0.00264390 0.79607843 0.45882353 0.78039216
v 0.00525264 -0.01501305 -0.00321835 0.79607843 0.45882353 0.78039216
v 0.00467957 -0.01561684 -0.00421352 0.79607843 0.45882353 0.78039216
v 0.00490853 -0.01571759 -0.00741681 0.79607843 0.45882353 0.78039216
v 0.00527138 -0.01536385 -0.00741681 0.79607843 0.45882353 0.78039216
v -0.00088912 -0.01586321 -0.00363907 0.79607843 0.45882353 0.78039216
v -0.00128010 -0.01564552 -0.00327161 0.79607843 0.45882353 0.78039216
v -0.00207141 -0.01501967 -0.00222251 0.79607843 0.45882353 0.78039216
v -0.00295378 -0.01395329 -0.00052950 0.79607843 0.45882353 0.78039216
v -0.00327513 -0.01354733 -0.00052950 0.79607843 0.45882353 0.78039216
v -0.00469843 -0.01173890 -0.00052950 0.79607843 0.45882353 0.78039216
v -0.00469977 -0.01173890 -0.00053422 0.79607843 0.45882353 0.78039216
v 0.00162275 -0.01630005 -0.00741681 0.79607843 0.45882353 0.78039216
v -0.00088912 -0.01586321 -0.00377055 0.79607843 0.45882353 0.78039216
v -0.00469977 -0.01173081 -0.00052950 0.79607843 0.45882353 0.78039216
v 0.00471572 -0.01336788 -0.00052950 0.79607843 0.45882353 0.78039216
v 0.00420558 -0.01492406 -0.00165210 0.79607843 0.45882353 0.78039216
v 0.00456442 -0.01507776 -0.00227645 0.79607843 0.45882353 0.78039216
v 0.00451889 -0.01553153 -0.00329521 0.79607843 0.45882353 0.78039216
v 0.00412926 -0.01586468 -0.00367885 0.79607843 0.45882353 0.78039216
v 0.00418148 -0.01588748 -0.00421352 0.79607843 0.45882353 0.78039216
v 0.00442918 -0.01602500 -0.00741681 0.79607843 0.45882353 0.78039216
v -0.00037497 -0.01591174 -0.00327161 0.79607843 0.45882353 0.78039216
v -0.00070836 -0.01582791 -0.00297495 0.79607843 0.45882353 0.78039216
v -0.00136847 -0.01536900 -0.00222251 0.79607843 0.45882353 0.78039216
v -0.00193752 -0.01490862 -0.00163795 0.79607843 0.45882353 0.78039216
v -0.00234858 -0.01429306 -0.00052950 0.79607843 0.45882353 0.78039216
v 0.00261357 -0.01637213 -0.00741681 0.79607843 0.45882353 0.78039216
v 0.00062389 -0.01599926 -0.00321835 0.79607843 0.45882353 0.78039216
v 0.00415336 -0.01390769 -0.00052950 0.79607843 0.45882353 0.78039216
v 0.00364858 -0.01431880 -0.00052950 0.79607843 0.45882353 0.78039216
v 0.00330045 -0.01448133 -0.00052950 0.79607843 0.45882353 0.78039216
v 0.00279700 -0.01470490 -0.00052950 0.79607843 0.45882353 0.78039216
v 0.00360975 -0.01505055 -0.00148017 0.79607843 0.45882353 0.78039216
v 0.00352807 -0.01556168 -0.00231016 0.79607843 0.45882353 0.78039216
v 0.00380657 -0.01577422 -0.00301473 0.79607843 0.45882353 0.78039216
v 0.00314245 -0.01586247 -0.00270121 0.79607843 0.45882353 0.78039216
v 0.00352807 -0.01590071 -0.00329521 0.79607843 0.45882353 0.78039216
v 0.00360975 -0.01598676 -0.00421352 0.79607843 0.45882353 0.78039216
v 0.00360439 -0.01629858 -0.00741681 0.79607843 0.45882353 0.78039216
v 0.00421361 -0.01612576 -0.00741681 0.79607843 0.45882353 0.78039216
v -0.00004425 -0.01588159 -0.00262435 0.79607843 0.45882353 0.78039216
v -0.00037497 -0.01568964 -0.00226431 0.79607843 0.45882353 0.78039216
v -0.00136847 -0.01454752 -0.00052950 0.79607843 0.45882353 0.78039216
v 0.00337275 -0.01631918 -0.00741681 0.79607843 0.45882353 0.78039216
v 0.00261357 -0.01597352 -0.00321835 0.79607843 0.45882353 0.78039216
v 0.00161873 -0.01600294 -0.00321835 0.79607843 0.45882353 0.78039216
v 0.00062389 -0.01590586 -0.00251850 0.79607843 0.45882353 0.78039216
v 0.00237925 -0.01486522 -0.00052950 0.79607843 0.45882353 0.78039216
v 0.00230695 -0.01493877 -0.00060906 0.79607843 0.45882353 0.78039216
v 0.00262830 -0.01518367 -0.00117407 0.79607843 0.45882353 0.78039216
v 0.00261357 -0.01570288 -0.00212272 0.79607843 0.45882353 0.78039216
v 0.00161873 -0.01577937 -0.00200810 0.79607843 0.45882353 0.78039216
v 0.00261357 -0.01588159 -0.00262098 0.79607843 0.45882353 0.78039216
v 0.00062389 -0.01576687 -0.00202091 0.79607843 0.45882353 0.78039216
v 0.00062389 -0.01539326 -0.00122666 0.79607843 0.45882353 0.78039216
v -0.00032944 -0.01478506 -0.00052950 0.79607843 0.45882353 0.78039216
v 0.00161873 -0.01590733 -0.00250568 0.79607843 0.45882353 0.78039216
v 0.00177137 -0.01499319 -0.00052950 0.79607843 0.45882353 0.78039216
v 0.00161873 -0.01543077 -0.00122666 0.79607843 0.45882353 0.78039216
v 0.00158793 -0.01502114 -0.00052950 0.79607843 0.45882353 0.78039216
v 0.00062389 -0.01498363 -0.00053018 0.79607843 0.45882353 0.78039216
v 0.00062389 -0.01498289 -0.00052950 0.79607843 0.45882353 0.78039216
v 0.00161873 -0.01502187 -0.00052950 0.79607843 0.45882353 0.78039216
v 0.00065469 -0.01498436 -0.00052950 0.79607843 0.45882353 0.78039216
f 2228 2229 2230
f 2228 2230 2231
f 2228 2231 2232
f 2228 2232 2238
f 2228 2238 2246
f 2228 2246 2245
f 2228 2245 2263
f 2228 2263 2282
f 2228 2282 2281
f 2228 2281 2286
f 2228 2286 2269
f 2228 2269 2254
f 2228 2254 2239
f 2228 2239 2233
f 2228 2233 2240
f 2228 2240 2234
f 2228 2234 2229
f 2229 2234 2230
f 2230 2234 2235
f 2230 2235 2236
f 2230 2236 2237
f 2230 2237 2238
f 2230 2238 2231
f 2231 2238 2232
f 2233 2239 2253
f 2233 2253 2256
f 2233 2256 2240
f 2234 2241 2242
f 2234 2242 2243
f 2234 2243 2235
f 2234 2240 2256
f 2234 2256 2252
f 2234 2252 2251
f 2234 2251 2250
f 2234 2250 2268
f 2234 2268 2285
f 2234 2285 2298
f 2234 2298 2304
f 2234 2304 2306
f 2234 2306 2302
f 2234 2302 2305
f 2234 2305 2300
f 2234 2300 2290
f 2234 2290 2274
f 2234 2274 2273
f 2234 2273 2272
f 2234 2272 2271
f 2234 2271 2257
f 2234 2257 2241
f 2235 2243 2236
f 2236 2243 2244
f 2236 2244 2245
f 2236 2245 2237
f 2237 2245 2246
f 2237 2246 2238
f 2239 2247 2248
f 2239 2248 2249
f 2239 2249 2250
f 2239 2250 2251
f 2239 2251 2252
f 2239 2252 2253
f 2239 2254 2255
f 2239 2255 2247
f 2241 2257 2242
f 2242 2257 2258
f 2242 2258 2259
f 2242 2259 2260
f 2242 2260 2243
f 2243 2260 2244
f 2244 2260 2261
f 2244 2261 2262
f 2244 2262 2263
f 2244 2263 2245
f 2247 2254 2264
f 2247 2264 2265
f 2247 2265 2248
f 2247 2255 2254
f 2248 2265 2266
f 2248 2266 2249
f 2249 2266 2267
f 2249 2267 2250
f 2250 2267 2268
f 2252 2256 2253
f 2254 2269 2270
f 2254 2270 2264
f 2257 2271 2258
f 2258 2271 2272
f 2258 2272 2273
f 2258 2273 2274
f 2258 2274 2275
f 2258 2275 2276
f 2258 2276 2259
f 2259 2276 2277
f 2259 2277 2260
f 2260 2277 2261
f 2261 2277 2278
f 2261 2278 2279
f 2261 2279 2280
f 2261 2280 2281
f 2261 2281 2282
f 2261 2282 2262
f 2262 2282 2263
f 2264 2270 2283
f 2264 2283 2265
f 2265 2283 2284
f 2265 2284 2266
f 2266 2268 2267
f 2266 2284 2268
f 2268 2284 2285
f 2269 2286 2287
f 2269 2287 2288
f 2269 2288 2270
f 2270 2289 2283
f 2270 2288 2289
f 2274 2290 2275
f 2275 2290 2291
f 2275 2291 2292
f 2275 2292 2276
f 2276 2292 2293
f 2276 2293 2278
f 2276 2278 2277
f 2278 2293 2294
f 2278 2294 2295
f 2278 2295 2287
f 2278 2287 2279
f 2279 2287 2280
f 2280 2287 2286
f 2280 2286 2281
f 2283 2289 2296
f 2283 2296 2284
f 2284 2296 2297
f 2284 2297 2285
f 2285 2297 2298
f 2287 2295 2299
f 2287 2299 2288
f 2288 2299 2289
f 2289 2299 2294
f 2289 2294 2296
f 2290 2300 2291
f 2291 2300 2301
f 2291 2301 2292
f 2292 2301 2293
f 2293 2301 2294
f 2294 2301 2296
f 2294 2299 2295
f 2296 2301 2297
f 2297 2301 2302
f 2297 2302 2303
f 2297 2303 2298
f 2298 2303 2304
f 2300 2305 2301
f 2301 2305 2302
f 2302 2306 2303
f 2303 2306 2304

o geometry_8
v -0.01359068 -0.00885895 -0.00741681 0.11764706 0.63921569 0.14117647
v -0.01332002 -0.00936580 -0.00741681 0.11764706 0.63921569 0.14117647
v -0.01222519 -0.01037834 -0.00421352 0.11764706 0.63921569 0.14117647
v -0.01268819 -0.00947870 -0.00421352 0.11764706 0.63921569 0.14117647
v -0.01274998 -0.00885895 -0.00304979 0.11764706 0.63921569 0.14117647
v -0.00469977 -0.00885895 -0.00741681 0.11764706 0.63921569 0.14117647
v -0.01292404 -0.01006846 -0.00741681 0.11764706 0.63921569 0.14117647
v -0.01182834 -0.01087990 -0.00370447 0.11764706 0.63921569 0.14117647
v -0.01203286 -0.01039833 -0.00331072 0.11764706 0.63921569 0.14117647
v -0.01261943 -0.01056591 -0.00741681 0.11764706 0.63921569 0.14117647
v -0.01259681 -0.00929230 -0.00329858 0.11764706 0.63921569 0.14117647
v -0.01259768 -0.00885895 -0.00256232 0.11764706 0.63921569 0.14117647
v -0.00469977 -0.00885895 -0.00052950 0.11764706 0.63921569 0.14117647
v -0.00469977 -0.01446611 -0.00741681 0.11764706 0.63921569 0.14117647
v -0.01173609 -0.01074349 -0.00304103 0.11764706 0.63921569 0.14117647
v -0.01250542 -0.01074113 -0.00741681 0.11764706 0.63921569 0.14117647
v -0.01212076 -0.01124446 -0.00741681 0.11764706 0.63921569 0.14117647
v -0.01118519 -0.01238871 -0.00741681 0.11764706 0.63921569 0.14117647
v -0.01080574 -0.01284323 -0.00741681 0.11764706 0.63921569 0.14117647
v -0.01086318 -0.01190596 -0.00357435 0.11764706 0.63921569 0.14117647
v -0.01077528 -0.01182011 -0.00291023 0.11764706 0.63921569 0.14117647
v -0.01194757 -0.01007963 -0.00252793 0.11764706 0.63921569 0.14117647
v -0.01246278 -0.00885895 -0.00221779 0.11764706 0.63921569 0.14117647
v -0.00469977 -0.01173015 -0.00052950 0.11764706 0.63921569 0.14117647
v -0.01067607 -0.00885895 -0.00052950 0.11764706 0.63921569 0.14117647
v -0.00511229 -0.01469602 -0.00741681 0.11764706 0.63921569 0.14117647
v -0.00469977 -0.01173897 -0.00053422 0.11764706 0.63921569 0.14117647
v -0.01105900 -0.01114979 -0.00222251 0.11764706 0.63921569 0.14117647
v -0.01056380 -0.01303198 -0.00741681 0.11764706 0.63921569 0.14117647
v -0.01039845 -0.01219173 -0.00323251 0.11764706 0.63921569 0.14117647
v -0.01012343 -0.01209118 -0.00222251 0.11764706 0.63921569 0.14117647
v -0.01062124 -0.01164724 -0.00222251 0.11764706 0.63921569 0.14117647
v -0.01222345 -0.00885895 -0.00172425 0.11764706 0.63921569 0.14117647
v -0.01089190 -0.01096105 -0.00164806 0.11764706 0.63921569 0.14117647
v -0.00734459 -0.01186127 -0.00052950 0.11764706 0.63921569 0.14117647
v -0.01201458 -0.00885895 -0.00154153 0.11764706 0.63921569 0.14117647
v -0.01064909 -0.00901183 -0.00052950 0.11764706 0.63921569 0.14117647
v -0.00541602 -0.01478246 -0.00741681 0.11764706 0.63921569 0.14117647
v -0.00734459 -0.01194183 -0.00064008 0.11764706 0.63921569 0.14117647
v -0.00734459 -0.01229992 -0.00122666 0.11764706 0.63921569 0.14117647
v -0.00734459 -0.01272740 -0.00206878 0.11764706 0.63921569 0.14117647
v -0.01033840 -0.01319427 -0.00741681 0.11764706 0.63921569 0.14117647
v -0.00970569 -0.01364527 -0.00741681 0.11764706 0.63921569 0.14117647
v -0.00973267 -0.01282442 -0.00395596 0.11764706 0.63921569 0.14117647
v -0.00952554 -0.01274327 -0.00321835 0.11764706 0.63921569 0.14117647
v -0.00924879 -0.01258628 -0.00230679 0.11764706 0.63921569 0.14117647
v -0.00994241 -0.01195418 -0.00159142 0.11764706 0.63921569 0.14117647
v -0.00994415 -0.01102102 -0.00061648 0.11764706 0.63921569 0.14117647
v -0.00989629 -0.01093811 -0.00052950 0.11764706 0.63921569 0.14117647
v -0.01027487 -0.01132325 -0.00128802 0.11764706 0.63921569 0.14117647
v -0.00816354 -0.01189714 -0.00052950 0.11764706 0.63921569 0.14117647
v -0.00834021 -0.01196653 -0.00061311 0.11764706 0.63921569 0.14117647
v -0.01000420 -0.01070174 -0.00052950 0.11764706 0.63921569 0.14117647
v -0.01013997 -0.01037834 -0.00052950 0.11764706 0.63921569 0.14117647
v -0.01034884 -0.00983385 -0.00052950 0.11764706 0.63921569 0.14117647
v -0.00634898 -0.01486595 -0.00741681 0.11764706 0.63921569 0.14117647
v -0.00834021 -0.01234931 -0.00122666 0.11764706 0.63921569 0.14117647
v -0.00834021 -0.01275268 -0.00207687 0.11764706 0.63921569 0.14117647
v -0.00960474 -0.01371171 -0.00741681 0.11764706 0.63921569 0.14117647
v -0.00892330 -0.01391457 -0.00649648 0.11764706 0.63921569 0.14117647
v -0.00874837 -0.01382872 -0.00583303 0.11764706 0.63921569 0.14117647
v -0.00886064 -0.01287499 -0.00269447 0.11764706 0.63921569 0.14117647
v -0.00928534 -0.01208648 -0.00124622 0.11764706 0.63921569 0.14117647
v -0.00958298 -0.01168487 -0.00092798 0.11764706 0.63921569 0.14117647
v -0.00892069 -0.01191243 -0.00067986 0.11764706 0.63921569 0.14117647
v -0.00935148 -0.01143027 -0.00052950 0.11764706 0.63921569 0.14117647
v -0.00973615 -0.01110040 -0.00052950 0.11764706 0.63921569 0.14117647
v -0.00834021 -0.01188715 -0.00052950 0.11764706 0.63921569 0.14117647
v -0.00876578 -0.01180130 -0.00052950 0.11764706 0.63921569 0.14117647
v -0.00808434 -0.01394515 -0.00546962 0.11764706 0.63921569 0.14117647
v -0.00713833 -0.01473718 -0.00741681 0.11764706 0.63921569 0.14117647
v -0.00912521 -0.01398983 -0.00741681 0.11764706 0.63921569 0.14117647
v -0.00906168 -0.01397984 -0.00720105 0.11764706 0.63921569 0.14117647
v -0.00834021 -0.01431500 -0.00741681 0.11764706 0.63921569 0.14117647
v -0.00834021 -0.01427501 -0.00720105 0.11764706 0.63921569 0.14117647
v -0.00838633 -0.01403981 -0.00618094 0.11764706 0.63921569 0.14117647
v -0.00904775 -0.01165665 -0.00052950 0.11764706 0.63921569 0.14117647
f 2307 2308 2309
f 2307 2309 2310
f 2307 2310 2311
f 2307 2311 2318
f 2307 2318 2329
f 2307 2329 2339
f 2307 2339 2342
f 2307 2342 2331
f 2307 2331 2319
f 2307 2319 2312
f 2307 2312 2320
f 2307 2320 2332
f 2307 2332 2344
f 2307 2344 2362
f 2307 2362 2377
f 2307 2377 2380
f 2307 2380 2378
f 2307 2378 2365
f 2307 2365 2349
f 2307 2349 2348
f 2307 2348 2335
f 2307 2335 2325
f 2307 2325 2324
f 2307 2324 2323
f 2307 2323 2322
f 2307 2322 2316
f 2307 2316 2313
f 2307 2313 2308
f 2308 2313 2309
f 2309 2314 2315
f 2309 2315 2310
f 2309 2313 2316
f 2309 2316 2314
f 2310 2315 2317
f 2310 2317 2311
f 2311 2317 2315
f 2311 2315 2318
f 2312 2319 2330
f 2312 2330 2333
f 2312 2333 2320
f 2314 2321 2315
f 2314 2316 2322
f 2314 2322 2323
f 2314 2323 2324
f 2314 2324 2325
f 2314 2325 2326
f 2314 2326 2327
f 2314 2327 2321
f 2315 2321 2328
f 2315 2328 2318
f 2318 2328 2329
f 2319 2331 2343
f 2319 2343 2361
f 2319 2361 2360
f 2319 2360 2359
f 2319 2359 2355
f 2319 2355 2373
f 2319 2373 2372
f 2319 2372 2383
f 2319 2383 2375
f 2319 2375 2374
f 2319 2374 2357
f 2319 2357 2341
f 2319 2341 2330
f 2320 2333 2332
f 2321 2327 2334
f 2321 2334 2328
f 2325 2335 2336
f 2325 2336 2326
f 2326 2336 2327
f 2327 2336 2337
f 2327 2337 2338
f 2327 2338 2334
f 2328 2339 2329
f 2328 2334 2340
f 2328 2340 2339
f 2330 2341 2333
f 2331 2342 2343
f 2332 2333 2344
f 2333 2341 2345
f 2333 2345 2346
f 2333 2346 2347
f 2333 2347 2344
f 2334 2338 2340
f 2335 2348 2336
f 2336 2348 2349
f 2336 2349 2350
f 2336 2350 2337
f 2337 2350 2351
f 2337 2351 2352
f 2337 2352 2353
f 2337 2353 2338
f 2338 2353 2340
f 2339 2340 2354
f 2339 2354 2355
f 2339 2355 2342
f 2340 2353 2356
f 2340 2356 2354
f 2341 2357 2358
f 2341 2358 2345
f 2342 2355 2359
f 2342 2359 2360
f 2342 2360 2361
f 2342 2361 2343
f 2344 2347 2362
f 2345 2358 2363
f 2345 2363 2346
f 2346 2363 2347
f 2347 2363 2364
f 2347 2364 2362
f 2349 2365 2350
f 2350 2365 2366
f 2350 2366 2351
f 2351 2366 2367
f 2351 2367 2368
f 2351 2368 2352
f 2352 2368 2364
f 2352 2364 2369
f 2352 2369 2353
f 2353 2370 2354
f 2353 2354 2356
f 2353 2369 2371
f 2353 2371 2370
f 2354 2370 2372
f 2354 2372 2373
f 2354 2373 2355
f 2357 2374 2358
f 2358 2374 2375
f 2358 2375 2371
f 2358 2371 2363
f 2362 2364 2376
f 2362 2376 2377
f 2363 2371 2369
f 2363 2369 2364
f 2364 2368 2376
f 2365 2378 2366
f 2366 2378 2379
f 2366 2379 2380
f 2366 2380 2381
f 2366 2381 2382
f 2366 2382 2367
f 2367 2382 2376
f 2367 2376 2368
f 2370 2371 2383
f 2370 2383 2372
f 2371 2375 2383
f 2376 2382 2377
f 2377 2382 2381
f 2377 2381 2380
f 2378 2380 2379

o geometry_9
v -0.01569549 -0.00885895 -0.01693679 0.94117647 0.52156863 0.41176471
v -0.01564713 -0.00901635 -0.01693679 0.94117647 0.52156863 0.41176471
v -0.01380934 -0.00885895 -0.00827133 0.94117647 0.52156863 0.41176471
v 0.00821760 -0.00885895 -0.01693679 0.94117647 0.52156863 0.41176471
v -0.01551413 -0.00933927 -0.01693679 0.94117647 0.52156863 0.41176471
v -0.01512239 -0.01020246 -0.01693679 0.94117647 0.52156863 0.41176471
v -0.01373921 -0.00885895 -0.00795636 0.94117647 0.52156863 0.41176471
v 0.00851503 -0.00885895 -0.01516810 0.94117647 0.52156863 0.41176471
v 0.00726726 -0.01005178 -0.01693679 0.94117647 0.52156863 0.41176471
v -0.01432440 -0.01171990 -0.01693679 0.94117647 0.52156863 0.41176471
v -0.01292188 -0.01006802 -0.00741681 0.94117647 0.52156863 0.41176471
v -0.01331845 -0.00936588 -0.00741681 0.94117647 0.52156863 0.41176471
v -0.01354092 -0.00895249 -0.00741681 0.94117647 0.52156863 0.41176471
v -0.01358929 -0.00885895 -0.00741681 0.94117647 0.52156863 0.41176471
v 0.00866496 -0.00885895 -0.01417193 0.94117647 0.52156863 0.41176471
v 0.00583814 -0.01171990 -0.01693679 0.94117647 0.52156863 0.41176471
v -0.01232459 -0.01171990 -0.00921438 0.94117647 0.52156863 0.41176471
v -0.01261961 -0.01056571 -0.00741681 0.94117647 0.52156863 0.41176471
v 0.00897690 -0.00885895 -0.00741681 0.94117647 0.52156863 0.41176471
v 0.00877619 -0.00885895 -0.01317669 0.94117647 0.52156863 0.41176471
v 0.00640157 -0.01171990 -0.01180964 0.94117647 0.52156863 0.41176471
v -0.01215049 -0.01171990 -0.00854717 0.94117647 0.52156863 0.41176471
v -0.01250354 -0.01074048 -0.00741681 0.94117647 0.52156863 0.41176471
v 0.00653456 -0.01171990 -0.00741681 0.94117647 0.52156863 0.41176471
v 0.00900591 -0.00885895 -0.00819771 0.94117647 0.52156863 0.41176471
v 0.00886083 -0.00885895 -0.01218052 0.94117647 0.52156863 0.41176471
v 0.00645235 -0.01171990 -0.01115454 0.94117647 0.52156863 0.41176471
v -0.01208036 -0.01171990 -0.00828531 0.94117647 0.52156863 0.41176471
v -0.01211905 -0.01124377 -0.00741681 0.94117647 0.52156863 0.41176471
v -0.01172006 -0.01171990 -0.00741681 0.94117647 0.52156863 0.41176471
v 0.00652247 -0.01171990 -0.00884723 0.94117647 0.52156863 0.41176471
v 0.00899382 -0.00885895 -0.00919388 0.94117647 0.52156863 0.41176471
v 0.00651280 -0.01171990 -0.00984340 0.94117647 0.52156863 0.41176471
v 0.00891886 -0.00885895 -0.01118529 0.94117647 0.52156863 0.41176471
v 0.00647653 -0.01171990 -0.01083956 0.94117647 0.52156863 0.41176471
v 0.00896239 -0.00885895 -0.01018912 0.94117647 0.52156863 0.41176471
f 2384 2385 2386
f 2384 2386 2390
f 2384 2390 2397
f 2384 2397 2402
f 2384 2402 2408
f 2384 2408 2415
f 2384 2415 2419
f 2384 2419 2417
f 2384 2417 2409
f 2384 2409 2403
f 2384 2403 2398
f 2384 2398 2391
f 2384 2391 2387
f 2384 2387 2392
f 2384 2392 2399
f 2384 2399 2393
f 2384 2393 2389
f 2384 2389 2388
f 2384 2388 2385
f 2385 2388 2386
f 2386 2388 2389
f 2386 2389 2390
f 2387 2391 2392
f 2389 2393 2390
f 2390 2393 2394
f 2390 2394 2395
f 2390 2395 2396
f 2390 2396 2397
f 2391 2398 2392
f 2392 2398 2399
f 2393 2400 2401
f 2393 2401 2394
f 2393 2399 2404
f 2393 2404 2410
f 2393 2410 2418
f 2393 2418 2416
f 2393 2416 2414
f 2393 2414 2407
f 2393 2407 2413
f 2393 2413 2411
f 2393 2411 2405
f 2393 2405 2400
f 2394 2401 2406
f 2394 2406 2412
f 2394 2412 2413
f 2394 2413 2407
f 2394 2407 2402
f 2394 2402 2397
f 2394 2397 2396
f 2394 2396 2395
f 2398 2403 2399
f 2399 2403 2404
f 2400 2405 2401
f 2401 2405 2406
f 2402 2407 2408
f 2403 2409 2404
f 2404 2409 2410
f 2405 2411 2406
f 2406 2411 2412
f 2407 2414 2408
f 2408 2414 2416
f 2408 2416 2415
f 2409 2417 2418
f 2409 2418 2410
f 2411 2413 2412
f 2415 2416 2419
f 2416 2418 2419
f 2417 2419 2418

o geometry_10
v -0.00236459 0.01514229 -0.01693679 0.26274510 0.77254902 0.45490196
v -0.00259343 0.01513271 -0.01693679 0.26274510 0.77254902 0.45490196
v -0.00142520 0.01507525 -0.01693679 0.26274510 0.77254902 0.45490196
v -0.00447926 0.01754117 -0.03209762 0.26274510 0.77254902 0.45490196
v -0.00334635 0.01509680 -0.01693679 0.26274510 0.77254902 0.45490196
v -0.00097034 0.01499625 -0.01693679 0.26274510 0.77254902 0.45490196
v 0.00360934 0.01650932 -0.03807173 0.26274510 0.77254902 0.45490196
v 0.00360934 0.01656438 -0.03906702 0.26274510 0.77254902 0.45490196
v -0.00447926 0.01745020 -0.03309291 0.26274510 0.77254902 0.45490196
v -0.00447926 0.01491724 -0.01714444 0.26274510 0.77254902 0.45490196
v -0.00423771 0.01495794 -0.01693679 0.26274510 0.77254902 0.45490196
v -0.00394812 0.01503216 -0.01693679 0.26274510 0.77254902 0.45490196
v -0.00357661 0.01507525 -0.01693679 0.26274510 0.77254902 0.45490196
v -0.00082343 0.01503216 -0.01752632 0.26274510 0.77254902 0.45490196
v 0.00341157 0.01331559 -0.01693679 0.26274510 0.77254902 0.45490196
v 0.00439899 0.01618372 -0.03807173 0.26274510 0.77254902 0.45490196
v 0.00455155 0.01624836 -0.03906702 0.26274510 0.77254902 0.45490196
v 0.00460523 0.01333953 -0.02014939 0.26274510 0.77254902 0.45490196
v 0.00440181 0.01615739 -0.03985465 0.26274510 0.77254902 0.45490196
v 0.00360934 0.01625554 -0.03999070 0.26274510 0.77254902 0.45490196
v 0.00261486 0.01651411 -0.03906702 0.26274510 0.77254902 0.45490196
v -0.00447926 0.01722036 -0.03370392 0.26274510 0.77254902 0.45490196
v -0.00447926 0.01490288 -0.01707999 0.26274510 0.77254902 0.45490196
v -0.00444253 0.01488612 -0.01693679 0.26274510 0.77254902 0.45490196
v 0.00362912 0.01322701 -0.01693679 0.26274510 0.77254902 0.45490196
v 0.00512789 0.01303788 -0.01960521 0.26274510 0.77254902 0.45490196
v 0.00995196 0.01199884 -0.02849596 0.26274510 0.77254902 0.45490196
v 0.00995196 0.01237232 -0.03107369 0.26274510 0.77254902 0.45490196
v 0.00995196 0.01251836 -0.03209762 0.26274510 0.77254902 0.45490196
v 0.00504879 0.01597783 -0.03906702 0.26274510 0.77254902 0.45490196
v 0.00614074 0.01505131 -0.03963746 0.26274510 0.77254902 0.45490196
v 0.00559264 0.01529790 -0.04000741 0.26274510 0.77254902 0.45490196
v 0.00468151 0.01585333 -0.04013629 0.26274510 0.77254902 0.45490196
v 0.00360934 0.01593473 -0.04048715 0.26274510 0.77254902 0.45490196
v 0.00261486 0.01619808 -0.03984511 0.26274510 0.77254902 0.45490196
v -0.00447926 0.01716291 -0.03383042 0.26274510 0.77254902 0.45490196
v -0.00447926 0.01486936 -0.01693679 0.26274510 0.77254902 0.45490196
v 0.00653768 0.01177619 -0.01693679 0.26274510 0.77254902 0.45490196
v 0.00946319 0.01027030 -0.01693679 0.26274510 0.77254902 0.45490196
v 0.00759290 0.01165888 -0.01915411 0.26274510 0.77254902 0.45490196
v 0.00752086 0.01186477 -0.02010166 0.26274510 0.77254902 0.45490196
v 0.00958468 0.01148890 -0.02413293 0.26274510 0.77254902 0.45490196
v 0.00995196 0.01128779 -0.02413293 0.26274510 0.77254902 0.45490196
v 0.00995196 0.01257103 -0.03309291 0.26274510 0.77254902 0.45490196
v 0.00995196 0.01255666 -0.03345808 0.26274510 0.77254902 0.45490196
v 0.00995196 0.01228134 -0.03807173 0.26274510 0.77254902 0.45490196
v 0.00995196 0.01225501 -0.03835576 0.26274510 0.77254902 0.45490196
v 0.00995196 0.01217361 -0.03900257 0.26274510 0.77254902 0.45490196
v 0.00995196 0.01214488 -0.03916487 0.26274510 0.77254902 0.45490196
v 0.00995196 0.01177380 -0.04006469 0.26274510 0.77254902 0.45490196
v 0.00525362 0.01513989 -0.04066855 0.26274510 0.77254902 0.45490196
v 0.00460523 0.01533382 -0.04079743 0.26274510 0.77254902 0.45490196
v 0.00360934 0.01543676 -0.04081891 0.26274510 0.77254902 0.45490196
v 0.00279850 0.01527875 -0.04069957 0.26274510 0.77254902 0.45490196
v 0.00252728 0.01557083 -0.04038213 0.26274510 0.77254902 0.45490196
v 0.00200744 0.01608077 -0.03966132 0.26274510 0.77254902 0.45490196
v 0.00096635 0.01515426 -0.03967564 0.26274510 0.77254902 0.45490196
v -0.00184616 0.01397397 -0.03855386 0.26274510 0.77254902 0.45490196
v -0.00447926 0.01650692 -0.03438176 0.26274510 0.77254902 0.45490196
v -0.00447926 -0.00691212 -0.01693679 0.26274510 0.77254902 0.45490196
v 0.00995196 0.00995428 -0.01693679 0.26274510 0.77254902 0.45490196
v 0.00995196 0.01064139 -0.02060288 0.26274510 0.77254902 0.45490196
v 0.00995196 0.01115133 -0.02333336 0.26274510 0.77254902 0.45490196
v 0.00995196 0.01162297 -0.04028427 0.26274510 0.77254902 0.45490196
v 0.00460523 0.01451743 -0.04117932 0.26274510 0.77254902 0.45490196
v 0.00995196 0.01126385 -0.04075686 0.26274510 0.77254902 0.45490196
v 0.00995196 0.01101487 -0.04090961 0.26274510 0.77254902 0.45490196
v 0.00995196 0.01053365 -0.04115784 0.26274510 0.77254902 0.45490196
v 0.00360934 0.01451743 -0.04112442 0.26274510 0.77254902 0.45490196
v 0.00213599 0.01493161 -0.04055398 0.26274510 0.77254902 0.45490196
v 0.00165288 0.01549661 -0.03988330 0.26274510 0.77254902 0.45490196
v -0.00145628 0.01359331 -0.03887369 0.26274510 0.77254902 0.45490196
v -0.00198036 0.01331080 -0.03864456 0.26274510 0.77254902 0.45490196
v -0.00447926 0.01155354 -0.03749890 0.26274510 0.77254902 0.45490196
v -0.00447926 0.01161579 -0.03747981 0.26274510 0.77254902 0.45490196
v -0.00447926 0.01259976 -0.03701677 0.26274510 0.77254902 0.45490196
v -0.00447926 -0.00691212 -0.03286139 0.26274510 0.77254902 0.45490196
v 0.00995196 -0.00691212 -0.01693679 0.26274510 0.77254902 0.45490196
v 0.00460523 0.01352149 -0.04124853 0.26274510 0.77254902 0.45490196
v 0.00995196 0.01016736 -0.04124853 0.26274510 0.77254902 0.45490196
v 0.00995196 0.00953771 -0.04131775 0.26274510 0.77254902 0.45490196
v 0.00206536 0.01426844 -0.04058501 0.26274510 0.77254902 0.45490196
v 0.00252728 0.01456771 -0.04074492 0.26274510 0.77254902 0.45490196
v 0.00360934 0.01352149 -0.04105043 0.26274510 0.77254902 0.45490196
v -0.00447926 0.00057661 -0.03830563 0.26274510 0.77254902 0.45490196
v -0.00447926 0.00555393 -0.03831279 0.26274510 0.77254902 0.45490196
v -0.00447926 0.00654988 -0.03823403 0.26274510 0.77254902 0.45490196
v -0.00051548 0.01352149 -0.03939162 0.26274510 0.77254902 0.45490196
v -0.00447926 0.01066054 -0.03763256 0.26274510 0.77254902 0.45490196
v 0.00261486 -0.00691212 -0.03602864 0.26274510 0.77254902 0.45490196
v -0.00447926 -0.00515725 -0.03486867 0.26274510 0.77254902 0.45490196
v 0.00995196 -0.00691212 -0.01913740 0.26274510 0.77254902 0.45490196
v -0.00447926 -0.00041694 -0.03816959 0.26274510 0.77254902 0.45490196
v 0.00995196 0.00917141 -0.04125331 0.26274510 0.77254902 0.45490196
v -0.00447926 0.00567843 -0.03830325 0.26274510 0.77254902 0.45490196
v 0.00313329 -0.00691212 -0.03617185 0.26274510 0.77254902 0.45490196
v -0.00447926 -0.00509740 -0.03493073 0.26274510 0.77254902 0.45490196
v -0.00447926 -0.00466885 -0.03536751 0.26274510 0.77254902 0.45490196
v -0.00447926 -0.00363461 -0.03632461 0.26274510 0.77254902 0.45490196
v -0.00447926 -0.00313663 -0.03677809 0.26274510 0.77254902 0.45490196
v 0.00789943 -0.00691212 -0.03262748 0.26274510 0.77254902 0.45490196
v 0.00995196 -0.00514528 -0.03309291 0.26274510 0.77254902 0.45490196
v 0.00995196 0.00854177 -0.04109339 0.26274510 0.77254902 0.45490196
v 0.00360934 -0.00691212 -0.03627687 0.26274510 0.77254902 0.45490196
v -0.00447926 -0.00128839 -0.03784976 0.26274510 0.77254902 0.45490196
v -0.00447926 -0.00240883 -0.03727454 0.26274510 0.77254902 0.45490196
v -0.00447926 -0.00234898 -0.03731273 0.26274510 0.77254902 0.45490196
v 0.00781750 -0.00691212 -0.03313109 0.26274510 0.77254902 0.45490196
v 0.00995196 -0.00501600 -0.03396885 0.26274510 0.77254902 0.45490196
v 0.00995196 -0.00141288 -0.03803831 0.26274510 0.77254902 0.45490196
v 0.00995196 -0.00170496 -0.03791659 0.26274510 0.77254902 0.45490196
v 0.00995196 -0.00218618 -0.03771371 0.26274510 0.77254902 0.45490196
v 0.00995196 -0.00268415 -0.03745355 0.26274510 0.77254902 0.45490196
v 0.00460523 -0.00691212 -0.03605251 0.26274510 0.77254902 0.45490196
v -0.00447926 -0.00190846 -0.03757289 0.26274510 0.77254902 0.45490196
v -0.00447926 -0.00141049 -0.03780441 0.26274510 0.77254902 0.45490196
v 0.00767059 -0.00691212 -0.03356787 0.26274510 0.77254902 0.45490196
v 0.00995196 -0.00493939 -0.03441757 0.26274510 0.77254902 0.45490196
v 0.00995196 -0.00344068 -0.03691414 0.26274510 0.77254902 0.45490196
v 0.00553614 -0.00691212 -0.03571120 0.26274510 0.77254902 0.45490196
v 0.00748413 -0.00691212 -0.03410251 0.26274510 0.77254902 0.45490196
v 0.00995196 -0.00486038 -0.03465863 0.26274510 0.77254902 0.45490196
v 0.00995196 -0.00388120 -0.03655135 0.26274510 0.77254902 0.45490196
v 0.00600089 -0.00691212 -0.03553697 0.26274510 0.77254902 0.45490196
v 0.00718042 -0.00691212 -0.03468966 0.26274510 0.77254902 0.45490196
v 0.00995196 -0.00469998 -0.03512167 0.26274510 0.77254902 0.45490196
v 0.00995196 -0.00418285 -0.03610502 0.26274510 0.77254902 0.45490196
v 0.00660831 -0.00691212 -0.03514315 0.26274510 0.77254902 0.45490196
f 2420 2421 2424
f 2420 2424 2432
f 2420 2432 2431
f 2420 2431 2430
f 2420 2430 2443
f 2420 2443 2456
f 2420 2456 2479
f 2420 2479 2497
f 2420 2497 2480
f 2420 2480 2458
f 2420 2458 2457
f 2420 2457 2444
f 2420 2444 2434
f 2420 2434 2425
f 2420 2425 2422
f 2420 2422 2423
f 2420 2423 2421
f 2421 2423 2424
f 2422 2425 2423
f 2423 2426 2427
f 2423 2427 2428
f 2423 2428 2441
f 2423 2441 2455
f 2423 2455 2478
f 2423 2478 2495
f 2423 2495 2494
f 2423 2494 2493
f 2423 2493 2508
f 2423 2508 2506
f 2423 2506 2514
f 2423 2514 2505
f 2423 2505 2504
f 2423 2504 2512
f 2423 2512 2524
f 2423 2524 2535
f 2423 2535 2534
f 2423 2534 2526
f 2423 2526 2525
f 2423 2525 2519
f 2423 2519 2518
f 2423 2518 2517
f 2423 2517 2516
f 2423 2516 2510
f 2423 2510 2496
f 2423 2496 2479
f 2423 2479 2456
f 2423 2456 2442
f 2423 2442 2429
f 2423 2429 2430
f 2423 2430 2431
f 2423 2431 2432
f 2423 2432 2424
f 2423 2425 2426
f 2425 2433 2426
f 2425 2434 2433
f 2426 2435 2436
f 2426 2436 2427
f 2426 2433 2434
f 2426 2434 2437
f 2426 2437 2435
f 2427 2436 2438
f 2427 2438 2439
f 2427 2439 2440
f 2427 2440 2428
f 2428 2440 2441
f 2429 2442 2443
f 2429 2443 2430
f 2434 2444 2437
f 2435 2437 2445
f 2435 2445 2446
f 2435 2446 2447
f 2435 2447 2448
f 2435 2448 2436
f 2436 2448 2449
f 2436 2449 2438
f 2437 2444 2445
f 2438 2449 2450
f 2438 2450 2451
f 2438 2451 2452
f 2438 2452 2453
f 2438 2453 2439
f 2439 2453 2454
f 2439 2454 2440
f 2440 2454 2441
f 2441 2454 2455
f 2442 2456 2443
f 2444 2457 2445
f 2445 2457 2458
f 2445 2458 2459
f 2445 2459 2460
f 2445 2460 2461
f 2445 2461 2446
f 2446 2461 2462
f 2446 2462 2482
f 2446 2482 2481
f 2446 2481 2480
f 2446 2480 2497
f 2446 2497 2511
f 2446 2511 2521
f 2446 2521 2528
f 2446 2528 2537
f 2446 2537 2541
f 2446 2541 2545
f 2446 2545 2546
f 2446 2546 2542
f 2446 2542 2538
f 2446 2538 2532
f 2446 2532 2531
f 2446 2531 2530
f 2446 2530 2529
f 2446 2529 2522
f 2446 2522 2513
f 2446 2513 2500
f 2446 2500 2499
f 2446 2499 2487
f 2446 2487 2486
f 2446 2486 2485
f 2446 2485 2483
f 2446 2483 2469
f 2446 2469 2468
f 2446 2468 2467
f 2446 2467 2466
f 2446 2466 2465
f 2446 2465 2464
f 2446 2464 2463
f 2446 2463 2448
f 2446 2448 2447
f 2448 2463 2449
f 2449 2463 2464
f 2449 2464 2465
f 2449 2465 2466
f 2449 2466 2467
f 2449 2467 2450
f 2450 2467 2468
f 2450 2468 2469
f 2450 2469 2451
f 2451 2470 2452
f 2451 2469 2470
f 2452 2470 2471
f 2452 2471 2453
f 2453 2471 2472
f 2453 2472 2473
f 2453 2473 2474
f 2453 2474 2454
f 2454 2474 2475
f 2454 2475 2455
f 2455 2475 2476
f 2455 2476 2477
f 2455 2477 2478
f 2458 2480 2481
f 2458 2481 2482
f 2458 2482 2459
f 2459 2461 2460
f 2459 2482 2461
f 2461 2482 2462
f 2469 2483 2470
f 2470 2484 2471
f 2470 2483 2485
f 2470 2485 2486
f 2470 2486 2487
f 2470 2487 2484
f 2471 2484 2472
f 2472 2484 2488
f 2472 2488 2473
f 2473 2488 2489
f 2473 2489 2474
f 2474 2489 2490
f 2474 2490 2475
f 2475 2490 2476
f 2476 2490 2489
f 2476 2489 2477
f 2477 2491 2492
f 2477 2492 2493
f 2477 2493 2494
f 2477 2494 2495
f 2477 2495 2478
f 2477 2489 2491
f 2479 2496 2509
f 2479 2509 2515
f 2479 2515 2523
f 2479 2523 2533
f 2479 2533 2539
f 2479 2539 2543
f 2479 2543 2547
f 2479 2547 2544
f 2479 2544 2540
f 2479 2540 2536
f 2479 2536 2527
f 2479 2527 2520
f 2479 2520 2511
f 2479 2511 2497
f 2484 2498 2488
f 2484 2487 2499
f 2484 2499 2500
f 2484 2500 2498
f 2488 2501 2502
f 2488 2502 2489
f 2488 2498 2503
f 2488 2503 2504
f 2488 2504 2505
f 2488 2505 2501
f 2489 2502 2501
f 2489 2501 2506
f 2489 2506 2507
f 2489 2507 2491
f 2491 2507 2492
f 2492 2507 2506
f 2492 2506 2508
f 2492 2508 2493
f 2496 2510 2509
f 2498 2500 2512
f 2498 2512 2504
f 2498 2504 2503
f 2500 2513 2512
f 2501 2505 2514
f 2501 2514 2506
f 2509 2510 2516
f 2509 2516 2517
f 2509 2517 2518
f 2509 2518 2519
f 2509 2519 2515
f 2511 2520 2521
f 2512 2513 2522
f 2512 2522 2523
f 2512 2523 2524
f 2515 2519 2525
f 2515 2525 2526
f 2515 2526 2523
f 2520 2527 2521
f 2521 2527 2528
f 2522 2529 2523
f 2523 2529 2530
f 2523 2530 2531
f 2523 2531 2532
f 2523 2532 2533
f 2523 2526 2534
f 2523 2534 2535
f 2523 2535 2524
f 2527 2536 2537
f 2527 2537 2528
f 2532 2538 2533
f 2533 2538 2539
f 2536 2540 2537
f 2537 2540 2541
f 2538 2542 2543
f 2538 2543 2539
f 2540 2544 2545
f 2540 2545 2541
f 2542 2546 2544
f 2542 2544 2547
f 2542 2547 2543
f 2544 2546 2545

o geometry_11
v 0.00903798 -0.00869829 0.00239405 0.56470588 0.01568627 0.61568627
v 0.00878725 -0.00913971 0.00239405 0.56470588 0.01568627 0.61568627
v 0.00899484 -0.00869829 -0.00052854 0.56470588 0.01568627 0.61568627
v -0.00473047 -0.00869829 0.00239405 0.56470588 0.01568627 0.61568627
v 0.00832758 -0.00988572 0.00239405 0.56470588 0.01568627 0.61568627
v 0.00821974 -0.01002687 0.00239405 0.56470588 0.01568627 0.61568627
v 0.00534177 -0.01311678 0.00176118 0.56470588 0.01568627 0.61568627
v 0.00471630 -0.01336814 -0.00052854 0.56470588 0.01568627 0.61568627
v -0.00473047 -0.00869829 -0.00052854 0.56470588 0.01568627 0.61568627
v -0.00473047 -0.01172196 0.00239405 0.56470588 0.01568627 0.61568627
v 0.00533503 -0.01312669 0.00239405 0.56470588 0.01568627 0.61568627
v 0.00471630 -0.01362444 0.00239405 0.56470588 0.01568627 0.61568627
v 0.00364868 -0.01431845 -0.00052854 0.56470588 0.01568627 0.61568627
v 0.00414744 -0.01391294 -0.00052854 0.56470588 0.01568627 0.61568627
v 0.00415418 -0.01390737 -0.00052854 0.56470588 0.01568627 0.61568627
v -0.00473047 -0.01173496 -0.00052854 0.56470588 0.01568627 0.61568627
v -0.00430046 -0.01258807 0.00239405 0.56470588 0.01568627 0.61568627
v 0.00439952 -0.01381079 0.00239405 0.56470588 0.01568627 0.61568627
v 0.00421889 -0.01391480 0.00239405 0.56470588 0.01568627 0.61568627
v 0.00329955 -0.01448127 -0.00052854 0.56470588 0.01568627 0.61568627
v -0.00399851 -0.01303630 0.00239405 0.56470588 0.01568627 0.61568627
v -0.00295381 -0.01395380 -0.00052854 0.56470588 0.01568627 0.61568627
v 0.00360959 -0.01405719 0.00239405 0.56470588 0.01568627 0.61568627
v 0.00238022 -0.01486511 -0.00052854 0.56470588 0.01568627 0.61568627
v 0.00279675 -0.01470539 -0.00052854 0.56470588 0.01568627 0.61568627
v -0.00348896 -0.01353405 0.00239405 0.56470588 0.01568627 0.61568627
v -0.00234856 -0.01429369 -0.00052854 0.56470588 0.01568627 0.61568627
v -0.00299020 -0.01394823 0.00176118 0.56470588 0.01568627 0.61568627
v -0.00330698 -0.01369812 0.00239405 0.56470588 0.01568627 0.61568627
v 0.00324698 -0.01411477 0.00239405 0.56470588 0.01568627 0.61568627
v 0.00161995 -0.01502236 -0.00052854 0.56470588 0.01568627 0.61568627
v 0.00177092 -0.01499327 -0.00052854 0.56470588 0.01568627 0.61568627
v -0.00136856 -0.01454752 -0.00052854 0.56470588 0.01568627 0.61568627
v -0.00236473 -0.01419092 0.00239405 0.56470588 0.01568627 0.61568627
v -0.00259254 -0.01410239 0.00239405 0.56470588 0.01568627 0.61568627
v -0.00299020 -0.01394637 0.00239405 0.56470588 0.01568627 0.61568627
v 0.00261342 -0.01421382 0.00239405 0.56470588 0.01568627 0.61568627
v 0.00161995 -0.01429554 0.00239405 0.56470588 0.01568627 0.61568627
v 0.00125599 -0.01432464 0.00239405 0.56470588 0.01568627 0.61568627
v 0.00025982 -0.01439212 0.00239405 0.56470588 0.01568627 0.61568627
v -0.00037239 -0.01442184 0.00239405 0.56470588 0.01568627 0.61568627
v -0.00136856 -0.01439027 0.00239405 0.56470588 0.01568627 0.61568627
v 0.00158759 -0.01502113 -0.00052854 0.56470588 0.01568627 0.61568627
v -0.00032926 -0.01478525 -0.00052854 0.56470588 0.01568627 0.61568627
v 0.00062378 -0.01498336 -0.00052854 0.56470588 0.01568627 0.61568627
v -0.00173117 -0.01431969 0.00239405 0.56470588 0.01568627 0.61568627
v 0.00065478 -0.01498460 -0.00052854 0.56470588 0.01568627 0.61568627
f 2548 2549 2550
f 2548 2550 2556
f 2548 2556 2551
f 2548 2551 2557
f 2548 2557 2564
f 2548 2564 2568
f 2548 2568 2573
f 2548 2573 2576
f 2548 2576 2583
f 2548 2583 2582
f 2548 2582 2581
f 2548 2581 2593
f 2548 2593 2589
f 2548 2589 2588
f 2548 2588 2587
f 2548 2587 2586
f 2548 2586 2585
f 2548 2585 2584
f 2548 2584 2577
f 2548 2577 2570
f 2548 2570 2566
f 2548 2566 2565
f 2548 2565 2559
f 2548 2559 2558
f 2548 2558 2553
f 2548 2553 2552
f 2548 2552 2549
f 2549 2552 2550
f 2550 2552 2553
f 2550 2553 2554
f 2550 2554 2555
f 2550 2555 2562
f 2550 2562 2561
f 2550 2561 2560
f 2550 2560 2567
f 2550 2567 2572
f 2550 2572 2571
f 2550 2571 2579
f 2550 2579 2578
f 2550 2578 2590
f 2550 2590 2594
f 2550 2594 2592
f 2550 2592 2591
f 2550 2591 2580
f 2550 2580 2574
f 2550 2574 2569
f 2550 2569 2563
f 2550 2563 2556
f 2551 2556 2563
f 2551 2563 2557
f 2553 2558 2554
f 2554 2558 2559
f 2554 2559 2560
f 2554 2560 2561
f 2554 2561 2562
f 2554 2562 2555
f 2557 2563 2564
f 2559 2565 2560
f 2560 2565 2566
f 2560 2566 2567
f 2563 2568 2564
f 2563 2569 2568
f 2566 2570 2571
f 2566 2571 2572
f 2566 2572 2567
f 2568 2569 2573
f 2569 2574 2575
f 2569 2575 2576
f 2569 2576 2573
f 2570 2577 2578
f 2570 2578 2579
f 2570 2579 2571
f 2574 2580 2581
f 2574 2581 2582
f 2574 2582 2583
f 2574 2583 2575
f 2575 2583 2576
f 2577 2584 2578
f 2578 2584 2585
f 2578 2585 2586
f 2578 2586 2587
f 2578 2587 2588
f 2578 2588 2589
f 2578 2589 2590
f 2580 2591 2581
f 2581 2591 2592
f 2581 2592 2593
f 2589 2593 2592
f 2589 2592 2594
f 2589 2594 2590

o geometry_12
v -0.00473182 -0.00869798 0.00239405 0.61176471 0.61568627 0.94117647
v -0.00473182 -0.01172162 0.00239405 0.61176471 0.61568627 0.94117647
v -0.00473182 -0.00869798 -0.00052854 0.61176471 0.61568627 0.94117647
v -0.00994594 -0.00869798 0.00239405 0.61176471 0.61568627 0.94117647
v -0.00473182 -0.01173478 -0.00052854 0.61176471 0.61568627 0.94117647
v -0.00689089 -0.01070967 0.00239405 0.61176471 0.61568627 0.94117647
v -0.00876523 -0.01180086 -0.00052854 0.61176471 0.61568627 0.94117647
v -0.00833996 -0.01188699 -0.00052854 0.61176471 0.61568627 0.94117647
v -0.00816246 -0.01189733 -0.00052854 0.61176471 0.61568627 0.94117647
v -0.00734463 -0.01186069 -0.00052854 0.61176471 0.61568627 0.94117647
v -0.01092067 -0.00869798 -0.00052854 0.61176471 0.61568627 0.94117647
v -0.00989626 -0.01093737 -0.00052854 0.61176471 0.61568627 0.94117647
v -0.00973633 -0.01109992 -0.00052854 0.61176471 0.61568627 0.94117647
v -0.00935165 -0.01143003 -0.00052854 0.61176471 0.61568627 0.94117647
v -0.00956489 -0.00898644 0.00239405 0.61176471 0.61568627 0.94117647
v -0.00769054 -0.01027996 0.00239405 0.61176471 0.61568627 0.94117647
v -0.00904693 -0.01165616 -0.00052854 0.61176471 0.61568627 0.94117647
v -0.00857077 -0.00970586 0.00239405 0.61176471 0.61568627 0.94117647
v -0.00842901 -0.00980108 0.00239405 0.61176471 0.61568627 0.94117647
f 2595 2596 2599
f 2595 2599 2597
f 2595 2597 2605
f 2595 2605 2598
f 2595 2598 2609
f 2595 2609 2612
f 2595 2612 2613
f 2595 2613 2610
f 2595 2610 2600
f 2595 2600 2596
f 2596 2600 2601
f 2596 2601 2602
f 2596 2602 2603
f 2596 2603 2604
f 2596 2604 2599
f 2597 2599 2604
f 2597 2604 2603
f 2597 2603 2602
f 2597 2602 2601
f 2597 2601 2611
f 2597 2611 2608
f 2597 2608 2607
f 2597 2607 2606
f 2597 2606 2605
f 2598 2605 2606
f 2598 2606 2607
f 2598 2607 2608
f 2598 2608 2609
f 2600 2610 2611
f 2600 2611 2601
f 2608 2611 2609
f 2609 2611 2612
f 2610 2613 2611
f 2611 2613 2612

o geometry_13
v 0.00653689 -0.01172095 -0.00741681 0.67843137 0.35686275 0.43529412
v -0.00279132 -0.01172095 -0.00741681 0.67843137 0.35686275 0.43529412
v 0.00610135 -0.01385965 -0.00741681 0.67843137 0.35686275 0.43529412
v 0.00652320 -0.01172095 -0.00884723 0.67843137 0.35686275 0.43529412
v -0.00279132 -0.01377731 -0.00741681 0.67843137 0.35686275 0.43529412
v -0.00279132 -0.01172095 -0.01693679 0.67843137 0.35686275 0.43529412
v 0.00609495 -0.01383945 -0.00762461 0.67843137 0.35686275 0.43529412
v 0.00647663 -0.01172095 -0.01083956 0.67843137 0.35686275 0.43529412
v 0.00651315 -0.01172095 -0.00984340 0.67843137 0.35686275 0.43529412
v 0.00591051 -0.01429858 -0.00741681 0.67843137 0.35686275 0.43529412
v 0.00521747 -0.01601700 -0.01018912 0.67843137 0.35686275 0.43529412
v 0.00549322 -0.01535744 -0.01018912 0.67843137 0.35686275 0.43529412
v 0.00544483 -0.01535744 -0.01118529 0.67843137 0.35686275 0.43529412
v 0.00034700 -0.01585696 -0.00741681 0.67843137 0.35686275 0.43529412
v -0.00279132 -0.01627414 -0.01020869 0.67843137 0.35686275 0.43529412
v 0.00583929 -0.01172095 -0.01693679 0.67843137 0.35686275 0.43529412
v -0.00279132 -0.01908638 -0.01693679 0.67843137 0.35686275 0.43529412
v 0.00512159 -0.01589503 -0.01388025 0.67843137 0.35686275 0.43529412
v 0.00522660 -0.01543590 -0.01419616 0.67843137 0.35686275 0.43529412
v 0.00521381 -0.01521838 -0.01516810 0.67843137 0.35686275 0.43529412
v 0.00640175 -0.01172095 -0.01180964 0.67843137 0.35686275 0.43529412
v 0.00537361 -0.01524247 -0.00741681 0.67843137 0.35686275 0.43529412
v 0.00517546 -0.01595019 -0.00919388 0.67843137 0.35686275 0.43529412
v 0.00475361 -0.01651496 -0.01018912 0.67843137 0.35686275 0.43529412
v 0.00483031 -0.01652506 -0.01118529 0.67843137 0.35686275 0.43529412
v 0.00438563 -0.01715898 -0.01317669 0.67843137 0.35686275 0.43529412
v 0.00487323 -0.01649865 -0.01218052 0.67843137 0.35686275 0.43529412
v 0.00520834 -0.01602787 -0.01118529 0.67843137 0.35686275 0.43529412
v 0.00518003 -0.01600146 -0.01218052 0.67843137 0.35686275 0.43529412
v 0.00514716 -0.01594708 -0.01317669 0.67843137 0.35686275 0.43529412
v 0.00073598 -0.01603564 -0.00741681 0.67843137 0.35686275 0.43529412
v -0.00279132 -0.01679231 -0.01080229 0.67843137 0.35686275 0.43529412
v 0.00524942 -0.01438481 -0.01693679 0.67843137 0.35686275 0.43529412
v -0.00133675 -0.01949190 -0.01693679 0.67843137 0.35686275 0.43529412
v -0.00279132 -0.01885177 -0.01573933 0.67843137 0.35686275 0.43529412
v 0.00489788 -0.01627725 -0.01419616 0.67843137 0.35686275 0.43529412
v 0.00509237 -0.01581890 -0.01454468 0.67843137 0.35686275 0.43529412
v 0.00516633 -0.01503971 -0.01616427 0.67843137 0.35686275 0.43529412
v 0.00533800 -0.01436228 -0.01616427 0.67843137 0.35686275 0.43529412
v 0.00527134 -0.01536443 -0.00741681 0.67843137 0.35686275 0.43529412
v 0.00512616 -0.01588415 -0.00860867 0.67843137 0.35686275 0.43529412
v 0.00425597 -0.01695389 -0.01018912 0.67843137 0.35686275 0.43529412
v 0.00433267 -0.01702692 -0.01118529 0.67843137 0.35686275 0.43529412
v 0.00437559 -0.01710072 -0.01218052 0.67843137 0.35686275 0.43529412
v 0.00488419 -0.01644505 -0.01317669 0.67843137 0.35686275 0.43529412
v 0.00385421 -0.01765695 -0.01317669 0.67843137 0.35686275 0.43529412
v 0.00391904 -0.01765617 -0.01417193 0.67843137 0.35686275 0.43529412
v 0.00435641 -0.01715821 -0.01417193 0.67843137 0.35686275 0.43529412
v 0.00162260 -0.01630055 -0.00741681 0.67843137 0.35686275 0.43529412
v -0.00279132 -0.01701915 -0.01130084 0.67843137 0.35686275 0.43529412
v -0.00037252 -0.01852859 -0.01317669 0.67843137 0.35686275 0.43529412
v 0.00521564 -0.01451998 -0.01693679 0.67843137 0.35686275 0.43529412
v -0.00279132 -0.01882768 -0.01564428 0.67843137 0.35686275 0.43529412
v -0.00037252 -0.01965193 -0.01693679 0.67843137 0.35686275 0.43529412
v -0.00037252 -0.01878262 -0.01393896 0.67843137 0.35686275 0.43529412
v 0.00428793 -0.01709450 -0.01516810 0.67843137 0.35686275 0.43529412
v 0.00473626 -0.01635260 -0.01516810 0.67843137 0.35686275 0.43529412
v 0.00505493 -0.01571558 -0.01516810 0.67843137 0.35686275 0.43529412
v 0.00512616 -0.01491774 -0.01677650 0.67843137 0.35686275 0.43529412
v 0.00517272 -0.01467846 -0.01693679 0.67843137 0.35686275 0.43529412
v 0.00490884 -0.01571791 -0.00741681 0.67843137 0.35686275 0.43529412
v 0.00417471 -0.01689407 -0.00953681 0.67843137 0.35686275 0.43529412
v 0.00335657 -0.01801042 -0.01317669 0.67843137 0.35686275 0.43529412
v 0.00342140 -0.01808966 -0.01417193 0.67843137 0.35686275 0.43529412
v 0.00301873 -0.01852937 -0.01693679 0.67843137 0.35686275 0.43529412
v 0.00333101 -0.01814327 -0.01693679 0.67843137 0.35686275 0.43529412
v 0.00197779 -0.01688164 -0.00863383 0.67843137 0.35686275 0.43529412
v 0.00261422 -0.01637202 -0.00741681 0.67843137 0.35686275 0.43529412
v -0.00279132 -0.01866454 -0.01516251 0.67843137 0.35686275 0.43529412
v -0.00244434 -0.01874145 -0.01515878 0.67843137 0.35686275 0.43529412
v 0.00062367 -0.01881603 -0.01381316 0.67843137 0.35686275 0.43529412
v 0.00062367 -0.01860317 -0.01317669 0.67843137 0.35686275 0.43529412
v -0.00029308 -0.01965271 -0.01693679 0.67843137 0.35686275 0.43529412
v 0.00420028 -0.01698730 -0.01616427 0.67843137 0.35686275 0.43529412
v 0.00457008 -0.01635260 -0.01616427 0.67843137 0.35686275 0.43529412
v 0.00497641 -0.01553767 -0.01616427 0.67843137 0.35686275 0.43529412
v 0.00490793 -0.01534190 -0.01693679 0.67843137 0.35686275 0.43529412
v 0.00501932 -0.01508787 -0.01693679 0.67843137 0.35686275 0.43529412
v 0.00510972 -0.01487501 -0.01693679 0.67843137 0.35686275 0.43529412
v 0.00442946 -0.01602477 -0.00741681 0.67843137 0.35686275 0.43529412
v 0.00390078 -0.01679697 -0.00887332 0.67843137 0.35686275 0.43529412
v 0.00261422 -0.01833904 -0.01317669 0.67843137 0.35686275 0.43529412
v 0.00261422 -0.01853325 -0.01417193 0.67843137 0.35686275 0.43529412
v 0.00176139 -0.01940644 -0.01693679 0.67843137 0.35686275 0.43529412
v 0.00239051 -0.01905763 -0.01693679 0.67843137 0.35686275 0.43529412
v 0.00288815 -0.01864124 -0.01693679 0.67843137 0.35686275 0.43529412
v 0.00392452 -0.01721803 -0.01693679 0.67843137 0.35686275 0.43529412
v 0.00261422 -0.01689640 -0.00860401 0.67843137 0.35686275 0.43529412
v 0.00323696 -0.01688009 -0.00863662 0.67843137 0.35686275 0.43529412
v 0.00337301 -0.01631920 -0.00741681 0.67843137 0.35686275 0.43529412
v 0.00161895 -0.01855578 -0.01317669 0.67843137 0.35686275 0.43529412
v 0.00062367 -0.01965659 -0.01693679 0.67843137 0.35686275 0.43529412
v 0.00413910 -0.01690029 -0.01679514 0.67843137 0.35686275 0.43529412
v 0.00438837 -0.01639378 -0.01693679 0.67843137 0.35686275 0.43529412
v 0.00421306 -0.01612576 -0.00741681 0.67843137 0.35686275 0.43529412
v 0.00358576 -0.01697254 -0.00920041 0.67843137 0.35686275 0.43529412
v 0.00360493 -0.01629900 -0.00741681 0.67843137 0.35686275 0.43529412
v 0.00167556 -0.01878884 -0.01412440 0.67843137 0.35686275 0.43529412
v 0.00158790 -0.01946937 -0.01693679 0.67843137 0.35686275 0.43529412
v 0.00402131 -0.01705488 -0.01693679 0.67843137 0.35686275 0.43529412
v 0.00069398 -0.01964494 -0.01693679 0.67843137 0.35686275 0.43529412
v 0.00422128 -0.01669753 -0.01693679 0.67843137 0.35686275 0.43529412
f 2614 2615 2618
f 2614 2618 2627
f 2614 2627 2644
f 2614 2644 2662
f 2614 2662 2681
f 2614 2681 2703
f 2614 2703 2710
f 2614 2710 2708
f 2614 2708 2693
f 2614 2693 2674
f 2614 2674 2653
f 2614 2653 2635
f 2614 2635 2623
f 2614 2623 2616
f 2614 2616 2617
f 2614 2617 2622
f 2614 2622 2621
f 2614 2621 2634
f 2614 2634 2629
f 2614 2629 2619
f 2614 2619 2615
f 2615 2619 2630
f 2615 2630 2648
f 2615 2648 2666
f 2615 2666 2682
f 2615 2682 2663
f 2615 2663 2645
f 2615 2645 2628
f 2615 2628 2618
f 2616 2620 2621
f 2616 2621 2622
f 2616 2622 2617
f 2616 2623 2624
f 2616 2624 2625
f 2616 2625 2626
f 2616 2626 2620
f 2618 2628 2627
f 2619 2629 2646
f 2619 2646 2665
f 2619 2665 2673
f 2619 2673 2692
f 2619 2692 2691
f 2619 2691 2690
f 2619 2690 2707
f 2619 2707 2715
f 2619 2715 2713
f 2619 2713 2700
f 2619 2700 2679
f 2619 2679 2678
f 2619 2678 2699
f 2619 2699 2698
f 2619 2698 2697
f 2619 2697 2712
f 2619 2712 2714
f 2619 2714 2705
f 2619 2705 2686
f 2619 2686 2667
f 2619 2667 2647
f 2619 2647 2630
f 2620 2626 2621
f 2621 2626 2631
f 2621 2631 2632
f 2621 2632 2633
f 2621 2633 2634
f 2623 2635 2636
f 2623 2636 2624
f 2624 2636 2637
f 2624 2637 2638
f 2624 2638 2639
f 2624 2639 2640
f 2624 2640 2641
f 2624 2641 2625
f 2625 2641 2642
f 2625 2642 2626
f 2626 2642 2643
f 2626 2643 2631
f 2627 2628 2645
f 2627 2645 2644
f 2629 2634 2646
f 2630 2647 2648
f 2631 2643 2649
f 2631 2649 2650
f 2631 2650 2633
f 2631 2633 2632
f 2633 2650 2651
f 2633 2651 2652
f 2633 2652 2634
f 2634 2652 2646
f 2635 2653 2654
f 2635 2654 2636
f 2636 2654 2637
f 2637 2654 2655
f 2637 2655 2656
f 2637 2656 2657
f 2637 2657 2638
f 2638 2657 2639
f 2639 2658 2640
f 2639 2657 2659
f 2639 2659 2660
f 2639 2660 2661
f 2639 2661 2658
f 2640 2658 2641
f 2641 2658 2642
f 2642 2658 2643
f 2643 2658 2649
f 2644 2645 2662
f 2645 2663 2664
f 2645 2664 2662
f 2646 2652 2665
f 2647 2666 2648
f 2647 2667 2668
f 2647 2668 2666
f 2649 2658 2661
f 2649 2661 2669
f 2649 2669 2670
f 2649 2670 2650
f 2650 2670 2671
f 2650 2671 2651
f 2651 2672 2673
f 2651 2673 2665
f 2651 2665 2652
f 2651 2671 2672
f 2653 2674 2654
f 2654 2675 2655
f 2654 2674 2675
f 2655 2675 2676
f 2655 2676 2659
f 2655 2659 2656
f 2656 2659 2657
f 2659 2676 2677
f 2659 2677 2660
f 2660 2677 2678
f 2660 2678 2661
f 2661 2678 2679
f 2661 2679 2669
f 2662 2680 2681
f 2662 2664 2680
f 2663 2682 2664
f 2664 2682 2683
f 2664 2683 2668
f 2664 2668 2684
f 2664 2684 2685
f 2664 2685 2680
f 2666 2668 2683
f 2666 2683 2682
f 2667 2686 2684
f 2667 2684 2668
f 2669 2679 2687
f 2669 2687 2670
f 2670 2687 2688
f 2670 2688 2671
f 2671 2688 2689
f 2671 2689 2672
f 2672 2689 2690
f 2672 2690 2691
f 2672 2691 2692
f 2672 2692 2673
f 2674 2693 2675
f 2675 2693 2694
f 2675 2694 2695
f 2675 2695 2676
f 2676 2695 2696
f 2676 2696 2697
f 2676 2697 2698
f 2676 2698 2677
f 2677 2698 2699
f 2677 2699 2678
f 2679 2700 2687
f 2680 2701 2681
f 2680 2685 2701
f 2681 2701 2702
f 2681 2702 2703
f 2684 2704 2685
f 2684 2686 2705
f 2684 2705 2704
f 2685 2704 2702
f 2685 2702 2701
f 2687 2700 2706
f 2687 2706 2688
f 2688 2706 2707
f 2688 2707 2689
f 2689 2707 2690
f 2693 2708 2694
f 2694 2702 2709
f 2694 2709 2695
f 2694 2708 2710
f 2694 2710 2702
f 2695 2704 2711
f 2695 2711 2712
f 2695 2712 2697
f 2695 2697 2696
f 2695 2709 2704
f 2700 2713 2706
f 2702 2710 2703
f 2702 2704 2709
f 2704 2705 2711
f 2705 2714 2711
f 2706 2713 2715
f 2706 2715 2707
f 2711 2714 2712

o geometry_14
v -0.01432560 -0.01172018 -0.01693679 0.69411765 0.05882353 0.66666667
v -0.01403880 -0.01237999 -0.01693679 0.69411765 0.05882353 0.66666667
v -0.01232587 -0.01172018 -0.00921438 0.69411765 0.05882353 0.66666667
v -0.00279132 -0.01172018 -0.01693679 0.69411765 0.05882353 0.66666667
v -0.01381974 -0.01286674 -0.01693679 0.69411765 0.05882353 0.66666667
v -0.01208085 -0.01172018 -0.00828531 0.69411765 0.05882353 0.66666667
v -0.00279132 -0.01172018 -0.00741681 0.69411765 0.05882353 0.66666667
v -0.00279132 -0.01908629 -0.01693679 0.69411765 0.05882353 0.66666667
v -0.01365714 -0.01309533 -0.01693679 0.69411765 0.05882353 0.66666667
v -0.01193970 -0.01202521 -0.00844186 0.69411765 0.05882353 0.66666667
v -0.01172065 -0.01172018 -0.00741681 0.69411765 0.05882353 0.66666667
v -0.00279132 -0.01377750 -0.00741681 0.69411765 0.05882353 0.66666667
v -0.00279132 -0.01885121 -0.01573933 0.69411765 0.05882353 0.66666667
v -0.00283084 -0.01883751 -0.01569926 0.69411765 0.05882353 0.66666667
v -0.00381094 -0.01883462 -0.01671407 0.69411765 0.05882353 0.66666667
v -0.00390692 -0.01885121 -0.01693679 0.69411765 0.05882353 0.66666667
v -0.01346632 -0.01335853 -0.01693679 0.69411765 0.05882353 0.66666667
v -0.01162919 -0.01183772 -0.00741681 0.69411765 0.05882353 0.66666667
v -0.01170823 -0.01173676 -0.00741681 0.69411765 0.05882353 0.66666667
v -0.01295368 -0.01401186 -0.01693679 0.69411765 0.05882353 0.66666667
v -0.01162580 -0.01265906 -0.00919388 0.69411765 0.05882353 0.66666667
v -0.01097541 -0.01299365 -0.00819771 0.69411765 0.05882353 0.66666667
v -0.01085685 -0.01289270 -0.00763393 0.69411765 0.05882353 0.66666667
v -0.01080604 -0.01284438 -0.00741681 0.69411765 0.05882353 0.66666667
v -0.01118543 -0.01238936 -0.00741681 0.69411765 0.05882353 0.66666667
v -0.00511172 -0.01469619 -0.00741681 0.69411765 0.05882353 0.66666667
v -0.00279132 -0.01627469 -0.01020869 0.69411765 0.05882353 0.66666667
v -0.00279132 -0.01882741 -0.01564428 0.69411765 0.05882353 0.66666667
v -0.00336154 -0.01853825 -0.01516810 0.69411765 0.05882353 0.66666667
v -0.00343155 -0.01878775 -0.01608413 0.69411765 0.05882353 0.66666667
v -0.00279132 -0.01866444 -0.01516251 0.69411765 0.05882353 0.66666667
v -0.00425131 -0.01876540 -0.01693679 0.69411765 0.05882353 0.66666667
v -0.00415759 -0.01879136 -0.01693679 0.69411765 0.05882353 0.66666667
v -0.01245234 -0.01449933 -0.01693679 0.69411765 0.05882353 0.66666667
v -0.01026065 -0.01352439 -0.00823406 0.69411765 0.05882353 0.66666667
v -0.01207633 -0.01484546 -0.01693679 0.69411765 0.05882353 0.66666667
v -0.01194309 -0.01496011 -0.01693679 0.69411765 0.05882353 0.66666667
v -0.01183921 -0.01504016 -0.01693679 0.69411765 0.05882353 0.66666667
v -0.01056327 -0.01303259 -0.00741681 0.69411765 0.05882353 0.66666667
v -0.00541547 -0.01478272 -0.00741681 0.69411765 0.05882353 0.66666667
v -0.00279132 -0.01679245 -0.01080229 0.69411765 0.05882353 0.66666667
v -0.00504398 -0.01690782 -0.01153474 0.69411765 0.05882353 0.66666667
v -0.00570792 -0.01680182 -0.01185251 0.69411765 0.05882353 0.66666667
v -0.00435745 -0.01851590 -0.01616427 0.69411765 0.05882353 0.66666667
v -0.00439358 -0.01872069 -0.01693679 0.69411765 0.05882353 0.66666667
v -0.00279132 -0.01701960 -0.01130084 0.69411765 0.05882353 0.66666667
v -0.00336154 -0.01679101 -0.01082000 0.69411765 0.05882353 0.66666667
v -0.00435745 -0.01676937 -0.01088429 0.69411765 0.05882353 0.66666667
v -0.00435745 -0.01696263 -0.01138191 0.69411765 0.05882353 0.66666667
v -0.00988239 -0.01389215 -0.00859096 0.69411765 0.05882353 0.66666667
v -0.00970511 -0.01364625 -0.00741681 0.69411765 0.05882353 0.66666667
v -0.01033857 -0.01319484 -0.00741681 0.69411765 0.05882353 0.66666667
v -0.01107816 -0.01556584 -0.01693679 0.69411765 0.05882353 0.66666667
v -0.00634927 -0.01486637 -0.00741681 0.69411765 0.05882353 0.66666667
v -0.00554080 -0.01493992 -0.00757616 0.69411765 0.05882353 0.66666667
v -0.00634927 -0.01494425 -0.00755566 0.69411765 0.05882353 0.66666667
v -0.00634927 -0.01526298 -0.00819771 0.69411765 0.05882353 0.66666667
v -0.00633685 -0.01568410 -0.00923675 0.69411765 0.05882353 0.66666667
v -0.00666092 -0.01580958 -0.00989744 0.69411765 0.05882353 0.66666667
v -0.00512979 -0.01845099 -0.01693679 0.69411765 0.05882353 0.66666667
v -0.00885825 -0.01686384 -0.01661995 0.69411765 0.05882353 0.66666667
v -0.00960462 -0.01371260 -0.00741681 0.69411765 0.05882353 0.66666667
v -0.00892487 -0.01690061 -0.01693679 0.69411765 0.05882353 0.66666667
v -0.00713855 -0.01473801 -0.00741681 0.69411765 0.05882353 0.66666667
v -0.00692627 -0.01489233 -0.00763207 0.69411765 0.05882353 0.66666667
v -0.00834110 -0.01431544 -0.00741681 0.69411765 0.05882353 0.66666667
v -0.00912360 -0.01399022 -0.00741681 0.69411765 0.05882353 0.66666667
f 2716 2717 2718
f 2716 2718 2721
f 2716 2721 2726
f 2716 2726 2722
f 2716 2722 2719
f 2716 2719 2723
f 2716 2723 2731
f 2716 2731 2748
f 2716 2748 2747
f 2716 2747 2760
f 2716 2760 2775
f 2716 2775 2778
f 2716 2778 2768
f 2716 2768 2753
f 2716 2753 2752
f 2716 2752 2751
f 2716 2751 2749
f 2716 2749 2735
f 2716 2735 2732
f 2716 2732 2724
f 2716 2724 2720
f 2716 2720 2717
f 2717 2720 2718
f 2718 2720 2721
f 2719 2722 2727
f 2719 2727 2742
f 2719 2742 2756
f 2719 2756 2761
f 2719 2761 2746
f 2719 2746 2743
f 2719 2743 2728
f 2719 2728 2723
f 2720 2724 2725
f 2720 2725 2721
f 2721 2725 2726
f 2722 2726 2734
f 2722 2734 2733
f 2722 2733 2740
f 2722 2740 2739
f 2722 2739 2754
f 2722 2754 2767
f 2722 2767 2766
f 2722 2766 2777
f 2722 2777 2782
f 2722 2782 2781
f 2722 2781 2779
f 2722 2779 2769
f 2722 2769 2755
f 2722 2755 2741
f 2722 2741 2727
f 2723 2728 2729
f 2723 2729 2730
f 2723 2730 2731
f 2724 2732 2725
f 2725 2733 2734
f 2725 2734 2726
f 2725 2732 2735
f 2725 2735 2736
f 2725 2736 2737
f 2725 2737 2738
f 2725 2738 2739
f 2725 2739 2740
f 2725 2740 2733
f 2727 2741 2742
f 2728 2743 2729
f 2729 2744 2745
f 2729 2745 2730
f 2729 2743 2746
f 2729 2746 2744
f 2730 2747 2748
f 2730 2748 2731
f 2730 2745 2747
f 2735 2749 2737
f 2735 2737 2736
f 2737 2750 2738
f 2737 2749 2751
f 2737 2751 2752
f 2737 2752 2753
f 2737 2753 2750
f 2738 2750 2754
f 2738 2754 2739
f 2741 2755 2756
f 2741 2756 2742
f 2744 2746 2757
f 2744 2757 2758
f 2744 2758 2759
f 2744 2759 2745
f 2745 2759 2760
f 2745 2760 2747
f 2746 2761 2762
f 2746 2762 2763
f 2746 2763 2764
f 2746 2764 2757
f 2750 2765 2766
f 2750 2766 2767
f 2750 2767 2754
f 2750 2753 2768
f 2750 2768 2765
f 2755 2769 2770
f 2755 2770 2756
f 2756 2762 2761
f 2756 2770 2769
f 2756 2769 2771
f 2756 2771 2762
f 2757 2764 2763
f 2757 2763 2772
f 2757 2772 2773
f 2757 2773 2774
f 2757 2774 2758
f 2758 2775 2759
f 2758 2774 2776
f 2758 2776 2775
f 2759 2775 2760
f 2762 2771 2763
f 2763 2771 2772
f 2765 2768 2776
f 2765 2776 2777
f 2765 2777 2766
f 2768 2778 2776
f 2769 2779 2771
f 2771 2779 2780
f 2771 2780 2772
f 2772 2780 2773
f 2773 2780 2781
f 2773 2781 2774
f 2774 2781 2782
f 2774 2782 2776
f 2775 2776 2778
f 2776 2782 2777
f 2779 2781 2780

o geometry_15
v 0.01488337 -0.00689228 -0.01693924 0.67058824 0.20784314 0.12549020
v 0.01504567 -0.00689228 -0.01693924 0.67058824 0.20784314 0.12549020
v 0.01452226 -0.00678963 -0.01693924 0.67058824 0.20784314 0.12549020
v 0.01755320 -0.00651153 -0.03209661 0.67058824 0.20784314 0.12549020
v 0.01755320 -0.00657499 -0.03110120 0.67058824 0.20784314 0.12549020
v 0.01755320 -0.00677283 -0.02711953 0.67058824 0.20784314 0.12549020
v 0.01755320 -0.00679336 -0.02612411 0.67058824 0.20784314 0.12549020
v 0.01518769 -0.00689042 -0.01693924 0.67058824 0.20784314 0.12549020
v 0.01227035 -0.00611772 -0.01693924 0.67058824 0.20784314 0.12549020
v 0.01227035 -0.00422331 -0.03508532 0.67058824 0.20784314 0.12549020
v 0.01672547 -0.00608226 -0.03309203 0.67058824 0.20784314 0.12549020
v 0.01755320 -0.00636222 -0.03309203 0.67058824 0.20784314 0.12549020
v 0.01854864 -0.00653393 -0.03209661 0.67058824 0.20784314 0.12549020
v 0.01854864 -0.00659179 -0.03110120 0.67058824 0.20784314 0.12549020
v 0.01854864 -0.00660859 -0.03010578 0.67058824 0.20784314 0.12549020
v 0.01854864 -0.00662912 -0.02811495 0.67058824 0.20784314 0.12549020
v 0.01854864 -0.00662165 -0.02711953 0.67058824 0.20784314 0.12549020
v 0.01755320 -0.00677470 -0.02512870 0.67058824 0.20784314 0.12549020
v 0.01541220 -0.00680456 -0.01693924 0.67058824 0.20784314 0.12549020
v 0.01854864 -0.00657313 -0.02612411 0.67058824 0.20784314 0.12549020
v 0.01854864 -0.00647421 -0.02512870 0.67058824 0.20784314 0.12549020
v 0.01227035 0.00802599 -0.01693924 0.67058824 0.20784314 0.12549020
v 0.01227035 -0.00402733 -0.03595539 0.67058824 0.20784314 0.12549020
v 0.01687695 -0.00598707 -0.03384904 0.67058824 0.20784314 0.12549020
v 0.01854864 -0.00638275 -0.03309203 0.67058824 0.20784314 0.12549020
v 0.01757619 -0.00605053 -0.03414398 0.67058824 0.20784314 0.12549020
v 0.02121576 -0.00593668 -0.03281922 0.67058824 0.20784314 0.12549020
v 0.01954408 -0.00633422 -0.03209661 0.67058824 0.20784314 0.12549020
v 0.02053951 -0.00611025 -0.03209661 0.67058824 0.20784314 0.12549020
v 0.02123334 -0.00594788 -0.03209661 0.67058824 0.20784314 0.12549020
v 0.02173106 -0.00579110 -0.03209661 0.67058824 0.20784314 0.12549020
v 0.01553798 -0.00673737 -0.01693924 0.67058824 0.20784314 0.12549020
v 0.01862708 -0.00622970 -0.02409887 0.67058824 0.20784314 0.12549020
v 0.02261424 -0.00527597 -0.03203271 0.67058824 0.20784314 0.12549020
v 0.01227035 0.00802786 -0.01694416 0.67058824 0.20784314 0.12549020
v 0.01227306 0.00802413 -0.01693924 0.67058824 0.20784314 0.12549020
v 0.01227035 -0.00396014 -0.03611761 0.67058824 0.20784314 0.12549020
v 0.01296012 -0.00395081 -0.03665096 0.67058824 0.20784314 0.12549020
v 0.01357010 -0.00435582 -0.03608074 0.67058824 0.20784314 0.12549020
v 0.01725971 -0.00586949 -0.03451265 0.67058824 0.20784314 0.12549020
v 0.01792379 -0.00591241 -0.03461342 0.67058824 0.20784314 0.12549020
v 0.01812531 -0.00591241 -0.03461342 0.67058824 0.20784314 0.12549020
v 0.01849454 -0.00605613 -0.03411940 0.67058824 0.20784314 0.12549020
v 0.02087764 -0.00587509 -0.03348283 0.67058824 0.20784314 0.12549020
v 0.02154307 -0.00581536 -0.03312644 0.67058824 0.20784314 0.12549020
v 0.02253174 -0.00547381 -0.03309203 0.67058824 0.20784314 0.12549020
v 0.01634813 -0.00622411 -0.01693924 0.67058824 0.20784314 0.12549020
v 0.02313495 -0.00500347 -0.03232273 0.67058824 0.20784314 0.12549020
v 0.01227035 0.00889388 -0.01943393 0.67058824 0.20784314 0.12549020
v 0.01609251 0.00806892 -0.02457569 0.67058824 0.20784314 0.12549020
v 0.01265987 0.00770870 -0.01693924 0.67058824 0.20784314 0.12549020
v 0.01227035 -0.00337782 -0.03707862 0.67058824 0.20784314 0.12549020
v 0.01357010 -0.00404973 -0.03678859 0.67058824 0.20784314 0.12549020
v 0.01456554 -0.00415238 -0.03692377 0.67058824 0.20784314 0.12549020
v 0.01655777 -0.00503893 -0.03580055 0.67058824 0.20784314 0.12549020
v 0.01655777 -0.00471791 -0.03629949 0.67058824 0.20784314 0.12549020
v 0.01755320 -0.00508372 -0.03582267 0.67058824 0.20784314 0.12549020
v 0.02153495 -0.00510239 -0.03485429 0.67058824 0.20784314 0.12549020
v 0.02253174 -0.00498854 -0.03470682 0.67058824 0.20784314 0.12549020
v 0.02153495 -0.00552607 -0.03408991 0.67058824 0.20784314 0.12549020
v 0.02253174 -0.00526477 -0.03408991 0.67058824 0.20784314 0.12549020
v 0.02321204 -0.00506133 -0.03309203 0.67058824 0.20784314 0.12549020
v 0.02313360 -0.00498480 -0.03408991 0.67058824 0.20784314 0.12549020
v 0.01667543 -0.00556713 -0.01693924 0.67058824 0.20784314 0.12549020
v 0.02300106 -0.00485229 -0.03165912 0.67058824 0.20784314 0.12549020
v 0.02334865 -0.00447341 -0.03203271 0.67058824 0.20784314 0.12549020
v 0.02408441 -0.00400493 -0.03336976 0.67058824 0.20784314 0.12549020
v 0.01227035 0.00911972 -0.02014915 0.67058824 0.20784314 0.12549020
v 0.01694052 0.00898160 -0.02911282 0.67058824 0.20784314 0.12549020
v 0.01716368 0.00714505 -0.02446754 0.67058824 0.20784314 0.12549020
v 0.01732463 0.00727943 -0.02512870 0.67058824 0.20784314 0.12549020
v 0.02024196 0.00722343 -0.03110120 0.67058824 0.20784314 0.12549020
v 0.01952920 0.00777403 -0.03102746 0.67058824 0.20784314 0.12549020
v 0.01918837 0.00815291 -0.03131011 0.67058824 0.20784314 0.12549020
v 0.01742066 0.00833582 -0.02811495 0.67058824 0.20784314 0.12549020
v 0.01310755 0.00732236 -0.01693924 0.67058824 0.20784314 0.12549020
v 0.01357010 -0.00362605 -0.03728507 0.67058824 0.20784314 0.12549020
v 0.01227035 -0.00291681 -0.03758001 0.67058824 0.20784314 0.12549020
v 0.01456554 -0.00374364 -0.03742271 0.67058824 0.20784314 0.12549020
v 0.01556097 -0.00419718 -0.03695573 0.67058824 0.20784314 0.12549020
v 0.01655777 -0.00421957 -0.03692377 0.67058824 0.20784314 0.12549020
v 0.01755320 -0.00466751 -0.03631915 0.67058824 0.20784314 0.12549020
v 0.02253174 -0.00412625 -0.03581530 0.67058824 0.20784314 0.12549020
v 0.02253174 -0.00462459 -0.03520576 0.67058824 0.20784314 0.12549020
v 0.02303081 -0.00490082 -0.03458885 0.67058824 0.20784314 0.12549020
v 0.02327832 -0.00402360 -0.03572682 0.67058824 0.20784314 0.12549020
v 0.02363132 -0.00455180 -0.03408991 0.67058824 0.20784314 0.12549020
v 0.02412768 -0.00405533 -0.03408991 0.67058824 0.20784314 0.12549020
v 0.02410334 -0.00400493 -0.03481496 0.67058824 0.20784314 0.12549020
v 0.01675388 -0.00539728 -0.01693924 0.67058824 0.20784314 0.12549020
v 0.02597384 -0.00177457 -0.03608074 0.67058824 0.20784314 0.12549020
v 0.02605770 -0.00119224 -0.03551053 0.67058824 0.20784314 0.12549020
v 0.01227035 0.01195854 -0.03164683 0.67058824 0.20784314 0.12549020
v 0.01590316 0.00994654 -0.03010578 0.67058824 0.20784314 0.12549020
v 0.01540544 0.01022463 -0.03010578 0.67058824 0.20784314 0.12549020
v 0.01444517 0.01126236 -0.03209661 0.67058824 0.20784314 0.12549020
v 0.01357010 0.01168604 -0.03209661 0.67058824 0.20784314 0.12549020
v 0.01306291 0.01202759 -0.03260539 0.67058824 0.20784314 0.12549020
v 0.01935608 0.00827983 -0.03209661 0.67058824 0.20784314 0.12549020
v 0.01603976 0.01002306 -0.03066371 0.67058824 0.20784314 0.12549020
v 0.01323603 0.00721037 -0.01693924 0.67058824 0.20784314 0.12549020
v 0.01373375 0.00666164 -0.01693924 0.67058824 0.20784314 0.12549020
v 0.01408405 0.00627529 -0.01693924 0.67058824 0.20784314 0.12549020
v 0.01469538 0.00559779 -0.01693924 0.67058824 0.20784314 0.12549020
v 0.01501592 0.00522077 -0.01693924 0.67058824 0.20784314 0.12549020
v 0.01782235 0.00674377 -0.02512870 0.67058824 0.20784314 0.12549020
v 0.02092497 0.00688935 -0.03188770 0.67058824 0.20784314 0.12549020
v 0.02105076 0.00706666 -0.03255131 0.67058824 0.20784314 0.12549020
v 0.02057197 0.00734475 -0.03217035 0.67058824 0.20784314 0.12549020
v 0.01985380 0.00790281 -0.03209661 0.67058824 0.20784314 0.12549020
v 0.02014864 0.00811558 -0.03339188 0.67058824 0.20784314 0.12549020
v 0.01278160 -0.00300080 -0.03764146 0.67058824 0.20784314 0.12549020
v 0.01357010 -0.00312959 -0.03772256 0.67058824 0.20784314 0.12549020
v 0.01227035 -0.00245208 -0.03782088 0.67058824 0.20784314 0.12549020
v 0.01556097 -0.00377350 -0.03745220 0.67058824 0.20784314 0.12549020
v 0.01456554 -0.00324530 -0.03780367 0.67058824 0.20784314 0.12549020
v 0.01556097 -0.00327703 -0.03784546 0.67058824 0.20784314 0.12549020
v 0.01655777 -0.00373430 -0.03742025 0.67058824 0.20784314 0.12549020
v 0.01755320 -0.00416918 -0.03683775 0.67058824 0.20784314 0.12549020
v 0.02352718 -0.00307359 -0.03672715 0.67058824 0.20784314 0.12549020
v 0.02418314 -0.00297654 -0.03664850 0.67058824 0.20784314 0.12549020
v 0.02394239 -0.00386309 -0.03547858 0.67058824 0.20784314 0.12549020
v 0.02505820 -0.00293921 -0.03568503 0.67058824 0.20784314 0.12549020
v 0.02505820 -0.00293921 -0.03550807 0.67058824 0.20784314 0.12549020
v 0.01736115 -0.00262379 -0.01693924 0.67058824 0.20784314 0.12549020
v 0.02540715 -0.00246514 -0.03604142 0.67058824 0.20784314 0.12549020
v 0.02530571 -0.00217025 -0.03684758 0.67058824 0.20784314 0.12549020
v 0.02606987 -0.00111945 -0.03667553 0.67058824 0.20784314 0.12549020
v 0.02608610 -0.00127623 -0.03608074 0.67058824 0.20784314 0.12549020
v 0.02605770 -0.00076297 -0.03551053 0.67058824 0.20784314 0.12549020
v 0.01752209 -0.00141435 -0.01693924 0.67058824 0.20784314 0.12549020
v 0.01749775 -0.00168124 -0.01693924 0.67058824 0.20784314 0.12549020
v 0.01740578 -0.00241101 -0.01693924 0.67058824 0.20784314 0.12549020
v 0.01227035 0.01199586 -0.03181151 0.67058824 0.20784314 0.12549020
v 0.01505785 0.01102906 -0.03262750 0.67058824 0.20784314 0.12549020
v 0.01466156 0.01134075 -0.03301338 0.67058824 0.20784314 0.12549020
v 0.01354170 0.01191561 -0.03299863 0.67058824 0.20784314 0.12549020
v 0.01319005 0.01206119 -0.03326900 0.67058824 0.20784314 0.12549020
v 0.01266799 0.01210598 -0.03299863 0.67058824 0.20784314 0.12549020
v 0.01239884 0.01206679 -0.03232273 0.67058824 0.20784314 0.12549020
v 0.01227035 0.01205186 -0.03210890 0.67058824 0.20784314 0.12549020
v 0.01960629 0.00837875 -0.03307237 0.67058824 0.20784314 0.12549020
v 0.02028930 0.00821077 -0.03408991 0.67058824 0.20784314 0.12549020
v 0.01954408 0.00865871 -0.03408991 0.67058824 0.20784314 0.12549020
v 0.01556774 0.00452273 -0.01693924 0.67058824 0.20784314 0.12549020
v 0.01807526 0.00608679 -0.02458060 0.67058824 0.20784314 0.12549020
v 0.02078431 0.00655526 -0.03103729 0.67058824 0.20784314 0.12549020
v 0.02508390 0.00513118 -0.03843042 0.67058824 0.20784314 0.12549020
v 0.02101289 0.00601960 -0.03066125 0.67058824 0.20784314 0.12549020
v 0.02114408 0.00717677 -0.03309203 0.67058824 0.20784314 0.12549020
v 0.02078702 0.00784495 -0.03408991 0.67058824 0.20784314 0.12549020
v 0.02050435 0.00772177 -0.03307237 0.67058824 0.20784314 0.12549020
v 0.01357010 -0.00241101 -0.03808878 0.67058824 0.20784314 0.12549020
v 0.01463181 -0.00232329 -0.03832227 0.67058824 0.20784314 0.12549020
v 0.01227035 -0.00222997 -0.03791673 0.67058824 0.20784314 0.12549020
v 0.01500916 -0.00193508 -0.03858034 0.67058824 0.20784314 0.12549020
v 0.01655777 -0.00323597 -0.03783071 0.67058824 0.20784314 0.12549020
v 0.01556097 -0.00248754 -0.03834193 0.67058824 0.20784314 0.12549020
v 0.01655777 -0.00250433 -0.03832719 0.67058824 0.20784314 0.12549020
v 0.01755320 -0.00312585 -0.03774468 0.67058824 0.20784314 0.12549020
v 0.02452261 -0.00180629 -0.03752102 0.67058824 0.20784314 0.12549020
v 0.02451856 -0.00246514 -0.03697539 0.67058824 0.20784314 0.12549020
v 0.02484721 -0.00283469 -0.03634864 0.67058824 0.20784314 0.12549020
v 0.02514341 -0.00112132 -0.03765375 0.67058824 0.20784314 0.12549020
v 0.02555592 -0.00145168 -0.03709336 0.67058824 0.20784314 0.12549020
v 0.02606987 -0.00059499 -0.03667553 0.67058824 0.20784314 0.12549020
v 0.02508390 0.00297173 -0.03963966 0.67058824 0.20784314 0.12549020
v 0.02516775 0.00356339 -0.03976501 0.67058824 0.20784314 0.12549020
v 0.02551399 0.00356339 -0.03906699 0.67058824 0.20784314 0.12549020
v 0.02608610 -0.00055953 -0.03608074 0.67058824 0.20784314 0.12549020
v 0.02566547 0.00356339 -0.03807157 0.67058824 0.20784314 0.12549020
v 0.02565195 0.00256859 -0.03707616 0.67058824 0.20784314 0.12549020
v 0.02561137 0.00157379 -0.03608074 0.67058824 0.20784314 0.12549020
v 0.02513124 0.00224383 -0.03542450 0.67058824 0.20784314 0.12549020
v 0.01727594 0.00066298 -0.01693924 0.67058824 0.20784314 0.12549020
v 0.01749775 -0.00041768 -0.01693924 0.67058824 0.20784314 0.12549020
v 0.01456554 0.01150313 -0.03408991 0.67058824 0.20784314 0.12549020
v 0.01376216 0.01193427 -0.03408991 0.67058824 0.20784314 0.12549020
v 0.01326444 0.01208172 -0.03408991 0.67058824 0.20784314 0.12549020
v 0.01257331 0.01216571 -0.03408991 0.67058824 0.20784314 0.12549020
v 0.01227035 0.01213211 -0.03303305 0.67058824 0.20784314 0.12549020
v 0.01227035 0.01210412 -0.03262996 0.67058824 0.20784314 0.12549020
v 0.01227035 0.01216944 -0.03378514 0.67058824 0.20784314 0.12549020
v 0.01227035 0.01207239 -0.03227603 0.67058824 0.20784314 0.12549020
v 0.02088710 0.00793081 -0.03508532 0.67058824 0.20784314 0.12549020
v 0.02038939 0.00826676 -0.03508532 0.67058824 0.20784314 0.12549020
v 0.01599242 0.00395907 -0.01693924 0.67058824 0.20784314 0.12549020
v 0.01899902 0.00497440 -0.02473790 0.67058824 0.20784314 0.12549020
v 0.02528813 0.00458432 -0.03808632 0.67058824 0.20784314 0.12549020
v 0.02536657 0.00455819 -0.03906699 0.67058824 0.20784314 0.12549020
v 0.02509066 0.00514425 -0.03906699 0.67058824 0.20784314 0.12549020
v 0.02406818 0.00608492 -0.03936193 0.67058824 0.20784314 0.12549020
v 0.02131044 0.00734662 -0.03408991 0.67058824 0.20784314 0.12549020
v 0.02205701 0.00509199 -0.03154606 0.67058824 0.20784314 0.12549020
v 0.02516775 0.00427076 -0.03735143 0.67058824 0.20784314 0.12549020
v 0.01227035 -0.00135462 -0.03828786 0.67058824 0.20784314 0.12549020
v 0.01556097 -0.00198920 -0.03860984 0.67058824 0.20784314 0.12549020
v 0.01227035 -0.00031689 -0.03867620 0.67058824 0.20784314 0.12549020
v 0.01463181 -0.00142928 -0.03869832 0.67058824 0.20784314 0.12549020
v 0.01357010 0.00256859 -0.03998376 0.67058824 0.20784314 0.12549020
v 0.01730028 0.00218224 -0.04052448 0.67058824 0.20784314 0.12549020
v 0.01949809 0.00447980 -0.04175830 0.67058824 0.20784314 0.12549020
v 0.01796436 0.00203853 -0.04057609 0.67058824 0.20784314 0.12549020
v 0.01979970 0.00396840 -0.04159854 0.67058824 0.20784314 0.12549020
v 0.01755726 -0.00233822 -0.03829278 0.67058824 0.20784314 0.12549020
v 0.01655777 -0.00200600 -0.03861967 0.67058824 0.20784314 0.12549020
v 0.01854864 -0.00002387 -0.03962737 0.67058824 0.20784314 0.12549020
v 0.01722860 -0.00195747 -0.03859509 0.67058824 0.20784314 0.12549020
v 0.01924382 0.00003026 -0.03959788 0.67058824 0.20784314 0.12549020
v 0.01990790 0.00011425 -0.03954381 0.67058824 0.20784314 0.12549020
v 0.02115896 0.00202919 -0.04058838 0.67058824 0.20784314 0.12549020
v 0.02219091 0.00399267 -0.04159609 0.67058824 0.20784314 0.12549020
v 0.02252633 0.00362125 -0.04128394 0.67058824 0.20784314 0.12549020
v 0.02285499 0.00419984 -0.04151252 0.67058824 0.20784314 0.12549020
v 0.02355558 0.00351113 -0.04086120 0.67058824 0.20784314 0.12549020
v 0.02390588 0.00314345 -0.04051465 0.67058824 0.20784314 0.12549020
v 0.02421289 0.00380789 -0.04069653 0.67058824 0.20784314 0.12549020
v 0.02429404 0.00455819 -0.04078746 0.67058824 0.20784314 0.12549020
v 0.02479176 0.00455819 -0.04025166 0.67058824 0.20784314 0.12549020
v 0.02514206 0.00455819 -0.03975272 0.67058824 0.20784314 0.12549020
v 0.02534087 0.00359139 -0.03704175 0.67058824 0.20784314 0.12549020
v 0.02530571 0.00257232 -0.03607091 0.67058824 0.20784314 0.12549020
v 0.01666461 0.00256859 -0.01693924 0.67058824 0.20784314 0.12549020
v 0.01673900 0.00234648 -0.01693924 0.67058824 0.20784314 0.12549020
v 0.01456554 0.01149193 -0.03508532 0.67058824 0.20784314 0.12549020
v 0.01954408 0.00874083 -0.03508532 0.67058824 0.20784314 0.12549020
v 0.02277654 0.00690801 -0.04006487 0.67058824 0.20784314 0.12549020
v 0.01373510 0.01192494 -0.03508532 0.67058824 0.20784314 0.12549020
v 0.01323739 0.01207426 -0.03508532 0.67058824 0.20784314 0.12549020
v 0.01227035 0.01217504 -0.03408991 0.67058824 0.20784314 0.12549020
v 0.01257331 0.01215451 -0.03508532 0.67058824 0.20784314 0.12549020
v 0.01603570 0.00388441 -0.01693924 0.67058824 0.20784314 0.12549020
v 0.01625210 0.00350926 -0.01693924 0.67058824 0.20784314 0.12549020
v 0.02505009 0.00509758 -0.03962246 0.67058824 0.20784314 0.12549020
v 0.02406818 0.00608492 -0.03972814 0.67058824 0.20784314 0.12549020
v 0.01633325 0.00333942 -0.01693924 0.67058824 0.20784314 0.12549020
v 0.02053951 0.00391054 -0.04163050 0.67058824 0.20784314 0.12549020
v 0.02053951 0.00341221 -0.04139209 0.67058824 0.20784314 0.12549020
v 0.01227035 0.00057712 -0.03900555 0.67058824 0.20784314 0.12549020
v 0.01283434 0.00193961 -0.03961509 0.67058824 0.20784314 0.12549020
v 0.01456554 0.00455819 -0.04090052 0.67058824 0.20784314 0.12549020
v 0.01556097 0.00455819 -0.04108486 0.67058824 0.20784314 0.12549020
v 0.01854864 0.00474297 -0.04168702 0.67058824 0.20784314 0.12549020
v 0.01750586 0.00547647 -0.04176322 0.67058824 0.20784314 0.12549020
v 0.01854864 0.00555486 -0.04194755 0.67058824 0.20784314 0.12549020
v 0.02053951 0.00455819 -0.04188120 0.67058824 0.20784314 0.12549020
v 0.02053951 0.00256859 -0.04095214 0.67058824 0.20784314 0.12549020
v 0.02053951 0.00197880 -0.04062033 0.67058824 0.20784314 0.12549020
v 0.02153495 0.00343087 -0.04135276 0.67058824 0.20784314 0.12549020
v 0.02153495 0.00392734 -0.04162804 0.67058824 0.20784314 0.12549020
v 0.02153495 0.00455819 -0.04187628 0.67058824 0.20784314 0.12549020
v 0.02252633 0.00454139 -0.04171160 0.67058824 0.20784314 0.12549020
v 0.02312684 0.00486242 -0.04161575 0.67058824 0.20784314 0.12549020
v 0.02419666 0.00533089 -0.04072602 0.67058824 0.20784314 0.12549020
v 0.02312684 0.00536448 -0.04161575 0.67058824 0.20784314 0.12549020
v 0.02227882 0.00717491 -0.04006487 0.67058824 0.20784314 0.12549020
v 0.02360156 0.00635742 -0.04006241 0.67058824 0.20784314 0.12549020
v 0.02217874 0.00711332 -0.04069407 0.67058824 0.20784314 0.12549020
v 0.01351871 0.01189508 -0.03613727 0.67058824 0.20784314 0.12549020
v 0.01315353 0.01205186 -0.03584479 0.67058824 0.20784314 0.12549020
v 0.01227035 0.01216384 -0.03508532 0.67058824 0.20784314 0.12549020
v 0.01264635 0.01209665 -0.03613727 0.67058824 0.20784314 0.12549020
v 0.01237179 0.01207799 -0.03707616 0.67058824 0.20784314 0.12549020
v 0.01227035 0.01208732 -0.03707616 0.67058824 0.20784314 0.12549020
v 0.02398432 0.00599347 -0.04039176 0.67058824 0.20784314 0.12549020
v 0.01227035 0.00210198 -0.03955855 0.67058824 0.20784314 0.12549020
v 0.01397720 0.00400200 -0.04058592 0.67058824 0.20784314 0.12549020
v 0.01456554 0.00555486 -0.04122741 0.67058824 0.20784314 0.12549020
v 0.01655777 0.00573403 -0.04168948 0.67058824 0.20784314 0.12549020
v 0.01655777 0.00655152 -0.04185662 0.67058824 0.20784314 0.12549020
v 0.01755320 0.00655152 -0.04197705 0.67058824 0.20784314 0.12549020
v 0.01954408 0.00555486 -0.04203113 0.67058824 0.20784314 0.12549020
v 0.02053951 0.00555486 -0.04204587 0.67058824 0.20784314 0.12549020
v 0.02153495 0.00555486 -0.04201637 0.67058824 0.20784314 0.12549020
v 0.02262371 0.00563885 -0.04176567 0.67058824 0.20784314 0.12549020
v 0.02301729 0.00602893 -0.04154939 0.67058824 0.20784314 0.12549020
v 0.02332024 0.00629023 -0.04088578 0.67058824 0.20784314 0.12549020
v 0.02259801 0.00660005 -0.04112173 0.67058824 0.20784314 0.12549020
v 0.02153495 0.00690054 -0.04136014 0.67058824 0.20784314 0.12549020
v 0.01227035 0.01103839 -0.04055643 0.67058824 0.20784314 0.12549020
v 0.01227035 0.01112238 -0.04042125 0.67058824 0.20784314 0.12549020
v 0.01252192 0.01123997 -0.04004275 0.67058824 0.20784314 0.12549020
v 0.01257331 0.01164871 -0.03906699 0.67058824 0.20784314 0.12549020
v 0.01253815 0.01190254 -0.03811336 0.67058824 0.20784314 0.12549020
v 0.01357010 0.01170284 -0.03707616 0.67058824 0.20784314 0.12549020
v 0.01286951 0.01198093 -0.03707616 0.67058824 0.20784314 0.12549020
v 0.01302775 0.01202200 -0.03650840 0.67058824 0.20784314 0.12549020
v 0.01227035 0.01206492 -0.03746695 0.67058824 0.20784314 0.12549020
v 0.01227035 0.00223450 -0.03960525 0.67058824 0.20784314 0.12549020
v 0.01361473 0.00456752 -0.04068669 0.67058824 0.20784314 0.12549020
v 0.01357010 0.00555486 -0.04099638 0.67058824 0.20784314 0.12549020
v 0.01357010 0.00655152 -0.04127166 0.67058824 0.20784314 0.12549020
v 0.01588963 0.00592441 -0.04160346 0.67058824 0.20784314 0.12549020
v 0.01227035 0.00784868 -0.04132573 0.67058824 0.20784314 0.12549020
v 0.01227035 0.00854299 -0.04141421 0.67058824 0.20784314 0.12549020
v 0.01854864 0.00655152 -0.04196722 0.67058824 0.20784314 0.12549020
v 0.01227035 0.00884535 -0.04142158 0.67058824 0.20784314 0.12549020
v 0.01227035 0.00953779 -0.04132327 0.67058824 0.20784314 0.12549020
v 0.02153495 0.00640221 -0.04177060 0.67058824 0.20784314 0.12549020
v 0.02235321 0.00624543 -0.04168702 0.67058824 0.20784314 0.12549020
v 0.01227035 0.01090588 -0.04066703 0.67058824 0.20784314 0.12549020
v 0.01227035 0.01131835 -0.04004766 0.67058824 0.20784314 0.12549020
v 0.01227035 0.01174390 -0.03907191 0.67058824 0.20784314 0.12549020
v 0.01227035 0.01184095 -0.03875731 0.67058824 0.20784314 0.12549020
v 0.01227035 0.01195854 -0.03828786 0.67058824 0.20784314 0.12549020
v 0.01227035 0.01204252 -0.03771519 0.67058824 0.20784314 0.12549020
v 0.01227035 0.00353913 -0.04002062 0.67058824 0.20784314 0.12549020
v 0.01257331 0.00356339 -0.04010911 0.67058824 0.20784314 0.12549020
v 0.01227035 0.00685388 -0.04104308 0.67058824 0.20784314 0.12549020
v 0.01289521 0.00490534 -0.04061296 0.67058824 0.20784314 0.12549020
v 0.01755320 0.00741008 -0.04175339 0.67058824 0.20784314 0.12549020
v 0.01227035 0.00984202 -0.04121512 0.67058824 0.20784314 0.12549020
v 0.01854864 0.00729249 -0.04170669 0.67058824 0.20784314 0.12549020
v 0.01227035 0.01054566 -0.04087595 0.67058824 0.20784314 0.12549020
f 2783 2784 2790
f 2783 2790 2801
f 2783 2801 2814
f 2783 2814 2829
f 2783 2829 2846
f 2783 2846 2872
f 2783 2872 2907
f 2783 2907 2915
f 2783 2915 2914
f 2783 2914 2913
f 2783 2913 2958
f 2783 2958 2957
f 2783 2957 3006
f 2783 3006 3005
f 2783 3005 3018
f 2783 3018 3015
f 2783 3015 3014
f 2783 3014 2969
f 2783 2969 2927
f 2783 2927 2887
f 2783 2887 2886
f 2783 2886 2885
f 2783 2885 2884
f 2783 2884 2883
f 2783 2883 2858
f 2783 2858 2833
f 2783 2833 2818
f 2783 2818 2804
f 2783 2804 2791
f 2783 2791 2785
f 2783 2785 2786
f 2783 2786 2787
f 2783 2787 2788
f 2783 2788 2789
f 2783 2789 2784
f 2784 2789 2790
f 2785 2791 2786
f 2786 2792 2793
f 2786 2793 2794
f 2786 2794 2795
f 2786 2795 2787
f 2786 2791 2792
f 2787 2796 2788
f 2787 2795 2796
f 2788 2796 2789
f 2789 2796 2797
f 2789 2797 2798
f 2789 2798 2799
f 2789 2799 2800
f 2789 2800 2790
f 2790 2800 2802
f 2790 2802 2803
f 2790 2803 2801
f 2791 2804 2817
f 2791 2817 2831
f 2791 2831 2850
f 2791 2850 2875
f 2791 2875 2916
f 2791 2916 2923
f 2791 2923 2966
f 2791 2966 2964
f 2791 2964 2963
f 2791 2963 2965
f 2791 2965 3012
f 2791 3012 3043
f 2791 3043 3046
f 2791 3046 3070
f 2791 3070 3088
f 2791 3088 3087
f 2791 3087 3086
f 2791 3086 3085
f 2791 3085 3084
f 2791 3084 3063
f 2791 3063 3062
f 2791 3062 3083
f 2791 3083 3096
f 2791 3096 3094
f 2791 3094 3080
f 2791 3080 3079
f 2791 3079 3077
f 2791 3077 3076
f 2791 3076 3091
f 2791 3091 3089
f 2791 3089 3071
f 2791 3071 3048
f 2791 3048 3021
f 2791 3021 2980
f 2791 2980 2978
f 2791 2978 2937
f 2791 2937 2896
f 2791 2896 2860
f 2791 2860 2834
f 2791 2834 2819
f 2791 2819 2805
f 2791 2805 2792
f 2792 2805 2806
f 2792 2806 2794
f 2792 2794 2793
f 2794 2807 2795
f 2794 2806 2808
f 2794 2808 2807
f 2795 2807 2809
f 2795 2809 2810
f 2795 2810 2796
f 2796 2810 2809
f 2796 2809 2811
f 2796 2811 2797
f 2797 2811 2812
f 2797 2812 2798
f 2798 2812 2799
f 2799 2802 2800
f 2799 2812 2813
f 2799 2813 2802
f 2801 2803 2814
f 2802 2813 2803
f 2803 2815 2814
f 2803 2813 2816
f 2803 2816 2815
f 2804 2818 2817
f 2805 2819 2820
f 2805 2820 2821
f 2805 2821 2806
f 2806 2822 2808
f 2806 2821 2822
f 2807 2808 2823
f 2807 2823 2824
f 2807 2824 2825
f 2807 2825 2826
f 2807 2826 2809
f 2808 2822 2823
f 2809 2813 2812
f 2809 2812 2811
f 2809 2826 2827
f 2809 2827 2813
f 2813 2827 2828
f 2813 2828 2816
f 2814 2815 2829
f 2815 2816 2830
f 2815 2830 2829
f 2816 2828 2830
f 2817 2818 2832
f 2817 2832 2831
f 2818 2833 2832
f 2819 2834 2820
f 2820 2835 2821
f 2820 2834 2835
f 2821 2835 2822
f 2822 2835 2836
f 2822 2836 2823
f 2823 2836 2837
f 2823 2837 2838
f 2823 2838 2839
f 2823 2839 2824
f 2824 2839 2840
f 2824 2840 2841
f 2824 2841 2842
f 2824 2842 2825
f 2825 2842 2826
f 2826 2842 2827
f 2827 2842 2843
f 2827 2843 2828
f 2828 2844 2830
f 2828 2843 2845
f 2828 2845 2844
f 2829 2830 2847
f 2829 2847 2848
f 2829 2848 2846
f 2830 2844 2849
f 2830 2849 2847
f 2831 2832 2851
f 2831 2851 2850
f 2832 2852 2853
f 2832 2853 2854
f 2832 2854 2855
f 2832 2855 2856
f 2832 2856 2857
f 2832 2857 2851
f 2832 2833 2852
f 2833 2858 2852
f 2834 2859 2835
f 2834 2860 2859
f 2835 2859 2861
f 2835 2861 2836
f 2836 2861 2862
f 2836 2862 2838
f 2836 2838 2837
f 2838 2862 2863
f 2838 2863 2839
f 2839 2863 2864
f 2839 2864 2865
f 2839 2865 2866
f 2839 2866 2840
f 2840 2866 2841
f 2841 2867 2843
f 2841 2843 2842
f 2841 2866 2868
f 2841 2868 2867
f 2843 2867 2845
f 2844 2845 2869
f 2844 2869 2870
f 2844 2870 2849
f 2845 2867 2871
f 2845 2871 2869
f 2846 2848 2872
f 2847 2849 2848
f 2848 2849 2872
f 2849 2870 2873
f 2849 2873 2874
f 2849 2874 2872
f 2850 2851 2876
f 2850 2876 2877
f 2850 2877 2878
f 2850 2878 2879
f 2850 2879 2880
f 2850 2880 2875
f 2851 2856 2881
f 2851 2881 2882
f 2851 2882 2876
f 2851 2857 2856
f 2852 2854 2853
f 2852 2858 2883
f 2852 2883 2884
f 2852 2884 2885
f 2852 2885 2886
f 2852 2886 2887
f 2852 2887 2888
f 2852 2888 2889
f 2852 2889 2854
f 2854 2889 2890
f 2854 2890 2891
f 2854 2891 2892
f 2854 2892 2855
f 2855 2892 2856
f 2856 2892 2893
f 2856 2893 2881
f 2859 2860 2894
f 2859 2894 2895
f 2859 2895 2861
f 2860 2896 2894
f 2861 2897 2862
f 2861 2895 2898
f 2861 2898 2899
f 2861 2899 2897
f 2862 2897 2863
f 2863 2897 2900
f 2863 2900 2901
f 2863 2901 2864
f 2864 2901 2902
f 2864 2902 2865
f 2865 2868 2866
f 2865 2902 2868
f 2867 2868 2903
f 2867 2903 2904
f 2867 2904 2871
f 2868 2902 2903
f 2869 2871 2870
f 2870 2871 2905
f 2870 2905 2906
f 2870 2906 2873
f 2871 2904 2905
f 2872 2874 2907
f 2873 2906 2905
f 2873 2905 2908
f 2873 2908 2909
f 2873 2909 2910
f 2873 2910 2911
f 2873 2911 2874
f 2874 2911 2952
f 2874 2952 2912
f 2874 2912 2913
f 2874 2913 2914
f 2874 2914 2915
f 2874 2915 2907
f 2875 2880 2916
f 2876 2882 2877
f 2877 2882 2878
f 2878 2917 2918
f 2878 2918 2919
f 2878 2919 2879
f 2878 2882 2917
f 2879 2919 2880
f 2880 2919 2920
f 2880 2920 2921
f 2880 2921 2922
f 2880 2922 2923
f 2880 2923 2916
f 2881 2893 2924
f 2881 2924 2882
f 2882 2924 2925
f 2882 2925 2926
f 2882 2926 2917
f 2887 2927 2928
f 2887 2928 2888
f 2888 2928 2929
f 2888 2929 2889
f 2889 2930 2890
f 2889 2929 2931
f 2889 2931 2930
f 2890 2932 2933
f 2890 2933 2891
f 2890 2930 2932
f 2891 2933 2934
f 2891 2934 2892
f 2892 2934 2893
f 2893 2933 2925
f 2893 2925 2924
f 2893 2934 2933
f 2894 2896 2935
f 2894 2935 2895
f 2895 2935 2936
f 2895 2936 2898
f 2896 2937 2938
f 2896 2938 2935
f 2897 2899 2939
f 2897 2939 2900
f 2898 2936 2940
f 2898 2940 2899
f 2899 2940 2941
f 2899 2941 2939
f 2900 2902 2901
f 2900 2939 2902
f 2902 2939 2942
f 2902 2942 2943
f 2902 2943 2903
f 2903 2943 2944
f 2903 2944 2909
f 2903 2909 2945
f 2903 2945 2904
f 2904 2945 2905
f 2905 2945 2908
f 2908 2945 2909
f 2909 2944 2943
f 2909 2943 2946
f 2909 2946 2947
f 2909 2947 2910
f 2910 2948 2952
f 2910 2952 2911
f 2910 2947 2949
f 2910 2949 2950
f 2910 2950 2951
f 2910 2951 2948
f 2912 2952 2953
f 2912 2953 2954
f 2912 2954 2955
f 2912 2955 2956
f 2912 2956 2957
f 2912 2957 2958
f 2912 2958 2913
f 2917 2926 2918
f 2918 2926 2959
f 2918 2959 2960
f 2918 2960 2919
f 2919 2960 2920
f 2920 2960 2961
f 2920 2961 2962
f 2920 2962 2921
f 2921 2963 2964
f 2921 2964 2922
f 2921 2962 2965
f 2921 2965 2963
f 2922 2964 2966
f 2922 2966 2923
f 2925 2933 2967
f 2925 2967 2968
f 2925 2968 2926
f 2926 2968 2959
f 2927 2969 2970
f 2927 2970 2928
f 2928 2970 2929
f 2929 2970 2931
f 2930 2971 2972
f 2930 2972 2973
f 2930 2973 2974
f 2930 2974 2967
f 2930 2967 2933
f 2930 2933 2975
f 2930 2975 2932
f 2930 2931 2976
f 2930 2976 2977
f 2930 2977 2971
f 2931 2970 2976
f 2932 2975 2933
f 2935 2938 2936
f 2936 2938 2940
f 2937 2978 2938
f 2938 2979 2940
f 2938 2978 2980
f 2938 2980 2981
f 2938 2981 2982
f 2938 2982 2983
f 2938 2983 2984
f 2938 2984 2985
f 2938 2985 2986
f 2938 2986 2979
f 2939 2941 2987
f 2939 2987 2942
f 2940 2979 2988
f 2940 2988 2941
f 2941 2988 2989
f 2941 2989 2990
f 2941 2990 2987
f 2942 2987 2943
f 2943 2987 2991
f 2943 2991 2992
f 2943 2992 2993
f 2943 2993 2994
f 2943 2994 2995
f 2943 2995 2996
f 2943 2996 2997
f 2943 2997 2946
f 2946 2997 2998
f 2946 2998 2999
f 2946 2999 2949
f 2946 2949 2947
f 2948 2951 2953
f 2948 2953 2952
f 2949 2999 2950
f 2950 2999 3000
f 2950 3000 3001
f 2950 3001 3002
f 2950 3002 2951
f 2951 3002 2972
f 2951 2972 2953
f 2953 2972 2971
f 2953 2971 3003
f 2953 3003 2954
f 2954 3003 2955
f 2955 3004 2956
f 2955 3003 3004
f 2956 3004 3005
f 2956 3005 3006
f 2956 3006 2957
f 2959 3007 2960
f 2959 2968 3008
f 2959 3008 3009
f 2959 3009 3007
f 2960 3007 3010
f 2960 3010 3011
f 2960 3011 2961
f 2961 3011 2962
f 2962 3012 2965
f 2962 3011 3013
f 2962 3013 3043
f 2962 3043 3012
f 2967 2974 2968
f 2968 2974 3009
f 2968 3009 3008
f 2969 3014 2970
f 2970 3014 3015
f 2970 3015 2976
f 2971 2977 3003
f 2972 3002 3016
f 2972 3016 2973
f 2973 3016 3017
f 2973 3017 2974
f 2974 3017 3009
f 2976 3015 2977
f 2977 3015 3018
f 2977 3018 3003
f 2979 2986 3019
f 2979 3019 3020
f 2979 3020 2988
f 2980 3021 3022
f 2980 3022 2982
f 2980 2982 2981
f 2982 3023 3024
f 2982 3024 2983
f 2982 3022 3023
f 2983 3024 3025
f 2983 3025 2984
f 2984 3025 3026
f 2984 3026 3027
f 2984 3027 3028
f 2984 3028 2986
f 2984 2986 2985
f 2986 3028 3019
f 2987 2990 2991
f 2988 3020 2989
f 2989 2991 2990
f 2989 3020 3029
f 2989 3029 3030
f 2989 3030 2991
f 2991 3030 2993
f 2991 2993 2992
f 2993 3030 3031
f 2993 3031 2994
f 2994 3031 3032
f 2994 3032 3033
f 2994 3033 3034
f 2994 3034 2996
f 2994 2996 2995
f 2996 3034 3035
f 2996 3035 2999
f 2996 2999 2997
f 2997 2999 2998
f 2999 3035 3000
f 3000 3036 3001
f 3000 3035 3037
f 3000 3037 3036
f 3001 3036 3002
f 3002 3036 3016
f 3003 3018 3005
f 3003 3005 3004
f 3007 3009 3038
f 3007 3038 3010
f 3009 3017 3039
f 3009 3039 3040
f 3009 3040 3038
f 3010 3041 3042
f 3010 3042 3011
f 3010 3038 3041
f 3011 3042 3013
f 3013 3042 3044
f 3013 3044 3045
f 3013 3045 3046
f 3013 3046 3043
f 3016 3036 3047
f 3016 3047 3017
f 3017 3047 3039
f 3019 3028 3033
f 3019 3033 3032
f 3019 3032 3020
f 3020 3032 3029
f 3021 3048 3022
f 3022 3048 3049
f 3022 3049 3023
f 3023 3050 3051
f 3023 3051 3024
f 3023 3049 3050
f 3024 3051 3025
f 3025 3051 3026
f 3026 3051 3027
f 3027 3051 3052
f 3027 3052 3053
f 3027 3053 3054
f 3027 3054 3028
f 3028 3054 3055
f 3028 3055 3033
f 3029 3032 3031
f 3029 3031 3030
f 3033 3055 3056
f 3033 3056 3034
f 3034 3056 3035
f 3035 3056 3057
f 3035 3057 3037
f 3036 3037 3058
f 3036 3058 3047
f 3037 3057 3058
f 3038 3040 3041
f 3039 3047 3059
f 3039 3059 3040
f 3040 3059 3060
f 3040 3060 3061
f 3040 3061 3062
f 3040 3062 3063
f 3040 3063 3064
f 3040 3064 3065
f 3040 3065 3066
f 3040 3066 3067
f 3040 3067 3041
f 3041 3067 3068
f 3041 3068 3069
f 3041 3069 3042
f 3042 3069 3070
f 3042 3070 3045
f 3042 3045 3044
f 3045 3070 3046
f 3047 3058 3059
f 3048 3071 3049
f 3049 3072 3050
f 3049 3071 3072
f 3050 3072 3073
f 3050 3073 3074
f 3050 3074 3075
f 3050 3075 3051
f 3051 3075 3076
f 3051 3076 3052
f 3052 3076 3077
f 3052 3077 3053
f 3053 3078 3055
f 3053 3055 3054
f 3053 3077 3079
f 3053 3079 3080
f 3053 3080 3078
f 3055 3078 3056
f 3056 3078 3081
f 3056 3081 3082
f 3056 3082 3057
f 3057 3082 3058
f 3058 3082 3060
f 3058 3060 3059
f 3060 3082 3061
f 3061 3082 3062
f 3062 3082 3083
f 3063 3084 3064
f 3064 3084 3085
f 3064 3085 3065
f 3065 3085 3086
f 3065 3086 3066
f 3066 3086 3087
f 3066 3087 3068
f 3066 3068 3067
f 3068 3087 3088
f 3068 3088 3069
f 3069 3088 3070
f 3071 3089 3090
f 3071 3090 3073
f 3071 3073 3072
f 3073 3091 3076
f 3073 3076 3074
f 3073 3090 3089
f 3073 3089 3092
f 3073 3092 3091
f 3074 3076 3075
f 3078 3080 3093
f 3078 3093 3081
f 3080 3094 3093
f 3081 3093 3095
f 3081 3095 3096
f 3081 3096 3083
f 3081 3083 3082
f 3089 3091 3092
f 3093 3094 3095
f 3094 3096 3095

o geometry_16
v 0.00995196 -0.00691451 -0.01913941 0.31372549 0.36078431 0.56862745
v 0.01006815 -0.00691451 -0.01869841 0.31372549 0.36078431 0.56862745
v 0.00995196 -0.00691451 -0.01693679 0.31372549 0.36078431 0.56862745
v 0.00995196 -0.00514627 -0.03309337 0.31372549 0.36078431 0.56862745
v 0.01227035 -0.00422304 -0.03508507 0.31372549 0.36078431 0.56862745
v 0.01018434 -0.00691451 -0.01823823 0.31372549 0.36078431 0.56862745
v 0.01049615 -0.00691451 -0.01693679 0.31372549 0.36078431 0.56862745
v 0.00995196 0.00995346 -0.01693679 0.31372549 0.36078431 0.56862745
v 0.00995196 -0.00501656 -0.03397058 0.31372549 0.36078431 0.56862745
v 0.00995196 -0.00494026 -0.03441638 0.31372549 0.36078431 0.56862745
v 0.01227035 -0.00402657 -0.03595510 0.31372549 0.36078431 0.56862745
v 0.01227035 -0.00611718 -0.01693679 0.31372549 0.36078431 0.56862745
v 0.00995196 0.01064016 -0.02060144 0.31372549 0.36078431 0.56862745
v 0.00996194 0.00994774 -0.01693679 0.31372549 0.36078431 0.56862745
v 0.01227035 0.01199639 -0.03181110 0.31372549 0.36078431 0.56862745
v 0.00995196 -0.00486205 -0.03466085 0.31372549 0.36078431 0.56862745
v 0.00995196 -0.00469991 -0.03512103 0.31372549 0.36078431 0.56862745
v 0.01227035 -0.00395981 -0.03611808 0.31372549 0.36078431 0.56862745
v 0.01227035 0.00802689 -0.01693679 0.31372549 0.36078431 0.56862745
v 0.00995196 0.01115137 -0.02333375 0.31372549 0.36078431 0.56862745
v 0.01076167 0.00928774 -0.01693679 0.31372549 0.36078431 0.56862745
v 0.01227035 0.00889480 -0.01943421 0.31372549 0.36078431 0.56862745
v 0.01227035 0.00911988 -0.02014845 0.31372549 0.36078431 0.56862745
v 0.01227035 0.01195824 -0.03164572 0.31372549 0.36078431 0.56862745
v 0.01227035 0.01205170 -0.03210830 0.31372549 0.36078431 0.56862745
v 0.00995196 -0.00418298 -0.03610370 0.31372549 0.36078431 0.56862745
v 0.01227035 -0.00337802 -0.03707918 0.31372549 0.36078431 0.56862745
v 0.01204273 0.00822527 -0.01693679 0.31372549 0.36078431 0.56862745
v 0.00995196 0.01128870 -0.02413187 0.31372549 0.36078431 0.56862745
v 0.01227035 0.01207269 -0.03227607 0.31372549 0.36078431 0.56862745
v 0.00995196 0.01251904 -0.03209631 0.31372549 0.36078431 0.56862745
v 0.00995196 0.01237216 -0.03107529 0.31372549 0.36078431 0.56862745
v 0.01001800 0.01201737 -0.02871208 0.31372549 0.36078431 0.56862745
v 0.00995196 0.01199829 -0.02849398 0.31372549 0.36078431 0.56862745
v 0.00995196 -0.00388160 -0.03654949 0.31372549 0.36078431 0.56862745
v 0.01227035 -0.00291641 -0.03758010 0.31372549 0.36078431 0.56862745
v 0.01227035 0.01210321 -0.03262839 0.31372549 0.36078431 0.56862745
v 0.01227035 0.01213182 -0.03303345 0.31372549 0.36078431 0.56862745
v 0.00995196 0.01257245 -0.03309337 0.31372549 0.36078431 0.56862745
v 0.00995196 -0.00344097 -0.03691380 0.31372549 0.36078431 0.56862745
v 0.00995196 -0.00268369 -0.03745308 0.31372549 0.36078431 0.56862745
v 0.01227035 -0.00245289 -0.03782218 0.31372549 0.36078431 0.56862745
v 0.01227035 0.01216997 -0.03378603 0.31372549 0.36078431 0.56862745
v 0.01227035 0.01217378 -0.03408802 0.31372549 0.36078431 0.56862745
v 0.01227035 0.01216425 -0.03508507 0.31372549 0.36078431 0.56862745
v 0.01227035 0.01212419 -0.03611808 0.31372549 0.36078431 0.56862745
v 0.01227035 0.01208604 -0.03707678 0.31372549 0.36078431 0.56862745
v 0.00995196 0.01255719 -0.03346007 0.31372549 0.36078431 0.56862745
v 0.00995196 -0.00218584 -0.03771193 0.31372549 0.36078431 0.56862745
v 0.01227035 -0.00135608 -0.03828715 0.31372549 0.36078431 0.56862745
v 0.01227035 0.01206315 -0.03746746 0.31372549 0.36078431 0.56862745
v 0.00995196 0.01228060 -0.03807144 0.31372549 0.36078431 0.56862745
v 0.00995196 -0.00170515 -0.03791565 0.31372549 0.36078431 0.56862745
v 0.00995196 -0.00141330 -0.03803788 0.31372549 0.36078431 0.56862745
v 0.01227035 -0.00031840 -0.03867782 0.31372549 0.36078431 0.56862745
v 0.01227035 0.01204407 -0.03771432 0.31372549 0.36078431 0.56862745
v 0.01218253 0.01205170 -0.03780780 0.31372549 0.36078431 0.56862745
v 0.01162721 0.01208985 -0.03811218 0.31372549 0.36078431 0.56862745
v 0.00995196 0.01225580 -0.03835665 0.31372549 0.36078431 0.56862745
v 0.01227035 0.00223574 -0.03960537 0.31372549 0.36078431 0.56862745
v 0.01227035 0.00198013 -0.03951429 0.31372549 0.36078431 0.56862745
v 0.01227035 0.00057812 -0.03900618 0.31372549 0.36078431 0.56862745
v 0.00995196 0.00854191 -0.04109376 0.31372549 0.36078431 0.56862745
v 0.01227035 0.00685378 -0.04104343 0.31372549 0.36078431 0.56862745
v 0.01227035 0.00354046 -0.04002001 0.31372549 0.36078431 0.56862745
v 0.01227035 0.01196014 -0.03828955 0.31372549 0.36078431 0.56862745
v 0.01199235 0.01201737 -0.03847170 0.31372549 0.36078431 0.56862745
v 0.00995196 0.01217378 -0.03900139 0.31372549 0.36078431 0.56862745
v 0.01132856 0.01205933 -0.03875212 0.31372549 0.36078431 0.56862745
v 0.00995196 0.00917139 -0.04125434 0.31372549 0.36078431 0.56862745
v 0.01058171 0.00854191 -0.04122079 0.31372549 0.36078431 0.56862745
v 0.01227035 0.00784949 -0.04132624 0.31372549 0.36078431 0.56862745
v 0.01227035 0.01183997 -0.03875691 0.31372549 0.36078431 0.56862745
v 0.01227035 0.01174460 -0.03907089 0.31372549 0.36078431 0.56862745
v 0.01162721 0.01194679 -0.03907808 0.31372549 0.36078431 0.56862745
v 0.00995196 0.01214517 -0.03916676 0.31372549 0.36078431 0.56862745
v 0.00995196 0.00953763 -0.04131906 0.31372549 0.36078431 0.56862745
v 0.01157728 0.00854191 -0.04137418 0.31372549 0.36078431 0.56862745
v 0.01227035 0.00854191 -0.04141253 0.31372549 0.36078431 0.56862745
v 0.01227035 0.01131923 -0.04004877 0.31372549 0.36078431 0.56862745
v 0.01157728 0.01154049 -0.04006315 0.31372549 0.36078431 0.56862745
v 0.01058171 0.01199066 -0.03934172 0.31372549 0.36078431 0.56862745
v 0.00995196 0.01177512 -0.04006555 0.31372549 0.36078431 0.56862745
v 0.01058171 0.00953763 -0.04139815 0.31372549 0.36078431 0.56862745
v 0.00995196 0.01016710 -0.04124955 0.31372549 0.36078431 0.56862745
v 0.01227035 0.00884520 -0.04141972 0.31372549 0.36078431 0.56862745
v 0.01227035 0.01112275 -0.04042267 0.31372549 0.36078431 0.56862745
v 0.01215439 0.01106934 -0.04059763 0.31372549 0.36078431 0.56862745
v 0.01157728 0.01113420 -0.04065994 0.31372549 0.36078431 0.56862745
v 0.00995196 0.01162252 -0.04028365 0.31372549 0.36078431 0.56862745
v 0.01157728 0.00953763 -0.04139815 0.31372549 0.36078431 0.56862745
v 0.00995196 0.01053524 -0.04115607 0.31372549 0.36078431 0.56862745
v 0.01227035 0.00953763 -0.04132385 0.31372549 0.36078431 0.56862745
v 0.01227035 0.01103882 -0.04055688 0.31372549 0.36078431 0.56862745
v 0.01227035 0.01090530 -0.04066713 0.31372549 0.36078431 0.56862745
v 0.01227035 0.01054478 -0.04087805 0.31372549 0.36078431 0.56862745
v 0.01157728 0.01053524 -0.04104103 0.31372549 0.36078431 0.56862745
v 0.01058171 0.01121241 -0.04072945 0.31372549 0.36078431 0.56862745
v 0.00995196 0.01126391 -0.04075581 0.31372549 0.36078431 0.56862745
v 0.01058171 0.01053524 -0.04114649 0.31372549 0.36078431 0.56862745
v 0.00995196 0.01101403 -0.04090921 0.31372549 0.36078431 0.56862745
v 0.01227035 0.00984092 -0.04121360 0.31372549 0.36078431 0.56862745
f 3097 3098 3102
f 3097 3102 3103
f 3097 3103 3099
f 3097 3099 3104
f 3097 3104 3109
f 3097 3109 3116
f 3097 3116 3125
f 3097 3125 3130
f 3097 3130 3128
f 3097 3128 3127
f 3097 3127 3135
f 3097 3135 3144
f 3097 3144 3148
f 3097 3148 3155
f 3097 3155 3164
f 3097 3164 3172
f 3097 3172 3179
f 3097 3179 3186
f 3097 3186 3195
f 3097 3195 3197
f 3097 3197 3188
f 3097 3188 3181
f 3097 3181 3173
f 3097 3173 3166
f 3097 3166 3159
f 3097 3159 3150
f 3097 3150 3149
f 3097 3149 3145
f 3097 3145 3137
f 3097 3137 3136
f 3097 3136 3131
f 3097 3131 3122
f 3097 3122 3113
f 3097 3113 3112
f 3097 3112 3106
f 3097 3106 3105
f 3097 3105 3100
f 3097 3100 3101
f 3097 3101 3098
f 3098 3101 3102
f 3099 3103 3108
f 3099 3108 3115
f 3099 3115 3124
f 3099 3124 3117
f 3099 3117 3110
f 3099 3110 3104
f 3100 3105 3101
f 3101 3105 3106
f 3101 3106 3107
f 3101 3107 3114
f 3101 3114 3123
f 3101 3123 3132
f 3101 3132 3138
f 3101 3138 3146
f 3101 3146 3151
f 3101 3151 3158
f 3101 3158 3157
f 3101 3157 3156
f 3101 3156 3161
f 3101 3161 3160
f 3101 3160 3168
f 3101 3168 3175
f 3101 3175 3182
f 3101 3182 3189
f 3101 3189 3198
f 3101 3198 3192
f 3101 3192 3191
f 3101 3191 3190
f 3101 3190 3183
f 3101 3183 3176
f 3101 3176 3170
f 3101 3170 3169
f 3101 3169 3162
f 3101 3162 3152
f 3101 3152 3147
f 3101 3147 3143
f 3101 3143 3142
f 3101 3142 3141
f 3101 3141 3140
f 3101 3140 3139
f 3101 3139 3134
f 3101 3134 3133
f 3101 3133 3126
f 3101 3126 3121
f 3101 3121 3111
f 3101 3111 3120
f 3101 3120 3119
f 3101 3119 3118
f 3101 3118 3115
f 3101 3115 3108
f 3101 3108 3103
f 3101 3103 3102
f 3104 3110 3111
f 3104 3111 3109
f 3106 3112 3107
f 3107 3112 3113
f 3107 3113 3114
f 3109 3111 3116
f 3110 3117 3118
f 3110 3118 3119
f 3110 3119 3120
f 3110 3120 3111
f 3111 3121 3116
f 3113 3122 3114
f 3114 3122 3123
f 3115 3118 3124
f 3116 3121 3125
f 3117 3124 3118
f 3121 3126 3127
f 3121 3127 3128
f 3121 3128 3129
f 3121 3129 3130
f 3121 3130 3125
f 3122 3131 3123
f 3123 3131 3132
f 3126 3133 3127
f 3127 3133 3134
f 3127 3134 3135
f 3128 3130 3129
f 3131 3136 3132
f 3132 3137 3138
f 3132 3136 3137
f 3134 3139 3135
f 3135 3139 3140
f 3135 3140 3141
f 3135 3141 3142
f 3135 3142 3143
f 3135 3143 3144
f 3137 3145 3138
f 3138 3145 3146
f 3143 3147 3144
f 3144 3147 3148
f 3145 3149 3146
f 3146 3149 3150
f 3146 3150 3151
f 3147 3152 3153
f 3147 3153 3148
f 3148 3154 3155
f 3148 3153 3154
f 3150 3156 3157
f 3150 3157 3158
f 3150 3158 3151
f 3150 3159 3160
f 3150 3160 3161
f 3150 3161 3156
f 3152 3162 3163
f 3152 3163 3153
f 3153 3163 3154
f 3154 3163 3155
f 3155 3163 3165
f 3155 3165 3164
f 3159 3166 3167
f 3159 3167 3160
f 3160 3167 3168
f 3162 3169 3163
f 3163 3169 3170
f 3163 3170 3171
f 3163 3171 3165
f 3164 3165 3172
f 3165 3171 3172
f 3166 3173 3174
f 3166 3174 3167
f 3167 3174 3168
f 3168 3174 3175
f 3170 3176 3177
f 3170 3177 3171
f 3171 3177 3178
f 3171 3178 3172
f 3172 3178 3179
f 3173 3180 3174
f 3173 3181 3180
f 3174 3180 3175
f 3175 3180 3182
f 3176 3183 3184
f 3176 3184 3177
f 3177 3184 3185
f 3177 3185 3179
f 3177 3179 3178
f 3179 3185 3186
f 3180 3187 3182
f 3180 3181 3187
f 3181 3188 3187
f 3182 3187 3189
f 3183 3190 3184
f 3184 3190 3191
f 3184 3191 3192
f 3184 3192 3193
f 3184 3193 3185
f 3185 3193 3194
f 3185 3194 3186
f 3186 3194 3195
f 3187 3188 3196
f 3187 3196 3193
f 3187 3193 3189
f 3188 3197 3196
f 3189 3193 3198
f 3192 3198 3193
f 3193 3196 3194
f 3194 3196 3195
f 3195 3196 3197

o geometry_17
v 0.01049595 -0.00691452 -0.01693679 0.43529412 0.98823529 0.10196078
v -0.00135716 -0.00691452 -0.01693679 0.43529412 0.98823529 0.10196078
v 0.00543842 -0.01335453 -0.01693679 0.43529412 0.98823529 0.10196078
v 0.00542798 -0.01335453 -0.01717205 0.43529412 0.98823529 0.10196078
v 0.00535256 -0.01335453 -0.01816812 0.43529412 0.98823529 0.10196078
v 0.00452298 -0.01335453 -0.02811363 0.43529412 0.98823529 0.10196078
v 0.00452182 -0.01335453 -0.02812691 0.43529412 0.98823529 0.10196078
v 0.00691890 -0.00963085 -0.03110183 0.43529412 0.98823529 0.10196078
v 0.00719272 -0.00905026 -0.03209791 0.43529412 0.98823529 0.10196078
v 0.00713935 -0.00895696 -0.03275626 0.43529412 0.98823529 0.10196078
v 0.00750483 -0.00838647 -0.03209791 0.43529412 0.98823529 0.10196078
v 0.00767190 -0.00739046 -0.03309397 0.43529412 0.98823529 0.10196078
v 0.00781694 -0.00691452 -0.03313192 0.43529412 0.98823529 0.10196078
v -0.00135716 -0.01335453 -0.01693679 0.43529412 0.98823529 0.10196078
v -0.00135716 -0.00691452 -0.03347153 0.43529412 0.98823529 0.10196078
v 0.00438724 -0.01335453 -0.02918369 0.43529412 0.98823529 0.10196078
v 0.00685277 -0.00954827 -0.03209791 0.43529412 0.98823529 0.10196078
v 0.00623435 -0.01004942 -0.03309397 0.43529412 0.98823529 0.10196078
v 0.00677387 -0.00932637 -0.03309018 0.43529412 0.98823529 0.10196078
v 0.00704421 -0.00878109 -0.03341841 0.43529412 0.98823529 0.10196078
v 0.00729830 -0.00842429 -0.03309018 0.43529412 0.98823529 0.10196078
v 0.00719968 -0.00811729 -0.03379786 0.43529412 0.98823529 0.10196078
v 0.00767074 -0.00691452 -0.03356829 0.43529412 0.98823529 0.10196078
v -0.00135716 -0.01335453 -0.03122516 0.43529412 0.98823529 0.10196078
v 0.00200176 -0.00691452 -0.03567237 0.43529412 0.98823529 0.10196078
v 0.00201916 -0.00739046 -0.03566857 0.43529412 0.98823529 0.10196078
v 0.00206557 -0.00809523 -0.03563063 0.43529412 0.98823529 0.10196078
v 0.00216768 -0.00875965 -0.03555094 0.43529412 0.98823529 0.10196078
v 0.00437331 -0.01335453 -0.02928425 0.43529412 0.98823529 0.10196078
v 0.00635502 -0.01018937 -0.03209791 0.43529412 0.98823529 0.10196078
v 0.00594661 -0.01068737 -0.03209791 0.43529412 0.98823529 0.10196078
v 0.00582130 -0.01054617 -0.03309397 0.43529412 0.98823529 0.10196078
v 0.00614037 -0.00993406 -0.03366885 0.43529412 0.98823529 0.10196078
v 0.00634458 -0.00936356 -0.03403692 0.43529412 0.98823529 0.10196078
v 0.00687133 -0.00842429 -0.03411281 0.43529412 0.98823529 0.10196078
v 0.00701752 -0.00771006 -0.03446191 0.43529412 0.98823529 0.10196078
v 0.00731687 -0.00738289 -0.03411281 0.43529412 0.98823529 0.10196078
v 0.00748394 -0.00691452 -0.03410143 0.43529412 0.98823529 0.10196078
v 0.00237768 -0.00938247 -0.03545039 0.43529412 0.98823529 0.10196078
v 0.00307847 -0.00990380 -0.03559648 0.43529412 0.98823529 0.10196078
v 0.00217116 -0.01084245 -0.03456626 0.43529412 0.98823529 0.10196078
v 0.00066747 -0.01335453 -0.03228573 0.43529412 0.98823529 0.10196078
v 0.00231271 -0.00691452 -0.03586779 0.43529412 0.98823529 0.10196078
v 0.00261553 -0.00739046 -0.03604424 0.43529412 0.98823529 0.10196078
v 0.00254592 -0.00841105 -0.03584312 0.43529412 0.98823529 0.10196078
v 0.00287543 -0.00938247 -0.03570083 0.43529412 0.98823529 0.10196078
v 0.00417027 -0.01335453 -0.03010577 0.43529412 0.98823529 0.10196078
v 0.00532356 -0.01107317 -0.03309397 0.43529412 0.98823529 0.10196078
v 0.00519593 -0.01094898 -0.03372576 0.43529412 0.98823529 0.10196078
v 0.00557533 -0.01033625 -0.03402933 0.43529412 0.98823529 0.10196078
v 0.00595473 -0.00968254 -0.03433289 0.43529412 0.98823529 0.10196078
v 0.00618794 -0.00901874 -0.03468009 0.43529412 0.98823529 0.10196078
v 0.00635618 -0.00838647 -0.03483188 0.43529412 0.98823529 0.10196078
v 0.00715443 -0.00704564 -0.03465733 0.43529412 0.98823529 0.10196078
v 0.00717996 -0.00691452 -0.03468958 0.43529412 0.98823529 0.10196078
v 0.00361103 -0.00838647 -0.03615807 0.43529412 0.98823529 0.10196078
v 0.00366440 -0.00947640 -0.03576154 0.43529412 0.98823529 0.10196078
v 0.00336738 -0.00990380 -0.03559648 0.43529412 0.98823529 0.10196078
v 0.00366440 -0.01029212 -0.03529671 0.43529412 0.98823529 0.10196078
v 0.00361103 -0.01100761 -0.03473132 0.43529412 0.98823529 0.10196078
v 0.00283482 -0.01098050 -0.03469527 0.43529412 0.98823529 0.10196078
v 0.00161888 -0.01335453 -0.03264242 0.43529412 0.98823529 0.10196078
v 0.00135550 -0.01335453 -0.03256274 0.43529412 0.98823529 0.10196078
v 0.00261553 -0.00691452 -0.03602906 0.43529412 0.98823529 0.10196078
v 0.00313533 -0.00691452 -0.03617325 0.43529412 0.98823529 0.10196078
v 0.00361103 -0.00739046 -0.03631744 0.43529412 0.98823529 0.10196078
v 0.00382335 -0.01335453 -0.03110942 0.43529412 0.98823529 0.10196078
v 0.00490471 -0.01073906 -0.03438791 0.43529412 0.98823529 0.10196078
v 0.00529107 -0.01007590 -0.03475788 0.43529412 0.98823529 0.10196078
v 0.00381407 -0.01335453 -0.03113029 0.43529412 0.98823529 0.10196078
v 0.00330820 -0.01335453 -0.03194612 0.43529412 0.98823529 0.10196078
v 0.00328848 -0.01335453 -0.03197458 0.43529412 0.98823529 0.10196078
v 0.00552892 -0.00928350 -0.03505006 0.43529412 0.98823529 0.10196078
v 0.00510427 -0.00888447 -0.03558320 0.43529412 0.98823529 0.10196078
v 0.00572268 -0.00838647 -0.03532896 0.43529412 0.98823529 0.10196078
v 0.00664972 -0.00738289 -0.03495140 0.43529412 0.98823529 0.10196078
v 0.00660795 -0.00691452 -0.03514303 0.43529412 0.98823529 0.10196078
v 0.00460536 -0.00838647 -0.03593230 0.43529412 0.98823529 0.10196078
v 0.00403220 -0.00987102 -0.03557751 0.43529412 0.98823529 0.10196078
v 0.00424104 -0.01094646 -0.03467061 0.43529412 0.98823529 0.10196078
v 0.00261553 -0.01335453 -0.03248305 0.43529412 0.98823529 0.10196078
v 0.00361103 -0.00691452 -0.03627760 0.43529412 0.98823529 0.10196078
v 0.00460536 -0.00691452 -0.03605372 0.43529412 0.98823529 0.10196078
v 0.00460536 -0.00739046 -0.03608028 0.43529412 0.98823529 0.10196078
v 0.00458564 -0.01039550 -0.03493623 0.43529412 0.98823529 0.10196078
v 0.00460536 -0.00962454 -0.03545798 0.43529412 0.98823529 0.10196078
v 0.00309472 -0.01335453 -0.03212257 0.43529412 0.98823529 0.10196078
v 0.00591993 -0.00739046 -0.03548833 0.43529412 0.98823529 0.10196078
v 0.00460536 -0.00912654 -0.03568944 0.43529412 0.98823529 0.10196078
v 0.00522494 -0.00838647 -0.03564581 0.43529412 0.98823529 0.10196078
v 0.00600114 -0.00691452 -0.03553766 0.43529412 0.98823529 0.10196078
v 0.00553704 -0.00691452 -0.03571221 0.43529412 0.98823529 0.10196078
f 3199 3200 3212
f 3199 3212 3201
f 3199 3201 3202
f 3199 3202 3203
f 3199 3203 3204
f 3199 3204 3205
f 3199 3205 3206
f 3199 3206 3207
f 3199 3207 3208
f 3199 3208 3209
f 3199 3209 3210
f 3199 3210 3211
f 3199 3211 3221
f 3199 3221 3236
f 3199 3236 3253
f 3199 3253 3275
f 3199 3275 3289
f 3199 3289 3290
f 3199 3290 3281
f 3199 3281 3280
f 3199 3280 3263
f 3199 3263 3262
f 3199 3262 3241
f 3199 3241 3223
f 3199 3223 3213
f 3199 3213 3200
f 3200 3213 3222
f 3200 3222 3212
f 3201 3212 3222
f 3201 3222 3240
f 3201 3240 3261
f 3201 3261 3260
f 3201 3260 3279
f 3201 3279 3285
f 3201 3285 3270
f 3201 3270 3269
f 3201 3269 3268
f 3201 3268 3265
f 3201 3265 3245
f 3201 3245 3227
f 3201 3227 3214
f 3201 3214 3205
f 3201 3205 3204
f 3201 3204 3203
f 3201 3203 3202
f 3205 3214 3206
f 3206 3214 3215
f 3206 3215 3207
f 3207 3215 3208
f 3208 3216 3217
f 3208 3217 3218
f 3208 3218 3219
f 3208 3219 3209
f 3208 3215 3216
f 3209 3219 3210
f 3210 3219 3220
f 3210 3220 3211
f 3211 3220 3221
f 3213 3223 3224
f 3213 3224 3225
f 3213 3225 3226
f 3213 3226 3222
f 3214 3227 3215
f 3215 3227 3228
f 3215 3228 3216
f 3216 3228 3229
f 3216 3229 3230
f 3216 3230 3231
f 3216 3231 3217
f 3217 3231 3218
f 3218 3231 3232
f 3218 3232 3233
f 3218 3233 3220
f 3218 3220 3219
f 3220 3233 3234
f 3220 3234 3235
f 3220 3235 3236
f 3220 3236 3221
f 3222 3226 3237
f 3222 3237 3238
f 3222 3238 3239
f 3222 3239 3240
f 3223 3241 3242
f 3223 3242 3224
f 3224 3242 3225
f 3225 3242 3243
f 3225 3243 3226
f 3226 3243 3244
f 3226 3244 3237
f 3227 3245 3230
f 3227 3230 3229
f 3227 3229 3228
f 3230 3246 3247
f 3230 3247 3231
f 3230 3245 3246
f 3231 3247 3248
f 3231 3248 3249
f 3231 3249 3232
f 3232 3249 3250
f 3232 3250 3233
f 3233 3250 3234
f 3234 3250 3251
f 3234 3251 3252
f 3234 3252 3235
f 3235 3252 3236
f 3236 3252 3253
f 3237 3244 3238
f 3238 3244 3254
f 3238 3254 3255
f 3238 3255 3256
f 3238 3256 3257
f 3238 3257 3258
f 3238 3258 3259
f 3238 3259 3260
f 3238 3260 3261
f 3238 3261 3240
f 3238 3240 3239
f 3241 3262 3242
f 3242 3262 3263
f 3242 3263 3264
f 3242 3264 3254
f 3242 3254 3243
f 3243 3254 3244
f 3245 3265 3246
f 3246 3265 3247
f 3247 3266 3267
f 3247 3267 3248
f 3247 3265 3268
f 3247 3268 3269
f 3247 3269 3270
f 3247 3270 3266
f 3248 3267 3249
f 3249 3267 3250
f 3250 3267 3271
f 3250 3271 3272
f 3250 3272 3273
f 3250 3273 3251
f 3251 3273 3274
f 3251 3274 3253
f 3251 3253 3252
f 3253 3274 3275
f 3254 3264 3276
f 3254 3276 3277
f 3254 3277 3255
f 3255 3277 3256
f 3256 3277 3257
f 3257 3277 3258
f 3258 3277 3278
f 3258 3278 3279
f 3258 3279 3260
f 3258 3260 3259
f 3263 3280 3264
f 3264 3280 3281
f 3264 3281 3282
f 3264 3282 3276
f 3266 3278 3267
f 3266 3270 3278
f 3267 3283 3284
f 3267 3284 3272
f 3267 3272 3271
f 3267 3278 3283
f 3270 3285 3278
f 3272 3286 3273
f 3272 3284 3287
f 3272 3287 3276
f 3272 3276 3288
f 3272 3288 3286
f 3273 3275 3274
f 3273 3286 3275
f 3275 3286 3289
f 3276 3282 3289
f 3276 3289 3288
f 3276 3287 3277
f 3277 3287 3284
f 3277 3284 3283
f 3277 3283 3278
f 3278 3285 3279
f 3281 3290 3282
f 3282 3290 3289
f 3286 3288 3289

o geometry_18
v -0.00135824 -0.00691452 -0.01693679 0.20784314 0.16078431 0.65098039
v -0.01232611 -0.00691452 -0.01693679 0.20784314 0.16078431 0.65098039
v -0.00135824 -0.01335453 -0.01693679 0.20784314 0.16078431 0.65098039
v -0.00135824 -0.00691452 -0.03347308 0.20784314 0.16078431 0.65098039
v -0.01232611 -0.01335453 -0.01693679 0.20784314 0.16078431 0.65098039
v -0.01232611 -0.00691452 -0.03103861 0.20784314 0.16078431 0.65098039
v -0.00135824 -0.01335453 -0.03122476 0.20784314 0.16078431 0.65098039
v -0.00206796 -0.00691452 -0.03338082 0.20784314 0.16078431 0.65098039
v -0.01232611 -0.01335453 -0.02876762 0.20784314 0.16078431 0.65098039
v -0.01201044 -0.00691452 -0.03117134 0.20784314 0.16078431 0.65098039
v -0.00391472 -0.00691452 -0.03304576 0.20784314 0.16078431 0.65098039
v -0.00297523 -0.00691452 -0.03322543 0.20784314 0.16078431 0.65098039
f 3291 3292 3295
f 3291 3295 3293
f 3291 3293 3297
f 3291 3297 3294
f 3291 3294 3298
f 3291 3298 3302
f 3291 3302 3301
f 3291 3301 3300
f 3291 3300 3296
f 3291 3296 3292
f 3292 3296 3299
f 3292 3299 3295
f 3293 3295 3299
f 3293 3299 3297
f 3294 3297 3298
f 3296 3300 3299
f 3297 3301 3302
f 3297 3302 3298
f 3297 3299 3301
f 3299 3300 3301

o geometry_19
v -0.01232611 -0.00691452 -0.01693834 0.25098039 0.46274510 0.24313725
v -0.01591432 -0.00691452 -0.01693834 0.25098039 0.46274510 0.24313725
v -0.01232611 -0.00890122 -0.01693834 0.25098039 0.46274510 0.24313725
v -0.01232611 -0.00691452 -0.03103830 0.25098039 0.46274510 0.24313725
v -0.01590849 -0.00716713 -0.01693834 0.25098039 0.46274510 0.24313725
v -0.01730505 -0.00691452 -0.02166372 0.25098039 0.46274510 0.24313725
v -0.01568447 -0.00890122 -0.01693834 0.25098039 0.46274510 0.24313725
v -0.01232611 -0.00890122 -0.02995141 0.25098039 0.46274510 0.24313725
v -0.01669968 -0.00691452 -0.03268496 0.25098039 0.46274510 0.24313725
v -0.01589748 -0.00738183 -0.01693834 0.25098039 0.46274510 0.24313725
v -0.01576670 -0.00864160 -0.01693834 0.25098039 0.46274510 0.24313725
v -0.01583533 -0.00818927 -0.01693834 0.25098039 0.46274510 0.24313725
v -0.01875859 -0.00691452 -0.02780097 0.25098039 0.46274510 0.24313725
v -0.01874240 -0.00739058 -0.02785073 0.25098039 0.46274510 0.24313725
v -0.01882139 -0.00802435 -0.02850379 0.25098039 0.46274510 0.24313725
v -0.01851644 -0.00890122 -0.02813061 0.25098039 0.46274510 0.24313725
v -0.01691852 -0.00890122 -0.03104918 0.25098039 0.46274510 0.24313725
v -0.01677155 -0.00691452 -0.03270672 0.25098039 0.46274510 0.24313725
v -0.01865759 -0.00836837 -0.02814927 0.25098039 0.46274510 0.24313725
v -0.01881233 -0.00691452 -0.02806064 0.25098039 0.46274510 0.24313725
v -0.01884470 -0.00739058 -0.02834830 0.25098039 0.46274510 0.24313725
v -0.01892110 -0.00739058 -0.02911021 0.25098039 0.46274510 0.24313725
v -0.01884664 -0.00811673 -0.02911021 0.25098039 0.46274510 0.24313725
v -0.01873593 -0.00861457 -0.02911021 0.25098039 0.46274510 0.24313725
v -0.01864593 -0.00890122 -0.02911021 0.25098039 0.46274510 0.24313725
v -0.01729534 -0.00890122 -0.03108339 0.25098039 0.46274510 0.24313725
v -0.01730246 -0.00691452 -0.03282023 0.25098039 0.46274510 0.24313725
v -0.01884729 -0.00691452 -0.02829854 0.25098039 0.46274510 0.24313725
v -0.01892952 -0.00691452 -0.02911021 0.25098039 0.46274510 0.24313725
v -0.01893988 -0.00691452 -0.03013023 0.25098039 0.46274510 0.24313725
v -0.01883823 -0.00805664 -0.02985812 0.25098039 0.46274510 0.24313725
v -0.01864464 -0.00838762 -0.03015511 0.25098039 0.46274510 0.24313725
v -0.01840055 -0.00890122 -0.03015511 0.25098039 0.46274510 0.24313725
v -0.01797387 -0.00691452 -0.03274404 0.25098039 0.46274510 0.24313725
v -0.01793049 -0.00697441 -0.03269895 0.25098039 0.46274510 0.24313725
v -0.01798229 -0.00890122 -0.03082683 0.25098039 0.46274510 0.24313725
v -0.01888808 -0.00744697 -0.03015511 0.25098039 0.46274510 0.24313725
v -0.01888679 -0.00691452 -0.03101187 0.25098039 0.46274510 0.24313725
v -0.01877866 -0.00781647 -0.03052051 0.25098039 0.46274510 0.24313725
v -0.01878125 -0.00691452 -0.03155609 0.25098039 0.46274510 0.24313725
v -0.01850608 -0.00691452 -0.03207698 0.25098039 0.46274510 0.24313725
v -0.01814674 -0.00890122 -0.03056561 0.25098039 0.46274510 0.24313725
f 3303 3304 3307
f 3303 3307 3312
f 3303 3312 3314
f 3303 3314 3313
f 3303 3313 3309
f 3303 3309 3305
f 3303 3305 3310
f 3303 3310 3306
f 3303 3306 3311
f 3303 3311 3320
f 3303 3320 3329
f 3303 3329 3336
f 3303 3336 3343
f 3303 3343 3342
f 3303 3342 3340
f 3303 3340 3332
f 3303 3332 3331
f 3303 3331 3330
f 3303 3330 3322
f 3303 3322 3315
f 3303 3315 3308
f 3303 3308 3304
f 3304 3308 3307
f 3305 3309 3318
f 3305 3318 3327
f 3305 3327 3335
f 3305 3335 3344
f 3305 3344 3338
f 3305 3338 3328
f 3305 3328 3319
f 3305 3319 3310
f 3306 3310 3311
f 3307 3308 3312
f 3308 3313 3314
f 3308 3314 3312
f 3308 3315 3316
f 3308 3316 3317
f 3308 3317 3313
f 3309 3313 3318
f 3310 3319 3320
f 3310 3320 3311
f 3313 3317 3321
f 3313 3321 3318
f 3315 3322 3316
f 3316 3322 3323
f 3316 3323 3317
f 3317 3323 3324
f 3317 3324 3325
f 3317 3325 3326
f 3317 3326 3318
f 3317 3318 3321
f 3318 3326 3327
f 3319 3328 3329
f 3319 3329 3320
f 3322 3330 3323
f 3323 3330 3331
f 3323 3331 3324
f 3324 3331 3332
f 3324 3332 3333
f 3324 3333 3325
f 3325 3333 3326
f 3326 3333 3327
f 3327 3333 3334
f 3327 3334 3335
f 3328 3336 3337
f 3328 3337 3329
f 3328 3338 3336
f 3329 3337 3336
f 3332 3339 3333
f 3332 3340 3339
f 3333 3339 3340
f 3333 3340 3341
f 3333 3341 3334
f 3334 3341 3335
f 3335 3341 3342
f 3335 3342 3343
f 3335 3343 3344
f 3336 3338 3343
f 3338 3344 3343
f 3340 3342 3341

o geometry_20
v -0.01232611 -0.00890166 -0.01693679 0.15686275 0.10980392 0.65490196
v -0.01568405 -0.00890166 -0.01693679 0.15686275 0.10980392 0.65490196
v -0.01232611 -0.01335410 -0.01693679 0.15686275 0.10980392 0.65490196
v -0.01232611 -0.00890166 -0.02995075 0.15686275 0.10980392 0.65490196
v -0.01564755 -0.00901674 -0.01693679 0.15686275 0.10980392 0.65490196
v -0.01568652 -0.00890166 -0.01694648 0.15686275 0.10980392 0.65490196
v -0.01718175 -0.01137373 -0.02512625 0.15686275 0.10980392 0.65490196
v -0.01346935 -0.01335410 -0.01693679 0.15686275 0.10980392 0.65490196
v -0.01232611 -0.01335410 -0.02876678 0.15686275 0.10980392 0.65490196
v -0.01431563 -0.01335410 -0.02936084 0.15686275 0.10980392 0.65490196
v -0.01432615 -0.01335410 -0.02936361 0.15686275 0.10980392 0.65490196
v -0.01691822 -0.00890166 -0.03105025 0.15686275 0.10980392 0.65490196
v -0.01547495 -0.01037810 -0.01815676 0.15686275 0.10980392 0.65490196
v -0.01551516 -0.00933932 -0.01693679 0.15686275 0.10980392 0.65490196
v -0.01691636 -0.01206597 -0.02512625 0.15686275 0.10980392 0.65490196
v -0.01851614 -0.00890166 -0.02813118 0.15686275 0.10980392 0.65490196
v -0.01743292 -0.01137373 -0.02612189 0.15686275 0.10980392 0.65490196
v -0.01703823 -0.01241557 -0.02612743 0.15686275 0.10980392 0.65490196
v -0.01365803 -0.01309473 -0.01693679 0.15686275 0.10980392 0.65490196
v -0.01349223 -0.01335410 -0.01699356 0.15686275 0.10980392 0.65490196
v -0.01531039 -0.01335410 -0.02934007 0.15686275 0.10980392 0.65490196
v -0.01729558 -0.00890166 -0.03108348 0.15686275 0.10980392 0.65490196
v -0.01382011 -0.01286587 -0.01693679 0.15686275 0.10980392 0.65490196
v -0.01512357 -0.01020243 -0.01693679 0.15686275 0.10980392 0.65490196
v -0.01532895 -0.01137373 -0.01915240 0.15686275 0.10980392 0.65490196
v -0.01389868 -0.01300319 -0.01740760 0.15686275 0.10980392 0.65490196
v -0.01674686 -0.01277825 -0.02579786 0.15686275 0.10980392 0.65490196
v -0.01864544 -0.00890166 -0.02911020 0.15686275 0.10980392 0.65490196
v -0.01838870 -0.00938247 -0.02811456 0.15686275 0.10980392 0.65490196
v -0.01721887 -0.01236936 -0.02711753 0.15686275 0.10980392 0.65490196
v -0.01757830 -0.01137373 -0.02711753 0.15686275 0.10980392 0.65490196
v -0.01685388 -0.01294913 -0.02646254 0.15686275 0.10980392 0.65490196
v -0.01354606 -0.01335410 -0.01713065 0.15686275 0.10980392 0.65490196
v -0.01353801 -0.01335410 -0.01710988 0.15686275 0.10980392 0.65490196
v -0.01532400 -0.01335410 -0.02933730 0.15686275 0.10980392 0.65490196
v -0.01694605 -0.00995221 -0.03064036 0.15686275 0.10980392 0.65490196
v -0.01761046 -0.00977741 -0.03051989 0.15686275 0.10980392 0.65490196
v -0.01794081 -0.00911351 -0.03073452 0.15686275 0.10980392 0.65490196
v -0.01798226 -0.00890166 -0.03082592 0.15686275 0.10980392 0.65490196
v -0.01389806 -0.01335410 -0.01815676 0.15686275 0.10980392 0.65490196
v -0.01651796 -0.01331486 -0.02612743 0.15686275 0.10980392 0.65490196
v -0.01649322 -0.01335410 -0.02612743 0.15686275 0.10980392 0.65490196
v -0.01840046 -0.00890166 -0.03015570 0.15686275 0.10980392 0.65490196
v -0.01849449 -0.00938247 -0.02911020 0.15686275 0.10980392 0.65490196
v -0.01781771 -0.01090905 -0.02867677 0.15686275 0.10980392 0.65490196
v -0.01717000 -0.01236936 -0.02811456 0.15686275 0.10980392 0.65490196
v -0.01690089 -0.01303152 -0.02711753 0.15686275 0.10980392 0.65490196
v -0.01669798 -0.01335410 -0.02711753 0.15686275 0.10980392 0.65490196
v -0.01675428 -0.01183798 -0.02957825 0.15686275 0.10980392 0.65490196
v -0.01617462 -0.01335410 -0.02885125 0.15686275 0.10980392 0.65490196
v -0.01795999 -0.01010958 -0.02985659 0.15686275 0.10980392 0.65490196
v -0.01620555 -0.01335410 -0.02882910 0.15686275 0.10980392 0.65490196
v -0.01680934 -0.01287459 -0.02862000 0.15686275 0.10980392 0.65490196
v -0.01815362 -0.00942039 -0.03015570 0.15686275 0.10980392 0.65490196
v -0.01814682 -0.00890166 -0.03056558 0.15686275 0.10980392 0.65490196
v -0.01801629 -0.01041646 -0.02904927 0.15686275 0.10980392 0.65490196
v -0.01686749 -0.01297572 -0.02811456 0.15686275 0.10980392 0.65490196
v -0.01667633 -0.01335410 -0.02743326 0.15686275 0.10980392 0.65490196
v -0.01657240 -0.01335410 -0.02821426 0.15686275 0.10980392 0.65490196
v -0.01659838 -0.01335410 -0.02811456 0.15686275 0.10980392 0.65490196
f 3345 3346 3349
f 3345 3349 3358
f 3345 3358 3368
f 3345 3368 3367
f 3345 3367 3363
f 3345 3363 3352
f 3345 3352 3347
f 3345 3347 3353
f 3345 3353 3348
f 3345 3348 3356
f 3345 3356 3366
f 3345 3366 3383
f 3345 3383 3399
f 3345 3399 3387
f 3345 3387 3372
f 3345 3372 3360
f 3345 3360 3350
f 3345 3350 3346
f 3346 3350 3351
f 3346 3351 3349
f 3347 3352 3364
f 3347 3364 3378
f 3347 3378 3377
f 3347 3377 3384
f 3347 3384 3386
f 3347 3386 3392
f 3347 3392 3402
f 3347 3402 3404
f 3347 3404 3403
f 3347 3403 3396
f 3347 3396 3394
f 3347 3394 3379
f 3347 3379 3365
f 3347 3365 3355
f 3347 3355 3354
f 3347 3354 3353
f 3348 3353 3354
f 3348 3354 3355
f 3348 3355 3356
f 3349 3357 3358
f 3349 3351 3359
f 3349 3359 3357
f 3350 3360 3351
f 3351 3360 3361
f 3351 3361 3362
f 3351 3362 3359
f 3352 3363 3364
f 3355 3365 3366
f 3355 3366 3356
f 3357 3367 3368
f 3357 3368 3358
f 3357 3359 3369
f 3357 3369 3367
f 3359 3370 3367
f 3359 3367 3369
f 3359 3362 3371
f 3359 3371 3370
f 3360 3372 3373
f 3360 3373 3361
f 3361 3374 3362
f 3361 3373 3375
f 3361 3375 3374
f 3362 3374 3376
f 3362 3376 3371
f 3363 3367 3370
f 3363 3370 3377
f 3363 3377 3378
f 3363 3378 3364
f 3365 3379 3366
f 3366 3380 3381
f 3366 3381 3382
f 3366 3382 3383
f 3366 3379 3380
f 3370 3384 3377
f 3370 3371 3385
f 3370 3385 3386
f 3370 3386 3384
f 3371 3376 3385
f 3372 3387 3388
f 3372 3388 3373
f 3373 3388 3375
f 3374 3389 3390
f 3374 3390 3391
f 3374 3391 3376
f 3374 3375 3388
f 3374 3388 3389
f 3376 3391 3392
f 3376 3392 3386
f 3376 3386 3385
f 3379 3393 3381
f 3379 3381 3380
f 3379 3394 3393
f 3381 3395 3382
f 3381 3393 3394
f 3381 3394 3396
f 3381 3396 3397
f 3381 3397 3395
f 3382 3395 3398
f 3382 3398 3399
f 3382 3399 3383
f 3387 3399 3398
f 3387 3398 3395
f 3387 3395 3388
f 3388 3395 3400
f 3388 3400 3389
f 3389 3400 3390
f 3390 3400 3401
f 3390 3401 3391
f 3391 3401 3402
f 3391 3402 3392
f 3395 3397 3400
f 3396 3403 3397
f 3397 3403 3404
f 3397 3404 3401
f 3397 3401 3400
f 3401 3404 3402

o geometry_21
v 0.00543872 -0.01335494 -0.01693679 0.13725490 0.19607843 0.36862745
v 0.00540702 -0.01358918 -0.01693679 0.13725490 0.19607843 0.36862745
v 0.00542775 -0.01335494 -0.01717201 0.13725490 0.19607843 0.36862745
v -0.00701806 -0.01335494 -0.01693679 0.13725490 0.19607843 0.36862745
v 0.00524972 -0.01438508 -0.01693679 0.13725490 0.19607843 0.36862745
v 0.00535093 -0.01336567 -0.01815747 0.13725490 0.19607843 0.36862745
v 0.00535215 -0.01335494 -0.01816823 0.13725490 0.19607843 0.36862745
v -0.00701806 -0.01752373 -0.01693679 0.13725490 0.19607843 0.36862745
v -0.00701806 -0.01335494 -0.02914053 0.13725490 0.19607843 0.36862745
v 0.00521558 -0.01452034 -0.01693679 0.13725490 0.19607843 0.36862745
v 0.00452056 -0.01335494 -0.02812739 0.13725490 0.19607843 0.36862745
v 0.00452178 -0.01335494 -0.02811355 0.13725490 0.19607843 0.36862745
v -0.00701806 -0.01756703 -0.01706900 0.13725490 0.19607843 0.36862745
v -0.00690588 -0.01756744 -0.01693679 0.13725490 0.19607843 0.36862745
v -0.00635840 -0.01335494 -0.02999992 0.13725490 0.19607843 0.36862745
v -0.00701806 -0.01335824 -0.02983696 0.13725490 0.19607843 0.36862745
v 0.00517168 -0.01467828 -0.01693679 0.13725490 0.19607843 0.36862745
v 0.00335243 -0.01756744 -0.02711887 0.13725490 0.19607843 0.36862745
v 0.00325000 -0.01756744 -0.02796597 0.13725490 0.19607843 0.36862745
v 0.00437302 -0.01335494 -0.02928350 0.13725490 0.19607843 0.36862745
v -0.00701562 -0.01756744 -0.01706900 0.13725490 0.19607843 0.36862745
v -0.00701806 -0.01756744 -0.01714126 0.13725490 0.19607843 0.36862745
v 0.00368043 -0.01756744 -0.01693679 0.13725490 0.19607843 0.36862745
v 0.00135393 -0.01335494 -0.03256274 0.13725490 0.19607843 0.36862745
v -0.00701806 -0.01732084 -0.02867162 0.13725490 0.19607843 0.36862745
v 0.00510950 -0.01487499 -0.01693679 0.13725490 0.19607843 0.36862745
v 0.00336706 -0.01756744 -0.02689902 0.13725490 0.19607843 0.36862745
v 0.00323171 -0.01756744 -0.02809049 0.13725490 0.19607843 0.36862745
v 0.00416939 -0.01335494 -0.03010600 0.13725490 0.19607843 0.36862745
v -0.00701806 -0.01756744 -0.02853633 0.13725490 0.19607843 0.36862745
v 0.00385358 -0.01732208 -0.01693679 0.13725490 0.19607843 0.36862745
v 0.00367677 -0.01756744 -0.01714741 0.13725490 0.19607843 0.36862745
v 0.00161853 -0.01335494 -0.03264268 0.13725490 0.19607843 0.36862745
v -0.00627670 -0.01756744 -0.02872236 0.13725490 0.19607843 0.36862745
v 0.00090033 -0.01502427 -0.03168490 0.13725490 0.19607843 0.36862745
v 0.00501927 -0.01508778 -0.01693679 0.13725490 0.19607843 0.36862745
v 0.00490831 -0.01534140 -0.01693679 0.13725490 0.19607843 0.36862745
v 0.00438765 -0.01639421 -0.01693679 0.13725490 0.19607843 0.36862745
v 0.00422060 -0.01669773 -0.01693679 0.13725490 0.19607843 0.36862745
v 0.00402185 -0.01705485 -0.01693679 0.13725490 0.19607843 0.36862745
v 0.00392430 -0.01721815 -0.01693679 0.13725490 0.19607843 0.36862745
v 0.00317318 -0.01756744 -0.02831649 0.13725490 0.19607843 0.36862745
v 0.00383773 -0.01335494 -0.03106533 0.13725490 0.19607843 0.36862745
v 0.00300857 -0.01756744 -0.02884535 0.13725490 0.19607843 0.36862745
v 0.00261351 -0.01335494 -0.03248279 0.13725490 0.19607843 0.36862745
v 0.00161853 -0.01436157 -0.03210767 0.13725490 0.19607843 0.36862745
v 0.00084790 -0.01698598 -0.03067483 0.13725490 0.19607843 0.36862745
v 0.00057355 -0.01756744 -0.03032738 0.13725490 0.19607843 0.36862745
v 0.00382187 -0.01335494 -0.03110838 0.13725490 0.19607843 0.36862745
v 0.00295005 -0.01756744 -0.02899294 0.13725490 0.19607843 0.36862745
v 0.00381334 -0.01335494 -0.03113144 0.13725490 0.19607843 0.36862745
v 0.00224039 -0.01497932 -0.03167106 0.13725490 0.19607843 0.36862745
v 0.00328658 -0.01335494 -0.03197546 0.13725490 0.19607843 0.36862745
v 0.00207700 -0.01683423 -0.03059181 0.13725490 0.19607843 0.36862745
v 0.00161853 -0.01507294 -0.03171718 0.13725490 0.19607843 0.36862745
v 0.00141368 -0.01698598 -0.03067483 0.13725490 0.19607843 0.36862745
v 0.00167096 -0.01756744 -0.03026896 0.13725490 0.19607843 0.36862745
v 0.00285981 -0.01756744 -0.02914206 0.13725490 0.19607843 0.36862745
v 0.00302564 -0.01571089 -0.03047344 0.13725490 0.19607843 0.36862745
v 0.00306954 -0.01675917 -0.02949413 0.13725490 0.19607843 0.36862745
v 0.00330731 -0.01335494 -0.03194625 0.13725490 0.19607843 0.36862745
v 0.00235623 -0.01756744 -0.02986002 0.13725490 0.19607843 0.36862745
v 0.00187703 -0.01756744 -0.03016442 0.13725490 0.19607843 0.36862745
v 0.00243305 -0.01756744 -0.02975855 0.13725490 0.19607843 0.36862745
f 3405 3406 3407
f 3405 3407 3411
f 3405 3411 3416
f 3405 3416 3415
f 3405 3415 3424
f 3405 3424 3433
f 3405 3433 3447
f 3405 3447 3453
f 3405 3453 3455
f 3405 3455 3465
f 3405 3465 3457
f 3405 3457 3449
f 3405 3449 3437
f 3405 3437 3428
f 3405 3428 3419
f 3405 3419 3413
f 3405 3413 3408
f 3405 3408 3412
f 3405 3412 3418
f 3405 3418 3427
f 3405 3427 3435
f 3405 3435 3445
f 3405 3445 3444
f 3405 3444 3443
f 3405 3443 3442
f 3405 3442 3441
f 3405 3441 3440
f 3405 3440 3430
f 3405 3430 3421
f 3405 3421 3414
f 3405 3414 3409
f 3405 3409 3406
f 3406 3409 3410
f 3406 3410 3411
f 3406 3411 3407
f 3408 3413 3420
f 3408 3420 3429
f 3408 3429 3434
f 3408 3434 3426
f 3408 3426 3417
f 3408 3417 3412
f 3409 3414 3415
f 3409 3415 3416
f 3409 3416 3410
f 3410 3416 3411
f 3412 3417 3418
f 3413 3419 3420
f 3414 3421 3415
f 3415 3421 3422
f 3415 3422 3423
f 3415 3423 3424
f 3417 3425 3418
f 3417 3426 3425
f 3418 3425 3426
f 3418 3426 3434
f 3418 3434 3438
f 3418 3438 3452
f 3418 3452 3461
f 3418 3461 3467
f 3418 3467 3466
f 3418 3466 3468
f 3418 3468 3462
f 3418 3462 3454
f 3418 3454 3448
f 3418 3448 3446
f 3418 3446 3432
f 3418 3432 3423
f 3418 3423 3422
f 3418 3422 3431
f 3418 3431 3436
f 3418 3436 3427
f 3419 3428 3420
f 3420 3428 3429
f 3421 3430 3422
f 3422 3430 3431
f 3423 3432 3424
f 3424 3432 3433
f 3427 3436 3435
f 3428 3437 3429
f 3429 3438 3434
f 3429 3437 3439
f 3429 3439 3438
f 3430 3440 3431
f 3431 3440 3441
f 3431 3441 3442
f 3431 3442 3443
f 3431 3443 3444
f 3431 3444 3445
f 3431 3445 3435
f 3431 3435 3436
f 3432 3446 3433
f 3433 3446 3448
f 3433 3448 3447
f 3437 3449 3450
f 3437 3450 3451
f 3437 3451 3439
f 3438 3439 3452
f 3439 3451 3452
f 3447 3448 3453
f 3448 3454 3455
f 3448 3455 3453
f 3449 3456 3450
f 3449 3457 3458
f 3449 3458 3456
f 3450 3456 3459
f 3450 3459 3460
f 3450 3460 3451
f 3451 3460 3452
f 3452 3460 3461
f 3454 3462 3463
f 3454 3463 3464
f 3454 3464 3455
f 3455 3463 3465
f 3455 3464 3463
f 3456 3458 3461
f 3456 3461 3460
f 3456 3460 3459
f 3457 3465 3463
f 3457 3463 3466
f 3457 3466 3458
f 3458 3467 3461
f 3458 3466 3467
f 3462 3468 3463
f 3463 3468 3466

o geometry_22
v -0.00701806 -0.01335494 -0.01693679 0.81960784 0.09411765 0.83529412
v -0.01346897 -0.01335494 -0.01693679 0.81960784 0.09411765 0.83529412
v -0.00701806 -0.01752373 -0.01693679 0.81960784 0.09411765 0.83529412
v -0.00701806 -0.01335494 -0.02914192 0.81960784 0.09411765 0.83529412
v -0.01349171 -0.01335494 -0.01699364 0.81960784 0.09411765 0.83529412
v -0.01295350 -0.01401187 -0.01693679 0.81960784 0.09411765 0.83529412
v -0.00833042 -0.01709980 -0.01693679 0.81960784 0.09411765 0.83529412
v -0.00701806 -0.01756703 -0.01706944 0.81960784 0.09411765 0.83529412
v -0.00701806 -0.01335824 -0.02983676 0.81960784 0.09411765 0.83529412
v -0.00733833 -0.01335494 -0.02975970 0.81960784 0.09411765 0.83529412
v -0.01354572 -0.01335494 -0.01713134 0.81960784 0.09411765 0.83529412
v -0.01250531 -0.01455911 -0.01716040 0.81960784 0.09411765 0.83529412
v -0.01245225 -0.01449931 -0.01693679 0.81960784 0.09411765 0.83529412
v -0.01368596 -0.01368568 -0.01815718 0.81960784 0.09411765 0.83529412
v -0.01379019 -0.01481643 -0.02072681 0.81960784 0.09411765 0.83529412
v -0.01376555 -0.01578430 -0.02275953 0.81960784 0.09411765 0.83529412
v -0.01281327 -0.01584698 -0.02066617 0.81960784 0.09411765 0.83529412
v -0.00892642 -0.01690062 -0.01693679 0.81960784 0.09411765 0.83529412
v -0.00921922 -0.01756744 -0.01939525 0.81960784 0.09411765 0.83529412
v -0.00824419 -0.01756744 -0.01836436 0.81960784 0.09411765 0.83529412
v -0.00709481 -0.01756744 -0.01716040 0.81960784 0.09411765 0.83529412
v -0.00701806 -0.01756744 -0.01714145 0.81960784 0.09411765 0.83529412
v -0.00701806 -0.01337268 -0.02983297 0.81960784 0.09411765 0.83529412
v -0.00979912 -0.01756744 -0.02962326 0.81960784 0.09411765 0.83529412
v -0.01034964 -0.01756744 -0.02978749 0.81960784 0.09411765 0.83529412
v -0.01111905 -0.01756744 -0.02984182 0.81960784 0.09411765 0.83529412
v -0.01530911 -0.01335494 -0.02934027 0.81960784 0.09411765 0.83529412
v -0.01389726 -0.01335494 -0.01815718 0.81960784 0.09411765 0.83529412
v -0.01200690 -0.01501726 -0.01716040 0.81960784 0.09411765 0.83529412
v -0.01207607 -0.01484530 -0.01693679 0.81960784 0.09411765 0.83529412
v -0.01269577 -0.01572533 -0.02014820 0.81960784 0.09411765 0.83529412
v -0.01219831 -0.01619008 -0.02014820 0.81960784 0.09411765 0.83529412
v -0.01558768 -0.01434508 -0.02509418 0.81960784 0.09411765 0.83529412
v -0.01506085 -0.01515912 -0.02512703 0.81960784 0.09411765 0.83529412
v -0.01388778 -0.01594595 -0.02342152 0.81960784 0.09411765 0.83529412
v -0.01333631 -0.01636699 -0.02310442 0.81960784 0.09411765 0.83529412
v -0.01290802 -0.01692041 -0.02344678 0.81960784 0.09411765 0.83529412
v -0.01107830 -0.01556615 -0.01693679 0.81960784 0.09411765 0.83529412
v -0.01087648 -0.01687670 -0.01959233 0.81960784 0.09411765 0.83529412
v -0.01056284 -0.01756744 -0.02108181 0.81960784 0.09411765 0.83529412
v -0.01036006 -0.01756744 -0.02080767 0.81960784 0.09411765 0.83529412
v -0.00983323 -0.01756744 -0.02014820 0.81960784 0.09411765 0.83529412
v -0.00701806 -0.01756744 -0.02853679 0.81960784 0.09411765 0.83529412
v -0.00701806 -0.01732084 -0.02867196 0.81960784 0.09411765 0.83529412
v -0.00740466 -0.01756744 -0.02874271 0.81960784 0.09411765 0.83529412
v -0.01282748 -0.01685938 -0.02961063 0.81960784 0.09411765 0.83529412
v -0.01201259 -0.01756744 -0.02970411 0.81960784 0.09411765 0.83529412
v -0.01532332 -0.01335494 -0.02933775 0.81960784 0.09411765 0.83529412
v -0.01649354 -0.01335494 -0.02612633 0.81960784 0.09411765 0.83529412
v -0.01184013 -0.01503994 -0.01693679 0.81960784 0.09411765 0.83529412
v -0.01194247 -0.01496035 -0.01693679 0.81960784 0.09411765 0.83529412
v -0.01199837 -0.01600245 -0.01934219 0.81960784 0.09411765 0.83529412
v -0.01176622 -0.01681814 -0.02074829 0.81960784 0.09411765 0.83529412
v -0.01569950 -0.01466633 -0.02612254 0.81960784 0.09411765 0.83529412
v -0.01514328 -0.01541810 -0.02615412 0.81960784 0.09411765 0.83529412
v -0.01475289 -0.01579048 -0.02584334 0.81960784 0.09411765 0.83529412
v -0.01400054 -0.01607874 -0.02413025 0.81960784 0.09411765 0.83529412
v -0.01353909 -0.01657649 -0.02413025 0.81960784 0.09411765 0.83529412
v -0.01304162 -0.01703712 -0.02413025 0.81960784 0.09411765 0.83529412
v -0.01278105 -0.01756744 -0.02512703 0.81960784 0.09411765 0.83529412
v -0.01234139 -0.01756744 -0.02420352 0.81960784 0.09411765 0.83529412
v -0.01230159 -0.01756744 -0.02412014 0.81960784 0.09411765 0.83529412
v -0.01156724 -0.01668783 -0.02014820 0.81960784 0.09411765 0.83529412
v -0.01120243 -0.01756744 -0.02210006 0.81960784 0.09411765 0.83529412
v -0.01213956 -0.01756744 -0.02965990 0.81960784 0.09411765 0.83529412
v -0.01254132 -0.01756744 -0.02946913 0.81960784 0.09411765 0.83529412
v -0.01260670 -0.01752332 -0.02944765 0.81960784 0.09411765 0.83529412
v -0.01412657 -0.01635297 -0.02891074 0.81960784 0.09411765 0.83529412
v -0.01617422 -0.01335494 -0.02885136 0.81960784 0.09411765 0.83529412
v -0.01669726 -0.01335494 -0.02711805 0.81960784 0.09411765 0.83529412
v -0.01124507 -0.01756744 -0.02217334 0.81960784 0.09411765 0.83529412
v -0.01658735 -0.01352980 -0.02711805 0.81960784 0.09411765 0.83529412
v -0.01608988 -0.01427374 -0.02711805 0.81960784 0.09411765 0.83529412
v -0.01575256 -0.01477148 -0.02711805 0.81960784 0.09411765 0.83529412
v -0.01534132 -0.01535748 -0.02711805 0.81960784 0.09411765 0.83529412
v -0.01489882 -0.01596368 -0.02711805 0.81960784 0.09411765 0.83529412
v -0.01484386 -0.01588987 -0.02650786 0.81960784 0.09411765 0.83529412
v -0.01379587 -0.01683010 -0.02569174 0.81960784 0.09411765 0.83529412
v -0.01415120 -0.01624410 -0.02512703 0.81960784 0.09411765 0.83529412
v -0.01370775 -0.01674185 -0.02512703 0.81960784 0.09411765 0.83529412
v -0.01320934 -0.01719341 -0.02512703 0.81960784 0.09411765 0.83529412
v -0.01305963 -0.01756744 -0.02594694 0.81960784 0.09411765 0.83529412
v -0.01312122 -0.01756744 -0.02895874 0.81960784 0.09411765 0.83529412
v -0.01392190 -0.01698021 -0.02873639 0.81960784 0.09411765 0.83529412
v -0.01620549 -0.01335494 -0.02882862 0.81960784 0.09411765 0.83529412
v -0.01667642 -0.01335494 -0.02743389 0.81960784 0.09411765 0.83529412
v -0.01489597 -0.01596533 -0.02788111 0.81960784 0.09411765 0.83529412
v -0.01447905 -0.01646184 -0.02711805 0.81960784 0.09411765 0.83529412
v -0.01400623 -0.01706970 -0.02811357 0.81960784 0.09411765 0.83529412
v -0.01388778 -0.01692330 -0.02635626 0.81960784 0.09411765 0.83529412
v -0.01398064 -0.01702722 -0.02711805 0.81960784 0.09411765 0.83529412
v -0.01347371 -0.01752497 -0.02711805 0.81960784 0.09411765 0.83529412
v -0.01342822 -0.01756744 -0.02711805 0.81960784 0.09411765 0.83529412
v -0.01315343 -0.01756744 -0.02623119 0.81960784 0.09411765 0.83529412
v -0.01355140 -0.01756744 -0.02811609 0.81960784 0.09411765 0.83529412
v -0.01478890 -0.01580863 -0.02854563 0.81960784 0.09411765 0.83529412
v -0.01657219 -0.01335494 -0.02821463 0.81960784 0.09411765 0.83529412
v -0.01659872 -0.01335494 -0.02811357 0.81960784 0.09411765 0.83529412
v -0.01355046 -0.01756744 -0.02810093 0.81960784 0.09411765 0.83529412
v -0.01343959 -0.01756744 -0.02719891 0.81960784 0.09411765 0.83529412
f 3469 3470 3474
f 3469 3474 3481
f 3469 3481 3498
f 3469 3498 3519
f 3469 3519 3518
f 3469 3518 3506
f 3469 3506 3486
f 3469 3486 3475
f 3469 3475 3471
f 3469 3471 3476
f 3469 3476 3490
f 3469 3490 3511
f 3469 3511 3512
f 3469 3512 3491
f 3469 3491 3477
f 3469 3477 3472
f 3469 3472 3478
f 3469 3478 3495
f 3469 3495 3516
f 3469 3516 3537
f 3469 3537 3553
f 3469 3553 3565
f 3469 3565 3566
f 3469 3566 3554
f 3469 3554 3538
f 3469 3538 3517
f 3469 3517 3496
f 3469 3496 3479
f 3469 3479 3473
f 3469 3473 3470
f 3470 3473 3474
f 3471 3475 3476
f 3472 3477 3478
f 3473 3479 3474
f 3474 3480 3481
f 3474 3479 3482
f 3474 3482 3483
f 3474 3483 3484
f 3474 3484 3485
f 3474 3485 3480
f 3475 3486 3487
f 3475 3487 3488
f 3475 3488 3476
f 3476 3488 3489
f 3476 3489 3490
f 3477 3491 3492
f 3477 3492 3493
f 3477 3493 3494
f 3477 3494 3495
f 3477 3495 3478
f 3479 3496 3482
f 3480 3497 3498
f 3480 3498 3481
f 3480 3485 3499
f 3480 3499 3500
f 3480 3500 3497
f 3482 3496 3501
f 3482 3501 3502
f 3482 3502 3483
f 3483 3503 3484
f 3483 3502 3503
f 3484 3503 3485
f 3485 3503 3504
f 3485 3504 3505
f 3485 3505 3500
f 3485 3500 3499
f 3486 3506 3507
f 3486 3507 3508
f 3486 3508 3509
f 3486 3509 3510
f 3486 3510 3487
f 3487 3510 3509
f 3487 3509 3508
f 3487 3508 3532
f 3487 3532 3539
f 3487 3539 3530
f 3487 3530 3529
f 3487 3529 3528
f 3487 3528 3550
f 3487 3550 3562
f 3487 3562 3561
f 3487 3561 3568
f 3487 3568 3567
f 3487 3567 3563
f 3487 3563 3551
f 3487 3551 3534
f 3487 3534 3533
f 3487 3533 3515
f 3487 3515 3494
f 3487 3494 3493
f 3487 3493 3492
f 3487 3492 3513
f 3487 3513 3511
f 3487 3511 3490
f 3487 3490 3489
f 3487 3489 3488
f 3491 3512 3513
f 3491 3513 3492
f 3494 3514 3495
f 3494 3515 3514
f 3495 3514 3516
f 3496 3517 3501
f 3497 3518 3519
f 3497 3519 3498
f 3497 3500 3520
f 3497 3520 3521
f 3497 3521 3518
f 3500 3521 3520
f 3500 3505 3521
f 3501 3517 3522
f 3501 3522 3502
f 3502 3522 3523
f 3502 3523 3524
f 3502 3524 3525
f 3502 3525 3503
f 3503 3525 3526
f 3503 3526 3504
f 3504 3526 3505
f 3505 3526 3527
f 3505 3527 3528
f 3505 3528 3529
f 3505 3529 3530
f 3505 3530 3521
f 3506 3518 3531
f 3506 3531 3507
f 3507 3531 3521
f 3507 3521 3508
f 3508 3521 3532
f 3511 3513 3512
f 3514 3515 3533
f 3514 3533 3534
f 3514 3534 3535
f 3514 3535 3536
f 3514 3536 3537
f 3514 3537 3516
f 3517 3538 3522
f 3518 3521 3531
f 3521 3530 3539
f 3521 3539 3532
f 3522 3538 3540
f 3522 3540 3541
f 3522 3541 3542
f 3522 3542 3543
f 3522 3543 3544
f 3522 3544 3523
f 3523 3544 3545
f 3523 3545 3524
f 3524 3545 3546
f 3524 3546 3547
f 3524 3547 3525
f 3525 3548 3526
f 3525 3547 3548
f 3526 3548 3527
f 3527 3548 3549
f 3527 3549 3528
f 3528 3549 3550
f 3534 3551 3552
f 3534 3552 3535
f 3535 3552 3536
f 3536 3553 3537
f 3536 3552 3553
f 3538 3554 3540
f 3540 3554 3555
f 3540 3555 3541
f 3541 3555 3542
f 3542 3555 3543
f 3543 3555 3544
f 3544 3556 3545
f 3544 3555 3557
f 3544 3557 3556
f 3545 3558 3546
f 3545 3556 3559
f 3545 3559 3558
f 3546 3558 3560
f 3546 3560 3561
f 3546 3561 3562
f 3546 3562 3549
f 3546 3549 3548
f 3546 3548 3547
f 3549 3562 3550
f 3551 3563 3552
f 3552 3563 3557
f 3552 3557 3555
f 3552 3555 3564
f 3552 3564 3565
f 3552 3565 3553
f 3554 3566 3555
f 3555 3566 3565
f 3555 3565 3564
f 3556 3557 3559
f 3557 3567 3559
f 3557 3563 3567
f 3558 3559 3560
f 3559 3567 3560
f 3560 3567 3568
f 3560 3568 3561

o geometry_23
v -0.00830935 -0.02060839 -0.03048993 0.09411765 0.97254902 0.46666667
v -0.00535134 -0.02207015 -0.02978037 0.09411765 0.97254902 0.46666667
v -0.00634795 -0.02199309 -0.02976496 0.09411765 0.97254902 0.46666667
v -0.00705054 -0.02190017 -0.02969236 0.09411765 0.97254902 0.46666667
v -0.00833990 -0.02060839 -0.03048333 0.09411765 0.97254902 0.46666667
v -0.00712182 -0.02060839 -0.03033151 0.09411765 0.97254902 0.46666667
v -0.00085706 -0.02182062 -0.02961095 0.09411765 0.97254902 0.46666667
v -0.00085706 -0.02184672 -0.02961095 0.09411765 0.97254902 0.46666667
v -0.00137000 -0.02235977 -0.02947564 0.09411765 0.97254902 0.46666667
v -0.00236533 -0.02310339 -0.02893769 0.09411765 0.97254902 0.46666667
v -0.00037339 -0.02315560 -0.02894759 0.09411765 0.97254902 0.46666667
v -0.00137000 -0.02315404 -0.02897730 0.09411765 0.97254902 0.46666667
v -0.00435601 -0.02297909 -0.02885409 0.09411765 0.97254902 0.46666667
v -0.00510442 -0.02290793 -0.02876168 0.09411765 0.97254902 0.46666667
v -0.00771495 -0.02178457 -0.02936233 0.09411765 0.97254902 0.46666667
v -0.00903612 -0.02097476 -0.02983317 0.09411765 0.97254902 0.46666667
v -0.00833990 -0.02115438 -0.03000699 0.09411765 0.97254902 0.46666667
v -0.00924995 -0.02060839 -0.03005209 0.09411765 0.97254902 0.46666667
v 0.00062195 -0.02060839 -0.02915221 0.09411765 0.97254902 0.46666667
v 0.00157146 -0.02060839 -0.02882108 0.09411765 0.97254902 0.46666667
v 0.00062195 -0.02232838 -0.02902570 0.09411765 0.97254902 0.46666667
v -0.00046376 -0.02223827 -0.02943054 0.09411765 0.97254902 0.46666667
v -0.00137000 -0.02361240 -0.02811372 0.09411765 0.97254902 0.46666667
v 0.00062195 -0.02299307 -0.02876828 0.09411765 0.97254902 0.46666667
v 0.00062195 -0.02340855 -0.02811372 0.09411765 0.97254902 0.46666667
v -0.00037339 -0.02364751 -0.02811372 0.09411765 0.97254902 0.46666667
v -0.00236533 -0.02348872 -0.02811372 0.09411765 0.97254902 0.46666667
v -0.00335940 -0.02334360 -0.02811372 0.09411765 0.97254902 0.46666667
v -0.00435601 -0.02317486 -0.02811372 0.09411765 0.97254902 0.46666667
v -0.00521261 -0.02295796 -0.02811372 0.09411765 0.97254902 0.46666667
v -0.00571027 -0.02277307 -0.02811372 0.09411765 0.97254902 0.46666667
v -0.00787278 -0.02184486 -0.02869897 0.09411765 0.97254902 0.46666667
v -0.00825844 -0.02159564 -0.02906200 0.09411765 0.97254902 0.46666667
v -0.00915449 -0.02107327 -0.02911041 0.09411765 0.97254902 0.46666667
v -0.00965216 -0.02068297 -0.02911041 0.09411765 0.97254902 0.46666667
v -0.00974253 -0.02060839 -0.02911041 0.09411765 0.97254902 0.46666667
v -0.00970307 -0.02060839 -0.02920392 0.09411765 0.97254902 0.46666667
v 0.00171529 -0.02060839 -0.02872647 0.09411765 0.97254902 0.46666667
v 0.00123799 -0.02232838 -0.02869017 0.09411765 0.97254902 0.46666667
v 0.00113744 -0.02284454 -0.02862637 0.09411765 0.97254902 0.46666667
v -0.00037339 -0.02378269 -0.02711814 0.09411765 0.97254902 0.46666667
v -0.00137000 -0.02368635 -0.02711814 0.09411765 0.97254902 0.46666667
v 0.00062195 -0.02368480 -0.02711814 0.09411765 0.97254902 0.46666667
v 0.00133727 -0.02301110 -0.02811372 0.09411765 0.97254902 0.46666667
v 0.00168220 -0.02316150 -0.02712144 0.09411765 0.97254902 0.46666667
v -0.00508151 -0.02292005 -0.02739206 0.09411765 0.97254902 0.46666667
v -0.00236533 -0.02349680 -0.02711814 0.09411765 0.97254902 0.46666667
v -0.00335940 -0.02329077 -0.02711814 0.09411765 0.97254902 0.46666667
v -0.00787278 -0.02184486 -0.02854496 0.09411765 0.97254902 0.46666667
v -0.00909976 -0.02103722 -0.02811372 0.09411765 0.97254902 0.46666667
v -0.00959743 -0.02065532 -0.02811372 0.09411765 0.97254902 0.46666667
v -0.00965853 -0.02060839 -0.02811372 0.09411765 0.97254902 0.46666667
v 0.00196985 -0.02060839 -0.02855816 0.09411765 0.97254902 0.46666667
v 0.00199913 -0.02063481 -0.02853286 0.09411765 0.97254902 0.46666667
v 0.00188330 -0.02133275 -0.02843275 0.09411765 0.97254902 0.46666667
v 0.00225242 -0.02207730 -0.02778920 0.09411765 0.97254902 0.46666667
v 0.00205640 -0.02274106 -0.02745587 0.09411765 0.97254902 0.46666667
v 0.00062195 -0.02362110 -0.02612255 0.09411765 0.97254902 0.46666667
v -0.00037339 -0.02361209 -0.02612255 0.09411765 0.97254902 0.46666667
v 0.00161856 -0.02328114 -0.02612255 0.09411765 0.97254902 0.46666667
v 0.00217223 -0.02288369 -0.02679251 0.09411765 0.97254902 0.46666667
v -0.00438019 -0.02302664 -0.02708294 0.09411765 0.97254902 0.46666667
v -0.00472767 -0.02277679 -0.02672761 0.09411765 0.97254902 0.46666667
v -0.00538953 -0.02265063 -0.02708294 0.09411765 0.97254902 0.46666667
v -0.00641541 -0.02214442 -0.02705874 0.09411765 0.97254902 0.46666667
v -0.00705181 -0.02193280 -0.02735136 0.09411765 0.97254902 0.46666667
v -0.00771495 -0.02176904 -0.02788050 0.09411765 0.97254902 0.46666667
v -0.00137000 -0.02340917 -0.02612255 0.09411765 0.97254902 0.46666667
v -0.00406326 -0.02289923 -0.02649879 0.09411765 0.97254902 0.46666667
v -0.00825844 -0.02155742 -0.02817313 0.09411765 0.97254902 0.46666667
v -0.00896484 -0.02092691 -0.02745587 0.09411765 0.97254902 0.46666667
v -0.00924359 -0.02060839 -0.02718745 0.09411765 0.97254902 0.46666667
v 0.00203477 -0.02060839 -0.02850206 0.09411765 0.97254902 0.46666667
v 0.00242043 -0.02060839 -0.02809942 0.09411765 0.97254902 0.46666667
v 0.00237588 -0.02133275 -0.02793551 0.09411765 0.97254902 0.46666667
v 0.00287737 -0.02126127 -0.02703783 0.09411765 0.97254902 0.46666667
v 0.00238733 -0.02237686 -0.02712144 0.09411765 0.97254902 0.46666667
v 0.00062195 -0.02332713 -0.02512697 0.09411765 0.97254902 0.46666667
v 0.00165547 -0.02305118 -0.02512697 0.09411765 0.97254902 0.46666667
v -0.00037339 -0.02324043 -0.02512697 0.09411765 0.97254902 0.46666667
v 0.00219769 -0.02290607 -0.02612255 0.09411765 0.97254902 0.46666667
v 0.00216841 -0.02287530 -0.02545810 0.09411765 0.97254902 0.46666667
v 0.00260371 -0.02232838 -0.02612255 0.09411765 0.97254902 0.46666667
v -0.00536662 -0.02060839 -0.02303459 0.09411765 0.97254902 0.46666667
v -0.00539844 -0.02165592 -0.02510497 0.09411765 0.97254902 0.46666667
v -0.00575991 -0.02179638 -0.02569242 0.09411765 0.97254902 0.46666667
v -0.00612775 -0.02196325 -0.02635688 0.09411765 0.97254902 0.46666667
v -0.00679089 -0.02180384 -0.02668690 0.09411765 0.97254902 0.46666667
v -0.00736747 -0.02164132 -0.02705874 0.09411765 0.97254902 0.46666667
v -0.00427582 -0.02060839 -0.02227993 0.09411765 0.97254902 0.46666667
v -0.00092197 -0.02285044 -0.02459122 0.09411765 0.97254902 0.46666667
v 0.00062195 -0.02060839 -0.01925137 0.09411765 0.97254902 0.46666667
v -0.00037848 -0.02060839 -0.01986412 0.09411765 0.97254902 0.46666667
v -0.00636322 -0.02060839 -0.02396087 0.09411765 0.97254902 0.46666667
v 0.00294864 -0.02060839 -0.02719185 0.09411765 0.97254902 0.46666667
v 0.00312302 -0.02088154 -0.02665170 0.09411765 0.97254902 0.46666667
v 0.00302119 -0.02150770 -0.02612255 0.09411765 0.97254902 0.46666667
v 0.00134872 -0.02292564 -0.02447572 0.09411765 0.97254902 0.46666667
v 0.00201313 -0.02277338 -0.02479584 0.09411765 0.97254902 0.46666667
v 0.00246116 -0.02239613 -0.02512697 0.09411765 0.97254902 0.46666667
v 0.00239624 -0.02212982 -0.02413139 0.09411765 0.97254902 0.46666667
v 0.00300719 -0.02156829 -0.02512697 0.09411765 0.97254902 0.46666667
v -0.00548880 -0.02060839 -0.02314350 0.09411765 0.97254902 0.46666667
v 0.00144927 -0.02098781 -0.02034046 0.09411765 0.97254902 0.46666667
v 0.00168983 -0.02060839 -0.01982562 0.09411765 0.97254902 0.46666667
v 0.00305047 -0.02060839 -0.02695423 0.09411765 0.97254902 0.46666667
v 0.00313702 -0.02060839 -0.02670451 0.09411765 0.97254902 0.46666667
v 0.00321339 -0.02060839 -0.02612255 0.09411765 0.97254902 0.46666667
v 0.00316247 -0.02100988 -0.02612255 0.09411765 0.97254902 0.46666667
v 0.00319048 -0.02107016 -0.02512697 0.09411765 0.97254902 0.46666667
v 0.00211241 -0.02083306 -0.02064959 0.09411765 0.97254902 0.46666667
v 0.00224860 -0.02195020 -0.02338772 0.09411765 0.97254902 0.46666667
v 0.00289391 -0.02143560 -0.02413139 0.09411765 0.97254902 0.46666667
v 0.00243443 -0.02116059 -0.02214022 0.09411765 0.97254902 0.46666667
v 0.00227278 -0.02098191 -0.02131405 0.09411765 0.97254902 0.46666667
v 0.00315102 -0.02093747 -0.02413139 0.09411765 0.97254902 0.46666667
v 0.00311665 -0.02084456 -0.02360884 0.09411765 0.97254902 0.46666667
v 0.00178657 -0.02060839 -0.01993893 0.09411765 0.97254902 0.46666667
v 0.00325921 -0.02060839 -0.02512697 0.09411765 0.97254902 0.46666667
v 0.00320702 -0.02060839 -0.02413139 0.09411765 0.97254902 0.46666667
v 0.00222314 -0.02060839 -0.02047357 0.09411765 0.97254902 0.46666667
v 0.00304665 -0.02065096 -0.02294439 0.09411765 0.97254902 0.46666667
v 0.00302119 -0.02060839 -0.02276837 0.09411765 0.97254902 0.46666667
v 0.00282518 -0.02060839 -0.02214022 0.09411765 0.97254902 0.46666667
v 0.00249934 -0.02060839 -0.02120734 0.09411765 0.97254902 0.46666667
v 0.00314466 -0.02060839 -0.02343173 0.09411765 0.97254902 0.46666667
v 0.00305301 -0.02060839 -0.02289488 0.09411765 0.97254902 0.46666667
f 3569 3570 3571
f 3569 3571 3572
f 3569 3572 3573
f 3569 3573 3586
f 3569 3586 3605
f 3569 3605 3604
f 3569 3604 3620
f 3569 3620 3640
f 3569 3640 3662
f 3569 3662 3671
f 3569 3671 3652
f 3569 3652 3658
f 3569 3658 3661
f 3569 3661 3660
f 3569 3660 3673
f 3569 3673 3686
f 3569 3686 3689
f 3569 3689 3693
f 3569 3693 3692
f 3569 3692 3691
f 3569 3691 3695
f 3569 3695 3694
f 3569 3694 3688
f 3569 3688 3687
f 3569 3687 3676
f 3569 3676 3675
f 3569 3675 3674
f 3569 3674 3663
f 3569 3663 3642
f 3569 3642 3641
f 3569 3641 3621
f 3569 3621 3606
f 3569 3606 3588
f 3569 3588 3587
f 3569 3587 3574
f 3569 3574 3575
f 3569 3575 3576
f 3569 3576 3577
f 3569 3577 3570
f 3570 3578 3571
f 3570 3577 3579
f 3570 3579 3580
f 3570 3580 3578
f 3571 3578 3581
f 3571 3581 3582
f 3571 3582 3572
f 3572 3583 3584
f 3572 3584 3585
f 3572 3585 3573
f 3572 3582 3583
f 3573 3585 3586
f 3574 3587 3575
f 3575 3587 3576
f 3576 3587 3588
f 3576 3588 3589
f 3576 3589 3590
f 3576 3590 3577
f 3577 3590 3579
f 3578 3580 3591
f 3578 3591 3581
f 3579 3592 3593
f 3579 3593 3594
f 3579 3594 3580
f 3579 3590 3592
f 3580 3594 3591
f 3581 3591 3595
f 3581 3595 3582
f 3582 3595 3596
f 3582 3596 3597
f 3582 3597 3598
f 3582 3598 3599
f 3582 3599 3600
f 3582 3600 3583
f 3583 3600 3601
f 3583 3601 3584
f 3584 3602 3603
f 3584 3603 3604
f 3584 3604 3605
f 3584 3605 3586
f 3584 3586 3585
f 3584 3601 3602
f 3588 3606 3607
f 3588 3607 3589
f 3589 3607 3608
f 3589 3608 3592
f 3589 3592 3590
f 3591 3594 3609
f 3591 3609 3610
f 3591 3610 3595
f 3592 3608 3593
f 3593 3611 3594
f 3593 3608 3612
f 3593 3612 3613
f 3593 3613 3611
f 3594 3611 3609
f 3595 3610 3596
f 3596 3610 3597
f 3597 3614 3598
f 3597 3610 3615
f 3597 3615 3616
f 3597 3616 3614
f 3598 3614 3599
f 3599 3617 3600
f 3599 3614 3617
f 3600 3617 3602
f 3600 3602 3601
f 3602 3618 3619
f 3602 3619 3620
f 3602 3620 3603
f 3602 3617 3618
f 3603 3620 3604
f 3606 3621 3607
f 3607 3621 3622
f 3607 3622 3623
f 3607 3623 3608
f 3608 3623 3624
f 3608 3624 3625
f 3608 3625 3612
f 3609 3611 3626
f 3609 3626 3627
f 3609 3627 3610
f 3610 3627 3615
f 3611 3613 3628
f 3611 3628 3626
f 3612 3625 3613
f 3613 3625 3629
f 3613 3629 3628
f 3614 3616 3630
f 3614 3630 3631
f 3614 3631 3632
f 3614 3632 3633
f 3614 3633 3634
f 3614 3634 3635
f 3614 3635 3617
f 3615 3627 3636
f 3615 3636 3616
f 3616 3636 3637
f 3616 3637 3630
f 3617 3635 3638
f 3617 3638 3618
f 3618 3639 3619
f 3618 3638 3639
f 3619 3639 3620
f 3620 3639 3640
f 3621 3641 3622
f 3622 3641 3642
f 3622 3642 3643
f 3622 3643 3623
f 3623 3643 3624
f 3624 3643 3644
f 3624 3644 3645
f 3624 3645 3625
f 3625 3645 3629
f 3626 3646 3627
f 3626 3628 3647
f 3626 3647 3646
f 3627 3646 3648
f 3627 3648 3636
f 3628 3629 3649
f 3628 3649 3650
f 3628 3650 3647
f 3629 3645 3651
f 3629 3651 3649
f 3630 3637 3631
f 3631 3652 3653
f 3631 3653 3654
f 3631 3654 3655
f 3631 3655 3632
f 3631 3637 3652
f 3632 3655 3656
f 3632 3656 3633
f 3633 3656 3634
f 3634 3656 3657
f 3634 3657 3639
f 3634 3639 3635
f 3635 3639 3638
f 3636 3648 3637
f 3637 3658 3652
f 3637 3648 3659
f 3637 3659 3660
f 3637 3660 3661
f 3637 3661 3658
f 3639 3657 3656
f 3639 3656 3662
f 3639 3662 3640
f 3642 3663 3643
f 3643 3663 3644
f 3644 3663 3664
f 3644 3664 3665
f 3644 3665 3645
f 3645 3665 3651
f 3646 3660 3648
f 3646 3647 3666
f 3646 3666 3660
f 3647 3650 3667
f 3647 3667 3666
f 3648 3660 3659
f 3649 3651 3650
f 3650 3651 3668
f 3650 3668 3669
f 3650 3669 3667
f 3651 3665 3670
f 3651 3670 3668
f 3652 3671 3654
f 3652 3654 3653
f 3654 3671 3655
f 3655 3671 3662
f 3655 3662 3656
f 3660 3666 3672
f 3660 3672 3673
f 3663 3674 3664
f 3664 3674 3675
f 3664 3675 3676
f 3664 3676 3677
f 3664 3677 3665
f 3665 3677 3678
f 3665 3678 3670
f 3666 3667 3679
f 3666 3679 3672
f 3667 3669 3680
f 3667 3680 3679
f 3668 3670 3681
f 3668 3681 3669
f 3669 3681 3682
f 3669 3682 3683
f 3669 3683 3680
f 3670 3678 3684
f 3670 3684 3685
f 3670 3685 3681
f 3672 3679 3673
f 3673 3679 3686
f 3676 3687 3677
f 3677 3687 3678
f 3678 3687 3688
f 3678 3688 3684
f 3679 3680 3683
f 3679 3683 3689
f 3679 3689 3686
f 3681 3685 3690
f 3681 3690 3691
f 3681 3691 3692
f 3681 3692 3682
f 3682 3692 3683
f 3683 3692 3693
f 3683 3693 3689
f 3684 3688 3694
f 3684 3694 3685
f 3685 3694 3695
f 3685 3695 3690
f 3690 3695 3691

o geometry_24
v 0.00368133 -0.01756774 -0.01693679 0.97647059 0.60392157 0.73725490
v 0.00367680 -0.01756774 -0.01714782 0.97647059 0.60392157 0.73725490
v -0.00404548 -0.01756774 -0.01693679 0.97647059 0.60392157 0.73725490
v 0.00333115 -0.01814372 -0.01693679 0.97647059 0.60392157 0.73725490
v 0.00305357 -0.02060809 -0.02289561 0.97647059 0.60392157 0.73725490
v 0.00314433 -0.02060809 -0.02343172 0.97647059 0.60392157 0.73725490
v 0.00320786 -0.02060809 -0.02413037 0.97647059 0.60392157 0.73725490
v 0.00326005 -0.02060809 -0.02512656 0.97647059 0.60392157 0.73725490
v 0.00330089 -0.02033662 -0.02512656 0.97647059 0.60392157 0.73725490
v 0.00336670 -0.01756774 -0.02690006 0.97647059 0.60392157 0.73725490
v -0.00404548 -0.01881883 -0.01693679 0.97647059 0.60392157 0.73725490
v -0.00404548 -0.01756774 -0.02920834 0.97647059 0.60392157 0.73725490
v 0.00301802 -0.01852979 -0.01693679 0.97647059 0.60392157 0.73725490
v 0.00302180 -0.02060809 -0.02276847 0.97647059 0.60392157 0.73725490
v 0.00321316 -0.02060809 -0.02612276 0.97647059 0.60392157 0.73725490
v 0.00324719 -0.02033662 -0.02612276 0.97647059 0.60392157 0.73725490
v 0.00335232 -0.01756774 -0.02711765 0.97647059 0.60392157 0.73725490
v -0.00096413 -0.01987018 -0.01758562 0.97647059 0.60392157 0.73725490
v -0.00133626 -0.01949215 -0.01693679 0.97647059 0.60392157 0.73725490
v -0.00404548 -0.01997020 -0.02028846 0.97647059 0.60392157 0.73725490
v -0.00335645 -0.01756774 -0.02938792 0.97647059 0.60392157 0.73725490
v -0.00404548 -0.02060809 -0.02940103 0.97647059 0.60392157 0.73725490
v 0.00288869 -0.01864172 -0.01693679 0.97647059 0.60392157 0.73725490
v 0.00222386 -0.02060809 -0.02047328 0.97647059 0.60392157 0.73725490
v 0.00249917 -0.02060809 -0.02120732 0.97647059 0.60392157 0.73725490
v 0.00274195 -0.02060809 -0.02190204 0.97647059 0.60392157 0.73725490
v 0.00282515 -0.02060809 -0.02214060 0.97647059 0.60392157 0.73725490
v 0.00313677 -0.02060809 -0.02670475 0.97647059 0.60392157 0.73725490
v 0.00323207 -0.01756774 -0.02809025 0.97647059 0.60392157 0.73725490
v 0.00324946 -0.01756774 -0.02796572 0.97647059 0.60392157 0.73725490
v -0.00037267 -0.02042295 -0.01915201 0.97647059 0.60392157 0.73725490
v -0.00037267 -0.02013629 -0.01815713 0.97647059 0.60392157 0.73725490
v -0.00037267 -0.01991126 -0.01750174 0.97647059 0.60392157 0.73725490
v -0.00037267 -0.01965229 -0.01693679 0.97647059 0.60392157 0.73725490
v -0.00404548 -0.02060809 -0.02221138 0.97647059 0.60392157 0.73725490
v 0.00057351 -0.01756774 -0.03032644 0.97647059 0.60392157 0.73725490
v -0.00039536 -0.02060809 -0.02925422 0.97647059 0.60392157 0.73725490
v 0.00239025 -0.01905845 -0.01693679 0.97647059 0.60392157 0.73725490
v 0.00178745 -0.02060809 -0.01993979 0.97647059 0.60392157 0.73725490
v 0.00176022 -0.01940672 -0.01693679 0.97647059 0.60392157 0.73725490
v 0.00305130 -0.02060809 -0.02695380 0.97647059 0.60392157 0.73725490
v 0.00308760 -0.01776182 -0.02850707 0.97647059 0.60392157 0.73725490
v 0.00317383 -0.01756774 -0.02831701 0.97647059 0.60392157 0.73725490
v -0.00037721 -0.02060809 -0.01986508 0.97647059 0.60392157 0.73725490
v 0.00062268 -0.02060809 -0.01925163 0.97647059 0.60392157 0.73725490
v 0.00062268 -0.02017707 -0.01815713 0.97647059 0.60392157 0.73725490
v 0.00062268 -0.01991632 -0.01749518 0.97647059 0.60392157 0.73725490
v -0.00029326 -0.01965289 -0.01693679 0.97647059 0.60392157 0.73725490
v 0.00167021 -0.01756774 -0.03026877 0.97647059 0.60392157 0.73725490
v 0.00062268 -0.02060809 -0.02915198 0.97647059 0.60392157 0.73725490
v 0.00169064 -0.02060809 -0.01982575 0.97647059 0.60392157 0.73725490
v 0.00158626 -0.01946982 -0.01693679 0.97647059 0.60392157 0.73725490
v 0.00121489 -0.01987703 -0.01757514 0.97647059 0.60392157 0.73725490
v 0.00294919 -0.02060809 -0.02719105 0.97647059 0.60392157 0.73725490
v 0.00294995 -0.01756774 -0.02899207 0.97647059 0.60392157 0.73725490
v 0.00300894 -0.01756774 -0.02884526 0.97647059 0.60392157 0.73725490
v 0.00062268 -0.01965646 -0.01693679 0.97647059 0.60392157 0.73725490
v 0.00187745 -0.01756774 -0.03016522 0.97647059 0.60392157 0.73725490
v 0.00157189 -0.02060809 -0.02882035 0.97647059 0.60392157 0.73725490
v 0.00069377 -0.01964544 -0.01693679 0.97647059 0.60392157 0.73725490
v 0.00242051 -0.02060809 -0.02809942 0.97647059 0.60392157 0.73725490
v 0.00285994 -0.01756774 -0.02914281 0.97647059 0.60392157 0.73725490
v 0.00235622 -0.01756774 -0.02985981 0.97647059 0.60392157 0.73725490
v 0.00222915 -0.01802168 -0.02971562 0.97647059 0.60392157 0.73725490
v 0.00171559 -0.02060809 -0.02872598 0.97647059 0.60392157 0.73725490
v 0.00203553 -0.02060809 -0.02850183 0.97647059 0.60392157 0.73725490
v 0.00243337 -0.01756774 -0.02975756 0.97647059 0.60392157 0.73725490
v 0.00196973 -0.02060809 -0.02855820 0.97647059 0.60392157 0.73725490
f 3696 3697 3705
f 3696 3705 3712
f 3696 3712 3725
f 3696 3725 3724
f 3696 3724 3738
f 3696 3738 3751
f 3696 3751 3750
f 3696 3750 3757
f 3696 3757 3762
f 3696 3762 3758
f 3696 3758 3753
f 3696 3753 3744
f 3696 3744 3731
f 3696 3731 3716
f 3696 3716 3707
f 3696 3707 3698
f 3696 3698 3706
f 3696 3706 3714
f 3696 3714 3729
f 3696 3729 3743
f 3696 3743 3752
f 3696 3752 3755
f 3696 3755 3747
f 3696 3747 3735
f 3696 3735 3733
f 3696 3733 3718
f 3696 3718 3708
f 3696 3708 3699
f 3696 3699 3700
f 3696 3700 3701
f 3696 3701 3702
f 3696 3702 3703
f 3696 3703 3704
f 3696 3704 3697
f 3697 3704 3705
f 3698 3707 3717
f 3698 3717 3730
f 3698 3730 3715
f 3698 3715 3706
f 3699 3708 3709
f 3699 3709 3700
f 3700 3709 3722
f 3700 3722 3721
f 3700 3721 3720
f 3700 3720 3719
f 3700 3719 3734
f 3700 3734 3746
f 3700 3746 3740
f 3700 3740 3739
f 3700 3739 3730
f 3700 3730 3717
f 3700 3717 3732
f 3700 3732 3745
f 3700 3745 3754
f 3700 3754 3760
f 3700 3760 3763
f 3700 3763 3761
f 3700 3761 3756
f 3700 3756 3749
f 3700 3749 3736
f 3700 3736 3723
f 3700 3723 3710
f 3700 3710 3703
f 3700 3703 3702
f 3700 3702 3701
f 3703 3710 3704
f 3704 3710 3711
f 3704 3711 3705
f 3705 3711 3712
f 3706 3713 3714
f 3706 3715 3713
f 3707 3716 3717
f 3708 3718 3719
f 3708 3719 3720
f 3708 3720 3721
f 3708 3721 3722
f 3708 3722 3709
f 3710 3723 3711
f 3711 3723 3724
f 3711 3724 3725
f 3711 3725 3712
f 3713 3726 3727
f 3713 3727 3728
f 3713 3728 3729
f 3713 3729 3714
f 3713 3715 3730
f 3713 3730 3726
f 3716 3731 3717
f 3717 3731 3732
f 3718 3733 3719
f 3719 3733 3735
f 3719 3735 3734
f 3723 3736 3737
f 3723 3737 3738
f 3723 3738 3724
f 3726 3739 3740
f 3726 3740 3727
f 3726 3730 3739
f 3727 3740 3728
f 3728 3740 3741
f 3728 3741 3742
f 3728 3742 3729
f 3729 3742 3743
f 3731 3744 3732
f 3732 3744 3745
f 3734 3735 3746
f 3735 3747 3748
f 3735 3748 3746
f 3736 3749 3750
f 3736 3750 3751
f 3736 3751 3737
f 3737 3751 3738
f 3740 3746 3748
f 3740 3748 3741
f 3741 3748 3742
f 3742 3748 3752
f 3742 3752 3743
f 3744 3753 3754
f 3744 3754 3745
f 3747 3755 3748
f 3748 3755 3752
f 3749 3756 3750
f 3750 3756 3757
f 3753 3758 3759
f 3753 3759 3754
f 3754 3759 3760
f 3756 3761 3758
f 3756 3758 3762
f 3756 3762 3757
f 3758 3761 3763
f 3758 3763 3759
f 3759 3763 3760

o geometry_25
v -0.00404641 -0.01756774 -0.01693679 0.03529412 0.28235294 0.11764706
v -0.00690701 -0.01756774 -0.01693679 0.03529412 0.28235294 0.11764706
v -0.00404641 -0.01881883 -0.01693679 0.03529412 0.28235294 0.11764706
v -0.00404641 -0.01756774 -0.02920892 0.03529412 0.28235294 0.11764706
v -0.00656735 -0.01871732 -0.01892523 0.03529412 0.28235294 0.11764706
v -0.00512960 -0.01845151 -0.01693679 0.03529412 0.28235294 0.11764706
v -0.00921763 -0.01756774 -0.01939579 0.03529412 0.28235294 0.11764706
v -0.00889286 -0.01886913 -0.02158186 0.03529412 0.28235294 0.11764706
v -0.00415715 -0.01879204 -0.01693679 0.03529412 0.28235294 0.11764706
v -0.00575960 -0.01981630 -0.02071334 0.03529412 0.28235294 0.11764706
v -0.00509610 -0.01989400 -0.02052109 0.03529412 0.28235294 0.11764706
v -0.00404641 -0.01997020 -0.02028850 0.03529412 0.28235294 0.11764706
v -0.00404641 -0.02060809 -0.02940117 0.03529412 0.28235294 0.11764706
v -0.00780966 -0.01980499 -0.03062059 0.03529412 0.28235294 0.11764706
v -0.00834009 -0.01963562 -0.03066630 0.03529412 0.28235294 0.11764706
v -0.01034828 -0.01756774 -0.02978703 0.03529412 0.28235294 0.11764706
v -0.00690328 -0.01886884 -0.01958938 0.03529412 0.28235294 0.11764706
v -0.00590384 -0.01886348 -0.01860390 0.03529412 0.28235294 0.11764706
v -0.00439352 -0.01872090 -0.01693679 0.03529412 0.28235294 0.11764706
v -0.00983274 -0.01756774 -0.02014868 0.03529412 0.28235294 0.11764706
v -0.00960847 -0.01871673 -0.02213980 0.03529412 0.28235294 0.11764706
v -0.00911061 -0.01898552 -0.02213980 0.03529412 0.28235294 0.11764706
v -0.00836150 -0.01968950 -0.02308495 0.03529412 0.28235294 0.11764706
v -0.00777058 -0.01981184 -0.02271926 0.03529412 0.28235294 0.11764706
v -0.00634866 -0.01933796 -0.02014868 0.03529412 0.28235294 0.11764706
v -0.00425114 -0.01876614 -0.01693679 0.03529412 0.28235294 0.11764706
v -0.00710615 -0.01992584 -0.02238046 0.03529412 0.28235294 0.11764706
v -0.00610485 -0.01991989 -0.02137750 0.03529412 0.28235294 0.11764706
v -0.00549067 -0.02060809 -0.02314276 0.03529412 0.28235294 0.11764706
v -0.00536783 -0.02060809 -0.02303521 0.03529412 0.28235294 0.11764706
v -0.00539761 -0.02000889 -0.02108576 0.03529412 0.28235294 0.11764706
v -0.00628073 -0.01897064 -0.01921563 0.03529412 0.28235294 0.11764706
v -0.00427720 -0.02060809 -0.02227963 0.03529412 0.28235294 0.11764706
v -0.00424090 -0.02060809 -0.02226484 0.03529412 0.28235294 0.11764706
v -0.00404641 -0.02060809 -0.02221106 0.03529412 0.28235294 0.11764706
v -0.00517427 -0.02060809 -0.02974401 0.03529412 0.28235294 0.11764706
v -0.00780966 -0.01998627 -0.03062059 0.03529412 0.28235294 0.11764706
v -0.00834009 -0.02008539 -0.03066630 0.03529412 0.28235294 0.11764706
v -0.00907432 -0.01960169 -0.03067168 0.03529412 0.28235294 0.11764706
v -0.01111786 -0.01756774 -0.02984215 0.03529412 0.28235294 0.11764706
v -0.01035945 -0.01756774 -0.02080745 0.03529412 0.28235294 0.11764706
v -0.01056138 -0.01756774 -0.02108172 0.03529412 0.28235294 0.11764706
v -0.00980947 -0.01883014 -0.02268834 0.03529412 0.28235294 0.11764706
v -0.00870767 -0.01978475 -0.02383516 0.03529412 0.28235294 0.11764706
v -0.00804417 -0.01991275 -0.02338342 0.03529412 0.28235294 0.11764706
v -0.00924368 -0.02060809 -0.02718821 0.03529412 0.28235294 0.11764706
v -0.00740114 -0.02003241 -0.02308495 0.03529412 0.28235294 0.11764706
v -0.00636355 -0.02060809 -0.02396019 0.03529412 0.28235294 0.11764706
v -0.00712197 -0.02060809 -0.03033153 0.03529412 0.28235294 0.11764706
v -0.00907432 -0.02001991 -0.03067168 0.03529412 0.28235294 0.11764706
v -0.00834009 -0.02058309 -0.03050497 0.03529412 0.28235294 0.11764706
v -0.01201215 -0.01756774 -0.02970368 0.03529412 0.28235294 0.11764706
v -0.01120162 -0.01756774 -0.02210082 0.03529412 0.28235294 0.11764706
v -0.01037061 -0.01818956 -0.02214518 0.03529412 0.28235294 0.11764706
v -0.01124442 -0.01756774 -0.02217341 0.03529412 0.28235294 0.11764706
v -0.01197213 -0.01796006 -0.02442940 0.03529412 0.28235294 0.11764706
v -0.01214057 -0.01810681 -0.02512583 0.03529412 0.28235294 0.11764706
v -0.01131608 -0.01863934 -0.02507205 0.03529412 0.28235294 0.11764706
v -0.01166318 -0.01875483 -0.02612206 0.03529412 0.28235294 0.11764706
v -0.00965965 -0.02060809 -0.02811454 0.03529412 0.28235294 0.11764706
v -0.00831125 -0.02060809 -0.03048883 0.03529412 0.28235294 0.11764706
v -0.00834009 -0.02060809 -0.03048346 0.03529412 0.28235294 0.11764706
v -0.00924927 -0.02060809 -0.03005189 0.03529412 0.28235294 0.11764706
v -0.00938699 -0.02037145 -0.03019305 0.03529412 0.28235294 0.11764706
v -0.01008306 -0.02005950 -0.02989055 0.03529412 0.28235294 0.11764706
v -0.01101085 -0.01907512 -0.02976552 0.03529412 0.28235294 0.11764706
v -0.01254165 -0.01756774 -0.02946974 0.03529412 0.28235294 0.11764706
v -0.01213964 -0.01756774 -0.02965931 0.03529412 0.28235294 0.11764706
v -0.01230156 -0.01756774 -0.02412018 0.03529412 0.28235294 0.11764706
v -0.01230807 -0.01756774 -0.02413362 0.03529412 0.28235294 0.11764706
v -0.01263936 -0.01769157 -0.02512583 0.03529412 0.28235294 0.11764706
v -0.01276312 -0.01779307 -0.02580343 0.03529412 0.28235294 0.11764706
v -0.01238810 -0.01820385 -0.02613013 0.03529412 0.28235294 0.11764706
v -0.01179346 -0.01882389 -0.02677143 0.03529412 0.28235294 0.11764706
v -0.01224665 -0.01854349 -0.02710889 0.03529412 0.28235294 0.11764706
v -0.01305346 -0.01804877 -0.02811454 0.03529412 0.28235294 0.11764706
v -0.00974247 -0.02060809 -0.02910943 0.03529412 0.28235294 0.11764706
v -0.00970339 -0.02060809 -0.02920354 0.03529412 0.28235294 0.11764706
v -0.01025243 -0.02018481 -0.02910943 0.03529412 0.28235294 0.11764706
v -0.01297529 -0.01798060 -0.02878273 0.03529412 0.28235294 0.11764706
v -0.01312140 -0.01756774 -0.02895885 0.03529412 0.28235294 0.11764706
v -0.01234157 -0.01756774 -0.02420353 0.03529412 0.28235294 0.11764706
v -0.01278081 -0.01756774 -0.02512583 0.03529412 0.28235294 0.11764706
v -0.01305905 -0.01756774 -0.02594728 0.03529412 0.28235294 0.11764706
v -0.01315397 -0.01756774 -0.02623096 0.03529412 0.28235294 0.11764706
v -0.01287107 -0.01789547 -0.02646758 0.03529412 0.28235294 0.11764706
v -0.01297529 -0.01798477 -0.02711830 0.03529412 0.28235294 0.11764706
v -0.01343965 -0.01756774 -0.02719897 0.03529412 0.28235294 0.11764706
v -0.01355225 -0.01756804 -0.02811454 0.03529412 0.28235294 0.11764706
v -0.01355132 -0.01756774 -0.02811588 0.03529412 0.28235294 0.11764706
v -0.01321445 -0.01756774 -0.02642591 0.03529412 0.28235294 0.11764706
v -0.01342756 -0.01756774 -0.02711830 0.03529412 0.28235294 0.11764706
v -0.01355039 -0.01756774 -0.02810109 0.03529412 0.28235294 0.11764706
f 3764 3765 3769
f 3764 3769 3782
f 3764 3782 3789
f 3764 3789 3772
f 3764 3772 3766
f 3764 3766 3775
f 3764 3775 3798
f 3764 3798 3776
f 3764 3776 3767
f 3764 3767 3779
f 3764 3779 3803
f 3764 3803 3815
f 3764 3815 3831
f 3764 3831 3830
f 3764 3830 3844
f 3764 3844 3853
f 3764 3853 3856
f 3764 3856 3851
f 3764 3851 3855
f 3764 3855 3854
f 3764 3854 3848
f 3764 3848 3847
f 3764 3847 3846
f 3764 3846 3845
f 3764 3845 3833
f 3764 3833 3832
f 3764 3832 3818
f 3764 3818 3816
f 3764 3816 3805
f 3764 3805 3804
f 3764 3804 3783
f 3764 3783 3770
f 3764 3770 3765
f 3765 3768 3769
f 3765 3770 3771
f 3765 3771 3768
f 3766 3772 3773
f 3766 3773 3774
f 3766 3774 3775
f 3767 3776 3777
f 3767 3777 3778
f 3767 3778 3779
f 3768 3780 3781
f 3768 3781 3769
f 3768 3771 3780
f 3769 3781 3773
f 3769 3773 3782
f 3770 3783 3784
f 3770 3784 3771
f 3771 3784 3785
f 3771 3785 3786
f 3771 3786 3787
f 3771 3787 3788
f 3771 3788 3780
f 3772 3789 3773
f 3773 3787 3790
f 3773 3790 3791
f 3773 3791 3792
f 3773 3792 3793
f 3773 3793 3794
f 3773 3794 3774
f 3773 3789 3782
f 3773 3781 3795
f 3773 3795 3788
f 3773 3788 3787
f 3774 3794 3796
f 3774 3796 3775
f 3775 3796 3797
f 3775 3797 3798
f 3776 3799 3800
f 3776 3800 3777
f 3776 3798 3797
f 3776 3797 3796
f 3776 3796 3793
f 3776 3793 3792
f 3776 3792 3811
f 3776 3811 3809
f 3776 3809 3823
f 3776 3823 3840
f 3776 3840 3841
f 3776 3841 3826
f 3776 3826 3825
f 3776 3825 3824
f 3776 3824 3812
f 3776 3812 3799
f 3777 3800 3801
f 3777 3801 3778
f 3778 3801 3813
f 3778 3813 3802
f 3778 3802 3803
f 3778 3803 3779
f 3780 3788 3795
f 3780 3795 3781
f 3783 3804 3784
f 3784 3804 3805
f 3784 3805 3806
f 3784 3806 3785
f 3785 3806 3807
f 3785 3807 3786
f 3786 3807 3808
f 3786 3808 3787
f 3787 3808 3809
f 3787 3809 3810
f 3787 3810 3790
f 3790 3810 3811
f 3790 3811 3791
f 3791 3811 3792
f 3793 3796 3794
f 3799 3812 3800
f 3800 3812 3801
f 3801 3812 3814
f 3801 3814 3813
f 3802 3815 3803
f 3802 3813 3815
f 3805 3816 3817
f 3805 3817 3806
f 3806 3817 3816
f 3806 3816 3818
f 3806 3818 3819
f 3806 3819 3820
f 3806 3820 3821
f 3806 3821 3822
f 3806 3822 3809
f 3806 3809 3807
f 3807 3809 3808
f 3809 3822 3823
f 3809 3811 3810
f 3812 3824 3814
f 3813 3814 3825
f 3813 3825 3826
f 3813 3826 3827
f 3813 3827 3828
f 3813 3828 3829
f 3813 3829 3830
f 3813 3830 3831
f 3813 3831 3815
f 3814 3824 3825
f 3818 3832 3819
f 3819 3832 3820
f 3820 3832 3833
f 3820 3833 3834
f 3820 3834 3835
f 3820 3835 3836
f 3820 3836 3822
f 3820 3822 3821
f 3822 3836 3837
f 3822 3837 3823
f 3823 3837 3838
f 3823 3838 3839
f 3823 3839 3840
f 3826 3828 3827
f 3826 3841 3828
f 3828 3841 3840
f 3828 3840 3842
f 3828 3842 3843
f 3828 3843 3844
f 3828 3844 3829
f 3829 3844 3830
f 3833 3845 3834
f 3834 3846 3835
f 3834 3845 3846
f 3835 3846 3847
f 3835 3847 3848
f 3835 3848 3849
f 3835 3849 3836
f 3836 3849 3850
f 3836 3850 3837
f 3837 3850 3838
f 3838 3850 3839
f 3839 3850 3851
f 3839 3851 3852
f 3839 3852 3843
f 3839 3843 3842
f 3839 3842 3840
f 3843 3852 3844
f 3844 3852 3853
f 3848 3854 3849
f 3849 3854 3850
f 3850 3854 3855
f 3850 3855 3851
f 3851 3856 3852
f 3852 3856 3853

