# Blender 5.0.1
# www.blender.org
mtllib proximal_137.mtl
o 2_JOINT_SC_segmentation.001
v 0.020259 0.011049 0.006160
v 0.020708 0.011592 0.006385
v 0.020251 0.012339 0.006086
v 0.018008 0.014675 0.006123
v 0.015959 0.015221 0.006854
v 0.015176 0.017348 0.006885
v 0.012263 0.019681 0.007830
v 0.011566 0.020471 0.007895
v 0.010020 0.022135 0.007979
v 0.006707 0.026261 0.008679
v 0.007275 0.024439 0.008696
v 0.005242 0.027185 0.009144
v 0.003548 0.028931 0.009195
v 0.002908 0.029523 0.009372
v 0.002364 0.029607 0.009656
v -0.001022 0.032176 0.010082
v -0.000826 0.031542 0.009796
v -0.001377 0.031838 0.010063
v -0.001491 0.031314 0.009851
v -0.001889 0.031598 0.010099
v -0.002545 0.030744 0.009909
v -0.002617 0.031310 0.010215
v -0.002942 0.031541 0.010712
v -0.002857 0.031688 0.011013
v -0.003010 0.031594 0.011534
v -0.002466 0.031810 0.012701
v -0.001733 0.032188 0.014642
v -0.001411 0.032466 0.014472
v -0.001026 0.033071 0.014802
v -0.000633 0.033458 0.014945
v -0.000513 0.033409 0.015675
v -0.000081 0.033537 0.016099
v 0.000411 0.034302 0.014461
v 0.000804 0.034608 0.015020
v 0.001477 0.034951 0.014846
v 0.001755 0.034880 0.015795
v 0.002308 0.034029 0.018398
v 0.002640 0.034640 0.017779
v 0.003096 0.034917 0.017407
v 0.002486 0.034938 0.016593
v 0.003874 0.034625 0.018679
v 0.003977 0.034897 0.017869
v 0.004782 0.034904 0.017482
v 0.004162 0.035465 0.014790
v 0.003536 0.035406 0.014822
v 0.003732 0.035155 0.016348
v 0.000914 0.034771 0.013962
v 0.000769 0.034749 0.011100
v 0.000499 0.034491 0.012080
v 0.000164 0.033850 0.010952
v 0.000445 0.034351 0.010946
v 0.000590 0.034285 0.010410
v 0.000925 0.034808 0.010774
v 0.001129 0.034653 0.010074
v 0.001670 0.035068 0.010441
v 0.002222 0.035181 0.010320
v 0.002604 0.035078 0.015008
v 0.003184 0.035220 0.015074
v 0.003130 0.035185 0.013567
v 0.003355 0.035139 0.012740
v 0.003762 0.035444 0.014238
v 0.004558 0.035392 0.014061
v 0.004955 0.035211 0.014420
v 0.004623 0.035373 0.014707
v 0.005416 0.034929 0.016804
v 0.004399 0.034614 0.018574
v 0.003574 0.034219 0.019302
v 0.002182 0.033820 0.018838
v 0.001045 0.033622 0.017866
v 0.001328 0.033533 0.019318
v 0.000578 0.033295 0.017737
v 0.000848 0.033304 0.019279
v 0.000796 0.032976 0.020202
v 0.001400 0.033345 0.020305
v 0.001515 0.033186 0.020728
v 0.001988 0.033190 0.021301
v 0.002146 0.033549 0.020566
v 0.002749 0.033513 0.021302
v 0.003638 0.033192 0.022211
v 0.004047 0.033037 0.022234
v 0.003844 0.033464 0.021479
v 0.004632 0.033467 0.020735
v 0.004912 0.033128 0.020977
v 0.004457 0.033098 0.021645
v 0.004351 0.032555 0.022648
v 0.004568 0.032405 0.022660
v 0.004965 0.031924 0.024708
v 0.004156 0.031922 0.025622
v 0.002929 0.031748 0.026420
v 0.002377 0.031756 0.026137
v 0.001445 0.031671 0.025420
v 0.000903 0.031317 0.025438
v 0.000871 0.030880 0.025973
v 0.000749 0.030564 0.026695
v 0.001485 0.030398 0.031761
v 0.001315 0.030136 0.032590
v 0.000744 0.030131 0.031721
v 0.000314 0.030222 0.030190
v -0.000090 0.029949 0.030205
v -0.000823 0.029778 0.029706
v -0.001226 0.029332 0.030124
v -0.001235 0.029074 0.032227
v -0.002129 0.028805 0.031555
v -0.002171 0.028967 0.030713
v -0.002541 0.028461 0.031324
v -0.002379 0.028470 0.032270
v -0.002850 0.027860 0.031187
v -0.002774 0.027800 0.032279
v -0.003079 0.027639 0.034540
v -0.002754 0.027891 0.034575
v -0.002731 0.027844 0.035529
v -0.002750 0.027710 0.036059
v -0.002694 0.027499 0.037747
v -0.001820 0.027593 0.038000
v -0.002775 0.027469 0.040460
v -0.001861 0.027428 0.042520
v -0.002834 0.026964 0.042238
v -0.002450 0.026995 0.042999
v -0.002355 0.026876 0.044166
v -0.001877 0.027190 0.046652
v -0.001628 0.027176 0.047537
v -0.001312 0.027037 0.048691
v -0.000891 0.027164 0.049465
v -0.000443 0.027229 0.051128
v 0.000051 0.027385 0.051184
v -0.000573 0.026919 0.052096
v -0.000999 0.026842 0.050925
v -0.001136 0.026857 0.049729
v -0.001756 0.026897 0.048093
v -0.002362 0.026513 0.047905
v -0.002222 0.026848 0.047510
v -0.002771 0.026279 0.046379
v -0.003065 0.026042 0.046438
v -0.003579 0.025847 0.044908
v -0.004138 0.025599 0.044526
v -0.004557 0.025471 0.043824
v -0.004568 0.024911 0.044524
v -0.004583 0.024826 0.044739
v -0.004034 0.025467 0.045761
v -0.003872 0.025696 0.045176
v -0.003670 0.025750 0.047498
v -0.002978 0.025994 0.047914
v -0.002937 0.025905 0.049343
v -0.003336 0.025788 0.050692
v -0.002962 0.025741 0.052112
v -0.001865 0.025454 0.054132
v -0.002264 0.025423 0.053903
v -0.002244 0.025808 0.053522
v -0.003188 0.025476 0.052435
v -0.002999 0.025229 0.053138
v -0.003369 0.025071 0.052985
v -0.004057 0.024382 0.053700
v -0.004024 0.025048 0.052303
v -0.004328 0.025000 0.050418
v -0.004603 0.024756 0.051006
v -0.004818 0.024274 0.052436
v -0.002851 0.024437 0.053939
v -0.003048 0.024738 0.053627
v -0.002645 0.024862 0.053833
v -0.002156 0.024421 0.054151
v -0.002528 0.024092 0.054131
v -0.003568 0.023970 0.054157
v -0.003827 0.024155 0.054007
v -0.003806 0.022943 0.054103
v -0.004137 0.022546 0.054099
v -0.004481 0.022910 0.053851
v -0.004788 0.023172 0.053461
v -0.005233 0.023315 0.052929
v -0.005105 0.022576 0.054042
v -0.005410 0.022056 0.054128
v -0.005707 0.021634 0.053971
v -0.005797 0.021766 0.053697
v -0.005959 0.021149 0.054047
v -0.006465 0.020647 0.054157
v -0.006440 0.021051 0.053870
v -0.006907 0.020289 0.053956
v -0.007028 0.020351 0.053643
v -0.006717 0.020011 0.054205
v -0.006995 0.018937 0.053927
v -0.006280 0.020175 0.054295
v -0.005451 0.020724 0.054238
v -0.005791 0.020921 0.054191
v -0.005351 0.021321 0.054228
v -0.005128 0.022268 0.054210
v -0.004086 0.022239 0.054174
v -0.001834 0.023687 0.054178
v -0.001576 0.025240 0.054273
v -0.002150 0.024873 0.054125
v -0.003206 0.023531 0.054247
v -0.003264 0.022323 0.054187
v -0.003877 0.021692 0.054195
v -0.004902 0.021893 0.054286
v -0.004027 0.020335 0.054138
v -0.001813 0.022211 0.054146
v -0.001356 0.025006 0.054288
v -0.001972 0.025673 0.053906
v -0.001192 0.025973 0.053429
v -0.000852 0.025752 0.053914
v -0.000511 0.026500 0.052844
v -0.000025 0.026274 0.053237
v 0.000543 0.026925 0.052469
v 0.000870 0.027119 0.051902
v 0.000084 0.027225 0.051938
v 0.000094 0.027464 0.050534
v -0.001126 0.027458 0.046936
v -0.000525 0.027435 0.048803
v -0.001496 0.027413 0.043874
v 0.000793 0.027428 0.050585
v 0.001279 0.027171 0.050951
v 0.001626 0.027146 0.050054
v 0.001780 0.027366 0.048997
v 0.001545 0.027506 0.048201
v 0.002617 0.027331 0.048409
v 0.002738 0.026923 0.049100
v 0.001989 0.027088 0.049475
v 0.001996 0.026816 0.049835
v 0.001665 0.026748 0.050826
v 0.001435 0.026682 0.051902
v 0.001712 0.026380 0.051849
v 0.001903 0.026121 0.052677
v 0.002148 0.026161 0.050287
v 0.002161 0.026275 0.050081
v 0.002827 0.026402 0.049415
v 0.003288 0.026914 0.048540
v 0.002791 0.027454 0.047703
v 0.003428 0.027407 0.047218
v 0.003671 0.027155 0.047812
v 0.004045 0.026665 0.048226
v 0.004568 0.026401 0.047911
v 0.004289 0.026803 0.047724
v 0.004573 0.026898 0.046328
v 0.004878 0.026948 0.045495
v 0.005480 0.026543 0.045317
v 0.005134 0.026216 0.045828
v 0.005194 0.026087 0.046105
v 0.004958 0.026295 0.046024
v 0.004835 0.026115 0.048236
v 0.004594 0.026013 0.049224
v 0.004319 0.026262 0.048604
v 0.003497 0.026135 0.049106
v 0.003379 0.026333 0.048927
v 0.003032 0.026108 0.049803
v 0.003767 0.025965 0.049775
v 0.003375 0.025946 0.050935
v 0.004812 0.025903 0.050398
v 0.005250 0.025921 0.048806
v 0.006033 0.025805 0.049132
v 0.005585 0.025788 0.050537
v 0.006438 0.025501 0.049788
v 0.006904 0.025547 0.048959
v 0.006235 0.025373 0.050692
v 0.006655 0.024869 0.050353
v 0.006805 0.024707 0.050802
v 0.006867 0.024623 0.052984
v 0.006664 0.024632 0.053682
v 0.006458 0.024578 0.054010
v 0.006467 0.024300 0.054161
v 0.005746 0.025185 0.054203
v 0.005027 0.025544 0.054190
v 0.005404 0.025693 0.053859
v 0.005291 0.025845 0.053287
v 0.004546 0.025963 0.052937
v 0.005933 0.025540 0.053070
v 0.006031 0.025499 0.051604
v 0.006386 0.024939 0.053492
v 0.006490 0.024906 0.051164
v 0.005840 0.025437 0.053889
v 0.005937 0.025638 0.050924
v 0.002641 0.025493 0.054114
v 0.002816 0.025682 0.053898
v 0.002771 0.025809 0.053572
v 0.002480 0.025291 0.054202
v 0.001676 0.025739 0.053893
v 0.000540 0.025369 0.054090
v 0.000387 0.025759 0.053830
v -0.001165 0.025516 0.054137
v -0.005043 0.019075 0.054133
v -0.006812 0.018549 0.054137
v -0.007171 0.018389 0.053990
v -0.007134 0.018842 0.053665
v -0.007443 0.018501 0.053515
v -0.007982 0.018210 0.053577
v -0.007915 0.018060 0.053903
v -0.007583 0.018535 0.052829
v -0.007582 0.018697 0.050129
v -0.008256 0.018471 0.049873
v -0.008460 0.018882 0.048995
v -0.008595 0.018303 0.049332
v -0.008688 0.017565 0.050336
v -0.008566 0.017817 0.050654
v -0.008404 0.017862 0.053116
v -0.008311 0.018106 0.051162
v -0.008088 0.018231 0.053110
v -0.008271 0.018226 0.050549
v -0.007775 0.017937 0.054094
v -0.008056 0.017437 0.054166
v -0.008330 0.017751 0.053660
v -0.008526 0.017137 0.053903
v -0.008676 0.017178 0.053485
v -0.008753 0.017172 0.052916
v -0.007532 0.017758 0.054221
v -0.007129 0.018103 0.054149
v -0.006571 0.018228 0.054213
v -0.006219 0.018321 0.054227
v -0.007517 0.017315 0.054268
v -0.008803 0.016353 0.053499
v -0.008458 0.016577 0.054146
v -0.008640 0.016199 0.053935
v -0.008230 0.016715 0.054245
v -0.005498 0.016911 0.054142
v -0.007938 0.016646 0.054271
v -0.006950 0.015919 0.054147
v -0.008839 0.012930 0.053147
v -0.007901 0.013970 0.054269
v -0.008615 0.012847 0.053784
v -0.008176 0.012908 0.054199
v -0.008620 0.011919 0.053870
v -0.009275 0.011561 0.052972
v -0.009339 0.011992 0.052651
v -0.008956 0.012158 0.053222
v -0.009292 0.012689 0.051963
v -0.010077 0.012708 0.051070
v -0.009783 0.013272 0.050939
v -0.010149 0.013227 0.050305
v -0.010257 0.012986 0.050248
v -0.009827 0.013678 0.050356
v -0.009236 0.013845 0.050928
v -0.009308 0.013445 0.051350
v -0.009024 0.013647 0.051969
v -0.008730 0.014550 0.053543
v -0.008916 0.014161 0.051984
v -0.008820 0.014977 0.052993
v -0.008878 0.016474 0.052588
v -0.008835 0.015825 0.049778
v -0.008772 0.016993 0.050140
v -0.008835 0.017285 0.048256
v -0.008735 0.018431 0.048222
v -0.008744 0.018914 0.046123
v -0.008179 0.019566 0.048652
v -0.007804 0.019778 0.049136
v -0.008162 0.019082 0.049235
v -0.007766 0.019944 0.048614
v -0.008206 0.020094 0.045499
v -0.008253 0.019807 0.046517
v -0.008448 0.020045 0.045084
v -0.008468 0.020412 0.044346
v -0.008455 0.020673 0.043352
v -0.008173 0.020869 0.044333
v -0.007849 0.021120 0.044667
v -0.007439 0.021413 0.045149
v -0.007309 0.021772 0.044313
v -0.007154 0.022094 0.043292
v -0.006961 0.022424 0.044433
v -0.006904 0.022623 0.043536
v -0.006698 0.022706 0.044594
v -0.005976 0.023275 0.044270
v -0.006061 0.023262 0.047720
v -0.005589 0.023985 0.049740
v -0.005672 0.023863 0.046747
v -0.005430 0.024249 0.045430
v -0.005381 0.024227 0.047025
v -0.005238 0.024335 0.050146
v -0.005031 0.024370 0.051728
v -0.005467 0.023401 0.052388
v -0.005498 0.023848 0.051486
v -0.005715 0.023482 0.051155
v -0.005946 0.023299 0.049655
v -0.006118 0.023123 0.048956
v -0.006528 0.022660 0.048862
v -0.006117 0.021849 0.050286
v -0.006211 0.021608 0.050252
v -0.006656 0.022049 0.049215
v -0.006844 0.022347 0.048522
v -0.006747 0.022682 0.047355
v -0.007029 0.022264 0.046233
v -0.007069 0.022016 0.047892
v -0.006846 0.021570 0.049495
v -0.007021 0.021139 0.049686
v -0.007118 0.020574 0.051038
v -0.007033 0.020670 0.053031
v -0.006649 0.021150 0.053363
v -0.006868 0.021053 0.051097
v -0.006726 0.020960 0.053633
v -0.006116 0.021427 0.053516
v -0.006160 0.021523 0.052828
v -0.005900 0.021903 0.053077
v -0.005744 0.022631 0.052911
v -0.005464 0.022773 0.053691
v -0.004553 0.023898 0.053235
v -0.004220 0.023296 0.053831
v -0.004915 0.023710 0.052861
v -0.006219 0.022677 0.049597
v -0.005929 0.022837 0.050582
v -0.005984 0.021806 0.050984
v -0.006210 0.021499 0.051190
v -0.006803 0.021236 0.050389
v -0.007165 0.020060 0.052970
v -0.007212 0.019152 0.053059
v -0.007329 0.018800 0.053036
v -0.007488 0.018612 0.050734
v -0.007288 0.018994 0.051200
v -0.007251 0.019933 0.050927
v -0.007367 0.020144 0.049488
v -0.007104 0.021068 0.049177
v -0.007462 0.021120 0.045495
v -0.008051 0.020666 0.044849
v -0.007567 0.020314 0.045811
v -0.007234 0.021573 0.046417
v -0.007487 0.020231 0.046390
v -0.007245 0.020623 0.047153
v -0.007368 0.020479 0.046290
v -0.007345 0.020320 0.048676
v -0.007396 0.019815 0.050094
v -0.007655 0.019647 0.049556
v -0.007451 0.018815 0.050333
v -0.004600 0.024668 0.046305
v -0.003984 0.025434 0.048257
v -0.003760 0.025503 0.051099
v -0.003858 0.025513 0.050244
v -0.004381 0.024869 0.045967
v -0.005268 0.024463 0.044778
v -0.005536 0.024349 0.044240
v -0.005689 0.023949 0.044774
v -0.006042 0.023400 0.043146
v -0.006095 0.023124 0.044052
v -0.006802 0.022849 0.042956
v -0.006635 0.023633 0.041802
v -0.006778 0.023202 0.042129
v -0.006533 0.024270 0.041380
v -0.007070 0.023156 0.041259
v -0.007039 0.023844 0.039882
v -0.006974 0.024085 0.037639
v -0.007320 0.023316 0.038794
v -0.007290 0.022898 0.039903
v -0.007093 0.022551 0.042074
v -0.007261 0.021846 0.040587
v -0.007433 0.021534 0.041023
v -0.008178 0.021174 0.040354
v -0.008530 0.020886 0.039867
v -0.008539 0.020629 0.040845
v -0.008594 0.021202 0.038984
v -0.008569 0.021782 0.038323
v -0.008239 0.021887 0.038745
v -0.007973 0.022332 0.038666
v -0.008247 0.022387 0.038181
v -0.007557 0.023026 0.038378
v -0.007523 0.023112 0.037382
v -0.008595 0.022256 0.037146
v -0.008319 0.022622 0.037226
v -0.007688 0.022831 0.038609
v -0.008825 0.021869 0.036005
v -0.008856 0.021796 0.033582
v -0.008619 0.022343 0.034225
v -0.008443 0.022599 0.034382
v -0.008689 0.022635 0.033120
v -0.008335 0.022923 0.033656
v -0.007670 0.023320 0.033756
v -0.007527 0.023236 0.034065
v -0.007268 0.024070 0.034030
v -0.007609 0.024120 0.033359
v -0.008065 0.024047 0.032842
v -0.007480 0.024464 0.033075
v -0.006934 0.024399 0.034453
v -0.006901 0.024577 0.033951
v -0.006176 0.024702 0.035900
v -0.006640 0.024414 0.037605
v -0.006100 0.024822 0.040612
v -0.006111 0.024640 0.041752
v -0.005587 0.025382 0.042067
v -0.005213 0.025714 0.042252
v -0.004505 0.026030 0.041854
v -0.003987 0.026081 0.042563
v -0.004032 0.025880 0.043508
v -0.003675 0.026228 0.042375
v -0.003170 0.026064 0.042977
v -0.003009 0.026022 0.043550
v -0.002850 0.026249 0.043073
v -0.003059 0.026215 0.042695
v -0.002533 0.026709 0.043451
v -0.002772 0.026206 0.044140
v -0.002352 0.026853 0.046771
v -0.003990 0.026452 0.041772
v -0.004252 0.026249 0.041596
v -0.005249 0.025797 0.040895
v -0.005983 0.024973 0.039681
v -0.005648 0.025464 0.036141
v -0.005963 0.024912 0.035650
v -0.006144 0.024830 0.034298
v -0.006241 0.024900 0.033916
v -0.006916 0.024818 0.033367
v -0.007143 0.024923 0.032774
v -0.006822 0.025439 0.032630
v -0.006539 0.025736 0.032547
v -0.006106 0.025819 0.033134
v -0.005786 0.025628 0.034187
v -0.006218 0.025462 0.033441
v -0.005356 0.025835 0.034684
v -0.005633 0.025583 0.035141
v -0.005361 0.025740 0.036104
v -0.005339 0.025783 0.039532
v -0.004683 0.026083 0.040420
v -0.004067 0.026766 0.039499
v -0.003845 0.026846 0.041208
v -0.003612 0.026797 0.041668
v -0.002621 0.027213 0.042028
v -0.003402 0.027184 0.040932
v -0.002734 0.027419 0.041066
v -0.003899 0.026926 0.040551
v -0.003950 0.026918 0.036333
v -0.003776 0.027239 0.034956
v -0.003586 0.027243 0.037674
v -0.003328 0.027392 0.036965
v -0.003891 0.027314 0.033839
v -0.004041 0.026989 0.034550
v -0.004269 0.027018 0.033684
v -0.004691 0.026806 0.033314
v -0.004707 0.027068 0.032945
v -0.005493 0.026241 0.033351
v -0.005527 0.026467 0.032985
v -0.005533 0.026744 0.032515
v -0.005103 0.027190 0.032101
v -0.004038 0.027413 0.032972
v -0.003593 0.027465 0.033637
v -0.003380 0.027535 0.032081
v -0.003923 0.027609 0.031007
v -0.003206 0.027644 0.031152
v -0.003686 0.027825 0.030501
v -0.004004 0.028056 0.029882
v -0.003674 0.028410 0.029708
v -0.003218 0.028349 0.030169
v -0.003853 0.028453 0.029319
v -0.003914 0.028499 0.028847
v -0.003225 0.028747 0.029563
v -0.001906 0.029134 0.029997
v -0.001819 0.029215 0.027361
v -0.002497 0.029302 0.025969
v -0.003094 0.029089 0.026351
v -0.003413 0.028869 0.028528
v -0.002691 0.029056 0.029279
v -0.003995 0.028479 0.027608
v -0.004356 0.027851 0.029278
v -0.004543 0.027629 0.029764
v -0.004175 0.027716 0.030285
v -0.004619 0.027434 0.031750
v -0.005575 0.026888 0.031693
v -0.005881 0.026436 0.031156
v -0.006171 0.026111 0.031266
v -0.006080 0.026127 0.032298
v -0.006795 0.025687 0.031751
v -0.007271 0.024985 0.031743
v -0.006405 0.025917 0.028537
v -0.006782 0.025682 0.029030
v -0.007026 0.025438 0.028643
v -0.007466 0.024846 0.028012
v -0.007410 0.024787 0.029146
v -0.008303 0.024658 0.027533
v -0.008452 0.025042 0.026819
v -0.008649 0.024519 0.027338
v -0.008522 0.025224 0.026252
v -0.008402 0.025580 0.025107
v -0.008835 0.024894 0.026088
v -0.009234 0.024629 0.025738
v -0.009128 0.024455 0.026743
v -0.009835 0.024072 0.026384
v -0.010027 0.024098 0.025715
v -0.010278 0.024127 0.024699
v -0.010584 0.024254 0.023885
v -0.010712 0.023908 0.024143
v -0.010337 0.023405 0.026148
v -0.009096 0.024140 0.027190
v -0.008779 0.023964 0.027912
v -0.008625 0.023873 0.028978
v -0.008946 0.023309 0.028691
v -0.009057 0.023245 0.028043
v -0.009204 0.023316 0.027603
v -0.010231 0.023225 0.026800
v -0.010775 0.022576 0.027025
v -0.010156 0.022719 0.027849
v -0.011273 0.021811 0.027162
v -0.011624 0.021605 0.027008
v -0.011912 0.021117 0.027009
v -0.011548 0.021310 0.027833
v -0.010752 0.021360 0.029636
v -0.010452 0.021623 0.030169
v -0.010154 0.021324 0.031536
v -0.009896 0.022197 0.030983
v -0.009518 0.022164 0.031413
v -0.009177 0.022522 0.031666
v -0.009187 0.021682 0.032046
v -0.008974 0.021753 0.032506
v -0.008895 0.022538 0.032370
v -0.009204 0.022992 0.030726
v -0.008976 0.023208 0.030705
v -0.008547 0.023904 0.031637
v -0.007982 0.024328 0.032499
v -0.008455 0.023901 0.032152
v -0.008498 0.023639 0.032570
v -0.008373 0.023335 0.033062
v -0.008889 0.023055 0.031947
v -0.008137 0.024360 0.031728
v -0.008308 0.024255 0.029427
v -0.008539 0.024165 0.028258
v -0.008294 0.024396 0.028252
v -0.007512 0.024735 0.031976
v -0.009634 0.022927 0.028473
v -0.009971 0.022698 0.028658
v -0.009999 0.022516 0.029931
v -0.009216 0.022862 0.031222
v -0.010070 0.022237 0.030605
v -0.010281 0.022328 0.028453
v -0.010465 0.022482 0.027591
v -0.010832 0.021779 0.027564
v -0.010709 0.021680 0.027958
v -0.009844 0.022992 0.027779
v -0.009066 0.021558 0.032713
v -0.009611 0.021257 0.033700
v -0.009078 0.021544 0.035277
v -0.008936 0.021415 0.036950
v -0.009412 0.021162 0.035891
v -0.009652 0.020671 0.036137
v -0.009843 0.020160 0.036679
v -0.010070 0.020109 0.036246
v -0.010275 0.019642 0.036135
v -0.010226 0.019303 0.037353
v -0.010105 0.018913 0.038320
v -0.009855 0.019394 0.038368
v -0.009848 0.018842 0.038777
v -0.009439 0.019476 0.038782
v -0.009199 0.019882 0.038652
v -0.009906 0.019734 0.037756
v -0.008932 0.020148 0.038929
v -0.008773 0.020053 0.040137
v -0.008706 0.020062 0.041253
v -0.008688 0.020121 0.043268
v -0.008140 0.021087 0.043295
v -0.008267 0.021028 0.041139
v -0.007563 0.021503 0.043739
v -0.008701 0.019880 0.044221
v -0.008567 0.019524 0.046123
v -0.008905 0.018333 0.044886
v -0.009199 0.017922 0.044094
v -0.009168 0.017283 0.044421
v -0.008987 0.017214 0.044985
v -0.008853 0.017472 0.045614
v -0.008965 0.017030 0.047063
v -0.009192 0.016801 0.046368
v -0.009258 0.016576 0.046802
v -0.009785 0.016359 0.046193
v -0.009721 0.016570 0.045759
v -0.009844 0.016838 0.044493
v -0.009159 0.017074 0.044655
v -0.009672 0.017748 0.043518
v -0.009802 0.017340 0.043737
v -0.010122 0.016756 0.043960
v -0.010166 0.016177 0.045356
v -0.010095 0.015854 0.046217
v -0.009852 0.015232 0.047575
v -0.009757 0.015795 0.046845
v -0.009336 0.016289 0.046953
v -0.009010 0.016623 0.047500
v -0.009171 0.015540 0.047671
v -0.008869 0.015828 0.048579
v -0.008991 0.015622 0.048076
v -0.009195 0.015321 0.048236
v -0.008969 0.015283 0.049634
v -0.009139 0.015069 0.049281
v -0.009346 0.014893 0.049151
v -0.009860 0.014335 0.049254
v -0.010238 0.014419 0.048112
v -0.010388 0.014307 0.047173
v -0.010056 0.015360 0.046976
v -0.010324 0.015356 0.045992
v -0.010329 0.013528 0.049177
v -0.010453 0.013335 0.048272
v -0.010407 0.012574 0.049632
v -0.010327 0.011665 0.051211
v -0.010129 0.011993 0.051528
v -0.009882 0.011822 0.052112
v -0.010043 0.011306 0.052135
v -0.010168 0.010562 0.051944
v -0.009775 0.010710 0.052542
v -0.009299 0.010918 0.053062
v -0.008392 0.012444 0.054062
v -0.008048 0.010648 0.054187
v -0.008650 0.010027 0.053868
v -0.008885 0.009568 0.053309
v -0.007520 0.010316 0.054206
v -0.008365 0.009302 0.054086
v -0.008569 0.009175 0.053838
v -0.009216 0.009583 0.052674
v -0.009197 0.010115 0.053115
v -0.009741 0.010151 0.052483
v -0.009848 0.009836 0.052173
v -0.009663 0.009159 0.051730
v -0.009775 0.008425 0.051123
v -0.009388 0.008813 0.051772
v -0.009156 0.008480 0.051943
v -0.009086 0.009139 0.052256
v -0.008741 0.009022 0.053433
v -0.007991 0.007246 0.054275
v -0.008166 0.008764 0.054213
v -0.008743 0.006909 0.053626
v -0.008617 0.007067 0.053954
v -0.008814 0.007836 0.053028
v -0.008968 0.008379 0.052390
v -0.009695 0.008020 0.050731
v -0.009360 0.008049 0.051218
v -0.009620 0.007585 0.050052
v -0.010334 0.008532 0.049779
v -0.010438 0.010013 0.050496
v -0.010352 0.009715 0.050859
v -0.010306 0.010066 0.051366
v -0.010450 0.011378 0.050375
v -0.010479 0.012162 0.048166
v -0.010460 0.013613 0.046272
v -0.010437 0.013982 0.044136
v -0.010566 0.013390 0.042872
v -0.010470 0.013751 0.043420
v -0.010488 0.010280 0.049719
v -0.010480 0.008461 0.047710
v -0.010462 0.009910 0.047157
v -0.010472 0.009897 0.043319
v -0.010398 0.011276 0.044130
v -0.010934 0.012893 0.042197
v -0.011429 0.012886 0.041822
v -0.010860 0.013518 0.042030
v -0.011548 0.014122 0.040725
v -0.011783 0.014280 0.040066
v -0.011940 0.014386 0.039294
v -0.011738 0.015179 0.038903
v -0.011509 0.015298 0.039190
v -0.011713 0.015727 0.038373
v -0.011462 0.016042 0.038472
v -0.010827 0.016663 0.038591
v -0.010875 0.016317 0.038940
v -0.010648 0.016538 0.039299
v -0.010485 0.016749 0.039800
v -0.010476 0.017380 0.037841
v -0.010182 0.018173 0.038908
v -0.009976 0.017929 0.041936
v -0.010073 0.017432 0.043146
v -0.010310 0.016416 0.043723
v -0.010369 0.015993 0.043823
v -0.010376 0.016984 0.040826
v -0.010294 0.017092 0.042510
v -0.010795 0.015555 0.039537
v -0.011048 0.014933 0.040323
v -0.010682 0.015108 0.040800
v -0.010536 0.015336 0.041156
v -0.010437 0.015516 0.041949
v -0.010559 0.015689 0.040138
v -0.010413 0.014999 0.045313
v -0.010692 0.013060 0.042536
v -0.010566 0.014116 0.042202
v -0.010814 0.014156 0.041406
v -0.010803 0.014820 0.040821
v -0.011531 0.014617 0.040242
v -0.009777 0.017911 0.043129
v -0.009099 0.018384 0.043969
v -0.008816 0.019127 0.041081
v -0.008845 0.019072 0.043760
v -0.008950 0.018788 0.043722
v -0.009230 0.018466 0.042956
v -0.008930 0.018767 0.040720
v -0.009135 0.018547 0.040513
v -0.009749 0.018230 0.040384
v -0.009846 0.018370 0.039442
v -0.009174 0.018623 0.039716
v -0.008960 0.018864 0.040014
v -0.009183 0.018751 0.039480
v -0.009109 0.019513 0.039244
v -0.008961 0.019781 0.039434
v -0.010096 0.018001 0.039852
v -0.009282 0.018254 0.043641
v -0.010276 0.018396 0.038215
v -0.010468 0.018742 0.036509
v -0.010378 0.020052 0.034541
v -0.010088 0.020648 0.035052
v -0.009762 0.020892 0.035591
v -0.009844 0.021036 0.034590
v -0.009976 0.021085 0.032961
v -0.009890 0.021301 0.032204
v -0.009935 0.021560 0.031587
v -0.010195 0.020921 0.032374
v -0.010646 0.021109 0.030445
v -0.011035 0.021043 0.029849
v -0.011519 0.020228 0.030113
v -0.011417 0.019989 0.030930
v -0.011707 0.019861 0.030287
v -0.011910 0.019574 0.029938
v -0.012373 0.019665 0.028349
v -0.012198 0.019703 0.028728
v -0.011895 0.018063 0.032772
v -0.011932 0.016900 0.035345
v -0.011712 0.016865 0.036361
v -0.011466 0.016978 0.036667
v -0.011733 0.017547 0.035352
v -0.011822 0.017984 0.033648
v -0.011643 0.018088 0.034348
v -0.011473 0.018498 0.033659
v -0.011292 0.018384 0.034287
v -0.011257 0.019356 0.032930
v -0.010645 0.019797 0.033623
v -0.010760 0.019551 0.033570
v -0.010790 0.018769 0.033945
v -0.010513 0.018979 0.034602
v -0.010699 0.018690 0.034384
v -0.010797 0.018405 0.035863
v -0.010776 0.018267 0.036298
v -0.011348 0.018056 0.035525
v -0.011248 0.017749 0.036069
v -0.010842 0.017959 0.036519
v -0.010755 0.017162 0.037156
v -0.011108 0.016674 0.038009
v -0.011550 0.016503 0.037650
v -0.011929 0.015153 0.038254
v -0.012011 0.015185 0.036967
v -0.012067 0.014144 0.035669
v -0.012140 0.013956 0.035104
v -0.012629 0.013018 0.034470
v -0.012478 0.012457 0.034721
v -0.012296 0.013006 0.034997
v -0.012969 0.012504 0.034206
v -0.013151 0.012400 0.033901
v -0.012971 0.013302 0.033904
v -0.012444 0.013360 0.034574
v -0.012294 0.013964 0.034358
v -0.012435 0.015066 0.032874
v -0.013030 0.014432 0.032803
v -0.013040 0.013921 0.033196
v -0.013436 0.014376 0.029614
v -0.013382 0.013335 0.030233
v -0.013224 0.013369 0.033274
v -0.013310 0.012249 0.033386
v -0.012959 0.010600 0.034195
v -0.013124 0.010277 0.033829
v -0.013277 0.010355 0.033420
v -0.013464 0.011367 0.029236
v -0.013473 0.010081 0.029270
v -0.013396 0.012272 0.032362
v -0.013367 0.010394 0.032866
v -0.012557 0.009902 0.034452
v -0.012563 0.009180 0.033725
v -0.013043 0.009333 0.033155
v -0.013263 0.009216 0.032497
v -0.012239 0.009129 0.034105
v -0.012135 0.010107 0.035498
v -0.012368 0.009988 0.034794
v -0.011692 0.012929 0.041504
v -0.011431 0.013573 0.041435
v -0.011826 0.013347 0.040967
v -0.011968 0.013402 0.040335
v -0.012043 0.013343 0.039636
v -0.012054 0.013697 0.038256
v -0.012051 0.013635 0.036554
v -0.012139 0.013020 0.035511
v -0.012054 0.011283 0.035959
v -0.012391 0.010617 0.034877
v -0.011468 0.011610 0.041902
v -0.011755 0.011729 0.041574
v -0.011947 0.011761 0.041077
v -0.011507 0.010709 0.041834
v -0.010944 0.010601 0.042293
v -0.010792 0.009950 0.042310
v -0.011732 0.010442 0.041424
v -0.011480 0.009991 0.041615
v -0.011923 0.010054 0.040693
v -0.011264 0.009106 0.041065
v -0.011212 0.009622 0.041653
v -0.010764 0.009542 0.042019
v -0.010495 0.009112 0.042209
v -0.010564 0.009704 0.042709
v -0.010563 0.010527 0.042906
v -0.010697 0.010638 0.042592
v -0.010407 0.009671 0.044101
v -0.010448 0.008084 0.042065
v -0.010568 0.008167 0.041505
v -0.010784 0.007951 0.040619
v -0.010419 0.007944 0.042864
v -0.010464 0.007105 0.043615
v -0.010346 0.006395 0.044043
v -0.010084 0.005718 0.043921
v -0.010016 0.006171 0.045184
v -0.009527 0.005967 0.045681
v -0.009638 0.006287 0.046850
v -0.009443 0.006357 0.049200
v -0.009732 0.006583 0.048888
v -0.010100 0.007095 0.048427
v -0.010052 0.007411 0.049137
v -0.010022 0.007747 0.049653
v -0.009743 0.007159 0.049471
v -0.009335 0.007263 0.049930
v -0.009031 0.007470 0.050262
v -0.009030 0.007903 0.051545
v -0.008897 0.007225 0.050971
v -0.008886 0.006433 0.050958
v -0.008990 0.006538 0.050364
v -0.009168 0.006481 0.049739
v -0.008463 0.006819 0.054154
v -0.007841 0.005810 0.054306
v -0.008207 0.006092 0.054271
v -0.008566 0.005964 0.053953
v -0.008703 0.005868 0.053628
v -0.008839 0.006513 0.053057
v -0.008791 0.005622 0.053007
v -0.008173 0.005253 0.053977
v -0.007034 0.005031 0.054118
v -0.006957 0.004595 0.053994
v -0.007478 0.004921 0.053894
v -0.008347 0.005081 0.053718
v -0.008238 0.004475 0.052842
v -0.008496 0.004674 0.052601
v -0.008767 0.004754 0.051323
v -0.008843 0.005140 0.050996
v -0.008861 0.005692 0.049628
v -0.008959 0.005892 0.048860
v -0.009129 0.006052 0.048004
v -0.009134 0.006171 0.049118
v -0.009137 0.006824 0.050027
v -0.009012 0.005945 0.045959
v -0.009729 0.005369 0.044647
v -0.010100 0.005351 0.042119
v -0.009950 0.005063 0.041671
v -0.010211 0.005109 0.040825
v -0.010358 0.005755 0.041291
v -0.010430 0.007305 0.040949
v -0.010778 0.007066 0.039384
v -0.010621 0.007460 0.039658
v -0.011274 0.007711 0.039546
v -0.011270 0.007343 0.039112
v -0.011676 0.008613 0.040157
v -0.010803 0.008389 0.041087
v -0.010660 0.009102 0.041553
v -0.011340 0.008285 0.040451
v -0.012022 0.009765 0.039925
v -0.012043 0.011701 0.040528
v -0.012092 0.011007 0.039374
v -0.011964 0.008703 0.039197
v -0.011675 0.007683 0.038831
v -0.011936 0.007541 0.037842
v -0.012051 0.008294 0.037866
v -0.011692 0.006870 0.037889
v -0.011981 0.006712 0.036107
v -0.012019 0.006262 0.032860
v -0.012046 0.007804 0.035523
v -0.012026 0.009828 0.036663
v -0.012038 0.009158 0.035368
v -0.012065 0.008085 0.034572
v -0.012173 0.008157 0.034008
v -0.012354 0.007960 0.033168
v -0.012380 0.008372 0.033580
v -0.012701 0.008195 0.032987
v -0.013038 0.008440 0.032542
v -0.013333 0.008684 0.031560
v -0.013351 0.007957 0.029827
v -0.013151 0.007645 0.031158
v -0.012718 0.007650 0.031955
v -0.012239 0.007465 0.032178
v -0.012048 0.007307 0.033410
v -0.012402 0.006544 0.031469
v -0.012169 0.006567 0.032118
v -0.012267 0.005936 0.031027
v -0.012847 0.007290 0.031425
v -0.013249 0.006791 0.030113
v -0.013300 0.007825 0.030676
v -0.013370 0.008856 0.028758
v -0.013385 0.009845 0.030237
v -0.013402 0.009883 0.031814
v -0.013504 0.009592 0.028860
v -0.013707 0.009543 0.028261
v -0.013651 0.010165 0.028812
v -0.013825 0.009952 0.028462
v -0.013830 0.010459 0.028578
v -0.013643 0.011653 0.028797
v -0.014444 0.012510 0.028157
v -0.014633 0.012653 0.027932
v -0.015031 0.013511 0.025439
v -0.014889 0.013216 0.027086
v -0.014356 0.013963 0.028125
v -0.013818 0.014855 0.028324
v -0.013511 0.015184 0.028788
v -0.013235 0.015065 0.030988
v -0.012952 0.015208 0.031769
v -0.012980 0.015712 0.031142
v -0.012902 0.016465 0.030717
v -0.012100 0.017209 0.031786
v -0.012029 0.016895 0.032845
v -0.012221 0.016528 0.031868
v -0.012072 0.015898 0.033173
v -0.011971 0.016184 0.036101
v -0.011859 0.016079 0.037317
v -0.012128 0.015282 0.033918
v -0.012058 0.015404 0.034602
v -0.012384 0.014655 0.033464
v -0.013301 0.013855 0.032328
v -0.012457 0.015572 0.031922
v -0.012287 0.015600 0.032247
v -0.012327 0.017192 0.030938
v -0.012386 0.017974 0.030323
v -0.012815 0.018118 0.029410
v -0.012411 0.018304 0.029890
v -0.012082 0.018350 0.030994
v -0.012170 0.018918 0.029446
v -0.012380 0.018797 0.029023
v -0.012716 0.019588 0.027844
v -0.013034 0.019131 0.027673
v -0.012928 0.018717 0.028311
v -0.013010 0.017772 0.029418
v -0.013200 0.017304 0.029126
v -0.013219 0.018286 0.027902
v -0.013435 0.016966 0.027663
v -0.013609 0.016565 0.027394
v -0.014455 0.016396 0.026453
v -0.014458 0.017147 0.025777
v -0.014659 0.017251 0.025356
v -0.013789 0.017200 0.026396
v -0.013938 0.017970 0.025700
v -0.014314 0.017889 0.025346
v -0.013823 0.018342 0.025367
v -0.013492 0.018922 0.025126
v -0.013756 0.018845 0.024506
v -0.013593 0.019054 0.024673
v -0.014380 0.018914 0.023834
v -0.014415 0.018450 0.024370
v -0.014717 0.018502 0.023514
v -0.014568 0.018106 0.024586
v -0.014780 0.017631 0.024481
v -0.015225 0.016684 0.022768
v -0.015005 0.016881 0.023608
v -0.014826 0.016536 0.025384
v -0.014672 0.016061 0.026266
v -0.013865 0.016495 0.026976
v -0.014631 0.015414 0.026885
v -0.014445 0.015489 0.027118
v -0.014374 0.014919 0.027705
v -0.014664 0.014395 0.027624
v -0.014544 0.014334 0.027853
v -0.014804 0.015445 0.026266
v -0.014866 0.014647 0.026768
v -0.015517 0.013445 0.023854
v -0.015929 0.013493 0.023388
v -0.016079 0.012680 0.023598
v -0.016273 0.012917 0.023269
v -0.016178 0.011664 0.023610
v -0.015197 0.011850 0.024560
v -0.015029 0.011899 0.025299
v -0.014884 0.011779 0.027068
v -0.014761 0.012477 0.027667
v -0.014311 0.010686 0.028229
v -0.014638 0.010498 0.027775
v -0.014430 0.010025 0.027886
v -0.014862 0.010160 0.026883
v -0.014732 0.009492 0.026805
v -0.014157 0.009635 0.027910
v -0.014386 0.009197 0.027221
v -0.013599 0.009070 0.027702
v -0.014416 0.008598 0.026915
v -0.013822 0.008506 0.027312
v -0.013454 0.008578 0.027973
v -0.013643 0.008340 0.027513
v -0.013895 0.007308 0.027284
v -0.014345 0.007480 0.026942
v -0.014634 0.007300 0.026519
v -0.014686 0.008728 0.026573
v -0.015033 0.009938 0.025282
v -0.015315 0.009560 0.023931
v -0.015141 0.010136 0.024828
v -0.015268 0.010226 0.024507
v -0.015506 0.010573 0.024170
v -0.015977 0.010685 0.023747
v -0.016358 0.011745 0.023317
v -0.016458 0.011935 0.022887
v -0.016384 0.012067 0.021967
v -0.016499 0.012802 0.021553
v -0.016561 0.013375 0.021520
v -0.016484 0.013736 0.022038
v -0.016302 0.014569 0.022153
v -0.016282 0.013861 0.022546
v -0.016017 0.014768 0.022471
v -0.015456 0.014799 0.022913
v -0.015470 0.015538 0.022852
v -0.015101 0.016056 0.023672
v -0.014912 0.015834 0.025063
v -0.015016 0.014752 0.024111
v -0.015072 0.014092 0.024396
v -0.015285 0.013525 0.024148
v -0.015450 0.014255 0.023147
v -0.015284 0.014159 0.023480
v -0.015193 0.014703 0.023325
v -0.016029 0.014071 0.022796
v -0.015243 0.016046 0.023218
v -0.015451 0.016226 0.022716
v -0.015538 0.016624 0.022170
v -0.015267 0.017183 0.021536
v -0.016182 0.016741 0.021079
v -0.015926 0.016385 0.021954
v -0.016004 0.017295 0.020765
v -0.015959 0.017957 0.020576
v -0.016287 0.017860 0.020159
v -0.016351 0.017210 0.020371
v -0.016694 0.017875 0.019244
v -0.017089 0.017526 0.018536
v -0.016237 0.019269 0.020070
v -0.015990 0.018856 0.020504
v -0.015441 0.019732 0.020795
v -0.015127 0.019854 0.021248
v -0.014672 0.020135 0.022282
v -0.014364 0.020449 0.022556
v -0.014595 0.020751 0.021874
v -0.015198 0.020658 0.020272
v -0.014708 0.021430 0.020748
v -0.015083 0.021740 0.019513
v -0.015917 0.020947 0.019199
v -0.016060 0.021449 0.018465
v -0.016134 0.020729 0.019156
v -0.016365 0.021616 0.017849
v -0.016319 0.021060 0.018329
v -0.016454 0.020052 0.019131
v -0.015988 0.019691 0.020248
v -0.016810 0.019646 0.018611
v -0.016971 0.019970 0.017885
v -0.017533 0.020181 0.016650
v -0.017562 0.019657 0.017300
v -0.017795 0.019260 0.016986
v -0.017482 0.019029 0.017845
v -0.017708 0.018692 0.017304
v -0.016790 0.019124 0.018906
v -0.017437 0.017387 0.017169
v -0.017209 0.016757 0.018162
v -0.017170 0.016482 0.019125
v -0.017172 0.016233 0.019048
v -0.017371 0.017322 0.016392
v -0.017733 0.018357 0.016612
v -0.017816 0.018633 0.016833
v -0.017824 0.019597 0.016273
v -0.017822 0.018785 0.016183
v -0.017795 0.019441 0.015705
v -0.017712 0.020113 0.016335
v -0.017890 0.020605 0.015370
v -0.017799 0.019897 0.015162
v -0.017562 0.020772 0.016228
v -0.017623 0.021220 0.016009
v -0.016777 0.022402 0.016769
v -0.016637 0.022865 0.016570
v -0.016303 0.023249 0.016525
v -0.016443 0.023920 0.015750
v -0.016048 0.024219 0.015679
v -0.015545 0.023985 0.016338
v -0.016015 0.024420 0.015239
v -0.016687 0.024439 0.014459
v -0.016823 0.024144 0.014948
v -0.017889 0.024408 0.013199
v -0.018004 0.024503 0.012367
v -0.018295 0.024294 0.011835
v -0.018124 0.023960 0.013514
v -0.018236 0.023439 0.013585
v -0.017782 0.023084 0.014666
v -0.017543 0.023563 0.014743
v -0.017453 0.023964 0.014489
v -0.017731 0.024253 0.013794
v -0.017261 0.022674 0.015940
v -0.017752 0.022370 0.015169
v -0.017916 0.022587 0.014498
v -0.017580 0.022242 0.015705
v -0.017196 0.021983 0.016414
v -0.017793 0.021292 0.015612
v -0.017883 0.021623 0.014912
v -0.017977 0.022139 0.013804
v -0.017971 0.022011 0.013227
v -0.017977 0.023677 0.009887
v -0.018094 0.024115 0.009954
v -0.018258 0.023683 0.011206
v -0.018317 0.024106 0.011414
v -0.018499 0.024157 0.012161
v -0.018469 0.023943 0.012210
v -0.018377 0.023233 0.013020
v -0.018251 0.022957 0.013271
v -0.018261 0.022968 0.012430
v -0.018002 0.024439 0.010429
v -0.017709 0.024536 0.009808
v -0.017206 0.024685 0.010105
v -0.016951 0.024729 0.012277
v -0.016656 0.024922 0.011835
v -0.016420 0.024912 0.013077
v -0.016053 0.025214 0.012957
v -0.016017 0.024844 0.013753
v -0.015233 0.024338 0.016050
v -0.014751 0.024883 0.015025
v -0.014572 0.024606 0.016025
v -0.014482 0.025015 0.015105
v -0.014446 0.025570 0.014375
v -0.014617 0.025832 0.013464
v -0.015359 0.025826 0.012207
v -0.015168 0.025482 0.013470
v -0.016317 0.025175 0.012514
v -0.016630 0.025074 0.009249
v -0.016401 0.025215 0.008386
v -0.016302 0.025004 0.007828
v -0.016060 0.024888 0.007569
v -0.015505 0.025289 0.007813
v -0.016058 0.025619 0.008767
v -0.015788 0.025837 0.009878
v -0.015729 0.025842 0.010958
v -0.015975 0.025508 0.012332
v -0.016243 0.025526 0.010395
v -0.016181 0.025592 0.009228
v -0.013659 0.025926 0.013392
v -0.013624 0.025804 0.014462
v -0.013304 0.026194 0.012803
v -0.013074 0.026340 0.013090
v -0.013155 0.025819 0.015043
v -0.012979 0.026149 0.013628
v -0.012181 0.026087 0.014855
v -0.012364 0.026222 0.014151
v -0.011802 0.026318 0.014944
v -0.010939 0.026222 0.015693
v -0.010761 0.026197 0.016020
v -0.010177 0.026498 0.017713
v -0.009979 0.026819 0.017557
v -0.010313 0.026967 0.016056
v -0.009672 0.027178 0.017094
v -0.008898 0.027170 0.018261
v -0.008361 0.027191 0.019315
v -0.008566 0.027430 0.017814
v -0.006884 0.027436 0.020826
v -0.007400 0.027302 0.020435
v -0.007909 0.027404 0.019231
v -0.008328 0.026824 0.020219
v -0.009070 0.026859 0.018536
v -0.009874 0.026149 0.018787
v -0.009942 0.026401 0.018245
v -0.010369 0.026008 0.018563
v -0.010298 0.025739 0.019736
v -0.010272 0.025483 0.020579
v -0.009652 0.025775 0.021102
v -0.010002 0.025888 0.019670
v -0.009224 0.026118 0.019359
v -0.009183 0.026255 0.019067
v -0.008676 0.026308 0.020307
v -0.008258 0.026397 0.020760
v -0.007645 0.027073 0.020587
v -0.006988 0.027278 0.021319
v -0.007027 0.026901 0.022339
v -0.006683 0.027308 0.022491
v -0.006204 0.027604 0.022060
v -0.006282 0.027670 0.019582
v -0.006077 0.027856 0.019403
v -0.006245 0.027804 0.019027
v -0.005925 0.028493 0.018761
v -0.006846 0.028114 0.017883
v -0.006259 0.028534 0.018060
v -0.006771 0.028454 0.017442
v -0.007069 0.027585 0.018915
v -0.006817 0.027791 0.018467
v -0.007300 0.027650 0.017914
v -0.007115 0.027876 0.017652
v -0.007304 0.028545 0.015676
v -0.007509 0.027865 0.016045
v -0.007781 0.028339 0.015159
v -0.008574 0.028099 0.014578
v -0.007559 0.028736 0.014879
v -0.008051 0.028771 0.014015
v -0.005699 0.029035 0.017372
v -0.005806 0.029195 0.015845
v -0.005788 0.029407 0.014890
v -0.005994 0.029439 0.013695
v -0.005635 0.029727 0.014380
v -0.005279 0.030091 0.014089
v -0.004998 0.030373 0.013220
v -0.004467 0.030230 0.014821
v -0.005081 0.029830 0.014878
v -0.004729 0.029392 0.015812
v -0.004569 0.029428 0.015988
v -0.004799 0.029226 0.016541
v -0.005319 0.029030 0.018494
v -0.004755 0.029035 0.020832
v -0.004354 0.028852 0.022441
v -0.003979 0.029038 0.022246
v -0.003880 0.028936 0.023206
v -0.003466 0.029041 0.024364
v -0.003779 0.028848 0.024274
v -0.004095 0.028658 0.023488
v -0.004024 0.028520 0.024312
v -0.004469 0.028482 0.022929
v -0.004294 0.027901 0.024965
v -0.004350 0.027942 0.028155
v -0.005262 0.027241 0.030867
v -0.004896 0.027455 0.030295
v -0.005513 0.027051 0.028101
v -0.005971 0.026188 0.028077
v -0.006137 0.026088 0.027313
v -0.006248 0.026139 0.026670
v -0.006848 0.026221 0.025999
v -0.006183 0.026400 0.026372
v -0.006030 0.026313 0.026834
v -0.005698 0.026845 0.027194
v -0.005636 0.027052 0.026793
v -0.005211 0.027349 0.027497
v -0.004967 0.027500 0.026508
v -0.004666 0.027658 0.028028
v -0.005701 0.027500 0.024155
v -0.005593 0.027640 0.023379
v -0.005299 0.027830 0.023014
v -0.004717 0.027581 0.024215
v -0.005533 0.028162 0.022268
v -0.005683 0.027826 0.022645
v -0.005916 0.027858 0.021721
v -0.006119 0.027411 0.024117
v -0.005449 0.027319 0.026359
v -0.005833 0.027217 0.025755
v -0.006772 0.026809 0.025040
v -0.006895 0.026470 0.025523
v -0.007172 0.026232 0.025354
v -0.006130 0.026806 0.025987
v -0.007042 0.025969 0.026512
v -0.006976 0.025761 0.027464
v -0.007690 0.025501 0.026913
v -0.007971 0.025713 0.026176
v -0.008074 0.025760 0.025759
v -0.008557 0.025575 0.023967
v -0.008271 0.025820 0.023456
v -0.008752 0.025764 0.022449
v -0.009107 0.025511 0.022587
v -0.008821 0.025484 0.023167
v -0.009970 0.024900 0.022757
v -0.010091 0.025162 0.022066
v -0.009612 0.025559 0.021912
v -0.007619 0.025992 0.025146
v -0.007317 0.026195 0.024530
v -0.007610 0.026020 0.022396
v -0.006873 0.026850 0.024359
v -0.006506 0.027194 0.024356
v -0.007413 0.026195 0.021941
v -0.007583 0.026205 0.021439
v -0.007716 0.026064 0.021721
v -0.008388 0.026182 0.020998
v -0.008561 0.025962 0.021579
v -0.008906 0.026021 0.020637
v -0.007283 0.026962 0.021256
v -0.009968 0.025547 0.021282
v -0.010657 0.025450 0.019771
v -0.011820 0.024735 0.019907
v -0.011839 0.025002 0.019417
v -0.011686 0.025583 0.018782
v -0.012441 0.025538 0.017970
v -0.013467 0.024734 0.017848
v -0.013722 0.024836 0.016020
v -0.013201 0.025529 0.016022
v -0.012684 0.025623 0.017282
v -0.012021 0.025821 0.017744
v -0.013666 0.025519 0.015084
v -0.013868 0.024889 0.015709
v -0.013736 0.024165 0.019491
v -0.014272 0.024202 0.018686
v -0.014130 0.024378 0.018450
v -0.014708 0.024190 0.017381
v -0.014690 0.024409 0.016635
v -0.014593 0.023842 0.018684
v -0.014114 0.023845 0.019477
v -0.014557 0.023240 0.019478
v -0.014344 0.022052 0.020658
v -0.014679 0.022042 0.020219
v -0.015378 0.021712 0.018968
v -0.016165 0.022424 0.017655
v -0.016738 0.021860 0.017060
v -0.016981 0.020735 0.016847
v -0.016906 0.020416 0.017194
v -0.016747 0.020666 0.017301
v -0.015925 0.022782 0.017488
v -0.015410 0.022928 0.017836
v -0.014923 0.022931 0.019003
v -0.015449 0.022503 0.018333
v -0.015145 0.022648 0.018713
v -0.015178 0.023994 0.016701
v -0.015489 0.023441 0.016858
v -0.015301 0.023309 0.017242
v -0.014304 0.021643 0.021068
v -0.013678 0.022681 0.020887
v -0.013105 0.022869 0.021604
v -0.012208 0.023068 0.023178
v -0.011745 0.023379 0.023648
v -0.011634 0.023824 0.023201
v -0.011767 0.024319 0.021290
v -0.012175 0.024377 0.020383
v -0.012401 0.024085 0.020637
v -0.012040 0.023974 0.021402
v -0.011674 0.024071 0.022515
v -0.012567 0.023384 0.021156
v -0.012364 0.023277 0.021638
v -0.012980 0.024178 0.020118
v -0.014455 0.022784 0.020056
v -0.013351 0.023445 0.020430
v -0.013167 0.024814 0.018327
v -0.013263 0.024417 0.019485
v -0.012721 0.024881 0.018835
v -0.012702 0.025121 0.018422
v -0.013158 0.023152 0.020991
v -0.011530 0.024535 0.020883
v -0.010688 0.024635 0.022301
v -0.010367 0.024846 0.022169
v -0.010615 0.024465 0.023303
v -0.011266 0.024247 0.023081
v -0.011371 0.023755 0.023672
v -0.010840 0.023320 0.024539
v -0.011482 0.023232 0.024184
v -0.011593 0.022888 0.024795
v -0.012587 0.022567 0.023576
v -0.013021 0.021636 0.023815
v -0.012981 0.021011 0.024876
v -0.013534 0.019939 0.024299
v -0.013586 0.020717 0.023368
v -0.013720 0.021001 0.022821
v -0.014259 0.021099 0.022004
v -0.013651 0.021392 0.022320
v -0.013551 0.021806 0.021816
v -0.013332 0.022529 0.021661
v -0.012741 0.022719 0.022979
v -0.013020 0.022369 0.022930
v -0.013772 0.021800 0.021356
v -0.013823 0.019840 0.023831
v -0.014583 0.019030 0.023414
v -0.014400 0.019678 0.023289
v -0.014767 0.019407 0.022689
v -0.014928 0.018296 0.022466
v -0.015020 0.017509 0.022108
v -0.015345 0.017390 0.021280
v -0.015188 0.017734 0.021450
v -0.015421 0.017818 0.021079
v -0.015497 0.019107 0.021004
v -0.015151 0.019148 0.021545
v -0.013314 0.019733 0.025297
v -0.013134 0.020133 0.025421
v -0.013437 0.018453 0.026441
v -0.013677 0.018092 0.025992
v -0.013613 0.017333 0.026618
v -0.013128 0.019506 0.026798
v -0.012874 0.019841 0.027018
v -0.012403 0.019968 0.027781
v -0.012096 0.020215 0.028280
v -0.011655 0.020734 0.029248
v -0.011578 0.020993 0.028836
v -0.012327 0.020416 0.026549
v -0.012907 0.020464 0.025568
v -0.012303 0.021220 0.025745
v -0.011251 0.022495 0.026571
v -0.011478 0.022709 0.025632
v -0.011642 0.022280 0.026190
v -0.010752 0.022925 0.026378
v -0.010716 0.023276 0.024839
v -0.011900 0.022545 0.024898
v -0.012354 0.021753 0.024715
v -0.012258 0.022506 0.024189
v -0.012812 0.020182 0.026200
v -0.011294 0.024407 0.022398
v -0.010077 0.024410 0.024379
v -0.009796 0.024584 0.024020
v -0.009179 0.024796 0.023675
v -0.009022 0.024902 0.023789
v -0.009217 0.024905 0.023285
v -0.009596 0.024403 0.025997
v -0.010875 0.024783 0.020467
v -0.010967 0.024962 0.019952
v -0.010745 0.024887 0.020379
v -0.011897 0.025981 0.015863
v -0.011550 0.026222 0.015318
v -0.011024 0.026005 0.016500
v -0.010398 0.026190 0.017785
v -0.010795 0.025925 0.018099
v -0.010986 0.025781 0.018839
v -0.011012 0.025512 0.019329
v -0.013101 0.025073 0.017767
v -0.007243 0.025515 0.027560
v -0.007581 0.024897 0.027654
v -0.005487 0.028447 0.021705
v -0.005150 0.028419 0.022314
v -0.005123 0.028757 0.021563
v -0.005730 0.028427 0.019713
v -0.005480 0.028783 0.019506
v -0.005316 0.029429 0.015422
v -0.005489 0.029670 0.014805
v -0.006738 0.028870 0.016233
v -0.005861 0.028834 0.018053
v -0.007009 0.028455 0.016733
v -0.004650 0.027768 0.023410
v -0.004431 0.027902 0.023683
v -0.004459 0.027684 0.024668
v -0.003650 0.028844 0.026398
v -0.003317 0.029145 0.022918
v -0.004026 0.029205 0.020358
v -0.003720 0.029412 0.019836
v -0.003477 0.029819 0.019288
v -0.002704 0.030054 0.020006
v -0.002484 0.029993 0.021112
v -0.002324 0.030081 0.022979
v -0.002095 0.030105 0.024614
v -0.001364 0.030056 0.026160
v -0.001983 0.029859 0.025429
v -0.001019 0.030083 0.027356
v -0.000690 0.030095 0.029079
v -0.001073 0.029715 0.029343
v -0.001455 0.029336 0.029167
v -0.001545 0.029430 0.026913
v -0.001706 0.029397 0.026526
v -0.002795 0.029328 0.025023
v -0.002795 0.029412 0.023922
v -0.002843 0.029475 0.020595
v -0.003056 0.029373 0.020267
v -0.003012 0.029235 0.021102
v -0.003220 0.029189 0.020967
v -0.002787 0.029407 0.021623
v -0.002428 0.029722 0.024965
v -0.002326 0.029432 0.025847
v -0.000216 0.030389 0.028506
v 0.000613 0.030390 0.029844
v 0.000352 0.030604 0.025953
v 0.000286 0.030491 0.027247
v 0.000313 0.030737 0.025252
v 0.000540 0.030851 0.025621
v 0.000732 0.031426 0.024928
v 0.001073 0.031742 0.024658
v 0.000442 0.031804 0.022797
v 0.000405 0.031415 0.023812
v 0.000072 0.031528 0.022840
v -0.000460 0.031225 0.022612
v -0.001400 0.030617 0.022534
v -0.001433 0.030737 0.021888
v -0.001575 0.030688 0.020867
v -0.001035 0.031145 0.022107
v -0.000774 0.031404 0.022143
v -0.000564 0.031661 0.021888
v -0.000876 0.031647 0.021040
v -0.000464 0.031944 0.020983
v -0.000961 0.031639 0.018239
v -0.001107 0.031391 0.018456
v -0.001299 0.030993 0.021131
v -0.001467 0.030688 0.018460
v -0.001530 0.030783 0.017448
v -0.001718 0.030805 0.016997
v -0.001292 0.031442 0.017302
v -0.001574 0.031605 0.016655
v -0.000638 0.031902 0.018451
v -0.000807 0.031887 0.017649
v -0.001064 0.031806 0.017194
v -0.001674 0.031865 0.016250
v -0.002231 0.030907 0.016493
v -0.002495 0.030846 0.016083
v -0.002207 0.031353 0.016183
v -0.002397 0.031422 0.015598
v -0.002123 0.031778 0.015757
v -0.001745 0.032062 0.015687
v -0.002202 0.031859 0.015038
v -0.002616 0.031544 0.013036
v -0.002895 0.030696 0.013402
v -0.002706 0.030766 0.015401
v -0.002953 0.030532 0.015952
v -0.002479 0.030528 0.017111
v -0.002606 0.030381 0.019125
v -0.003645 0.030090 0.018471
v -0.003978 0.029719 0.018928
v -0.004516 0.029246 0.018922
v -0.004086 0.029384 0.019515
v -0.004287 0.029435 0.018668
v -0.004507 0.029362 0.016553
v -0.004109 0.029872 0.016779
v -0.004041 0.030115 0.016135
v -0.004522 0.029940 0.015307
v -0.003691 0.030387 0.015867
v -0.003217 0.030371 0.017962
v -0.004158 0.030572 0.012700
v -0.003930 0.030800 0.012105
v -0.004372 0.030652 0.011772
v -0.004560 0.030554 0.011274
v -0.005015 0.030139 0.010212
v -0.004770 0.029875 0.009653
v -0.005575 0.029763 0.010142
v -0.004702 0.029479 0.009337
v -0.005349 0.028918 0.009228
v -0.005365 0.029400 0.009504
v -0.005758 0.029145 0.009569
v -0.005663 0.029889 0.011062
v -0.006131 0.029353 0.013447
v -0.006527 0.029152 0.014473
v -0.006990 0.029034 0.014955
v -0.008201 0.029024 0.012338
v -0.008735 0.028467 0.013091
v -0.008728 0.028808 0.012198
v -0.009748 0.028412 0.011640
v -0.010333 0.027843 0.011816
v -0.010038 0.027443 0.014603
v -0.010639 0.027254 0.014766
v -0.011137 0.027415 0.013738
v -0.011589 0.027466 0.012929
v -0.011707 0.026873 0.014407
v -0.012756 0.026811 0.012883
v -0.013007 0.026873 0.012253
v -0.012646 0.027210 0.011972
v -0.011881 0.027173 0.013560
v -0.012919 0.027259 0.010104
v -0.013010 0.027145 0.009525
v -0.013801 0.026655 0.009658
v -0.013569 0.026665 0.010544
v -0.013718 0.026228 0.011018
v -0.013927 0.026058 0.011241
v -0.014613 0.026131 0.010393
v -0.014983 0.026053 0.010214
v -0.015673 0.025577 0.008262
v -0.014628 0.025740 0.008263
v -0.015635 0.024843 0.007468
v -0.016611 0.024467 0.007487
v -0.016886 0.024560 0.007745
v -0.016631 0.024857 0.008111
v -0.016484 0.024229 0.007297
v -0.017655 0.024285 0.007584
v -0.017721 0.024422 0.007975
v -0.017019 0.024679 0.008303
v -0.016898 0.024831 0.009518
v -0.017835 0.024254 0.007994
v -0.017840 0.023951 0.007867
v -0.017643 0.023271 0.007855
v -0.017538 0.022633 0.009814
v -0.017673 0.021056 0.012572
v -0.017866 0.021983 0.012188
v -0.017862 0.020885 0.014003
v -0.017329 0.018776 0.014692
v -0.017344 0.017538 0.015921
v -0.017131 0.019747 0.012295
v -0.016785 0.019928 0.010739
v -0.017284 0.021173 0.010990
v -0.016606 0.019878 0.009826
v -0.017134 0.021332 0.009983
v -0.017209 0.022044 0.007656
v -0.016959 0.021991 0.006844
v -0.016643 0.021523 0.006740
v -0.016572 0.022254 0.006799
v -0.016097 0.020804 0.006794
v -0.016668 0.021014 0.006892
v -0.016834 0.021148 0.007172
v -0.016670 0.020420 0.007678
v -0.016217 0.018722 0.009798
v -0.015977 0.017918 0.009967
v -0.015867 0.018608 0.006895
v -0.016136 0.019412 0.006895
v -0.015844 0.019119 0.006740
v -0.015536 0.019105 0.006789
v -0.016111 0.019923 0.006741
v -0.016403 0.020217 0.006894
v -0.016369 0.019765 0.007174
v -0.016378 0.020724 0.006741
v -0.015615 0.022290 0.007308
v -0.014868 0.021015 0.007343
v -0.016998 0.023831 0.007079
v -0.017456 0.024057 0.007225
v -0.017265 0.023396 0.006843
v -0.017627 0.023757 0.007288
v -0.017442 0.023116 0.007073
v -0.017197 0.022608 0.006921
v -0.017195 0.022240 0.007165
v -0.016908 0.022446 0.006758
v -0.016903 0.023153 0.006840
v -0.016680 0.023417 0.007034
v -0.016221 0.023180 0.007181
v -0.015316 0.022522 0.007343
v -0.014741 0.023725 0.007248
v -0.016220 0.023900 0.007221
v -0.013762 0.023644 0.007213
v -0.013848 0.024459 0.007348
v -0.013876 0.025564 0.008031
v -0.014156 0.026015 0.008546
v -0.014939 0.025994 0.008922
v -0.014471 0.026308 0.009446
v -0.014205 0.026405 0.009853
v -0.013535 0.026684 0.009033
v -0.014069 0.026289 0.008916
v -0.013632 0.026162 0.008479
v -0.013172 0.025817 0.008075
v -0.013133 0.026654 0.008556
v -0.012831 0.026370 0.008182
v -0.012211 0.026924 0.008404
v -0.012131 0.027170 0.008722
v -0.012748 0.027130 0.009073
v -0.012364 0.027360 0.009466
v -0.011263 0.027527 0.009802
v -0.012144 0.027483 0.010413
v -0.012043 0.027497 0.011640
v -0.010875 0.027636 0.011465
v -0.010879 0.027619 0.009658
v -0.011163 0.027354 0.008917
v -0.011638 0.026640 0.008105
v -0.010259 0.027057 0.008302
v -0.009818 0.026439 0.008034
v -0.010506 0.026535 0.008002
v -0.012436 0.026089 0.007970
v -0.011001 0.025627 0.007876
v -0.012905 0.025390 0.007909
v -0.013401 0.025332 0.007887
v -0.013746 0.024910 0.007556
v -0.012860 0.024831 0.007787
v -0.012498 0.025408 0.007879
v -0.011891 0.023881 0.007909
v -0.010188 0.025774 0.007839
v -0.009671 0.025590 0.007874
v -0.009358 0.025746 0.007974
v -0.009483 0.027008 0.008376
v -0.009822 0.027459 0.008497
v -0.010213 0.027475 0.008591
v -0.010102 0.027926 0.008847
v -0.010439 0.027801 0.009174
v -0.010648 0.027444 0.008790
v -0.010834 0.027148 0.008457
v -0.010445 0.028049 0.009862
v -0.010049 0.028486 0.010945
v -0.009544 0.028791 0.010927
v -0.010093 0.028465 0.009808
v -0.009554 0.028780 0.009891
v -0.009788 0.028417 0.009152
v -0.009029 0.028936 0.009867
v -0.008939 0.029051 0.010489
v -0.008688 0.029072 0.011114
v -0.008500 0.028962 0.009674
v -0.008274 0.029125 0.010493
v -0.008707 0.028700 0.009175
v -0.008547 0.028356 0.008790
v -0.009117 0.027957 0.008557
v -0.009504 0.028254 0.008774
v -0.008964 0.027379 0.008493
v -0.008879 0.026493 0.008426
v -0.008543 0.025560 0.008376
v -0.008173 0.025641 0.008522
v -0.007743 0.025738 0.008578
v -0.005705 0.025852 0.008484
v -0.007425 0.023793 0.008552
v -0.007350 0.022604 0.008470
v -0.007994 0.023883 0.008385
v -0.008432 0.022808 0.007966
v -0.009431 0.024265 0.007870
v -0.012354 0.024054 0.007790
v -0.013289 0.023858 0.007304
v -0.013161 0.022511 0.007234
v -0.012669 0.020752 0.007237
v -0.015130 0.020526 0.007283
v -0.015556 0.020820 0.007138
v -0.015576 0.018315 0.006741
v -0.015902 0.018380 0.007144
v -0.015640 0.016981 0.009841
v -0.015945 0.017444 0.010668
v -0.015811 0.015895 0.012447
v -0.016391 0.017441 0.012348
v -0.016706 0.017213 0.014402
v -0.016234 0.015937 0.014510
v -0.015775 0.014394 0.014677
v -0.016806 0.015795 0.016607
v -0.016625 0.015776 0.015866
v -0.016918 0.015288 0.019447
v -0.016560 0.015290 0.021157
v -0.016218 0.015710 0.022003
v -0.016589 0.014161 0.019715
v -0.016818 0.014972 0.018983
v -0.017148 0.016497 0.017260
v -0.016522 0.014506 0.021431
v -0.016629 0.014402 0.020366
v -0.016402 0.013689 0.018972
v -0.015940 0.013095 0.017086
v -0.015601 0.012386 0.016413
v -0.016359 0.011315 0.022358
v -0.016451 0.011075 0.022778
v -0.016452 0.010613 0.022221
v -0.016036 0.010430 0.021928
v -0.016273 0.010975 0.022153
v -0.015739 0.010363 0.021625
v -0.015753 0.010865 0.021153
v -0.015801 0.011622 0.019935
v -0.015373 0.009494 0.021551
v -0.015532 0.009596 0.021768
v -0.015748 0.009847 0.021872
v -0.015931 0.009787 0.021953
v -0.016123 0.009109 0.022004
v -0.015539 0.008837 0.022017
v -0.014949 0.008037 0.021793
v -0.014853 0.008236 0.021249
v -0.015017 0.007774 0.021987
v -0.015393 0.007965 0.022011
v -0.015177 0.007357 0.021999
v -0.014966 0.007275 0.022048
v -0.014642 0.007217 0.021855
v -0.014336 0.006738 0.021492
v -0.014103 0.005961 0.021518
v -0.014376 0.006262 0.021875
v -0.013776 0.005036 0.021487
v -0.013944 0.006056 0.020553
v -0.013506 0.004219 0.021532
v -0.013984 0.004602 0.021969
v -0.013851 0.004683 0.021858
v -0.014076 0.004391 0.022004
v -0.014549 0.005051 0.021991
v -0.014829 0.005247 0.022182
v -0.014931 0.005762 0.022347
v -0.015024 0.006073 0.023560
v -0.014865 0.006797 0.025530
v -0.014866 0.008967 0.025935
v -0.015127 0.008527 0.023492
v -0.015018 0.008796 0.024011
v -0.015332 0.008562 0.023056
v -0.015205 0.009091 0.023382
v -0.015706 0.009613 0.023568
v -0.015432 0.009957 0.024117
v -0.016002 0.009867 0.023416
v -0.016476 0.010193 0.022652
v -0.016294 0.010519 0.023271
v -0.016524 0.010123 0.022307
v -0.016378 0.010122 0.022050
v -0.016390 0.009605 0.022017
v -0.016353 0.009388 0.022170
v -0.015842 0.008957 0.022723
v -0.015989 0.007339 0.022476
v -0.016101 0.008408 0.022294
v -0.016313 0.008135 0.021867
v -0.016210 0.008438 0.021968
v -0.016304 0.008341 0.021588
v -0.016510 0.008644 0.021297
v -0.016465 0.008427 0.021370
v -0.016421 0.007227 0.021440
v -0.016318 0.007461 0.021224
v -0.016334 0.008164 0.021372
v -0.015971 0.008137 0.021679
v -0.015416 0.008320 0.022033
v -0.016088 0.008539 0.021898
v -0.016150 0.008792 0.022021
v -0.016218 0.009203 0.022380
v -0.015676 0.006633 0.021313
v -0.015152 0.006660 0.021818
v -0.015208 0.006288 0.021892
v -0.014803 0.005860 0.022104
v -0.014798 0.006249 0.022025
v -0.015165 0.006147 0.022152
v -0.015135 0.006103 0.022717
v -0.015357 0.006327 0.022521
v -0.015037 0.007061 0.024116
v -0.015196 0.006939 0.023424
v -0.015494 0.007342 0.022943
v -0.016016 0.006423 0.021832
v -0.015641 0.006289 0.021816
v -0.015376 0.006654 0.022877
v -0.015677 0.006425 0.021440
v -0.016326 0.006393 0.021157
v -0.016361 0.006510 0.021021
v -0.016249 0.006860 0.021068
v -0.016488 0.006664 0.021179
v -0.016224 0.007018 0.022049
v -0.016674 0.006965 0.020870
v -0.016470 0.007011 0.021146
v -0.015776 0.006847 0.021237
v -0.016008 0.007465 0.021233
v -0.016885 0.007011 0.020693
v -0.016936 0.007521 0.020657
v -0.016795 0.006474 0.020686
v -0.016692 0.006720 0.020740
v -0.016361 0.005679 0.020682
v -0.016477 0.005982 0.020718
v -0.015839 0.004712 0.020727
v -0.014560 0.006376 0.022007
v -0.014200 0.005295 0.021948
v -0.014103 0.005430 0.021835
v -0.014343 0.006849 0.026746
v -0.013836 0.006756 0.027234
v -0.013662 0.006978 0.027595
v -0.013536 0.006900 0.027924
v -0.013425 0.006848 0.028476
v -0.013032 0.006799 0.030799
v -0.012919 0.005783 0.029954
v -0.012785 0.006626 0.031046
v -0.012666 0.005146 0.029654
v -0.012325 0.004914 0.029840
v -0.013027 0.005452 0.029220
v -0.013256 0.005966 0.029085
v -0.013462 0.006199 0.027647
v -0.013724 0.006350 0.027055
v -0.014315 0.005982 0.026015
v -0.014391 0.006492 0.026456
v -0.014726 0.006455 0.025748
v -0.014899 0.005734 0.024339
v -0.014593 0.005390 0.024961
v -0.013742 0.005047 0.025677
v -0.013452 0.004733 0.025849
v -0.013600 0.004541 0.024664
v -0.014233 0.004785 0.024556
v -0.014221 0.005287 0.025477
v -0.014968 0.005636 0.022749
v -0.014947 0.004872 0.022965
v -0.014902 0.004530 0.022092
v -0.014808 0.004748 0.023432
v -0.014619 0.004542 0.023704
v -0.014302 0.004300 0.023944
v -0.013746 0.003888 0.024266
v -0.013230 0.004586 0.026454
v -0.013339 0.005292 0.027228
v -0.013056 0.005057 0.027899
v -0.012751 0.004501 0.027318
v -0.012750 0.004774 0.027873
v -0.012491 0.004809 0.028591
v -0.012119 0.004315 0.028278
v -0.012048 0.004480 0.030394
v -0.012205 0.004675 0.029413
v -0.012422 0.005308 0.030377
v -0.012126 0.005000 0.030875
v -0.012127 0.005413 0.031267
v -0.011964 0.005369 0.032777
v -0.011820 0.005083 0.033272
v -0.011713 0.005524 0.034935
v -0.011725 0.006120 0.036094
v -0.011417 0.005810 0.036315
v -0.011403 0.006518 0.038064
v -0.011111 0.005986 0.037038
v -0.010751 0.006183 0.038327
v -0.010553 0.006161 0.039115
v -0.010790 0.006568 0.039098
v -0.010579 0.006770 0.039730
v -0.010455 0.006448 0.040214
v -0.011362 0.006779 0.038559
v -0.011062 0.006417 0.038572
v -0.010414 0.006247 0.041026
v -0.010636 0.005893 0.037207
v -0.011040 0.005617 0.036596
v -0.011332 0.005224 0.035721
v -0.011310 0.004928 0.034436
v -0.011065 0.005064 0.036028
v -0.010759 0.005216 0.036661
v -0.010550 0.005151 0.037203
v -0.010750 0.004834 0.035837
v -0.011360 0.004683 0.033756
v -0.011270 0.004413 0.033467
v -0.011648 0.004167 0.032577
v -0.011053 0.003443 0.032946
v -0.011349 0.003650 0.032650
v -0.011190 0.003763 0.033073
v -0.010798 0.004146 0.033739
v -0.010622 0.004553 0.033999
v -0.010517 0.004331 0.034480
v -0.010500 0.004528 0.035847
v -0.010430 0.004788 0.037509
v -0.010448 0.005618 0.038569
v -0.010020 0.004326 0.040275
v -0.009954 0.004766 0.040916
v -0.009666 0.004408 0.040949
v -0.009364 0.004134 0.041060
v -0.009440 0.003411 0.040486
v -0.009673 0.003782 0.040483
v -0.009745 0.003591 0.039903
v -0.010079 0.004064 0.039580
v -0.010027 0.003618 0.037542
v -0.010246 0.003891 0.037323
v -0.010343 0.004797 0.039705
v -0.010441 0.003516 0.034665
v -0.010587 0.003840 0.034132
v -0.010756 0.003614 0.033580
v -0.010677 0.003314 0.033157
v -0.011302 0.003322 0.031334
v -0.011706 0.003766 0.031512
v -0.011681 0.003277 0.030278
v -0.011915 0.003351 0.029380
v -0.012153 0.003669 0.027830
v -0.012278 0.002989 0.026633
v -0.012387 0.003448 0.027016
v -0.013046 0.004499 0.026873
v -0.012948 0.003849 0.026660
v -0.013011 0.002922 0.025577
v -0.013063 0.001982 0.024334
v -0.013134 0.002301 0.024659
v -0.012400 0.001779 0.025531
v -0.012759 0.001557 0.023664
v -0.012375 0.001535 0.024441
v -0.012290 0.002279 0.026323
v -0.012688 0.001989 0.025387
v -0.012621 0.002826 0.026101
v -0.011947 0.002284 0.027439
v -0.011650 0.002057 0.028278
v -0.011645 0.002517 0.029351
v -0.011674 0.001694 0.027343
v -0.011294 0.001697 0.028222
v -0.011342 0.001958 0.029332
v -0.011343 0.002206 0.029747
v -0.010993 0.002543 0.030407
v -0.011274 0.002809 0.030335
v -0.011242 0.003058 0.030713
v -0.010737 0.003145 0.032300
v -0.010486 0.002590 0.031510
v -0.010500 0.002939 0.032869
v -0.010324 0.002913 0.034900
v -0.010320 0.003860 0.036575
v -0.009669 0.002802 0.036562
v -0.009636 0.003059 0.036910
v -0.009534 0.003201 0.037380
v -0.009665 0.003374 0.038025
v -0.009164 0.003132 0.039687
v -0.009016 0.003168 0.040567
v -0.009150 0.003601 0.041127
v -0.008940 0.003814 0.041763
v -0.008859 0.004264 0.042518
v -0.009007 0.004786 0.044952
v -0.009011 0.004597 0.043710
v -0.009447 0.005031 0.044824
v -0.009187 0.005226 0.045400
v -0.009518 0.005614 0.045242
v -0.009745 0.005173 0.044114
v -0.009676 0.004977 0.042397
v -0.009156 0.004757 0.044152
v -0.009107 0.004484 0.041376
v -0.009632 0.004660 0.041292
v -0.009531 0.004800 0.041759
v -0.008994 0.004592 0.041513
v -0.008920 0.005144 0.046032
v -0.008833 0.005551 0.047226
v -0.008721 0.004541 0.047680
v -0.008501 0.003916 0.047226
v -0.008341 0.003721 0.047934
v -0.008505 0.003975 0.050317
v -0.008466 0.004085 0.051566
v -0.007956 0.004542 0.053207
v -0.007459 0.004570 0.053473
v -0.007704 0.004098 0.053108
v -0.006895 0.004171 0.053942
v -0.006631 0.005214 0.054167
v -0.006851 0.009979 0.054158
v -0.006489 0.013448 0.054138
v -0.005241 0.014681 0.054156
v 0.000620 0.025005 0.054176
v 0.000082 0.024696 0.054207
v 0.000860 0.022393 0.054156
v -0.003378 0.018452 0.054156
v -0.006782 0.006393 0.054132
v -0.005965 0.003514 0.054192
v -0.005105 0.004044 0.054156
v -0.003443 0.002410 0.054135
v -0.004844 0.002441 0.054114
v -0.006437 0.004077 0.054138
v -0.007392 0.003868 0.053399
v -0.008109 0.003850 0.052405
v -0.008137 0.003501 0.050630
v -0.007560 0.003079 0.051456
v -0.008124 0.003566 0.051745
v -0.007845 0.003459 0.052423
v -0.007589 0.003415 0.052751
v -0.007352 0.002921 0.052246
v -0.007246 0.003273 0.053415
v -0.006976 0.003016 0.053961
v -0.006791 0.002721 0.054171
v -0.006282 0.002796 0.054306
v -0.006537 0.002688 0.054297
v -0.006453 0.002219 0.054202
v -0.006739 0.002206 0.053931
v -0.007067 0.002351 0.053393
v -0.007043 0.002458 0.053705
v -0.007113 0.002279 0.051871
v -0.007355 0.002832 0.050732
v -0.007504 0.003125 0.047234
v -0.008026 0.003063 0.045668
v -0.007926 0.003268 0.046279
v -0.008322 0.003484 0.046115
v -0.008064 0.002802 0.045321
v -0.008593 0.003922 0.046474
v -0.008732 0.004336 0.046401
v -0.008814 0.004249 0.044939
v -0.008812 0.003237 0.042242
v -0.008733 0.003199 0.044071
v -0.008427 0.002607 0.044482
v -0.008460 0.003233 0.045171
v -0.007598 0.002530 0.045612
v -0.007408 0.002992 0.045898
v -0.007336 0.002941 0.046275
v -0.007118 0.002172 0.047599
v -0.007039 0.002152 0.049083
v -0.006871 0.001917 0.048646
v -0.006849 0.001913 0.051651
v -0.006550 0.001814 0.053704
v -0.005926 0.001556 0.053986
v -0.005986 0.001367 0.053528
v -0.006154 0.001404 0.052765
v -0.005683 0.000866 0.053218
v -0.005657 0.000937 0.053751
v -0.005319 0.001032 0.054145
v -0.005631 0.001650 0.054245
v -0.005439 0.001971 0.054273
v -0.004909 0.001202 0.054301
v -0.005265 0.000691 0.053792
v -0.005386 0.000615 0.053077
v -0.004642 0.000325 0.053327
v -0.004565 0.000455 0.053892
v -0.004562 0.000654 0.054125
v -0.004570 0.000875 0.054238
v -0.003957 0.001221 0.054251
v -0.003875 0.000296 0.053509
v -0.004818 0.000329 0.052387
v -0.005089 0.000459 0.049638
v -0.005699 0.000771 0.048148
v -0.005533 0.000769 0.049685
v -0.006100 0.000950 0.047214
v -0.006057 0.001421 0.048871
v -0.006128 0.001376 0.047843
v -0.006755 0.001579 0.047394
v -0.007037 0.001778 0.047057
v -0.007037 0.001146 0.045676
v -0.007429 0.001414 0.044243
v -0.007429 0.001620 0.045140
v -0.008185 0.001903 0.042017
v -0.008086 0.001903 0.044279
v -0.008695 0.002691 0.042581
v -0.008352 0.001973 0.039919
v -0.007903 0.001624 0.038813
v -0.008338 0.001788 0.038639
v -0.008484 0.001587 0.037799
v -0.008590 0.002042 0.038643
v -0.008758 0.002114 0.037970
v -0.009147 0.001990 0.036731
v -0.008990 0.001553 0.036201
v -0.008975 0.002251 0.037253
v -0.009016 0.002991 0.037124
v -0.009204 0.002543 0.036852
v -0.009664 0.002162 0.036122
v -0.010078 0.003134 0.036257
v -0.010077 0.002431 0.035315
v -0.009746 0.001979 0.035553
v -0.009447 0.001804 0.036121
v -0.009683 0.001755 0.033122
v -0.009861 0.001672 0.032235
v -0.010080 0.002042 0.033119
v -0.010291 0.002390 0.033215
v -0.010296 0.001998 0.031728
v -0.010580 0.002252 0.030974
v -0.010754 0.002006 0.030432
v -0.010734 0.002858 0.030743
v -0.011065 0.001886 0.029914
v -0.010742 0.001538 0.029194
v -0.011253 0.001358 0.027396
v -0.011367 0.000698 0.026313
v -0.011066 0.000547 0.026518
v -0.010638 0.000516 0.027065
v -0.010751 0.000267 0.026051
v -0.011164 0.000217 0.024967
v -0.011564 -0.000090 0.023992
v -0.011375 -0.000726 0.023456
v -0.011511 -0.000826 0.022966
v -0.010759 -0.001206 0.023640
v -0.010741 -0.000752 0.024198
v -0.010328 -0.000926 0.024794
v -0.010510 -0.000529 0.024820
v -0.010487 -0.000063 0.025738
v -0.010125 -0.000560 0.026226
v -0.009913 -0.000168 0.027101
v -0.009416 -0.000218 0.027359
v -0.009069 -0.000672 0.027443
v -0.008729 -0.000947 0.027795
v -0.008856 -0.000574 0.027996
v -0.008951 -0.000069 0.028652
v -0.009193 0.000183 0.029710
v -0.008988 0.000244 0.030903
v -0.009233 0.000544 0.031293
v -0.008641 0.000326 0.032042
v -0.008448 -0.000022 0.031592
v -0.007939 -0.000234 0.031666
v -0.008071 0.000089 0.032073
v -0.007595 0.000181 0.032641
v -0.008286 0.000311 0.032788
v -0.008081 0.000333 0.033609
v -0.008130 0.000422 0.035708
v -0.007900 0.000510 0.036918
v -0.008195 0.000716 0.036860
v -0.007594 0.000898 0.037845
v -0.008824 0.001496 0.036730
v -0.008448 0.000989 0.036857
v -0.008536 0.000713 0.035418
v -0.009015 0.001408 0.035329
v -0.009013 0.001369 0.033316
v -0.008555 0.000510 0.032990
v -0.008787 0.000803 0.032788
v -0.009636 0.001424 0.031878
v -0.009029 0.001406 0.032190
v -0.009012 0.000770 0.031912
v -0.009466 0.001112 0.031582
v -0.009598 0.000535 0.030622
v -0.010125 0.000986 0.030347
v -0.010003 0.001037 0.030798
v -0.010091 0.001581 0.031489
v -0.010648 0.001683 0.030002
v -0.010520 0.001252 0.028863
v -0.010659 0.001346 0.027782
v -0.010803 0.000912 0.027318
v -0.010573 0.000847 0.027722
v -0.010351 0.000721 0.028370
v -0.010102 0.000486 0.028661
v -0.009944 0.000198 0.027871
v -0.009633 0.000290 0.028688
v -0.009058 0.000071 0.027735
v -0.009751 0.000024 0.027559
v -0.010250 0.000027 0.026875
v -0.011338 0.000065 0.024462
v -0.011022 -0.000224 0.024218
v -0.010688 0.000027 0.024593
v -0.007938 0.001304 0.037977
v -0.007434 0.001407 0.038457
v -0.007527 0.001526 0.039656
v -0.007368 0.001368 0.039218
v -0.006954 0.000721 0.041018
v -0.007019 0.000909 0.044490
v -0.006674 0.000987 0.046353
v -0.006027 0.000600 0.046544
v -0.006544 0.000615 0.045245
v -0.006467 0.000431 0.043017
v -0.006687 0.000507 0.042084
v -0.006181 0.000201 0.041678
v -0.006735 0.000452 0.039769
v -0.007087 0.000747 0.039167
v -0.007321 0.000814 0.038296
v -0.007121 0.000513 0.038097
v -0.007536 0.000467 0.037275
v -0.006874 0.000377 0.038180
v -0.006859 0.000157 0.037172
v -0.006293 0.000185 0.037844
v -0.006078 0.000079 0.037228
v -0.006430 -0.000164 0.036757
v -0.007272 0.000038 0.036043
v -0.007318 -0.000088 0.034914
v -0.007017 -0.000345 0.036083
v -0.007033 -0.000063 0.036387
v -0.006734 -0.000051 0.036756
v -0.006258 -0.000539 0.036522
v -0.006725 -0.000596 0.035954
v -0.006779 -0.000752 0.035154
v -0.006999 -0.000641 0.034102
v -0.007262 -0.000205 0.033233
v -0.007267 -0.000644 0.032266
v -0.007499 -0.000780 0.031651
v -0.007046 -0.000903 0.032558
v -0.007137 -0.001079 0.031756
v -0.007821 -0.001162 0.030517
v -0.006815 -0.001145 0.032524
v -0.005688 -0.001508 0.033566
v -0.006345 -0.001159 0.034302
v -0.005658 -0.001204 0.035684
v -0.004833 -0.001207 0.037818
v -0.004292 -0.001247 0.040795
v -0.004558 -0.000877 0.041806
v -0.004887 -0.000960 0.041252
v -0.005114 -0.000968 0.040413
v -0.005547 -0.000730 0.038656
v -0.005546 -0.000610 0.041335
v -0.005694 -0.000350 0.041730
v -0.005304 -0.000607 0.041721
v -0.005816 -0.000063 0.041858
v -0.006115 0.000056 0.040492
v -0.005757 -0.000422 0.038662
v -0.005779 -0.000621 0.037570
v -0.005993 -0.000508 0.037012
v -0.005866 -0.000966 0.036295
v -0.005370 -0.001059 0.037253
v -0.005192 -0.001020 0.038456
v -0.006403 -0.000939 0.035390
v -0.005829 0.000292 0.043446
v -0.005911 0.000351 0.045514
v -0.005085 0.000272 0.046430
v -0.004688 0.000330 0.049245
v -0.005736 0.000404 0.046505
v -0.005355 0.000414 0.047847
v -0.004280 0.000298 0.049161
v -0.004469 0.000177 0.047026
v -0.003924 0.000181 0.052260
v -0.000245 0.023634 0.054139
v 0.001779 0.024536 0.054202
v 0.004211 0.025072 0.054273
v 0.004552 0.025731 0.053972
v 0.004669 0.025864 0.053643
v 0.005094 0.025334 0.054282
v 0.005430 0.024969 0.054326
v 0.005109 0.023882 0.054131
v -0.002437 0.001191 0.054266
v -0.002291 0.000884 0.054237
v -0.002810 0.000473 0.053914
v -0.001156 0.000161 0.052210
v -0.001272 -0.000065 0.051010
v -0.001629 0.000075 0.050372
v -0.001323 -0.000431 0.050308
v -0.001724 -0.000654 0.049484
v -0.000973 -0.000085 0.051423
v -0.000823 -0.000814 0.050206
v -0.001108 -0.000991 0.049552
v -0.002180 -0.000022 0.049850
v -0.003150 0.000300 0.049785
v -0.002823 0.000154 0.049183
v -0.003981 0.000149 0.047749
v -0.004058 0.000267 0.048412
v -0.002003 0.000255 0.052256
v -0.004176 -0.000076 0.046877
v -0.004667 0.000172 0.045884
v -0.004820 0.000262 0.043666
v -0.004484 0.000102 0.042787
v -0.004770 -0.000033 0.042575
v -0.005493 0.000148 0.042858
v -0.005441 -0.000073 0.042310
v -0.004620 -0.000457 0.042330
v -0.004181 -0.000473 0.043507
v -0.004335 -0.000113 0.045901
v -0.004065 -0.000330 0.046784
v -0.003694 -0.000615 0.046700
v -0.003879 -0.000649 0.046227
v -0.003235 -0.000951 0.046323
v -0.002917 -0.000609 0.047412
v -0.002296 -0.000584 0.049022
v -0.002688 -0.000420 0.048039
v -0.003209 -0.000152 0.047468
v -0.003866 -0.000199 0.047144
v -0.003703 0.000007 0.047544
v -0.003111 0.000180 0.048046
v -0.002944 0.000074 0.047762
v -0.002612 -0.000050 0.049108
v -0.002406 -0.000369 0.049137
v -0.001960 -0.000994 0.048499
v -0.001531 -0.001258 0.047935
v -0.002601 -0.001116 0.046728
v -0.002611 -0.001268 0.045833
v -0.003379 -0.001020 0.045577
v -0.003907 -0.000829 0.043694
v -0.003760 -0.001019 0.043075
v -0.004283 -0.000613 0.042781
v -0.003404 -0.001181 0.043047
v -0.003047 -0.001297 0.042696
v -0.003845 -0.001336 0.040071
v -0.004024 -0.001336 0.038308
v -0.004537 -0.001396 0.036132
v -0.004419 -0.001537 0.035570
v -0.005374 -0.001414 0.034261
v -0.005435 -0.001667 0.033548
v -0.005655 -0.001943 0.032977
v -0.005901 -0.001663 0.032616
v -0.005905 -0.001941 0.031490
v -0.006008 -0.002117 0.030817
v -0.006290 -0.002286 0.029950
v -0.005698 -0.002312 0.031416
v -0.006297 -0.001999 0.030381
v -0.006686 -0.001671 0.030466
v -0.006917 -0.001344 0.031169
v -0.007146 -0.001707 0.029765
v -0.007486 -0.001428 0.029609
v -0.007849 -0.001413 0.028044
v -0.008329 -0.001199 0.028199
v -0.008387 -0.001541 0.027277
v -0.008497 -0.001013 0.028500
v -0.008473 -0.000555 0.030720
v -0.008140 -0.000968 0.030381
v -0.008005 -0.000846 0.030931
v -0.007758 -0.000492 0.031566
v -0.007424 0.000091 0.032158
v -0.007612 0.000160 0.035165
v -0.008668 -0.000300 0.030644
v -0.008870 -0.000094 0.029915
v -0.009143 -0.001195 0.026644
v -0.009107 -0.001388 0.026014
v -0.009415 -0.001421 0.024975
v -0.008870 -0.001679 0.025774
v -0.009001 -0.002070 0.024514
v -0.009075 -0.001580 0.024623
v -0.009462 -0.001877 0.024183
v -0.009806 -0.001520 0.024504
v -0.009930 -0.001186 0.025109
v -0.009867 -0.000941 0.026004
v -0.009662 -0.000859 0.026529
v -0.008811 -0.002528 0.024317
v -0.008663 -0.002197 0.025499
v -0.008476 -0.002087 0.026442
v -0.008180 -0.002347 0.026534
v -0.007786 -0.002067 0.027190
v -0.007423 -0.002191 0.027566
v -0.008749 -0.001573 0.026630
v -0.007793 -0.001658 0.027510
v -0.007475 -0.001552 0.027740
v -0.007233 -0.001977 0.028420
v -0.006975 -0.001955 0.029818
v -0.006725 -0.002267 0.029496
v -0.005868 -0.002544 0.030121
v -0.005009 -0.002585 0.032287
v -0.004699 -0.002487 0.032927
v -0.004156 -0.002375 0.034007
v -0.004484 -0.002025 0.033816
v -0.004819 -0.002099 0.033416
v -0.004809 -0.001646 0.033824
v -0.004542 -0.001511 0.034030
v -0.004259 -0.001935 0.034695
v -0.004130 -0.001626 0.036298
v -0.003851 -0.001865 0.036363
v -0.003878 -0.001517 0.036977
v -0.003271 -0.001646 0.036926
v -0.003591 -0.001430 0.037462
v -0.000759 -0.001342 0.047711
v -0.000345 -0.000883 0.050053
v -0.000271 -0.000228 0.051236
v 0.000064 -0.000384 0.050559
v 0.000027 -0.000062 0.051364
v -0.001121 0.000389 0.053631
v -0.002249 0.000667 0.054137
v -0.001298 0.000315 0.053244
v -0.000486 0.000036 0.052089
v -0.000640 -0.000190 0.051423
v 0.006450 0.023914 0.054200
v 0.007159 0.023641 0.054224
v 0.007035 0.024092 0.054161
v 0.007826 0.024147 0.054145
v 0.007069 0.024407 0.053845
v 0.008078 0.024323 0.053800
v 0.008013 0.024446 0.053321
v 0.007157 0.025164 0.049386
v 0.007462 0.024885 0.049651
v 0.007720 0.024683 0.050093
v 0.007339 0.025232 0.048983
v 0.007191 0.025525 0.048206
v 0.006740 0.025750 0.048233
v 0.006349 0.025905 0.046638
v 0.005422 0.025960 0.046675
v 0.006069 0.026133 0.045697
v 0.005810 0.026835 0.044755
v 0.006131 0.026498 0.044895
v 0.005152 0.027103 0.044881
v 0.005423 0.027164 0.044390
v 0.006290 0.026246 0.045087
v 0.006602 0.026092 0.044277
v 0.006689 0.025920 0.045577
v 0.007382 0.025480 0.046799
v 0.007682 0.025113 0.046765
v 0.007937 0.024826 0.047574
v 0.007166 0.025670 0.046029
v 0.007036 0.025844 0.042524
v 0.007421 0.025539 0.043085
v 0.007421 0.025719 0.041265
v 0.007770 0.025445 0.041328
v 0.007662 0.025751 0.040515
v 0.008281 0.025646 0.040158
v 0.007903 0.026016 0.039101
v 0.007746 0.026283 0.038201
v 0.007502 0.026323 0.038886
v 0.007506 0.026117 0.039346
v 0.007451 0.026530 0.038553
v 0.007141 0.026885 0.038382
v 0.006738 0.026798 0.038977
v 0.006272 0.026925 0.039664
v 0.006023 0.026985 0.040733
v 0.006482 0.026245 0.040609
v 0.006054 0.026865 0.042541
v 0.006557 0.026189 0.043140
v 0.006737 0.026016 0.040615
v 0.006764 0.026115 0.039796
v 0.006658 0.026222 0.039708
v 0.005900 0.026963 0.043781
v 0.005381 0.027269 0.043890
v 0.004449 0.027319 0.045445
v 0.004010 0.027212 0.047062
v 0.002813 0.027549 0.046494
v 0.003824 0.027505 0.044994
v 0.002405 0.027515 0.042986
v 0.001984 0.027532 0.043902
v 0.000483 0.027503 0.044006
v 0.001285 0.027624 0.043065
v 0.000103 0.027673 0.042059
v 0.000649 0.027946 0.042119
v -0.000477 0.028320 0.040744
v 0.000546 0.028505 0.041481
v -0.000171 0.028725 0.040427
v -0.000712 0.028428 0.040366
v -0.001171 0.027678 0.041157
v -0.001045 0.028048 0.040520
v -0.001338 0.027823 0.040166
v -0.001087 0.027516 0.042954
v 0.000066 0.027527 0.042856
v 0.001740 0.027560 0.047023
v 0.000306 0.027573 0.048651
v -0.000042 0.027823 0.041584
v -0.000739 0.027844 0.041179
v -0.000878 0.027631 0.041682
v -0.001687 0.027596 0.040305
v -0.001517 0.027854 0.037547
v -0.001120 0.028471 0.037919
v -0.000936 0.028450 0.039803
v -0.000428 0.028787 0.039778
v 0.000164 0.029037 0.039486
v 0.000766 0.028891 0.040788
v 0.001356 0.028790 0.041009
v 0.001506 0.028525 0.041427
v 0.002411 0.027613 0.041913
v 0.002069 0.027808 0.041575
v 0.001490 0.027976 0.042055
v 0.001085 0.027983 0.042213
v 0.000929 0.027708 0.042678
v 0.001669 0.027718 0.042469
v 0.001257 0.028414 0.041716
v 0.000910 0.028537 0.041601
v 0.003154 0.027641 0.041381
v 0.002932 0.027794 0.041005
v 0.003327 0.027897 0.039712
v 0.002700 0.028035 0.040753
v 0.002598 0.028604 0.040283
v 0.002069 0.028612 0.040747
v 0.001096 0.029046 0.040109
v 0.000812 0.029178 0.038503
v -0.000720 0.029132 0.034713
v -0.000365 0.029070 0.036972
v -0.000798 0.028846 0.037459
v -0.001308 0.028584 0.036907
v -0.001512 0.028738 0.036059
v -0.001721 0.028391 0.036429
v -0.001699 0.027794 0.037157
v -0.002341 0.027733 0.036720
v -0.002221 0.028432 0.035686
v -0.002328 0.028478 0.034994
v -0.001870 0.028782 0.035064
v -0.001907 0.028854 0.032306
v -0.001147 0.029051 0.035149
v -0.000075 0.029149 0.033736
v 0.001606 0.029138 0.039071
v 0.002012 0.029054 0.039537
v 0.002311 0.028910 0.039854
v 0.003028 0.029021 0.038407
v 0.002889 0.028665 0.039664
v 0.003273 0.028515 0.039247
v 0.004069 0.028117 0.039017
v 0.003487 0.027813 0.039620
v 0.003562 0.027685 0.039901
v 0.003762 0.027580 0.040375
v 0.004840 0.027464 0.041000
v 0.004537 0.027507 0.043296
v 0.004922 0.027444 0.043667
v 0.005626 0.027265 0.040639
v 0.006060 0.027121 0.039730
v 0.006447 0.027143 0.038737
v 0.006000 0.027360 0.038528
v 0.004412 0.027721 0.039462
v 0.004523 0.027897 0.038854
v 0.004124 0.028526 0.038489
v 0.003517 0.028760 0.038670
v 0.003230 0.029083 0.037393
v 0.002890 0.029135 0.035244
v 0.003860 0.029138 0.034918
v 0.003897 0.029350 0.034024
v 0.002404 0.029325 0.033939
v 0.001290 0.029586 0.033426
v 0.001000 0.029426 0.033680
v 0.000943 0.029226 0.034358
v 0.000685 0.029148 0.035338
v 0.002330 0.029150 0.037656
v 0.000861 0.029844 0.032726
v 0.000471 0.029497 0.032836
v 0.000272 0.029880 0.030989
v -0.000102 0.029388 0.030983
v -0.000781 0.029421 0.030455
v -0.001118 0.029202 0.030950
v -0.000223 0.029201 0.031739
v 0.000278 0.029246 0.033327
v 0.000806 0.030458 0.029219
v 0.001630 0.030481 0.027828
v 0.001569 0.030759 0.026594
v 0.002246 0.031409 0.026575
v 0.003038 0.031462 0.026816
v 0.003517 0.030963 0.027298
v 0.004090 0.030966 0.027222
v 0.004243 0.031451 0.026652
v 0.004994 0.031473 0.025948
v 0.005174 0.031678 0.025441
v 0.005982 0.031370 0.025011
v 0.006262 0.031542 0.023371
v 0.006000 0.031883 0.022593
v 0.006585 0.031549 0.022586
v 0.007192 0.031320 0.022222
v 0.006131 0.032267 0.021138
v 0.006007 0.032014 0.021940
v 0.005275 0.032167 0.021843
v 0.005142 0.032370 0.021486
v 0.005973 0.032600 0.020796
v 0.005734 0.033076 0.020535
v 0.006609 0.032392 0.020423
v 0.007128 0.032054 0.020566
v 0.007142 0.032379 0.019979
v 0.008314 0.031220 0.019727
v 0.007916 0.031509 0.019922
v 0.007600 0.031422 0.020767
v 0.007501 0.031793 0.020409
v 0.007118 0.031681 0.021663
v 0.007540 0.030965 0.022192
v 0.007802 0.030664 0.022229
v 0.007989 0.030463 0.022700
v 0.008724 0.030168 0.022734
v 0.009220 0.029509 0.023259
v 0.009153 0.028839 0.024573
v 0.008751 0.029194 0.024548
v 0.008852 0.029734 0.023646
v 0.007913 0.029980 0.024137
v 0.007562 0.030021 0.024939
v 0.007600 0.029541 0.026474
v 0.007477 0.029256 0.027511
v 0.007298 0.029647 0.026917
v 0.006622 0.030139 0.026880
v 0.006338 0.029997 0.027723
v 0.006145 0.030295 0.027216
v 0.005769 0.030444 0.027142
v 0.005577 0.030283 0.028566
v 0.004529 0.030309 0.029854
v 0.003801 0.030383 0.030890
v 0.003281 0.030358 0.032149
v 0.002420 0.030325 0.032480
v 0.002275 0.030476 0.031697
v 0.002496 0.030521 0.031202
v 0.002884 0.030487 0.029192
v 0.002151 0.030610 0.027474
v 0.003028 0.030525 0.028435
v 0.002628 0.030605 0.027908
v 0.003021 0.030837 0.027410
v 0.004300 0.030679 0.027674
v 0.004121 0.030493 0.028482
v 0.004817 0.030528 0.027779
v 0.005088 0.030757 0.026611
v 0.004540 0.030879 0.027041
v 0.005877 0.030727 0.026275
v 0.006215 0.030714 0.025873
v 0.005682 0.031348 0.025590
v 0.006108 0.031057 0.025468
v 0.006463 0.030673 0.025328
v 0.006717 0.030741 0.023523
v 0.006797 0.030640 0.023723
v 0.006807 0.030392 0.025658
v 0.007277 0.029990 0.026339
v 0.007429 0.030273 0.024348
v 0.007434 0.030693 0.022942
v 0.007823 0.030232 0.023781
v 0.008416 0.030143 0.023394
v 0.002267 0.030893 0.027077
v 0.002459 0.030136 0.032878
v 0.003515 0.029634 0.033505
v 0.004267 0.029468 0.033580
v 0.004588 0.029207 0.034252
v 0.004890 0.029248 0.033340
v 0.003412 0.030152 0.032754
v 0.004015 0.030061 0.032467
v 0.004151 0.030211 0.031755
v 0.004532 0.029592 0.032732
v 0.004754 0.029920 0.030867
v 0.004774 0.030134 0.030237
v 0.005133 0.029932 0.030229
v 0.005102 0.029387 0.031042
v 0.005865 0.029469 0.030421
v 0.006176 0.029173 0.031074
v 0.006556 0.029160 0.030489
v 0.006240 0.029470 0.029900
v 0.006037 0.029704 0.029757
v 0.005772 0.030096 0.029198
v 0.006792 0.029283 0.028182
v 0.007203 0.028986 0.029042
v 0.006028 0.028964 0.032942
v 0.005254 0.029008 0.034725
v 0.004584 0.028994 0.035785
v 0.003965 0.028970 0.037190
v 0.004081 0.028819 0.037787
v 0.004571 0.028029 0.038475
v 0.004788 0.027539 0.039979
v 0.005340 0.027557 0.037882
v 0.005137 0.027762 0.037257
v 0.005062 0.027854 0.037250
v 0.005100 0.028506 0.036528
v 0.004649 0.028599 0.037138
v 0.004794 0.028781 0.036358
v 0.005556 0.028802 0.035366
v 0.006275 0.028772 0.033448
v 0.006806 0.028762 0.032459
v 0.006725 0.028536 0.033146
v 0.007233 0.028355 0.032855
v 0.006368 0.028429 0.034081
v 0.006056 0.028213 0.035951
v 0.006299 0.027878 0.036132
v 0.006723 0.027685 0.034606
v 0.006706 0.027805 0.034103
v 0.007329 0.027805 0.033501
v 0.007248 0.027472 0.034290
v 0.007619 0.027115 0.034258
v 0.007522 0.027016 0.034903
v 0.007906 0.026994 0.033724
v 0.007272 0.027273 0.035176
v 0.006580 0.027586 0.036444
v 0.007003 0.027202 0.037660
v 0.006196 0.027590 0.037216
v 0.005899 0.027928 0.036631
v 0.005855 0.028417 0.035953
v 0.007340 0.026969 0.037360
v 0.007586 0.026590 0.037018
v 0.007997 0.026090 0.037788
v 0.008695 0.025749 0.038263
v 0.008693 0.025543 0.039882
v 0.008903 0.025126 0.040499
v 0.008766 0.024608 0.041434
v 0.008037 0.025403 0.040869
v 0.008087 0.024802 0.041579
v 0.007856 0.024857 0.042707
v 0.007626 0.025375 0.042075
v 0.007745 0.024871 0.048952
v 0.008226 0.024468 0.050913
v 0.008673 0.024219 0.052592
v 0.008696 0.024082 0.053565
v 0.008483 0.024044 0.054004
v 0.008837 0.023640 0.054058
v 0.008239 0.023860 0.054296
v 0.008562 0.023275 0.054306
v 0.008122 0.023598 0.054366
v 0.006886 0.022894 0.054135
v 0.007985 0.022386 0.054170
v 0.008326 0.022363 0.054166
v 0.008907 0.023287 0.054132
v 0.009108 0.023601 0.053709
v 0.009008 0.023924 0.052855
v 0.008738 0.024296 0.047958
v 0.008985 0.024042 0.048663
v 0.008621 0.024333 0.043418
v 0.008081 0.024632 0.042774
v 0.008737 0.024390 0.042176
v 0.008879 0.024139 0.043600
v 0.009088 0.023871 0.043253
v 0.010366 0.022603 0.049639
v 0.010389 0.022645 0.044108
v 0.009664 0.023038 0.042655
v 0.009381 0.023319 0.043430
v 0.009407 0.023333 0.046785
v 0.009743 0.023039 0.050992
v 0.009782 0.022999 0.046096
v 0.009459 0.023313 0.042050
v 0.009244 0.023889 0.041855
v 0.009444 0.024034 0.041246
v 0.009347 0.024460 0.040917
v 0.010005 0.023499 0.041007
v 0.010384 0.023139 0.041014
v 0.010581 0.023753 0.039786
v 0.010181 0.024059 0.040303
v 0.009861 0.024252 0.040563
v 0.010266 0.024224 0.039441
v 0.009905 0.024389 0.040089
v 0.009437 0.024786 0.040059
v 0.008976 0.025382 0.039612
v 0.008981 0.025574 0.037432
v 0.009434 0.024929 0.038766
v 0.008085 0.026013 0.034972
v 0.007834 0.026264 0.034651
v 0.008106 0.026092 0.034169
v 0.008049 0.026202 0.033983
v 0.008776 0.026082 0.033838
v 0.008345 0.026857 0.033362
v 0.008777 0.026812 0.032945
v 0.008343 0.027339 0.032392
v 0.007916 0.027704 0.031972
v 0.007869 0.027612 0.032770
v 0.008113 0.027287 0.033126
v 0.007119 0.028718 0.031775
v 0.007408 0.028764 0.029507
v 0.007593 0.028373 0.029932
v 0.007762 0.028434 0.028958
v 0.007956 0.027759 0.029405
v 0.007606 0.028070 0.032313
v 0.008043 0.027733 0.029155
v 0.008821 0.027249 0.030057
v 0.008759 0.027445 0.029199
v 0.008773 0.027786 0.028595
v 0.008060 0.027832 0.028918
v 0.009211 0.027741 0.028114
v 0.009394 0.027074 0.028737
v 0.009626 0.027324 0.028175
v 0.010116 0.026653 0.028323
v 0.010122 0.027027 0.027956
v 0.010631 0.025879 0.028601
v 0.010168 0.027175 0.027426
v 0.010368 0.027323 0.025384
v 0.010693 0.027061 0.025297
v 0.009669 0.027847 0.024518
v 0.009598 0.027759 0.024859
v 0.009251 0.028443 0.024981
v 0.008752 0.028955 0.025360
v 0.008931 0.028444 0.027499
v 0.008526 0.028785 0.027542
v 0.009578 0.027572 0.027445
v 0.009268 0.027934 0.027500
v 0.008654 0.028473 0.028029
v 0.008047 0.028699 0.028301
v 0.007811 0.028906 0.028137
v 0.007935 0.029177 0.026978
v 0.008124 0.029440 0.024589
v 0.008055 0.029360 0.024892
v 0.009017 0.028730 0.025300
v 0.009454 0.028579 0.024325
v 0.010108 0.028533 0.023709
v 0.009522 0.028919 0.023838
v 0.009579 0.029100 0.023348
v 0.009657 0.029395 0.021706
v 0.008889 0.030370 0.020996
v 0.009193 0.030099 0.021512
v 0.008920 0.030674 0.020016
v 0.008772 0.030968 0.019677
v 0.009131 0.030885 0.019334
v 0.008655 0.031593 0.018929
v 0.008071 0.031971 0.018865
v 0.009179 0.031069 0.018604
v 0.009415 0.030673 0.019114
v 0.009568 0.030153 0.020721
v 0.009586 0.030470 0.019593
v 0.010020 0.030125 0.020227
v 0.010252 0.029909 0.020354
v 0.010783 0.029506 0.019722
v 0.010772 0.029987 0.017955
v 0.011076 0.029947 0.016958
v 0.010672 0.030533 0.016721
v 0.010374 0.031333 0.016069
v 0.009136 0.031724 0.017229
v 0.008847 0.032306 0.016689
v 0.008651 0.033045 0.016124
v 0.008162 0.033487 0.016028
v 0.007891 0.033757 0.015842
v 0.007165 0.033792 0.017113
v 0.006508 0.034476 0.016800
v 0.006314 0.034995 0.014780
v 0.006474 0.034909 0.015550
v 0.006412 0.034942 0.011552
v 0.006175 0.035039 0.012358
v 0.005526 0.035067 0.014837
v 0.004664 0.035074 0.011932
v 0.005291 0.035050 0.010835
v 0.004374 0.034847 0.009509
v 0.004241 0.034569 0.009058
v 0.003917 0.034865 0.009511
v 0.003497 0.034750 0.009339
v 0.003574 0.034159 0.008996
v 0.004485 0.034134 0.008771
v 0.005331 0.034152 0.008664
v 0.005359 0.034544 0.008953
v 0.006089 0.034551 0.009509
v 0.006289 0.034087 0.008819
v 0.006399 0.034252 0.009596
v 0.006430 0.034695 0.010626
v 0.005673 0.034975 0.010085
v 0.005418 0.034921 0.009597
v 0.007117 0.034640 0.011687
v 0.006661 0.034956 0.012943
v 0.006911 0.034874 0.014115
v 0.007338 0.034605 0.014123
v 0.007584 0.034175 0.015595
v 0.007176 0.034537 0.015747
v 0.007293 0.034276 0.016124
v 0.006694 0.034461 0.010506
v 0.006850 0.034073 0.010148
v 0.007464 0.034250 0.011101
v 0.006623 0.033956 0.009829
v 0.006966 0.033873 0.009335
v 0.006653 0.033958 0.009109
v 0.006811 0.033739 0.008442
v 0.006767 0.033575 0.008210
v 0.006540 0.033131 0.008039
v 0.006154 0.033840 0.008445
v 0.006327 0.033558 0.008216
v 0.005519 0.033718 0.008489
v 0.004467 0.033533 0.008649
v 0.003406 0.033903 0.009020
v 0.003065 0.034523 0.009160
v 0.003119 0.034905 0.009523
v 0.002558 0.034910 0.009436
v 0.002115 0.034705 0.009424
v 0.001843 0.034910 0.009707
v 0.001897 0.035101 0.010008
v 0.001525 0.034538 0.009639
v 0.000746 0.034112 0.010036
v 0.000290 0.033713 0.010373
v 0.000673 0.033529 0.009900
v 0.000443 0.033020 0.009849
v 0.000136 0.033268 0.010056
v -0.000375 0.032747 0.009998
v -0.000530 0.032202 0.009871
v 0.000045 0.032336 0.009797
v 0.000637 0.032444 0.009795
v 0.001083 0.033099 0.009677
v 0.001495 0.033949 0.009488
v 0.002015 0.034058 0.009300
v 0.002693 0.033675 0.009158
v 0.002010 0.032754 0.009282
v 0.002289 0.033059 0.009186
v 0.004515 0.032682 0.008644
v 0.006507 0.032153 0.008021
v 0.005833 0.031730 0.008389
v 0.005571 0.033202 0.008414
v 0.007095 0.032467 0.007866
v 0.008058 0.032712 0.007880
v 0.009006 0.032831 0.008660
v 0.008740 0.032831 0.008279
v 0.009193 0.033336 0.010268
v 0.009431 0.032925 0.010020
v 0.009941 0.033112 0.010994
v 0.009393 0.033584 0.012177
v 0.009123 0.033473 0.013211
v 0.008885 0.033391 0.014278
v 0.009179 0.033085 0.014358
v 0.009421 0.033146 0.013613
v 0.009229 0.032398 0.015910
v 0.009573 0.032041 0.015824
v 0.009590 0.032335 0.014276
v 0.009687 0.032390 0.014039
v 0.010051 0.031982 0.014768
v 0.010240 0.031634 0.015711
v 0.010584 0.031687 0.014639
v 0.010361 0.032136 0.013977
v 0.010464 0.032783 0.013011
v 0.010057 0.033244 0.012241
v 0.009887 0.033260 0.011282
v 0.010346 0.032876 0.011003
v 0.009802 0.032762 0.010374
v 0.010527 0.032870 0.011302
v 0.010488 0.032902 0.012683
v 0.010912 0.032523 0.012174
v 0.010837 0.031423 0.014355
v 0.010987 0.031700 0.013752
v 0.011513 0.031272 0.013470
v 0.011724 0.031540 0.013021
v 0.012142 0.030992 0.012925
v 0.012386 0.030841 0.011964
v 0.012448 0.030578 0.012898
v 0.012638 0.030511 0.012439
v 0.012502 0.030566 0.010953
v 0.011919 0.030647 0.009974
v 0.012211 0.030951 0.011135
v 0.011876 0.030837 0.010385
v 0.012101 0.031384 0.011577
v 0.012149 0.031255 0.012238
v 0.011721 0.031720 0.012603
v 0.011064 0.032260 0.012634
v 0.011167 0.032011 0.013088
v 0.010836 0.032497 0.011128
v 0.011214 0.032066 0.011089
v 0.009944 0.032464 0.010176
v 0.010583 0.032038 0.009962
v 0.010148 0.032143 0.009677
v 0.010836 0.031592 0.009576
v 0.010595 0.031620 0.008911
v 0.010244 0.031762 0.008535
v 0.009340 0.032071 0.008240
v 0.009522 0.032163 0.008779
v 0.009577 0.032333 0.009859
v 0.009416 0.032532 0.009540
v 0.009312 0.031811 0.007951
v 0.009205 0.031608 0.007771
v 0.009019 0.031391 0.007727
v 0.009666 0.030611 0.007320
v 0.009882 0.031131 0.007434
v 0.010254 0.030834 0.007338
v 0.010308 0.031088 0.007580
v 0.010840 0.030953 0.008447
v 0.010878 0.030551 0.007664
v 0.011123 0.030578 0.008345
v 0.011587 0.030503 0.009198
v 0.011796 0.030244 0.008257
v 0.012338 0.030339 0.009556
v 0.011456 0.031097 0.010331
v 0.011164 0.030689 0.009874
v 0.011189 0.031435 0.010172
v 0.011029 0.031033 0.009591
v 0.011646 0.031730 0.011171
v 0.011268 0.032138 0.011839
v 0.011972 0.031396 0.011166
v 0.012555 0.030597 0.011660
v 0.013280 0.029959 0.012559
v 0.012937 0.029990 0.013126
v 0.012421 0.030208 0.013569
v 0.012113 0.030088 0.014458
v 0.012078 0.029777 0.015457
v 0.012106 0.029166 0.016652
v 0.012685 0.028455 0.016636
v 0.013169 0.027809 0.016747
v 0.012624 0.027842 0.017169
v 0.012259 0.028640 0.017313
v 0.011880 0.029059 0.017435
v 0.011877 0.028668 0.018818
v 0.011572 0.028854 0.019005
v 0.011718 0.028602 0.019271
v 0.011335 0.028453 0.019816
v 0.012230 0.027106 0.020401
v 0.011845 0.027848 0.019767
v 0.012112 0.027025 0.021072
v 0.011852 0.027551 0.020267
v 0.011861 0.027336 0.020977
v 0.011751 0.026724 0.023665
v 0.011319 0.027272 0.023683
v 0.010470 0.027452 0.024720
v 0.010548 0.027727 0.024156
v 0.010012 0.028084 0.024140
v 0.010213 0.028716 0.023232
v 0.010488 0.028438 0.023347
v 0.010401 0.028875 0.022141
v 0.010292 0.029209 0.021385
v 0.010580 0.029073 0.021093
v 0.010749 0.028655 0.021301
v 0.011142 0.028924 0.019638
v 0.011155 0.029142 0.019038
v 0.011227 0.029421 0.017324
v 0.011242 0.030309 0.016053
v 0.010921 0.030665 0.015854
v 0.011203 0.030738 0.014251
v 0.011249 0.030824 0.014025
v 0.011840 0.030406 0.014292
v 0.011787 0.030783 0.013662
v 0.011690 0.030055 0.015937
v 0.011791 0.029438 0.016709
v 0.011007 0.028686 0.020267
v 0.010886 0.027938 0.023107
v 0.011124 0.027646 0.023015
v 0.011521 0.027292 0.023115
v 0.011110 0.027897 0.020550
v 0.011240 0.027747 0.020524
v 0.011293 0.027861 0.020194
v 0.010879 0.026974 0.024763
v 0.011026 0.026848 0.024529
v 0.010630 0.026768 0.027293
v 0.010985 0.026150 0.026856
v 0.011288 0.025801 0.026605
v 0.011142 0.025681 0.027301
v 0.010796 0.025591 0.028605
v 0.010697 0.025504 0.029599
v 0.011117 0.024915 0.028159
v 0.010409 0.025733 0.029739
v 0.010336 0.025561 0.031778
v 0.010329 0.026004 0.028882
v 0.009696 0.026248 0.028870
v 0.009250 0.026834 0.029335
v 0.009084 0.027184 0.029174
v 0.008679 0.027106 0.032353
v 0.008969 0.026820 0.032376
v 0.009410 0.026180 0.032158
v 0.008835 0.026388 0.033392
v 0.009083 0.025822 0.034027
v 0.008929 0.025801 0.034501
v 0.008844 0.025722 0.035361
v 0.009129 0.025462 0.035242
v 0.009364 0.025463 0.034019
v 0.009394 0.026053 0.032830
v 0.009690 0.025661 0.033168
v 0.009886 0.025861 0.031204
v 0.009999 0.025668 0.032480
v 0.010174 0.025447 0.032761
v 0.010559 0.025215 0.032345
v 0.010583 0.024504 0.033600
v 0.009554 0.024843 0.034325
v 0.009568 0.024718 0.035219
v 0.009965 0.024513 0.038371
v 0.010597 0.024016 0.038332
v 0.010368 0.024277 0.035363
v 0.009669 0.024773 0.034118
v 0.010163 0.024906 0.033525
v 0.010311 0.024479 0.034239
v 0.010598 0.024203 0.034358
v 0.010842 0.024789 0.032218
v 0.011016 0.024220 0.032243
v 0.010808 0.024104 0.033263
v 0.010676 0.023995 0.035092
v 0.011019 0.023318 0.033599
v 0.011343 0.022991 0.035557
v 0.011503 0.022764 0.036888
v 0.011498 0.022558 0.037452
v 0.011137 0.022903 0.037873
v 0.011037 0.023212 0.037520
v 0.010766 0.023443 0.039356
v 0.010732 0.022730 0.040635
v 0.010428 0.022789 0.041786
v 0.010662 0.022375 0.043325
v 0.010999 0.021790 0.045245
v 0.010601 0.022396 0.047358
v 0.010784 0.021851 0.049116
v 0.010575 0.022065 0.051786
v 0.010600 0.021619 0.052616
v 0.010427 0.021712 0.052849
v 0.010437 0.021187 0.053684
v 0.010727 0.020951 0.053510
v 0.009541 0.021280 0.053929
v 0.010082 0.021729 0.053193
v 0.009783 0.022172 0.053139
v 0.009398 0.022634 0.053498
v 0.010203 0.022361 0.052384
v 0.009722 0.022883 0.052496
v 0.009557 0.022922 0.052928
v 0.009492 0.023288 0.051621
v 0.010252 0.022558 0.051672
v 0.010653 0.022086 0.050926
v 0.009256 0.022022 0.053712
v 0.008932 0.022195 0.053971
v 0.008670 0.022085 0.054077
v 0.005568 0.022399 0.054156
v -0.000176 0.000904 0.054213
v 0.000248 0.000684 0.054107
v -0.000244 0.000228 0.053066
v 0.000298 0.000155 0.052209
v 0.000989 0.000289 0.052943
v 0.000586 0.000047 0.050352
v 0.000951 0.000227 0.051021
v 0.000050 0.000512 0.053896
v -0.000101 0.001230 0.054256
v 0.002165 0.002512 0.054132
v 0.001680 0.004031 0.054156
v 0.007222 0.008065 0.054156
v 0.000986 0.000390 0.053588
v 0.001621 0.000035 0.049740
v 0.001812 0.000185 0.050194
v 0.002116 0.000068 0.049309
v 0.001939 0.000241 0.050928
v 0.002768 0.000344 0.053624
v 0.003016 0.000469 0.053950
v 0.003162 0.000648 0.054151
v 0.003294 0.000860 0.054249
v 0.003885 0.000706 0.053963
v 0.003714 0.001307 0.054274
v 0.002461 0.002005 0.054168
v 0.003272 0.003630 0.054142
v 0.005290 0.003849 0.054131
v 0.003936 0.003091 0.054174
v 0.004319 0.001810 0.054206
v 0.004717 0.001647 0.053974
v 0.004598 0.001027 0.053608
v 0.004436 0.001047 0.053903
v 0.004132 0.001100 0.054153
v 0.004314 0.000709 0.053564
v 0.003729 0.000432 0.053590
v 0.004058 0.000449 0.052829
v 0.003108 0.000246 0.052958
v 0.003385 0.000311 0.050347
v 0.003107 0.000195 0.049160
v 0.001376 -0.000731 0.049083
v 0.001402 -0.000175 0.049491
v 0.000749 -0.000197 0.049856
v 0.000376 -0.000687 0.049757
v 0.000248 -0.000940 0.049499
v 0.001265 -0.000977 0.048812
v 0.000847 -0.001193 0.048555
v 0.000836 -0.001336 0.047491
v -0.000677 -0.001192 0.049000
v -0.001809 -0.001371 0.045804
v 0.000867 -0.001370 0.046018
v 0.001613 -0.001267 0.047241
v 0.002100 -0.000671 0.048291
v 0.001922 -0.000994 0.048004
v 0.002567 -0.000615 0.047783
v 0.002556 -0.000286 0.048305
v 0.002028 -0.000104 0.049009
v 0.002847 -0.000046 0.048484
v 0.002962 -0.000236 0.047886
v 0.003504 0.000178 0.048012
v 0.003612 0.000060 0.044656
v 0.003542 0.000192 0.045329
v 0.003912 0.000278 0.045918
v 0.004483 0.000170 0.044834
v 0.004471 0.000011 0.044230
v 0.004142 -0.000234 0.043887
v 0.003487 -0.000115 0.044436
v 0.003363 0.000023 0.044919
v 0.002974 -0.000706 0.045091
v 0.003245 -0.000071 0.046303
v 0.003186 -0.000038 0.047759
v 0.002777 -0.000647 0.047196
v 0.002515 -0.000918 0.046749
v 0.002841 -0.000854 0.045226
v 0.002622 -0.001110 0.044535
v 0.001647 -0.001341 0.043564
v -0.001269 -0.001341 0.041091
v -0.002104 -0.001529 0.037029
v -0.002604 -0.001342 0.037814
v -0.001830 -0.001295 0.038997
v 0.001621 -0.001592 0.036922
v 0.002336 -0.001784 0.036503
v 0.001765 -0.001803 0.036606
v 0.000867 -0.001815 0.036660
v 0.000874 -0.002574 0.036073
v 0.001043 -0.002369 0.036289
v 0.001066 -0.002831 0.035438
v 0.000954 -0.002719 0.035797
v 0.000578 -0.002896 0.034990
v -0.001412 -0.001806 0.036661
v -0.003352 -0.002302 0.035976
v -0.002760 -0.002580 0.035846
v -0.002913 -0.002270 0.036239
v -0.002716 -0.002802 0.035285
v -0.003239 -0.002858 0.034211
v -0.003951 -0.002109 0.035707
v -0.003597 -0.002491 0.035239
v -0.004205 -0.002798 0.032644
v -0.004619 -0.002843 0.031672
v -0.005500 -0.002731 0.030267
v -0.006244 -0.002713 0.028721
v -0.006682 -0.002580 0.028563
v -0.006992 -0.002369 0.028508
v -0.007325 -0.002520 0.027314
v -0.007726 -0.002622 0.026641
v -0.007289 -0.002971 0.026064
v -0.007870 -0.002773 0.026022
v -0.008890 -0.002986 0.022878
v -0.008541 -0.002796 0.024118
v -0.009417 -0.002762 0.023013
v -0.009306 -0.002536 0.023649
v -0.009817 -0.002797 0.021174
v -0.009745 -0.002539 0.022950
v -0.010051 -0.002152 0.023281
v -0.009765 -0.002310 0.023464
v -0.010450 -0.001475 0.023610
v -0.010743 -0.001404 0.022880
v -0.011122 -0.001071 0.023319
v -0.011803 0.000370 0.024422
v -0.012083 0.000393 0.023451
v -0.012188 0.000248 0.022652
v -0.011853 0.001089 0.025899
v -0.012092 0.001324 0.025202
v -0.012040 0.001742 0.026364
v -0.011677 0.000892 0.026080
v -0.012286 0.001348 0.023404
v -0.012760 0.001338 0.023113
v -0.013252 0.001488 0.022573
v -0.013326 0.001614 0.022182
v -0.013597 0.001753 0.022497
v -0.013278 0.001306 0.022217
v -0.013092 0.001266 0.022387
v -0.012990 0.001347 0.022124
v -0.013184 0.001937 0.022027
v -0.012664 0.000883 0.022112
v -0.012708 0.001491 0.021619
v -0.012908 0.002133 0.021706
v -0.013487 0.003136 0.022061
v -0.013668 0.002669 0.021914
v -0.013697 0.003258 0.022054
v -0.013241 0.003394 0.021587
v -0.012997 0.002679 0.021571
v -0.012876 0.002715 0.020913
v -0.013281 0.003991 0.020717
v -0.012556 0.001620 0.020987
v -0.012416 0.001749 0.019875
v -0.012909 0.004220 0.017169
v -0.014828 0.008475 0.020543
v -0.014979 0.010358 0.016666
v -0.014215 0.007888 0.017043
v -0.014024 0.007851 0.016066
v -0.014491 0.009456 0.015848
v -0.014264 0.009870 0.014707
v -0.014439 0.008901 0.016398
v -0.015092 0.011315 0.015779
v -0.014900 0.012120 0.014327
v -0.015832 0.013492 0.015860
v -0.015409 0.013757 0.014034
v -0.015402 0.015908 0.010861
v -0.015533 0.016957 0.007874
v -0.016022 0.018482 0.007671
v -0.015604 0.017811 0.006894
v -0.015559 0.017277 0.007186
v -0.015315 0.017524 0.006738
v -0.015095 0.017741 0.006790
v -0.014303 0.019273 0.007341
v -0.014595 0.018930 0.007283
v -0.014455 0.017876 0.007208
v -0.014136 0.016808 0.007174
v -0.014848 0.016936 0.006770
v -0.015117 0.016788 0.006760
v -0.015325 0.016969 0.006891
v -0.015256 0.016460 0.007200
v -0.015122 0.015627 0.009820
v -0.015007 0.015701 0.007652
v -0.014888 0.015609 0.007158
v -0.014500 0.015379 0.006745
v -0.014782 0.016305 0.006730
v -0.014950 0.016141 0.006831
v -0.014407 0.016007 0.006802
v -0.013498 0.015261 0.007198
v -0.013371 0.015927 0.007314
v -0.013872 0.017406 0.007329
v -0.013224 0.016560 0.007338
v -0.013656 0.013730 0.006793
v -0.014236 0.014574 0.006744
v -0.014611 0.015109 0.006906
v -0.014721 0.014329 0.010015
v -0.014798 0.014136 0.010768
v -0.015262 0.014274 0.012364
v -0.014558 0.014350 0.007666
v -0.014492 0.014403 0.007172
v -0.014259 0.014058 0.006894
v -0.013969 0.013768 0.006743
v -0.012985 0.013720 0.007201
v -0.013434 0.012163 0.006742
v -0.013724 0.012457 0.006894
v -0.014048 0.013269 0.006962
v -0.014234 0.012953 0.009814
v -0.014708 0.012701 0.012328
v -0.014069 0.011904 0.010832
v -0.013991 0.012650 0.007666
v -0.013753 0.012207 0.007137
v -0.013836 0.011742 0.009852
v -0.013920 0.010325 0.012350
v -0.013556 0.010435 0.010825
v -0.013489 0.008073 0.014001
v -0.014244 0.010357 0.013989
v -0.013634 0.008032 0.014634
v -0.013007 0.009360 0.009801
v -0.013442 0.011001 0.007688
v -0.012886 0.009583 0.007174
v -0.012656 0.009242 0.006895
v -0.012925 0.010046 0.006895
v -0.012633 0.009754 0.006740
v -0.012900 0.010557 0.006741
v -0.013192 0.010851 0.006894
v -0.013457 0.011649 0.006892
v -0.013166 0.011358 0.006741
v -0.012586 0.010520 0.006790
v -0.012449 0.012109 0.007201
v -0.012564 0.013500 0.007311
v -0.012390 0.013923 0.007341
v -0.010878 0.016546 0.007279
v -0.011047 0.015647 0.007238
v -0.011721 0.011518 0.007344
v -0.011913 0.010502 0.007201
v -0.012049 0.008897 0.006791
v -0.012365 0.008949 0.006741
v -0.012758 0.008530 0.009982
v -0.012507 0.007834 0.009793
v -0.012242 0.007095 0.009827
v -0.012275 0.007498 0.007700
v -0.012412 0.008160 0.007144
v -0.012676 0.008712 0.007669
v -0.012393 0.008446 0.006894
v -0.012103 0.008157 0.006738
v -0.011475 0.009127 0.007192
v -0.011233 0.009833 0.007332
v -0.010627 0.008278 0.007346
v -0.011601 0.007565 0.006779
v -0.011906 0.007423 0.006761
v -0.012114 0.007606 0.006893
v -0.011737 0.006774 0.006833
v -0.011571 0.006940 0.006731
v -0.010981 0.007773 0.007210
v -0.011196 0.006645 0.006802
v -0.012042 0.007064 0.007238
v -0.012605 0.007533 0.010861
v -0.013038 0.007705 0.012277
v -0.013669 0.006694 0.016540
v -0.014218 0.007044 0.020199
v -0.013258 0.005510 0.016465
v -0.012580 0.005077 0.014672
v -0.013449 0.006572 0.015793
v -0.013009 0.006584 0.014428
v -0.012498 0.006328 0.012288
v -0.012043 0.006165 0.010764
v -0.011932 0.006338 0.009778
v -0.011749 0.006198 0.007694
v -0.011676 0.006243 0.007160
v -0.011290 0.006014 0.006745
v -0.010874 0.005691 0.006797
v -0.010287 0.005897 0.007198
v -0.011026 0.005209 0.006744
v -0.011400 0.005744 0.006906
v -0.011566 0.005214 0.009816
v -0.011959 0.004607 0.012414
v -0.012489 0.003473 0.016143
v -0.011977 0.002047 0.015993
v -0.012033 0.001678 0.016931
v -0.012032 0.000237 0.020472
v -0.012339 0.000568 0.021555
v -0.012384 0.000702 0.022979
v -0.012703 0.000998 0.022716
v -0.012801 0.001002 0.022493
v -0.012556 0.000598 0.022504
v -0.012187 0.001000 0.023651
v -0.012224 0.000259 0.022115
v -0.011910 -0.000423 0.022516
v -0.011860 -0.000379 0.023051
v -0.011714 -0.000616 0.019985
v -0.011321 -0.000490 0.017086
v -0.011156 -0.001297 0.020335
v -0.011461 -0.001041 0.021555
v -0.011833 -0.000556 0.021441
v -0.010471 -0.001761 0.022092
v -0.010692 -0.001576 0.020291
v -0.010985 -0.001611 0.019692
v -0.011184 -0.001497 0.019195
v -0.010984 -0.001991 0.018979
v -0.011372 -0.001154 0.019252
v -0.011381 0.000247 0.016012
v -0.010768 -0.001549 0.015977
v -0.010940 -0.001484 0.016637
v -0.011176 -0.001361 0.017898
v -0.010630 -0.002167 0.019993
v -0.010296 -0.001852 0.023170
v -0.010347 -0.002261 0.021054
v -0.010110 -0.002613 0.021056
v -0.009712 -0.003079 0.020190
v -0.010003 -0.003121 0.019814
v -0.010004 -0.003615 0.018999
v -0.010342 -0.003218 0.019148
v -0.010364 -0.003314 0.018442
v -0.010319 -0.002712 0.020096
v -0.010735 -0.002688 0.019226
v -0.010313 -0.001472 0.014437
v -0.010817 0.000133 0.014333
v -0.011162 0.001363 0.014015
v -0.011391 0.003022 0.012327
v -0.012230 0.004485 0.014033
v -0.011692 0.002763 0.014327
v -0.011325 0.003972 0.010789
v -0.011255 0.004175 0.010073
v -0.010710 0.002768 0.009252
v -0.010780 0.003285 0.007666
v -0.010750 0.002645 0.010068
v -0.009821 -0.001670 0.012260
v -0.009467 -0.001609 0.010857
v -0.009367 -0.002830 0.012297
v -0.008945 -0.004115 0.012405
v -0.008854 -0.003140 0.010776
v -0.009213 -0.004008 0.013800
v -0.009033 -0.004555 0.015119
v -0.009242 -0.004401 0.016770
v -0.009096 -0.004397 0.017909
v -0.008558 -0.004533 0.018574
v -0.008275 -0.004357 0.019285
v -0.007491 -0.004508 0.019054
v -0.006443 -0.005194 0.019429
v -0.005932 -0.005055 0.020374
v -0.006146 -0.004455 0.020278
v -0.006059 -0.004504 0.021139
v -0.005660 -0.004871 0.022347
v -0.005578 -0.004601 0.022843
v -0.005612 -0.004364 0.023574
v -0.005167 -0.004601 0.023153
v -0.005148 -0.004108 0.025988
v -0.005109 -0.003844 0.026695
v -0.005385 -0.003294 0.027237
v -0.004401 -0.003726 0.027249
v -0.003690 -0.003867 0.027756
v -0.003776 -0.003396 0.028301
v -0.003858 -0.003127 0.028730
v -0.002965 -0.003156 0.029056
v -0.002475 -0.003087 0.030493
v -0.002489 -0.003302 0.029863
v -0.002880 -0.001863 0.036664
v -0.002361 -0.002941 0.034723
v -0.002081 -0.003233 0.030444
v -0.002998 -0.003830 0.028287
v -0.002552 -0.003749 0.029010
v -0.002056 -0.003975 0.029100
v -0.001440 -0.003872 0.029672
v -0.001779 -0.004176 0.028596
v -0.002786 -0.004150 0.027661
v -0.003467 -0.004167 0.027003
v -0.004188 -0.004186 0.026171
v -0.004258 -0.004055 0.026711
v -0.004682 -0.004340 0.024112
v -0.003860 -0.004470 0.024423
v -0.004119 -0.004635 0.023852
v -0.004558 -0.004500 0.023444
v -0.004600 -0.005046 0.022948
v -0.004648 -0.005424 0.022398
v -0.003585 -0.004742 0.024101
v -0.003307 -0.005474 0.023473
v -0.003975 -0.005173 0.023452
v -0.005424 -0.005135 0.022252
v -0.005865 -0.004617 0.022079
v -0.006107 -0.005277 0.019705
v -0.006153 -0.005579 0.019043
v -0.005594 -0.005527 0.020180
v -0.006862 -0.005191 0.019174
v -0.006947 -0.005604 0.018355
v -0.007646 -0.005394 0.018056
v -0.007562 -0.005085 0.018556
v -0.008115 -0.004618 0.018744
v -0.008613 -0.004891 0.018005
v -0.008861 -0.004722 0.017439
v -0.008923 -0.004656 0.014080
v -0.008658 -0.005210 0.012988
v -0.008625 -0.005016 0.012119
v -0.008227 -0.005209 0.010757
v -0.008436 -0.004016 0.010009
v -0.008315 -0.003900 0.008401
v -0.008046 -0.005283 0.010004
v -0.007905 -0.005180 0.008314
v -0.007901 -0.005644 0.010629
v -0.008432 -0.005530 0.012506
v -0.008111 -0.005743 0.012911
v -0.008327 -0.005524 0.014056
v -0.008411 -0.005232 0.017173
v -0.008303 -0.005154 0.017933
v -0.007829 -0.005568 0.017332
v -0.007208 -0.005824 0.017216
v -0.007038 -0.005753 0.017848
v -0.005749 -0.005786 0.018593
v -0.007402 -0.005975 0.013278
v -0.007041 -0.006212 0.013240
v -0.006990 -0.006483 0.013000
v -0.006499 -0.006749 0.013026
v -0.006437 -0.006296 0.013643
v -0.006242 -0.006568 0.013574
v -0.005948 -0.006662 0.014093
v -0.005995 -0.006196 0.014894
v -0.006093 -0.006026 0.015904
v -0.006368 -0.005948 0.014757
v -0.006814 -0.006069 0.013830
v -0.007433 -0.005837 0.014704
v -0.006327 -0.005895 0.016528
v -0.005655 -0.006475 0.016100
v -0.005815 -0.006202 0.016127
v -0.005425 -0.006737 0.016000
v -0.004747 -0.007013 0.016084
v -0.004493 -0.006650 0.016820
v -0.004560 -0.006093 0.017158
v -0.004823 -0.006198 0.016965
v -0.005441 -0.006208 0.016682
v -0.005677 -0.005937 0.017266
v -0.004861 -0.005892 0.018054
v -0.004480 -0.005809 0.021234
v -0.003948 -0.005801 0.022087
v -0.003643 -0.005719 0.022732
v -0.003115 -0.004795 0.024137
v -0.003276 -0.006084 0.018957
v -0.003762 -0.005917 0.019758
v -0.002754 -0.005868 0.022120
v -0.003248 -0.006648 0.018255
v -0.003687 -0.006194 0.018599
v -0.003978 -0.005998 0.018949
v -0.004670 -0.006017 0.017372
v -0.004182 -0.006233 0.017872
v -0.003855 -0.006343 0.018240
v -0.003065 -0.007027 0.017879
v -0.002029 -0.005879 0.020167
v -0.002571 -0.007091 0.017914
v -0.003435 -0.007322 0.016894
v -0.003801 -0.007399 0.016198
v -0.004776 -0.007379 0.014735
v -0.005002 -0.007148 0.015437
v -0.005536 -0.007119 0.014233
v -0.005905 -0.007098 0.013214
v -0.004204 -0.007779 0.013079
v -0.003986 -0.007578 0.014249
v -0.003122 -0.007571 0.014771
v -0.002632 -0.007584 0.015581
v -0.002955 -0.007712 0.014076
v -0.003302 -0.007953 0.013586
v -0.003684 -0.007803 0.013682
v -0.003968 -0.008064 0.012951
v -0.004036 -0.008114 0.012464
v -0.003573 -0.008439 0.012416
v -0.002974 -0.008512 0.012915
v -0.002652 -0.008157 0.014039
v -0.003040 -0.008225 0.013435
v -0.002619 -0.008717 0.012755
v -0.002304 -0.008357 0.014233
v -0.001943 -0.008416 0.014457
v -0.001444 -0.008416 0.014658
v -0.002448 -0.007828 0.015007
v -0.001871 -0.007574 0.016255
v -0.002322 -0.006876 0.018163
v -0.002981 -0.006357 0.018545
v -0.002042 -0.006012 0.019118
v -0.001320 -0.005773 0.022964
v -0.002934 -0.005267 0.023796
v -0.003162 -0.004551 0.024431
v -0.002376 -0.004238 0.027379
v -0.001097 -0.004287 0.028019
v -0.002631 -0.004271 0.025918
v -0.003299 -0.004418 0.024753
v -0.001386 -0.003399 0.030343
v -0.002161 -0.002783 0.035638
v -0.001972 -0.002364 0.036292
v -0.002134 -0.002566 0.036064
v -0.001710 -0.003062 0.031025
v -0.001568 -0.003191 0.030666
v -0.000709 -0.003844 0.029857
v -0.000706 -0.004196 0.029020
v -0.000556 -0.004318 0.025141
v -0.000333 -0.004268 0.025828
v -0.001128 -0.004072 0.029415
v 0.001089 -0.003844 0.029862
v 0.001303 -0.003361 0.030362
v 0.001590 -0.002945 0.034211
v -0.000914 -0.002944 0.034192
v -0.002151 -0.002940 0.032041
v 0.001725 -0.002621 0.035909
v 0.002080 -0.002340 0.036100
v 0.002528 -0.002388 0.035803
v 0.002277 -0.002835 0.034872
v 0.002823 -0.002713 0.034739
v 0.002695 -0.002967 0.031789
v 0.002178 -0.002935 0.032684
v -0.002167 -0.002979 0.031422
v 0.002341 -0.003085 0.031013
v 0.002239 -0.003432 0.030170
v 0.001566 -0.004017 0.029542
v 0.002100 -0.004159 0.028853
v 0.001393 -0.004204 0.028971
v 0.001606 -0.004291 0.025527
v 0.001105 -0.004418 0.024711
v 0.001655 -0.004506 0.024134
v 0.000950 -0.004547 0.024379
v -0.000664 -0.005304 0.023804
v -0.000782 -0.004747 0.024157
v -0.000935 -0.005538 0.023577
v -0.000357 -0.005855 0.022315
v -0.000955 -0.006146 0.018806
v -0.001340 -0.005934 0.019516
v 0.001174 -0.005807 0.022073
v 0.000865 -0.005597 0.023264
v 0.000818 -0.005475 0.023488
v 0.000801 -0.004788 0.024060
v 0.000496 -0.005254 0.023763
v 0.000375 -0.005690 0.023181
v 0.001503 -0.005304 0.023309
v 0.001437 -0.004736 0.023873
v 0.002087 -0.004540 0.023471
v 0.001895 -0.004334 0.024680
v 0.002732 -0.004256 0.027250
v 0.003986 -0.004189 0.026922
v 0.002701 -0.004261 0.024619
v 0.002214 -0.004768 0.023101
v 0.001985 -0.005374 0.022828
v 0.002001 -0.005637 0.022308
v 0.002052 -0.005788 0.021474
v 0.002584 -0.005514 0.022307
v 0.002685 -0.005310 0.022521
v 0.002694 -0.004712 0.022912
v 0.002620 -0.004536 0.023162
v 0.002572 -0.004356 0.023654
v 0.004248 -0.004243 0.025855
v 0.004433 -0.004008 0.027189
v 0.003549 -0.003324 0.028859
v 0.003399 -0.003891 0.028308
v 0.003016 -0.003115 0.030571
v 0.003302 -0.002943 0.031337
v 0.003429 -0.002829 0.033088
v 0.003969 -0.002604 0.033497
v 0.004608 -0.002586 0.031799
v 0.004773 -0.002280 0.032125
v 0.004425 -0.002244 0.033555
v 0.004601 -0.001785 0.034067
v 0.004760 -0.001659 0.033967
v 0.005008 -0.001463 0.034435
v 0.005005 -0.001347 0.036068
v 0.005016 -0.001581 0.032409
v 0.005177 -0.001748 0.031825
v 0.005176 -0.002379 0.031326
v 0.004503 -0.002764 0.030975
v 0.003870 -0.002956 0.029800
v 0.003626 -0.003133 0.029174
v 0.004431 -0.003268 0.028354
v 0.004564 -0.003810 0.027473
v 0.004868 -0.003463 0.027661
v 0.005083 -0.002620 0.030992
v 0.005186 -0.003195 0.027861
v 0.004813 -0.002998 0.028973
v 0.004867 -0.004129 0.026447
v 0.004187 -0.004477 0.023273
v 0.003828 -0.004866 0.022680
v 0.003799 -0.004618 0.022995
v 0.003332 -0.005553 0.022093
v 0.000692 -0.005886 0.020116
v 0.002910 -0.005755 0.021428
v 0.004009 -0.005642 0.021333
v 0.004132 -0.005288 0.022087
v 0.003691 -0.005272 0.022348
v 0.004368 -0.004751 0.022484
v 0.004732 -0.004734 0.021946
v 0.004765 -0.004445 0.022820
v 0.004767 -0.004321 0.024161
v 0.005392 -0.004284 0.022826
v 0.005065 -0.004530 0.021655
v 0.005159 -0.004754 0.021245
v 0.004780 -0.005258 0.021255
v 0.004051 -0.005882 0.019736
v 0.004211 -0.006080 0.018860
v 0.003046 -0.005921 0.019728
v 0.002965 -0.006031 0.019180
v -0.000141 -0.007079 0.017866
v -0.000493 -0.006910 0.018103
v -0.000408 -0.007567 0.016206
v -0.001372 -0.007825 0.015635
v -0.002049 -0.007829 0.015446
v -0.001686 -0.008770 0.013421
v -0.004223 -0.008211 0.010176
v -0.004318 -0.007873 0.011337
v -0.004550 -0.007620 0.012667
v -0.004876 -0.007481 0.012808
v -0.005787 -0.007575 0.009551
v -0.005982 -0.007406 0.010810
v -0.006495 -0.007178 0.011195
v -0.006373 -0.007050 0.012344
v -0.006779 -0.006799 0.012535
v -0.007361 -0.006144 0.012585
v -0.007670 -0.005949 0.011953
v -0.007394 -0.006219 0.010840
v -0.007516 -0.005878 0.008539
v -0.007555 -0.005670 0.007874
v -0.007171 -0.005857 0.007425
v -0.007671 -0.005262 0.007619
v -0.007729 -0.004653 0.007362
v -0.007307 -0.004660 0.007138
v -0.007104 -0.004439 0.007138
v -0.006737 -0.003124 0.007321
v -0.007565 -0.004061 0.007067
v -0.007573 -0.003405 0.007011
v -0.007855 -0.003644 0.006979
v -0.008021 -0.003805 0.007167
v -0.008281 -0.003166 0.006858
v -0.008328 -0.003459 0.007251
v -0.008798 -0.002386 0.007257
v -0.008815 -0.002811 0.009846
v -0.008074 -0.004187 0.007691
v -0.007731 -0.004265 0.007202
v -0.007437 -0.004291 0.007058
v -0.009076 -0.001831 0.007702
v -0.009201 -0.001207 0.007146
v -0.008892 -0.001207 0.006739
v -0.009183 -0.000921 0.006895
v -0.009547 -0.000836 0.009982
v -0.009261 -0.001640 0.009799
v -0.009468 -0.000645 0.007668
v -0.010542 0.000521 0.012256
v -0.010503 0.001511 0.010846
v -0.010082 0.000768 0.009994
v -0.010302 0.001501 0.009809
v -0.010246 0.002284 0.006892
v -0.010223 0.002798 0.006742
v -0.009911 0.002764 0.006793
v -0.010490 0.003601 0.006744
v -0.010913 0.004289 0.006894
v -0.011298 0.004842 0.007653
v -0.011280 0.005035 0.007171
v -0.010758 0.004403 0.006743
v -0.010446 0.004366 0.006793
v -0.009775 0.004355 0.007201
v -0.009397 0.005315 0.007340
v -0.010161 0.006562 0.007314
v -0.007896 0.007641 0.007263
v -0.011673 0.014241 0.007290
v -0.008312 0.009552 0.007313
v -0.008399 0.010610 0.007415
v -0.008921 0.011039 0.007286
v -0.009625 0.011864 0.007237
v -0.009725 0.013088 0.007258
v -0.010424 0.014969 0.007266
v -0.010743 0.017192 0.007386
v -0.010672 0.018724 0.007696
v -0.011523 0.018917 0.007313
v -0.012255 0.020645 0.007276
v -0.011416 0.022333 0.007894
v -0.012756 0.023098 0.007372
v -0.010826 0.020930 0.007913
v -0.011335 0.021159 0.007771
v -0.011789 0.020520 0.007415
v -0.010379 0.018881 0.007850
v -0.010114 0.019234 0.007934
v -0.010380 0.020985 0.007947
v -0.008925 0.022266 0.007860
v -0.008104 0.021136 0.007911
v -0.009789 0.017077 0.007846
v -0.009024 0.016920 0.007947
v -0.009278 0.016591 0.007927
v -0.009535 0.015927 0.007803
v -0.009879 0.014496 0.007372
v -0.009099 0.014380 0.007764
v -0.008721 0.014415 0.007899
v -0.007981 0.019835 0.007860
v -0.007713 0.021102 0.008039
v -0.006582 0.020989 0.008537
v -0.006959 0.020803 0.008389
v -0.007380 0.019295 0.007913
v -0.007162 0.017374 0.007865
v -0.008151 0.013064 0.007908
v -0.009145 0.012928 0.007424
v -0.008265 0.014404 0.007951
v -0.006342 0.016967 0.007992
v -0.006812 0.017496 0.007906
v -0.006070 0.018453 0.008393
v -0.005854 0.018993 0.008526
v -0.007005 0.019349 0.008049
v -0.006718 0.022616 0.008574
v -0.005090 0.025807 0.008589
v -0.005915 0.026930 0.008475
v -0.007599 0.027147 0.008524
v -0.007604 0.027919 0.008673
v -0.007566 0.028454 0.008983
v -0.006904 0.029089 0.010405
v -0.006958 0.029169 0.011957
v -0.006482 0.029220 0.011793
v -0.006371 0.029148 0.010258
v -0.006095 0.029388 0.011153
v -0.005962 0.029306 0.010066
v -0.005829 0.028702 0.009198
v -0.005601 0.028528 0.009109
v -0.006202 0.028944 0.009501
v -0.006976 0.028912 0.009630
v -0.006838 0.028704 0.009249
v -0.006419 0.027675 0.008587
v -0.005835 0.027786 0.008703
v -0.006388 0.028249 0.008846
v -0.005305 0.028187 0.009054
v -0.004841 0.028548 0.009132
v -0.003995 0.030364 0.009976
v -0.004385 0.030478 0.010401
v -0.003811 0.030063 0.009618
v -0.003177 0.030767 0.010089
v -0.003279 0.029800 0.009382
v -0.002809 0.029497 0.009206
v -0.001580 0.029565 0.009564
v -0.001992 0.029921 0.009563
v -0.002510 0.030334 0.009712
v -0.003523 0.031100 0.010551
v -0.004075 0.030977 0.010933
v -0.004034 0.031060 0.011390
v -0.003447 0.031277 0.011679
v -0.002935 0.031428 0.012203
v -0.002981 0.030775 0.012907
v -0.003149 0.030720 0.012721
v -0.003229 0.030519 0.013501
v -0.003608 0.031311 0.011125
v -0.001884 0.030343 0.009732
v -0.001651 0.030598 0.009776
v -0.002194 0.029300 0.009224
v -0.004054 0.029079 0.009173
v -0.003294 0.028384 0.009133
v -0.002513 0.028854 0.009075
v -0.002047 0.028577 0.009109
v -0.001628 0.028808 0.009286
v -0.000418 0.031274 0.009741
v -0.000865 0.029269 0.009754
v -0.000968 0.028662 0.009614
v -0.001578 0.027449 0.009157
v -0.003915 0.026886 0.009206
v -0.005315 0.027078 0.008697
v -0.004736 0.027157 0.009026
v -0.001957 0.027436 0.009120
v -0.000996 0.027131 0.009323
v -0.001011 0.026425 0.009217
v -0.001102 0.025690 0.009136
v -0.003960 0.026189 0.009165
v -0.004934 0.024464 0.008515
v -0.005096 0.023869 0.008486
v -0.004353 0.022438 0.008504
v -0.003936 0.022045 0.008557
v -0.003479 0.021523 0.008662
v -0.005764 0.019745 0.008576
v -0.005620 0.015102 0.008037
v -0.005153 0.015663 0.008389
v -0.004975 0.016312 0.008524
v -0.004838 0.017190 0.008575
v -0.004078 0.014619 0.008573
v -0.004437 0.014134 0.008471
v -0.005774 0.014455 0.007913
v -0.006147 0.014630 0.007871
v -0.005753 0.012958 0.007861
v -0.008211 0.012031 0.007768
v -0.007521 0.011446 0.007925
v -0.007312 0.012051 0.007947
v -0.007145 0.009867 0.007897
v -0.006845 0.008515 0.007846
v -0.007094 0.008254 0.007695
v -0.007518 0.007761 0.007382
v -0.007836 0.006282 0.007238
v -0.009353 0.004135 0.007311
v -0.009197 0.002589 0.007196
v -0.007050 0.004941 0.007256
v -0.006668 0.005131 0.007372
v -0.006157 0.003119 0.007291
v -0.009407 0.007505 0.007290
v -0.008510 0.002153 0.007344
v -0.009375 0.001154 0.006790
v -0.009689 0.001192 0.006741
v -0.009955 0.001993 0.006741
v -0.009981 0.001486 0.006894
v -0.010210 0.001825 0.007168
v -0.009796 -0.000006 0.009801
v -0.009675 0.000218 0.007174
v -0.009446 -0.000123 0.006895
v -0.009155 -0.000416 0.006741
v -0.008871 -0.000379 0.006788
v -0.009422 0.000389 0.006740
v -0.009714 0.000681 0.006895
v -0.010126 0.001328 0.007669
v -0.008604 0.000854 0.007202
v -0.008021 0.000468 0.007332
v -0.007966 -0.001044 0.007214
v -0.008497 -0.001482 0.006785
v -0.006927 0.000044 0.007294
v -0.007466 -0.000447 0.007341
v -0.007530 -0.002625 0.007101
v -0.008110 -0.002370 0.006789
v -0.008148 -0.002810 0.006741
v -0.008562 -0.002160 0.006728
v -0.008623 -0.002584 0.006948
v -0.008901 -0.001756 0.006891
v -0.007209 -0.002491 0.007275
v -0.007252 -0.001527 0.007347
v -0.004536 -0.003194 0.007236
v -0.004311 -0.002562 0.007283
v -0.005341 -0.000472 0.007235
v -0.005506 0.001073 0.007288
v -0.005188 0.001193 0.007407
v -0.006283 0.002132 0.007237
v -0.005180 0.003258 0.007773
v -0.004940 0.003699 0.007908
v -0.005889 0.005015 0.007764
v -0.006277 0.006809 0.007845
v -0.006087 0.007253 0.007925
v -0.006153 0.008395 0.007948
v -0.004823 0.010176 0.007866
v -0.004183 0.012983 0.008428
v -0.002750 0.017077 0.008487
v -0.004372 0.021141 0.008495
v -0.003365 0.020073 0.008538
v -0.003013 0.022085 0.009014
v -0.003956 0.024853 0.009003
v -0.003291 0.023898 0.009138
v -0.002873 0.024199 0.009199
v -0.001910 0.020853 0.009197
v -0.002431 0.021200 0.009124
v -0.002042 0.019405 0.009053
v -0.001377 0.018572 0.009166
v -0.003682 0.019965 0.008492
v -0.002664 0.017925 0.008535
v -0.002579 0.018771 0.008657
v -0.001544 0.017848 0.009044
v -0.001718 0.016421 0.008644
v -0.001879 0.015672 0.008521
v -0.001853 0.014463 0.008488
v -0.004720 0.012349 0.008032
v -0.004893 0.011770 0.007911
v -0.004512 0.010528 0.007888
v -0.003745 0.011422 0.008388
v -0.003791 0.009971 0.008048
v -0.002859 0.009088 0.008393
v -0.002173 0.008228 0.008529
v -0.002800 0.010121 0.008533
v -0.003508 0.012055 0.008539
v -0.003069 0.007412 0.007990
v -0.003776 0.008070 0.007877
v -0.005510 0.005050 0.007899
v -0.005177 0.005433 0.007950
v -0.004310 0.002081 0.007925
v -0.004616 0.001475 0.007765
v -0.003910 0.000214 0.007875
v -0.004709 -0.000749 0.007340
v -0.004073 -0.002093 0.007415
v -0.003079 -0.001626 0.007922
v -0.003486 -0.001755 0.007791
v -0.005937 -0.004237 0.007321
v -0.006584 -0.005402 0.007196
v -0.007210 -0.005287 0.007202
v -0.006797 -0.006543 0.007487
v -0.007167 -0.006246 0.007893
v -0.006837 -0.007098 0.009023
v -0.007040 -0.006835 0.008841
v -0.007315 -0.006285 0.009093
v -0.006460 -0.007352 0.009271
v -0.007040 -0.006645 0.012055
v -0.006224 -0.007441 0.008145
v -0.005861 -0.007658 0.008953
v -0.005437 -0.008107 0.008577
v -0.005692 -0.007949 0.008317
v -0.004873 -0.008246 0.008692
v -0.004485 -0.008177 0.009274
v -0.004831 -0.007937 0.009225
v -0.004305 -0.008451 0.008860
v -0.004758 -0.007552 0.010394
v -0.005266 -0.007597 0.009916
v -0.005289 -0.007786 0.009360
v -0.004521 -0.007680 0.009678
v -0.004411 -0.008434 0.008445
v -0.004032 -0.008629 0.008902
v -0.003425 -0.008790 0.009457
v -0.003558 -0.008705 0.010408
v -0.002867 -0.008786 0.011936
v -0.001350 -0.007985 0.015360
v -0.001133 -0.008672 0.014189
v -0.000519 -0.008527 0.014651
v -0.000033 -0.008395 0.014844
v -0.000413 -0.008804 0.013594
v -0.002688 -0.008852 0.009279
v -0.003432 -0.008582 0.008041
v -0.003577 -0.008712 0.008505
v -0.004061 -0.008531 0.008156
v -0.004399 -0.008273 0.007929
v -0.004673 -0.008001 0.007627
v -0.005566 -0.007421 0.007393
v -0.005962 -0.006493 0.007185
v -0.005822 -0.005535 0.007301
v -0.004955 -0.005707 0.007312
v -0.003281 -0.004432 0.007422
v -0.003497 -0.004968 0.007278
v -0.003303 -0.006342 0.007233
v -0.004087 -0.006945 0.007251
v -0.005254 -0.007151 0.007233
v -0.003667 -0.008281 0.007645
v -0.004263 -0.007748 0.007357
v -0.003135 -0.007967 0.007453
v -0.002465 -0.007681 0.007499
v -0.003150 -0.007313 0.007270
v -0.002599 -0.007044 0.007346
v -0.002537 -0.006380 0.007406
v -0.001858 -0.006455 0.007749
v -0.001600 -0.007242 0.007771
v -0.001436 -0.005561 0.007959
v -0.001975 -0.005160 0.007908
v -0.002654 -0.004424 0.007763
v -0.002496 -0.003546 0.007915
v -0.002267 -0.002911 0.007947
v -0.003349 0.000141 0.007948
v -0.004228 0.003081 0.007947
v -0.001680 0.001290 0.007862
v -0.003200 0.005813 0.007865
v -0.001361 0.005413 0.008499
v -0.000979 0.005809 0.008572
v -0.002836 0.011358 0.008576
v -0.000471 0.010600 0.008492
v -0.001159 0.012278 0.008487
v -0.000953 0.012977 0.008528
v -0.001077 0.014250 0.008613
v -0.000334 0.014319 0.009015
v -0.000899 0.016102 0.009023
v -0.000591 0.016315 0.009151
v -0.001391 0.019769 0.009199
v -0.000503 0.017149 0.009200
v -0.000268 0.012158 0.008662
v -0.000155 0.010708 0.008538
v 0.001834 0.009207 0.009166
v 0.001082 0.010687 0.009096
v 0.001473 0.010750 0.009186
v 0.000532 0.011331 0.008945
v 0.000497 0.012681 0.009126
v 0.000430 0.014265 0.009195
v 0.000109 0.014172 0.009149
v 0.001210 0.018980 0.009135
v 0.000098 0.022090 0.009124
v -0.001121 0.024665 0.009112
v -0.000400 0.024034 0.009160
v -0.000220 0.024580 0.009289
v -0.000199 0.027027 0.009722
v 0.000277 0.026771 0.009805
v 0.000379 0.025369 0.009722
v 0.000897 0.025720 0.009822
v -0.000249 0.028986 0.009820
v 0.000548 0.029606 0.009777
v 0.002159 0.028087 0.009822
v 0.001386 0.027373 0.009766
v 0.000473 0.024375 0.009625
v 0.001287 0.022764 0.009707
v 0.001268 0.023711 0.009801
v 0.003078 0.025368 0.009822
v 0.003506 0.026076 0.009708
v 0.002940 0.026891 0.009792
v 0.002102 0.029132 0.009790
v 0.003849 0.027454 0.009298
v 0.004188 0.027896 0.009162
v 0.003040 0.027741 0.009678
v 0.004412 0.025739 0.009297
v 0.003708 0.024687 0.009784
v 0.004433 0.023698 0.009653
v 0.004937 0.025513 0.009168
v 0.006052 0.024738 0.009144
v 0.005680 0.023472 0.009164
v 0.005516 0.022919 0.009238
v 0.005019 0.023508 0.009369
v 0.004279 0.022765 0.009798
v 0.002174 0.024897 0.009768
v 0.001962 0.022909 0.009818
v 0.000488 0.022828 0.009300
v 0.000713 0.021023 0.009168
v 0.001916 0.020974 0.009715
v 0.003794 0.023155 0.009821
v 0.004805 0.021832 0.009750
v 0.005398 0.020876 0.009644
v 0.004852 0.020856 0.009812
v 0.003298 0.021897 0.009772
v 0.001784 0.018554 0.009244
v 0.001999 0.019771 0.009571
v 0.002587 0.018985 0.009718
v 0.002978 0.019857 0.009820
v 0.006177 0.020439 0.009297
v 0.006610 0.020187 0.009184
v 0.007401 0.020644 0.009156
v 0.006369 0.021461 0.009157
v 0.006828 0.022503 0.009145
v 0.006982 0.023284 0.009021
v 0.006131 0.025666 0.009048
v 0.007818 0.022928 0.008676
v 0.009411 0.023441 0.008040
v 0.008738 0.023392 0.008371
v 0.007654 0.021355 0.009057
v 0.008480 0.021251 0.008679
v 0.008136 0.019562 0.009089
v 0.005454 0.019433 0.009783
v 0.005254 0.018754 0.009819
v 0.006045 0.017765 0.009795
v 0.006544 0.017472 0.009683
v 0.004314 0.018752 0.009768
v 0.003178 0.018057 0.009793
v 0.001286 0.020324 0.009285
v 0.001925 0.017343 0.009165
v 0.001581 0.017068 0.009112
v 0.002599 0.015248 0.009161
v 0.002773 0.015828 0.009283
v 0.003104 0.016884 0.009645
v 0.007139 0.017449 0.009365
v 0.005987 0.018897 0.009674
v 0.006709 0.018866 0.009293
v 0.009213 0.018956 0.008689
v 0.008701 0.018472 0.009016
v 0.007497 0.018259 0.009156
v 0.008915 0.016951 0.009112
v 0.008198 0.018443 0.009150
v 0.007473 0.017516 0.009216
v 0.007187 0.015773 0.009644
v 0.003988 0.016646 0.009821
v 0.003720 0.015852 0.009751
v 0.006783 0.015728 0.009784
v 0.006288 0.016004 0.009822
v 0.002513 0.014481 0.009111
v 0.003699 0.013462 0.009300
v 0.003429 0.013034 0.009155
v 0.001103 0.012666 0.009200
v 0.001667 0.008483 0.009044
v 0.000632 0.009406 0.008657
v 0.000461 0.007712 0.008487
v 0.000546 0.008560 0.008535
v 0.001493 0.007056 0.008644
v 0.001332 0.006307 0.008521
v -0.002409 0.005737 0.008037
v -0.001942 0.006298 0.008389
v -0.002563 0.005090 0.007913
v -0.002535 0.003628 0.007862
v -0.000972 0.003618 0.008428
v -0.000605 0.003934 0.008551
v -0.000158 0.002107 0.008524
v -0.000537 0.002072 0.008389
v -0.001509 0.002984 0.008032
v -0.001594 0.002138 0.007910
v 0.000411 0.000755 0.008533
v 0.000171 0.000315 0.008398
v 0.000301 0.002120 0.008575
v -0.000647 0.000634 0.008019
v -0.000809 -0.000115 0.007896
v -0.000783 -0.001324 0.007863
v -0.000061 -0.001581 0.007966
v 0.000969 -0.000947 0.008528
v 0.001432 -0.001275 0.008575
v 0.000737 -0.001468 0.008390
v 0.000470 -0.002199 0.008111
v -0.000163 -0.002335 0.007884
v 0.000451 -0.004617 0.007870
v 0.000182 -0.004784 0.007869
v 0.000297 -0.006601 0.007851
v 0.000860 -0.007626 0.008134
v 0.000661 -0.007026 0.007895
v -0.000460 -0.007830 0.008090
v -0.000756 -0.007040 0.007919
v -0.001171 -0.007072 0.007880
v -0.001494 -0.007796 0.007894
v -0.001491 -0.008327 0.008181
v -0.000990 -0.008158 0.008180
v -0.002300 -0.008584 0.008213
v -0.002401 -0.008718 0.008520
v -0.002444 -0.008289 0.007788
v -0.002240 -0.008902 0.010551
v -0.001536 -0.008883 0.012223
v 0.000606 -0.008711 0.013910
v -0.001202 -0.008627 0.008711
v -0.000920 -0.008704 0.009035
v -0.000679 -0.008449 0.008526
v -0.000678 -0.008811 0.009692
v 0.001059 -0.008650 0.009385
v 0.001106 -0.008778 0.009874
v 0.001305 -0.008166 0.008716
v 0.001939 -0.008416 0.009425
v 0.001138 -0.008879 0.010964
v 0.000730 -0.008858 0.012626
v 0.000550 -0.008538 0.014453
v 0.000970 -0.007964 0.015249
v 0.000825 -0.007769 0.015659
v 0.001316 -0.007595 0.016136
v -0.000272 -0.007256 0.017463
v 0.002000 -0.007564 0.015777
v 0.001707 -0.007804 0.014987
v 0.001394 -0.007881 0.015138
v 0.001350 -0.008407 0.014271
v 0.001746 -0.008163 0.014129
v 0.001399 -0.008571 0.013800
v 0.001846 -0.008754 0.012432
v 0.001950 -0.008742 0.010430
v 0.002431 -0.008466 0.010148
v 0.001884 -0.008819 0.011717
v 0.002412 -0.008439 0.012638
v 0.002576 -0.007827 0.013563
v 0.002145 -0.007760 0.014164
v 0.002379 -0.007436 0.016733
v 0.002509 -0.007555 0.014857
v 0.002591 -0.007106 0.017918
v 0.002658 -0.006921 0.018138
v 0.003004 -0.006505 0.018437
v 0.002758 -0.006335 0.018596
v 0.003876 -0.006351 0.018464
v 0.003380 -0.006166 0.018854
v 0.003324 -0.007163 0.017745
v 0.003680 -0.006891 0.017974
v 0.002762 -0.007287 0.017530
v 0.002894 -0.007671 0.013796
v 0.003037 -0.007805 0.013001
v 0.002841 -0.008097 0.012642
v 0.003247 -0.007809 0.012019
v 0.002655 -0.008447 0.011674
v 0.003486 -0.007650 0.012541
v 0.003699 -0.007528 0.014189
v 0.003896 -0.007360 0.016705
v 0.004149 -0.006977 0.017587
v 0.004657 -0.006752 0.017204
v 0.004843 -0.007411 0.015357
v 0.004075 -0.007448 0.015619
v 0.003729 -0.007548 0.010904
v 0.003556 -0.007481 0.009834
v 0.004209 -0.007512 0.011701
v 0.005363 -0.007505 0.013899
v 0.005077 -0.007318 0.015706
v 0.004932 -0.007174 0.016216
v 0.005181 -0.006970 0.016325
v 0.005282 -0.006396 0.016727
v 0.005414 -0.005943 0.017870
v 0.005161 -0.005764 0.019623
v 0.005517 -0.005553 0.020269
v 0.005247 -0.005311 0.020742
v 0.005486 -0.004806 0.021013
v 0.005527 -0.004553 0.021277
v 0.005375 -0.004356 0.021921
v 0.005666 -0.004240 0.024996
v 0.005709 -0.004112 0.025981
v 0.005783 -0.003888 0.026479
v 0.006016 -0.003385 0.026957
v 0.006151 -0.003128 0.027423
v 0.006341 -0.002961 0.028005
v 0.006064 -0.002778 0.029610
v 0.006133 -0.002583 0.030337
v 0.005954 -0.002319 0.030932
v 0.005257 -0.001543 0.032125
v 0.005200 -0.001414 0.032794
v 0.005515 -0.001321 0.033416
v 0.006152 -0.001561 0.031728
v 0.006245 -0.001429 0.032099
v 0.006324 -0.001333 0.032583
v 0.007315 -0.001005 0.034102
v 0.006328 -0.001203 0.036488
v 0.006785 -0.001001 0.036543
v 0.006686 -0.000688 0.037625
v 0.006327 -0.000721 0.038522
v 0.006163 -0.000528 0.039666
v 0.006681 0.000009 0.038564
v 0.006676 0.000075 0.038897
v 0.007210 -0.000344 0.037421
v 0.007551 -0.000045 0.037768
v 0.007708 0.000182 0.038429
v 0.007449 0.000448 0.040697
v 0.007932 0.000684 0.040764
v 0.007573 0.000688 0.041706
v 0.007029 0.000558 0.043834
v 0.006608 0.000655 0.044980
v 0.006096 0.000590 0.045987
v 0.006716 0.001342 0.045975
v 0.006607 0.001356 0.046328
v 0.006484 0.001578 0.050047
v 0.006500 0.001695 0.051256
v 0.006344 0.001739 0.053269
v 0.006409 0.001935 0.053892
v 0.006784 0.002298 0.054107
v 0.006988 0.002037 0.053581
v 0.006851 0.001860 0.052867
v 0.007426 0.002356 0.053525
v 0.007213 0.002674 0.054111
v 0.007450 0.002537 0.053811
v 0.007647 0.003208 0.053991
v 0.007166 0.003291 0.054220
v 0.007124 0.003941 0.054225
v 0.006780 0.005261 0.054137
v 0.009060 0.021111 0.054125
v 0.009182 0.021476 0.053994
v 0.010308 0.020858 0.054060
v 0.009287 0.020510 0.054178
v 0.010228 0.020470 0.054226
v 0.010973 0.020072 0.054064
v 0.010638 0.020694 0.053934
v 0.011090 0.020159 0.053785
v 0.010939 0.020507 0.053427
v 0.010912 0.020874 0.052013
v 0.010814 0.021358 0.052102
v 0.011054 0.020451 0.052230
v 0.011291 0.020135 0.052850
v 0.011638 0.019716 0.053762
v 0.011868 0.019485 0.053731
v 0.011820 0.019684 0.052740
v 0.011035 0.020365 0.048964
v 0.010948 0.020634 0.048834
v 0.011214 0.020111 0.048730
v 0.011135 0.021120 0.047447
v 0.011462 0.020553 0.047239
v 0.011517 0.021051 0.046559
v 0.010914 0.021481 0.048205
v 0.010943 0.021783 0.046649
v 0.011155 0.021396 0.046759
v 0.011935 0.020815 0.045503
v 0.011950 0.020880 0.044800
v 0.012166 0.020351 0.045509
v 0.011879 0.020642 0.046404
v 0.011923 0.020059 0.047244
v 0.011880 0.019736 0.048374
v 0.012016 0.019378 0.049586
v 0.011819 0.019636 0.049768
v 0.012149 0.019045 0.050654
v 0.012127 0.018988 0.053642
v 0.011560 0.019359 0.054213
v 0.012021 0.018920 0.053948
v 0.010117 0.018995 0.054124
v 0.011300 0.019080 0.054327
v 0.012115 0.019236 0.052837
v 0.012251 0.018682 0.052858
v 0.012271 0.017577 0.050205
v 0.012221 0.017646 0.053462
v 0.011675 0.018710 0.054270
v 0.012044 0.017214 0.053898
v 0.012268 0.016905 0.053518
v 0.012366 0.017098 0.052962
v 0.012317 0.017472 0.052402
v 0.012502 0.016962 0.052015
v 0.012370 0.017192 0.049917
v 0.012565 0.016983 0.049176
v 0.012385 0.017308 0.049245
v 0.012500 0.017934 0.048831
v 0.012244 0.018414 0.049992
v 0.012300 0.018626 0.048970
v 0.012603 0.018271 0.048274
v 0.012142 0.019621 0.047293
v 0.011745 0.021098 0.043591
v 0.011285 0.021485 0.045062
v 0.010758 0.022356 0.041816
v 0.010922 0.023045 0.038883
v 0.011161 0.022509 0.038205
v 0.011017 0.021951 0.038840
v 0.011162 0.021620 0.038759
v 0.011080 0.021635 0.039973
v 0.010967 0.021844 0.039868
v 0.011249 0.021434 0.039521
v 0.011696 0.021370 0.038399
v 0.011245 0.021644 0.038398
v 0.011773 0.021665 0.037792
v 0.012026 0.021073 0.038345
v 0.011828 0.021104 0.039079
v 0.012091 0.020685 0.039637
v 0.012451 0.020293 0.037701
v 0.012288 0.020611 0.037343
v 0.012295 0.020639 0.035158
v 0.012185 0.021052 0.037164
v 0.012093 0.021419 0.037312
v 0.011880 0.022244 0.036956
v 0.011892 0.022489 0.035951
v 0.011864 0.022618 0.033514
v 0.011656 0.022916 0.032365
v 0.011244 0.023245 0.032175
v 0.011838 0.023279 0.031418
v 0.011325 0.023915 0.031698
v 0.011875 0.023844 0.030689
v 0.011731 0.024184 0.030322
v 0.011135 0.024503 0.031541
v 0.011538 0.024173 0.031105
v 0.011053 0.023407 0.032538
v 0.011218 0.023091 0.032950
v 0.011111 0.024733 0.030724
v 0.011259 0.024747 0.028216
v 0.011268 0.024866 0.027803
v 0.011818 0.024524 0.027743
v 0.011849 0.024825 0.027078
v 0.012055 0.024152 0.027829
v 0.012159 0.024336 0.026985
v 0.011838 0.025455 0.026142
v 0.012164 0.024929 0.026052
v 0.012866 0.024323 0.025384
v 0.013169 0.023968 0.025424
v 0.012544 0.024167 0.026140
v 0.013250 0.024124 0.024864
v 0.013179 0.024465 0.023752
v 0.012497 0.024573 0.025556
v 0.012446 0.025001 0.023714
v 0.012587 0.024846 0.023536
v 0.012688 0.025490 0.022744
v 0.013110 0.024912 0.022894
v 0.013505 0.024431 0.023058
v 0.013716 0.024770 0.021735
v 0.013530 0.025255 0.021627
v 0.013214 0.025446 0.022037
v 0.012826 0.025690 0.022219
v 0.012444 0.026004 0.022249
v 0.012618 0.026145 0.020498
v 0.012430 0.026366 0.020590
v 0.011990 0.026935 0.022419
v 0.011966 0.026748 0.023072
v 0.012048 0.025729 0.024325
v 0.012351 0.025835 0.023104
v 0.011744 0.026225 0.024155
v 0.011299 0.026279 0.024553
v 0.011196 0.026207 0.024924
v 0.011773 0.025837 0.024886
v 0.011531 0.025538 0.026687
v 0.012457 0.026999 0.019956
v 0.013270 0.026202 0.019833
v 0.013250 0.025844 0.020545
v 0.012652 0.026260 0.020196
v 0.013539 0.025837 0.019939
v 0.013037 0.026928 0.019336
v 0.012597 0.027272 0.019390
v 0.012415 0.027581 0.019034
v 0.012458 0.027940 0.017447
v 0.012116 0.028080 0.019030
v 0.012633 0.027716 0.017439
v 0.013179 0.027129 0.018692
v 0.013549 0.026796 0.018577
v 0.013538 0.027592 0.016524
v 0.013348 0.027413 0.017247
v 0.013665 0.027218 0.016715
v 0.013546 0.028416 0.015409
v 0.013336 0.029181 0.013767
v 0.013242 0.028994 0.014411
v 0.012619 0.029450 0.014048
v 0.012560 0.029396 0.014231
v 0.013147 0.028727 0.015674
v 0.012455 0.029091 0.016042
v 0.013114 0.028529 0.016102
v 0.013637 0.028858 0.013621
v 0.013795 0.028402 0.013727
v 0.013991 0.028851 0.012603
v 0.013762 0.029532 0.012174
v 0.014124 0.029165 0.011827
v 0.014508 0.028923 0.011695
v 0.014212 0.027937 0.012683
v 0.014302 0.028364 0.012383
v 0.014704 0.028488 0.011875
v 0.014819 0.028601 0.011522
v 0.014754 0.028868 0.010537
v 0.014047 0.029319 0.009946
v 0.014039 0.029405 0.010982
v 0.013645 0.029803 0.011524
v 0.013624 0.029813 0.010262
v 0.013204 0.030175 0.011647
v 0.013326 0.029599 0.013167
v 0.013263 0.030139 0.010528
v 0.013026 0.030227 0.010149
v 0.013424 0.029817 0.009702
v 0.013671 0.029544 0.009479
v 0.012778 0.029832 0.009184
v 0.012576 0.030002 0.009166
v 0.012240 0.030057 0.008712
v 0.011920 0.029810 0.007744
v 0.012118 0.029371 0.007599
v 0.011616 0.030006 0.007521
v 0.011337 0.029699 0.007218
v 0.011125 0.030108 0.007349
v 0.010224 0.030267 0.007181
v 0.008902 0.030778 0.007713
v 0.008592 0.031736 0.007831
v 0.008091 0.031287 0.007908
v 0.006912 0.031747 0.007925
v 0.008784 0.029921 0.007810
v 0.010374 0.028925 0.007297
v 0.011324 0.029211 0.007161
v 0.009702 0.029952 0.007337
v 0.008342 0.029968 0.007895
v 0.007404 0.030866 0.007907
v 0.005101 0.031068 0.008682
v 0.003575 0.033062 0.009026
v 0.003553 0.032161 0.009135
v 0.001584 0.031891 0.009660
v 0.001469 0.031272 0.009776
v 0.002900 0.030424 0.009244
v 0.003126 0.030854 0.009159
v 0.006587 0.029556 0.008371
v 0.007577 0.029248 0.007973
v 0.007065 0.030259 0.008030
v 0.008947 0.028550 0.007902
v 0.009520 0.028286 0.007782
v 0.008138 0.028567 0.007910
v 0.007251 0.027427 0.008388
v 0.004418 0.030812 0.009056
v 0.004645 0.029132 0.009137
v 0.003975 0.030775 0.009156
v 0.005247 0.028458 0.009031
v 0.005991 0.028420 0.008681
v 0.010343 0.028313 0.007377
v 0.008381 0.027228 0.007936
v 0.007997 0.027324 0.008046
v 0.007930 0.025740 0.008386
v 0.009581 0.026627 0.007895
v 0.010128 0.025819 0.007846
v 0.009143 0.025727 0.007914
v 0.008737 0.025699 0.008008
v 0.010660 0.025288 0.007720
v 0.010819 0.023784 0.007843
v 0.010567 0.023500 0.007895
v 0.009896 0.023341 0.007917
v 0.011322 0.022050 0.007861
v 0.011544 0.022737 0.007701
v 0.012052 0.020742 0.007766
v 0.012243 0.022358 0.007416
v 0.012970 0.020197 0.007415
v 0.014302 0.019622 0.006944
v 0.014017 0.021378 0.006824
v 0.010792 0.027538 0.007285
v 0.011797 0.027342 0.006847
v 0.011196 0.028330 0.007125
v 0.012250 0.027842 0.006636
v 0.012743 0.028050 0.006637
v 0.012310 0.028331 0.006720
v 0.012294 0.028709 0.006969
v 0.012759 0.028577 0.006890
v 0.012451 0.029057 0.007505
v 0.011886 0.029081 0.007198
v 0.012530 0.029380 0.008590
v 0.012931 0.028965 0.007690
v 0.013116 0.029490 0.008934
v 0.013836 0.029025 0.008422
v 0.014530 0.028955 0.009028
v 0.014345 0.028666 0.008219
v 0.014890 0.028299 0.008655
v 0.014832 0.028707 0.009405
v 0.015245 0.028053 0.009679
v 0.015426 0.027655 0.009743
v 0.015352 0.027767 0.010843
v 0.015145 0.028207 0.011055
v 0.015092 0.028047 0.011596
v 0.015168 0.027321 0.012492
v 0.014968 0.027849 0.012073
v 0.014814 0.027577 0.012679
v 0.014214 0.027758 0.012896
v 0.014022 0.027983 0.013027
v 0.013897 0.027806 0.014985
v 0.014166 0.027504 0.014747
v 0.013830 0.027528 0.015828
v 0.013795 0.026800 0.016866
v 0.014137 0.027164 0.015482
v 0.014026 0.026374 0.016158
v 0.013901 0.026191 0.018137
v 0.013808 0.025935 0.019109
v 0.014777 0.025274 0.018012
v 0.014749 0.025574 0.017464
v 0.015120 0.025245 0.017370
v 0.015124 0.024292 0.018932
v 0.014820 0.024540 0.019044
v 0.014211 0.024852 0.019162
v 0.014201 0.025614 0.018413
v 0.013727 0.025513 0.020011
v 0.014056 0.024999 0.019360
v 0.014311 0.024399 0.020483
v 0.013978 0.024636 0.020860
v 0.014313 0.024093 0.020939
v 0.014944 0.023216 0.020916
v 0.014867 0.022641 0.021893
v 0.015132 0.022378 0.021717
v 0.014819 0.022322 0.022373
v 0.014376 0.022691 0.022459
v 0.014442 0.022253 0.022771
v 0.014160 0.022702 0.022919
v 0.013989 0.022822 0.023290
v 0.013825 0.023019 0.023931
v 0.013924 0.023495 0.022147
v 0.013697 0.024092 0.022798
v 0.014100 0.024080 0.021289
v 0.014155 0.023293 0.021603
v 0.013538 0.023720 0.024780
v 0.013520 0.023009 0.025783
v 0.013332 0.023033 0.026200
v 0.013077 0.023564 0.025890
v 0.012727 0.022754 0.028009
v 0.012586 0.023224 0.026671
v 0.013185 0.022841 0.026805
v 0.013218 0.022444 0.027779
v 0.012625 0.022663 0.028387
v 0.012857 0.022302 0.028365
v 0.012506 0.022475 0.028833
v 0.012283 0.022841 0.029579
v 0.012128 0.022602 0.031387
v 0.012052 0.023749 0.029911
v 0.012356 0.023060 0.028685
v 0.011771 0.024367 0.028472
v 0.011981 0.022713 0.032124
v 0.012088 0.022316 0.033367
v 0.012150 0.021820 0.036181
v 0.012297 0.021324 0.034617
v 0.012512 0.021094 0.033729
v 0.012839 0.021106 0.032927
v 0.012527 0.021497 0.031929
v 0.012589 0.021350 0.032875
v 0.012316 0.021596 0.033903
v 0.012271 0.021913 0.032573
v 0.012496 0.021763 0.029035
v 0.012302 0.022021 0.029695
v 0.012341 0.021781 0.030048
v 0.013110 0.021109 0.031685
v 0.013165 0.020909 0.032623
v 0.012810 0.020780 0.033375
v 0.013110 0.020356 0.033426
v 0.012589 0.020261 0.034029
v 0.012418 0.020483 0.034347
v 0.012517 0.020198 0.034688
v 0.012637 0.020081 0.037868
v 0.012604 0.019862 0.038949
v 0.012865 0.019794 0.038536
v 0.012865 0.019373 0.039006
v 0.012505 0.019548 0.039469
v 0.012276 0.019870 0.040252
v 0.012108 0.020447 0.041126
v 0.011953 0.020793 0.041315
v 0.011745 0.021038 0.040701
v 0.012321 0.020188 0.039386
v 0.012191 0.020032 0.041479
v 0.012285 0.019196 0.045002
v 0.012219 0.020280 0.044698
v 0.012279 0.018998 0.047437
v 0.012514 0.018557 0.047371
v 0.013209 0.018011 0.047345
v 0.012867 0.018180 0.047880
v 0.012853 0.017763 0.048363
v 0.013147 0.017260 0.048375
v 0.013164 0.017820 0.047928
v 0.013489 0.017659 0.047169
v 0.013774 0.017032 0.046792
v 0.013684 0.017436 0.045700
v 0.013756 0.016366 0.048188
v 0.013515 0.017047 0.048023
v 0.013304 0.016916 0.048590
v 0.013216 0.016761 0.049031
v 0.012580 0.017100 0.048892
v 0.012857 0.016611 0.052107
v 0.012621 0.016637 0.052737
v 0.012404 0.016291 0.053454
v 0.013082 0.016148 0.052549
v 0.012755 0.015995 0.053116
v 0.013159 0.015583 0.053020
v 0.013208 0.015228 0.053413
v 0.012565 0.015499 0.053520
v 0.011855 0.018643 0.054185
v 0.011354 0.017843 0.054250
v 0.010907 0.016947 0.054204
v 0.007997 0.020703 0.054156
v 0.010047 0.016145 0.054157
v 0.013247 0.014031 0.054277
v 0.012089 0.015016 0.054122
v 0.011389 0.015944 0.054158
v 0.011933 0.016036 0.053941
v 0.012032 0.015495 0.053988
v 0.012466 0.015147 0.053929
v 0.013396 0.014884 0.053763
v 0.013616 0.014712 0.053566
v 0.013775 0.014672 0.052983
v 0.013715 0.014169 0.053733
v 0.013128 0.014534 0.054181
v 0.013882 0.014705 0.051215
v 0.013841 0.013053 0.049220
v 0.013940 0.012778 0.048307
v 0.014022 0.013739 0.047759
v 0.013894 0.014137 0.048512
v 0.013717 0.015611 0.051166
v 0.013479 0.016009 0.051649
v 0.013192 0.016321 0.052031
v 0.013236 0.016583 0.049681
v 0.013541 0.016403 0.049261
v 0.013766 0.015929 0.049080
v 0.013862 0.015388 0.048405
v 0.014046 0.014072 0.046439
v 0.013918 0.014423 0.047074
v 0.013890 0.016206 0.046844
v 0.013871 0.016754 0.045468
v 0.013889 0.015437 0.043515
v 0.013837 0.014720 0.044213
v 0.014159 0.013898 0.046520
v 0.014467 0.013634 0.046535
v 0.014807 0.013443 0.046140
v 0.014221 0.013624 0.047097
v 0.014267 0.013330 0.047325
v 0.014734 0.012100 0.047699
v 0.014197 0.012512 0.047746
v 0.014054 0.012599 0.047965
v 0.014224 0.011948 0.048437
v 0.013924 0.012357 0.049088
v 0.013878 0.012470 0.050279
v 0.013919 0.013696 0.052527
v 0.013881 0.013439 0.053199
v 0.013664 0.013534 0.053965
v 0.011838 0.013686 0.054133
v 0.010520 0.012075 0.054157
v 0.012961 0.012974 0.054257
v 0.013483 0.013944 0.054158
v 0.013917 0.011403 0.052023
v 0.013941 0.009666 0.052610
v 0.013949 0.009838 0.051880
v 0.013791 0.013420 0.053646
v 0.013255 0.012651 0.054229
v 0.013492 0.009568 0.054113
v 0.013664 0.009488 0.053934
v 0.013240 0.009392 0.054209
v 0.013065 0.008653 0.054165
v 0.012944 0.009188 0.054253
v 0.011293 0.010010 0.054133
v 0.011598 0.008205 0.054234
v 0.010252 0.008383 0.054145
v 0.009111 0.007564 0.054137
v 0.009617 0.005932 0.054274
v 0.010261 0.005826 0.054222
v 0.010186 0.006819 0.054226
v 0.010828 0.006506 0.054111
v 0.010841 0.006181 0.053930
v 0.010597 0.006604 0.054187
v 0.010387 0.005595 0.054124
v 0.010661 0.005443 0.053778
v 0.010184 0.005280 0.053986
v 0.009996 0.005663 0.054269
v 0.009252 0.005190 0.054089
v 0.009070 0.005420 0.054194
v 0.007823 0.006402 0.054143
v 0.008269 0.005508 0.054208
v 0.009397 0.004971 0.053876
v 0.008929 0.004880 0.054110
v 0.008653 0.005142 0.054212
v 0.008529 0.004316 0.054231
v 0.008053 0.004248 0.054286
v 0.008254 0.003789 0.054163
v 0.007607 0.003655 0.054197
v 0.008127 0.003449 0.053895
v 0.007858 0.003110 0.053648
v 0.008195 0.003172 0.052787
v 0.008403 0.003407 0.053603
v 0.008719 0.004119 0.054105
v 0.008843 0.003765 0.053753
v 0.009071 0.004173 0.053756
v 0.009187 0.003875 0.053161
v 0.009383 0.004471 0.053166
v 0.009203 0.004635 0.053802
v 0.009661 0.004849 0.053441
v 0.010516 0.005050 0.053358
v 0.010797 0.005226 0.053212
v 0.010615 0.004734 0.052026
v 0.011030 0.005979 0.053478
v 0.011096 0.005335 0.052125
v 0.011271 0.005839 0.052267
v 0.011713 0.005775 0.051327
v 0.011570 0.005229 0.050825
v 0.011077 0.004952 0.051469
v 0.011240 0.004717 0.049808
v 0.011607 0.004935 0.048815
v 0.011192 0.004718 0.045725
v 0.011160 0.004593 0.044944
v 0.010828 0.003722 0.044749
v 0.010723 0.003800 0.045453
v 0.011029 0.004558 0.045872
v 0.010629 0.003794 0.046915
v 0.011107 0.004530 0.048818
v 0.010770 0.004281 0.050719
v 0.009739 0.004538 0.052244
v 0.009589 0.004450 0.052352
v 0.009341 0.003714 0.052030
v 0.008712 0.003349 0.052377
v 0.008064 0.003160 0.050266
v 0.007447 0.002246 0.051059
v 0.007916 0.002953 0.053013
v 0.007462 0.002256 0.052847
v 0.007128 0.001934 0.050731
v 0.006785 0.001614 0.049005
v 0.007456 0.001970 0.049169
v 0.007509 0.001787 0.048142
v 0.006799 0.001530 0.046702
v 0.007700 0.001585 0.046136
v 0.007443 0.001264 0.045154
v 0.007338 0.000975 0.044567
v 0.007797 0.001346 0.044533
v 0.007498 0.000890 0.043410
v 0.007953 0.001356 0.041803
v 0.008092 0.001532 0.042325
v 0.008864 0.001817 0.042732
v 0.008835 0.001910 0.043715
v 0.009095 0.002256 0.044083
v 0.009105 0.002135 0.043355
v 0.009788 0.003201 0.047929
v 0.010363 0.003448 0.045245
v 0.010328 0.003481 0.046221
v 0.010374 0.003323 0.043907
v 0.010643 0.003144 0.042858
v 0.010843 0.002960 0.042059
v 0.010548 0.002859 0.042224
v 0.009802 0.003081 0.043039
v 0.009640 0.003160 0.043792
v 0.009439 0.002964 0.043655
v 0.009530 0.002921 0.042992
v 0.009684 0.002875 0.042660
v 0.009546 0.002347 0.042356
v 0.010316 0.002308 0.041562
v 0.009965 0.001865 0.041239
v 0.009733 0.001632 0.040710
v 0.009373 0.001951 0.042142
v 0.008997 0.001694 0.042020
v 0.009235 0.002106 0.042715
v 0.009055 0.001459 0.041257
v 0.009513 0.001422 0.039789
v 0.009068 0.000971 0.039971
v 0.009250 0.001282 0.040485
v 0.008196 0.001374 0.041518
v 0.008164 0.000844 0.040731
v 0.008711 0.000652 0.039676
v 0.008802 0.000964 0.040375
v 0.009139 0.000799 0.038112
v 0.009544 0.001359 0.037530
v 0.009684 0.001510 0.037864
v 0.009361 0.000824 0.037043
v 0.009102 0.000603 0.037218
v 0.008940 0.000434 0.036613
v 0.008310 0.000261 0.034891
v 0.008188 0.000253 0.037469
v 0.007911 0.000070 0.036872
v 0.008481 0.000447 0.039035
v 0.007646 -0.000319 0.035919
v 0.007341 -0.000711 0.036071
v 0.007577 -0.000663 0.034426
v 0.007978 0.000121 0.034584
v 0.008011 0.000028 0.034099
v 0.009107 0.000069 0.033680
v 0.008885 -0.000197 0.033236
v 0.008175 -0.000209 0.033620
v 0.008481 -0.000811 0.032860
v 0.007866 -0.000769 0.033462
v 0.007450 -0.001637 0.030310
v 0.007713 -0.001397 0.030870
v 0.006071 -0.001811 0.031336
v 0.007345 -0.001848 0.030015
v 0.007257 -0.002296 0.029610
v 0.007145 -0.002602 0.029177
v 0.007344 -0.003065 0.026597
v 0.007923 -0.002999 0.025995
v 0.007961 -0.002405 0.028369
v 0.008073 -0.001723 0.028941
v 0.008120 -0.001547 0.029233
v 0.009074 -0.001391 0.029256
v 0.008361 -0.001374 0.029793
v 0.008916 -0.001704 0.028395
v 0.008645 -0.002232 0.027874
v 0.008986 -0.002262 0.027408
v 0.009134 -0.001833 0.027865
v 0.007877 -0.002774 0.027548
v 0.008537 -0.002806 0.026151
v 0.008245 -0.002994 0.024074
v 0.009143 -0.003142 0.022993
v 0.009321 -0.002995 0.023464
v 0.009434 -0.003961 0.020823
v 0.009006 -0.003318 0.022657
v 0.008845 -0.003897 0.021789
v 0.008928 -0.004413 0.020119
v 0.009614 -0.004562 0.019143
v 0.010351 -0.004578 0.018668
v 0.009574 -0.005366 0.018323
v 0.008934 -0.004769 0.019551
v 0.007842 -0.004300 0.021251
v 0.007867 -0.004031 0.022177
v 0.008116 -0.003787 0.022507
v 0.007685 -0.003839 0.023089
v 0.008021 -0.003190 0.023626
v 0.007464 -0.003527 0.025056
v 0.007633 -0.003253 0.025417
v 0.007289 -0.003320 0.025908
v 0.006793 -0.003865 0.025470
v 0.006446 -0.004136 0.024915
v 0.006723 -0.004196 0.022726
v 0.007240 -0.004098 0.022811
v 0.007141 -0.003924 0.024652
v 0.007099 -0.004337 0.021715
v 0.006872 -0.004538 0.021305
v 0.005620 -0.004416 0.021607
v 0.005902 -0.004723 0.021021
v 0.005902 -0.005264 0.020606
v 0.006717 -0.005280 0.020568
v 0.006663 -0.005540 0.020245
v 0.007380 -0.005298 0.020241
v 0.007314 -0.005624 0.019633
v 0.007862 -0.005514 0.019482
v 0.008079 -0.005326 0.019586
v 0.008097 -0.004619 0.020258
v 0.006967 -0.004767 0.020968
v 0.007499 -0.004634 0.020823
v 0.008180 -0.005695 0.018660
v 0.007734 -0.005778 0.018422
v 0.007287 -0.005905 0.016608
v 0.007093 -0.005998 0.016112
v 0.007183 -0.006152 0.015685
v 0.006347 -0.005918 0.017660
v 0.006813 -0.005752 0.019441
v 0.006138 -0.006080 0.016828
v 0.006645 -0.006157 0.015991
v 0.006736 -0.006385 0.015610
v 0.006984 -0.007064 0.014923
v 0.006631 -0.007335 0.014477
v 0.006262 -0.007203 0.015086
v 0.006469 -0.006990 0.015332
v 0.005963 -0.006366 0.016342
v 0.005904 -0.006861 0.015939
v 0.005368 -0.007519 0.010994
v 0.004277 -0.007438 0.010269
v 0.005332 -0.007112 0.009415
v 0.003956 -0.007007 0.009032
v 0.003091 -0.006480 0.008627
v 0.003089 -0.006880 0.008733
v 0.002468 -0.005634 0.008491
v 0.001824 -0.003818 0.008509
v 0.001461 -0.003605 0.008399
v 0.002116 -0.003114 0.008576
v 0.004818 -0.000888 0.009013
v 0.004161 -0.001934 0.008523
v 0.003520 -0.001395 0.008488
v 0.004713 -0.003443 0.008530
v 0.005317 -0.004051 0.008669
v 0.006169 -0.004326 0.009073
v 0.006764 -0.004147 0.009211
v 0.004749 -0.002305 0.008669
v 0.005519 -0.002677 0.009014
v 0.005920 -0.002537 0.009162
v 0.004864 0.001732 0.009197
v 0.004804 0.001013 0.009185
v 0.003991 0.001847 0.009055
v 0.001348 0.005101 0.008488
v 0.002312 0.006737 0.009023
v 0.002652 0.007975 0.009200
v 0.002620 0.006950 0.009151
v 0.003419 0.011837 0.009112
v 0.004454 0.013157 0.009649
v 0.003837 0.014778 0.009661
v 0.005508 0.015221 0.009767
v 0.007320 0.014118 0.009784
v 0.007890 0.015571 0.009297
v 0.008415 0.015346 0.009168
v 0.009607 0.015503 0.009048
v 0.009530 0.014572 0.009144
v 0.008723 0.013567 0.009239
v 0.010527 0.015071 0.008678
v 0.009903 0.016845 0.008694
v 0.011214 0.018108 0.008019
v 0.011686 0.017967 0.007910
v 0.013172 0.017195 0.007825
v 0.012390 0.018469 0.007901
v 0.011127 0.016445 0.008380
v 0.011841 0.016443 0.008037
v 0.011783 0.014487 0.008378
v 0.012623 0.014072 0.008039
v 0.010460 0.013116 0.009021
v 0.012599 0.011964 0.008386
v 0.010189 0.012691 0.009141
v 0.009158 0.013304 0.009164
v 0.007857 0.013629 0.009662
v 0.004479 0.014346 0.009801
v 0.007005 0.013788 0.009821
v 0.008621 0.012977 0.009367
v 0.008514 0.011767 0.009647
v 0.008080 0.011827 0.009786
v 0.007657 0.012429 0.009815
v 0.005173 0.013543 0.009818
v 0.005037 0.012709 0.009789
v 0.004497 0.010959 0.009285
v 0.004262 0.010348 0.009146
v 0.004995 0.009189 0.009244
v 0.005798 0.009620 0.009718
v 0.005369 0.011328 0.009769
v 0.006688 0.011956 0.009771
v 0.008664 0.010068 0.009783
v 0.010237 0.009398 0.009195
v 0.009732 0.009844 0.009327
v 0.009148 0.009839 0.009648
v 0.006189 0.010492 0.009820
v 0.006389 0.008692 0.009793
v 0.005210 0.010406 0.009571
v 0.005136 0.007978 0.009165
v 0.006315 0.007519 0.009645
v 0.004880 0.007656 0.009117
v 0.004076 0.009448 0.009115
v 0.005810 0.005883 0.009161
v 0.006191 0.004641 0.009138
v 0.005793 0.004542 0.009115
v 0.003320 0.004807 0.009149
v 0.003708 0.003316 0.009126
v 0.002134 0.004885 0.008613
v 0.002258 0.003612 0.008528
v 0.003869 0.004481 0.009201
v 0.006692 0.002292 0.009114
v 0.007599 0.001392 0.009215
v 0.007016 0.002907 0.009188
v 0.006910 0.004097 0.009300
v 0.005984 0.006463 0.009283
v 0.007198 0.007281 0.009821
v 0.007171 0.005995 0.009775
v 0.007048 0.005413 0.009661
v 0.008057 0.004630 0.009823
v 0.007976 0.003154 0.009692
v 0.007979 0.001915 0.009488
v 0.007609 0.000668 0.009153
v 0.007646 -0.000604 0.009113
v 0.009220 0.001714 0.009820
v 0.008301 0.003369 0.009803
v 0.008778 0.005684 0.009768
v 0.007525 0.009387 0.009768
v 0.008465 0.009389 0.009819
v 0.009255 0.008400 0.009795
v 0.009676 0.008278 0.009689
v 0.010539 0.007919 0.009298
v 0.011880 0.009149 0.009024
v 0.011435 0.009130 0.009145
v 0.010877 0.008363 0.009162
v 0.012124 0.007594 0.009112
v 0.013183 0.007321 0.008688
v 0.012122 0.010497 0.008692
v 0.013884 0.008104 0.008382
v 0.015068 0.008115 0.007909
v 0.014565 0.009594 0.007917
v 0.013901 0.010335 0.008021
v 0.009396 0.011555 0.009235
v 0.009822 0.011377 0.009157
v 0.011044 0.011200 0.009082
v 0.011534 0.011198 0.008864
v 0.010698 0.011145 0.009156
v 0.013300 0.012530 0.007982
v 0.013901 0.011585 0.007919
v 0.013754 0.014586 0.007887
v 0.013108 0.013972 0.007917
v 0.012310 0.016102 0.007927
v 0.013072 0.016494 0.007891
v 0.013622 0.018675 0.007386
v 0.013001 0.018686 0.007698
v 0.010478 0.020309 0.008026
v 0.010807 0.020598 0.007919
v 0.009609 0.020655 0.008385
v 0.010500 0.018082 0.008369
v 0.014421 0.013793 0.007789
v 0.013948 0.015855 0.007693
v 0.014713 0.011568 0.007889
v 0.015260 0.011213 0.007791
v 0.015519 0.012828 0.007411
v 0.016441 0.013787 0.006847
v 0.017637 0.013768 0.006474
v 0.018622 0.013650 0.006018
v 0.019284 0.012011 0.006001
v 0.019769 0.012130 0.005966
v 0.018263 0.011670 0.006502
v 0.017224 0.011884 0.006845
v 0.018971 0.011773 0.006128
v 0.015622 0.009123 0.007901
v 0.016049 0.009342 0.007770
v 0.014728 0.007801 0.008026
v 0.017009 0.006897 0.007698
v 0.016781 0.006474 0.007840
v 0.016398 0.006790 0.007892
v 0.015758 0.006519 0.007910
v 0.015467 0.006064 0.008004
v 0.014638 0.006156 0.008385
v 0.012820 0.006133 0.009048
v 0.011627 0.005980 0.009168
v 0.011101 0.006206 0.009297
v 0.009994 0.006362 0.009784
v 0.009499 0.006638 0.009822
v 0.010556 0.005919 0.009645
v 0.011793 0.004232 0.009280
v 0.010531 0.004753 0.009784
v 0.010216 0.004423 0.009821
v 0.011361 0.003486 0.009648
v 0.011110 0.002848 0.009798
v 0.011958 0.001222 0.009711
v 0.012494 0.002191 0.009270
v 0.012593 0.003246 0.009163
v 0.012741 0.005205 0.009144
v 0.015428 0.003839 0.008381
v 0.013850 0.005405 0.008674
v 0.013351 0.003236 0.009146
v 0.013867 0.001751 0.009163
v 0.013055 0.000402 0.009288
v 0.014445 0.000465 0.009140
v 0.013591 0.000363 0.009154
v 0.012762 -0.000795 0.009706
v 0.012448 0.000182 0.009657
v 0.010166 0.001695 0.009770
v 0.011384 0.000746 0.009816
v 0.011892 0.000264 0.009804
v 0.009088 0.000884 0.009794
v 0.009604 -0.001255 0.009750
v 0.012557 -0.001865 0.009829
v 0.013256 -0.003160 0.009750
v 0.013763 -0.002934 0.009634
v 0.013389 -0.002356 0.009649
v 0.013917 -0.002067 0.009314
v 0.013573 -0.000805 0.009265
v 0.014985 -0.000578 0.009142
v 0.014783 0.000716 0.009011
v 0.014446 0.003464 0.008698
v 0.016123 0.003900 0.008036
v 0.016587 0.002853 0.007961
v 0.016384 0.004245 0.007934
v 0.017107 0.004689 0.007903
v 0.017813 0.005718 0.007489
v 0.017990 0.009506 0.006851
v 0.020892 0.012108 0.006589
v 0.020547 0.012664 0.006303
v 0.021223 0.012626 0.007395
v 0.020939 0.013031 0.006960
v 0.020654 0.013461 0.006894
v 0.019651 0.013943 0.006322
v 0.020243 0.014096 0.007203
v 0.020383 0.014910 0.008023
v 0.020354 0.016061 0.009101
v 0.020087 0.015172 0.007696
v 0.020080 0.016194 0.008104
v 0.019531 0.016431 0.006562
v 0.019792 0.016730 0.007090
v 0.019929 0.017746 0.007991
v 0.019678 0.017998 0.007609
v 0.019403 0.017711 0.006915
v 0.019401 0.018468 0.007714
v 0.018565 0.018507 0.007051
v 0.018648 0.018706 0.007431
v 0.017741 0.020807 0.006324
v 0.017352 0.020745 0.006102
v 0.016411 0.021828 0.005950
v 0.016220 0.021548 0.005956
v 0.015151 0.023193 0.006090
v 0.014037 0.023974 0.006522
v 0.012373 0.025817 0.006842
v 0.013408 0.026926 0.006559
v 0.012955 0.026426 0.006615
v 0.013492 0.025497 0.006510
v 0.014206 0.025965 0.006250
v 0.014653 0.025975 0.006231
v 0.013744 0.026342 0.006428
v 0.013806 0.027216 0.006694
v 0.014688 0.026741 0.006661
v 0.013398 0.028857 0.007683
v 0.013225 0.028264 0.006865
v 0.013960 0.027533 0.006963
v 0.014135 0.027739 0.007304
v 0.014630 0.027810 0.007751
v 0.015334 0.027078 0.007828
v 0.015116 0.027943 0.008657
v 0.014961 0.027770 0.008118
v 0.015371 0.027102 0.011808
v 0.015125 0.026982 0.013694
v 0.015112 0.026390 0.014814
v 0.015440 0.026183 0.013898
v 0.015300 0.025608 0.015435
v 0.015627 0.025041 0.014420
v 0.015766 0.024863 0.014220
v 0.015535 0.024751 0.016451
v 0.015699 0.024440 0.016478
v 0.015867 0.023915 0.016704
v 0.015502 0.024134 0.017475
v 0.015124 0.023532 0.020222
v 0.014828 0.023998 0.020384
v 0.015312 0.022548 0.020642
v 0.015612 0.023437 0.017550
v 0.015798 0.022815 0.018163
v 0.015550 0.022800 0.019028
v 0.015329 0.021599 0.022000
v 0.015077 0.021691 0.022607
v 0.015295 0.021066 0.022985
v 0.015103 0.021222 0.023338
v 0.014876 0.021678 0.022883
v 0.014862 0.021299 0.023618
v 0.015046 0.020832 0.024818
v 0.015340 0.020490 0.024454
v 0.015696 0.019892 0.024001
v 0.016116 0.019642 0.023410
v 0.016488 0.018391 0.024052
v 0.015909 0.019495 0.024019
v 0.016272 0.018723 0.024103
v 0.016239 0.018425 0.024705
v 0.015788 0.018715 0.024745
v 0.015587 0.018943 0.025071
v 0.015566 0.019698 0.024666
v 0.015268 0.019536 0.026403
v 0.015242 0.019895 0.025802
v 0.014972 0.020071 0.026156
v 0.014320 0.021195 0.025388
v 0.014245 0.021704 0.023275
v 0.014195 0.021608 0.023551
v 0.014159 0.021422 0.025015
v 0.014245 0.020978 0.025928
v 0.013957 0.021293 0.026456
v 0.013711 0.021002 0.028344
v 0.013550 0.021160 0.028870
v 0.013251 0.021447 0.028789
v 0.013323 0.021153 0.029795
v 0.013502 0.020762 0.031627
v 0.013431 0.020013 0.033537
v 0.013533 0.020473 0.032368
v 0.013753 0.019945 0.031964
v 0.013828 0.020356 0.030679
v 0.014066 0.020209 0.029201
v 0.014093 0.020072 0.029988
v 0.014178 0.019688 0.030528
v 0.013946 0.019900 0.030954
v 0.013640 0.019594 0.033668
v 0.013893 0.018649 0.033751
v 0.013333 0.019744 0.034641
v 0.012750 0.020107 0.034185
v 0.013227 0.019729 0.035308
v 0.013200 0.019613 0.037993
v 0.013164 0.019431 0.038568
v 0.013511 0.018691 0.038665
v 0.013319 0.018758 0.038933
v 0.012596 0.018793 0.039510
v 0.012616 0.018612 0.039651
v 0.012265 0.019103 0.040548
v 0.012348 0.018781 0.040969
v 0.012569 0.018490 0.041129
v 0.012429 0.018810 0.039849
v 0.012475 0.018687 0.045655
v 0.012734 0.018458 0.045753
v 0.013303 0.018048 0.045557
v 0.013137 0.018134 0.041845
v 0.013372 0.017919 0.042183
v 0.013580 0.017594 0.042187
v 0.013305 0.018256 0.039828
v 0.013568 0.017900 0.040060
v 0.013314 0.018465 0.039338
v 0.013741 0.018094 0.038606
v 0.013753 0.018670 0.037369
v 0.013523 0.019134 0.037961
v 0.013540 0.019425 0.035263
v 0.013783 0.018707 0.035256
v 0.013867 0.017628 0.035262
v 0.013886 0.017457 0.037356
v 0.013747 0.017404 0.039963
v 0.013909 0.017093 0.038343
v 0.013765 0.017070 0.041444
v 0.013882 0.016931 0.038979
v 0.013868 0.015884 0.039644
v 0.013915 0.015763 0.042293
v 0.013891 0.015973 0.043287
v 0.014355 0.014819 0.042007
v 0.014194 0.014254 0.042617
v 0.014865 0.013976 0.042387
v 0.014193 0.014053 0.042850
v 0.014084 0.014977 0.042419
v 0.013973 0.014441 0.043055
v 0.013956 0.014243 0.043778
v 0.014159 0.013994 0.043727
v 0.014775 0.013659 0.043567
v 0.014761 0.013228 0.046803
v 0.015053 0.012786 0.046683
v 0.015261 0.012376 0.046460
v 0.014906 0.011675 0.047825
v 0.013963 0.011735 0.049325
v 0.013864 0.010943 0.050270
v 0.013873 0.010234 0.048864
v 0.013878 0.009469 0.049596
v 0.013862 0.008098 0.047712
v 0.013845 0.008994 0.049947
v 0.013899 0.009994 0.053175
v 0.013789 0.009437 0.053647
v 0.013550 0.008734 0.053603
v 0.013734 0.008886 0.052954
v 0.013369 0.008223 0.053066
v 0.013214 0.008029 0.051313
v 0.012649 0.007688 0.050909
v 0.012544 0.007641 0.052895
v 0.012196 0.007771 0.053978
v 0.012117 0.008176 0.054203
v 0.012546 0.007857 0.053758
v 0.012726 0.008321 0.054183
v 0.012581 0.008773 0.054284
v 0.013125 0.008079 0.053527
v 0.013189 0.008337 0.053890
v 0.012274 0.007492 0.053631
v 0.012102 0.006743 0.053483
v 0.012057 0.007021 0.053892
v 0.011924 0.007776 0.054155
v 0.011686 0.007025 0.054210
v 0.011295 0.007207 0.054285
v 0.011405 0.006757 0.054155
v 0.011292 0.006395 0.053818
v 0.011298 0.006162 0.053340
v 0.011897 0.006133 0.051836
v 0.012198 0.006394 0.051287
v 0.012325 0.006400 0.050393
v 0.012401 0.007417 0.050877
v 0.012500 0.007458 0.050383
v 0.012642 0.007378 0.050093
v 0.013247 0.007254 0.049384
v 0.013157 0.006733 0.049083
v 0.012845 0.006406 0.049099
v 0.012576 0.006502 0.049674
v 0.012620 0.006138 0.048815
v 0.012510 0.005959 0.047946
v 0.012493 0.005983 0.045511
v 0.012067 0.005299 0.046601
v 0.012129 0.005394 0.049059
v 0.012362 0.005915 0.049233
v 0.012045 0.005766 0.050548
v 0.011902 0.005263 0.049993
v 0.011790 0.005053 0.046686
v 0.011917 0.005061 0.045567
v 0.011887 0.004851 0.044745
v 0.011263 0.004478 0.044549
v 0.012068 0.004613 0.043920
v 0.012007 0.004062 0.042974
v 0.011672 0.003641 0.042719
v 0.011404 0.003411 0.042579
v 0.010785 0.003487 0.044127
v 0.010654 0.003855 0.049218
v 0.010482 0.003932 0.050526
v 0.010421 0.004276 0.051215
v 0.009759 0.003811 0.051261
v 0.009990 0.003610 0.050534
v 0.009285 0.003491 0.051299
v 0.008978 0.003350 0.050894
v 0.008313 0.003169 0.049670
v 0.008176 0.003004 0.049069
v 0.009021 0.002968 0.048690
v 0.009356 0.003177 0.049213
v 0.009482 0.002925 0.046918
v 0.009017 0.002224 0.046270
v 0.008695 0.001955 0.046626
v 0.008222 0.001982 0.047754
v 0.008165 0.002368 0.048301
v 0.008015 0.002799 0.048828
v 0.007904 0.002960 0.049296
v 0.007820 0.002929 0.050219
v 0.007469 0.002173 0.049934
v 0.007734 0.002215 0.048907
v 0.008187 0.001748 0.046633
v 0.008046 0.001567 0.045123
v 0.008689 0.002667 0.048262
v 0.008755 0.002339 0.047726
v 0.008952 0.002293 0.047264
v 0.009086 0.002605 0.047826
v 0.009332 0.002889 0.047993
v 0.010315 0.003574 0.049558
v 0.009775 0.003346 0.049641
v 0.011211 0.003822 0.043917
v 0.011795 0.004007 0.043307
v 0.010714 0.002629 0.041629
v 0.010613 0.002304 0.040998
v 0.010390 0.002031 0.040749
v 0.010605 0.001944 0.038749
v 0.010783 0.002259 0.039197
v 0.010969 0.002270 0.038300
v 0.010908 0.001950 0.037826
v 0.011068 0.002993 0.041322
v 0.011444 0.003293 0.041294
v 0.011984 0.003671 0.041324
v 0.012150 0.003908 0.041157
v 0.012421 0.004508 0.041781
v 0.012494 0.004707 0.042847
v 0.012937 0.005065 0.043022
v 0.013073 0.005241 0.043258
v 0.013334 0.005188 0.041708
v 0.013499 0.005585 0.042757
v 0.013746 0.006754 0.043976
v 0.013735 0.005776 0.041969
v 0.013926 0.006413 0.041677
v 0.013948 0.007242 0.042298
v 0.013951 0.007818 0.044412
v 0.013867 0.007816 0.045200
v 0.014138 0.007897 0.043659
v 0.014120 0.009108 0.044962
v 0.013894 0.008772 0.045638
v 0.013997 0.009455 0.047242
v 0.014015 0.010310 0.048140
v 0.014186 0.010992 0.048412
v 0.014032 0.011246 0.048919
v 0.014337 0.011597 0.048471
v 0.015169 0.011442 0.047259
v 0.015342 0.011378 0.046617
v 0.015429 0.012305 0.045514
v 0.015130 0.012996 0.046037
v 0.015386 0.012870 0.042953
v 0.015060 0.013437 0.043551
v 0.015170 0.013422 0.042904
v 0.015107 0.014346 0.041054
v 0.014819 0.014743 0.041147
v 0.015361 0.013843 0.040834
v 0.015179 0.014769 0.038598
v 0.014888 0.014938 0.039205
v 0.014830 0.015160 0.038417
v 0.014918 0.015306 0.037978
v 0.014181 0.015490 0.038321
v 0.014110 0.016329 0.038232
v 0.013988 0.015775 0.038656
v 0.014221 0.016580 0.037763
v 0.014469 0.016579 0.037185
v 0.014060 0.017041 0.036712
v 0.014176 0.016842 0.037214
v 0.014208 0.016961 0.034268
v 0.014188 0.017084 0.033944
v 0.013972 0.018194 0.034161
v 0.014242 0.017874 0.033605
v 0.014751 0.017244 0.033385
v 0.014596 0.017692 0.033244
v 0.014823 0.017850 0.032722
v 0.014265 0.018250 0.033093
v 0.014851 0.018079 0.031976
v 0.015154 0.017749 0.031898
v 0.014930 0.018289 0.031045
v 0.014925 0.018522 0.030515
v 0.014604 0.019057 0.030280
v 0.014215 0.018749 0.030866
v 0.014000 0.019076 0.031143
v 0.013945 0.018929 0.031517
v 0.014156 0.018413 0.032892
v 0.014227 0.018612 0.031183
v 0.014741 0.019441 0.029835
v 0.014819 0.019593 0.029289
v 0.014479 0.019814 0.029715
v 0.014757 0.019885 0.027120
v 0.014236 0.020183 0.026769
v 0.014192 0.020310 0.026524
v 0.013981 0.020464 0.027102
v 0.014742 0.020722 0.025531
v 0.015083 0.019637 0.027228
v 0.015133 0.019215 0.029083
v 0.015125 0.018452 0.030129
v 0.015312 0.018077 0.029883
v 0.015420 0.018692 0.028320
v 0.015709 0.017950 0.027562
v 0.015560 0.017383 0.028294
v 0.015407 0.017097 0.031514
v 0.015507 0.017067 0.030585
v 0.015093 0.017434 0.032672
v 0.015148 0.016873 0.033094
v 0.014911 0.016900 0.033610
v 0.015130 0.016433 0.034261
v 0.015095 0.016092 0.036297
v 0.015084 0.015787 0.037110
v 0.015162 0.015292 0.037414
v 0.014756 0.015650 0.037771
v 0.014458 0.016156 0.037761
v 0.014771 0.016196 0.037315
v 0.014796 0.016409 0.036692
v 0.014880 0.016557 0.034740
v 0.014838 0.016748 0.034045
v 0.015455 0.015043 0.035235
v 0.015607 0.014856 0.034261
v 0.015299 0.015600 0.036251
v 0.015306 0.016367 0.033122
v 0.015541 0.015729 0.031640
v 0.015530 0.015305 0.033929
v 0.015773 0.015501 0.030993
v 0.016314 0.015118 0.031012
v 0.015984 0.014955 0.032727
v 0.015827 0.014938 0.033259
v 0.015861 0.014554 0.033692
v 0.015818 0.013999 0.034111
v 0.016291 0.013900 0.033559
v 0.015659 0.014099 0.034490
v 0.015344 0.014523 0.037981
v 0.015420 0.013987 0.038114
v 0.015497 0.012985 0.036294
v 0.015478 0.013272 0.040152
v 0.015496 0.012331 0.041335
v 0.015694 0.012561 0.035497
v 0.015657 0.012087 0.036736
v 0.016048 0.012226 0.035374
v 0.015800 0.012519 0.035240
v 0.016417 0.012485 0.034580
v 0.015694 0.013552 0.034960
v 0.015483 0.014084 0.035838
v 0.015983 0.013326 0.034499
v 0.016437 0.013372 0.033911
v 0.016660 0.014201 0.032287
v 0.016747 0.013954 0.032077
v 0.016680 0.014869 0.030040
v 0.016478 0.014552 0.032346
v 0.016400 0.014315 0.032967
v 0.016441 0.015258 0.030379
v 0.016501 0.016149 0.029064
v 0.016124 0.016415 0.029636
v 0.016177 0.016760 0.028080
v 0.016503 0.016638 0.027596
v 0.016643 0.016635 0.026890
v 0.016403 0.017119 0.027009
v 0.015805 0.017151 0.027763
v 0.015999 0.017625 0.027169
v 0.016486 0.017672 0.026175
v 0.016022 0.018132 0.026558
v 0.015775 0.018242 0.027040
v 0.015526 0.018606 0.027444
v 0.015716 0.018688 0.025089
v 0.016422 0.018045 0.025435
v 0.016690 0.017552 0.025050
v 0.016708 0.016581 0.026478
v 0.016687 0.015868 0.028436
v 0.016799 0.015367 0.027641
v 0.016861 0.015494 0.026312
v 0.016827 0.016878 0.023983
v 0.016943 0.016710 0.023345
v 0.016816 0.016006 0.024594
v 0.016935 0.015686 0.023769
v 0.016943 0.014922 0.026766
v 0.016678 0.013228 0.033439
v 0.016647 0.012286 0.034248
v 0.016820 0.012652 0.032813
v 0.016818 0.013522 0.031555
v 0.016764 0.014395 0.029120
v 0.016830 0.014071 0.028161
v 0.017030 0.014160 0.026791
v 0.017132 0.014851 0.026184
v 0.017108 0.015192 0.025355
v 0.017420 0.014917 0.025326
v 0.017746 0.014645 0.025311
v 0.018082 0.013969 0.025578
v 0.017418 0.014539 0.025893
v 0.018236 0.012938 0.026185
v 0.018085 0.013137 0.026505
v 0.017834 0.013260 0.026766
v 0.017365 0.013414 0.027027
v 0.017034 0.013557 0.027486
v 0.016860 0.012851 0.028540
v 0.016996 0.012195 0.028540
v 0.016831 0.012032 0.032458
v 0.016767 0.011942 0.034024
v 0.016726 0.011304 0.035005
v 0.016710 0.010529 0.035118
v 0.016469 0.011208 0.035825
v 0.016444 0.011770 0.035443
v 0.015921 0.011740 0.036357
v 0.015832 0.011282 0.036715
v 0.015505 0.012379 0.037929
v 0.015486 0.011257 0.045293
v 0.015379 0.010796 0.045796
v 0.015084 0.010900 0.047171
v 0.014801 0.010980 0.047737
v 0.014887 0.011305 0.047831
v 0.014223 0.010011 0.047414
v 0.014233 0.009673 0.046932
v 0.014758 0.009403 0.044772
v 0.014153 0.009436 0.046449
v 0.014231 0.008965 0.044575
v 0.014910 0.009126 0.043968
v 0.014684 0.008407 0.043548
v 0.014161 0.008281 0.044174
v 0.014433 0.008038 0.043367
v 0.014150 0.007518 0.041848
v 0.014169 0.007359 0.041531
v 0.014176 0.006618 0.041054
v 0.013766 0.005383 0.038958
v 0.013974 0.005922 0.040216
v 0.013535 0.005179 0.039530
v 0.012626 0.004679 0.038707
v 0.012568 0.004746 0.039433
v 0.012800 0.004870 0.041535
v 0.012377 0.004510 0.039401
v 0.012437 0.004515 0.038723
v 0.012519 0.003693 0.037924
v 0.012564 0.004431 0.038314
v 0.013331 0.004724 0.038112
v 0.013570 0.004455 0.037383
v 0.013731 0.004754 0.037411
v 0.013338 0.005004 0.039097
v 0.013743 0.005078 0.038047
v 0.013717 0.004215 0.036663
v 0.013303 0.004081 0.037275
v 0.012839 0.003675 0.037427
v 0.012493 0.003404 0.037541
v 0.012015 0.003057 0.037871
v 0.012251 0.003672 0.038664
v 0.012526 0.003156 0.036453
v 0.012605 0.003049 0.034331
v 0.012487 0.002914 0.034252
v 0.012271 0.002179 0.034386
v 0.012249 0.002732 0.036325
v 0.012089 0.002552 0.036790
v 0.011980 0.002645 0.037264
v 0.011472 0.002378 0.037490
v 0.011878 0.002322 0.036821
v 0.011449 0.001956 0.036845
v 0.011183 0.001608 0.036023
v 0.010501 0.001749 0.037996
v 0.010140 0.001741 0.039008
v 0.010489 0.001585 0.037308
v 0.010667 0.001392 0.036626
v 0.010880 0.001228 0.035623
v 0.010604 0.000997 0.035857
v 0.009679 0.001341 0.037163
v 0.009728 0.000646 0.036090
v 0.010588 0.000683 0.034944
v 0.010285 0.000597 0.035314
v 0.009472 0.000365 0.035188
v 0.009386 0.000226 0.034005
v 0.009195 -0.000227 0.032807
v 0.009002 -0.000698 0.032527
v 0.008474 -0.001027 0.032453
v 0.007594 -0.001123 0.032907
v 0.009013 -0.000935 0.032087
v 0.009581 -0.000797 0.031490
v 0.009689 -0.000107 0.032110
v 0.009506 -0.001183 0.030337
v 0.009611 -0.001293 0.029024
v 0.009804 -0.001374 0.027280
v 0.009864 -0.001463 0.026789
v 0.010631 -0.001816 0.025621
v 0.010251 -0.002319 0.025371
v 0.009598 -0.001619 0.026780
v 0.009357 -0.001497 0.028297
v 0.009753 -0.001693 0.026376
v 0.009352 -0.002305 0.026423
v 0.008713 -0.002566 0.027225
v 0.009124 -0.002777 0.025290
v 0.010024 -0.002564 0.025177
v 0.009951 -0.002742 0.024597
v 0.010680 -0.002506 0.024595
v 0.010810 -0.002782 0.022939
v 0.009995 -0.002980 0.022264
v 0.009732 -0.003177 0.021701
v 0.010845 -0.002996 0.021434
v 0.011714 -0.002565 0.022430
v 0.010774 -0.003173 0.020973
v 0.011985 -0.002783 0.020837
v 0.012448 -0.002458 0.020998
v 0.012223 -0.002438 0.021506
v 0.012787 -0.001857 0.021084
v 0.012566 -0.001580 0.021730
v 0.012530 -0.001348 0.023888
v 0.012132 -0.001427 0.024539
v 0.011929 -0.001025 0.026526
v 0.010976 -0.001008 0.027984
v 0.011032 -0.000714 0.028685
v 0.011341 -0.000108 0.028833
v 0.011203 -0.000026 0.029237
v 0.011231 0.000237 0.031130
v 0.010628 0.000194 0.032250
v 0.010518 0.000384 0.033326
v 0.009833 0.000210 0.032867
v 0.009741 0.000049 0.032342
v 0.010588 -0.000025 0.031658
v 0.010262 -0.000618 0.030970
v 0.010601 -0.000631 0.030428
v 0.010923 -0.000051 0.030925
v 0.010690 -0.000273 0.031051
v 0.010820 0.000514 0.033442
v 0.011267 0.001375 0.034210
v 0.011817 0.001653 0.034257
v 0.012019 0.001954 0.035061
v 0.012175 0.001812 0.033922
v 0.012443 0.002061 0.033667
v 0.012710 0.002191 0.033255
v 0.012711 0.002855 0.033812
v 0.013324 0.002707 0.033134
v 0.013449 0.003244 0.033883
v 0.013605 0.003534 0.034449
v 0.013234 0.003342 0.034569
v 0.013196 0.003618 0.036685
v 0.013517 0.003915 0.036609
v 0.013980 0.004704 0.036104
v 0.013793 0.003786 0.034451
v 0.014142 0.004557 0.034301
v 0.014163 0.005183 0.036491
v 0.014296 0.004998 0.035867
v 0.014728 0.005479 0.036014
v 0.014819 0.005984 0.036586
v 0.014125 0.005929 0.037551
v 0.014220 0.006164 0.039994
v 0.014802 0.006625 0.039967
v 0.015174 0.007122 0.039569
v 0.015176 0.006641 0.037262
v 0.015378 0.007063 0.036982
v 0.015463 0.007724 0.036474
v 0.015509 0.008339 0.038877
v 0.015417 0.009910 0.043507
v 0.015526 0.011244 0.043939
v 0.015110 0.009611 0.044472
v 0.015159 0.009132 0.043445
v 0.015140 0.008524 0.042620
v 0.014808 0.008246 0.043120
v 0.014951 0.007940 0.041724
v 0.015362 0.008952 0.042244
v 0.015414 0.007883 0.039633
v 0.015274 0.008002 0.040704
v 0.014980 0.007309 0.040508
v 0.014930 0.007636 0.041041
v 0.014720 0.006810 0.040437
v 0.014208 0.006284 0.040520
v 0.015124 0.010224 0.046090
v 0.014738 0.010068 0.046796
v 0.014794 0.009824 0.046253
v 0.015459 0.011021 0.039003
v 0.015624 0.011692 0.037256
v 0.015658 0.010310 0.037074
v 0.015522 0.010090 0.037704
v 0.015774 0.009522 0.036126
v 0.015912 0.010131 0.036507
v 0.015607 0.009701 0.036862
v 0.015466 0.009707 0.038315
v 0.015534 0.008960 0.036059
v 0.015740 0.009019 0.035340
v 0.015460 0.008682 0.036571
v 0.015523 0.007835 0.035213
v 0.015638 0.007748 0.034606
v 0.015795 0.007564 0.034060
v 0.016357 0.008376 0.034016
v 0.016285 0.009120 0.034722
v 0.016369 0.009749 0.035439
v 0.016757 0.009358 0.033866
v 0.016788 0.010560 0.030326
v 0.016854 0.010341 0.029517
v 0.016949 0.011723 0.029129
v 0.016865 0.010828 0.033763
v 0.016422 0.010075 0.035652
v 0.016405 0.010670 0.035890
v 0.016832 0.012315 0.029813
v 0.017313 0.010965 0.028538
v 0.017327 0.011503 0.028423
v 0.017328 0.011898 0.028179
v 0.017205 0.012470 0.027662
v 0.017866 0.011637 0.027873
v 0.018097 0.011191 0.027780
v 0.018169 0.012105 0.026931
v 0.018304 0.011366 0.026990
v 0.017869 0.012376 0.027236
v 0.018460 0.012697 0.023044
v 0.018951 0.011895 0.022388
v 0.018923 0.011502 0.022801
v 0.019349 0.011083 0.022545
v 0.018467 0.012204 0.024137
v 0.017854 0.010693 0.028178
v 0.017078 0.011460 0.028824
v 0.016909 0.008728 0.029268
v 0.016820 0.008705 0.030273
v 0.016842 0.008945 0.032177
v 0.016672 0.008415 0.033370
v 0.016548 0.009081 0.034235
v 0.017071 0.008645 0.028801
v 0.016958 0.007988 0.028662
v 0.017112 0.007416 0.027750
v 0.017217 0.006533 0.027052
v 0.016963 0.006470 0.027449
v 0.016911 0.007158 0.028071
v 0.016822 0.007817 0.029413
v 0.016809 0.008571 0.032695
v 0.016694 0.007753 0.032664
v 0.016430 0.006971 0.032721
v 0.016296 0.007649 0.033446
v 0.016635 0.006715 0.031849
v 0.015427 0.006697 0.035289
v 0.015310 0.006379 0.035706
v 0.015751 0.005930 0.032491
v 0.016277 0.006508 0.032497
v 0.015902 0.005279 0.031360
v 0.016039 0.005130 0.030743
v 0.015538 0.006443 0.034067
v 0.015110 0.006137 0.036188
v 0.014861 0.006279 0.037367
v 0.014854 0.006436 0.038227
v 0.014820 0.005270 0.035507
v 0.015169 0.005569 0.035043
v 0.015357 0.005017 0.033164
v 0.015038 0.004661 0.033385
v 0.014982 0.005018 0.034351
v 0.015303 0.004389 0.032302
v 0.015547 0.004621 0.031135
v 0.015617 0.005181 0.031978
v 0.015764 0.004921 0.030870
v 0.015780 0.004540 0.029171
v 0.015653 0.004429 0.029444
v 0.015374 0.003627 0.030350
v 0.015128 0.003977 0.032231
v 0.014263 0.004456 0.033917
v 0.014102 0.003699 0.033460
v 0.014906 0.004223 0.032940
v 0.014694 0.003653 0.032542
v 0.014352 0.003396 0.032517
v 0.014271 0.002882 0.030844
v 0.014207 0.002119 0.030260
v 0.014874 0.002376 0.029590
v 0.014695 0.002045 0.029408
v 0.014095 0.001597 0.029432
v 0.013971 0.002226 0.030874
v 0.014182 0.002985 0.031160
v 0.013735 0.002867 0.032788
v 0.013994 0.003077 0.032441
v 0.013460 0.002304 0.032492
v 0.013727 0.002119 0.031461
v 0.013402 0.001678 0.031041
v 0.013536 0.001461 0.030341
v 0.012766 0.001793 0.032510
v 0.013167 0.001990 0.032390
v 0.012080 0.001147 0.032619
v 0.012349 0.001527 0.032701
v 0.011927 0.001340 0.033297
v 0.011859 0.000957 0.032701
v 0.012012 0.000605 0.031315
v 0.011348 0.000134 0.029477
v 0.011622 0.000587 0.032206
v 0.011122 0.000834 0.033626
v 0.011973 -0.000115 0.028215
v 0.011391 -0.000702 0.028024
v 0.011932 -0.000701 0.027368
v 0.012316 -0.000723 0.026437
v 0.012235 -0.000106 0.027661
v 0.012259 0.000241 0.028926
v 0.012018 0.000429 0.030289
v 0.012600 0.000675 0.030037
v 0.012396 0.000832 0.030736
v 0.012618 0.001350 0.031015
v 0.013060 0.000869 0.029786
v 0.013554 0.000989 0.029447
v 0.013995 0.001666 0.029867
v 0.014771 0.001826 0.028568
v 0.014928 0.001590 0.027546
v 0.014208 0.001366 0.028007
v 0.013760 0.000763 0.028180
v 0.013268 0.000666 0.029062
v 0.012964 0.000451 0.028603
v 0.012775 0.000147 0.026858
v 0.012763 -0.000087 0.026357
v 0.012574 0.000012 0.026746
v 0.012727 -0.000797 0.025659
v 0.012616 -0.001129 0.025037
v 0.013316 -0.001128 0.023387
v 0.013770 -0.000679 0.023801
v 0.013551 -0.000662 0.024741
v 0.013662 -0.000301 0.025328
v 0.013349 -0.000408 0.025502
v 0.013688 -0.000076 0.025706
v 0.013486 0.000078 0.026274
v 0.013439 0.000347 0.027185
v 0.013975 0.000136 0.025692
v 0.013831 0.000529 0.027312
v 0.014237 0.000836 0.027202
v 0.014720 0.000642 0.026164
v 0.014905 0.000931 0.026430
v 0.015097 0.000981 0.026134
v 0.015281 0.001787 0.027183
v 0.015300 0.002447 0.028534
v 0.015266 0.003316 0.030113
v 0.014913 0.003285 0.030899
v 0.014923 0.002908 0.030110
v 0.015145 0.002396 0.029040
v 0.015833 0.003325 0.027606
v 0.015856 0.003672 0.028194
v 0.016443 0.004477 0.028059
v 0.016382 0.004880 0.028861
v 0.016418 0.005483 0.030638
v 0.016722 0.006136 0.030544
v 0.016778 0.007010 0.031479
v 0.016807 0.006621 0.030274
v 0.016810 0.006165 0.028202
v 0.016675 0.005147 0.028188
v 0.016675 0.004610 0.027358
v 0.017150 0.005668 0.026324
v 0.016969 0.005369 0.026421
v 0.016850 0.005142 0.026652
v 0.017243 0.005106 0.025540
v 0.018004 0.004727 0.023944
v 0.018042 0.005423 0.024949
v 0.017813 0.005369 0.025284
v 0.017823 0.006669 0.026570
v 0.017830 0.006093 0.026016
v 0.018117 0.006492 0.025951
v 0.017215 0.008189 0.028351
v 0.018123 0.008663 0.027600
v 0.017321 0.008855 0.028462
v 0.017894 0.008987 0.028030
v 0.018145 0.009957 0.027824
v 0.018430 0.009602 0.026242
v 0.018358 0.009770 0.027137
v 0.018300 0.008398 0.026924
v 0.018109 0.007122 0.026469
v 0.017779 0.008165 0.027769
v 0.018300 0.007073 0.025869
v 0.018405 0.006890 0.024915
v 0.018424 0.007514 0.023311
v 0.018474 0.006500 0.021601
v 0.018432 0.005914 0.021474
v 0.018382 0.005767 0.024060
v 0.018327 0.006365 0.025133
v 0.018423 0.005753 0.023411
v 0.018517 0.005493 0.020486
v 0.018811 0.005728 0.020066
v 0.018627 0.006427 0.021005
v 0.018798 0.006496 0.020778
v 0.018796 0.007285 0.021310
v 0.018540 0.007341 0.021868
v 0.018553 0.008058 0.023074
v 0.018691 0.008639 0.023121
v 0.018563 0.008756 0.023528
v 0.018874 0.008844 0.022869
v 0.018450 0.010203 0.024125
v 0.018706 0.011494 0.023227
v 0.018922 0.010829 0.022936
v 0.019568 0.010138 0.022447
v 0.019799 0.009388 0.021910
v 0.019612 0.009363 0.022296
v 0.019049 0.009228 0.022746
v 0.018568 0.011755 0.023585
v 0.019431 0.008553 0.022189
v 0.019555 0.008906 0.022240
v 0.019943 0.009801 0.021411
v 0.019827 0.010331 0.021911
v 0.019712 0.010898 0.022104
v 0.019729 0.011607 0.021420
v 0.019455 0.011640 0.022055
v 0.019305 0.012404 0.021115
v 0.018753 0.012521 0.021471
v 0.018713 0.012120 0.022587
v 0.018563 0.012744 0.021854
v 0.018360 0.013134 0.025243
v 0.018294 0.013839 0.024771
v 0.018113 0.014330 0.024876
v 0.018043 0.014836 0.023682
v 0.017947 0.015319 0.022767
v 0.018153 0.015008 0.022642
v 0.018074 0.015836 0.022105
v 0.017826 0.016155 0.022277
v 0.017346 0.016222 0.022708
v 0.017291 0.016578 0.022375
v 0.016949 0.017308 0.021851
v 0.017148 0.017105 0.021499
v 0.017700 0.017117 0.021033
v 0.017769 0.016569 0.021764
v 0.018027 0.016898 0.020796
v 0.017365 0.017986 0.020783
v 0.017840 0.017824 0.020453
v 0.016880 0.018879 0.020931
v 0.016759 0.019507 0.020975
v 0.016525 0.019821 0.021438
v 0.016425 0.020275 0.020825
v 0.016429 0.020882 0.019910
v 0.016544 0.021190 0.018747
v 0.016422 0.021701 0.018286
v 0.016693 0.021029 0.018313
v 0.016252 0.021297 0.019222
v 0.015774 0.021682 0.019107
v 0.015871 0.022449 0.018444
v 0.015606 0.021862 0.019403
v 0.015576 0.021492 0.020715
v 0.015676 0.021110 0.021081
v 0.015911 0.021105 0.020491
v 0.015798 0.020313 0.021629
v 0.016214 0.019980 0.021808
v 0.015628 0.020501 0.021891
v 0.015732 0.020051 0.023300
v 0.016461 0.019365 0.022998
v 0.016655 0.018156 0.023670
v 0.016818 0.017460 0.022586
v 0.017103 0.016553 0.022928
v 0.017164 0.015619 0.023228
v 0.017143 0.015436 0.023457
v 0.017706 0.015501 0.022888
v 0.017754 0.015074 0.023688
v 0.016864 0.018352 0.021653
v 0.017117 0.018076 0.021108
v 0.016433 0.022510 0.017557
v 0.016579 0.023016 0.016291
v 0.016679 0.022484 0.016526
v 0.016669 0.023768 0.014822
v 0.016495 0.023966 0.015354
v 0.016375 0.024503 0.014092
v 0.016053 0.024408 0.015274
v 0.016052 0.024191 0.016066
v 0.016363 0.023656 0.016121
v 0.016051 0.025113 0.013467
v 0.015849 0.025540 0.013379
v 0.016421 0.024917 0.013095
v 0.016102 0.025585 0.012717
v 0.015812 0.025884 0.012728
v 0.015540 0.026323 0.012733
v 0.015496 0.026686 0.010484
v 0.015397 0.027411 0.008749
v 0.015771 0.026055 0.011100
v 0.015849 0.026010 0.008507
v 0.015630 0.026302 0.008802
v 0.015531 0.026552 0.008459
v 0.015841 0.025913 0.007566
v 0.015524 0.026240 0.007387
v 0.015205 0.026649 0.007016
v 0.014942 0.026910 0.006909
v 0.015247 0.025464 0.006230
v 0.015321 0.025989 0.006660
v 0.015974 0.025591 0.006994
v 0.016456 0.025591 0.008720
v 0.016386 0.025540 0.007687
v 0.016725 0.025265 0.009595
v 0.016431 0.025599 0.010158
v 0.016444 0.025380 0.012041
v 0.016633 0.024803 0.012373
v 0.016684 0.024305 0.012974
v 0.016942 0.023570 0.011205
v 0.017051 0.024149 0.010719
v 0.017433 0.024341 0.009747
v 0.017142 0.024466 0.010217
v 0.016836 0.024610 0.011178
v 0.016906 0.024842 0.010139
v 0.017061 0.024747 0.009338
v 0.017013 0.024763 0.008794
v 0.017007 0.024573 0.008104
v 0.016930 0.024336 0.007628
v 0.016673 0.025233 0.008028
v 0.016395 0.024924 0.006886
v 0.016235 0.025167 0.006864
v 0.016537 0.024531 0.006956
v 0.016981 0.023897 0.007470
v 0.017461 0.024397 0.008573
v 0.017776 0.023956 0.009564
v 0.017753 0.023988 0.008720
v 0.017447 0.024214 0.008262
v 0.017046 0.023235 0.007353
v 0.017556 0.023270 0.007728
v 0.017870 0.023298 0.008177
v 0.018023 0.023247 0.008456
v 0.018012 0.023447 0.009545
v 0.018036 0.023457 0.008870
v 0.017755 0.023231 0.010378
v 0.017417 0.023519 0.010454
v 0.018055 0.022941 0.010259
v 0.018096 0.022190 0.012219
v 0.018025 0.021755 0.013031
v 0.017807 0.021687 0.013435
v 0.017902 0.021318 0.013994
v 0.018084 0.020700 0.015140
v 0.017815 0.021007 0.015172
v 0.017711 0.020708 0.016054
v 0.017820 0.020100 0.016843
v 0.017360 0.020793 0.016472
v 0.017133 0.020289 0.017323
v 0.017043 0.021120 0.016756
v 0.016974 0.020510 0.017515
v 0.016704 0.020400 0.019915
v 0.017081 0.020007 0.019293
v 0.017104 0.019484 0.020025
v 0.017128 0.018666 0.020371
v 0.018046 0.018902 0.019160
v 0.017728 0.019394 0.019223
v 0.017183 0.019722 0.019652
v 0.017609 0.019673 0.018898
v 0.017818 0.019745 0.017905
v 0.018104 0.019198 0.018538
v 0.018251 0.019550 0.016323
v 0.018089 0.019968 0.016410
v 0.018275 0.020156 0.015073
v 0.018470 0.020183 0.013779
v 0.018311 0.021948 0.011332
v 0.018237 0.022898 0.009107
v 0.018339 0.022435 0.008101
v 0.017991 0.022743 0.007597
v 0.017776 0.022524 0.007025
v 0.018133 0.021987 0.007108
v 0.017935 0.021997 0.006801
v 0.018354 0.022536 0.009608
v 0.018538 0.021633 0.008666
v 0.018438 0.020708 0.010832
v 0.018431 0.020536 0.013004
v 0.018618 0.020204 0.012633
v 0.018751 0.019866 0.013320
v 0.018957 0.019874 0.012768
v 0.019373 0.019566 0.012446
v 0.019004 0.019396 0.013418
v 0.018597 0.019607 0.013947
v 0.018414 0.019066 0.015105
v 0.018561 0.018912 0.014364
v 0.018307 0.018752 0.018066
v 0.018303 0.017979 0.019070
v 0.018212 0.017887 0.019592
v 0.018268 0.016628 0.020306
v 0.018242 0.016125 0.020995
v 0.018460 0.015265 0.020347
v 0.018267 0.014809 0.022257
v 0.018373 0.013951 0.022548
v 0.018471 0.013847 0.021635
v 0.018984 0.013422 0.020782
v 0.018697 0.013566 0.021127
v 0.019624 0.012585 0.020619
v 0.019434 0.013229 0.020497
v 0.019432 0.014001 0.019749
v 0.018790 0.014102 0.020260
v 0.019005 0.014808 0.019507
v 0.018730 0.014929 0.019824
v 0.018564 0.014300 0.020659
v 0.018628 0.015570 0.019232
v 0.018522 0.016659 0.019093
v 0.018504 0.017122 0.018317
v 0.018716 0.016809 0.017910
v 0.018641 0.017094 0.016418
v 0.018467 0.017503 0.016663
v 0.018877 0.017256 0.015587
v 0.018672 0.017200 0.015910
v 0.018911 0.016625 0.017891
v 0.018972 0.016220 0.018420
v 0.019332 0.016181 0.017945
v 0.019460 0.015318 0.018529
v 0.019417 0.014770 0.019169
v 0.018820 0.015409 0.019044
v 0.018729 0.016445 0.018681
v 0.019692 0.014511 0.018978
v 0.019716 0.013041 0.020132
v 0.019618 0.012112 0.021065
v 0.019888 0.011768 0.020557
v 0.019836 0.013301 0.019395
v 0.020136 0.013581 0.017336
v 0.019887 0.014649 0.018124
v 0.019905 0.015453 0.017134
v 0.019683 0.015856 0.017657
v 0.019399 0.016360 0.017364
v 0.019338 0.016676 0.016199
v 0.019737 0.016454 0.015799
v 0.018803 0.017014 0.015929
v 0.018706 0.018166 0.015422
v 0.018473 0.018425 0.016077
v 0.018954 0.017827 0.015186
v 0.019399 0.017778 0.014773
v 0.019453 0.017088 0.015252
v 0.019674 0.017687 0.014421
v 0.019895 0.017590 0.013682
v 0.019781 0.016865 0.014848
v 0.019904 0.016407 0.014733
v 0.019981 0.017320 0.013123
v 0.020038 0.018309 0.011072
v 0.020011 0.018158 0.008949
v 0.019948 0.018418 0.012197
v 0.019719 0.018986 0.012509
v 0.019474 0.018655 0.013444
v 0.019382 0.018150 0.014300
v 0.018746 0.018695 0.014086
v 0.018905 0.018185 0.014851
v 0.019317 0.019415 0.012949
v 0.019678 0.019319 0.011764
v 0.019400 0.019750 0.011085
v 0.018669 0.020271 0.010429
v 0.018576 0.020710 0.009858
v 0.018765 0.021146 0.008362
v 0.018576 0.021378 0.009335
v 0.018450 0.021300 0.007585
v 0.017519 0.021707 0.006284
v 0.017133 0.021543 0.006074
v 0.015342 0.023445 0.006035
v 0.014515 0.024889 0.006099
v 0.014717 0.025237 0.006081
v 0.015630 0.024869 0.006235
v 0.015159 0.024749 0.006044
v 0.015742 0.023455 0.006092
v 0.016027 0.023527 0.006267
v 0.016503 0.023627 0.006775
v 0.016418 0.022968 0.006343
v 0.016992 0.023023 0.007012
v 0.016172 0.022693 0.006072
v 0.016890 0.022453 0.006324
v 0.018208 0.021093 0.006853
v 0.018046 0.020566 0.006603
v 0.018797 0.020731 0.007947
v 0.019174 0.019988 0.008327
v 0.019001 0.020505 0.008385
v 0.019110 0.020211 0.008737
v 0.019234 0.019980 0.009391
v 0.018738 0.020311 0.009767
v 0.019679 0.019542 0.009668
v 0.018887 0.019606 0.007785
v 0.018671 0.020067 0.007518
v 0.017918 0.019392 0.006606
v 0.018546 0.019149 0.007454
v 0.019234 0.019624 0.008201
v 0.019233 0.019043 0.007985
v 0.019173 0.018552 0.007619
v 0.019464 0.019547 0.008572
v 0.019930 0.018938 0.010634
v 0.019949 0.018756 0.009546
v 0.019677 0.019236 0.008823
v 0.020160 0.016891 0.009351
v 0.020138 0.017142 0.010166
v 0.020127 0.016814 0.011112
v 0.020473 0.015972 0.009943
v 0.020162 0.015695 0.011453
v 0.020032 0.016047 0.012287
v 0.020169 0.015254 0.013450
v 0.020035 0.014736 0.015597
v 0.020156 0.014326 0.014690
v 0.020112 0.014104 0.016824
v 0.020578 0.013020 0.016556
v 0.020296 0.013613 0.016735
v 0.020351 0.012533 0.017248
v 0.020877 0.012985 0.016095
v 0.020996 0.012362 0.016496
v 0.021198 0.013007 0.014901
v 0.021024 0.013195 0.015405
v 0.020521 0.013527 0.016131
v 0.020366 0.013867 0.015344
v 0.020727 0.013824 0.014239
v 0.020027 0.015522 0.014482
v 0.020255 0.014992 0.013558
v 0.020426 0.015123 0.012446
v 0.020313 0.015498 0.011174
v 0.020611 0.015507 0.010203
v 0.020779 0.015266 0.010185
v 0.020992 0.014834 0.011645
v 0.020975 0.014508 0.012623
v 0.020497 0.014894 0.012971
v 0.020303 0.014243 0.014067
v 0.020345 0.014109 0.014147
v 0.021011 0.013789 0.013656
v 0.021266 0.014163 0.011913
v 0.021235 0.013560 0.013195
v 0.021300 0.012391 0.015427
v 0.020734 0.011854 0.017677
v 0.020144 0.012827 0.017640
v 0.020107 0.012098 0.019090
v 0.020405 0.011247 0.018626
v 0.020013 0.011437 0.019914
v 0.020163 0.011235 0.019247
v 0.020106 0.008975 0.019697
v 0.020254 0.008674 0.018894
v 0.020138 0.008068 0.018816
v 0.019917 0.008636 0.021024
v 0.019711 0.007833 0.020776
v 0.019475 0.007769 0.021187
v 0.019248 0.008135 0.022014
v 0.018827 0.008354 0.022736
v 0.018721 0.007895 0.022351
v 0.018735 0.007535 0.021661
v 0.019471 0.007280 0.020692
v 0.019720 0.007128 0.020187
v 0.019455 0.006724 0.020348
v 0.019677 0.006388 0.019719
v 0.019887 0.006490 0.019206
v 0.019895 0.007545 0.019816
v 0.020389 0.008180 0.018255
v 0.020984 0.010007 0.017919
v 0.020470 0.010306 0.018557
v 0.021008 0.011275 0.017688
v 0.020395 0.011847 0.018327
v 0.021147 0.011671 0.016963
v 0.021314 0.011233 0.016637
v 0.021423 0.012752 0.009339
v 0.021388 0.012476 0.012004
v 0.021391 0.012428 0.008416
v 0.021395 0.011607 0.014958
v 0.021355 0.009784 0.016707
v 0.021188 0.010312 0.017481
v 0.021079 0.009221 0.017631
v 0.020514 0.008783 0.018348
v 0.020978 0.008470 0.017477
v 0.020867 0.008127 0.017362
v 0.020543 0.007426 0.016896
v 0.020305 0.007415 0.017202
v 0.020116 0.007189 0.017562
v 0.019777 0.005842 0.018890
v 0.019908 0.005931 0.018433
v 0.019572 0.005848 0.019370
v 0.019359 0.005531 0.019387
v 0.019290 0.004697 0.018665
v 0.019655 0.004744 0.018221
v 0.018740 0.003991 0.018673
v 0.018755 0.004614 0.019083
v 0.018592 0.004680 0.019478
v 0.018394 0.004403 0.020650
v 0.018327 0.004813 0.022986
v 0.017628 0.003882 0.023614
v 0.017766 0.003729 0.023152
v 0.017806 0.003407 0.021967
v 0.017895 0.003194 0.021210
v 0.017092 0.002966 0.021840
v 0.017821 0.002813 0.020733
v 0.017256 0.002339 0.020949
v 0.017105 0.002815 0.021528
v 0.016923 0.002728 0.022193
v 0.017121 0.003261 0.023252
v 0.017036 0.003553 0.024264
v 0.016884 0.003518 0.024860
v 0.016696 0.003735 0.026444
v 0.016435 0.003614 0.027123
v 0.016416 0.003006 0.025847
v 0.015812 0.002937 0.026638
v 0.015671 0.002834 0.026944
v 0.015920 0.002179 0.025749
v 0.016649 0.002663 0.024798
v 0.016457 0.002187 0.024660
v 0.016388 0.001859 0.023941
v 0.016051 0.001973 0.025244
v 0.015580 0.002010 0.026437
v 0.015366 0.001303 0.025957
v 0.015782 0.001709 0.025278
v 0.015786 0.001327 0.023557
v 0.015266 0.000663 0.024558
v 0.015026 0.000364 0.023866
v 0.014426 0.000445 0.025971
v 0.014342 0.000143 0.023722
v 0.014342 -0.000055 0.023252
v 0.014164 0.000018 0.023639
v 0.013975 -0.000745 0.023055
v 0.013631 -0.001224 0.022139
v 0.013885 -0.000988 0.022557
v 0.014979 -0.000228 0.022483
v 0.015138 0.000239 0.023241
v 0.015553 0.000630 0.023201
v 0.015936 0.000671 0.022344
v 0.016428 0.000684 0.021286
v 0.016626 0.000894 0.021114
v 0.016737 0.001838 0.022433
v 0.016441 0.001413 0.022564
v 0.016677 0.002265 0.023908
v 0.016842 0.003056 0.024288
v 0.016992 0.002090 0.021256
v 0.017163 0.001816 0.020523
v 0.017724 0.002216 0.020284
v 0.017757 0.001923 0.019757
v 0.018054 0.002318 0.019762
v 0.018105 0.001693 0.018409
v 0.018103 0.002964 0.020336
v 0.018195 0.003424 0.020711
v 0.018087 0.004067 0.022873
v 0.018306 0.003771 0.020725
v 0.018470 0.003673 0.019198
v 0.019374 0.003838 0.017887
v 0.019722 0.003762 0.017183
v 0.019925 0.004725 0.017470
v 0.020126 0.005044 0.016087
v 0.019966 0.003580 0.016013
v 0.019672 0.002678 0.015672
v 0.019563 0.002812 0.016141
v 0.019367 0.003128 0.016914
v 0.018735 0.003531 0.018229
v 0.018216 0.002804 0.019763
v 0.018338 0.001924 0.017929
v 0.018511 0.001935 0.017215
v 0.018734 0.001958 0.016628
v 0.018711 0.002932 0.017314
v 0.019264 0.002694 0.016495
v 0.019053 0.002090 0.016224
v 0.019378 0.002109 0.015592
v 0.019003 0.001841 0.015937
v 0.018780 0.001561 0.015627
v 0.018551 0.001197 0.015359
v 0.018485 0.001318 0.016334
v 0.018069 0.001229 0.017823
v 0.017804 0.001480 0.018602
v 0.017191 0.001288 0.018988
v 0.016964 0.001755 0.020964
v 0.016991 0.001216 0.019410
v 0.017217 0.000629 0.018155
v 0.017946 0.000315 0.016899
v 0.017816 0.000836 0.017788
v 0.018313 0.000471 0.016386
v 0.018051 -0.000133 0.015991
v 0.018087 -0.000534 0.014527
v 0.017821 -0.000128 0.016414
v 0.017126 -0.000001 0.017267
v 0.017012 0.000572 0.018476
v 0.015729 0.000357 0.022026
v 0.015350 -0.000054 0.022225
v 0.015227 -0.000486 0.021763
v 0.014313 -0.000730 0.022476
v 0.013649 -0.001498 0.021180
v 0.014169 -0.001565 0.020506
v 0.014951 -0.001019 0.021144
v 0.015075 -0.001387 0.020042
v 0.015365 -0.000835 0.020698
v 0.015806 -0.000012 0.020392
v 0.016443 -0.000257 0.019110
v 0.016475 0.000135 0.019638
v 0.016719 0.000133 0.018875
v 0.016784 -0.000753 0.017570
v 0.016589 -0.001191 0.017231
v 0.016076 -0.001077 0.018633
v 0.016286 -0.000830 0.018776
v 0.015700 -0.000969 0.019633
v 0.015793 -0.001595 0.017318
v 0.015573 -0.001500 0.018696
v 0.015355 -0.001592 0.019211
v 0.014867 -0.001893 0.019488
v 0.013730 -0.002302 0.020149
v 0.013602 -0.001813 0.020711
v 0.012772 -0.001392 0.022123
v 0.012781 -0.001560 0.021519
v 0.013371 -0.002523 0.020143
v 0.012745 -0.002352 0.020695
v 0.012788 -0.002671 0.020238
v 0.013791 -0.002802 0.019329
v 0.014132 -0.002569 0.019489
v 0.014439 -0.002765 0.018523
v 0.014303 -0.003068 0.016267
v 0.014159 -0.003228 0.016102
v 0.013971 -0.003105 0.017832
v 0.013435 -0.003297 0.018435
v 0.012395 -0.003203 0.019331
v 0.011271 -0.004058 0.019116
v 0.011674 -0.003813 0.019218
v 0.010512 -0.003879 0.020107
v 0.010745 -0.003373 0.020636
v 0.009896 -0.003942 0.020389
v 0.009711 -0.003339 0.021363
v 0.010912 -0.004429 0.018381
v 0.010718 -0.004770 0.017983
v 0.010436 -0.005218 0.017815
v 0.010044 -0.005535 0.017609
v 0.008969 -0.005539 0.018515
v 0.009256 -0.005720 0.017644
v 0.008883 -0.005276 0.019091
v 0.008532 -0.006095 0.015811
v 0.008946 -0.005889 0.016700
v 0.009218 -0.006023 0.015598
v 0.008908 -0.006382 0.015001
v 0.008406 -0.006366 0.015298
v 0.007234 -0.006335 0.015409
v 0.006255 -0.007490 0.013631
v 0.005584 -0.007559 0.012188
v 0.008096 -0.007542 0.012230
v 0.007202 -0.007492 0.011203
v 0.006829 -0.006459 0.009221
v 0.007775 -0.006595 0.009414
v 0.006513 -0.006048 0.008984
v 0.006634 -0.005621 0.009039
v 0.005709 -0.005233 0.008646
v 0.005254 -0.005577 0.008515
v 0.005152 -0.004903 0.008508
v 0.004411 -0.003881 0.008493
v 0.003062 -0.005729 0.008546
v 0.004070 -0.005984 0.008561
v 0.004078 -0.006606 0.008758
v 0.004560 -0.005168 0.008473
v 0.005382 -0.006124 0.008655
v 0.006887 -0.006860 0.009487
v 0.005768 -0.006730 0.009087
v 0.005814 -0.007354 0.010073
v 0.006438 -0.007193 0.009808
v 0.002424 -0.004259 0.008585
v 0.007219 -0.005423 0.009177
v 0.007442 -0.006076 0.009219
v 0.009063 -0.006776 0.009602
v 0.009462 -0.006254 0.009328
v 0.009768 -0.006649 0.009638
v 0.010319 -0.006370 0.009727
v 0.010545 -0.006493 0.010071
v 0.010624 -0.006775 0.010921
v 0.011061 -0.006107 0.010757
v 0.011332 -0.006043 0.012473
v 0.011264 -0.005944 0.013836
v 0.010873 -0.005987 0.014039
v 0.010616 -0.006202 0.013488
v 0.009915 -0.005946 0.014590
v 0.010255 -0.005683 0.016706
v 0.010820 -0.005529 0.016660
v 0.011212 -0.005511 0.016117
v 0.010971 -0.005742 0.015497
v 0.011789 -0.005566 0.015500
v 0.011617 -0.005315 0.016106
v 0.011302 -0.004632 0.017123
v 0.011320 -0.004469 0.017458
v 0.011112 -0.005279 0.016689
v 0.011467 -0.004798 0.016722
v 0.012465 -0.003922 0.018091
v 0.012558 -0.003594 0.018603
v 0.013428 -0.003806 0.017344
v 0.013367 -0.004275 0.016003
v 0.012501 -0.004416 0.016413
v 0.012437 -0.004679 0.016019
v 0.013318 -0.004671 0.015291
v 0.013660 -0.004789 0.014694
v 0.013412 -0.005216 0.014147
v 0.013691 -0.004960 0.014143
v 0.013875 -0.004284 0.015218
v 0.014022 -0.003930 0.015589
v 0.014362 -0.003288 0.015735
v 0.014404 -0.004002 0.014948
v 0.014828 -0.003941 0.014556
v 0.015081 -0.003510 0.014928
v 0.015060 -0.003127 0.015595
v 0.015338 -0.002595 0.016900
v 0.014893 -0.002523 0.018508
v 0.015257 -0.002091 0.018547
v 0.015000 -0.002254 0.018871
v 0.015958 -0.002162 0.016391
v 0.016354 -0.002198 0.015758
v 0.016939 -0.001638 0.015272
v 0.016585 -0.002092 0.015494
v 0.016584 -0.001633 0.016347
v 0.017083 -0.001175 0.016255
v 0.017170 -0.000822 0.016609
v 0.017748 -0.000659 0.015935
v 0.017850 -0.000803 0.015296
v 0.017783 -0.000966 0.014156
v 0.017750 -0.000790 0.013200
v 0.017392 -0.001183 0.015550
v 0.017533 -0.000949 0.015882
v 0.017132 -0.001516 0.014520
v 0.017158 -0.001464 0.013466
v 0.016937 -0.001226 0.011704
v 0.016646 -0.001149 0.010231
v 0.016487 -0.001648 0.010035
v 0.016629 -0.002088 0.011266
v 0.016067 -0.002436 0.009968
v 0.016388 -0.002346 0.010631
v 0.016167 -0.002717 0.010854
v 0.015525 -0.003176 0.010546
v 0.015602 -0.003227 0.011076
v 0.015699 -0.003189 0.011734
v 0.015287 -0.003198 0.010029
v 0.015725 -0.003177 0.013068
v 0.015381 -0.003125 0.015202
v 0.015062 -0.002801 0.016671
v 0.015830 -0.002765 0.015496
v 0.016116 -0.002551 0.015525
v 0.015667 -0.003128 0.014296
v 0.016289 -0.002706 0.012498
v 0.016524 -0.002423 0.011866
v 0.016953 -0.001752 0.013642
v 0.016483 -0.002485 0.014381
v 0.016925 -0.001581 0.012302
v 0.015488 -0.002327 0.017148
v 0.015194 -0.003756 0.014258
v 0.015087 -0.004068 0.012087
v 0.015262 -0.003820 0.013331
v 0.014860 -0.004096 0.013801
v 0.014298 -0.004415 0.011674
v 0.014319 -0.004399 0.013281
v 0.014147 -0.004420 0.014016
v 0.014016 -0.004672 0.012664
v 0.014004 -0.004607 0.011617
v 0.013494 -0.005231 0.011399
v 0.013547 -0.005260 0.012585
v 0.012850 -0.005578 0.011281
v 0.013211 -0.005520 0.012090
v 0.013148 -0.005203 0.010633
v 0.012425 -0.005300 0.010297
v 0.012332 -0.005632 0.010773
v 0.011499 -0.005832 0.010814
v 0.011545 -0.005954 0.011675
v 0.012974 -0.005205 0.014936
v 0.012800 -0.005491 0.014661
v 0.013006 -0.005609 0.013353
v 0.012472 -0.005827 0.012702
v 0.012401 -0.005766 0.014102
v 0.012467 -0.005788 0.011662
v 0.011253 -0.005745 0.010332
v 0.010905 -0.005732 0.009977
v 0.010988 -0.005231 0.009820
v 0.011450 -0.005496 0.010113
v 0.010647 -0.004752 0.009673
v 0.006172 -0.001950 0.009196
v 0.008647 -0.002398 0.009157
v 0.008635 -0.003644 0.009114
v 0.009625 -0.004187 0.009282
v 0.010226 -0.005470 0.009415
v 0.009798 -0.005782 0.009278
v 0.008660 -0.005111 0.009103
v 0.009101 -0.005758 0.009156
v 0.009487 -0.005155 0.009153
v 0.010294 -0.005946 0.009525
v 0.008563 -0.000964 0.009285
v 0.008974 -0.000045 0.009671
v 0.009929 -0.002809 0.009693
v 0.010495 -0.002136 0.009825
v 0.011588 -0.002502 0.009776
v 0.013551 -0.003545 0.009761
v 0.014130 -0.003435 0.009721
v 0.014195 -0.002581 0.009353
v 0.014669 -0.002600 0.009287
v 0.014330 -0.001754 0.009116
v 0.014554 -0.001517 0.009079
v 0.015528 -0.001129 0.009195
v 0.016007 -0.001324 0.009341
v 0.015604 -0.002102 0.009343
v 0.016101 -0.001945 0.009617
v 0.016055 -0.000629 0.009143
v 0.015803 -0.000665 0.009110
v 0.015271 -0.000154 0.009027
v 0.015693 0.000340 0.008684
v 0.016278 0.000378 0.008718
v 0.015471 0.000949 0.008602
v 0.014895 0.002270 0.008705
v 0.014316 0.001948 0.009059
v 0.016028 0.000834 0.008516
v 0.016848 0.000793 0.008575
v 0.016757 0.000533 0.008775
v 0.016779 0.000023 0.009583
v 0.016385 -0.000476 0.009322
v 0.016541 -0.000393 0.009570
v 0.016729 -0.000244 0.010044
v 0.017085 0.000038 0.011468
v 0.016972 -0.000228 0.011479
v 0.017159 -0.001005 0.012276
v 0.017192 -0.001292 0.012804
v 0.017370 -0.000703 0.012526
v 0.017530 -0.001019 0.013106
v 0.017169 -0.000094 0.011876
v 0.017701 -0.000172 0.012498
v 0.017860 0.000185 0.012143
v 0.018053 0.000011 0.012767
v 0.018284 0.000257 0.013378
v 0.018107 -0.000424 0.013650
v 0.018361 0.000108 0.014464
v 0.018387 0.000210 0.015273
v 0.018474 0.001008 0.013996
v 0.018613 0.001423 0.013901
v 0.018519 0.001910 0.012871
v 0.018749 0.001825 0.013640
v 0.018990 0.001893 0.014103
v 0.018935 0.002338 0.013645
v 0.018777 0.002934 0.013057
v 0.019330 0.002236 0.014283
v 0.019683 0.002634 0.014559
v 0.019640 0.002829 0.014112
v 0.019510 0.003477 0.013183
v 0.018858 0.003548 0.012563
v 0.018647 0.004289 0.011888
v 0.018503 0.004335 0.011483
v 0.018669 0.004612 0.011111
v 0.018625 0.004639 0.011477
v 0.018820 0.004474 0.011990
v 0.019777 0.003849 0.013255
v 0.019770 0.004528 0.012788
v 0.020018 0.004333 0.013695
v 0.019920 0.003255 0.014490
v 0.020315 0.004888 0.014747
v 0.020218 0.004723 0.014047
v 0.019893 0.005032 0.012413
v 0.019465 0.004396 0.012515
v 0.019518 0.004699 0.012112
v 0.019502 0.004834 0.011673
v 0.019836 0.005163 0.011505
v 0.019803 0.004953 0.010429
v 0.019967 0.005191 0.009892
v 0.020004 0.004589 0.009100
v 0.019752 0.004334 0.009639
v 0.019478 0.004596 0.010355
v 0.019479 0.004826 0.010973
v 0.019409 0.004156 0.009975
v 0.018848 0.004346 0.010586
v 0.018573 0.004395 0.011011
v 0.018546 0.003442 0.012052
v 0.018599 0.002901 0.012728
v 0.018438 0.002900 0.012053
v 0.018406 0.002955 0.011292
v 0.018451 0.003113 0.010735
v 0.018544 0.002987 0.010168
v 0.018475 0.001930 0.009808
v 0.018736 0.002282 0.009137
v 0.018753 0.003464 0.010154
v 0.019843 0.003611 0.008998
v 0.019499 0.003557 0.009549
v 0.020010 0.004143 0.007872
v 0.019867 0.004152 0.007542
v 0.020135 0.004444 0.007643
v 0.020139 0.004547 0.008237
v 0.020439 0.005376 0.007540
v 0.020265 0.004983 0.007268
v 0.020491 0.005737 0.007134
v 0.019650 0.005655 0.006811
v 0.019245 0.006627 0.006676
v 0.018105 0.007235 0.007128
v 0.018955 0.007922 0.006666
v 0.019528 0.007785 0.006555
v 0.020118 0.007282 0.006598
v 0.020419 0.006197 0.006847
v 0.020172 0.006326 0.006687
v 0.019851 0.006375 0.006607
v 0.020184 0.005346 0.006961
v 0.020715 0.006486 0.007078
v 0.020754 0.006247 0.007384
v 0.020928 0.007383 0.007002
v 0.020557 0.007189 0.006750
v 0.020393 0.008042 0.006562
v 0.019958 0.008107 0.006449
v 0.019266 0.008970 0.006423
v 0.019646 0.008530 0.006386
v 0.019618 0.010076 0.006125
v 0.019901 0.009885 0.006135
v 0.020190 0.009628 0.006224
v 0.021110 0.011761 0.006946
v 0.021276 0.011991 0.007453
v 0.021239 0.013175 0.007836
v 0.021311 0.013896 0.009100
v 0.021140 0.014697 0.009805
v 0.020800 0.014222 0.007975
v 0.020945 0.014057 0.008059
v 0.020959 0.015003 0.009258
v 0.020477 0.016012 0.009582
v 0.020571 0.015565 0.009195
v 0.020961 0.014745 0.008739
v 0.020273 0.016591 0.010211
v 0.021170 0.014654 0.010899
v 0.021360 0.013974 0.010530
v 0.021379 0.013444 0.011609
v 0.021416 0.009446 0.008647
v 0.021319 0.009202 0.007807
v 0.021303 0.008433 0.010939
v 0.021377 0.009331 0.011975
v 0.021409 0.009150 0.015893
v 0.021256 0.009037 0.017068
v 0.021260 0.007753 0.015905
v 0.021271 0.007103 0.015085
v 0.021353 0.007231 0.014768
v 0.021421 0.007929 0.013710
v 0.021362 0.007914 0.012288
v 0.021230 0.007028 0.012333
v 0.021280 0.006814 0.013574
v 0.020934 0.005964 0.014897
v 0.020887 0.006578 0.015762
v 0.020426 0.005706 0.015668
v 0.020305 0.005282 0.015521
v 0.020209 0.006322 0.016693
v 0.020787 0.005609 0.014678
v 0.020598 0.005307 0.014315
v 0.020673 0.005841 0.013617
v 0.020214 0.005800 0.012719
v 0.020400 0.005216 0.013790
v 0.020446 0.006240 0.011520
v 0.020143 0.006096 0.010097
v 0.020234 0.007434 0.009753
v 0.020249 0.007456 0.009895
v 0.020812 0.007553 0.010385
v 0.020844 0.007707 0.009850
v 0.021039 0.007740 0.010539
v 0.021000 0.007740 0.009415
v 0.021015 0.007605 0.008975
v 0.021199 0.008079 0.010572
v 0.020981 0.006616 0.011905
v 0.021149 0.006548 0.013249
v 0.020706 0.006919 0.010956
v 0.020284 0.006747 0.010360
v 0.020276 0.006251 0.010857
v 0.020602 0.006447 0.011298
v 0.020874 0.006074 0.013588
v 0.021294 0.008185 0.008944
v 0.021049 0.007287 0.008449
v 0.021239 0.007462 0.007781
v 0.021144 0.007358 0.007427
v 0.021231 0.009113 0.007414
v 0.021080 0.008896 0.007067
v 0.020949 0.010504 0.006730
v 0.020650 0.009297 0.006504
v 0.020836 0.008611 0.006762
v 0.020270 0.007534 0.009751
v 0.020433 0.006603 0.008898
v 0.020827 0.007270 0.008852
v 0.020925 0.006761 0.008262
v 0.020929 0.006532 0.007836
v 0.020554 0.005762 0.007740
v 0.020267 0.006482 0.009153
v 0.020136 0.006132 0.009481
v 0.020181 0.005776 0.008761
v 0.020929 0.007490 0.016455
v 0.019898 0.005294 0.006923
v 0.018419 0.005670 0.007264
v 0.019294 0.004981 0.007156
v 0.019718 0.005027 0.007098
v 0.020003 0.004873 0.007186
v 0.018901 0.005858 0.007059
v 0.019624 0.004360 0.007286
v 0.019468 0.003363 0.007577
v 0.019198 0.003884 0.007262
v 0.018768 0.004097 0.007256
v 0.017831 0.003764 0.007769
v 0.017680 0.003267 0.007847
v 0.017271 0.002507 0.007855
v 0.017595 0.002060 0.007950
v 0.017031 0.002135 0.007963
v 0.016347 0.001646 0.008345
v 0.015863 0.002450 0.008374
v 0.016874 0.001242 0.008361
v 0.018034 0.001509 0.008356
v 0.017510 0.000819 0.008702
v 0.017412 0.000605 0.008942
v 0.017668 0.000529 0.009612
v 0.017782 0.000436 0.011259
v 0.018042 0.000697 0.011205
v 0.018232 0.001117 0.010725
v 0.018204 0.000845 0.011801
v 0.018363 0.001688 0.011114
v 0.018367 0.001479 0.009308
v 0.018017 0.001115 0.008791
v 0.018060 0.000885 0.009671
v 0.018489 0.001686 0.008689
v 0.018679 0.001914 0.008800
v 0.018531 0.001984 0.008260
v 0.018442 0.002425 0.007987
v 0.018909 0.002492 0.008174
v 0.018621 0.002786 0.007843
v 0.018099 0.002775 0.007867
v 0.017756 0.001694 0.008112
v 0.018279 0.003137 0.007710
v 0.018487 0.003735 0.007407
v 0.018687 0.003247 0.007497
v 0.018993 0.003145 0.007547
v 0.019270 0.002726 0.008210
v 0.019792 0.003322 0.008007
v 0.019917 0.003361 0.008505
v 0.018970 0.002375 0.008643
v 0.019629 0.003140 0.008854
v 0.018966 0.002597 0.009057
v 0.018974 0.002385 0.008438
v 0.018407 0.001684 0.012186
v 0.017063 0.000239 0.009706
v 0.016714 0.000319 0.009052
v 0.020112 0.004414 0.014803
v 0.019939 0.003159 0.015025
v 0.019678 0.002533 0.015124
v 0.019390 0.002057 0.014932
v 0.018880 0.001632 0.014573
v 0.015117 -0.002151 0.009174
v 0.015424 -0.002581 0.009478
v 0.015010 -0.002906 0.009524
v 0.014365 -0.003625 0.009826
v 0.014595 -0.003886 0.010115
v 0.013807 -0.004046 0.010002
v 0.013556 -0.003869 0.009833
v 0.010362 -0.002747 0.009808
v 0.011257 -0.004593 0.009824
v 0.011212 -0.004054 0.009803
v 0.012418 -0.003840 0.009730
v 0.011855 -0.005016 0.009957
v 0.012751 -0.004366 0.009822
v 0.013054 -0.004999 0.010251
v 0.013564 -0.004919 0.010714
v 0.013191 -0.004625 0.010016
v 0.013811 -0.004616 0.010696
v 0.013844 -0.004274 0.010244
v 0.014123 -0.004332 0.010721
v 0.015024 -0.004065 0.011325
v 0.014910 -0.004056 0.010808
v 0.013810 -0.003520 0.016947
v 0.013688 -0.003307 0.018012
v 0.009146 -0.006974 0.013916
v 0.009208 -0.006368 0.014614
v 0.008683 -0.006894 0.014583
v 0.008152 -0.006884 0.014852
v 0.007887 -0.007160 0.014595
v 0.007954 -0.007477 0.013323
v 0.008266 -0.007393 0.013706
v 0.008751 -0.007190 0.013957
v 0.009351 -0.007449 0.011995
v 0.009273 -0.007348 0.012732
v 0.009352 -0.007472 0.011376
v 0.007553 -0.007000 0.009741
v 0.007536 -0.007295 0.010297
v 0.008837 -0.007180 0.010052
v 0.009661 -0.007021 0.010033
v 0.009198 -0.007398 0.010676
v 0.009955 -0.007145 0.010681
v 0.010112 -0.006846 0.010079
v 0.010621 -0.006803 0.011686
v 0.011060 -0.006251 0.011801
v 0.010947 -0.006218 0.012922
v 0.010406 -0.006670 0.012816
v 0.009682 -0.006172 0.014102
v 0.009833 -0.006933 0.013048
v 0.010520 -0.006776 0.012360
v 0.010012 -0.007156 0.012297
v 0.010160 -0.007138 0.011334
v 0.018508 0.002859 0.017910
v 0.016895 0.004366 0.025413
v 0.017090 0.004546 0.024853
v 0.017652 0.004573 0.024249
v 0.017573 0.003547 0.023131
v 0.017191 0.003735 0.024101
v 0.019670 0.013803 0.019556
v 0.018099 0.017607 0.020202
v 0.017866 0.018618 0.019704
v 0.018278 0.021196 0.012911
v 0.017114 0.021352 0.015983
v 0.017399 0.021129 0.015867
v 0.017262 0.021667 0.013882
v 0.017363 0.022115 0.013510
v 0.016908 0.022719 0.014269
v 0.016876 0.022021 0.014702
v 0.017126 0.021602 0.014208
v 0.017069 0.021831 0.014038
v 0.016891 0.021650 0.016325
v 0.016742 0.021652 0.017371
v 0.016871 0.023199 0.013901
v 0.016980 0.023102 0.013197
v 0.016874 0.023505 0.011682
v 0.017130 0.023199 0.011094
v 0.017267 0.022796 0.012921
v 0.017596 0.022390 0.013014
v 0.017175 0.022545 0.013585
v 0.017750 0.022468 0.012630
v 0.017750 0.022837 0.011236
v 0.017140 0.023293 0.010892
v 0.016325 0.023009 0.016907
v 0.015794 0.023260 0.017262
v 0.018385 0.011757 0.025807
v 0.018463 0.008694 0.024208
v 0.018383 0.007908 0.026064
v 0.015626 0.003567 0.028676
v 0.013081 -0.000988 0.024826
v 0.015779 0.006614 0.033435
v 0.017046 0.012585 0.027838
v 0.015877 0.008161 0.034455
v 0.014215 0.005869 0.037187
v 0.012866 0.003410 0.036710
v 0.010143 -0.000979 0.030352
v 0.010607 -0.001150 0.027903
v 0.010774 -0.001369 0.026511
v 0.010697 -0.001574 0.026000
v 0.011370 -0.001423 0.025335
v 0.011262 -0.001636 0.024798
v 0.011243 -0.002283 0.023936
v 0.011991 -0.001706 0.023929
v 0.011975 -0.001973 0.023417
v 0.012252 -0.001657 0.023382
v 0.011947 -0.002218 0.022973
v 0.009531 -0.002521 0.025770
v 0.011222 0.002939 0.038459
v 0.011185 0.003042 0.038919
v 0.011975 0.003329 0.038669
v 0.011844 0.003415 0.039432
v 0.012108 0.003686 0.039621
v 0.017221 0.014004 0.026549
v 0.015740 0.017081 0.028069
v 0.015799 0.016724 0.029785
v 0.015708 0.016342 0.030698
v 0.015609 0.015803 0.031228
v 0.015904 0.016333 0.030231
v 0.016369 0.015839 0.029833
v 0.013994 0.017242 0.034355
v 0.014068 0.015459 0.038992
v 0.014165 0.015225 0.041479
v 0.013999 0.015470 0.041864
v 0.014464 0.014965 0.041497
v 0.014284 0.015311 0.038650
v 0.014762 0.014571 0.041682
v 0.013884 0.009337 0.048161
v 0.013783 0.007351 0.045582
v 0.013789 0.007659 0.048063
v 0.013754 0.008477 0.049787
v 0.013442 0.008059 0.050340
v 0.013616 0.008463 0.051093
v 0.013640 0.007909 0.049300
v 0.013507 0.007165 0.048740
v 0.013264 0.007705 0.049901
v 0.013240 0.006585 0.048443
v 0.013496 0.006734 0.045830
v 0.013586 0.007063 0.047782
v 0.013282 0.006381 0.045136
v 0.013479 0.006374 0.044366
v 0.013224 0.005976 0.044042
v 0.012621 0.005809 0.044514
v 0.012523 0.005923 0.044911
v 0.013190 0.006455 0.046345
v 0.012099 0.005212 0.045396
v 0.012279 0.005166 0.044611
v 0.012533 0.005117 0.043953
v 0.013177 0.005485 0.043451
v 0.010866 0.002595 0.040338
v 0.011179 0.004780 0.050591
v 0.012348 0.007351 0.053030
v 0.011878 0.006772 0.053895
v 0.011838 0.006454 0.053390
v 0.012759 0.018444 0.040054
v 0.013251 0.018136 0.040572
v 0.012345 0.018921 0.044634
v 0.013093 0.021931 0.028356
v 0.012701 0.021647 0.028841
v 0.012587 0.021536 0.029215
v 0.013517 0.021805 0.027971
v 0.013736 0.021947 0.026843
v 0.013506 0.022529 0.026885
v 0.014000 0.022007 0.023637
v 0.013939 0.021866 0.024202
v 0.013908 0.021638 0.025996
v 0.013707 0.022659 0.025476
v 0.015291 0.023834 0.018950
v 0.015340 0.024769 0.017398
v 0.015097 0.025769 0.015841
v 0.014860 0.026236 0.015384
v 0.014851 0.025852 0.016148
v 0.014236 0.026260 0.015822
v 0.014214 0.026137 0.016119
v 0.014169 0.025903 0.017801
v 0.014502 0.026854 0.015192
v 0.014781 0.026908 0.014799
v 0.014732 0.027140 0.014466
v 0.014750 0.027353 0.013460
v 0.013232 0.023118 0.006853
v 0.015785 0.021443 0.006074
v 0.016937 0.020592 0.005988
v 0.017513 0.019329 0.006220
v 0.016857 0.019272 0.006010
v 0.014844 0.021842 0.006480
v 0.015769 0.018718 0.006521
v 0.016540 0.018649 0.006141
v 0.016437 0.017164 0.006503
v 0.016572 0.019498 0.006034
v 0.017269 0.019066 0.006076
v 0.017909 0.018649 0.006359
v 0.018144 0.018158 0.006254
v 0.018993 0.017280 0.006261
v 0.018600 0.017188 0.006048
v 0.017365 0.018347 0.006008
v 0.017161 0.018130 0.006006
v 0.017417 0.016888 0.006068
v 0.017940 0.016003 0.006006
v 0.016953 0.015632 0.006503
v 0.018512 0.015168 0.005992
v 0.018961 0.016439 0.006102
v 0.018043 0.016999 0.005939
v 0.019593 0.017188 0.006823
v 0.019272 0.016533 0.006303
v 0.019540 0.015127 0.006589
v 0.019829 0.015139 0.007118
v 0.018930 0.014899 0.006077
v 0.019250 0.014977 0.006283
v 0.018608 0.014422 0.005987
v 0.019297 0.013884 0.006072
v 0.020160 0.013387 0.006362
v 0.019996 0.012957 0.006072
v 0.019199 0.013256 0.005935
v 0.019602 0.014325 0.006458
v 0.016803 0.009360 0.007392
v 0.013658 0.003538 0.009058
v 0.002877 0.004954 0.009015
v 0.011284 0.012797 0.008676
v 0.003246 0.000650 0.008530
v 0.002549 0.001919 0.008495
v 0.001954 0.002624 0.008494
v 0.003206 0.001987 0.008659
v 0.004711 0.000304 0.009124
v 0.005326 -0.000995 0.009166
v 0.003969 -0.000600 0.008616
v 0.002309 -0.005977 0.008418
v 0.002372 -0.006813 0.008498
v 0.001594 -0.005728 0.008086
v 0.002220 -0.007605 0.008751
v 0.003115 -0.007130 0.008881
v 0.001213 -0.007617 0.008225
v 0.000914 -0.007157 0.007967
v 0.000310 -0.008136 0.008367
v 0.000752 -0.008460 0.008864
v 0.001577 -0.006751 0.008112
v 0.001163 -0.006165 0.007911
v 0.000752 -0.004222 0.007940
v 0.002199 -0.008045 0.009097
v 0.002592 -0.008120 0.009522
v 0.002936 -0.008098 0.010181
v 0.003236 -0.007813 0.010616
v 0.003331 -0.007668 0.010119
v 0.003210 -0.007446 0.009308
v 0.002838 -0.007556 0.009072
v 0.002905 -0.007858 0.009528
v 0.003906 -0.007287 0.009459
v 0.002564 -0.008496 0.010739
v 0.008245 -0.003184 0.023315
v 0.007223 -0.000637 0.036793
v 0.007497 -0.000290 0.037202
v 0.008936 0.003501 0.053041
v 0.011915 0.010069 0.054152
v 0.013544 0.015360 0.052614
v 0.011810 0.014747 0.054169
v 0.012905 0.014049 0.054309
v 0.012609 0.023386 0.026472
v 0.012406 0.023424 0.026846
v 0.011580 0.028826 0.007082
v 0.010669 0.025323 0.031329
v 0.011230 0.020249 0.047857
v 0.011674 0.020097 0.047625
v 0.009635 0.021655 0.053511
v 0.006162 0.002547 0.054282
v 0.006061 0.002148 0.054208
v 0.004788 0.001997 0.054127
v 0.004557 0.002304 0.054225
v 0.004962 0.001559 0.053589
v 0.005275 0.001759 0.053797
v 0.005157 0.001505 0.052930
v 0.005553 0.001627 0.052941
v 0.005093 0.001304 0.050191
v 0.005265 0.001509 0.050768
v 0.005670 0.000897 0.049119
v 0.004974 0.001371 0.050671
v 0.004584 0.000823 0.051129
v 0.004893 0.001294 0.052970
v 0.004553 0.000818 0.052871
v 0.004235 0.000519 0.051288
v 0.004134 0.000390 0.049632
v 0.004400 0.000523 0.050167
v 0.004646 0.000694 0.050215
v 0.004894 0.000411 0.048828
v 0.004006 0.000303 0.048189
v 0.005235 0.000367 0.047760
v 0.005707 0.000596 0.048373
v 0.005017 0.000675 0.049448
v 0.006324 0.000854 0.046171
v 0.006369 0.001206 0.048222
v 0.006114 0.001283 0.049559
v 0.006036 0.001530 0.050458
v 0.006102 0.000976 0.048758
v 0.004924 0.000291 0.045779
v 0.004974 0.000197 0.044310
v 0.004760 -0.000046 0.043386
v 0.004540 -0.000196 0.043604
v 0.004194 -0.000606 0.043331
v 0.003283 -0.000968 0.043740
v 0.003585 -0.000591 0.043890
v 0.003220 -0.000758 0.044258
v 0.002143 -0.001271 0.044093
v 0.002902 -0.001341 0.041879
v 0.002084 -0.001363 0.041339
v 0.002844 -0.001391 0.037599
v 0.002624 -0.001466 0.037219
v 0.002846 -0.001575 0.036714
v 0.002751 -0.001807 0.036218
v 0.003074 -0.001789 0.035778
v 0.002998 -0.002432 0.035167
v 0.003462 -0.001529 0.035592
v 0.003349 -0.001394 0.036901
v 0.003248 -0.001347 0.038130
v 0.003467 -0.001206 0.042642
v 0.003966 -0.000972 0.042875
v 0.004428 -0.001103 0.041220
v 0.004730 -0.000755 0.041436
v 0.004651 -0.001199 0.040191
v 0.003964 -0.001271 0.040776
v 0.003589 -0.001329 0.039319
v 0.003996 -0.001323 0.036671
v 0.003818 -0.001435 0.035636
v 0.004555 -0.001538 0.034951
v 0.004350 -0.001842 0.034358
v 0.003599 -0.002396 0.034386
v 0.003505 -0.001656 0.035204
v 0.004160 -0.002214 0.034012
v 0.005142 -0.001233 0.039177
v 0.005320 -0.001348 0.035477
v 0.005849 -0.001149 0.038228
v 0.005703 -0.000994 0.039449
v 0.004972 -0.000965 0.040563
v 0.005213 -0.000590 0.040775
v 0.004461 -0.000612 0.042913
v 0.005129 -0.000135 0.041309
v 0.005070 0.000038 0.041650
v 0.005263 0.000229 0.042400
v 0.005865 0.000409 0.045289
v 0.006487 0.000422 0.044212
v 0.006354 0.000312 0.042699
v 0.006612 0.000245 0.041267
v 0.006105 0.000173 0.041719
v 0.006104 -0.000096 0.040804
v 0.005593 -0.000209 0.040911
v 0.005883 -0.000532 0.040236
v 0.005967 -0.000679 0.039821
v 0.006362 -0.000051 0.040288
v 0.006919 0.000234 0.039269
v 0.004811 -0.001289 0.038830
v 0.006853 0.002626 0.054214
v 0.006798 -0.001203 0.033757
v 0.004855 -0.005496 0.020779
v 0.004878 -0.005913 0.018925
v 0.004654 -0.006188 0.018107
v 0.004389 -0.006366 0.018115
v 0.005121 -0.006146 0.017223
v 0.002256 0.020878 0.009796
v 0.001235 0.030716 0.009830
v 0.000514 0.020141 0.009113
v -0.001801 0.008385 0.008575
v -0.006446 -0.006887 0.007411
v -0.006457 -0.006572 0.007270
v -0.006713 -0.007139 0.008303
v -0.006480 -0.007074 0.007672
v -0.005681 -0.007794 0.007853
v -0.005230 -0.008170 0.008272
v -0.003687 0.008794 0.007938
v -0.004413 0.024386 0.008670
v -0.005934 0.003562 0.007424
v -0.011317 0.023828 0.007952
v -0.011714 0.018040 0.007235
v -0.013978 0.020535 0.007295
v -0.008943 0.009710 0.007237
v -0.010746 0.003439 0.007168
v -0.010513 0.003091 0.006894
v -0.005472 -0.007375 0.012999
v 0.002458 -0.003204 0.030635
v 0.002599 -0.003911 0.029273
v 0.001574 -0.004284 0.027902
v 0.003133 -0.004155 0.027874
v 0.002849 -0.003386 0.029910
v -0.002078 -0.003700 0.029698
v -0.003657 -0.004307 0.025370
v -0.002055 -0.005662 0.023286
v -0.002369 -0.007269 0.017544
v -0.004187 -0.007059 0.016699
v -0.003739 -0.006776 0.017850
v -0.005016 -0.005530 0.021706
v -0.006130 -0.006068 0.014077
v -0.002542 -0.002973 0.033771
v -0.003870 -0.002905 0.032421
v -0.005353 -0.002875 0.029100
v -0.005536 -0.003017 0.027860
v -0.005949 -0.003710 0.026070
v -0.006848 -0.003201 0.026099
v -0.006938 -0.002782 0.027358
v -0.006109 -0.003191 0.026636
v -0.006907 -0.003547 0.025331
v -0.007431 -0.003093 0.024832
v -0.008029 -0.002926 0.024472
v -0.008239 -0.003010 0.023684
v -0.008203 -0.003247 0.023012
v -0.008894 -0.003355 0.020932
v -0.008523 -0.003535 0.022232
v -0.008332 -0.003853 0.021628
v -0.008919 -0.003729 0.020171
v -0.009225 -0.003642 0.019715
v -0.009524 -0.004039 0.018783
v -0.009881 -0.003889 0.018474
v -0.010150 -0.003688 0.016452
v -0.010537 -0.002926 0.017808
v -0.010532 -0.002648 0.016905
v -0.010348 -0.002581 0.015882
v -0.009922 -0.002616 0.014648
v -0.010052 -0.003911 0.017281
v -0.009758 -0.004137 0.017448
v -0.009640 -0.004134 0.016026
v -0.010022 -0.003769 0.015961
v -0.009581 -0.003667 0.014630
v -0.009668 -0.002759 0.013731
v -0.009370 -0.004203 0.015323
v -0.009178 -0.004081 0.019086
v -0.008651 -0.004100 0.019847
v -0.008086 -0.004140 0.020783
v -0.007498 -0.003985 0.022262
v -0.007449 -0.003603 0.023067
v -0.006828 -0.003925 0.024179
v -0.006432 -0.003876 0.025257
v -0.006173 -0.004188 0.024542
v -0.006124 -0.004358 0.022418
v -0.007162 -0.004166 0.022069
v -0.007537 -0.004319 0.019815
v -0.006943 -0.004680 0.019507
v -0.006777 -0.004449 0.020014
v -0.006385 -0.004332 0.020882
v -0.007179 -0.003529 0.024038
v -0.007482 -0.003151 0.023392
v -0.007897 -0.003535 0.022698
v -0.009110 -0.003063 0.021589
v -0.008712 -0.003245 0.022397
v -0.009083 -0.003167 0.020277
v -0.004623 -0.003037 0.028159
v -0.004336 -0.002918 0.029619
v -0.003342 -0.002918 0.030423
v -0.003147 -0.003029 0.029368
v -0.004532 -0.003184 0.027777
v -0.012776 0.004605 0.015823
v -0.013293 0.010133 0.009994
v -0.013513 0.010866 0.009809
v -0.013320 0.010786 0.007275
v -0.013701 0.012966 0.006744
v -0.013122 0.012129 0.006793
v -0.014084 0.015055 0.006798
v -0.015274 0.009578 0.021053
v -0.015194 0.008727 0.021798
v -0.014615 0.007562 0.021441
v -0.013141 0.002390 0.021967
v -0.013299 0.003091 0.021933
v -0.013581 0.003904 0.021911
v -0.013974 0.003664 0.021970
v -0.014536 0.004179 0.021706
v -0.014720 0.004576 0.021869
v -0.014815 0.004092 0.021540
v -0.014923 0.004002 0.021546
v -0.014951 0.004083 0.022372
v -0.014705 0.003796 0.022997
v -0.014345 0.003677 0.023556
v -0.014217 0.003143 0.023130
v -0.013740 0.003426 0.023919
v -0.013481 0.003680 0.024766
v -0.013622 0.002990 0.023524
v -0.014745 0.003438 0.021250
v -0.014500 0.002712 0.021241
v -0.014468 0.003126 0.021251
v -0.014833 0.002983 0.021428
v -0.014877 0.002963 0.021766
v -0.014658 0.002687 0.022034
v -0.014407 0.002382 0.022145
v -0.013984 0.002561 0.022841
v -0.014286 0.002024 0.021710
v -0.014005 0.001871 0.021759
v -0.014519 0.002294 0.021532
v -0.014190 0.001986 0.021414
v -0.014116 0.002096 0.021398
v -0.013574 0.001767 0.022042
v -0.013534 0.002097 0.021953
v -0.013729 0.001755 0.022238
v -0.013643 0.002250 0.023116
v -0.013467 0.002381 0.023601
v -0.013164 0.003611 0.025964
v -0.014121 0.001865 0.021496
v -0.008300 -0.002485 0.026035
v 0.003120 0.001182 0.054279
v 0.010339 0.022743 0.042319
v 0.009639 0.023222 0.041541
v 0.011036 0.023338 0.036361
v 0.009484 0.026268 0.029313
v 0.009664 0.026093 0.029287
v 0.009090 0.026900 0.030302
v 0.010694 0.032794 0.011842
v 0.009784 0.033172 0.013127
v 0.008888 0.033072 0.015610
v 0.008648 0.033300 0.015612
v 0.008002 0.033801 0.015084
v 0.008129 0.033830 0.013279
v 0.007410 0.033899 0.009998
v 0.007866 0.034030 0.012580
v 0.007397 0.034536 0.012769
v 0.007575 0.034047 0.010859
v 0.007630 0.033546 0.008427
v 0.008479 0.033500 0.009115
v 0.008355 0.032980 0.008092
v 0.007414 0.033166 0.007960
v 0.007662 0.033320 0.008099
v 0.007643 0.033711 0.008974
v 0.008012 0.033820 0.010929
v 0.008486 0.033726 0.011544
v 0.008552 0.033654 0.013282
v 0.009167 0.033607 0.011309
v -0.000703 0.032736 0.010225
v -0.000410 0.033175 0.010356
v -0.000639 0.033326 0.011051
v 0.000040 0.033868 0.011740
v -0.000026 0.033802 0.015347
v -0.000056 0.033854 0.013834
v -0.000825 0.033357 0.013709
v -0.000701 0.033404 0.012038
v -0.001062 0.033053 0.012048
v -0.001481 0.032394 0.011981
v -0.001757 0.032163 0.011983
v -0.002523 0.031862 0.011399
v -0.001949 0.031929 0.010752
v -0.001412 0.032218 0.010642
v -0.001062 0.032583 0.010538
v -0.000996 0.032963 0.011009
v -0.001625 0.032146 0.010967
v 0.002309 0.035137 0.009881
v 0.002835 0.035128 0.009934
v 0.003369 0.035059 0.010437
v 0.003242 0.035094 0.011668
v 0.004439 0.035171 0.012866
v 0.004182 0.034994 0.010258
v 0.004849 0.034465 0.018526
v 0.006013 0.033937 0.018543
v 0.005136 0.033948 0.019139
v 0.004299 0.034129 0.019533
v 0.004304 0.033816 0.020180
v 0.003903 0.033872 0.020129
v 0.003399 0.033855 0.019955
v 0.003296 0.033678 0.020642
v 0.005254 0.033363 0.020433
v 0.005830 0.033319 0.020128
v 0.006897 0.033143 0.019270
v 0.006481 0.032953 0.019960
v 0.007314 0.032797 0.019120
v 0.007130 0.033274 0.018531
v 0.006628 0.033409 0.019110
v 0.006380 0.033916 0.018033
v 0.007461 0.033397 0.017364
v 0.007617 0.033030 0.017572
v 0.007892 0.033157 0.016810
v 0.008293 0.033087 0.016424
v 0.008102 0.032417 0.017068
v 0.008729 0.031978 0.017445
v 0.008022 0.031815 0.019405
v 0.007653 0.032344 0.019021
v 0.008007 0.032353 0.017299
v 0.008940 0.031671 0.017993
v 0.009373 0.031350 0.017192
v 0.009660 0.031605 0.016522
v 0.009671 0.030761 0.017128
v 0.010404 0.030852 0.016573
v 0.010329 0.030500 0.017291
v 0.010489 0.030274 0.017918
v 0.010488 0.029856 0.020011
v 0.010330 0.030118 0.019443
v 0.009736 0.030653 0.017349
v 0.006690 0.033992 0.017276
v 0.005963 0.034434 0.017790
v 0.005592 0.034639 0.017775
v 0.006046 0.034763 0.016822
v 0.008178 0.030780 0.020158
v 0.008139 0.030641 0.020469
v 0.007990 0.030816 0.020328
v 0.007594 0.028780 0.028777
v 0.006718 0.029394 0.027924
v 0.009054 0.024233 0.041779
v 0.008221 0.024615 0.048216
v 0.005278 0.029227 0.031427
v 0.005547 0.031741 0.024798
v 0.003902 0.031718 0.026439
v 0.003495 0.031500 0.026817
v 0.003556 0.027540 0.041913
v -0.002364 0.028117 0.036041
v -0.002658 -0.001358 0.041345
v -0.005432 -0.002201 0.032856
v -0.006161 -0.001411 0.032788
v -0.006135 -0.001544 0.030939
v -0.003319 -0.000699 0.046836
v -0.002400 0.000219 0.050437
v -0.007415 0.001334 0.043352
v -0.010635 0.002954 0.030870
v -0.008896 0.002819 0.039428
v -0.008925 0.003289 0.041328
v -0.008677 0.002333 0.039428
v -0.008471 0.002318 0.043403
v -0.008072 0.002172 0.044853
v -0.007841 0.001805 0.044863
v -0.007557 0.001991 0.045468
v -0.007346 0.002220 0.046092
v -0.008129 0.003514 0.047434
v -0.012240 0.004556 0.027754
v -0.012381 0.003887 0.027349
v -0.011942 0.004328 0.031571
v -0.012037 0.003460 0.028297
v -0.013625 0.005445 0.026338
v -0.013613 0.005916 0.026620
v -0.013685 0.004418 0.024521
v -0.015947 0.011665 0.020719
v -0.015953 0.010996 0.021611
v -0.016707 0.016184 0.020446
v -0.008864 0.024311 0.008000
v -0.010549 0.027863 0.011025
v -0.010779 0.027714 0.010678
v -0.015746 0.024394 0.007297
v -0.017150 0.018861 0.013939
v -0.017741 0.022723 0.010721
v -0.012989 0.027174 0.011035
v -0.011057 0.026910 0.014934
v -0.010173 0.027351 0.015099
v -0.009402 0.027420 0.016328
v -0.008711 0.027583 0.015890
v -0.007810 0.027596 0.016640
v -0.008411 0.027840 0.015304
v -0.007633 0.027811 0.015900
v -0.008373 0.028418 0.014431
v -0.009062 0.028574 0.012170
v -0.009120 0.027838 0.012932
v -0.009253 0.027789 0.012779
v -0.010029 0.027834 0.012233
v -0.010243 0.027605 0.012814
v -0.009413 0.027591 0.013450
v -0.008866 0.027708 0.014657
v -0.005502 0.030092 0.012628
v -0.005329 0.030215 0.011628
v -0.004144 0.030400 0.014611
v -0.005127 0.030295 0.011006
v -0.002881 0.030138 0.019489
v -0.002244 0.030325 0.020714
v -0.001987 0.030383 0.022305
v -0.002014 0.030470 0.019944
v -0.002391 0.030695 0.016654
v -0.001829 0.030595 0.017344
v -0.001733 0.030544 0.017779
v -0.001343 0.032431 0.015547
v -0.001044 0.032443 0.016280
v -0.000815 0.032125 0.016938
v -0.000684 0.032741 0.016327
v -0.000156 0.033201 0.016430
v 0.000659 0.033544 0.017247
v 0.000653 0.034169 0.016124
v 0.000858 0.034421 0.015834
v 0.001726 0.034592 0.016528
v 0.001550 0.034005 0.017156
v 0.000867 0.033810 0.016962
v 0.000222 0.033195 0.016952
v 0.000400 0.033018 0.017791
v 0.000530 0.032833 0.019698
v 0.000452 0.032418 0.020661
v 0.000863 0.032405 0.021147
v 0.000970 0.032970 0.020482
v 0.002152 0.032484 0.022425
v 0.002424 0.033133 0.021927
v 0.003361 0.032575 0.022929
v 0.003152 0.032363 0.023275
v 0.002569 0.032520 0.022785
v 0.002295 0.032313 0.023015
v 0.002271 0.032165 0.023552
v 0.002733 0.031965 0.025720
v 0.002995 0.032195 0.023779
v 0.004099 0.032117 0.024136
v 0.004785 0.032115 0.023425
v 0.004131 0.032290 0.023381
v 0.003890 0.032586 0.022878
v 0.003158 0.033227 0.022207
v 0.001954 0.031968 0.024973
v 0.000853 0.031964 0.022866
v -0.000136 0.031908 0.021806
v -0.000029 0.032153 0.020311
v 0.000468 0.032120 0.021640
v 0.001465 0.032180 0.022151
v 0.001513 0.032356 0.021558
v 0.000242 0.032400 0.019855
v 0.000069 0.032408 0.017401
v -0.000076 0.032248 0.017606
v -0.000188 0.032455 0.016850
v -0.000080 0.032368 0.017075
v -0.000868 0.032960 0.015872
v -0.001710 0.030369 0.024070
v -0.000865 0.030384 0.026134
v -0.001112 0.030531 0.023570
v -0.000936 0.030793 0.022833
v -0.000181 0.030626 0.023677
v -0.000016 0.030761 0.023595
v -0.000161 0.030800 0.023264
v -0.000309 0.030507 0.024518
v -0.010616 0.026957 0.015367
v -0.015360 0.024857 0.014136
v -0.016702 0.024650 0.013572
v -0.017493 0.018342 0.017826
v -0.017492 0.017660 0.017532
v -0.017595 0.017795 0.016938
v -0.017010 0.017007 0.018925
v -0.015399 0.020388 0.020199
v -0.016464 0.013085 0.022638
v -0.015198 0.013143 0.024584
v -0.015495 0.012791 0.024077
v -0.013845 0.015655 0.027513
v -0.013643 0.015625 0.027871
v -0.013436 0.015787 0.028573
v -0.013240 0.015925 0.030116
v -0.012994 0.016911 0.030114
v -0.012457 0.016514 0.031313
v -0.013334 0.014447 0.030538
v -0.013649 0.014412 0.028833
v -0.013898 0.014249 0.028464
v -0.013866 0.012730 0.028534
v -0.013527 0.014355 0.029169
v -0.012373 0.007113 0.031845
v -0.010373 0.007893 0.048565
v -0.010070 0.006662 0.046597
v -0.010340 0.007098 0.045925
v -0.010626 0.017252 0.037352
v -0.010575 0.018191 0.036978
v -0.010469 0.020239 0.033407
v -0.010601 0.020429 0.031280
v -0.010761 0.020348 0.030916
v -0.010804 0.020022 0.032624
v -0.011030 0.019791 0.032835
v -0.011350 0.019680 0.032397
v -0.011576 0.018738 0.033090
v -0.011724 0.019332 0.031903
v -0.010037 0.008595 0.050811
v -0.010086 0.014008 0.049294
v -0.008869 0.015303 0.050808
v -0.008933 0.014516 0.050682
v -0.009063 0.014278 0.050360
v -0.009194 0.014199 0.050144
v -0.009930 0.014939 0.048179
v -0.008956 0.020499 0.037642
v -0.009171 0.020354 0.037189
v -0.009165 0.021223 0.036382
v -0.009903 0.023275 0.027136
v -0.005365 0.026033 0.033846
v -0.004646 0.026196 0.033959
v -0.004395 0.026376 0.034274
v -0.004585 0.026092 0.034416
v -0.004346 0.026218 0.035762
v -0.004614 0.026010 0.035900
v -0.002692 0.028607 0.030635
v -0.003051 0.027826 0.030822
v -0.002984 0.027634 0.031700
v -0.004387 0.026317 0.040315
v -0.005590 0.025562 0.039994
v -0.004658 0.025717 0.043262
v -0.005563 0.025040 0.043128
v -0.005568 0.024683 0.043548
v -0.005243 0.024767 0.043957
v -0.005857 0.024170 0.043303
v -0.006235 0.024259 0.042123
v -0.006200 0.023221 0.042846
v -0.006855 0.023925 0.041011
v -0.006744 0.024307 0.039942
v -0.006858 0.024293 0.035877
v -0.007027 0.024103 0.035412
v -0.007309 0.023319 0.035136
v -0.007537 0.023088 0.035118
v -0.008166 0.022792 0.034675
v -0.008222 0.021501 0.039258
v -0.007574 0.021637 0.039573
v -0.007454 0.021841 0.039684
v -0.007497 0.021553 0.039989
v -0.007568 0.022605 0.039125
v -0.008547 0.019121 0.048226
v -0.009126 0.012821 0.052193
v 0.000008 0.026857 0.052583
v 0.001205 0.026298 0.053103
v 0.001442 0.026415 0.052671
v 0.001802 0.025937 0.053529
v 0.002338 0.025979 0.052629
v 0.002830 0.025910 0.052939
v 0.002275 0.026053 0.050532
v 0.002655 0.025958 0.051000
v 0.002342 0.026926 0.049351
v -0.000390 0.027581 0.046157
v -0.000869 0.026524 0.052550
v -0.000980 0.026589 0.052155
v -0.001304 0.026248 0.052190
v -0.001667 0.026027 0.052331
v -0.002550 0.025909 0.052215
v -0.002705 0.026232 0.047625
v -0.002344 0.026123 0.048584
v -0.001902 0.025973 0.049827
v -0.001583 0.026151 0.049401
v -0.001702 0.026180 0.049032
v -0.001987 0.027215 0.043710
v 0.001079 0.034923 0.011546
v 0.002149 0.035061 0.012614
vn 0.3825 -0.0579 -0.9221
vn 0.3959 0.0453 -0.9172
vn 0.6448 -0.0263 -0.7639
vn 0.1097 -0.0247 -0.9937
vn 0.0259 0.0378 -0.9989
vn -0.1774 -0.0878 -0.9802
vn -0.2681 -0.0819 -0.9599
vn -0.3636 -0.1199 -0.9238
vn -0.3733 -0.1288 -0.9187
vn -0.3821 -0.1316 -0.9147
vn -0.2565 -0.0999 -0.9614
vn -0.1177 -0.0438 -0.9921
vn -0.1174 -0.0431 -0.9921
vn -0.2664 -0.0876 -0.9599
vn -0.1383 -0.0469 -0.9893
vn -0.3367 -0.1133 -0.9348
vn -0.3542 -0.1206 -0.9274
vn -0.3524 -0.1190 -0.9283
vn -0.3527 -0.1313 -0.9265
vn -0.4233 -0.1405 -0.8950
vn -0.3365 -0.1112 -0.9351
vn -0.1378 -0.0467 -0.9894
vn -0.1390 -0.0441 -0.9893
vn -0.1567 -0.0567 -0.9860
vn -0.1327 -0.0562 -0.9896
vn -0.2564 -0.0950 -0.9619
vn -0.3660 -0.1319 -0.9212
vn -0.4321 -0.1535 -0.8887
vn -0.3466 -0.1366 -0.9280
vn -0.0892 0.1139 -0.9895
vn -0.0587 0.0356 -0.9976
vn -0.0220 0.0295 -0.9993
vn -0.3924 0.4235 -0.8165
vn -0.2655 0.2629 -0.9276
vn -0.5266 0.5007 -0.6870
vn -0.1124 0.1063 -0.9880
vn -0.1927 0.2630 -0.9454
vn -0.4364 0.5760 -0.6913
vn -0.3344 0.6229 -0.7073
vn 0.0516 0.0631 -0.9967
vn 0.0577 0.2386 -0.9694
vn 0.1983 0.3784 -0.9041
vn -0.0126 0.4775 -0.8785
vn -0.1965 0.3861 -0.9013
vn -0.2408 0.5867 -0.7732
vn -0.3432 0.5943 -0.7274
vn -0.4155 0.7377 -0.5321
vn -0.4075 0.8074 -0.4267
vn -0.3873 0.8717 -0.3003
vn -0.4060 0.8994 -0.1622
vn -0.3792 0.9239 -0.0513
vn -0.5141 0.8492 0.1206
vn -0.6482 0.7528 0.1147
vn -0.8581 0.4896 0.1547
vn -0.5876 0.8076 0.0500
vn -0.4983 0.8658 -0.0448
vn -0.7465 0.6634 -0.0523
vn -0.7588 0.6506 0.0293
vn -0.7245 0.6665 0.1760
vn -0.7859 0.6119 0.0892
vn -0.6820 0.7314 0.0040
vn -0.6262 0.7739 0.0946
vn -0.6184 0.7389 0.2675
vn -0.6348 0.7725 0.0140
vn -0.6034 0.7826 0.1533
vn -0.6104 0.6993 0.3721
vn -0.5505 0.7609 0.3434
vn -0.5481 0.8248 0.1390
vn -0.6852 0.7268 0.0470
vn -0.7220 0.6919 -0.0039
vn -0.5162 0.8553 0.0448
vn -0.6203 0.7783 -0.0972
vn -0.2552 0.9476 0.1921
vn -0.2813 0.9554 0.0898
vn -0.3428 0.9150 0.2127
vn -0.4176 0.8247 0.3814
vn -0.4943 0.7836 0.3763
vn -0.4682 0.8043 0.3660
vn -0.1989 0.9479 0.2490
vn -0.1148 0.9810 0.1567
vn -0.0010 0.9645 0.2639
vn 0.1917 0.8947 0.4034
vn 0.1516 0.9600 0.2354
vn 0.0595 0.9952 0.0774
vn 0.2740 0.9607 0.0442
vn -0.2728 0.9596 0.0693
vn -0.2997 0.9511 0.0754
vn -0.1758 0.9838 0.0346
vn 0.1405 0.9897 -0.0287
vn -0.3302 0.9358 -0.1237
vn -0.3666 0.9304 0.0052
vn -0.7903 0.5816 -0.1928
vn -0.6885 0.7229 -0.0582
vn -0.7274 0.6431 -0.2393
vn -0.7496 0.5438 -0.3774
vn -0.5718 0.6688 -0.4752
vn -0.5504 0.8121 -0.1938
vn -0.4021 0.7052 -0.5839
vn -0.3894 0.8801 -0.2717
vn -0.4891 0.4005 -0.7748
vn -0.0606 0.9980 -0.0200
vn -0.0722 0.9414 -0.3294
vn 0.0191 0.9997 -0.0179
vn -0.0685 0.9953 -0.0685
vn -0.5595 0.8108 -0.1722
vn -0.1278 0.9880 -0.0867
vn 0.0342 0.9984 -0.0441
vn 0.1142 0.9878 -0.1060
vn 0.2976 0.9452 -0.1340
vn 0.3802 0.9171 -0.1201
vn 0.1917 0.9812 0.0241
vn 0.1958 0.9639 0.1807
vn 0.3275 0.8686 0.3719
vn 0.3350 0.8034 0.4923
vn -0.0836 0.9123 0.4010
vn -0.3001 0.8522 0.4286
vn -0.4927 0.7854 0.3747
vn -0.4649 0.8640 0.1934
vn -0.2959 0.9281 0.2259
vn -0.4090 0.8267 0.3864
vn -0.6308 0.7075 0.3186
vn -0.7144 0.6690 0.2053
vn -0.7751 0.4766 0.4147
vn -0.8627 0.4741 0.1760
vn -0.6114 0.7734 0.1676
vn -0.3418 0.9269 0.1553
vn -0.6363 0.7109 0.2995
vn -0.4291 0.8477 0.3118
vn -0.2643 0.9344 0.2391
vn -0.4927 0.7293 0.4748
vn -0.5317 0.7317 0.4265
vn -0.1819 0.9390 0.2920
vn 0.1769 0.9216 0.3454
vn -0.0894 0.9713 0.2203
vn -0.0181 0.9330 0.3595
vn 0.1487 0.8469 0.5105
vn 0.3815 0.7810 0.4945
vn 0.5772 0.7013 0.4183
vn 0.3821 0.8303 0.4056
vn 0.2278 0.9010 0.3691
vn 0.3313 0.8214 0.4642
vn 0.4938 0.6747 0.5485
vn 0.4910 0.7301 0.4751
vn 0.4556 0.6604 0.5969
vn 0.4389 0.6727 0.5957
vn 0.5034 0.8006 0.3250
vn 0.4317 0.7649 0.4781
vn 0.3445 0.9011 0.2634
vn 0.3571 0.9135 0.1950
vn 0.2512 0.9351 0.2501
vn 0.2184 0.9627 0.1598
vn 0.4204 0.8805 0.2189
vn 0.3491 0.8687 0.3515
vn 0.1746 0.8776 0.4465
vn 0.1570 0.9618 0.2243
vn -0.0886 0.9710 0.2222
vn -0.1086 0.8768 0.4685
vn -0.2994 0.8622 0.4087
vn -0.4090 0.8398 0.3571
vn -0.3969 0.6918 0.6032
vn -0.5531 0.7123 0.4320
vn -0.4315 0.8751 0.2193
vn -0.2178 0.9589 0.1819
vn -0.6608 0.6980 0.2761
vn -0.6265 0.7137 0.3133
vn -0.3931 0.8017 0.4502
vn -0.1454 0.9688 0.2005
vn -0.3684 0.8035 0.4676
vn -0.2054 0.9317 0.2997
vn -0.0648 0.9936 0.0924
vn -0.0881 0.9948 0.0505
vn -0.0711 0.9968 0.0360
vn -0.2018 0.9649 0.1681
vn 0.0201 0.9987 0.0471
vn -0.0317 0.9913 0.1279
vn -0.5189 0.8281 0.2119
vn -0.2685 0.8861 0.3777
vn -0.2248 0.9668 0.1214
vn -0.4354 0.8706 0.2292
vn -0.5349 0.7461 0.3966
vn -0.7255 0.6328 0.2704
vn -0.5074 0.8395 0.1942
vn -0.5021 0.7961 0.3378
vn -0.3049 0.8909 0.3366
vn -0.5100 0.8035 0.3072
vn -0.6630 0.7263 0.1817
vn -0.4148 0.8801 0.2312
vn -0.1963 0.9678 0.1573
vn -0.5623 0.8236 0.0747
vn -0.2502 0.9632 0.0981
vn -0.2079 0.9767 0.0537
vn -0.4149 0.8922 0.1785
vn -0.5515 0.8189 0.1590
vn -0.6868 0.6270 0.3677
vn -0.8120 0.5422 0.2162
vn -0.7552 0.6119 0.2351
vn -0.7574 0.6499 0.0633
vn -0.7486 0.6629 0.0154
vn -0.4886 0.8684 0.0847
vn -0.4904 0.8711 0.0253
vn -0.7278 0.6855 0.0189
vn -0.5392 0.8257 0.1656
vn -0.7565 0.6397 0.1358
vn -0.6467 0.6826 0.3405
vn -0.3522 0.8895 0.2912
vn -0.1780 0.9818 0.0666
vn -0.3596 0.9300 0.0759
vn -0.5494 0.7721 0.3194
vn -0.2939 0.9528 0.0762
vn -0.2493 0.9672 0.0491
vn -0.0830 0.9953 0.0494
vn -0.2548 0.9613 0.1051
vn -0.2854 0.9472 0.1459
vn -0.4693 0.8395 0.2738
vn -0.7582 0.5987 0.2583
vn -0.6114 0.6680 0.4242
vn -0.8668 0.4868 0.1079
vn -0.7604 0.6479 0.0441
vn -0.4932 0.8642 0.0995
vn -0.2887 0.9566 0.0395
vn -0.4625 0.8837 0.0725
vn -0.4466 0.8760 0.1823
vn -0.2573 0.9644 0.0617
vn -0.6479 0.7121 0.2704
vn -0.5267 0.8321 0.1738
vn -0.5701 0.8107 0.1330
vn -0.4549 0.8760 0.1604
vn -0.1249 0.9876 0.0953
vn -0.1123 0.9787 0.1720
vn -0.1009 0.9376 0.3326
vn -0.4557 0.8315 0.3177
vn -0.7211 0.6829 0.1170
vn -0.8007 0.5809 0.1462
vn -0.6414 0.7468 0.1757
vn -0.5996 0.7090 0.3713
vn -0.5518 0.7680 0.3251
vn -0.6598 0.6535 0.3708
vn -0.6123 0.7560 0.2312
vn -0.3600 0.8915 0.2748
vn -0.7067 0.7044 0.0654
vn -0.7312 0.6819 0.0182
vn -0.6751 0.7163 0.1765
vn -0.4568 0.8852 0.0880
vn -0.5064 0.8620 0.0235
vn -0.7425 0.6696 0.0169
vn -0.3673 0.9295 0.0325
vn -0.2442 0.9560 0.1627
vn -0.6584 0.7259 0.1991
vn -0.5398 0.8391 0.0679
vn -0.6934 0.5931 0.4092
vn -0.4669 0.8370 0.2853
vn -0.6719 0.6727 0.3099
vn -0.7537 0.6545 0.0603
vn -0.7922 0.6056 0.0755
vn -0.5269 0.8492 0.0357
vn -0.4172 0.9008 0.1199
vn -0.2029 0.9775 0.0583
vn -0.3639 0.9291 0.0654
vn -0.2648 0.9592 0.0988
vn -0.4683 0.8625 0.1917
vn -0.2958 0.9506 0.0944
vn -0.4142 0.8285 0.3769
vn -0.2745 0.7490 0.6030
vn -0.5816 0.4269 0.6924
vn -0.2817 0.4525 0.8461
vn 0.0068 0.5638 0.8259
vn -0.1165 0.2302 0.9662
vn -0.4172 0.1224 0.9005
vn -0.6031 0.6272 0.4928
vn -0.5191 0.7819 0.3452
vn -0.4354 0.7725 0.4622
vn -0.5686 0.7785 0.2658
vn -0.5720 0.5697 0.5901
vn -0.5761 0.8074 0.1275
vn -0.6250 0.7793 0.0466
vn -0.6992 0.7149 0.0104
vn -0.7500 0.6614 0.0060
vn -0.5840 0.8115 0.0207
vn -0.6271 0.7758 0.0705
vn -0.7077 0.6242 0.3309
vn -0.3606 0.6645 0.6546
vn -0.5219 0.3869 0.7602
vn -0.2179 0.4745 0.8529
vn -0.2287 0.0744 0.9707
vn -0.0801 0.2133 0.9737
vn 0.0023 -0.0140 0.9999
vn -0.2220 0.2600 0.9397
vn -0.4220 0.4051 0.8111
vn -0.7765 0.3046 0.5516
vn -0.5789 0.2459 0.7775
vn -0.2740 0.0853 0.9579
vn -0.1062 0.2753 0.9555
vn -0.0192 -0.0097 0.9998
vn 0.0226 0.1558 0.9875
vn -0.2925 0.5268 0.7980
vn -0.2980 0.7170 0.6302
vn -0.5681 0.6910 0.4470
vn -0.6371 0.5658 0.5234
vn -0.2460 0.5629 0.7891
vn -0.9289 0.3285 0.1713
vn -0.8466 0.3919 0.3603
vn -0.6742 0.3117 0.6695
vn -0.5560 0.2241 0.8004
vn -0.9122 0.3890 0.1285
vn -0.1796 0.2255 0.9575
vn -0.2770 0.1156 0.9539
vn -0.4200 0.4893 0.7643
vn -0.6525 0.6844 0.3254
vn -0.5090 0.6495 0.5649
vn -0.6586 0.7310 0.1783
vn -0.4153 0.3652 0.8331
vn -0.7204 0.5788 0.3821
vn -0.7855 0.2448 0.5684
vn -0.9284 0.2449 0.2796
vn -0.9074 0.4095 0.0942
vn -0.5085 0.0878 0.8565
vn -0.3924 0.1151 0.9126
vn -0.1112 0.0914 0.9896
vn -0.8036 0.1206 0.5828
vn -0.8890 0.3038 0.3426
vn -0.0903 0.0732 0.9932
vn 0.0398 -0.0189 0.9990
vn 0.0442 -0.0173 0.9989
vn 0.0013 0.0092 1.0000
vn -0.0328 0.0747 0.9967
vn -0.2511 0.3203 0.9134
vn 0.0584 -0.0142 0.9982
vn -0.0722 0.0522 0.9960
vn 0.0084 -0.0323 0.9994
vn 0.0132 -0.0124 0.9998
vn 0.0248 -0.0240 0.9994
vn -0.0058 0.0033 1.0000
vn -0.0009 0.0075 1.0000
vn 0.0289 -0.0287 0.9992
vn -0.0040 0.0033 1.0000
vn -0.0168 0.7584 0.6516
vn -0.1758 0.9132 0.3677
vn -0.6135 0.7759 0.1472
vn -0.4949 0.7843 0.3741
vn -0.2514 0.8072 0.5341
vn -0.0425 0.7722 0.6339
vn 0.2767 0.8474 0.4532
vn 0.1569 0.8318 0.5325
vn -0.1319 0.8175 0.5606
vn 0.3518 0.8770 0.3273
vn 0.4955 0.7906 0.3599
vn 0.6756 0.6974 0.2392
vn 0.5215 0.8235 0.2234
vn 0.1904 0.9715 0.1415
vn -0.0264 0.9988 0.0413
vn -0.0638 0.9980 0.0019
vn -0.0735 0.9916 0.1064
vn -0.0115 0.9998 0.0137
vn 0.1002 0.9914 0.0844
vn 0.2946 0.9337 0.2034
vn 0.6985 0.6592 0.2787
vn 0.2648 0.9103 0.3181
vn 0.1523 0.9770 0.1495
vn 0.0322 0.9992 0.0216
vn 0.0722 0.9965 0.0417
vn 0.4804 0.6628 0.5744
vn 0.5112 0.7639 0.3938
vn 0.5109 0.5301 0.6768
vn 0.7157 0.5348 0.4492
vn 0.6190 0.6322 0.4660
vn 0.8285 0.5158 0.2182
vn 0.5884 0.7517 0.2979
vn 0.6981 0.7006 0.1480
vn 0.3817 0.9112 0.1553
vn 0.3199 0.9377 0.1355
vn 0.2609 0.9285 0.2643
vn 0.4943 0.6677 0.5567
vn 0.4686 0.6439 0.6049
vn 0.5296 0.6293 0.5688
vn 0.4195 0.8390 0.3465
vn 0.2478 0.9558 0.1584
vn 0.4770 0.8541 0.2074
vn 0.4154 0.8882 0.1964
vn 0.6495 0.6944 0.3097
vn 0.4824 0.7139 0.5076
vn 0.6589 0.7149 0.2341
vn 0.3455 0.8556 0.3855
vn 0.7565 0.5951 0.2713
vn 0.6459 0.6331 0.4266
vn 0.7992 0.5546 0.2318
vn 0.4671 0.7324 0.4954
vn 0.3979 0.7169 0.5725
vn 0.4713 0.8017 0.3676
vn 0.2678 0.9085 0.3209
vn 0.3582 0.9083 0.2162
vn 0.4262 0.8916 0.1530
vn 0.1510 0.9754 0.1605
vn 0.2801 0.8707 0.4043
vn 0.1032 0.9874 0.1202
vn 0.0907 0.9955 0.0288
vn 0.0341 0.9985 0.0420
vn 0.1915 0.9791 0.0678
vn 0.2386 0.9652 0.1070
vn 0.2046 0.9744 0.0933
vn 0.2261 0.9728 0.0499
vn 0.3163 0.9429 0.1044
vn 0.1284 0.9873 0.0935
vn 0.5629 0.7795 0.2749
vn 0.4413 0.8614 0.2516
vn 0.4954 0.7768 0.3888
vn 0.5579 0.7771 0.2913
vn 0.7764 0.6017 0.1878
vn 0.4037 0.8691 0.2858
vn 0.3682 0.9228 0.1131
vn 0.3722 0.9245 0.0822
vn 0.4869 0.8265 0.2826
vn 0.2187 0.8603 0.4605
vn 0.5084 0.6076 0.6102
vn 0.1964 0.2480 0.9486
vn 0.0509 0.3970 0.9164
vn 0.7030 0.6856 0.1890
vn 0.3861 0.4438 0.8087
vn 0.5649 0.7209 0.4015
vn 0.0995 0.6456 0.7572
vn 0.3273 0.8543 0.4038
vn 0.6290 0.7734 0.0789
vn 0.2821 0.9535 0.1064
vn 0.5243 0.8484 0.0736
vn 0.0514 0.9971 0.0563
vn 0.7763 0.6286 0.0462
vn 0.7029 0.7083 0.0650
vn 0.0002 0.8480 0.5300
vn -0.0189 0.5884 0.8083
vn -0.0001 0.8549 0.5188
vn 0.0484 0.9642 0.2608
vn 0.0522 0.9612 0.2709
vn -0.0330 0.2639 0.9640
vn 0.0676 0.2910 0.9543
vn 0.0153 0.7250 0.6886
vn 0.1551 0.9093 0.3861
vn 0.0108 0.4039 0.9147
vn 0.0093 0.6662 0.7457
vn 0.0090 0.1385 0.9903
vn 0.0200 -0.0121 0.9997
vn -0.2481 0.4026 0.8811
vn -0.5231 0.4767 0.7065
vn -0.6144 0.7243 0.3128
vn -0.6214 0.7816 0.0548
vn -0.5724 0.7616 0.3037
vn -0.5258 0.6214 0.5808
vn -0.8624 0.4892 0.1303
vn -0.7328 0.6719 0.1074
vn -0.6743 0.7365 0.0531
vn -0.6251 0.7589 0.1826
vn -0.6870 0.5966 0.4149
vn -0.7155 0.5055 0.4822
vn -0.6117 0.7003 0.3678
vn -0.8373 0.4475 0.3142
vn -0.7557 0.6107 0.2368
vn -0.9036 0.4066 0.1344
vn -0.8910 0.3939 0.2256
vn -0.9800 0.1846 0.0746
vn -0.9714 0.2266 0.0717
vn -0.8710 0.4815 0.0973
vn -0.8290 0.5448 0.1264
vn -0.6255 0.7722 0.1116
vn -0.3434 0.5079 0.7900
vn -0.4344 0.2783 0.8566
vn -0.1519 0.2358 0.9599
vn -0.0404 0.0381 0.9985
vn -0.3241 0.1158 0.9389
vn -0.7861 0.2797 0.5512
vn -0.7671 0.5081 0.3916
vn -0.9283 0.2907 0.2318
vn -0.9563 0.2825 0.0754
vn -0.6355 0.1014 0.7655
vn -0.0083 0.0024 1.0000
vn -0.0095 0.0020 1.0000
vn 0.0645 -0.0192 0.9977
vn -0.9706 0.0618 0.2326
vn -0.8587 0.0177 0.5122
vn -0.9725 -0.0123 0.2326
vn -0.8693 0.0231 0.4938
vn -0.6122 0.0035 0.7907
vn -0.3526 -0.0181 0.9356
vn -0.0381 -0.0063 0.9993
vn 0.0098 0.0011 1.0000
vn 0.0931 -0.0013 0.9957
vn -0.9544 0.1015 0.2809
vn -0.9554 0.1899 0.2263
vn -0.8966 0.2778 0.3450
vn -0.7589 0.0531 0.6490
vn -0.1891 -0.0011 0.9820
vn 0.0241 0.0034 0.9997
vn -0.8759 0.2118 0.4334
vn -0.7957 0.1903 0.5751
vn -0.7375 -0.0587 0.6728
vn -0.7717 0.0325 0.6351
vn -0.7572 0.4003 0.5161
vn -0.7657 0.3604 0.5327
vn -0.7408 0.4596 0.4899
vn -0.8141 0.3960 0.4249
vn -0.7816 0.4508 0.4311
vn -0.6971 0.5330 0.4795
vn -0.8803 0.2816 0.3817
vn -0.9411 0.2585 0.2180
vn -0.8415 0.4275 0.3303
vn -0.9513 0.2569 0.1705
vn -0.8201 0.4907 0.2945
vn -0.6619 0.6314 0.4039
vn -0.6736 0.6176 0.4060
vn -0.6938 0.6040 0.3922
vn -0.7669 0.5716 0.2920
vn -0.9812 0.1675 0.0956
vn -0.8717 0.4293 0.2362
vn -0.9722 0.2087 0.1064
vn -0.9975 0.0657 0.0259
vn -0.9954 -0.0221 0.0928
vn -0.9967 0.0742 0.0322
vn -0.9913 0.1290 0.0278
vn -0.9958 0.0897 0.0200
vn -0.9798 0.1753 0.0968
vn -0.9936 0.0941 0.0617
vn -0.9824 0.1732 0.0706
vn -0.9751 0.2093 0.0730
vn -0.8814 0.4514 0.1391
vn -0.7563 0.5740 0.3140
vn -0.6574 0.7456 0.1090
vn -0.8114 0.3945 0.4313
vn -0.9431 0.2505 0.2188
vn -0.8731 0.4629 0.1530
vn -0.7031 0.7018 0.1148
vn -0.6253 0.7680 0.1380
vn -0.7122 0.6073 0.3521
vn -0.5368 0.7853 0.3085
vn -0.7900 0.5654 0.2370
vn -0.8621 0.5028 0.0633
vn -0.9585 0.2712 0.0878
vn -0.8586 0.4659 0.2138
vn -0.9608 0.2755 0.0315
vn -0.6991 0.7129 0.0556
vn -0.7675 0.5961 0.2357
vn -0.7381 0.6288 0.2446
vn -0.8467 0.5034 0.1724
vn -0.9108 0.2841 0.2994
vn -0.6729 0.7386 0.0395
vn -0.8598 0.5082 0.0494
vn -0.9064 0.4213 0.0320
vn -0.8229 0.5669 0.0373
vn -0.9284 0.3705 0.0264
vn -0.9788 0.1915 0.0723
vn -0.7963 0.5942 0.1133
vn -0.5347 0.8194 0.2065
vn -0.6570 0.7534 0.0273
vn -0.8707 0.4900 0.0415
vn -0.6947 0.7155 0.0747
vn -0.7600 0.6497 0.0161
vn -0.8249 0.5653 0.0049
vn -0.8108 0.5835 0.0461
vn -0.8947 0.4379 0.0883
vn -0.6856 0.7234 0.0817
vn -0.7755 0.5987 0.2004
vn -0.6524 0.7579 0.0027
vn -0.6584 0.7517 0.0373
vn -0.6321 0.7435 0.2186
vn -0.8008 0.5174 0.3017
vn -0.8394 0.5140 0.1763
vn -0.6873 0.4946 0.5320
vn -0.9044 0.4143 0.1024
vn -0.9224 0.3675 0.1192
vn -0.7864 0.6078 0.1098
vn -0.7770 0.6283 0.0387
vn -0.8041 0.5354 0.2586
vn -0.7786 0.4496 0.4378
vn -0.8886 0.3459 0.3014
vn -0.7379 0.6047 0.2998
vn -0.9262 0.2293 0.2992
vn -0.8060 0.5033 0.3115
vn -0.8653 0.4533 0.2139
vn -0.9478 0.3067 0.0877
vn -0.9749 0.2070 0.0821
vn -0.9515 0.2910 0.0995
vn -0.9029 0.4140 0.1156
vn -0.9469 0.3149 0.0649
vn -0.8492 0.5259 0.0476
vn -0.9882 0.1252 0.0881
vn -0.7576 0.6485 0.0740
vn -0.7180 0.6939 0.0541
vn -0.6761 0.7351 0.0511
vn -0.9256 0.3669 0.0930
vn -0.9774 0.1546 0.1446
vn -0.6262 0.7575 0.1844
vn -0.9795 0.1630 0.1186
vn -0.9685 0.2397 0.0672
vn -0.9150 0.3137 0.2538
vn -0.9856 0.1415 0.0927
vn -0.9620 0.2671 0.0564
vn -0.7509 0.5264 0.3987
vn -0.9398 0.2972 0.1686
vn -0.6623 0.7289 0.1732
vn -0.5493 0.8196 0.1628
vn -0.6107 0.6910 0.3868
vn -0.8104 0.4786 0.3380
vn -0.9228 0.2987 0.2433
vn -0.9179 0.3413 0.2023
vn -0.7368 0.6015 0.3089
vn -0.7236 0.6025 0.3367
vn -0.7813 0.4616 0.4201
vn -0.7948 0.5567 0.2416
vn -0.8646 0.3829 0.3254
vn -0.8040 0.5681 0.1759
vn -0.8733 0.4421 0.2044
vn -0.9412 0.2942 0.1664
vn -0.8997 0.4273 0.0889
vn -0.9698 0.1845 0.1594
vn -0.9067 0.4127 0.0871
vn -0.8243 0.5661 0.0081
vn -0.6614 0.7485 0.0467
vn -0.8917 0.4462 0.0761
vn -0.8566 0.5105 0.0753
vn -0.6235 0.7817 0.0181
vn -0.8735 0.3353 0.3530
vn -0.7411 0.6558 0.1442
vn -0.6849 0.7011 0.1984
vn -0.7094 0.7044 0.0240
vn -0.9487 0.3007 0.0973
vn -0.5889 0.7984 0.1251
vn -0.6518 0.6353 0.4142
vn -0.5890 0.7100 0.3860
vn -0.8915 0.3842 0.2401
vn -0.8860 0.4372 0.1546
vn -0.9667 0.2317 0.1084
vn -0.9108 0.4075 0.0666
vn -0.8995 0.3856 0.2052
vn -0.9312 0.3196 0.1751
vn -0.8609 0.4116 0.2991
vn -0.6681 0.5377 0.5142
vn -0.7587 0.5724 0.3112
vn -0.7304 0.4587 0.5061
vn -0.6122 0.6939 0.3791
vn -0.6959 0.7118 0.0950
vn -0.5837 0.8110 0.0396
vn -0.5425 0.8357 0.0852
vn -0.7662 0.6326 0.1131
vn -0.8719 0.4771 0.1102
vn -0.8905 0.4523 0.0505
vn -0.8992 0.4314 0.0731
vn -0.8708 0.4901 0.0401
vn -0.8931 0.3781 0.2437
vn -0.9135 0.3279 0.2407
vn -0.9378 0.1914 0.2896
vn -0.8996 0.3724 0.2279
vn -0.8254 0.4619 0.3246
vn -0.7342 0.4636 0.4960
vn -0.6707 0.6721 0.3137
vn -0.6754 0.5228 0.5201
vn -0.8659 0.3924 0.3102
vn -0.7397 0.6065 0.2915
vn -0.7103 0.5055 0.4898
vn -0.6997 0.5685 0.4327
vn -0.6478 0.6789 0.3455
vn -0.6326 0.7318 0.2537
vn -0.6440 0.7438 0.1793
vn -0.5969 0.6926 0.4050
vn -0.4905 0.8218 0.2901
vn -0.6894 0.6971 0.1971
vn -0.6082 0.7934 0.0223
vn -0.6287 0.7776 0.0017
vn -0.7479 0.6611 0.0593
vn -0.7513 0.6579 0.0510
vn -0.7616 0.6330 0.1387
vn -0.7329 0.6800 0.0218
vn -0.8158 0.5782 -0.0055
vn -0.5398 0.8394 0.0641
vn -0.5398 0.8231 0.1761
vn -0.4225 0.8920 0.1604
vn -0.5087 0.8600 0.0413
vn -0.2760 0.9210 0.2751
vn -0.6515 0.7340 0.1919
vn -0.3109 0.9173 0.2490
vn -0.2487 0.8454 0.4728
vn -0.5166 0.7318 0.4444
vn -0.7294 0.6416 0.2375
vn -0.4909 0.7616 0.4231
vn -0.6093 0.7033 0.3662
vn -0.7107 0.7020 0.0464
vn -0.5356 0.8445 -0.0048
vn -0.7916 0.6108 0.0168
vn -0.7921 0.6093 0.0353
vn -0.7540 0.6510 0.0877
vn -0.7371 0.6250 0.2570
vn -0.7115 0.5443 0.4445
vn -0.6486 0.6470 0.4009
vn -0.7284 0.6304 0.2683
vn -0.6154 0.7824 0.0959
vn -0.7704 0.6354 0.0529
vn -0.7028 0.7079 0.0702
vn -0.7234 0.6279 0.2872
vn -0.6091 0.7512 0.2545
vn -0.6626 0.7338 0.1499
vn -0.6520 0.6702 0.3546
vn -0.4988 0.7336 0.4615
vn -0.2534 0.8439 0.4729
vn -0.3541 0.8626 0.3613
vn -0.4445 0.8854 0.1362
vn -0.5482 0.8209 0.1602
vn -0.5212 0.8530 0.0278
vn -0.4803 0.8770 0.0104
vn -0.7761 0.6306 -0.0011
vn -0.8175 0.5751 0.0318
vn -0.7663 0.6418 0.0297
vn -0.6658 0.7410 0.0876
vn -0.6179 0.7492 0.2385
vn -0.4356 0.8855 0.1620
vn -0.3800 0.9232 0.0580
vn -0.5505 0.8344 0.0259
vn -0.8191 0.5594 0.1271
vn -0.6527 0.7538 0.0757
vn -0.5265 0.8356 0.1567
vn -0.3325 0.9412 0.0597
vn -0.6986 0.6438 0.3122
vn -0.3045 0.9388 0.1611
vn -0.5088 0.7670 0.3910
vn -0.5950 0.6188 0.5129
vn -0.4862 0.8496 0.2046
vn -0.6600 0.6952 0.2848
vn -0.7624 0.6374 0.1117
vn -0.7986 0.6016 0.0170
vn -0.5737 0.8173 0.0542
vn -0.2765 0.9549 0.1083
vn -0.1559 0.9867 0.0469
vn -0.2646 0.9368 0.2289
vn -0.3265 0.8348 0.4432
vn -0.5272 0.7170 0.4560
vn -0.1630 0.9724 0.1671
vn -0.6113 0.7058 0.3581
vn -0.5348 0.7793 0.3267
vn -0.6106 0.7578 0.2303
vn -0.5079 0.7476 0.4279
vn -0.5518 0.6511 0.5212
vn -0.4738 0.8342 0.2822
vn -0.6752 0.7306 0.1013
vn -0.4430 0.8920 0.0900
vn -0.2803 0.9534 0.1113
vn -0.3433 0.9366 0.0696
vn -0.5325 0.7953 0.2897
vn -0.3414 0.9109 0.2316
vn -0.2970 0.9519 0.0751
vn -0.5662 0.8176 0.1046
vn -0.4835 0.8737 0.0526
vn -0.6745 0.7323 0.0940
vn -0.5924 0.8049 0.0337
vn -0.7654 0.6433 0.0160
vn -0.8408 0.5332 0.0939
vn -0.7537 0.6569 0.0209
vn -0.7204 0.6832 0.1190
vn -0.4383 0.8921 0.1099
vn -0.4076 0.9115 0.0551
vn -0.7885 0.6144 0.0268
vn -0.7404 0.6719 0.0207
vn -0.6501 0.7597 0.0128
vn -0.6258 0.7798 0.0165
vn -0.8151 0.5716 0.0949
vn -0.6926 0.7204 0.0371
vn -0.4839 0.8747 0.0268
vn -0.4763 0.8564 0.1994
vn -0.5754 0.8096 0.1160
vn -0.6971 0.6399 0.3235
vn -0.6713 0.7110 0.2094
vn -0.5730 0.7154 0.3997
vn -0.4408 0.8054 0.3962
vn -0.5647 0.7285 0.3878
vn -0.5655 0.6823 0.4633
vn -0.6784 0.6918 0.2474
vn -0.6221 0.6649 0.4134
vn -0.6185 0.6983 0.3603
vn -0.6965 0.7003 0.1564
vn -0.6968 0.7119 0.0871
vn -0.4845 0.8345 0.2624
vn -0.7027 0.7009 0.1222
vn -0.7220 0.6757 0.1486
vn -0.4419 0.8749 0.1983
vn -0.5187 0.8466 0.1191
vn -0.5458 0.8105 0.2126
vn -0.7492 0.6259 0.2166
vn -0.6913 0.6286 0.3563
vn -0.4797 0.8510 0.2139
vn -0.7396 0.6156 0.2721
vn -0.5731 0.7222 0.3873
vn -0.6703 0.5529 0.4950
vn -0.5858 0.6768 0.4458
vn -0.6642 0.6919 0.2830
vn -0.7729 0.5906 0.2319
vn -0.6627 0.5426 0.5161
vn -0.5429 0.6742 0.5007
vn -0.6095 0.6323 0.4783
vn -0.8309 0.4640 0.3071
vn -0.8530 0.5155 0.0812
vn -0.6895 0.6922 0.2132
vn -0.7365 0.6459 0.2009
vn -0.7785 0.6252 0.0547
vn -0.6659 0.6392 0.3848
vn -0.6064 0.7434 0.2822
vn -0.6503 0.5958 0.4714
vn -0.6558 0.6945 0.2960
vn -0.7903 0.4561 0.4092
vn -0.6215 0.6542 0.4310
vn -0.7134 0.5573 0.4248
vn -0.5797 0.5019 0.6419
vn -0.6329 0.6190 0.4651
vn -0.8635 0.4378 0.2504
vn -0.6226 0.7463 0.2352
vn -0.6865 0.6804 0.2565
vn -0.6853 0.6965 0.2126
vn -0.8276 0.4525 0.3320
vn -0.8600 0.4712 0.1959
vn -0.7636 0.5672 0.3085
vn -0.7988 0.5444 0.2561
vn -0.7056 0.5359 0.4636
vn -0.6165 0.6149 0.4917
vn -0.7578 0.5892 0.2803
vn -0.6588 0.4592 0.5959
vn -0.6829 0.5786 0.4459
vn -0.8524 0.3190 0.4142
vn -0.6509 0.7484 0.1271
vn -0.7865 0.6145 0.0612
vn -0.4821 0.8681 0.1184
vn -0.8328 0.5452 0.0959
vn -0.6559 0.7535 0.0443
vn -0.6452 0.7598 0.0797
vn -0.8125 0.5490 0.1958
vn -0.5452 0.8126 0.2061
vn -0.6597 0.7437 0.1080
vn -0.7498 0.6499 0.1241
vn -0.8379 0.5217 0.1603
vn -0.4775 0.8205 0.3144
vn -0.6398 0.7589 0.1215
vn -0.7112 0.7003 0.0616
vn -0.5124 0.8574 0.0485
vn -0.8026 0.5360 0.2617
vn -0.6767 0.6938 0.2464
vn -0.7196 0.5690 0.3979
vn -0.7182 0.6054 0.3431
vn -0.7399 0.6261 0.2461
vn -0.6112 0.7218 0.3247
vn -0.8439 0.4857 0.2278
vn -0.9518 0.2663 0.1523
vn -0.8521 0.4973 0.1631
vn -0.8677 0.4780 0.1361
vn -0.9495 0.2946 0.1080
vn -0.7157 0.6271 0.3073
vn -0.9217 0.3376 0.1911
vn -0.7320 0.5154 0.4457
vn -0.8689 0.3549 0.3450
vn -0.9281 0.3472 0.1345
vn -0.9332 0.2499 0.2583
vn -0.9594 0.1963 0.2024
vn -0.9080 0.3577 0.2183
vn -0.7021 0.4838 0.5225
vn -0.6228 0.7203 0.3053
vn -0.6921 0.4877 0.5321
vn -0.7394 0.5914 0.3216
vn -0.8619 0.2847 0.4197
vn -0.8436 0.4977 0.2016
vn -0.9340 0.2557 0.2497
vn -0.9783 0.2063 0.0194
vn -0.6974 0.7150 0.0491
vn -0.9797 0.1233 0.1579
vn -0.9040 0.3887 0.1779
vn -0.7897 0.3619 0.4953
vn -0.8608 0.2955 0.4144
vn -0.6602 0.6729 0.3336
vn -0.7254 0.6682 0.1653
vn -0.9435 0.3165 0.0981
vn -0.9545 0.2023 0.2189
vn -0.7687 0.5597 0.3096
vn -0.8002 0.3959 0.4505
vn -0.7258 0.6063 0.3251
vn -0.6230 0.7577 0.1941
vn -0.5648 0.7651 0.3092
vn -0.7023 0.5414 0.4621
vn -0.7581 0.4877 0.4330
vn -0.7639 0.5915 0.2581
vn -0.8654 0.4364 0.2464
vn -0.8457 0.4747 0.2438
vn -0.8788 0.4395 0.1857
vn -0.8445 0.4358 0.3112
vn -0.6747 0.5626 0.4778
vn -0.7974 0.5210 0.3045
vn -0.4755 0.7927 0.3815
vn -0.7062 0.5664 0.4248
vn -0.9023 0.3681 0.2246
vn -0.9499 0.2807 0.1372
vn -0.6356 0.7329 0.2428
vn -0.8376 0.4824 0.2563
vn -0.6843 0.6521 0.3263
vn -0.6522 0.6496 0.3907
vn -0.9147 0.3465 0.2079
vn -0.9618 0.2392 0.1330
vn -0.9863 0.1456 0.0772
vn -0.9929 0.1118 0.0417
vn -0.9962 0.0814 0.0319
vn -0.9591 0.2566 0.1195
vn -0.9950 0.0837 0.0553
vn -0.9996 0.0275 0.0031
vn -0.9927 0.1067 0.0561
vn -0.9999 0.0113 0.0037
vn -0.9874 0.1153 0.1082
vn -0.9952 0.0394 0.0895
vn -0.9627 0.1263 0.2393
vn -0.8551 0.1464 0.4973
vn -0.9927 -0.0553 0.1071
vn -0.9449 -0.1546 0.2886
vn -0.9097 -0.0751 0.4084
vn -0.7688 -0.3748 0.5181
vn -0.7808 -0.0147 0.6246
vn -0.7780 -0.2186 0.5890
vn -0.6050 0.0064 0.7962
vn -0.3047 0.0330 0.9519
vn -0.0174 0.0169 0.9997
vn -0.8754 -0.2343 0.4228
vn -0.9439 -0.0698 0.3228
vn -0.8449 -0.0321 0.5340
vn -0.7881 -0.3914 0.4751
vn -0.7001 -0.5117 0.4979
vn -0.7857 -0.2065 0.5831
vn -0.6259 -0.5041 0.5951
vn -0.6967 -0.3754 0.6113
vn -0.8477 -0.3799 0.3703
vn -0.7196 -0.4617 0.5187
vn -0.6194 -0.6722 0.4055
vn -0.6262 -0.6468 0.4354
vn -0.8505 -0.3059 0.4279
vn -0.9621 -0.1256 0.2421
vn -0.9908 -0.0256 0.1327
vn -0.8640 0.0195 0.5031
vn -0.6141 -0.0040 0.7892
vn -0.9643 -0.0038 0.2649
vn -0.3813 -0.1302 0.9152
vn -0.9947 -0.0195 0.1014
vn -0.9883 -0.1138 0.1019
vn -0.9968 -0.0488 0.0632
vn -0.8597 -0.4382 0.2625
vn -0.7592 -0.4595 0.4609
vn -0.5266 -0.6756 0.5159
vn -0.5973 -0.4350 0.6738
vn -0.8052 -0.4683 0.3639
vn -0.7378 -0.4660 0.4884
vn -0.9664 -0.2285 0.1181
vn -0.8615 -0.4131 0.2953
vn -0.9494 -0.2484 0.1920
vn -0.9975 -0.0669 0.0228
vn -0.9613 -0.1825 0.2062
vn -0.9994 -0.0140 0.0319
vn -0.9998 0.0051 -0.0190
vn -0.9994 -0.0027 0.0345
vn -0.9991 -0.0233 0.0347
vn -0.9967 0.0248 0.0773
vn -0.9923 -0.0485 0.1136
vn -0.9489 -0.3024 0.0898
vn -0.9561 -0.2769 0.0962
vn -0.9984 -0.0557 0.0073
vn -1.0000 0.0050 -0.0001
vn -0.9998 0.0004 0.0177
vn -0.7238 0.1371 0.6762
vn -0.6762 0.2005 0.7090
vn -0.6641 0.0228 0.7473
vn -0.7538 0.3589 0.5505
vn -0.9055 0.1036 0.4115
vn -0.9535 0.2086 0.2176
vn -0.7535 0.4792 0.4501
vn -0.6766 0.4747 0.5629
vn -0.7073 0.5131 0.4862
vn -0.8985 0.2651 0.3500
vn -0.8857 0.3577 0.2959
vn -0.9708 0.1572 0.1813
vn -0.9612 0.2286 0.1546
vn -0.9959 0.0679 0.0596
vn -0.9957 0.0806 0.0464
vn -0.9997 0.0253 0.0064
vn -0.9647 0.2095 0.1595
vn -0.8547 0.4066 0.3229
vn -0.8505 0.4084 0.3313
vn -0.6431 0.6103 0.4625
vn -0.7033 0.5389 0.4635
vn -0.7333 0.6080 0.3043
vn -0.7328 0.6104 0.3008
vn -0.7827 0.4146 0.4642
vn -0.7428 0.5059 0.4386
vn -0.9337 0.1898 0.3035
vn -0.8714 0.4060 0.2753
vn -0.9695 0.2078 0.1297
vn -0.9423 0.2872 0.1721
vn -0.9797 0.1928 0.0542
vn -0.8208 0.5518 0.1477
vn -0.9606 0.2659 0.0805
vn -0.7992 0.5952 0.0838
vn -0.9451 0.2640 0.1924
vn -0.6250 0.6416 0.4446
vn -0.8748 0.3912 0.2857
vn -0.8004 0.4003 0.4462
vn -0.9674 0.2111 0.1399
vn -0.9806 0.0723 0.1822
vn -0.8666 -0.0275 0.4982
vn -0.6912 0.5673 0.4478
vn -0.7182 0.6918 0.0750
vn -0.8864 0.3952 0.2409
vn -0.9170 0.3905 0.0807
vn -0.9687 0.2466 0.0272
vn -0.9790 0.2022 0.0267
vn -0.8766 0.4796 0.0406
vn -0.6250 0.7785 0.0583
vn -0.6549 0.7105 0.2575
vn -0.5492 0.8320 0.0781
vn -0.7270 0.5050 0.4653
vn -0.9195 0.3459 0.1865
vn -0.7677 0.5763 0.2802
vn -0.8162 0.4926 0.3020
vn -0.9382 0.3042 0.1649
vn -0.7195 0.6661 0.1964
vn -0.8815 0.3806 0.2795
vn -0.8151 0.5608 0.1450
vn -0.6890 0.7183 0.0968
vn -0.6882 0.7186 0.0995
vn -0.5615 0.7921 0.2395
vn -0.8374 0.5110 0.1940
vn -0.6569 0.6454 0.3897
vn -0.7090 0.6681 0.2258
vn -0.7965 0.5263 0.2977
vn -0.6841 0.5939 0.4234
vn -0.7029 0.6323 0.3258
vn -0.6232 0.7477 0.2294
vn -0.8440 0.4880 0.2228
vn -0.9321 0.3056 0.1943
vn -0.8915 0.3390 0.3005
vn -0.9020 0.3517 0.2504
vn -0.9543 0.2291 0.1917
vn -0.8853 0.4224 0.1944
vn -0.9668 0.2195 0.1311
vn -0.9668 0.1759 0.1855
vn -0.9904 0.1067 0.0876
vn -0.9732 0.2002 0.1127
vn -0.9915 0.1108 0.0689
vn -0.8831 0.4107 0.2271
vn -0.9140 0.3792 0.1441
vn -0.8280 0.4804 0.2892
vn -0.6317 0.6641 0.3998
vn -0.7232 0.5063 0.4697
vn -0.7174 0.6413 0.2721
vn -0.7687 0.6104 0.1909
vn -0.8008 0.4780 0.3609
vn -0.6418 0.6908 0.3328
vn -0.5396 0.8080 0.2365
vn -0.7330 0.5615 0.3840
vn -0.7432 0.4748 0.4713
vn -0.8449 0.3113 0.4350
vn -0.6721 0.6539 0.3475
vn -0.6489 0.7406 0.1744
vn -0.7131 0.6818 0.1632
vn -0.8220 0.3730 0.4303
vn -0.6938 0.5949 0.4058
vn -0.5190 0.8088 0.2766
vn -0.9403 0.2908 0.1769
vn -0.9972 0.0464 0.0579
vn -0.9996 0.0137 0.0262
vn -0.9204 0.2589 0.2931
vn -0.7652 0.3236 0.5566
vn -0.9302 0.0933 0.3550
vn -0.9822 0.1058 0.1549
vn -0.7342 0.1790 0.6549
vn -0.8137 0.3270 0.4806
vn -0.7915 0.0490 0.6093
vn -0.8074 0.0970 0.5820
vn -0.8589 -0.0346 0.5110
vn -0.8312 -0.0965 0.5475
vn -0.9147 0.0677 0.3984
vn -0.9803 0.0368 0.1942
vn -0.9387 0.2064 0.2761
vn -0.7896 0.3974 0.4676
vn -0.8551 0.3557 0.3773
vn -0.7984 0.5120 0.3169
vn -0.8263 0.4247 0.3699
vn -0.7783 0.5191 0.3533
vn -0.9788 0.1624 0.1250
vn -0.9986 0.0126 0.0512
vn -0.9987 0.0264 0.0442
vn -0.9949 0.0591 0.0819
vn -0.9902 0.0206 0.1380
vn -0.9720 0.0025 0.2350
vn -0.9996 -0.0187 0.0222
vn -0.9928 -0.0527 0.1074
vn -0.9603 -0.1142 0.2544
vn -0.8780 -0.2147 0.4279
vn -0.8408 -0.2975 0.4523
vn -0.7603 -0.3998 0.5119
vn -0.9991 -0.0326 0.0280
vn -0.9784 -0.0713 0.1938
vn -0.8922 -0.1168 0.4364
vn -0.8352 -0.3414 0.4312
vn -0.9485 -0.2090 0.2379
vn -0.7473 -0.3923 0.5364
vn -0.8755 -0.3490 0.3341
vn -0.9795 -0.1586 0.1241
vn -0.8995 -0.3041 0.3137
vn -0.7467 -0.4929 0.4466
vn -0.8498 -0.2965 0.4357
vn -0.8691 -0.2896 0.4010
vn -0.9546 -0.2056 0.2156
vn -0.9776 -0.0781 0.1956
vn -0.9950 -0.0594 0.0804
vn -1.0000 0.0033 0.0057
vn -0.9946 -0.0012 0.1040
vn -0.9998 -0.0081 0.0193
vn -0.9930 0.0027 0.1178
vn -0.9632 0.0092 0.2688
vn -0.8392 0.1965 0.5071
vn -0.9832 0.0287 0.1800
vn -0.8574 0.0136 0.5144
vn -0.6961 -0.0726 0.7143
vn -0.8866 -0.1734 0.4288
vn -0.7462 -0.1109 0.6564
vn -0.8066 -0.2501 0.5355
vn -0.7658 -0.3319 0.5508
vn -0.6374 -0.5232 0.5656
vn -0.7535 -0.4948 0.4330
vn -0.9435 -0.1813 0.2775
vn -0.8569 -0.3638 0.3651
vn -0.6370 -0.4773 0.6053
vn -0.6850 -0.5364 0.4929
vn -0.7727 -0.3679 0.5173
vn -0.7819 -0.3934 0.4836
vn -0.9572 -0.2110 0.1979
vn -0.9254 -0.2403 0.2930
vn -0.9562 -0.0189 0.2922
vn -0.9928 -0.0788 0.0901
vn -0.7693 -0.4540 0.4495
vn -0.9907 -0.1127 0.0757
vn -0.9405 -0.2216 0.2575
vn -0.5677 -0.7168 0.4049
vn -0.9980 -0.0576 0.0256
vn -0.9746 -0.2117 0.0732
vn -0.8308 -0.5429 0.1225
vn -0.8888 -0.4361 0.1411
vn -0.8754 -0.4265 0.2276
vn -0.8044 -0.5355 0.2574
vn -0.5623 -0.8207 0.1015
vn -0.8256 -0.5489 0.1302
vn -0.4481 -0.8108 0.3766
vn -0.7143 -0.6206 0.3234
vn -0.6178 -0.7855 0.0364
vn -0.6474 -0.6812 0.3417
vn -0.7857 -0.5734 0.2320
vn -0.8962 -0.4167 0.1526
vn -0.7576 -0.5224 0.3914
vn -0.8885 -0.1648 0.4283
vn -0.9611 -0.1729 0.2155
vn -0.6066 -0.7664 0.2111
vn -0.8779 -0.4759 0.0540
vn -0.9891 -0.1458 0.0196
vn -0.9936 -0.1123 0.0139
vn -0.9276 -0.1980 0.3168
vn -0.7789 -0.1970 0.5955
vn -0.0972 -0.1789 0.9791
vn 0.0075 -0.0244 0.9997
vn -0.1892 -0.2814 0.9408
vn -0.4135 -0.4906 0.7671
vn -0.6363 -0.5714 0.5183
vn -0.9609 -0.2218 0.1660
vn -0.9581 -0.2770 0.0730
vn -0.8604 -0.4400 0.2571
vn -0.3239 -0.6469 0.6903
vn -0.5426 -0.3224 0.7757
vn -0.2421 -0.0048 0.9702
vn -0.5807 -0.0579 0.8121
vn -0.5342 -0.4887 0.6898
vn -0.7918 -0.1667 0.5876
vn -0.4581 -0.6407 0.6162
vn -0.6879 -0.5646 0.4561
vn -0.8866 -0.4428 0.1337
vn -0.8797 -0.4751 0.0215
vn -0.9741 -0.2256 0.0129
vn -0.8602 -0.5066 0.0593
vn -0.9710 -0.2369 0.0310
vn -0.6884 -0.5021 0.5235
vn -0.7926 -0.4406 0.4214
vn -0.8111 -0.5016 0.3008
vn -0.6668 -0.6793 0.3065
vn -0.7499 -0.6496 0.1252
vn -0.6754 -0.7081 0.2060
vn -0.7496 -0.5547 0.3611
vn -0.4740 -0.7649 0.4361
vn -0.9663 -0.2342 0.1064
vn -0.8578 -0.4166 0.3010
vn -0.9929 -0.0838 0.0844
vn -0.9523 -0.1391 0.2715
vn -0.7711 -0.2365 0.5912
vn -0.5500 -0.7088 0.4418
vn -0.6473 -0.5006 0.5748
vn -0.8225 -0.4379 0.3629
vn -0.9519 -0.2507 0.1762
vn -0.9597 -0.2171 0.1785
vn -0.9864 -0.1062 0.1253
vn -0.9999 -0.0107 0.0040
vn -0.9947 -0.0864 0.0555
vn -0.8694 -0.4226 0.2562
vn -0.7503 -0.4805 0.4541
vn -0.9670 -0.2328 0.1031
vn -0.8552 -0.4638 0.2312
vn -0.9011 -0.3778 0.2129
vn -0.8740 -0.4503 0.1824
vn -0.9830 -0.1492 0.1073
vn -0.9933 -0.0793 0.0839
vn -0.9898 -0.1182 0.0797
vn -0.9943 -0.0722 0.0781
vn -0.8002 -0.4634 0.3807
vn -0.6470 -0.6618 0.3787
vn -0.6093 -0.6643 0.4329
vn -0.9825 -0.1316 0.1315
vn -0.9993 -0.0128 0.0350
vn -0.8468 -0.3554 0.3958
vn -0.7475 -0.3940 0.5348
vn -0.9609 -0.1593 0.2265
vn -0.8706 -0.3221 0.3719
vn -0.8012 -0.3886 0.4551
vn -0.9722 -0.1402 0.1878
vn -0.8316 -0.4152 0.3688
vn -0.7261 -0.4540 0.5164
vn -0.8024 -0.2555 0.5393
vn -0.9538 -0.2217 0.2026
vn -0.9917 -0.0467 0.1198
vn -0.9677 -0.0533 0.2466
vn -0.9915 -0.0796 0.1025
vn -0.7754 -0.3841 0.5012
vn -0.9285 -0.2266 0.2942
vn -0.7113 -0.5210 0.4718
vn -0.6755 -0.3663 0.6399
vn -0.7239 -0.0662 0.6868
vn -0.6987 -0.0869 0.7101
vn -0.7693 -0.3220 0.5518
vn -0.8571 -0.0015 0.5151
vn -0.9859 -0.0208 0.1660
vn -0.9427 -0.0023 0.3336
vn -0.9832 0.0293 0.1804
vn -0.9883 -0.0036 0.1523
vn -0.9932 0.0483 0.1061
vn -0.8924 0.2030 0.4031
vn -0.8400 0.0241 0.5421
vn -0.7752 0.2113 0.5953
vn -0.6733 0.0012 0.7394
vn -0.6915 0.1039 0.7148
vn -0.7460 0.1306 0.6530
vn -0.7811 0.3410 0.5231
vn -0.6949 0.4475 0.5629
vn -0.9509 0.1911 0.2433
vn -0.8952 0.1096 0.4321
vn -0.8731 0.3155 0.3717
vn -0.9620 0.0573 0.2669
vn -0.9604 0.2075 0.1857
vn -0.8384 0.3585 0.4106
vn -0.7442 0.4924 0.4514
vn -0.8332 0.3342 0.4406
vn -0.8011 0.3965 0.4484
vn -0.9425 0.1857 0.2779
vn -0.8751 0.3059 0.3750
vn -0.9839 0.1446 0.1053
vn -0.8845 0.3705 0.2837
vn -0.9960 0.0738 0.0500
vn -0.9706 0.1967 0.1390
vn -0.8695 0.3152 0.3802
vn -0.8015 0.5033 0.3229
vn -0.7564 0.5316 0.3811
vn -0.7818 0.4883 0.3877
vn -0.8175 0.4299 0.3832
vn -0.7668 0.5192 0.3775
vn -0.7427 0.6144 0.2661
vn -0.7366 0.6219 0.2659
vn -0.8807 0.3607 0.3072
vn -0.9096 0.3606 0.2064
vn -0.8211 0.4201 0.3864
vn -0.9521 0.2262 0.2059
vn -0.8740 0.3423 0.3450
vn -0.9646 0.1791 0.1936
vn -0.9631 0.1691 0.2096
vn -0.9477 0.2405 0.2098
vn -0.8811 0.3401 0.3287
vn -0.9724 0.1592 0.1707
vn -0.8958 0.2450 0.3708
vn -0.7321 0.4451 0.5156
vn -0.7224 0.4329 0.5392
vn -0.7508 0.4268 0.5041
vn -0.7100 0.4573 0.5356
vn -0.8692 0.3484 0.3507
vn -0.7189 0.5233 0.4576
vn -0.6824 0.5090 0.5247
vn -0.8648 0.3038 0.3997
vn -0.6846 0.6115 0.3968
vn -0.8261 0.4426 0.3488
vn -0.7205 0.5920 0.3612
vn -0.7080 0.5281 0.4688
vn -0.9025 0.3609 0.2349
vn -0.8947 0.2796 0.3485
vn -0.7437 0.4346 0.5080
vn -0.8465 0.3127 0.4308
vn -0.9242 0.2839 0.2555
vn -0.9392 0.2591 0.2253
vn -0.9747 0.1656 0.1501
vn -0.9609 0.1479 0.2342
vn -0.9666 0.1800 0.1826
vn -0.8892 0.3668 0.2734
vn -0.9753 0.0579 0.2130
vn -0.9906 0.0555 0.1251
vn -0.9159 0.2663 0.3003
vn -0.9616 0.1919 0.1964
vn -0.6938 0.4342 0.5745
vn -0.6978 0.4322 0.5712
vn -0.8711 0.3058 0.3843
vn -0.9720 0.1387 0.1894
vn -0.9856 0.0750 0.1515
vn -0.8780 0.2594 0.4023
vn -0.7698 0.1119 0.6284
vn -0.9517 0.0928 0.2926
vn -0.7198 0.3662 0.5897
vn -0.8666 0.2687 0.4206
vn -0.6915 0.4198 0.5878
vn -0.6947 0.3822 0.6094
vn -0.8526 0.2065 0.4799
vn -0.7323 0.1534 0.6634
vn -0.9203 0.0077 0.3912
vn -0.9658 0.1312 0.2235
vn -0.9990 -0.0261 0.0368
vn -0.9949 -0.0213 0.0989
vn -0.9829 -0.1662 -0.0787
vn -0.7562 0.0125 0.6543
vn -0.7564 -0.0546 0.6518
vn -0.8842 -0.1477 0.4432
vn -0.7422 -0.1225 0.6589
vn -0.9639 -0.0368 0.2636
vn -0.9168 0.0101 0.3992
vn -0.9005 -0.1077 0.4213
vn -0.9870 -0.0728 0.1432
vn -0.8826 -0.1385 0.4493
vn -0.9690 -0.1142 0.2192
vn -0.8251 -0.2563 0.5036
vn -0.9084 -0.1243 0.3993
vn -0.9842 -0.0829 0.1562
vn -0.6107 -0.5415 0.5778
vn -0.7005 -0.3989 0.5917
vn -0.7115 -0.1512 0.6862
vn -0.6556 -0.1191 0.7457
vn -0.8474 -0.0050 0.5310
vn -0.7170 -0.0923 0.6910
vn -0.7139 -0.0454 0.6988
vn -0.9617 -0.0817 0.2617
vn -0.8985 -0.0952 0.4285
vn -0.8876 -0.1355 0.4403
vn -0.7446 -0.2989 0.5969
vn -0.9715 -0.1190 0.2050
vn -0.9840 -0.0818 0.1582
vn -0.7933 -0.3880 0.4693
vn -0.7186 -0.5195 0.4622
vn -0.7119 -0.3541 0.6065
vn -0.7742 -0.3565 0.5230
vn -0.9475 -0.1709 0.2702
vn -0.9993 0.0259 0.0278
vn -0.9579 -0.0745 -0.2774
vn -0.9571 -0.2302 -0.1760
vn -0.9223 -0.3405 -0.1829
vn -0.9450 -0.3063 -0.1150
vn -0.9733 -0.2259 -0.0411
vn -0.9882 -0.1430 0.0552
vn -0.9794 0.0464 0.1964
vn -0.9701 0.1199 0.2112
vn -0.8870 0.1731 0.4281
vn -0.7169 0.2073 0.6657
vn -0.6875 0.3893 0.6130
vn -0.7246 0.1502 0.6726
vn -0.7863 0.0858 0.6119
vn -0.9100 0.1290 0.3941
vn -0.9689 0.1723 0.1778
vn -0.8512 0.3518 0.3894
vn -0.9273 0.1091 0.3580
vn -0.8064 0.3055 0.5064
vn -0.6696 0.6195 0.4097
vn -0.7781 0.4764 0.4094
vn -0.7483 0.4771 0.4608
vn -0.7357 0.4884 0.4692
vn -0.8430 0.2263 0.4879
vn -0.9075 0.2206 0.3575
vn -0.9657 0.1425 0.2170
vn -0.8264 0.3210 0.4626
vn -0.6709 0.3953 0.6274
vn -0.7363 0.1148 0.6669
vn -0.7297 0.3258 0.6012
vn -0.8586 0.1409 0.4929
vn -0.7745 0.0953 0.6254
vn -0.9267 0.2389 0.2902
vn -0.8997 0.1130 0.4216
vn -0.9175 0.0337 0.3962
vn -0.8770 0.1323 0.4619
vn -0.8486 0.1724 0.5001
vn -0.7306 0.3690 0.5745
vn -0.7844 0.1315 0.6062
vn -0.7487 0.3746 0.5469
vn -0.8764 0.2901 0.3844
vn -0.6916 0.4777 0.5417
vn -0.8598 0.3521 0.3698
vn -0.9184 0.2284 0.3231
vn -0.8105 0.4368 0.3903
vn -0.7320 0.4810 0.4826
vn -0.8054 0.4045 0.4332
vn -0.7979 0.4458 0.4058
vn -0.8521 0.3369 0.4006
vn -0.7251 0.4498 0.5214
vn -0.6275 0.5548 0.5463
vn -0.7298 0.4491 0.5154
vn -0.7540 0.4569 0.4718
vn -0.8556 0.2578 0.4489
vn -0.8765 0.3363 0.3445
vn -0.8865 0.2678 0.3774
vn -0.8595 0.3327 0.3880
vn -0.8547 0.3069 0.4186
vn -0.8313 0.3929 0.3932
vn -0.7423 0.5640 0.3618
vn -0.7587 0.4662 0.4551
vn -0.9193 0.2404 0.3116
vn -0.9951 0.0716 0.0678
vn -0.9642 0.1279 0.2324
vn -0.8785 0.1357 0.4581
vn -0.9583 -0.0744 0.2757
vn -0.9640 -0.2284 0.1359
vn -0.9575 -0.2873 -0.0264
vn -0.9159 -0.0637 0.3963
vn -0.9597 -0.1902 0.2071
vn -0.9885 -0.1055 0.1084
vn -0.9500 -0.3118 0.0154
vn -0.9485 -0.3094 -0.0677
vn -0.9881 -0.1241 0.0912
vn -0.9549 -0.2935 -0.0449
vn -0.9072 -0.3334 -0.2565
vn -0.9251 -0.3393 -0.1706
vn -0.9140 -0.3188 -0.2508
vn -0.9288 -0.3387 -0.1502
vn -0.9765 -0.1661 -0.1373
vn -0.9779 -0.1376 -0.1571
vn -0.9951 0.0040 0.0992
vn -0.9677 -0.2075 -0.1430
vn -0.8545 0.1404 0.5002
vn -0.6851 0.2821 0.6717
vn -0.7749 0.2607 0.5759
vn -0.7941 0.2005 0.5737
vn -0.7585 0.3493 0.5501
vn -0.8260 0.1802 0.5341
vn -0.7576 0.3968 0.5182
vn -0.5167 0.7324 0.4434
vn -0.5444 0.6480 0.5328
vn -0.3917 0.7956 0.4622
vn -0.2927 0.9013 0.3193
vn -0.3870 0.8407 0.3788
vn -0.4601 0.6798 0.5712
vn -0.6365 0.6298 0.4453
vn -0.4175 0.8261 0.3785
vn -0.2934 0.8999 0.3227
vn -0.3508 0.8845 0.3075
vn -0.3217 0.9224 0.2138
vn -0.5516 0.7322 0.3995
vn -0.5105 0.8224 0.2512
vn -0.4241 0.9022 0.0783
vn -0.3362 0.9391 0.0709
vn -0.3323 0.9431 -0.0095
vn -0.3399 0.9393 -0.0472
vn -0.6703 0.7366 -0.0895
vn -0.6797 0.7243 -0.1157
vn -0.9299 0.3676 -0.0125
vn -0.8209 0.4246 0.3819
vn -0.9369 0.0493 0.3462
vn -0.9781 -0.1789 0.1063
vn -0.8850 0.2367 0.4010
vn -0.7325 0.4480 0.5126
vn -0.6351 0.5607 0.5313
vn -0.9447 0.1475 0.2930
vn -0.9704 0.0624 0.2332
vn -0.9595 -0.2356 0.1547
vn -0.9875 -0.1341 0.0829
vn -0.9869 0.0658 0.1471
vn -0.9468 0.0822 0.3111
vn -0.8615 0.2451 0.4446
vn -0.6619 0.5188 0.5411
vn -0.5191 0.6222 0.5861
vn -0.9795 -0.1766 -0.0964
vn -0.9784 -0.2047 -0.0295
vn -0.9352 -0.3035 -0.1822
vn -0.9503 -0.2952 -0.0985
vn -0.9584 -0.2186 -0.1837
vn -0.9413 -0.3067 -0.1411
vn -0.9152 -0.3451 -0.2083
vn -0.9683 -0.0478 -0.2451
vn -0.9870 0.0934 -0.1308
vn -0.9655 0.1822 -0.1859
vn -0.9791 -0.1799 -0.0946
vn -0.5654 0.7918 -0.2311
vn -0.9236 0.3174 -0.2148
vn -0.5784 0.8153 -0.0266
vn -0.6210 0.7810 0.0666
vn -0.5183 0.8185 0.2479
vn -0.6722 0.7162 0.1877
vn -0.4999 0.7906 0.3536
vn -0.4596 0.7974 0.3910
vn -0.2954 0.9147 0.2758
vn -0.4661 0.6756 0.5712
vn -0.4481 0.7932 0.4125
vn -0.4462 0.7946 0.4118
vn -0.5189 0.7652 0.3811
vn -0.4776 0.7794 0.4055
vn -0.3101 0.9379 0.1558
vn -0.3052 0.9261 0.2218
vn -0.2782 0.9587 0.0595
vn -0.5387 0.8186 0.1993
vn -0.6772 0.7350 0.0354
vn -0.7438 0.6652 -0.0655
vn -0.6195 0.7827 -0.0598
vn -0.6530 0.7139 -0.2526
vn -0.5868 0.7511 -0.3025
vn -0.4714 0.7210 -0.5079
vn -0.2722 0.8484 -0.4540
vn -0.2369 0.6049 -0.7602
vn -0.4905 0.8449 -0.2135
vn -0.1264 0.7180 -0.6844
vn -0.1054 0.8159 -0.5685
vn -0.2856 0.9208 -0.2657
vn -0.3925 0.9195 -0.0211
vn -0.4058 0.9116 0.0662
vn -0.3075 0.9384 0.1577
vn -0.3110 0.9000 0.3055
vn -0.2388 0.9609 0.1400
vn -0.6257 0.7489 0.2182
vn -0.6392 0.7260 0.2536
vn -0.6876 0.6825 0.2479
vn -0.6915 0.6158 0.3776
vn -0.6254 0.6883 0.3675
vn -0.3938 0.8814 0.2609
vn -0.5393 0.7515 0.3799
vn -0.3520 0.9119 0.2113
vn -0.3745 0.8906 0.2582
vn -0.1945 0.9687 0.1544
vn -0.5618 0.6621 0.4959
vn -0.3846 0.8178 0.4280
vn -0.4880 0.6989 0.5229
vn -0.5581 0.6943 0.4545
vn -0.4718 0.7666 0.4356
vn -0.6107 0.6788 0.4076
vn -0.7151 0.6514 0.2536
vn -0.6125 0.7430 0.2698
vn -0.7353 0.5982 0.3186
vn -0.6111 0.7647 0.2043
vn -0.6320 0.7048 0.3222
vn -0.3712 0.9081 0.1939
vn -0.4650 0.8558 0.2265
vn -0.2577 0.9578 0.1273
vn -0.2546 0.9557 0.1476
vn -0.4979 0.8105 0.3085
vn -0.5073 0.8154 0.2789
vn -0.5416 0.8151 0.2055
vn -0.2679 0.9545 0.1313
vn -0.2518 0.9555 0.1534
vn -0.2798 0.9439 0.1752
vn -0.4217 0.8695 0.2571
vn -0.3534 0.9282 0.1162
vn -0.6106 0.6761 0.4124
vn -0.5359 0.7065 0.4622
vn -0.6328 0.6462 0.4266
vn -0.6783 0.6569 0.3293
vn -0.5410 0.7341 0.4105
vn -0.5927 0.6951 0.4069
vn -0.3213 0.8839 0.3399
vn -0.3868 0.8931 0.2296
vn -0.2796 0.9502 0.1374
vn -0.3246 0.9262 0.1921
vn -0.4720 0.8382 0.2731
vn -0.6164 0.6485 0.4467
vn -0.7221 0.6466 0.2458
vn -0.3630 0.9120 0.1911
vn -0.4232 0.8705 0.2511
vn -0.3154 0.7223 0.6155
vn -0.5803 0.7060 0.4060
vn -0.7726 0.5316 0.3471
vn -0.6424 0.7380 0.2067
vn -0.8332 0.5364 0.1344
vn -0.6173 0.7774 0.1205
vn -0.4814 0.8681 0.1210
vn -0.4311 0.8970 0.0977
vn -0.5732 0.7589 0.3091
vn -0.7641 0.6248 0.1609
vn -0.7664 0.5747 0.2868
vn -0.6074 0.6914 0.3911
vn -0.6933 0.6170 0.3722
vn -0.6668 0.6825 0.2993
vn -0.5034 0.8337 0.2272
vn -0.5021 0.8353 0.2241
vn -0.7653 0.6015 0.2291
vn -0.7156 0.6562 0.2395
vn -0.4629 0.8284 0.3153
vn -0.7253 0.6319 0.2732
vn -0.7383 0.5639 0.3700
vn -0.5091 0.7714 0.3818
vn -0.5792 0.6536 0.4872
vn -0.5390 0.7652 0.3521
vn -0.6306 0.7058 0.3228
vn -0.7491 0.5953 0.2908
vn -0.4442 0.8248 0.3499
vn -0.4693 0.8530 0.2282
vn -0.3202 0.9353 0.1506
vn -0.2563 0.9577 0.1309
vn -0.2122 0.9641 0.1595
vn -0.5540 0.8305 0.0585
vn -0.2060 0.9757 0.0743
vn -0.6187 0.7479 0.2406
vn -0.7059 0.6973 0.1244
vn -0.6653 0.7201 0.1972
vn -0.6434 0.7650 0.0267
vn -0.5140 0.8313 0.2115
vn -0.3707 0.9244 0.0897
vn -0.4504 0.8497 0.2743
vn -0.6434 0.6593 0.3890
vn -0.4287 0.8019 0.4162
vn -0.4920 0.7834 0.3797
vn -0.2794 0.8856 0.3709
vn -0.3987 0.8407 0.3665
vn -0.6260 0.7366 0.2560
vn -0.2789 0.9534 0.1149
vn -0.6338 0.7656 0.1101
vn -0.4029 0.9100 0.0978
vn -0.3608 0.9281 0.0918
vn -0.3131 0.9426 0.1160
vn -0.4660 0.8398 0.2784
vn -0.2652 0.9578 0.1103
vn -0.1854 0.9754 0.1194
vn -0.3511 0.9360 0.0267
vn -0.5057 0.8499 0.1480
vn -0.7695 0.6041 0.2070
vn -0.7861 0.5757 0.2249
vn -0.6529 0.6204 0.4346
vn -0.4943 0.7808 0.3822
vn -0.8526 0.5223 0.0185
vn -0.6399 0.7673 0.0417
vn -0.5809 0.8139 0.0079
vn -0.5699 0.8209 0.0351
vn -0.8831 0.4614 0.0851
vn -0.6850 0.5883 0.4298
vn -0.4990 0.8186 0.2845
vn -0.7929 0.5656 0.2266
vn -0.7629 0.6193 0.1857
vn -0.4859 0.8606 0.1526
vn -0.3728 0.9276 0.0258
vn -0.3228 0.9399 0.1109
vn -0.2458 0.9473 0.2054
vn -0.1785 0.9786 0.1020
vn -0.2801 0.8586 0.4293
vn -0.5082 0.7476 0.4276
vn -0.6507 0.6854 0.3269
vn -0.5695 0.7613 0.3101
vn -0.7077 0.6971 0.1151
vn -0.3358 0.9346 0.1176
vn -0.5496 0.8216 0.1512
vn -0.5772 0.7759 0.2547
vn -0.6584 0.7128 0.2417
vn -0.7143 0.5847 0.3846
vn -0.7488 0.6516 0.1213
vn -0.6855 0.7257 0.0591
vn -0.6473 0.7331 0.2086
vn -0.6052 0.6921 0.3934
vn -0.4387 0.8213 0.3647
vn -0.3350 0.9133 0.2315
vn -0.4303 0.8987 0.0851
vn -0.3691 0.9263 0.0761
vn -0.5652 0.7998 0.2022
vn -0.7438 0.6167 0.2576
vn -0.3424 0.9174 0.2027
vn -0.5475 0.7373 0.3957
vn -0.5065 0.7846 0.3577
vn -0.4613 0.8249 0.3266
vn -0.6139 0.7249 0.3126
vn -0.3972 0.8515 0.3423
vn -0.5816 0.7812 0.2268
vn -0.5754 0.7816 0.2407
vn -0.3740 0.9027 0.2127
vn -0.2367 0.9504 0.2017
vn -0.4198 0.9051 0.0668
vn -0.3273 0.9256 0.1902
vn -0.7269 0.6658 0.1682
vn -0.3854 0.8386 0.3849
vn -0.6440 0.7058 0.2951
vn -0.4334 0.7420 0.5114
vn -0.4557 0.7486 0.4816
vn -0.3906 0.7657 0.5109
vn -0.4178 0.8255 0.3794
vn -0.3172 0.8629 0.3934
vn -0.5323 0.7516 0.3895
vn -0.3829 0.8183 0.4287
vn -0.2720 0.9421 0.1961
vn -0.5116 0.7944 0.3274
vn -0.5370 0.8149 0.2178
vn -0.6362 0.7326 0.2419
vn -0.4955 0.8275 0.2641
vn -0.5070 0.8503 0.1410
vn -0.5542 0.7902 0.2616
vn -0.6758 0.6966 0.2408
vn -0.2449 0.9410 0.2337
vn -0.4510 0.8630 0.2276
vn -0.4783 0.8502 0.2200
vn -0.6078 0.7271 0.3193
vn -0.4983 0.7210 0.4816
vn -0.3736 0.8421 0.3890
vn -0.6208 0.5845 0.5225
vn -0.7126 0.6596 0.2393
vn -0.7813 0.5357 0.3204
vn -0.7735 0.4479 0.4484
vn -0.8567 0.3653 0.3641
vn -0.7114 0.4405 0.5476
vn -0.8155 0.3594 0.4537
vn -0.6644 0.4485 0.5979
vn -0.8445 0.3408 0.4130
vn -0.6943 0.4958 0.5217
vn -0.6921 0.4790 0.5400
vn -0.7472 0.5150 0.4201
vn -0.5289 0.6819 0.5053
vn -0.6558 0.6336 0.4104
vn -0.6338 0.6637 0.3973
vn -0.5125 0.6576 0.5522
vn -0.5933 0.6178 0.5161
vn -0.6721 0.5482 0.4977
vn -0.6669 0.5063 0.5468
vn -0.8207 0.4482 0.3542
vn -0.6175 0.7095 0.3396
vn -0.5400 0.7046 0.4603
vn -0.6785 0.6806 0.2766
vn -0.6704 0.6785 0.3003
vn -0.6954 0.6769 0.2414
vn -0.7232 0.5766 0.3802
vn -0.6971 0.6214 0.3575
vn -0.6675 0.6285 0.3991
vn -0.7250 0.6534 0.2178
vn -0.5795 0.7797 0.2373
vn -0.7553 0.5733 0.3177
vn -0.5587 0.6626 0.4987
vn -0.4211 0.8253 0.3763
vn -0.5831 0.6666 0.4644
vn -0.5372 0.5813 0.6112
vn -0.4472 0.6887 0.5707
vn -0.3552 0.9128 0.2014
vn -0.3851 0.8957 0.2222
vn -0.4137 0.8967 0.1573
vn -0.4022 0.8752 0.2686
vn -0.5365 0.7829 0.3150
vn -0.4625 0.8665 0.1877
vn -0.5831 0.6335 0.5086
vn -0.4160 0.7762 0.4739
vn -0.5467 0.7770 0.3119
vn -0.7701 0.5638 0.2985
vn -0.7479 0.5038 0.4321
vn -0.8379 0.4592 0.2950
vn -0.8097 0.4684 0.3536
vn -0.8293 0.4526 0.3279
vn -0.7082 0.6109 0.3539
vn -0.8012 0.4742 0.3650
vn -0.8457 0.3998 0.3535
vn -0.8786 0.3874 0.2792
vn -0.8955 0.2803 0.3457
vn -0.6411 0.6251 0.4453
vn -0.5904 0.6344 0.4989
vn -0.7505 0.4149 0.5144
vn -0.7646 0.4173 0.4912
vn -0.9157 0.1018 0.3889
vn -0.9789 0.0827 0.1869
vn -0.9132 0.0741 0.4008
vn -0.7479 0.0968 0.6567
vn -0.9434 0.2546 0.2126
vn -0.6534 0.6899 0.3116
vn -0.7646 0.5708 0.2992
vn -0.8693 0.4413 0.2227
vn -0.7881 0.4655 0.4027
vn -0.8088 0.4648 0.3603
vn -0.7720 0.5405 0.3344
vn -0.7619 0.5268 0.3768
vn -0.5925 0.7629 0.2587
vn -0.3109 0.9341 0.1757
vn -0.2598 0.9579 0.1224
vn -0.2776 0.9142 0.2954
vn -0.6786 0.7016 0.2175
vn -0.8256 0.5511 0.1213
vn -0.4820 0.8509 0.2090
vn -0.6532 0.7441 0.1402
vn -0.6309 0.7747 0.0413
vn -0.4889 0.8695 0.0709
vn -0.1694 0.9743 0.1482
vn -0.4849 0.8035 0.3454
vn -0.2769 0.8935 0.3536
vn -0.4602 0.7807 0.4228
vn -0.6130 0.7491 0.2512
vn -0.5018 0.8229 0.2665
vn -0.5286 0.8267 0.1927
vn -0.5586 0.7621 0.3274
vn -0.7991 0.5091 0.3197
vn -0.7732 0.6034 0.1950
vn -0.8192 0.5659 0.0931
vn -0.5631 0.8197 0.1047
vn -0.7129 0.6996 0.0476
vn -0.5116 0.8552 0.0831
vn -0.5696 0.8052 0.1651
vn -0.3505 0.9311 0.1010
vn -0.6436 0.7141 0.2754
vn -0.3242 0.9390 0.1147
vn -0.5811 0.7389 0.3412
vn -0.7013 0.7026 0.1207
vn -0.2581 0.9607 0.1023
vn -0.6844 0.7118 0.1581
vn -0.6648 0.7212 0.1945
vn -0.4336 0.8214 0.3704
vn -0.7512 0.6594 0.0306
vn -0.4045 0.9000 0.1625
vn -0.3472 0.9142 0.2091
vn -0.1827 0.9803 0.0744
vn -0.7150 0.6688 0.2036
vn -0.7858 0.5728 0.2333
vn -0.7117 0.6488 0.2692
vn -0.4692 0.8332 0.2927
vn -0.2710 0.9472 0.1713
vn -0.5981 0.6733 0.4347
vn -0.4944 0.6318 0.5970
vn -0.5146 0.7201 0.4655
vn -0.5958 0.7099 0.3755
vn -0.4203 0.8172 0.3944
vn -0.7034 0.6657 0.2491
vn -0.6388 0.7622 0.1047
vn -0.4777 0.8537 0.2074
vn -0.1737 0.9708 0.1654
vn -0.6095 0.7927 0.0113
vn -0.3462 0.9377 0.0303
vn -0.7966 0.6009 0.0653
vn -0.7045 0.7032 0.0962
vn -0.4453 0.8886 0.1104
vn -0.5232 0.7994 0.2953
vn -0.5571 0.8286 0.0542
vn -0.7400 0.6635 0.1103
vn -0.6742 0.6618 0.3278
vn -0.8296 0.4679 0.3046
vn -0.8652 0.4970 0.0670
vn -0.7056 0.7083 0.0212
vn -0.7639 0.6003 0.2368
vn -0.6240 0.6167 0.4799
vn -0.7013 0.4818 0.5253
vn -0.5312 0.8284 0.1779
vn -0.4270 0.8024 0.4170
vn -0.5540 0.8228 0.1264
vn -0.6047 0.6536 0.4551
vn -0.6324 0.6438 0.4309
vn -0.5959 0.7757 0.2080
vn -0.7397 0.4907 0.4606
vn -0.6261 0.5736 0.5283
vn -0.8670 0.3889 0.3117
vn -0.4796 0.8196 0.3133
vn -0.8635 0.4620 0.2023
vn -0.7846 0.6115 0.1023
vn -0.7027 0.7041 0.1023
vn -0.6949 0.6577 0.2908
vn -0.7258 0.6736 0.1394
vn -0.3376 0.9368 0.0918
vn -0.2501 0.9618 0.1116
vn -0.2029 0.9681 0.1469
vn -0.3016 0.9450 0.1267
vn -0.4006 0.9097 0.1093
vn -0.3447 0.9329 0.1042
vn -0.2955 0.9495 0.1054
vn -0.6689 0.7211 0.1808
vn -0.7914 0.6005 0.1145
vn -0.6646 0.7400 0.1039
vn -0.2160 0.9700 0.1119
vn -0.1999 0.9684 0.1490
vn -0.4388 0.8125 0.3837
vn -0.3749 0.8641 0.3357
vn -0.6080 0.7868 0.1064
vn -0.7339 0.6416 0.2233
vn -0.4215 0.8157 -0.3963
vn -0.5208 0.8532 -0.0304
vn -0.5915 0.7691 -0.2419
vn -0.4864 0.8637 -0.1317
vn -0.4202 0.8166 -0.3957
vn -0.2691 0.7325 -0.6253
vn -0.2788 0.6951 -0.6627
vn -0.3941 0.5845 -0.7093
vn -0.5965 0.7224 -0.3497
vn -0.1529 0.4523 -0.8787
vn -0.1302 0.6237 -0.7708
vn 0.0358 0.3581 -0.9330
vn -0.0443 0.1754 -0.9835
vn -0.1583 0.3959 -0.9045
vn -0.3882 0.6844 -0.6171
vn -0.6960 0.7109 -0.1005
vn -0.6257 0.7771 -0.0675
vn -0.2631 0.9646 -0.0161
vn -0.0685 0.9976 -0.0043
vn -0.4665 0.8584 0.2133
vn -0.4933 0.8362 0.2397
vn -0.7968 0.5497 0.2509
vn -0.6012 0.6935 0.3970
vn -0.2313 0.9682 0.0954
vn -0.2393 0.9700 -0.0422
vn -0.4509 0.8806 0.1454
vn -0.5193 0.7562 0.3980
vn -0.4709 0.7935 0.3855
vn -0.3508 0.8550 0.3821
vn -0.6368 0.7583 0.1391
vn -0.5363 0.7953 0.2827
vn -0.1596 0.9712 0.1766
vn -0.2546 0.9656 0.0533
vn -0.1835 0.9769 0.1099
vn -0.2410 0.9475 0.2100
vn -0.3719 0.8688 0.3270
vn -0.4761 0.8220 0.3124
vn -0.2469 0.9667 0.0675
vn -0.4776 0.8593 0.1830
vn -0.2524 0.9547 0.1579
vn -0.5497 0.8281 0.1100
vn -0.7211 0.6510 0.2371
vn -0.4224 0.9058 -0.0321
vn -0.1835 0.9823 -0.0361
vn -0.2115 0.9598 -0.1844
vn -0.4380 0.8813 -0.1774
vn -0.3447 0.8660 -0.3622
vn -0.5154 0.8566 -0.0239
vn -0.4391 0.8855 0.1521
vn -0.4321 0.8948 -0.1123
vn -0.0685 0.6199 -0.7817
vn -0.0655 0.4920 -0.8681
vn 0.1326 0.4721 -0.8715
vn 0.1199 0.2990 -0.9467
vn -0.0316 0.2730 -0.9615
vn -0.0638 0.3828 -0.9216
vn -0.2527 0.6738 -0.6944
vn -0.2603 0.8616 -0.4358
vn 0.0672 0.1255 -0.9898
vn -0.3930 0.5125 -0.7635
vn -0.6299 0.5929 -0.5017
vn -0.3815 0.9144 -0.1357
vn -0.8547 0.0523 -0.5165
vn -0.9460 -0.2977 -0.1284
vn -0.9334 -0.3386 -0.1187
vn -0.9386 -0.3204 -0.1282
vn -0.9225 -0.3187 -0.2180
vn -0.9434 -0.3134 -0.1089
vn -0.9321 -0.2992 -0.2041
vn -0.9221 -0.3195 -0.2183
vn -0.9261 -0.3161 -0.2062
vn -0.9209 -0.2804 -0.2708
vn -0.9114 -0.3334 -0.2411
vn -0.9121 -0.3313 -0.2417
vn -0.9208 -0.3277 -0.2114
vn -0.9234 -0.3270 -0.2009
vn -0.9266 -0.3163 -0.2033
vn -0.9406 -0.3214 -0.1097
vn -0.9430 -0.3145 -0.1091
vn -0.9424 -0.3175 -0.1054
vn -0.9156 -0.2985 -0.2694
vn -0.7075 -0.1912 -0.6804
vn -0.7758 -0.2599 -0.5750
vn -0.2232 -0.0646 -0.9726
vn 0.3361 0.1350 -0.9321
vn 0.3531 0.1084 -0.9293
vn 0.4623 0.1498 -0.8740
vn -0.2481 -0.0913 -0.9644
vn -0.9143 -0.3111 -0.2593
vn -0.7571 -0.2729 -0.5935
vn -0.9443 -0.3134 -0.1002
vn -0.9353 -0.3106 -0.1695
vn -0.9346 -0.3394 -0.1065
vn -0.2433 -0.0712 -0.9673
vn -0.2328 -0.0794 -0.9693
vn -0.7536 -0.2725 -0.5982
vn -0.7754 -0.2345 -0.5863
vn -0.9104 -0.3037 -0.2810
vn 0.3503 0.1249 -0.9283
vn -0.2571 -0.0854 -0.9626
vn 0.2348 0.0644 -0.9699
vn 0.0380 0.0180 -0.9991
vn 0.2748 0.0915 -0.9571
vn -0.0541 -0.0146 -0.9984
vn 0.0422 0.0117 -0.9990
vn -0.0086 -0.0004 -1.0000
vn 0.0868 0.0281 -0.9958
vn 0.0325 -0.0238 -0.9992
vn 0.3374 0.1278 -0.9326
vn 0.1243 0.4768 -0.8702
vn 0.4133 0.3587 -0.8370
vn -0.3226 0.1765 -0.9299
vn -0.8685 -0.1892 -0.4581
vn -0.7384 -0.2206 -0.6373
vn -0.9087 -0.3025 -0.2877
vn -0.1866 0.0095 -0.9824
vn 0.2780 0.2318 -0.9322
vn -0.0247 -0.0134 -0.9996
vn 0.0481 0.0669 -0.9966
vn 0.2621 0.1943 -0.9453
vn 0.0548 0.4335 -0.8995
vn -0.2278 0.7778 -0.5858
vn -0.3744 0.8015 -0.4662
vn -0.4843 0.7947 -0.3659
vn -0.3576 0.6394 -0.6806
vn -0.2109 0.4001 -0.8919
vn -0.2915 0.4841 -0.8250
vn -0.1274 0.2825 -0.9508
vn -0.2109 0.6972 -0.6852
vn -0.4219 0.6877 -0.5908
vn -0.0864 0.4848 -0.8704
vn -0.0348 0.0068 -0.9994
vn -0.0077 0.0987 -0.9951
vn -0.1931 0.8716 -0.4505
vn -0.1586 0.9236 -0.3490
vn -0.1836 0.9761 -0.1165
vn -0.5173 0.8542 0.0520
vn -0.4612 0.8694 -0.1773
vn -0.3287 0.8213 -0.4664
vn -0.6275 0.6853 -0.3696
vn -0.1455 0.7427 -0.6536
vn -0.0337 0.5150 -0.8565
vn 0.0150 0.3611 -0.9324
vn 0.1973 0.3234 -0.9254
vn 0.1714 0.1009 -0.9800
vn 0.0325 0.1062 -0.9938
vn 0.0191 -0.0027 -0.9998
vn -0.0684 0.2327 -0.9701
vn 0.2074 0.2304 -0.9507
vn 0.1722 0.0617 -0.9831
vn 0.3657 0.1956 -0.9099
vn 0.2112 0.0767 -0.9744
vn 0.0921 0.0235 -0.9955
vn 0.3385 0.1881 -0.9220
vn 0.1876 0.2928 -0.9376
vn -0.0932 0.4106 -0.9071
vn -0.2751 0.6230 -0.7323
vn -0.5223 0.5708 -0.6336
vn -0.7389 0.6532 0.1653
vn -0.7282 0.6773 -0.1046
vn -0.6264 0.7638 -0.1560
vn -0.3952 0.9013 -0.1774
vn -0.4325 0.7836 -0.4460
vn -0.0848 0.8351 -0.5435
vn -0.2369 0.6334 -0.7366
vn -0.2196 0.9422 -0.2532
vn -0.0628 0.9450 -0.3209
vn -0.0461 0.9946 -0.0930
vn -0.0398 0.9321 -0.3601
vn 0.0364 0.6154 -0.7873
vn 0.0378 0.6057 -0.7948
vn 0.0428 0.3457 -0.9374
vn -0.0353 0.3383 -0.9404
vn 0.0627 0.1092 -0.9920
vn 0.3056 0.1765 -0.9357
vn 0.0033 0.0691 -0.9976
vn 0.0589 0.0103 -0.9982
vn 0.0359 -0.0000 -0.9994
vn 0.2240 0.0814 -0.9712
vn 0.4022 0.1570 -0.9020
vn 0.3831 0.1249 -0.9152
vn 0.3456 0.1105 -0.9318
vn 0.1805 0.0595 -0.9818
vn 0.0167 0.0059 -0.9998
vn 0.0534 0.0175 -0.9984
vn 0.1907 0.0585 -0.9799
vn 0.2063 0.0728 -0.9758
vn 0.2683 0.0911 -0.9590
vn 0.3970 0.1482 -0.9058
vn 0.3141 0.1061 -0.9434
vn 0.0487 0.0196 -0.9986
vn 0.0148 0.0023 -0.9999
vn 0.3926 0.1357 -0.9097
vn 0.3547 0.1355 -0.9251
vn 0.2066 0.0693 -0.9760
vn 0.0287 0.0076 -0.9996
vn 0.0732 0.0191 -0.9971
vn 0.2578 0.0808 -0.9628
vn 0.4047 0.1407 -0.9036
vn 0.3517 0.1154 -0.9290
vn -0.7616 -0.2697 -0.5892
vn -0.2340 -0.0761 -0.9693
vn -0.9160 -0.3148 -0.2487
vn -0.9354 -0.3445 -0.0794
vn -0.9224 -0.3287 -0.2026
vn -0.9205 -0.3295 -0.2100
vn -0.9263 -0.3118 -0.2117
vn -0.9161 -0.3069 -0.2581
vn -0.9274 -0.3198 -0.1938
vn -0.9198 -0.3123 -0.2375
vn -0.9696 -0.2310 0.0814
vn -0.9610 0.0496 0.2721
vn -0.9376 -0.3151 -0.1467
vn -0.9341 -0.3038 -0.1873
vn -0.9360 -0.3109 -0.1650
vn -0.9175 -0.3182 -0.2386
vn -0.8852 -0.2592 -0.3864
vn -0.8460 0.0851 -0.5264
vn -0.8374 0.1969 -0.5099
vn -0.5916 -0.0146 -0.8061
vn -0.6101 0.0498 -0.7907
vn -0.8361 -0.2833 -0.4698
vn -0.5469 -0.2426 -0.8013
vn -0.9241 -0.3266 -0.1982
vn -0.9355 -0.3254 -0.1379
vn -0.9330 -0.3357 -0.1293
vn -0.8777 -0.2983 -0.3751
vn -0.7541 -0.2580 -0.6039
vn -0.3290 -0.1646 -0.9299
vn -0.2519 -0.0876 -0.9638
vn -0.2932 -0.0277 -0.9556
vn -0.7569 -0.2982 -0.5816
vn -0.1321 -0.0689 -0.9888
vn -0.4490 -0.2199 -0.8661
vn -0.8257 -0.3174 -0.4662
vn -0.9107 -0.3501 -0.2194
vn -0.9011 -0.3523 -0.2527
vn -0.7627 -0.2632 -0.5908
vn -0.1456 -0.0638 -0.9873
vn 0.2393 0.1461 -0.9599
vn 0.4710 0.1822 -0.8631
vn -0.4109 -0.1264 -0.9029
vn -0.7717 -0.2394 -0.5892
vn -0.9140 -0.2908 -0.2829
vn -0.9008 -0.2890 -0.3241
vn -0.7418 -0.2523 -0.6214
vn -0.8950 -0.3119 -0.3189
vn -0.9362 -0.3113 -0.1631
vn -0.9379 -0.3147 -0.1463
vn -0.8978 -0.3204 -0.3021
vn -0.9001 -0.3160 -0.3000
vn -0.6704 -0.2867 -0.6843
vn -0.1963 -0.0470 -0.9794
vn 0.0730 0.0564 -0.9957
vn -0.3406 -0.1430 -0.9293
vn -0.7196 -0.2535 -0.6465
vn -0.2028 0.1287 -0.9707
vn -0.2789 0.3921 -0.8766
vn -0.8194 0.0588 -0.5702
vn -0.9003 -0.3068 -0.3087
vn -0.9855 -0.1509 -0.0782
vn -0.9846 -0.1343 0.1118
vn -0.9577 -0.2177 0.1884
vn -0.7460 -0.4314 0.5073
vn -0.8855 -0.3117 0.3446
vn -0.9875 -0.0364 0.1535
vn -0.9488 -0.0144 0.3156
vn -0.9416 -0.1201 0.3147
vn -0.7924 -0.0902 0.6033
vn -0.6254 -0.5423 0.5610
vn -0.6879 -0.3592 0.6308
vn -0.9368 -0.3468 -0.0458
vn -0.8733 -0.3170 0.3699
vn -0.9881 -0.0567 -0.1430
vn -0.7077 -0.1592 -0.6883
vn -0.8609 -0.0211 0.5084
vn -0.7778 -0.0468 0.6268
vn -0.7709 -0.0927 0.6302
vn -0.9482 0.0945 0.3032
vn -0.8571 -0.2266 0.4626
vn -0.9919 0.0743 0.1026
vn -0.9958 -0.0757 -0.0522
vn -0.9326 0.3464 0.1011
vn 0.1720 0.9701 -0.1710
vn 0.5605 0.4703 -0.6817
vn 0.5303 0.3131 -0.7879
vn -0.3374 0.8039 -0.4897
vn -0.1436 0.4597 -0.8764
vn -0.6734 0.1539 -0.7231
vn 0.3744 0.1720 -0.9112
vn 0.4197 0.2907 -0.8598
vn -0.9484 -0.0145 -0.3167
vn 0.5106 0.0504 -0.8583
vn 0.6455 0.0540 -0.7619
vn 0.5506 -0.2234 -0.8043
vn 0.1825 -0.6341 -0.7514
vn 0.3760 -0.7142 -0.5904
vn -0.4286 -0.2494 -0.8684
vn 0.1582 -0.1146 -0.9807
vn -0.5756 -0.7998 -0.1702
vn -0.6480 -0.6984 0.3037
vn -0.1604 -0.9832 -0.0876
vn -0.8937 -0.4383 0.0957
vn -0.7122 -0.4475 0.5408
vn -0.5993 -0.7168 0.3564
vn -0.2533 -0.9673 -0.0145
vn 0.6654 -0.1355 -0.7341
vn 0.5217 0.1510 -0.8396
vn 0.1769 -0.2305 0.9568
vn -0.8304 -0.2263 0.5091
vn -0.7723 0.5299 -0.3504
vn 0.1945 0.9751 0.1065
vn -0.9953 -0.0652 0.0713
vn -0.1456 0.9825 -0.1164
vn -0.7931 -0.3269 -0.5140
vn -0.2109 -0.2151 -0.9536
vn -0.0000 -0.0000 -0.0000
vn -0.3947 -0.0988 -0.9135
vn -0.7023 -0.3415 0.6246
vn -0.7523 -0.4756 0.4558
vn -0.9562 -0.2138 0.1998
vn -0.9483 -0.2607 0.1810
vn -0.9262 -0.3129 0.2105
vn -0.8285 -0.4374 0.3498
vn -0.8486 -0.4740 0.2349
vn -0.7149 -0.6396 0.2826
vn -0.6936 -0.6862 0.2192
vn -0.7569 -0.6126 0.2277
vn -0.5552 -0.8223 0.1249
vn -0.7977 -0.4293 0.4236
vn -0.6881 -0.5178 0.5083
vn -0.6525 -0.6017 0.4606
vn -0.8056 -0.4763 0.3522
vn -0.9886 -0.1178 0.0933
vn -0.9171 -0.2889 0.2746
vn -0.5384 -0.6980 0.4721
vn -0.6441 -0.6538 0.3971
vn -0.7339 -0.4880 0.4725
vn -0.8376 -0.4896 0.2425
vn -0.6688 -0.3600 0.6505
vn -0.8157 -0.3915 0.4258
vn -0.6710 -0.4301 0.6039
vn -0.9361 0.1812 -0.3016
vn -0.9914 -0.0880 0.0973
vn -0.8093 0.2608 -0.5263
vn -0.8722 -0.3273 0.3637
vn -0.7028 -0.4506 0.5504
vn -0.6246 -0.5607 0.5436
vn -0.6765 -0.5288 0.5126
vn -0.7830 -0.2863 0.5523
vn -0.9317 -0.2170 0.2913
vn -0.9063 -0.3249 0.2705
vn -0.8315 -0.4118 0.3728
vn -0.5037 -0.8020 0.3209
vn -0.5423 -0.6582 0.5222
vn -0.7349 -0.5706 0.3666
vn -0.9541 -0.1597 0.2534
vn -0.9711 -0.2136 0.1064
vn -0.8347 -0.5398 0.1090
vn -0.9645 -0.2527 0.0767
vn -0.9440 -0.2789 0.1763
vn -0.9473 -0.2881 0.1402
vn -0.8626 -0.4124 0.2929
vn -0.5799 -0.7002 0.4164
vn -0.7443 -0.6093 0.2735
vn -0.7070 -0.5952 0.3820
vn -0.7103 -0.6364 0.3009
vn -0.3838 -0.8395 0.3846
vn -0.7248 -0.6004 0.3379
vn -0.6611 -0.5489 0.5116
vn -0.8924 -0.3986 0.2116
vn -0.5356 -0.8159 0.2179
vn -0.7576 -0.4675 0.4554
vn -0.5536 -0.7271 0.4059
vn -0.9841 -0.1629 0.0708
vn -0.9580 -0.2295 0.1718
vn -0.7747 -0.4928 0.3961
vn -0.6234 -0.6998 0.3487
vn -0.5332 -0.8250 0.1873
vn -0.6303 -0.7527 0.1900
vn -0.9083 -0.4086 0.0899
vn -0.7457 -0.5219 0.4142
vn -0.6037 -0.5725 0.5548
vn -0.7655 -0.4221 0.4857
vn -0.7691 -0.2012 0.6066
vn -0.8270 -0.5330 0.1789
vn -0.7712 -0.5715 0.2805
vn -0.6137 -0.7228 0.3177
vn -0.6449 -0.5550 0.5255
vn -0.9543 -0.1192 0.2740
vn -0.9787 -0.1634 0.1243
vn -0.9833 -0.1404 0.1155
vn -0.9511 -0.2823 0.1253
vn -0.9803 -0.1815 0.0776
vn -0.8862 -0.4401 0.1447
vn -0.6529 -0.5038 0.5656
vn -0.8105 -0.4263 0.4017
vn -0.6608 -0.2865 0.6938
vn -0.7643 -0.6262 0.1541
vn -0.6638 -0.6786 0.3145
vn -0.7465 -0.6502 0.1414
vn -0.5567 -0.8286 0.0590
vn -0.8777 -0.4688 0.0993
vn -0.8161 -0.4679 0.3392
vn -0.9545 -0.2775 0.1091
vn -0.6847 -0.6753 0.2742
vn -0.6164 -0.7806 0.1039
vn -0.5588 -0.8051 0.1987
vn -0.8079 -0.5209 0.2756
vn -0.4956 -0.7687 0.4043
vn -0.6458 -0.5420 0.5377
vn -0.8845 -0.3890 0.2574
vn -0.9374 -0.2700 0.2198
vn -0.9618 -0.2365 0.1377
vn -0.8175 -0.3751 0.4370
vn -0.8611 -0.3172 0.3973
vn -0.7920 -0.3768 0.4805
vn -0.7574 -0.4727 0.4504
vn -0.8344 -0.2273 0.5021
vn -0.9004 -0.2966 0.3182
vn -0.8178 -0.3952 0.4185
vn -0.7739 -0.3455 0.5307
vn -0.8847 -0.3682 0.2860
vn -0.7488 -0.5577 0.3582
vn -0.6948 -0.6538 0.2998
vn -0.7478 -0.6126 0.2558
vn -0.4318 -0.8678 0.2459
vn -0.7050 -0.6757 0.2157
vn -0.5782 -0.8059 0.1271
vn -0.8496 -0.4439 0.2849
vn -0.8060 -0.5538 0.2088
vn -0.7085 -0.6392 0.2991
vn -0.5452 -0.8109 0.2125
vn -0.5327 -0.7257 0.4355
vn -0.7195 -0.6590 0.2190
vn -0.8077 -0.4174 0.4165
vn -0.6433 -0.3561 0.6777
vn -0.6472 -0.6514 0.3959
vn -0.6168 -0.3788 0.6900
vn -0.7244 -0.5389 0.4300
vn -0.9012 -0.4181 0.1145
vn -0.9630 -0.2313 0.1385
vn -0.9355 -0.1953 0.2945
vn -0.8674 -0.4509 0.2106
vn -0.9021 -0.4197 0.1005
vn -0.8799 -0.4380 0.1839
vn -0.6574 -0.4755 0.5845
vn -0.4592 -0.7802 0.4248
vn -0.4029 -0.8795 0.2535
vn -0.6428 -0.7613 0.0852
vn -0.5649 -0.7920 0.2314
vn -0.8461 -0.5321 0.0312
vn -0.9323 -0.3167 0.1747
vn -0.9702 -0.1021 0.2197
vn -0.8448 -0.3498 0.4049
vn -0.9877 -0.1266 0.0914
vn -0.9756 -0.2156 0.0422
vn -0.9729 -0.2200 0.0706
vn -0.8237 -0.5667 0.0183
vn -0.7950 -0.5639 0.2235
vn -0.5565 -0.8252 0.0966
vn -0.5724 -0.8163 0.0772
vn -0.7431 -0.5217 0.4191
vn -0.6394 -0.3159 0.7010
vn -0.3846 -0.8913 0.2403
vn -0.9621 -0.1981 0.1873
vn -0.9664 -0.2435 0.0822
vn -0.8982 -0.4280 0.1007
vn -0.6323 -0.7741 0.0305
vn -0.7487 -0.6629 0.0003
vn -0.7033 -0.7106 0.0205
vn -0.7534 -0.6420 0.1425
vn -0.7869 -0.4886 0.3769
vn -0.6814 -0.3584 0.6381
vn -0.8175 -0.0400 0.5746
vn 0.0530 0.0626 0.9966
vn 0.0704 0.0197 0.9973
vn 0.0134 -0.0016 0.9999
vn -0.0073 -0.0053 1.0000
vn -0.0087 -0.0466 0.9989
vn -0.0255 -0.0221 0.9994
vn -0.0198 -0.0708 0.9973
vn 0.0661 0.0769 0.9948
vn -0.0051 0.0439 0.9990
vn -0.0102 0.0303 0.9995
vn 0.0132 0.0276 0.9995
vn -0.0023 0.0032 1.0000
vn 0.0436 0.0435 0.9981
vn 0.0152 0.0605 0.9981
vn -0.2787 -0.0602 0.9585
vn -0.6359 -0.1137 0.7634
vn -0.9221 -0.2355 0.3070
vn -0.7606 -0.5508 0.3437
vn -0.6584 -0.6811 0.3203
vn -0.6756 -0.7347 0.0604
vn -0.6494 -0.7603 0.0153
vn -0.8891 -0.4457 0.1046
vn -0.8771 -0.4576 0.1461
vn -0.8711 -0.3395 0.3549
vn -0.6811 -0.5077 0.5277
vn -0.4356 -0.4144 0.7991
vn -0.2799 -0.2678 0.9219
vn -0.6347 -0.7038 0.3191
vn -0.5606 -0.5848 0.5862
vn -0.8725 -0.4878 0.0279
vn -0.8588 -0.5123 -0.0052
vn -0.8692 -0.4945 0.0009
vn -0.9040 -0.4178 0.0906
vn -0.7367 -0.5379 0.4098
vn -0.4634 -0.8684 0.1767
vn -0.4870 -0.7540 0.4408
vn -0.6515 -0.7185 0.2435
vn -0.8107 -0.5020 0.3014
vn -0.6732 -0.4869 0.5566
vn -0.9606 -0.2561 0.1083
vn -0.9456 -0.3211 0.0529
vn -0.8592 -0.5054 0.0799
vn -0.8748 -0.4047 0.2665
vn -0.8107 -0.4216 0.4062
vn -0.7814 -0.1863 0.5956
vn -0.7359 -0.4770 0.4805
vn -0.9517 -0.1565 0.2641
vn -0.9548 -0.2799 0.0998
vn -0.6171 -0.7464 0.2491
vn -0.6780 -0.7327 0.0586
vn -0.8596 -0.4758 0.1860
vn -0.6712 -0.7063 0.2250
vn -0.6848 -0.7277 0.0392
vn -0.7104 -0.7036 0.0185
vn -0.6942 -0.7184 0.0439
vn -0.7232 -0.6585 0.2082
vn -0.7021 -0.7061 0.0914
vn -0.6589 -0.6616 0.3579
vn -0.6827 -0.7304 0.0205
vn -0.4414 -0.8093 0.3877
vn -0.3821 -0.5035 0.7749
vn -0.0799 -0.1566 0.9844
vn -0.0608 -0.3228 0.9445
vn -0.1443 -0.6296 0.7634
vn -0.1835 -0.8683 0.4609
vn -0.2334 -0.9615 0.1451
vn -0.5265 -0.8463 0.0805
vn -0.3047 -0.9523 0.0145
vn -0.0157 -0.9723 0.2330
vn 0.0081 -0.8555 0.5177
vn 0.0047 -0.2584 0.9660
vn 0.0098 -0.6090 0.7931
vn -0.0214 -0.9886 0.1487
vn -0.0517 -0.9985 0.0187
vn -0.1782 -0.9837 0.0256
vn -0.4330 -0.9009 0.0314
vn -0.4727 -0.8725 0.1233
vn -0.7574 -0.6409 0.1250
vn -0.5603 -0.7991 0.2181
vn -0.4613 -0.8770 0.1343
vn -0.7234 -0.6134 0.3168
vn -0.6550 -0.7103 0.2578
vn -0.6959 -0.7132 0.0838
vn -0.7488 -0.6371 0.1827
vn -0.7466 -0.6051 0.2764
vn -0.6954 -0.7182 0.0232
vn -0.5880 -0.8085 0.0245
vn -0.8083 -0.5878 0.0327
vn -0.6673 -0.7447 0.0144
vn -0.7467 -0.6500 0.1410
vn -0.6725 -0.6711 0.3119
vn -0.8711 -0.4866 0.0657
vn -0.7603 -0.6332 0.1452
vn -0.6343 -0.7710 0.0578
vn -0.5684 -0.7939 0.2159
vn -0.3863 -0.9038 0.1844
vn -0.6953 -0.6415 0.3241
vn -0.9247 -0.3378 0.1754
vn -0.8106 -0.5327 0.2433
vn -0.6896 -0.6901 0.2196
vn -0.7561 -0.4357 0.4885
vn -0.9214 -0.1728 0.3480
vn -0.7277 -0.5518 0.4073
vn -0.7687 -0.1830 0.6129
vn -0.7998 -0.4267 0.4222
vn -0.7452 -0.6502 0.1478
vn -0.7252 -0.6776 0.1222
vn -0.6539 -0.6873 0.3163
vn -0.7208 -0.6888 0.0772
vn -0.7353 -0.6774 0.0220
vn -0.5213 -0.8193 0.2387
vn -0.7027 -0.6326 0.3256
vn -0.5322 -0.8151 0.2289
vn -0.6872 -0.6301 0.3617
vn -0.6826 -0.6840 0.2573
vn -0.6379 -0.5480 0.5411
vn -0.5881 -0.7921 0.1634
vn -0.6835 -0.6361 0.3581
vn -0.6723 -0.5572 0.4873
vn -0.7495 -0.5873 0.3056
vn -0.6308 -0.6896 0.3557
vn -0.5444 -0.7599 0.3553
vn -0.7139 -0.6313 0.3030
vn -0.5537 -0.8083 0.2000
vn -0.6745 -0.6495 0.3510
vn -0.6334 -0.6495 0.4207
vn -0.3197 -0.9203 0.2253
vn -0.3837 -0.8005 0.4604
vn -0.5442 -0.6927 0.4732
vn -0.6639 -0.6052 0.4393
vn -0.4825 -0.5780 0.6581
vn -0.6186 -0.7328 0.2833
vn -0.7509 -0.4229 0.5072
vn -0.7012 -0.6894 0.1818
vn -0.6404 -0.6854 0.3466
vn -0.7418 -0.5834 0.3307
vn -0.6681 -0.6802 0.3016
vn -0.4247 -0.7916 0.4393
vn -0.5314 -0.8035 0.2684
vn -0.9003 -0.3132 0.3023
vn -0.7674 -0.5541 0.3225
vn -0.8229 -0.5412 0.1730
vn -0.5619 -0.6509 0.5105
vn -0.6001 -0.6752 0.4288
vn -0.4431 -0.5990 0.6670
vn -0.7630 -0.4264 0.4858
vn -0.6129 -0.7182 0.3296
vn -0.7540 -0.5800 0.3084
vn -0.9015 -0.3626 0.2364
vn -0.6167 -0.6729 0.4085
vn -0.8809 -0.4724 0.0304
vn -0.8030 -0.5868 0.1047
vn -0.5706 -0.8161 0.0915
vn -0.6545 -0.7184 0.2357
vn -0.8192 -0.5573 0.1357
vn -0.6233 -0.7282 0.2852
vn -0.6514 -0.6626 0.3695
vn -0.5457 -0.7256 0.4192
vn -0.7187 -0.6420 0.2669
vn -0.5441 -0.7286 0.4159
vn -0.3584 -0.6834 0.6360
vn -0.2353 -0.8888 0.3934
vn -0.6075 -0.7015 0.3726
vn -0.2929 -0.9527 0.0808
vn -0.3397 -0.9237 0.1770
vn -0.3512 -0.9358 0.0312
vn -0.5059 -0.8604 0.0615
vn -0.4949 -0.8612 0.1161
vn -0.4921 -0.8130 0.3112
vn -0.6333 -0.7090 0.3103
vn -0.4870 -0.8135 0.3180
vn -0.6697 -0.5750 0.4699
vn -0.4862 -0.7414 0.4625
vn -0.7575 -0.5952 0.2684
vn -0.7287 -0.6776 0.0992
vn -0.6915 -0.7092 0.1373
vn -0.8738 -0.4610 0.1545
vn -0.8076 -0.4222 0.4118
vn -0.4153 -0.7979 0.4370
vn -0.6040 -0.6043 0.5197
vn -0.3322 -0.9357 0.1184
vn -0.5891 -0.7705 0.2436
vn -0.6138 -0.7658 0.1918
vn -0.7749 -0.5903 0.2260
vn -0.7313 -0.5912 0.3403
vn -0.8696 -0.4526 0.1976
vn -0.8366 -0.5365 0.1111
vn -0.8993 -0.2891 0.3281
vn -0.3741 -0.8936 0.2480
vn -0.2669 -0.8513 0.4517
vn -0.6994 -0.6350 0.3281
vn -0.6475 -0.6906 0.3223
vn -0.8257 -0.5564 0.0930
vn -0.7648 -0.6441 0.0160
vn -0.6087 -0.7927 0.0328
vn -0.5912 -0.8057 0.0366
vn -0.7041 -0.7057 0.0795
vn -0.5482 -0.8266 0.1269
vn -0.2805 -0.9573 0.0698
vn -0.4072 -0.9112 0.0630
vn -0.1652 -0.9832 0.0780
vn -0.5298 -0.8431 0.0927
vn -0.6888 -0.7237 0.0425
vn -0.4122 -0.8950 0.1704
vn -0.6103 -0.7443 0.2713
vn -0.8360 -0.4592 0.3005
vn -0.3297 -0.9414 0.0706
vn -0.6075 -0.7325 0.3072
vn -0.2927 -0.9196 0.2622
vn -0.8368 -0.4425 0.3225
vn -0.5958 -0.6663 0.4484
vn -0.3764 -0.7083 0.5972
vn -0.3228 -0.8280 0.4585
vn -0.6839 -0.6064 0.4057
vn -0.6612 -0.7274 0.1832
vn -0.7433 -0.6676 0.0414
vn -0.8287 -0.5553 0.0702
vn -0.6630 -0.6708 0.3322
vn -0.9088 -0.4137 0.0543
vn -0.6358 -0.7614 0.1264
vn -0.4653 -0.8135 0.3489
vn -0.4661 -0.8611 0.2030
vn -0.4201 -0.8987 0.1262
vn -0.5679 -0.8078 0.1578
vn -0.7904 -0.5819 0.1913
vn -0.8958 -0.3738 0.2406
vn -0.6044 -0.7533 0.2593
vn -0.7025 -0.5300 0.4750
vn -0.4756 -0.8520 0.2188
vn -0.3312 -0.9194 0.2123
vn -0.6720 -0.6212 0.4033
vn -0.4886 -0.8602 0.1457
vn -0.7660 -0.6266 0.1435
vn -0.1633 -0.9650 0.2054
vn -0.2925 -0.9463 0.1377
vn -0.5478 -0.7212 0.4240
vn -0.2698 -0.9603 0.0711
vn -0.0919 -0.9947 0.0470
vn -0.2522 -0.9622 0.1027
vn -0.1522 -0.9869 0.0530
vn -0.0943 -0.9954 0.0159
vn -0.3564 -0.9038 0.2370
vn -0.4665 -0.8820 0.0661
vn -0.7298 -0.6825 0.0388
vn -0.6157 -0.7700 0.1674
vn -0.4038 -0.8198 0.4061
vn -0.7009 -0.6241 0.3454
vn -0.3645 -0.8060 0.4663
vn -0.7077 -0.6272 0.3254
vn -0.8309 -0.5563 0.0157
vn -0.8032 -0.5702 0.1725
vn -0.5521 -0.7989 0.2386
vn -0.5131 -0.8434 0.1593
vn -0.4999 -0.8632 0.0703
vn -0.1713 -0.9570 0.2342
vn -0.2265 -0.9725 0.0542
vn -0.1594 -0.9868 0.0301
vn -0.3587 -0.9250 0.1256
vn -0.0360 -0.9992 0.0175
vn -0.4484 -0.8937 0.0138
vn -0.2187 -0.9454 0.2415
vn -0.0237 -0.9964 0.0817
vn -0.0334 -0.9986 0.0400
vn -0.0211 0.0874 0.9960
vn -0.0010 -0.0096 1.0000
vn 0.0843 0.0511 0.9951
vn 0.0062 -0.0115 0.9999
vn -0.0329 -0.0387 0.9987
vn 0.0036 0.0103 0.9999
vn 0.0040 -0.2779 0.9606
vn 0.0047 -0.8593 0.5115
vn 0.0026 -0.9564 0.2919
vn -0.1368 -0.9772 0.1624
vn -0.1899 -0.9729 0.1318
vn -0.4922 -0.8055 0.3301
vn -0.6352 -0.7107 0.3024
vn -0.6333 -0.6529 0.4156
vn -0.5175 -0.7174 0.4663
vn -0.2895 -0.8970 0.3339
vn -0.3172 -0.8904 0.3265
vn -0.2182 -0.8867 0.4076
vn -0.1023 -0.9113 0.3987
vn 0.1625 -0.9070 0.3886
vn -0.0447 -0.9777 0.2050
vn -0.4159 -0.8705 0.2632
vn -0.3874 -0.8270 0.4073
vn -0.6242 -0.6891 0.3681
vn -0.7584 -0.5302 0.3792
vn -0.7288 -0.6331 0.2607
vn -0.4781 -0.8694 0.1246
vn -0.0957 -0.9944 0.0447
vn -0.2062 -0.9633 0.1717
vn -0.2020 -0.8718 0.4463
vn -0.6777 -0.6681 0.3072
vn -0.4970 -0.6566 0.5673
vn -0.7301 -0.6805 0.0626
vn -0.6913 -0.6392 0.3369
vn -0.5645 -0.7297 0.3857
vn -0.1827 -0.7210 0.6684
vn -0.5717 -0.5765 0.5837
vn -0.8031 -0.4996 0.3247
vn -0.8663 -0.4880 0.1066
vn -0.7036 -0.7050 0.0889
vn -0.6187 -0.7723 0.1444
vn -0.4345 -0.8131 0.3874
vn -0.3866 -0.8916 0.2360
vn -0.4280 -0.8990 0.0925
vn -0.2429 -0.9661 0.0874
vn -0.3995 -0.8839 0.2430
vn -0.6674 -0.5986 0.4429
vn -0.9202 -0.2316 0.3157
vn -0.3483 -0.6417 0.6833
vn -0.3784 -0.7994 0.4667
vn -0.5447 -0.7074 0.4504
vn -0.1975 -0.9697 0.1435
vn -0.0256 -0.9968 0.0757
vn -0.0652 -0.9974 0.0291
vn -0.3219 -0.9421 0.0945
vn -0.5266 -0.8389 0.1373
vn -0.4418 -0.8308 0.3385
vn -0.0181 -0.9998 0.0039
vn 0.0077 -0.9909 0.1343
vn 0.0113 -0.9791 0.2033
vn -0.2710 -0.9283 0.2546
vn -0.6400 -0.7104 0.2927
vn -0.4076 -0.9080 0.0969
vn -0.7287 -0.6757 0.1114
vn -0.3848 -0.7831 0.4886
vn -0.2624 -0.7257 0.6359
vn -0.7203 -0.6044 0.3404
vn -0.5203 -0.7761 0.3564
vn -0.8411 -0.5055 0.1921
vn -0.8858 -0.4341 0.1639
vn -0.8295 -0.4746 0.2942
vn -0.5472 -0.7939 0.2653
vn -0.5665 -0.6843 0.4592
vn -0.6291 -0.5988 0.4957
vn -0.7420 -0.6196 0.2561
vn -0.3906 -0.8049 0.4467
vn -0.5363 -0.8355 0.1199
vn -0.6039 -0.6831 0.4107
vn -0.2821 -0.9329 0.2240
vn -0.5235 -0.8302 0.1917
vn -0.3044 -0.7430 0.5961
vn -0.5519 -0.7010 0.4517
vn -0.7199 -0.6256 0.3007
vn -0.7269 -0.6707 0.1475
vn -0.6241 -0.7562 0.1966
vn -0.5906 -0.4986 0.6345
vn -0.6404 -0.7486 0.1718
vn -0.2879 -0.9277 0.2377
vn -0.6089 -0.6622 0.4366
vn -0.8086 -0.5699 0.1462
vn -0.8514 -0.4785 0.2149
vn -0.7501 -0.5681 0.3385
vn -0.8040 -0.3973 0.4425
vn -0.4771 -0.6506 0.5908
vn -0.6196 -0.7270 0.2961
vn -0.7008 -0.6463 0.3019
vn -0.5929 -0.6627 0.4575
vn -0.5447 -0.7163 0.4361
vn -0.6652 -0.6636 0.3423
vn -0.6525 -0.7087 0.2683
vn -0.5850 -0.6777 0.4456
vn -0.4934 -0.7821 0.3807
vn -0.5711 -0.5536 0.6061
vn -0.8150 -0.3898 0.4287
vn -0.9003 -0.3859 0.2014
vn -0.6736 -0.6260 0.3929
vn -0.7100 -0.6611 0.2426
vn -0.5292 -0.7945 0.2978
vn -0.4655 -0.8537 0.2335
vn -0.2995 -0.9379 0.1752
vn -0.3796 -0.9130 0.1495
vn -0.2455 -0.9633 0.1088
vn -0.4085 -0.8854 0.2216
vn -0.3097 -0.9298 0.1988
vn -0.4102 -0.8294 0.3792
vn -0.7051 -0.6519 0.2791
vn -0.4522 -0.8529 0.2610
vn -0.7311 -0.4866 0.4782
vn -0.4086 -0.7139 0.5687
vn -0.8634 -0.4811 0.1519
vn -0.6276 -0.7270 0.2786
vn -0.4596 -0.7703 0.4420
vn -0.0738 -0.8662 0.4941
vn 0.0172 -0.8943 0.4471
vn 0.0123 -0.7231 0.6907
vn 0.0017 -0.9999 -0.0141
vn 0.4696 -0.6866 0.5550
vn 0.2469 -0.8815 0.4025
vn 0.6767 -0.6010 0.4252
vn 0.3678 -0.8966 0.2468
vn 0.1520 -0.9819 0.1132
vn 0.0087 -0.9791 0.2034
vn -0.0097 -0.9705 0.2409
vn -0.0034 -0.9683 0.2499
vn -0.0102 -0.6240 0.7813
vn 0.0017 -0.0085 1.0000
vn 0.0039 -0.0035 1.0000
vn -0.0907 -0.0083 0.9958
vn -0.0298 -0.0670 0.9973
vn 0.0130 0.0579 0.9982
vn 0.2331 0.4332 0.8706
vn 0.0911 0.6794 0.7281
vn 0.2570 0.8991 0.3543
vn 0.2539 0.9576 0.1364
vn 0.4614 0.7240 0.5127
vn 0.5774 0.7843 0.2269
vn 0.5196 0.8529 0.0507
vn 0.2676 0.9618 0.0574
vn 0.2879 0.9455 0.1520
vn 0.6367 0.7573 0.1455
vn 0.6004 0.7629 0.2401
vn 0.5776 0.8093 0.1066
vn 0.6659 0.7456 0.0259
vn 0.7706 0.6374 -0.0041
vn 0.6703 0.7414 0.0332
vn 0.5294 0.8475 0.0376
vn 0.3940 0.9116 0.1169
vn 0.6343 0.7127 0.2996
vn 0.6166 0.7518 0.2338
vn 0.5298 0.7597 0.3771
vn 0.3503 0.9135 0.2067
vn 0.6464 0.7587 0.0809
vn 0.6497 0.7576 0.0633
vn 0.7645 0.6443 0.0195
vn 0.7129 0.7010 0.0201
vn 0.7825 0.6192 0.0655
vn 0.5735 0.8171 0.0589
vn 0.7341 0.6783 0.0329
vn 0.5535 0.8323 0.0301
vn 0.4810 0.8689 0.1167
vn 0.8047 0.5811 0.1217
vn 0.6811 0.6852 0.2581
vn 0.3519 0.9058 0.2359
vn 0.5203 0.7516 0.4054
vn 0.3793 0.8698 0.3154
vn 0.4355 0.8803 0.1881
vn 0.5296 0.8460 0.0627
vn 0.5076 0.8278 0.2392
vn 0.5807 0.8129 0.0442
vn 0.7177 0.6858 0.1209
vn 0.5221 0.7783 0.3488
vn 0.3120 0.8938 0.3222
vn 0.6952 0.6698 0.2610
vn 0.5710 0.7638 0.3009
vn 0.7432 0.6627 0.0924
vn 0.4518 0.8517 0.2654
vn 0.5792 0.6824 0.4460
vn 0.7545 0.6011 0.2635
vn 0.6455 0.6715 0.3639
vn 0.7169 0.6924 0.0812
vn 0.6202 0.7681 0.1594
vn 0.7696 0.6343 0.0739
vn 0.5020 0.8615 0.0761
vn 0.4216 0.8616 0.2826
vn 0.4123 0.9089 0.0629
vn 0.4104 0.9058 0.1059
vn 0.1127 0.9925 0.0477
vn 0.0652 0.9970 0.0424
vn 0.1027 0.9935 0.0485
vn 0.0922 0.9957 0.0127
vn 0.2378 0.9693 0.0624
vn 0.1779 0.9663 0.1860
vn 0.0213 0.9994 0.0272
vn -0.0331 0.9888 0.1455
vn -0.0901 0.9313 0.3529
vn -0.3589 0.7390 0.5702
vn -0.2677 0.9138 0.3054
vn 0.0245 0.8041 0.5940
vn -0.0799 0.8255 0.5587
vn -0.3823 0.7491 0.5410
vn 0.2202 0.7662 0.6038
vn -0.3866 0.7769 0.4969
vn -0.4850 0.7022 0.5213
vn -0.3817 0.8606 0.3371
vn -0.1223 0.9423 0.3118
vn -0.2152 0.9693 0.1189
vn -0.4341 0.8851 0.1681
vn -0.6879 0.7092 0.1543
vn -0.5475 0.7444 0.3822
vn -0.6505 0.6879 0.3220
vn -0.3407 0.8321 0.4377
vn -0.6635 0.7361 0.1340
vn -0.3689 0.9057 0.2088
vn -0.7416 0.6511 0.1615
vn -0.1008 0.9757 0.1947
vn -0.7835 0.6083 0.1267
vn -0.7212 0.6272 0.2941
vn -0.4929 0.8581 0.1442
vn 0.0124 0.9845 0.1747
vn -0.0533 0.9978 0.0398
vn 0.1575 0.9740 0.1631
vn 0.1778 0.9104 0.3736
vn 0.3148 0.9055 0.2846
vn 0.4509 0.7415 0.4969
vn 0.3905 0.7565 0.5246
vn 0.4393 0.7906 0.4265
vn 0.5670 0.6900 0.4499
vn 0.5813 0.6872 0.4357
vn 0.1852 0.9715 0.1482
vn 0.3728 0.8869 0.2730
vn 0.3932 0.7657 0.5091
vn 0.2034 0.9459 0.2527
vn 0.1579 0.9824 0.1001
vn 0.3131 0.9184 0.2418
vn 0.6539 0.6369 0.4084
vn 0.6132 0.6900 0.3847
vn 0.0531 0.9957 0.0757
vn 0.0548 0.9983 0.0208
vn -0.1075 0.9938 0.0290
vn -0.1013 0.9948 0.0116
vn -0.2702 0.9601 0.0724
vn -0.2468 0.9653 0.0854
vn -0.4992 0.8339 0.2353
vn -0.4622 0.8815 0.0963
vn -0.6290 0.6586 0.4131
vn -0.6216 0.7437 0.2462
vn -0.6995 0.7110 0.0711
vn -0.4611 0.8862 0.0444
vn -0.2867 0.9506 0.1192
vn -0.2995 0.9413 0.1558
vn 0.0004 0.9999 0.0171
vn -0.0598 0.9883 0.1405
vn 0.1272 0.9903 0.0562
vn 0.2305 0.9563 0.1801
vn 0.2710 0.9544 0.1252
vn 0.4555 0.8575 0.2391
vn 0.4178 0.8191 0.3931
vn 0.6417 0.5225 0.5614
vn 0.4381 0.7080 0.5539
vn 0.4281 0.7542 0.4980
vn 0.1555 0.9221 0.3542
vn 0.2056 0.9707 0.1243
vn 0.1663 0.9857 0.0284
vn 0.2806 0.9484 0.1480
vn 0.2900 0.9434 0.1610
vn 0.5676 0.7716 0.2871
vn 0.5525 0.7278 0.4062
vn 0.0416 0.9901 0.1338
vn 0.0148 0.9992 0.0365
vn 0.1810 0.9675 0.1767
vn 0.0636 0.9440 0.3238
vn -0.0225 0.9319 0.3621
vn 0.0502 0.8463 0.5303
vn -0.0306 0.8378 0.5452
vn -0.0336 0.8425 0.5377
vn -0.2129 0.9086 0.3593
vn -0.4976 0.7953 0.3462
vn -0.5855 0.7700 0.2537
vn -0.0288 0.9470 0.3199
vn 0.0056 0.9997 0.0256
vn -0.0027 0.9948 0.1015
vn -0.1143 0.9605 0.2536
vn -0.3536 0.7312 0.5834
vn -0.1420 0.7292 0.6694
vn 0.0455 0.7600 0.6484
vn 0.0080 0.7233 0.6905
vn -0.0992 0.8199 0.5639
vn 0.2149 0.7827 0.5842
vn 0.3675 0.7316 0.5742
vn 0.4199 0.7870 0.4519
vn 0.3678 0.8031 0.4688
vn 0.4136 0.7468 0.5208
vn 0.4996 0.7567 0.4217
vn 0.6796 0.6959 0.2322
vn 0.6882 0.6921 0.2177
vn 0.6115 0.7272 0.3120
vn 0.5450 0.7470 0.3807
vn 0.5949 0.7439 0.3043
vn 0.6230 0.6876 0.3729
vn 0.8390 0.4709 0.2727
vn 0.7162 0.6497 0.2548
vn 0.5231 0.7761 0.3521
vn 0.3420 0.8375 0.4261
vn 0.5327 0.6529 0.5384
vn 0.4757 0.7166 0.5100
vn 0.5514 0.6850 0.4761
vn 0.7196 0.6034 0.3437
vn 0.7326 0.5983 0.3245
vn 0.7585 0.6032 0.2469
vn 0.5961 0.7694 0.2294
vn 0.6253 0.6712 0.3981
vn 0.7542 0.4612 0.4674
vn 0.5006 0.5477 0.6704
vn 0.6079 0.7256 0.3223
vn 0.4792 0.6960 0.5347
vn 0.4428 0.6927 0.5693
vn 0.7347 0.5666 0.3730
vn 0.4378 0.8642 0.2481
vn 0.6380 0.7507 0.1714
vn 0.4115 0.8931 0.1818
vn 0.5201 0.8294 0.2039
vn 0.3208 0.9211 0.2207
vn 0.6154 0.7492 0.2449
vn 0.7101 0.6640 0.2342
vn 0.6146 0.7250 0.3110
vn 0.6225 0.7386 0.2586
vn 0.6270 0.6449 0.4370
vn 0.5784 0.7182 0.3869
vn 0.7091 0.6209 0.3342
vn 0.5000 0.7837 0.3686
vn 0.4279 0.8448 0.3211
vn 0.5628 0.7149 0.4149
vn 0.5424 0.7324 0.4116
vn 0.4535 0.8297 0.3256
vn 0.4859 0.8508 0.2001
vn 0.7200 0.6634 0.2037
vn 0.6001 0.7628 0.2408
vn 0.6847 0.6973 0.2121
vn 0.5717 0.7304 0.3738
vn 0.4286 0.8485 0.3104
vn 0.6080 0.7504 0.2592
vn 0.5081 0.7914 0.3398
vn 0.6843 0.6817 0.2590
vn 0.5857 0.7528 0.3003
vn 0.4321 0.8669 0.2484
vn 0.2629 0.9342 0.2412
vn 0.2662 0.9520 0.1512
vn 0.2069 0.9548 0.2133
vn 0.2150 0.9679 0.1298
vn 0.1643 0.9844 0.0628
vn 0.0482 0.9863 0.1580
vn 0.4399 0.8771 0.1931
vn 0.1500 0.9678 0.2023
vn 0.1662 0.8952 0.4136
vn 0.1457 0.9223 0.3579
vn 0.3813 0.8234 0.4203
vn 0.5637 0.7619 0.3190
vn 0.6876 0.6607 0.3011
vn 0.6516 0.7419 0.1579
vn 0.4661 0.8616 0.2010
vn 0.4981 0.8473 0.1841
vn 0.4789 0.8096 0.3394
vn 0.2941 0.8996 0.3228
vn 0.4007 0.9072 0.1285
vn 0.2795 0.9506 0.1348
vn 0.3213 0.9338 0.1574
vn 0.5792 0.7889 0.2054
vn 0.4020 0.8653 0.2994
vn 0.4411 0.8616 0.2510
vn 0.6936 0.6593 0.2903
vn 0.5188 0.7937 0.3177
vn 0.4676 0.7827 0.4108
vn 0.4695 0.8483 0.2450
vn 0.5742 0.7592 0.3064
vn 0.5807 0.7844 0.2178
vn 0.3465 0.8633 0.3670
vn 0.2225 0.9552 0.1949
vn 0.4363 0.8862 0.1558
vn 0.4615 0.8684 0.1812
vn 0.4943 0.8569 0.1459
vn 0.2856 0.9500 0.1264
vn 0.2062 0.9662 0.1547
vn 0.4330 0.8740 0.2206
vn 0.4281 0.8602 0.2772
vn 0.6893 0.6461 0.3277
vn 0.7699 0.5669 0.2932
vn 0.7388 0.5601 0.3748
vn 0.4776 0.7917 0.3810
vn 0.2929 0.9221 0.2528
vn 0.5720 0.7437 0.3460
vn 0.5168 0.7136 0.4729
vn 0.4193 0.7911 0.4453
vn 0.5082 0.8335 0.2167
vn 0.4616 0.8640 0.2012
vn 0.5884 0.7087 0.3893
vn 0.6298 0.7008 0.3351
vn 0.5944 0.7937 0.1292
vn 0.6018 0.6822 0.4153
vn 0.6475 0.6915 0.3202
vn 0.7985 0.5442 0.2574
vn 0.7042 0.6481 0.2900
vn 0.6426 0.7320 0.2263
vn 0.6178 0.7733 0.1429
vn 0.5353 0.8306 0.1531
vn 0.5682 0.7779 0.2683
vn 0.8131 0.5069 0.2862
vn 0.6754 0.6977 0.2390
vn 0.6034 0.7019 0.3784
vn 0.8032 0.3304 0.4956
vn 0.5798 0.5475 0.6033
vn 0.5785 0.6393 0.5066
vn 0.6185 0.6245 0.4769
vn 0.8263 0.5491 0.1252
vn 0.8639 0.4810 0.1495
vn 0.8211 0.5701 0.0292
vn 0.6547 0.7469 0.1161
vn 0.5065 0.8416 0.1875
vn 0.5195 0.8532 0.0471
vn 0.5559 0.7307 0.3964
vn 0.6738 0.7257 0.1390
vn 0.6632 0.7181 0.2109
vn 0.6288 0.6538 0.4210
vn 0.4611 0.7965 0.3911
vn 0.5960 0.7379 0.3167
vn 0.5291 0.8480 0.0313
vn 0.7532 0.6524 0.0839
vn 0.8297 0.4367 0.3476
vn 0.6265 0.4194 0.6570
vn 0.6369 0.0986 0.7646
vn 0.2828 0.0018 0.9592
vn 0.0645 -0.0985 0.9930
vn 0.2208 0.2176 0.9507
vn 0.3974 0.0593 0.9157
vn 0.5010 -0.2021 0.8415
vn 0.6568 0.1563 0.7377
vn 0.8375 0.1532 0.5245
vn 0.7731 0.6342 0.0059
vn 0.6249 0.7807 0.0029
vn 0.7021 0.7117 0.0232
vn 0.8631 0.5017 0.0577
vn 0.5227 0.8518 0.0349
vn 0.4964 0.8560 0.1442
vn 0.7179 0.6421 0.2689
vn 0.8685 0.4349 0.2377
vn 0.7886 0.6149 -0.0043
vn 0.8023 0.5969 0.0067
vn 0.6733 0.7388 0.0302
vn 0.6071 0.7946 0.0050
vn 0.4555 0.8902 -0.0038
vn 0.7204 0.6929 0.0282
vn 0.8032 0.5956 0.0138
vn 0.8110 0.5845 0.0260
vn 0.4808 0.8688 0.1182
vn 0.5957 0.8013 0.0553
vn 0.8179 0.5605 0.1300
vn 0.6598 0.6469 0.3824
vn 0.7472 0.4599 0.4797
vn 0.5995 0.5143 0.6133
vn 0.6482 0.6306 0.4268
vn 0.7276 0.5896 0.3507
vn 0.6949 0.6010 0.3948
vn 0.8501 0.4834 0.2091
vn 0.9329 0.3222 0.1611
vn 0.9406 0.3165 0.1232
vn 0.6752 0.7285 0.1158
vn 0.6345 0.7484 0.1931
vn 0.6102 0.7920 0.0212
vn 0.7093 0.7033 0.0485
vn 0.6918 0.7216 0.0260
vn 0.7880 0.6120 0.0677
vn 0.6901 0.7226 0.0398
vn 0.8025 0.5715 0.1716
vn 0.5191 0.8531 0.0521
vn 0.4619 0.8522 0.2458
vn 0.2945 0.8248 0.4827
vn 0.6721 0.6428 0.3677
vn 0.7595 0.6315 0.1560
vn 0.6298 0.7602 0.1594
vn 0.5798 0.8012 0.1480
vn 0.6055 0.7882 0.1099
vn 0.7369 0.6642 0.1260
vn 0.7049 0.7071 0.0567
vn 0.7741 0.6213 0.1218
vn 0.7188 0.6815 0.1372
vn 0.8180 0.4714 0.3295
vn 0.8778 0.4698 0.0933
vn 0.6274 0.7206 0.2952
vn 0.5270 0.7065 0.4724
vn 0.4074 0.8577 0.3138
vn 0.5970 0.6353 0.4899
vn 0.5168 0.6576 0.5482
vn 0.6180 0.7410 0.2627
vn 0.4802 0.8253 0.2971
vn 0.7208 0.6352 0.2774
vn 0.5945 0.6694 0.4456
vn 0.6685 0.6276 0.3991
vn 0.6235 0.6609 0.4177
vn 0.7914 0.5916 0.1538
vn 0.6985 0.5311 0.4797
vn 0.6165 0.7678 0.1743
vn 0.6707 0.7315 0.1228
vn 0.6412 0.6536 0.4022
vn 0.5537 0.5555 0.6204
vn 0.7560 0.5745 0.3137
vn 0.7941 0.5739 0.2002
vn 0.5346 0.8297 0.1604
vn 0.7780 0.6069 0.1622
vn 0.5470 0.7706 0.3272
vn 0.6728 0.7066 0.2191
vn 0.6176 0.6175 0.4871
vn 0.8576 0.4242 0.2909
vn 0.7694 0.6164 0.1676
vn 0.5543 0.8172 0.1580
vn 0.7342 0.6457 0.2096
vn 0.5170 0.8233 0.2345
vn 0.4781 0.8565 0.1946
vn 0.7503 0.4756 0.4593
vn 0.4655 0.5494 0.6938
vn 0.5532 0.6447 0.5275
vn 0.5788 0.7663 0.2789
vn 0.6438 0.7341 0.2161
vn 0.4727 0.8069 0.3541
vn 0.5937 0.7136 0.3719
vn 0.3509 0.8517 0.3891
vn 0.6267 0.7165 0.3063
vn 0.6635 0.7363 0.1329
vn 0.8036 0.5696 0.1725
vn 0.6810 0.6941 0.2336
vn 0.5081 0.8106 0.2912
vn 0.7130 0.6190 0.3293
vn 0.8311 0.4313 0.3512
vn 0.6141 0.6647 0.4256
vn 0.4963 0.8423 0.2104
vn 0.4769 0.8545 0.2059
vn 0.4709 0.8345 0.2860
vn 0.5663 0.8096 0.1547
vn 0.7057 0.6616 0.2536
vn 0.7771 0.6036 0.1783
vn 0.8275 0.5213 0.2086
vn 0.7088 0.6814 0.1825
vn 0.7810 0.5253 0.3379
vn 0.6625 0.6839 0.3057
vn 0.7467 0.5686 0.3451
vn 0.6513 0.6730 0.3506
vn 0.5975 0.7454 0.2956
vn 0.7412 0.6294 0.2334
vn 0.8507 0.4281 0.3051
vn 0.6739 0.6776 0.2945
vn 0.6804 0.6753 0.2846
vn 0.6679 0.6369 0.3852
vn 0.6020 0.7418 0.2956
vn 0.6312 0.6133 0.4749
vn 0.4723 0.6696 0.5732
vn 0.6426 0.7241 0.2505
vn 0.7498 0.5945 0.2906
vn 0.5701 0.6696 0.4759
vn 0.6350 0.6316 0.4448
vn 0.7446 0.6160 0.2571
vn 0.5948 0.7679 0.2378
vn 0.5739 0.7496 0.3298
vn 0.6299 0.7697 0.1035
vn 0.6663 0.7103 0.2270
vn 0.7237 0.6082 0.3262
vn 0.5632 0.5987 0.5695
vn 0.7622 0.4371 0.4775
vn 0.6227 0.7017 0.3463
vn 0.5401 0.7513 0.3792
vn 0.5756 0.7296 0.3693
vn 0.5526 0.7399 0.3836
vn 0.5626 0.7998 0.2094
vn 0.3687 0.8901 0.2680
vn 0.2915 0.9471 0.1344
vn 0.1652 0.9851 0.0473
vn 0.1283 0.9914 -0.0256
vn 0.3265 0.9449 -0.0237
vn 0.3965 0.9174 0.0335
vn 0.3155 0.9401 -0.1289
vn 0.2547 0.9476 -0.1928
vn 0.0321 0.9981 -0.0532
vn 0.1586 0.9254 -0.3441
vn -0.0811 0.6714 -0.7367
vn -0.0038 0.9297 -0.3682
vn 0.0981 0.7589 -0.6438
vn 0.0185 0.9301 -0.3668
vn -0.0353 0.7599 -0.6491
vn -0.1622 0.3432 -0.9251
vn -0.1957 0.2047 -0.9591
vn -0.2395 0.0920 -0.9665
vn -0.0958 0.4649 -0.8802
vn -0.2345 0.2056 -0.9501
vn 0.1018 0.7086 -0.6982
vn 0.3701 0.8249 -0.4273
vn 0.4187 0.8963 -0.1458
vn 0.7413 0.6354 -0.2164
vn 0.5406 0.7692 -0.3407
vn 0.5604 0.7336 -0.3844
vn 0.5135 0.8146 -0.2697
vn 0.5295 0.8359 -0.1445
vn 0.6250 0.7795 -0.0412
vn 0.6428 0.7652 0.0351
vn 0.7123 0.6810 0.1700
vn 0.6847 0.7276 -0.0415
vn 0.4608 0.8861 0.0494
vn 0.6390 0.7271 -0.2509
vn 0.3485 0.8134 -0.4657
vn 0.2436 0.9558 -0.1645
vn 0.5508 0.7915 -0.2649
vn 0.1995 0.9788 -0.0468
vn 0.1996 0.8715 -0.4479
vn 0.2799 0.8615 -0.4237
vn 0.2458 0.6669 -0.7035
vn 0.0572 0.6612 -0.7480
vn 0.0387 0.3806 -0.9239
vn -0.1637 0.4182 -0.8935
vn -0.2259 0.1819 -0.9570
vn -0.2714 0.0543 -0.9609
vn -0.2468 0.0172 -0.9689
vn -0.3236 -0.0870 -0.9422
vn 0.0888 0.8627 -0.4978
vn -0.1119 0.4227 -0.8994
vn -0.0745 0.7089 -0.7014
vn -0.3026 0.4217 -0.8548
vn -0.2927 0.1286 -0.9475
vn -0.4312 0.1330 -0.8924
vn -0.4970 0.2592 -0.8281
vn -0.6621 0.3741 -0.6494
vn -0.6632 0.5616 -0.4948
vn -0.3581 -0.0155 -0.9335
vn -0.3493 -0.1391 -0.9266
vn -0.2482 0.1840 -0.9511
vn -0.4193 0.4922 -0.7629
vn -0.2177 -0.0892 -0.9719
vn -0.0321 -0.0179 -0.9993
vn -0.1973 -0.0041 -0.9803
vn -0.3562 -0.0841 -0.9306
vn -0.1626 0.0079 -0.9867
vn -0.3102 -0.1036 -0.9450
vn -0.3101 -0.1018 -0.9452
vn -0.1194 -0.0396 -0.9921
vn -0.1513 -0.0619 -0.9865
vn -0.1071 -0.0426 -0.9933
vn -0.3656 -0.1201 -0.9230
vn -0.3507 -0.0456 -0.9354
vn -0.3388 -0.1039 -0.9351
vn -0.3424 -0.0969 -0.9346
vn -0.2265 -0.0663 -0.9718
vn -0.1237 0.0497 -0.9911
vn -0.1016 -0.0439 -0.9939
vn -0.0606 -0.0315 -0.9977
vn -0.2195 -0.0714 -0.9730
vn 0.1295 0.2611 -0.9566
vn -0.1898 0.1562 -0.9693
vn 0.0722 0.4289 -0.9005
vn 0.3363 0.6118 -0.7160
vn 0.5768 0.6234 -0.5278
vn 0.5740 0.6587 -0.4866
vn 0.6998 0.6240 -0.3476
vn 0.5962 0.7518 -0.2819
vn 0.7675 0.5080 -0.3910
vn 0.4807 0.8559 -0.1906
vn 0.4631 0.7973 -0.3872
vn 0.5621 0.6059 -0.5629
vn 0.3301 0.9422 0.0574
vn 0.3218 0.9410 -0.1047
vn 0.5026 0.8622 0.0633
vn 0.3335 0.9371 0.1031
vn 0.4040 0.8899 0.2118
vn 0.5524 0.8186 0.1574
vn 0.6506 0.6669 0.3632
vn 0.7779 0.5828 0.2350
vn 0.4909 0.7826 0.3828
vn 0.5868 0.6971 0.4120
vn 0.5422 0.6983 0.4674
vn 0.6532 0.6996 0.2898
vn 0.4803 0.8446 0.2365
vn 0.4975 0.7598 0.4186
vn 0.6953 0.5532 0.4588
vn 0.6249 0.7551 0.1984
vn 0.6751 0.7375 -0.0180
vn 0.6142 0.7602 -0.2117
vn 0.5258 0.7589 -0.3842
vn 0.7494 0.6559 0.0906
vn 0.7045 0.6902 0.1650
vn 0.6439 0.6710 0.3676
vn 0.6364 0.5966 0.4890
vn 0.6132 0.4892 0.6203
vn 0.7000 0.5957 0.3939
vn 0.4939 0.6957 0.5216
vn 0.7593 0.5635 0.3255
vn 0.8285 0.5498 0.1062
vn 0.7231 0.6341 0.2738
vn 0.8406 0.5416 -0.0101
vn 0.6511 0.7493 0.1212
vn 0.6858 0.6867 0.2413
vn 0.6352 0.6376 0.4359
vn 0.7061 0.5727 0.4165
vn 0.6744 0.7376 -0.0346
vn 0.5680 0.8074 -0.1597
vn 0.4294 0.8530 -0.2966
vn 0.3223 0.8986 -0.2977
vn 0.7943 0.5583 -0.2395
vn 0.4666 0.7503 -0.4684
vn 0.8012 0.5897 -0.1013
vn 0.7061 0.6886 0.1654
vn 0.6995 0.7137 -0.0361
vn 0.7013 0.6586 -0.2727
vn 0.6777 0.6793 -0.2815
vn 0.5856 0.7196 -0.3732
vn 0.2386 0.6904 -0.6830
vn 0.3105 0.8908 -0.3318
vn 0.8150 0.5113 -0.2727
vn 0.7159 0.6247 -0.3119
vn 0.7696 0.4340 -0.4683
vn 0.9374 0.2324 -0.2595
vn 0.8422 0.5058 -0.1865
vn 0.5214 0.7710 -0.3657
vn 0.4888 0.6446 -0.5878
vn 0.6154 0.7540 -0.2297
vn 0.5959 0.6848 -0.4194
vn 0.8783 0.4221 -0.2245
vn 0.0587 0.5056 -0.8608
vn -0.4323 0.0046 -0.9017
vn -0.2807 0.1172 -0.9526
vn -0.0570 0.0976 -0.9936
vn -0.3565 -0.1047 -0.9284
vn 0.2489 0.4470 -0.8592
vn 0.5962 0.6802 -0.4264
vn 0.5921 0.7804 -0.2010
vn 0.2890 0.9429 -0.1656
vn 0.6285 0.6684 -0.3978
vn 0.5179 0.7971 -0.3104
vn 0.6172 0.4295 -0.6592
vn 0.7419 0.5729 -0.3484
vn 0.6473 0.7091 -0.2798
vn 0.4529 0.8629 -0.2242
vn 0.5961 0.6632 -0.4526
vn 0.6143 0.7871 0.0553
vn 0.7153 0.6957 0.0661
vn 0.6813 0.6116 0.4022
vn 0.6175 0.6548 0.4358
vn 0.7530 0.6041 0.2610
vn 0.7668 0.6046 0.2155
vn 0.6665 0.6824 0.3002
vn 0.6604 0.6853 0.3070
vn 0.6944 0.6407 0.3276
vn 0.6247 0.7327 0.2700
vn 0.6513 0.6138 0.4462
vn 0.8220 0.4885 0.2927
vn 0.6858 0.5394 0.4886
vn 0.5737 0.6370 0.5149
vn 0.7719 0.5149 0.3729
vn 0.6649 0.5925 0.4548
vn 0.6044 0.7525 0.2615
vn 0.7479 0.6083 0.2657
vn 0.5832 0.7675 0.2661
vn 0.7004 0.5671 0.4334
vn 0.8381 0.4498 0.3088
vn 0.7241 0.4293 0.5398
vn 0.6572 0.5791 0.4823
vn 0.7040 0.6583 0.2667
vn 0.8108 0.5081 0.2907
vn 0.6103 0.6954 0.3795
vn 0.8067 0.3827 0.4504
vn 0.6251 0.7620 0.1690
vn 0.5493 0.7632 0.3403
vn 0.8465 0.5126 0.1438
vn 0.6922 0.6917 0.2057
vn 0.8230 0.5496 0.1433
vn 0.8352 0.4962 0.2372
vn 0.7496 0.5218 0.4072
vn 0.6900 0.6266 0.3622
vn 0.7278 0.6781 0.1025
vn 0.7895 0.5830 0.1916
vn 0.5554 0.6867 0.4690
vn 0.7799 0.4718 0.4114
vn 0.7115 0.6247 0.3217
vn 0.8905 0.4141 0.1886
vn 0.5484 0.7532 0.3631
vn 0.7770 0.5540 0.2989
vn 0.9236 0.2146 0.3176
vn 0.6369 0.7077 0.3057
vn 0.5717 0.7074 0.4156
vn 0.5566 0.7664 0.3207
vn 0.8645 0.4425 0.2383
vn 0.6130 0.7578 0.2236
vn 0.6710 0.5554 0.4912
vn 0.8117 0.5521 0.1906
vn 0.7357 0.6360 0.2327
vn 0.8639 0.4831 0.1424
vn 0.7325 0.6515 0.1974
vn 0.8493 0.4305 0.3056
vn 0.6147 0.7538 0.2322
vn 0.7173 0.6140 0.3294
vn 0.8928 0.4080 0.1911
vn 0.8496 0.4918 0.1903
vn 0.7815 0.6130 0.1161
vn 0.7825 0.6140 0.1030
vn 0.5209 0.8423 0.1385
vn 0.5919 0.7957 0.1287
vn 0.4761 0.7932 0.3797
vn 0.5264 0.8250 0.2055
vn 0.5612 0.6290 0.5380
vn 0.8752 0.4214 0.2377
vn 0.8234 0.5618 0.0805
vn 0.7435 0.6618 0.0962
vn 0.8166 0.5416 0.1993
vn 0.6892 0.6734 0.2674
vn 0.6484 0.7068 0.2828
vn 0.4426 0.8710 0.2131
vn 0.8158 0.4946 0.2997
vn 0.6446 0.6691 0.3699
vn 0.6044 0.7771 0.1753
vn 0.5320 0.8448 0.0576
vn 0.6429 0.6973 0.3171
vn 0.7616 0.6084 0.2230
vn 0.7643 0.6355 0.1099
vn 0.7880 0.5525 0.2716
vn 0.8829 0.4187 0.2126
vn 0.5455 0.6897 0.4763
vn 0.6036 0.7186 0.3454
vn 0.5939 0.8031 0.0486
vn 0.8168 0.5752 0.0439
vn 0.7851 0.6166 0.0582
vn 0.5213 0.8189 0.2403
vn 0.7372 0.6626 0.1324
vn 0.9459 0.2810 0.1624
vn 0.8510 0.4667 0.2410
vn 0.9249 0.2503 0.2862
vn 0.9086 0.3578 0.2153
vn 0.8532 0.5210 0.0250
vn 0.7017 0.7123 0.0154
vn 0.7068 0.7056 0.0513
vn 0.6927 0.7159 0.0881
vn 0.8122 0.5795 0.0673
vn 0.7616 0.6340 0.1344
vn 0.8605 0.4528 0.2333
vn 0.8122 0.4741 0.3399
vn 0.8763 0.4262 0.2246
vn 0.9269 0.1964 0.3199
vn 0.8662 0.4870 0.1122
vn 0.8193 0.5729 0.0228
vn 0.9707 0.1859 0.1521
vn 0.6159 0.7619 0.2001
vn 0.9229 0.3755 0.0847
vn 0.9340 0.3539 0.0491
vn 0.8229 0.5682 0.0086
vn 0.8009 0.5986 0.0147
vn 0.7134 0.6998 0.0370
vn 0.8777 0.4743 0.0685
vn 0.9635 0.2657 0.0332
vn 0.9742 0.1949 0.1137
vn 0.8675 0.4746 0.1488
vn 0.8416 0.4739 0.2593
vn 0.9519 0.2923 0.0915
vn 0.8974 0.4383 0.0513
vn 0.6940 0.5833 0.4220
vn 0.5043 0.6572 0.5602
vn 0.8148 0.4728 0.3355
vn 0.8534 0.4834 0.1951
vn 0.6460 0.4971 0.5793
vn 0.3183 0.4996 0.8057
vn 0.4941 0.6104 0.6190
vn 0.2863 0.5713 0.7692
vn 0.6987 0.3836 0.6039
vn 0.8444 0.4562 0.2807
vn 0.7581 0.5643 0.3269
vn 0.6984 0.6937 0.1761
vn 0.7378 0.6643 0.1202
vn 0.7993 0.5991 0.0463
vn 0.5172 0.4820 0.7072
vn 0.4377 0.3064 0.8453
vn -0.0314 0.0051 0.9995
vn -0.0042 0.0081 1.0000
vn 0.1110 -0.3287 0.9379
vn 0.0348 -0.9943 0.1005
vn 0.1448 -0.9850 0.0934
vn 0.4307 -0.8365 0.3388
vn 0.4582 -0.6711 0.5828
vn 0.1111 -0.9829 0.1469
vn 0.2745 -0.9064 0.3211
vn 0.1045 -0.6360 0.7646
vn 0.0645 -0.8641 0.4991
vn -0.0045 0.0058 1.0000
vn -0.0286 0.0238 0.9993
vn -0.0192 0.0443 0.9988
vn -0.0220 0.0540 0.9983
vn 0.0138 -0.9659 0.2586
vn 0.0919 -0.9932 0.0719
vn 0.0289 -0.9990 0.0342
vn 0.2669 -0.9188 0.2907
vn 0.1810 -0.9740 0.1362
vn 0.1283 -0.9909 0.0413
vn 0.2683 -0.9187 0.2898
vn 0.3374 -0.7067 0.6219
vn 0.3701 -0.3685 0.8528
vn 0.5635 -0.7741 0.2884
vn 0.6187 -0.5282 0.5816
vn 0.0878 -0.0703 0.9937
vn 0.0308 -0.0541 0.9981
vn 0.2859 -0.1916 0.9389
vn 0.0467 -0.0886 0.9950
vn 0.1588 -0.3995 0.9029
vn 0.4710 -0.4634 0.7506
vn 0.7529 -0.5829 0.3056
vn 0.5740 -0.7528 0.3223
vn 0.7400 -0.6653 0.0987
vn 0.7135 -0.6980 0.0618
vn 0.4067 -0.9121 0.0515
vn 0.1784 -0.9800 0.0878
vn 0.3917 -0.8678 0.3059
vn 0.4555 -0.7458 0.4861
vn 0.4885 -0.7432 0.4571
vn 0.4159 -0.7054 0.5739
vn 0.4827 -0.6525 0.5841
vn 0.3401 -0.8078 0.4814
vn 0.3791 -0.8293 0.4105
vn 0.1615 -0.9562 0.2441
vn 0.4589 -0.8346 0.3048
vn 0.2592 -0.9601 0.1048
vn 0.0618 -0.9948 0.0806
vn 0.0467 -0.9988 0.0149
vn 0.0080 -1.0000 -0.0043
vn 0.1597 -0.9852 0.0625
vn 0.1268 -0.9911 0.0410
vn 0.4218 -0.8956 0.1415
vn 0.5628 -0.6756 0.4763
vn 0.5868 -0.7380 0.3332
vn 0.5131 -0.8491 0.1254
vn 0.6671 -0.7261 0.1666
vn 0.6588 -0.6806 0.3204
vn 0.6270 -0.7668 0.1373
vn 0.3550 -0.9324 0.0681
vn 0.7893 -0.6134 0.0271
vn 0.3761 -0.9228 0.0842
vn 0.6923 -0.6927 0.2021
vn 0.2743 -0.9039 0.3281
vn 0.5797 -0.6608 0.4768
vn 0.1096 -0.9812 0.1585
vn 0.1081 -0.9932 0.0424
vn 0.0937 -0.9944 0.0498
vn 0.2553 -0.9204 0.2961
vn 0.3558 -0.7933 0.4940
vn 0.6015 -0.7176 0.3511
vn 0.6995 -0.6138 0.3659
vn 0.5590 -0.6342 0.5341
vn 0.7988 -0.5892 0.1218
vn 0.7043 -0.7051 0.0827
vn 0.5325 -0.7743 0.3420
vn 0.2475 -0.9583 0.1426
vn 0.0854 -0.9955 0.0422
vn 0.0336 -0.8757 0.4817
vn 0.0766 -0.9750 0.2086
vn 0.0076 -0.6828 0.7306
vn 0.0411 -0.9946 0.0953
vn 0.0053 -1.0000 0.0068
vn 0.0272 -0.9996 0.0090
vn 0.0239 -0.9993 0.0283
vn 0.2547 -0.9205 0.2962
vn 0.2065 -0.7654 0.6096
vn 0.4597 -0.7637 0.4533
vn 0.4375 -0.7476 0.4997
vn 0.2521 -0.6871 0.6814
vn 0.1174 -0.7170 0.6871
vn 0.0139 -0.6667 0.7452
vn 0.0215 -0.8116 0.5838
vn 0.1771 -0.8491 0.4978
vn 0.0619 -0.6544 0.7536
vn 0.0288 -0.9215 0.3873
vn 0.0469 -0.9754 0.2153
vn 0.1785 -0.9622 0.2058
vn -0.0241 -0.6658 0.7457
vn -0.1876 -0.7734 0.6055
vn -0.3425 -0.8324 0.4358
vn -0.2452 -0.8652 0.4374
vn -0.2240 -0.9422 0.2491
vn -0.0696 -0.9427 0.3263
vn -0.0673 -0.9920 0.1068
vn -0.2520 -0.9576 0.1397
vn -0.1456 -0.9870 0.0674
vn -0.0466 -0.9986 0.0259
vn -0.1584 -0.9823 0.1002
vn -0.0729 -0.9948 0.0710
vn -0.1949 -0.9526 0.2336
vn -0.4017 -0.8761 0.2665
vn -0.6392 -0.6639 0.3882
vn -0.4081 -0.8926 0.1914
vn -0.4306 -0.8725 0.2308
vn -0.4467 -0.8302 0.3335
vn -0.5470 -0.8270 0.1300
vn -0.3042 -0.9449 0.1213
vn -0.4446 -0.8600 0.2503
vn -0.2388 -0.9454 0.2218
vn -0.3987 -0.8936 0.2063
vn -0.6331 -0.7313 0.2539
vn -0.2960 -0.8678 0.3992
vn -0.4818 -0.8435 0.2374
vn -0.6224 -0.7521 0.2168
vn -0.4708 -0.8708 0.1415
vn -0.5261 -0.8431 0.1109
vn -0.6222 -0.7070 0.3362
vn -0.7061 -0.6833 0.1858
vn -0.8314 -0.5361 0.1463
vn -0.5908 -0.7957 0.1332
vn -0.8356 -0.5440 0.0760
vn -0.6720 -0.7397 0.0354
vn -0.8578 -0.5082 0.0774
vn -0.8332 -0.5039 0.2279
vn -0.9020 -0.3577 0.2417
vn -0.8432 -0.5091 0.1729
vn -0.8602 -0.4514 0.2374
vn -0.8577 -0.4844 0.1726
vn -0.9650 -0.1819 0.1891
vn -0.7140 -0.6068 0.3494
vn -0.4696 -0.7741 0.4246
vn -0.7467 -0.5066 0.4311
vn -0.7652 -0.6231 0.1621
vn -0.5844 -0.8113 -0.0186
vn -0.6617 -0.6204 -0.4210
vn -0.4750 -0.5401 -0.6947
vn -0.5885 -0.7532 0.2938
vn -0.6040 -0.4638 -0.6481
vn -0.3265 -0.2219 -0.9188
vn -0.8581 -0.2040 -0.4712
vn -0.8817 -0.2812 -0.3788
vn -0.9372 -0.2804 -0.2072
vn -0.8150 -0.5201 -0.2556
vn -0.6804 -0.1475 -0.7178
vn 0.4420 -0.0694 -0.8943
vn 0.5913 0.1302 -0.7959
vn 0.2860 0.1300 -0.9494
vn -0.7609 -0.2331 -0.6056
vn -0.9043 -0.2736 -0.3277
vn -0.9380 -0.3068 -0.1611
vn -0.8825 -0.4347 -0.1794
vn -0.9431 -0.3047 -0.1328
vn -0.9430 -0.2997 -0.1444
vn -0.9378 -0.3150 -0.1457
vn -0.9394 -0.3175 -0.1291
vn -0.9317 -0.3400 -0.1277
vn -0.9307 -0.3410 -0.1325
vn -0.9264 -0.3401 -0.1619
vn -0.9172 -0.3059 -0.2551
vn -0.9180 -0.3045 -0.2539
vn -0.9315 -0.3080 -0.1937
vn -0.9163 -0.3284 -0.2293
vn -0.9082 -0.3290 -0.2588
vn -0.9088 -0.3265 -0.2597
vn -0.9139 -0.3297 -0.2369
vn -0.9162 -0.3030 -0.2621
vn -0.9299 -0.3064 -0.2034
vn -0.9231 -0.3278 -0.2011
vn -0.9276 -0.3098 -0.2088
vn -0.9221 -0.3101 -0.2313
vn -0.9265 -0.3140 -0.2072
vn -0.9376 -0.3295 -0.1109
vn -0.9417 -0.3108 -0.1291
vn -0.9284 -0.3105 -0.2038
vn -0.9311 -0.3492 -0.1053
vn -0.8986 -0.3572 -0.2548
vn -0.7652 -0.2763 -0.5815
vn -0.3568 -0.1115 -0.9275
vn 0.2048 0.0659 -0.9766
vn 0.4262 0.1629 -0.8898
vn 0.1586 0.0597 -0.9855
vn 0.3869 0.1272 -0.9133
vn 0.4141 0.1410 -0.8992
vn -0.0673 -0.0290 -0.9973
vn -0.6748 -0.2904 -0.6784
vn -0.9040 -0.3378 -0.2620
vn -0.9430 -0.3130 -0.1133
vn -0.9133 -0.3010 -0.2742
vn -0.7744 -0.2448 -0.5835
vn -0.2021 -0.0921 -0.9750
vn 0.3530 0.1126 -0.9288
vn 0.4102 0.1344 -0.9020
vn 0.3465 0.1061 -0.9320
vn 0.2032 0.0654 -0.9769
vn 0.1860 0.0663 -0.9803
vn 0.0156 0.0059 -0.9999
vn -0.0537 -0.0180 -0.9984
vn -0.2573 -0.0818 -0.9629
vn -0.2589 -0.1051 -0.9602
vn -0.7466 -0.2607 -0.6120
vn -0.9421 -0.3151 -0.1147
vn -0.9271 -0.3155 -0.2022
vn -0.9426 -0.3115 -0.1201
vn -0.8189 -0.2724 -0.5052
vn -0.2635 -0.0929 -0.9602
vn 0.3966 0.1342 -0.9081
vn 0.3452 0.1084 -0.9323
vn 0.3967 0.1294 -0.9088
vn 0.3517 0.1088 -0.9298
vn -0.2531 -0.0865 -0.9636
vn -0.2417 -0.0911 -0.9661
vn -0.7506 -0.2660 -0.6048
vn -0.7639 -0.2512 -0.5944
vn -0.9094 -0.3097 -0.2776
vn -0.9388 -0.3237 -0.1180
vn -0.9451 -0.3143 -0.0895
vn -0.9251 -0.3154 -0.2114
vn -0.9376 -0.3290 -0.1127
vn -0.9201 -0.3323 -0.2074
vn -0.9193 -0.3333 -0.2091
vn -0.9371 -0.3124 -0.1559
vn -0.9444 -0.3101 -0.1091
vn -0.9437 -0.3152 -0.1004
vn -0.9245 -0.3018 -0.2329
vn -0.2452 -0.0690 -0.9670
vn -0.2359 -0.0713 -0.9692
vn -0.7566 -0.2475 -0.6053
vn -0.7825 -0.2418 -0.5738
vn -0.9098 -0.3119 -0.2737
vn 0.3554 0.1198 -0.9270
vn -0.2438 -0.0947 -0.9652
vn -0.7859 -0.2582 -0.5618
vn 0.1024 0.0346 -0.9941
vn 0.0141 0.0068 -0.9999
vn 0.2001 0.0652 -0.9776
vn 0.1741 0.0632 -0.9827
vn 0.0284 0.0064 -0.9996
vn 0.0960 0.0338 -0.9948
vn 0.2203 0.0736 -0.9726
vn -0.0525 -0.0184 -0.9985
vn 0.4064 0.1357 -0.9036
vn -0.2503 -0.0941 -0.9636
vn -0.7509 -0.2676 -0.6037
vn -0.9086 -0.3126 -0.2771
vn -0.9405 -0.3211 -0.1113
vn -0.9355 -0.3126 -0.1649
vn -0.9255 -0.3605 -0.1164
vn -0.9311 -0.3508 -0.1003
vn -0.8996 -0.3649 -0.2402
vn -0.7979 -0.2791 -0.5343
vn 0.3070 0.1081 -0.9456
vn 0.3910 0.1410 -0.9095
vn 0.0022 0.0018 -1.0000
vn 0.2023 0.0790 -0.9761
vn 0.3777 0.1252 -0.9174
vn -0.0595 -0.0491 -0.9970
vn -0.3683 -0.1319 -0.9203
vn -0.6893 -0.2780 -0.6690
vn 0.4145 0.1418 -0.8989
vn 0.3546 0.1149 -0.9279
vn -0.2197 -0.1002 -0.9704
vn -0.7676 -0.2793 -0.5769
vn -0.9023 -0.3392 -0.2661
vn -0.9366 -0.3357 -0.1000
vn -0.9326 -0.3435 -0.1110
vn -0.9221 -0.3321 -0.1987
vn -0.9195 -0.3327 -0.2095
vn -0.9311 -0.3183 -0.1779
vn -0.9119 -0.3099 -0.2690
vn -0.9247 -0.3100 -0.2211
vn -0.9160 -0.3075 -0.2576
vn -0.9269 -0.3123 -0.2080
vn -0.9283 -0.3176 -0.1934
vn -0.9273 -0.3136 -0.2042
vn -0.9432 -0.3121 -0.1143
vn -0.9131 -0.3075 -0.2675
vn -0.9426 -0.3147 -0.1114
vn -0.2358 -0.0797 -0.9685
vn 0.4096 0.1358 -0.9021
vn 0.3439 0.1061 -0.9330
vn -0.7634 -0.2746 -0.5847
vn -0.2324 -0.0868 -0.9687
vn -0.9384 -0.3141 -0.1441
vn -0.9258 -0.3153 -0.2086
vn -0.9215 -0.3113 -0.2321
vn -0.9220 -0.3071 -0.2360
vn -0.9232 -0.3054 -0.2331
vn -0.9233 -0.3088 -0.2282
vn -0.9428 -0.3054 -0.1339
vn -0.8040 -0.5811 0.1264
vn -0.8598 -0.5077 -0.0540
vn -0.8203 -0.4022 0.4065
vn -0.9196 -0.3813 -0.0948
vn -0.8634 -0.5039 -0.0254
vn -0.9341 -0.3378 -0.1154
vn -0.9269 -0.3325 -0.1738
vn -0.8705 -0.4922 -0.0038
vn -0.5861 -0.8062 0.0812
vn -0.7718 -0.5921 0.2318
vn -0.7945 -0.5560 0.2442
vn -0.8209 -0.4992 0.2773
vn -0.8874 -0.3491 0.3011
vn -0.9254 -0.3722 0.0718
vn -0.9120 -0.3301 -0.2433
vn -0.9326 -0.3111 -0.1830
vn -0.9148 -0.3291 -0.2343
vn -0.9330 -0.3299 -0.1438
vn -0.9166 -0.3947 -0.0637
vn -0.8775 -0.4429 0.1839
vn -0.7191 -0.6184 0.3171
vn -0.8736 -0.4621 0.1523
vn -0.4781 -0.7458 0.4639
vn -0.3017 -0.9149 0.2682
vn -0.5966 -0.6426 0.4809
vn -0.6166 -0.7287 0.2981
vn -0.4605 -0.8367 0.2963
vn -0.6535 -0.7376 0.1700
vn -0.7578 -0.6525 -0.0011
vn -0.8294 -0.5564 0.0510
vn -0.7256 -0.6415 0.2489
vn -0.9157 -0.3163 -0.2479
vn -0.9100 -0.3263 -0.2558
vn -0.9200 -0.3410 -0.1930
vn -0.9278 -0.3071 -0.2120
vn -0.9269 -0.3120 -0.2089
vn -0.9440 -0.3214 -0.0745
vn -0.9367 -0.3233 -0.1345
vn -0.9429 -0.3140 -0.1115
vn -0.9428 -0.3170 -0.1035
vn -0.9388 -0.3250 -0.1144
vn -0.9187 -0.3340 -0.2107
vn -0.9161 -0.3430 -0.2079
vn -0.9246 -0.3251 -0.1986
vn -0.9207 -0.3280 -0.2114
vn -0.9372 -0.3307 -0.1104
vn -0.9322 -0.3434 -0.1144
vn -0.9325 -0.3159 -0.1751
vn -0.8854 -0.4222 -0.1943
vn -0.9443 -0.2982 -0.1396
vn -0.9363 -0.3310 -0.1174
vn -0.9163 -0.3582 -0.1792
vn -0.9268 -0.3675 -0.0772
vn -0.8946 -0.4192 -0.1550
vn -0.5737 -0.8191 -0.0069
vn -0.7238 -0.6730 -0.1519
vn -0.8066 -0.5895 -0.0439
vn -0.7183 -0.6842 0.1260
vn -0.5032 -0.8440 0.1855
vn -0.4510 -0.8176 0.3580
vn -0.7216 -0.6264 0.2948
vn -0.2774 -0.8044 0.5253
vn -0.1728 -0.9418 0.2884
vn -0.3652 -0.7696 0.5238
vn -0.4828 -0.6533 0.5831
vn -0.4714 -0.6648 0.5794
vn -0.5403 -0.5995 0.5905
vn -0.6133 -0.7281 0.3061
vn -0.4757 -0.6642 0.5767
vn -0.6623 -0.6039 0.4434
vn -0.8422 -0.4847 0.2361
vn -0.7497 -0.6557 0.0901
vn -0.5025 -0.7791 0.3748
vn -0.3870 -0.9155 0.1104
vn -0.7689 -0.6220 0.1482
vn -0.7485 -0.5740 0.3322
vn -0.2433 -0.8293 0.5031
vn -0.5405 -0.7664 0.3471
vn -0.4612 -0.6711 0.5804
vn -0.1788 -0.9674 0.1794
vn -0.3512 -0.8013 0.4843
vn -0.1139 -0.9825 0.1476
vn -0.2327 -0.9376 0.2585
vn -0.2855 -0.9428 0.1721
vn -0.1080 -0.9839 0.1422
vn -0.3412 -0.8216 0.4567
vn -0.4240 -0.7879 0.4466
vn -0.3482 -0.8218 0.4510
vn -0.3817 -0.7651 0.5187
vn -0.2396 -0.9203 0.3092
vn -0.3239 -0.8241 0.4648
vn -0.3775 -0.8149 0.4398
vn -0.4220 -0.7515 0.5072
vn -0.3922 -0.7993 0.4553
vn -0.4724 -0.7826 0.4054
vn -0.2230 -0.9269 0.3020
vn -0.5753 -0.7205 0.3873
vn -0.5873 -0.7254 0.3591
vn -0.4070 -0.8678 0.2851
vn -0.2391 -0.8680 0.4353
vn -0.0721 -0.9921 0.1029
vn -0.1887 -0.9654 0.1801
vn -0.0406 -0.9685 0.2456
vn -0.0768 -0.8126 0.5778
vn 0.0081 -0.9943 0.1060
vn 0.0077 -0.9998 0.0194
vn -0.0072 -0.9999 0.0149
vn -0.0511 -0.9129 0.4051
vn -0.0625 -0.8206 0.5681
vn -0.1749 -0.8525 0.4927
vn -0.3658 -0.8173 0.4452
vn -0.2127 -0.9510 0.2244
vn -0.3076 -0.8931 0.3283
vn -0.1059 -0.9224 0.3715
vn -0.1575 -0.9705 0.1824
vn -0.0860 -0.9935 0.0745
vn -0.1758 -0.9646 0.1964
vn -0.0574 -0.9916 0.1159
vn -0.2247 -0.9196 0.3222
vn 0.0058 -0.9994 0.0337
vn -0.0519 -0.8643 0.5002
vn -0.2524 -0.7451 0.6174
vn -0.0709 -0.6894 0.7209
vn -0.0238 -0.9660 0.2575
vn -0.5574 -0.6400 0.5289
vn -0.4591 -0.6888 0.5611
vn -0.3962 -0.8179 0.4172
vn -0.2114 -0.8248 0.5243
vn -0.0863 -0.7040 0.7049
vn -0.2175 -0.9259 0.3090
vn -0.1908 -0.9677 0.1650
vn -0.4179 -0.8796 0.2273
vn -0.2136 -0.9713 0.1046
vn -0.5467 -0.8054 0.2289
vn -0.3415 -0.8837 0.3200
vn -0.3431 -0.8634 0.3700
vn -0.2626 -0.9372 0.2296
vn -0.4057 -0.8188 0.4062
vn -0.5128 -0.7888 0.3388
vn -0.6283 -0.7717 0.0989
vn -0.8801 -0.4735 -0.0351
vn -0.7317 -0.6763 -0.0851
vn -0.8984 -0.4193 -0.1306
vn -0.9065 -0.3897 -0.1624
vn -0.8762 -0.3676 -0.3117
vn -0.8239 -0.4949 -0.2763
vn -0.8351 -0.5400 -0.1049
vn -0.7678 -0.6318 -0.1065
vn -0.5690 -0.8223 -0.0106
vn -0.4636 -0.8855 0.0327
vn -0.6378 -0.7682 0.0549
vn -0.4281 -0.8877 0.1695
vn -0.2169 -0.9717 0.0937
vn -0.1741 -0.9831 0.0571
vn -0.1425 -0.9877 0.0648
vn -0.1472 -0.9794 0.1385
vn -0.1888 -0.9643 0.1857
vn -0.4932 -0.8662 0.0801
vn -0.2288 -0.9708 0.0727
vn -0.4103 -0.8999 0.1479
vn -0.7232 -0.6784 0.1294
vn -0.6702 -0.6492 0.3596
vn -0.2475 -0.9188 0.3074
vn -0.6431 -0.6777 0.3567
vn -0.5453 -0.8112 0.2112
vn -0.7324 -0.6757 0.0832
vn -0.4967 -0.7615 0.4164
vn -0.3992 -0.7120 0.5776
vn -0.6666 -0.5802 0.4680
vn -0.5479 -0.8005 0.2429
vn -0.8323 -0.4880 0.2630
vn -0.6008 -0.7295 0.3269
vn -0.8719 -0.4817 0.0876
vn -0.7141 -0.6480 0.2650
vn -0.3799 -0.8183 0.4313
vn -0.7106 -0.6113 0.3485
vn -0.5498 -0.7577 0.3516
vn -0.5883 -0.7862 0.1888
vn -0.4166 -0.8788 0.2328
vn -0.4355 -0.7999 0.4128
vn -0.5735 -0.6090 0.5479
vn -0.5023 -0.7713 0.3909
vn -0.4614 -0.7548 0.4663
vn -0.2464 -0.7194 0.6494
vn -0.2362 -0.9454 0.2244
vn -0.1352 -0.9855 0.1027
vn -0.0265 -0.9954 0.0924
vn -0.0611 -0.9949 0.0805
vn -0.0034 -0.9738 0.2272
vn -0.0440 -0.9204 0.3884
vn 0.0063 -0.8248 0.5654
vn 0.0299 -0.6333 0.7733
vn 0.0213 -0.9959 0.0882
vn 0.0053 -0.9990 0.0454
vn -0.0619 -0.9376 0.3420
vn -0.0047 -0.8587 0.5125
vn 0.0191 -0.9652 0.2606
vn -0.0003 -0.9897 0.1432
vn -0.0247 -0.6841 0.7290
vn -0.2135 -0.7064 0.6749
vn -0.0869 -0.8335 0.5456
vn -0.0552 -0.7459 0.6638
vn -0.2188 -0.8381 0.4998
vn -0.2734 -0.8466 0.4567
vn -0.2522 -0.9438 0.2135
vn -0.6595 -0.6663 0.3479
vn -0.5992 -0.5956 0.5349
vn -0.4863 -0.7270 0.4847
vn -0.2341 -0.9359 0.2633
vn -0.0492 -0.9446 0.3244
vn 0.0018 -0.9470 0.3213
vn -0.0034 -0.8698 0.4933
vn 0.0016 -0.8842 0.4671
vn -0.0677 -0.9645 0.2551
vn -0.2258 -0.9585 0.1738
vn -0.2049 -0.9572 0.2044
vn -0.1432 -0.9814 0.1279
vn -0.1762 -0.9716 0.1577
vn -0.3007 -0.9441 0.1354
vn -0.3170 -0.9426 0.1049
vn -0.4995 -0.8617 0.0894
vn -0.2345 -0.9705 0.0557
vn -0.4495 -0.8897 0.0802
vn -0.6133 -0.7534 0.2373
vn -0.2637 -0.8839 0.3864
vn -0.5531 -0.7727 0.3114
vn -0.4319 -0.8177 0.3806
vn -0.5034 -0.8056 0.3123
vn -0.6566 -0.6336 0.4092
vn -0.1426 -0.6594 0.7382
vn -0.4353 -0.7775 0.4539
vn -0.6963 -0.7082 0.1165
vn -0.7792 -0.6249 0.0483
vn -0.4284 -0.8778 0.2143
vn -0.2324 -0.9666 0.1079
vn -0.4106 -0.8553 0.3159
vn -0.2805 -0.9389 0.1995
vn -0.4621 -0.8111 0.3585
vn -0.2740 -0.8814 0.3849
vn -0.1353 -0.9754 0.1743
vn -0.2842 -0.8660 0.4114
vn -0.0442 -0.8992 0.4353
vn -0.0979 -0.8518 0.5147
vn 0.0455 -0.6906 0.7218
vn 0.0750 -0.6374 0.7669
vn 0.0073 -0.7609 0.6489
vn 0.0045 -0.9583 0.2857
vn 0.0140 -0.6672 0.7448
vn -0.0319 -0.9979 0.0555
vn -0.0253 -0.9802 0.1965
vn 0.0582 -0.9724 0.2261
vn 0.0010 -0.9882 0.1531
vn -0.0009 -0.9995 0.0322
vn 0.0411 -0.9978 0.0521
vn 0.0235 -0.8123 0.5827
vn -0.0283 -0.8182 0.5742
vn 0.0303 -0.9763 0.2143
vn 0.1241 -0.9272 0.3533
vn 0.0292 -0.8045 0.5932
vn 0.0427 -0.9802 0.1935
vn 0.0300 -0.9985 0.0463
vn 0.1008 -0.8926 0.4395
vn 0.1440 -0.7188 0.6801
vn 0.0292 -0.9984 0.0482
vn 0.1092 -0.8888 0.4451
vn 0.1563 -0.8604 0.4850
vn 0.0322 -0.9990 0.0308
vn 0.0522 -0.9944 0.0915
vn 0.5792 -0.6921 0.4307
vn 0.3494 -0.8949 0.2776
vn 0.1944 -0.9761 0.0972
vn 0.4463 -0.8604 0.2460
vn 0.1610 -0.9824 0.0948
vn 0.1921 -0.9727 0.1306
vn 0.2430 -0.9495 0.1983
vn 0.4070 -0.8350 0.3704
vn 0.3339 -0.8527 0.4017
vn 0.1418 -0.9670 0.2115
vn 0.2058 -0.9554 0.2118
vn 0.0538 -0.9972 0.0527
vn 0.2733 -0.9097 0.3127
vn 0.1301 -0.9831 0.1290
vn 0.3716 -0.7307 0.5728
vn 0.1034 -0.6495 0.7533
vn 0.1998 -0.8953 0.3981
vn 0.0697 -0.9349 0.3480
vn 0.2010 -0.7620 0.6156
vn 0.0878 -0.9893 0.1161
vn 0.0058 -0.9982 0.0594
vn 0.0552 -0.8793 0.4730
vn 0.0596 -0.9910 0.1200
vn 0.3951 -0.7140 0.5780
vn 0.1796 -0.9348 0.3065
vn 0.4224 -0.6916 0.5859
vn 0.4457 -0.6067 0.6583
vn 0.3943 -0.8146 0.4254
vn 0.1081 -0.9671 0.2302
vn 0.0342 -0.9977 0.0582
vn 0.0413 -0.9976 0.0563
vn 0.1472 -0.9768 0.1558
vn 0.0518 -0.9967 0.0632
vn 0.1594 -0.8559 0.4919
vn 0.1919 -0.6743 0.7131
vn 0.2355 -0.6652 0.7086
vn 0.1901 -0.7635 0.6172
vn 0.1836 -0.8810 0.4361
vn 0.0833 -0.8725 0.4815
vn 0.0904 -0.9633 0.2529
vn 0.1624 -0.9647 0.2074
vn 0.0966 -0.9927 0.0716
vn 0.2736 -0.8952 0.3517
vn 0.5061 -0.7334 0.4538
vn 0.4315 -0.7949 0.4265
vn 0.3899 -0.7692 0.5062
vn 0.1873 -0.9718 0.1435
vn 0.3509 -0.8890 0.2940
vn 0.5078 -0.8287 0.2354
vn 0.5233 -0.6759 0.5190
vn 0.7912 -0.5320 0.3017
vn 0.6872 -0.6872 0.2356
vn 0.6992 -0.6614 0.2715
vn 0.6626 -0.7028 0.2590
vn 0.5980 -0.7963 0.0915
vn 0.3453 -0.9351 0.0796
vn 0.2199 -0.9505 0.2197
vn 0.1281 -0.9911 0.0364
vn 0.0586 -0.9959 0.0682
vn 0.3562 -0.9289 0.1014
vn 0.1576 -0.9868 0.0376
vn 0.3169 -0.8864 0.3375
vn 0.5630 -0.6419 0.5206
vn 0.4302 -0.7096 0.5580
vn 0.3071 -0.8932 0.3285
vn 0.1421 -0.9698 0.1984
vn 0.2688 -0.8927 0.3616
vn 0.3963 -0.7463 0.5348
vn 0.2772 -0.8913 0.3587
vn 0.1747 -0.9678 0.1814
vn 0.3455 -0.8625 0.3698
vn 0.1605 -0.9707 0.1791
vn 0.2689 -0.9338 0.2359
vn 0.2293 -0.9259 0.3004
vn 0.3794 -0.7995 0.4656
vn 0.3755 -0.8148 0.4418
vn 0.2223 -0.9437 0.2451
vn 0.3187 -0.9288 0.1888
vn 0.4339 -0.7846 0.4428
vn 0.2465 -0.6957 0.6747
vn 0.2515 -0.7545 0.6061
vn 0.0668 -0.9811 0.1818
vn 0.2421 -0.9330 0.2661
vn 0.0162 -0.9891 0.1465
vn 0.0950 -0.9800 0.1751
vn 0.1038 -0.9771 0.1857
vn 0.3730 -0.8454 0.3824
vn 0.4126 -0.7656 0.4936
vn 0.6211 -0.6178 0.4823
vn 0.6660 -0.6518 0.3628
vn 0.5136 -0.7776 0.3628
vn 0.2002 -0.9620 0.1855
vn 0.1470 -0.9876 0.0542
vn 0.1156 -0.9874 0.1084
vn 0.1845 -0.8416 0.5076
vn 0.0935 -0.9456 0.3117
vn 0.5307 -0.6258 0.5717
vn 0.3694 -0.6801 0.6333
vn 0.2053 -0.9620 0.1801
vn 0.1781 -0.9270 0.3302
vn 0.4868 -0.8148 0.3148
vn 0.0150 -0.8393 0.5435
vn 0.0379 -0.9529 0.3009
vn 0.0479 -0.9272 0.3715
vn 0.1969 -0.8410 0.5040
vn 0.0649 -0.8337 0.5485
vn 0.0086 -0.9511 0.3086
vn -0.1406 -0.8753 0.4628
vn -0.0896 -0.9525 0.2911
vn -0.0390 -0.9980 0.0502
vn -0.3666 -0.9268 0.0810
vn -0.2485 -0.9663 0.0669
vn -0.2488 -0.9654 0.0776
vn -0.0992 -0.9733 0.2070
vn -0.2974 -0.9412 0.1600
vn -0.4885 -0.8718 0.0377
vn -0.4123 -0.8938 0.1764
vn -0.7848 -0.6197 -0.0012
vn -0.8876 -0.4573 -0.0547
vn -0.8108 -0.5160 -0.2763
vn -0.6641 -0.4069 -0.6271
vn -0.8057 -0.3695 -0.4630
vn -0.3677 -0.2176 -0.9041
vn -0.6912 -0.2813 -0.6656
vn -0.1992 -0.1710 -0.9649
vn 0.0778 0.0262 -0.9966
vn 0.1895 0.0046 -0.9819
vn 0.1220 0.0540 -0.9911
vn 0.0810 0.0645 -0.9946
vn -0.0101 -0.0002 -0.9999
vn 0.3473 -0.0106 -0.9377
vn -0.1076 -0.1933 -0.9752
vn 0.1108 -0.0864 -0.9901
vn -0.0912 -0.3233 -0.9419
vn -0.6099 -0.4937 -0.6199
vn -0.5188 -0.3826 -0.7645
vn -0.8326 -0.4567 -0.3134
vn -0.8094 -0.3231 -0.4904
vn -0.9133 -0.3586 -0.1930
vn -0.9321 -0.3477 -0.1015
vn -0.5815 -0.3399 -0.7391
vn -0.0542 -0.1023 -0.9933
vn -0.9135 -0.3014 -0.2732
vn -0.7866 -0.2610 -0.5595
vn -0.2632 -0.0729 -0.9620
vn -0.2784 -0.1276 -0.9520
vn -0.7553 -0.2377 -0.6107
vn -0.9438 -0.3122 -0.1088
vn -0.9446 -0.3120 -0.1015
vn -0.9355 -0.3132 -0.1634
vn -0.9351 -0.3148 -0.1627
vn -0.7806 -0.2474 -0.5740
vn -0.7688 -0.2720 -0.5787
vn -0.2336 -0.0708 -0.9698
vn -0.9145 -0.3103 -0.2596
vn -0.2380 -0.0656 -0.9690
vn 0.3502 0.1260 -0.9282
vn -0.2378 -0.0686 -0.9689
vn -0.7526 -0.2672 -0.6018
vn -0.9112 -0.3101 -0.2711
vn 0.3981 0.1344 -0.9074
vn 0.2035 0.0652 -0.9769
vn 0.1032 0.0339 -0.9941
vn 0.1713 0.0548 -0.9837
vn 0.1536 0.0577 -0.9864
vn 0.0056 0.0019 -1.0000
vn 0.2441 0.0849 -0.9660
vn 0.3741 0.1215 -0.9194
vn 0.4358 0.1448 -0.8883
vn 0.3992 0.1375 -0.9065
vn 0.2165 0.0714 -0.9737
vn 0.0394 0.0122 -0.9991
vn 0.1821 0.0657 -0.9811
vn 0.3578 0.1278 -0.9250
vn 0.3704 0.1337 -0.9192
vn 0.3623 0.1191 -0.9244
vn 0.3986 0.1478 -0.9051
vn 0.4353 0.1469 -0.8882
vn 0.2573 0.0824 -0.9628
vn 0.3915 0.1341 -0.9103
vn 0.2218 0.0778 -0.9720
vn 0.1902 0.0599 -0.9799
vn 0.1252 0.0434 -0.9912
vn 0.3099 0.1046 -0.9450
vn 0.1487 0.0510 -0.9876
vn 0.3009 0.0975 -0.9487
vn 0.0463 0.0181 -0.9988
vn 0.2274 0.0804 -0.9705
vn 0.0310 0.0097 -0.9995
vn 0.0359 0.0137 -0.9993
vn 0.2232 0.0840 -0.9712
vn 0.3985 0.1463 -0.9054
vn 0.1987 0.0757 -0.9771
vn 0.3895 0.1324 -0.9114
vn 0.1537 0.0510 -0.9868
vn 0.4085 0.1480 -0.9007
vn 0.3965 0.1389 -0.9075
vn 0.0417 0.0174 -0.9990
vn 0.2201 0.0804 -0.9722
vn 0.3908 0.1307 -0.9112
vn 0.1988 0.0696 -0.9776
vn 0.0956 0.0305 -0.9950
vn 0.0091 0.0011 -1.0000
vn 0.1625 0.0559 -0.9851
vn 0.3673 0.1252 -0.9216
vn 0.3974 0.1318 -0.9081
vn 0.2241 0.0716 -0.9719
vn 0.4017 0.1310 -0.9063
vn 0.0336 0.0123 -0.9994
vn 0.2252 0.0733 -0.9715
vn -0.0170 -0.0043 -0.9998
vn 0.3060 0.1083 -0.9459
vn 0.3876 0.1275 -0.9130
vn 0.1335 0.1125 -0.9846
vn -0.0372 0.8107 -0.5843
vn -0.0668 0.9891 -0.1316
vn -0.2858 0.9424 -0.1738
vn -0.5594 0.7715 -0.3031
vn -0.1670 0.8310 -0.5307
vn 0.0682 0.3737 -0.9250
vn -0.0704 0.5773 -0.8135
vn 0.0183 0.1084 -0.9939
vn 0.2202 0.2275 -0.9486
vn 0.2255 0.3290 -0.9170
vn 0.0530 0.4995 -0.8647
vn 0.0466 0.2825 -0.9581
vn 0.3854 0.2053 -0.8996
vn 0.3612 0.1780 -0.9154
vn 0.0852 0.0163 -0.9962
vn -0.0352 -0.0238 -0.9991
vn 0.0465 0.1025 -0.9936
vn -0.0537 0.5104 -0.8582
vn 0.2260 0.3091 -0.9238
vn 0.3599 0.3118 -0.8794
vn -0.4857 0.8687 -0.0970
vn -0.4901 0.8074 0.3286
vn -0.7487 0.5725 0.3341
vn -0.7337 0.6151 0.2888
vn 0.2327 0.1329 -0.9634
vn 0.0362 0.0070 -0.9993
vn 0.4308 0.1680 -0.8867
vn 0.3875 0.2083 -0.8980
vn 0.2016 0.0943 -0.9749
vn 0.0331 -0.0086 -0.9994
vn 0.4028 0.1388 -0.9047
vn 0.2081 0.0469 -0.9770
vn 0.0107 -0.0031 -0.9999
vn 0.0020 0.0016 -1.0000
vn 0.0442 0.0174 -0.9989
vn 0.1361 0.0487 -0.9895
vn 0.3374 0.1132 -0.9345
vn 0.2899 0.1049 -0.9513
vn 0.0193 0.0053 -0.9998
vn 0.0335 0.0136 -0.9993
vn 0.2213 0.0783 -0.9721
vn 0.4095 0.1382 -0.9018
vn 0.1435 0.0522 -0.9883
vn 0.2115 0.0794 -0.9742
vn 0.2387 0.0814 -0.9677
vn 0.1237 0.0459 -0.9913
vn 0.0642 0.0230 -0.9977
vn 0.2591 0.0862 -0.9620
vn 0.2236 0.0752 -0.9718
vn 0.4062 0.1314 -0.9043
vn 0.3883 0.1306 -0.9122
vn 0.2715 0.0870 -0.9585
vn 0.3790 0.1272 -0.9166
vn 0.0758 0.0257 -0.9968
vn 0.0734 0.0200 -0.9971
vn 0.0220 0.0083 -0.9997
vn 0.0249 0.0108 -0.9996
vn 0.1994 0.0724 -0.9772
vn 0.3871 0.1310 -0.9127
vn 0.0038 0.0019 -1.0000
vn 0.2357 0.0794 -0.9686
vn 0.3355 0.1118 -0.9354
vn 0.0235 0.0058 -0.9997
vn 0.1529 0.0502 -0.9870
vn 0.3142 0.1004 -0.9440
vn 0.3976 0.1471 -0.9057
vn 0.3576 0.1296 -0.9248
vn 0.0389 0.0128 -0.9992
vn -0.0531 -0.0186 -0.9984
vn 0.3544 0.1176 -0.9277
vn 0.3971 0.1305 -0.9085
vn 0.2288 0.0782 -0.9703
vn 0.4014 0.1495 -0.9036
vn -0.0302 -0.0128 -0.9995
vn 0.1631 0.0541 -0.9851
vn 0.3881 0.1383 -0.9112
vn -0.2336 -0.0822 -0.9689
vn -0.9153 -0.3094 -0.2579
vn -0.7805 -0.2526 -0.5718
vn -0.2510 -0.0687 -0.9656
vn 0.3500 0.1222 -0.9287
vn -0.2588 -0.0870 -0.9620
vn -0.7815 -0.2609 -0.5667
vn 0.3482 0.1243 -0.9291
vn 0.0873 0.0326 -0.9956
vn 0.3053 0.1043 -0.9465
vn 0.3839 0.1418 -0.9124
vn 0.4662 0.1198 -0.8765
vn 0.0800 0.0307 -0.9963
vn 0.0266 0.0091 -0.9996
vn -0.0132 0.0205 -0.9997
vn 0.2164 0.0698 -0.9738
vn 0.2213 0.0851 -0.9715
vn 0.4011 0.1417 -0.9050
vn 0.3955 0.1285 -0.9094
vn 0.2330 0.0666 -0.9702
vn 0.3912 0.1229 -0.9121
vn 0.2823 0.0992 -0.9542
vn 0.3927 0.1260 -0.9110
vn 0.3921 0.1383 -0.9095
vn 0.1999 0.0761 -0.9769
vn 0.1809 0.0584 -0.9818
vn 0.2196 0.0824 -0.9721
vn 0.0338 0.0126 -0.9993
vn 0.2213 0.0843 -0.9716
vn 0.1756 0.0641 -0.9824
vn 0.3981 0.1465 -0.9056
vn 0.0635 0.0174 -0.9978
vn 0.1838 0.0656 -0.9808
vn 0.2080 0.0732 -0.9754
vn 0.4121 0.1381 -0.9006
vn 0.3373 0.1091 -0.9350
vn 0.2580 0.0839 -0.9625
vn 0.0286 0.0114 -0.9995
vn 0.0637 0.0203 -0.9978
vn 0.1028 0.0410 -0.9939
vn 0.1848 0.0633 -0.9807
vn 0.3592 0.1394 -0.9228
vn 0.0787 0.0226 -0.9966
vn 0.3557 0.1384 -0.9243
vn 0.3920 0.1356 -0.9099
vn 0.2193 0.0770 -0.9726
vn 0.3277 0.1126 -0.9380
vn 0.1957 0.0640 -0.9786
vn 0.3989 0.1485 -0.9049
vn 0.1264 0.0388 -0.9912
vn 0.2656 0.0894 -0.9599
vn 0.3954 0.1327 -0.9089
vn 0.3479 0.1177 -0.9301
vn 0.2157 0.0720 -0.9738
vn 0.4059 0.1322 -0.9043
vn 0.2044 0.0748 -0.9760
vn 0.0315 0.0108 -0.9994
vn 0.0497 0.0169 -0.9986
vn 0.2486 0.0799 -0.9653
vn 0.0665 0.0209 -0.9976
vn 0.0324 0.0106 -0.9994
vn 0.0118 0.0016 -0.9999
vn 0.2478 0.0828 -0.9653
vn 0.3762 0.1253 -0.9180
vn 0.0590 0.0188 -0.9981
vn 0.1738 0.0591 -0.9830
vn 0.0146 0.0056 -0.9999
vn 0.1913 0.0664 -0.9793
vn 0.3977 0.1420 -0.9065
vn 0.0938 0.0193 -0.9954
vn -0.0345 -0.0609 -0.9975
vn -0.3237 -0.2889 -0.9010
vn -0.6747 -0.4801 -0.5606
vn -0.4668 -0.5279 -0.7095
vn -0.8442 -0.5288 -0.0874
vn -0.6869 -0.7266 -0.0118
vn -0.6828 -0.7041 -0.1950
vn -0.6088 -0.7795 -0.1476
vn -0.4874 -0.8576 0.1642
vn -0.5922 -0.8016 -0.0826
vn -0.2211 -0.9030 0.3684
vn -0.4300 -0.8846 0.1803
vn -0.4430 -0.7682 -0.4622
vn -0.3206 -0.9228 -0.2135
vn -0.3516 -0.8958 0.2720
vn -0.3197 -0.9441 -0.0809
vn -0.3373 -0.7746 0.5351
vn -0.6164 -0.6960 0.3683
vn -0.4713 -0.8685 0.1536
vn -0.4321 -0.9017 0.0128
vn -0.8311 -0.5448 0.1119
vn -0.5585 -0.7595 0.3336
vn -0.2875 -0.8977 -0.3339
vn -0.1901 -0.9817 0.0040
vn -0.1369 -0.9758 -0.1704
vn -0.0228 -0.9958 -0.0884
vn -0.0440 -0.9990 -0.0036
vn 0.0042 -0.9894 0.1452
vn -0.0103 -0.8974 0.4412
vn 0.1180 -0.9662 0.2292
vn 0.1507 -0.9021 0.4045
vn 0.0564 -0.9959 0.0714
vn -0.0339 -0.8856 -0.4633
vn 0.1336 -0.8563 -0.4990
vn 0.0614 -0.9597 -0.2741
vn -0.2759 -0.8511 -0.4466
vn -0.0675 -0.6954 -0.7154
vn -0.2322 -0.7223 -0.6514
vn -0.2717 -0.5412 -0.7958
vn -0.0713 -0.4096 -0.9095
vn -0.0707 -0.2246 -0.9719
vn 0.0053 0.0037 -1.0000
vn 0.3575 0.1097 -0.9274
vn 0.2815 -0.0490 -0.9583
vn 0.0995 -0.1494 -0.9838
vn 0.1028 -0.4351 -0.8945
vn 0.1967 -0.6256 -0.7550
vn 0.2805 -0.2745 -0.9198
vn 0.3280 -0.0582 -0.9429
vn 0.3805 0.1397 -0.9141
vn 0.1790 -0.0232 -0.9836
vn 0.0474 0.0323 -0.9984
vn 0.0281 -0.0884 -0.9957
vn 0.2379 0.0915 -0.9670
vn -0.0244 0.0012 -0.9997
vn 0.0515 0.0140 -0.9986
vn 0.0623 0.0173 -0.9979
vn 0.1832 0.0660 -0.9809
vn 0.3983 0.1315 -0.9078
vn 0.2187 0.0714 -0.9732
vn 0.1638 0.0561 -0.9849
vn 0.3616 0.1189 -0.9247
vn 0.0327 0.0123 -0.9994
vn -0.0056 0.0021 -1.0000
vn 0.0585 0.0149 -0.9982
vn 0.0628 0.0173 -0.9979
vn 0.0923 0.0312 -0.9952
vn 0.2247 0.0744 -0.9716
vn 0.3925 0.1297 -0.9106
vn 0.3929 0.1302 -0.9103
vn 0.0375 0.0108 -0.9992
vn 0.0920 0.0329 -0.9952
vn 0.2222 0.0729 -0.9723
vn 0.2574 0.0878 -0.9623
vn 0.4364 0.1434 -0.8882
vn 0.3910 0.1304 -0.9111
vn 0.2079 0.0733 -0.9754
vn 0.3090 0.1003 -0.9458
vn 0.1867 0.0707 -0.9799
vn 0.3564 0.1388 -0.9240
vn 0.0635 0.0191 -0.9978
vn 0.2167 0.0769 -0.9732
vn 0.1320 0.0430 -0.9903
vn 0.1648 0.0590 -0.9846
vn 0.0383 0.0118 -0.9992
vn 0.1430 0.0544 -0.9882
vn 0.4034 0.1378 -0.9046
vn 0.3715 0.1344 -0.9186
vn 0.3981 0.1489 -0.9052
vn 0.2616 0.0912 -0.9608
vn 0.1697 0.0652 -0.9833
vn 0.0405 0.0171 -0.9990
vn -0.0019 -0.0011 -1.0000
vn -0.0591 -0.0159 -0.9981
vn -0.0455 -0.0203 -0.9988
vn 0.3137 0.1180 -0.9422
vn 0.4386 0.1435 -0.8872
vn 0.3848 0.1233 -0.9147
vn 0.1573 0.0514 -0.9862
vn 0.3284 0.1102 -0.9381
vn -0.1970 -0.0657 -0.9782
vn -0.0071 -0.0045 -1.0000
vn -0.1806 -0.0632 -0.9815
vn -0.1987 -0.0694 -0.9776
vn -0.3716 -0.1258 -0.9198
vn -0.2743 -0.0842 -0.9580
vn -0.4225 -0.1365 -0.8960
vn -0.3878 -0.1300 -0.9125
vn -0.1710 -0.0641 -0.9832
vn 0.0041 0.0017 -1.0000
vn -0.3004 -0.0972 -0.9488
vn -0.1123 -0.0397 -0.9929
vn -0.1344 -0.0528 -0.9895
vn -0.3547 -0.1229 -0.9269
vn -0.1252 -0.0437 -0.9912
vn -0.2202 -0.0718 -0.9728
vn -0.3843 -0.1234 -0.9149
vn -0.3886 -0.1285 -0.9124
vn -0.2883 -0.0949 -0.9528
vn -0.1560 -0.0472 -0.9866
vn 0.0052 0.0014 -1.0000
vn 0.0008 0.0009 -1.0000
vn 0.2279 0.0731 -0.9709
vn 0.3580 0.1219 -0.9257
vn -0.3845 -0.1418 -0.9122
vn -0.1998 -0.0663 -0.9776
vn -0.0081 -0.0049 -1.0000
vn 0.0343 0.0135 -0.9993
vn 0.1796 0.0621 -0.9818
vn 0.3283 0.1092 -0.9383
vn 0.3946 0.1269 -0.9100
vn -0.0006 -0.0009 -1.0000
vn -0.3619 -0.1358 -0.9223
vn -0.1148 -0.0401 -0.9926
vn -0.2529 -0.0819 -0.9640
vn -0.1281 -0.0415 -0.9909
vn -0.0948 -0.0329 -0.9950
vn -0.3165 -0.1156 -0.9415
vn -0.3606 -0.1270 -0.9240
vn -0.3473 -0.1110 -0.9312
vn -0.3624 -0.1208 -0.9242
vn -0.3494 -0.1169 -0.9296
vn -0.3690 -0.1212 -0.9215
vn -0.2923 -0.1022 -0.9509
vn -0.3608 -0.1247 -0.9243
vn -0.4239 -0.1552 -0.8923
vn -0.1758 -0.0639 -0.9824
vn -0.0350 -0.0204 -0.9992
vn -0.2025 -0.0704 -0.9768
vn 0.2495 0.0805 -0.9650
vn 0.2156 0.0688 -0.9741
vn 0.3904 0.1299 -0.9114
vn 0.2175 0.0790 -0.9729
vn 0.0423 0.0172 -0.9990
vn -0.3961 -0.1306 -0.9089
vn -0.3749 -0.1283 -0.9181
vn -0.2375 -0.0809 -0.9680
vn -0.1544 -0.0559 -0.9864
vn -0.3418 -0.1094 -0.9334
vn -0.1390 -0.0434 -0.9893
vn -0.4335 -0.1449 -0.8894
vn -0.3757 -0.1189 -0.9191
vn 0.0019 0.0019 -1.0000
vn 0.1623 0.0604 -0.9849
vn 0.3882 0.1460 -0.9099
vn -0.0135 -0.0074 -0.9999
vn -0.2007 -0.0667 -0.9774
vn 0.3987 0.1465 -0.9053
vn 0.2166 0.0752 -0.9734
vn 0.0292 0.0098 -0.9995
vn 0.3894 0.1264 -0.9123
vn 0.0043 0.0035 -1.0000
vn 0.0397 0.0147 -0.9991
vn 0.1834 0.0652 -0.9809
vn 0.3554 0.1390 -0.9243
vn 0.3274 0.1114 -0.9383
vn 0.1781 0.0569 -0.9824
vn 0.3895 0.1298 -0.9118
vn 0.2040 0.0733 -0.9762
vn 0.2205 0.0832 -0.9718
vn 0.4058 0.1498 -0.9016
vn 0.2172 0.0787 -0.9730
vn 0.3561 0.1393 -0.9240
vn 0.3930 0.1341 -0.9097
vn 0.3986 0.1312 -0.9077
vn 0.2272 0.0795 -0.9706
vn 0.0591 0.0272 -0.9979
vn 0.4371 0.1431 -0.8880
vn 0.2888 0.0998 -0.9522
vn 0.1374 0.0482 -0.9893
vn 0.2525 0.0763 -0.9646
vn 0.4014 0.1222 -0.9077
vn 0.2821 0.0909 -0.9551
vn 0.4014 0.0686 -0.9133
vn 0.0824 0.0273 -0.9962
vn 0.0056 -0.0401 -0.9992
vn 0.2410 -0.0179 -0.9704
vn 0.0953 -0.1826 -0.9786
vn 0.2257 -0.2493 -0.9418
vn 0.1738 -0.4565 -0.8726
vn 0.1038 -0.3519 -0.9303
vn 0.2717 -0.2577 -0.9272
vn 0.1834 -0.5644 -0.8049
vn 0.1368 -0.7892 -0.5988
vn 0.2157 -0.7038 -0.6768
vn 0.1356 -0.9170 -0.3751
vn 0.0871 -0.9630 -0.2550
vn 0.0402 -0.9909 -0.1282
vn 0.0625 -0.9973 -0.0391
vn 0.2890 -0.9462 0.1457
vn 0.1772 -0.8317 -0.5262
vn 0.1684 -0.9214 -0.3503
vn 0.1124 -0.9750 -0.1919
vn 0.3375 -0.8369 -0.4309
vn 0.3025 -0.6942 -0.6531
vn 0.2736 -0.9509 -0.1449
vn 0.2587 -0.9653 0.0353
vn 0.3595 -0.8829 0.3022
vn 0.4079 -0.8256 0.3899
vn 0.3260 -0.8668 0.3773
vn 0.3887 -0.8853 0.2551
vn 0.0604 -0.9714 0.2295
vn 0.0658 -0.9902 0.1229
vn 0.1639 -0.9784 0.1264
vn 0.4553 -0.8413 0.2915
vn 0.5886 -0.7192 0.3693
vn 0.5228 -0.8164 0.2455
vn 0.4814 -0.8417 -0.2446
vn 0.5235 -0.7401 -0.4222
vn 0.5581 -0.8275 -0.0607
vn 0.5968 -0.8006 0.0537
vn 0.6381 -0.7332 0.2349
vn 0.3344 -0.8914 0.3060
vn 0.1623 -0.9800 0.1155
vn 0.1716 -0.9635 0.2052
vn 0.2495 -0.7318 0.6342
vn 0.1553 -0.8736 0.4611
vn 0.1944 -0.8039 0.5621
vn 0.4711 -0.7407 0.4789
vn 0.4230 -0.7843 0.4539
vn 0.6647 -0.5753 0.4767
vn 0.0528 -0.9963 0.0679
vn 0.1160 -0.9920 0.0502
vn 0.2057 -0.9645 0.1655
vn 0.5271 -0.8137 0.2448
vn 0.6239 -0.7802 0.0445
vn 0.7313 -0.6791 -0.0635
vn 0.4188 -0.9067 0.0504
vn 0.1103 -0.9863 0.1226
vn 0.3650 -0.8499 0.3801
vn 0.2053 -0.9475 0.2452
vn 0.4887 -0.6808 0.5456
vn 0.0122 -0.9988 0.0473
vn 0.0259 -0.9996 -0.0096
vn 0.0661 -0.9886 -0.1352
vn 0.2308 -0.9723 -0.0356
vn 0.3006 -0.9269 -0.2248
vn 0.1865 -0.9010 -0.3917
vn 0.0065 -0.9958 -0.0914
vn -0.0082 -1.0000 0.0010
vn 0.0408 -0.9953 0.0878
vn 0.1227 -0.9587 0.2565
vn 0.2882 -0.8730 0.3934
vn 0.4076 -0.7093 0.5752
vn 0.4574 -0.6571 0.5991
vn 0.5049 -0.6517 0.5660
vn 0.4227 -0.7288 0.5387
vn 0.0780 -0.9908 0.1108
vn 0.1601 -0.9738 0.1614
vn 0.2169 -0.9395 0.2653
vn 0.0775 -0.9801 0.1827
vn 0.1119 -0.9083 0.4030
vn 0.0824 -0.7025 0.7069
vn 0.2485 -0.6372 0.7296
vn 0.0448 -0.7255 0.6868
vn 0.0859 -0.8752 0.4761
vn 0.2547 -0.9584 0.1287
vn 0.4408 -0.8395 0.3178
vn 0.2912 -0.9269 0.2369
vn 0.4015 -0.8622 0.3090
vn 0.6006 -0.6575 0.4549
vn 0.2405 -0.8974 0.3699
vn 0.3945 -0.7354 0.5510
vn 0.1565 -0.9628 0.2202
vn 0.1182 -0.9846 0.1290
vn 0.1838 -0.9805 0.0696
vn 0.2186 -0.9598 0.1760
vn 0.2570 -0.9445 0.2048
vn 0.4851 -0.8604 0.1559
vn 0.6114 -0.6837 0.3984
vn 0.2579 -0.9631 0.0775
vn 0.4873 -0.8579 0.1627
vn 0.6834 -0.7200 0.1211
vn 0.5902 -0.7700 0.2423
vn 0.6735 -0.6557 0.3413
vn 0.7616 -0.5915 0.2649
vn 0.5937 -0.7512 0.2884
vn 0.7632 -0.6128 0.2051
vn 0.2704 -0.9550 0.1222
vn 0.5876 -0.7955 0.1477
vn 0.4303 -0.8632 0.2639
vn 0.4837 -0.7838 0.3896
vn 0.2516 -0.9537 0.1648
vn 0.3704 -0.9267 0.0630
vn 0.3633 -0.9239 0.1198
vn 0.3215 -0.9370 0.1368
vn 0.4693 -0.8620 0.1915
vn 0.5016 -0.7980 0.3340
vn 0.7204 -0.6740 0.1638
vn 0.4775 -0.8669 0.1429
vn 0.5376 -0.7937 0.2846
vn 0.2556 -0.9592 0.1212
vn 0.5444 -0.8254 0.1495
vn 0.5617 -0.7869 0.2556
vn 0.5337 -0.7936 0.2923
vn 0.6929 -0.7036 0.1575
vn 0.7601 -0.6235 0.1831
vn 0.4044 -0.9092 0.0995
vn 0.2599 -0.9641 0.0551
vn 0.3771 -0.9142 0.1486
vn 0.4870 -0.8673 0.1030
vn 0.5433 -0.8378 0.0551
vn 0.4136 -0.9073 0.0754
vn 0.2013 -0.9659 0.1626
vn 0.4751 -0.8205 0.3179
vn 0.2304 -0.8369 0.4966
vn 0.3321 -0.5447 0.7701
vn 0.7096 -0.7017 0.0637
vn 0.7095 -0.6611 0.2439
vn 0.6815 -0.5405 0.4935
vn 0.4593 -0.3416 0.8200
vn 0.5064 -0.3966 0.7657
vn 0.7340 -0.6729 0.0924
vn 0.6430 -0.6544 0.3980
vn 0.1551 -0.2522 0.9552
vn 0.2007 -0.0983 0.9747
vn -0.0249 0.0136 0.9996
vn 0.0428 -0.0627 0.9971
vn -0.0287 0.0318 0.9991
vn -0.0240 0.0221 0.9995
vn -0.0185 0.0242 0.9995
vn 0.1325 0.2125 0.9682
vn -0.0771 -0.0465 0.9959
vn 0.0655 0.0465 0.9968
vn 0.5558 0.5301 0.6404
vn 0.4782 0.3604 0.8009
vn 0.7078 0.6353 0.3090
vn 0.7162 0.6958 0.0538
vn 0.9683 0.2491 0.0192
vn 0.8810 0.4728 0.0177
vn 0.9689 0.2327 0.0845
vn 0.8943 0.4466 0.0272
vn 0.7088 0.7014 0.0746
vn 0.7158 0.6982 0.0138
vn 0.6486 0.6861 0.3294
vn 0.7458 0.6654 0.0338
vn 0.7788 0.5338 0.3295
vn 0.7594 0.5728 0.3086
vn 0.9184 0.3140 0.2406
vn 0.7466 0.5053 0.4327
vn 0.7646 0.6014 0.2317
vn 0.8265 0.5075 0.2436
vn 0.8111 0.5842 0.0301
vn 0.7908 0.6032 0.1038
vn 0.8152 0.5600 0.1481
vn 0.6952 0.7187 -0.0123
vn 0.8493 0.5279 0.0036
vn 0.9715 0.2369 0.0105
vn 0.9541 0.2874 0.0837
vn 0.7805 0.5567 0.2846
vn 0.9422 0.3167 0.1089
vn 0.6497 0.7467 0.1428
vn 0.5344 0.7701 0.3483
vn 0.8851 0.4641 0.0343
vn 0.9675 0.2528 -0.0067
vn 0.9508 0.2929 0.1009
vn 0.9136 0.4046 0.0402
vn 0.9437 0.2337 0.2341
vn 0.8206 0.2063 0.5329
vn 0.6208 0.0331 0.7833
vn 0.3055 0.0287 0.9518
vn -0.0161 -0.0368 0.9992
vn -0.0084 -0.0052 1.0000
vn -0.0383 -0.0233 0.9990
vn 0.8119 0.0049 0.5838
vn 0.9668 0.0527 0.2502
vn 0.9848 0.1687 0.0407
vn 0.9902 0.1301 0.0509
vn 0.9947 0.0810 0.0630
vn 0.9488 0.2243 0.2225
vn 0.9910 0.1317 0.0251
vn 0.8999 0.4345 0.0372
vn 0.9498 0.2756 0.1480
vn 0.9202 0.1572 0.3585
vn 0.8445 0.5333 0.0492
vn 0.8132 0.4976 0.3019
vn 0.6604 0.7221 0.2061
vn 0.7012 0.5178 0.4901
vn 0.9191 0.1870 0.3469
vn 0.7698 0.6338 0.0752
vn 0.8034 0.5235 0.2837
vn 0.9383 0.3415 0.0545
vn 0.9903 0.1381 0.0166
vn 0.9913 0.1314 0.0035
vn 0.9521 0.3041 0.0307
vn 0.6589 0.7518 0.0256
vn 0.6831 0.7276 0.0625
vn 0.9560 0.2222 0.1918
vn 0.7459 0.5489 0.3773
vn 0.7484 0.6413 0.1694
vn 0.6584 0.7401 0.1371
vn 0.5728 0.7625 0.3010
vn 0.7468 0.5200 0.4147
vn 0.9321 0.3040 0.1971
vn 0.8016 0.5706 0.1785
vn 0.8763 0.4772 0.0661
vn 0.9755 0.2095 0.0677
vn 0.9316 0.3618 0.0359
vn 0.8135 0.5801 0.0407
vn 0.7473 0.6611 0.0673
vn 0.9662 0.2522 0.0536
vn 0.9436 0.2709 0.1905
vn 0.9654 0.2495 0.0758
vn 0.8936 0.4451 0.0585
vn 0.7910 0.5890 0.1659
vn 0.5708 0.7902 0.2229
vn 0.7437 0.5522 0.3768
vn 0.8126 0.4554 0.3638
vn 0.8700 0.4316 0.2383
vn 0.8362 0.3351 0.4342
vn 0.9544 0.2811 0.1007
vn 0.7698 0.6276 0.1160
vn 0.8041 0.4984 0.3242
vn 0.6482 0.7529 0.1138
vn 0.6445 0.7513 0.1418
vn 0.6938 0.6713 0.2608
vn 0.7235 0.6006 0.3403
vn 0.7566 0.5476 0.3574
vn 0.8523 0.4695 0.2306
vn 0.7349 0.6348 0.2386
vn 0.8863 0.3771 0.2688
vn 0.8870 0.4389 0.1433
vn 0.7453 0.6287 0.2219
vn 0.7989 0.4304 0.4201
vn 0.8495 0.4726 0.2346
vn 0.8679 0.4415 0.2278
vn 0.6777 0.6531 0.3378
vn 0.6433 0.7085 0.2900
vn 0.7594 0.5229 0.3871
vn 0.7400 0.6323 0.2293
vn 0.8959 0.3920 0.2089
vn 0.5335 0.8123 0.2356
vn 0.7202 0.5702 0.3952
vn 0.5996 0.6567 0.4575
vn 0.8163 0.5192 0.2533
vn 0.6683 0.6734 0.3159
vn 0.8054 0.5473 0.2277
vn 0.9441 0.2853 0.1652
vn 0.9083 0.3467 0.2339
vn 0.8442 0.4832 0.2321
vn 0.5188 0.8093 0.2756
vn 0.6009 0.7366 0.3103
vn 0.6114 0.7483 0.2571
vn 0.8022 0.5687 0.1819
vn 0.6212 0.6255 0.4721
vn 0.8624 0.4544 0.2230
vn 0.8717 0.4118 0.2657
vn 0.6008 0.6105 0.5161
vn 0.6705 0.6022 0.4334
vn 0.6461 0.6135 0.4541
vn 0.5273 0.6466 0.5512
vn 0.7564 0.5726 0.3163
vn 0.8789 0.4289 0.2090
vn 0.8649 0.4121 0.2867
vn 0.8018 0.5435 0.2483
vn 0.6262 0.7338 0.2634
vn 0.6154 0.7494 0.2442
vn 0.8599 0.4435 0.2526
vn 0.6206 0.7311 0.2834
vn 0.8828 0.3963 0.2523
vn 0.8572 0.4340 0.2772
vn 0.8022 0.5456 0.2425
vn 0.8615 0.4787 0.1695
vn 0.4943 0.8259 0.2712
vn 0.8427 0.4744 0.2546
vn 0.6264 0.6964 0.3503
vn 0.7802 0.5845 0.2226
vn 0.9288 0.3326 0.1634
vn 0.8376 0.3972 0.3749
vn 0.8872 0.3806 0.2609
vn 0.6868 0.6852 0.2426
vn 0.6821 0.7304 0.0350
vn 0.6930 0.6628 0.2837
vn 0.7402 0.4580 0.4923
vn 0.7963 0.5466 0.2593
vn 0.7310 0.2918 0.6168
vn 0.7040 0.4425 0.5555
vn 0.6715 0.5633 0.4815
vn 0.8691 0.4130 0.2723
vn 0.8855 0.4517 0.1087
vn 0.7363 0.6766 0.0059
vn 0.7880 0.6039 -0.1199
vn 0.5691 0.7849 -0.2451
vn 0.6105 0.7826 -0.1215
vn 0.6550 0.7463 -0.1186
vn 0.5802 0.8103 -0.0821
vn 0.5101 0.7880 -0.3448
vn 0.5497 0.7649 -0.3359
vn 0.2807 0.8307 -0.4808
vn 0.4681 0.6956 -0.5450
vn 0.7003 0.6053 -0.3785
vn 0.5010 0.7286 -0.4670
vn 0.6441 0.5583 -0.5230
vn 0.7257 0.5370 -0.4301
vn 0.5191 0.6163 -0.5922
vn 0.2448 0.4911 -0.8360
vn 0.2587 0.2860 -0.9227
vn 0.3955 0.5495 -0.7359
vn -0.1890 -0.0990 -0.9770
vn -0.3156 -0.0773 -0.9457
vn -0.0947 -0.0212 -0.9953
vn -0.2468 -0.0806 -0.9657
vn -0.3401 -0.1281 -0.9316
vn -0.3426 -0.1167 -0.9322
vn -0.0161 0.0942 -0.9954
vn -0.1417 0.2478 -0.9584
vn -0.3308 0.0865 -0.9397
vn -0.1278 -0.0481 -0.9906
vn -0.0905 -0.0289 -0.9955
vn -0.3576 -0.1340 -0.9242
vn -0.3267 -0.1214 -0.9373
vn -0.3892 -0.1360 -0.9110
vn -0.3643 -0.1215 -0.9233
vn -0.3659 -0.1329 -0.9211
vn -0.3598 -0.1273 -0.9243
vn -0.2033 -0.0750 -0.9762
vn -0.1104 -0.0407 -0.9931
vn -0.2466 -0.0802 -0.9658
vn -0.1206 -0.0469 -0.9916
vn -0.3453 -0.1134 -0.9316
vn -0.1511 -0.0456 -0.9875
vn -0.3498 -0.1276 -0.9281
vn -0.3210 -0.1223 -0.9392
vn -0.3862 -0.1282 -0.9134
vn -0.4017 -0.0996 -0.9103
vn -0.0873 -0.0309 -0.9957
vn -0.2476 -0.0819 -0.9654
vn -0.1440 -0.0447 -0.9886
vn -0.3890 -0.1287 -0.9122
vn -0.2253 -0.0752 -0.9714
vn -0.3284 -0.1158 -0.9374
vn -0.4162 -0.1421 -0.8981
vn -0.3899 -0.1437 -0.9096
vn -0.4104 -0.1500 -0.8995
vn -0.3878 -0.1307 -0.9124
vn -0.4216 -0.1476 -0.8947
vn -0.3507 -0.1248 -0.9281
vn -0.3684 -0.1217 -0.9217
vn -0.3831 -0.1320 -0.9142
vn -0.3481 -0.1174 -0.9301
vn -0.3518 -0.1237 -0.9278
vn -0.3811 -0.0964 -0.9195
vn -0.2265 0.0547 -0.9725
vn -0.1079 0.3494 -0.9307
vn 0.0109 0.1372 -0.9905
vn -0.2253 -0.0433 -0.9733
vn 0.1026 0.2528 -0.9621
vn 0.1123 0.6723 -0.7317
vn 0.2307 0.6500 -0.7241
vn 0.4135 0.5009 -0.7603
vn 0.3719 0.8001 -0.4707
vn 0.2300 0.8844 -0.4061
vn 0.3715 0.8560 -0.3594
vn 0.3406 0.7992 -0.4953
vn 0.5678 0.6653 -0.4847
vn 0.7855 0.5336 -0.3135
vn 0.7030 0.5613 -0.4366
vn 0.5661 0.5977 -0.5677
vn 0.8392 0.4884 -0.2392
vn 0.8845 0.4619 -0.0656
vn 0.9635 0.2663 -0.0284
vn 0.9409 0.3111 -0.1339
vn 0.9586 0.2719 0.0845
vn 0.8292 0.5066 0.2362
vn 0.5372 0.7566 0.3728
vn 0.6132 0.7102 0.3459
vn 0.7137 0.6667 0.2149
vn 0.6782 0.6886 0.2567
vn 0.8168 0.4209 0.3944
vn 0.9300 0.3495 0.1138
vn 0.8798 0.4000 0.2568
vn 0.6318 0.5931 0.4991
vn 0.6914 0.4153 0.5911
vn 0.8636 0.4759 0.1666
vn 0.7109 0.6775 0.1886
vn 0.7621 0.5440 0.3510
vn 0.6161 0.7482 0.2462
vn 0.6759 0.6202 0.3981
vn 0.7890 0.5591 0.2549
vn 0.4874 0.8291 0.2739
vn 0.7397 0.6173 0.2677
vn 0.8116 0.5085 0.2874
vn 0.9049 0.3634 0.2216
vn 0.5952 0.7176 0.3616
vn 0.6738 0.6438 0.3626
vn 0.8634 0.4380 0.2504
vn 0.6646 0.6820 0.3052
vn 0.7078 0.4942 0.5047
vn 0.8572 0.3263 0.3984
vn 0.7335 0.5647 0.3783
vn 0.6762 0.5482 0.4921
vn 0.7481 0.4976 0.4390
vn 0.8504 0.4151 0.3233
vn 0.8934 0.3607 0.2678
vn 0.6590 0.6182 0.4285
vn 0.7796 0.4882 0.3923
vn 0.6790 0.5372 0.5003
vn 0.6581 0.6268 0.4171
vn 0.6560 0.4422 0.6117
vn 0.8475 0.3972 0.3520
vn 0.9701 0.1986 0.1397
vn 0.9255 0.3126 0.2137
vn 0.9378 0.2572 0.2334
vn 0.8593 0.4320 0.2739
vn 0.9570 0.2559 0.1369
vn 0.6840 0.4802 0.5491
vn 0.6489 0.6558 0.3858
vn 0.6937 0.4592 0.5549
vn 0.8860 0.3868 0.2558
vn 0.9260 0.3397 0.1649
vn 0.7218 0.6281 0.2907
vn 0.5489 0.7737 0.3164
vn 0.6664 0.6486 0.3677
vn 0.7019 0.5928 0.3948
vn 0.8128 0.5253 0.2519
vn 0.8337 0.4198 0.3588
vn 0.7255 0.4211 0.5443
vn 0.9083 0.2203 0.3555
vn 0.9776 0.1506 0.1470
vn 0.9198 0.3735 0.1199
vn 0.9274 0.3699 0.0552
vn 0.9430 0.3191 0.0946
vn 0.9880 0.1073 0.1107
vn 0.9168 0.2904 0.2742
vn 0.7248 0.6779 0.1226
vn 0.6993 0.6342 0.3297
vn 0.7691 0.4431 0.4607
vn 0.7195 0.6471 0.2522
vn 0.7384 0.6729 0.0443
vn 0.6122 0.7860 0.0859
vn 0.8939 0.4462 0.0427
vn 0.9734 0.1756 0.1472
vn 0.8681 0.3302 0.3706
vn 0.6317 0.7458 0.2116
vn 0.4763 0.8704 0.1249
vn 0.7946 0.5937 0.1268
vn 0.5863 0.6267 0.5134
vn 0.7131 0.5854 0.3858
vn 0.4841 0.8404 0.2436
vn 0.6738 0.7347 0.0787
vn 0.6339 0.7345 0.2422
vn 0.7889 0.5335 0.3051
vn 0.7431 0.6571 0.1265
vn 0.7645 0.5222 0.3779
vn 0.7206 0.3854 0.5764
vn 0.9050 0.2224 0.3628
vn 0.9180 0.3698 0.1433
vn 0.9831 0.1247 0.1342
vn 0.9818 0.1633 0.0970
vn 0.9440 0.3299 -0.0076
vn 0.7773 0.6291 0.0059
vn 0.6237 0.7814 0.0205
vn 0.7289 0.6686 0.1474
vn 0.7287 0.6846 0.0160
vn 0.6552 0.7136 0.2479
vn 0.7724 0.4990 0.3930
vn 0.7229 0.3787 0.5779
vn 0.6422 0.4805 0.5973
vn 0.8417 0.4368 0.3173
vn 0.8702 0.4708 0.1449
vn 0.9159 0.4012 0.0167
vn 0.9611 0.2632 0.0840
vn 0.9886 0.1505 0.0042
vn 0.9976 0.0586 0.0358
vn 0.9614 0.2431 0.1291
vn 0.5319 0.7207 0.4446
vn 0.4763 0.8178 0.3229
vn 0.5693 0.8108 0.1359
vn 0.6637 0.7321 0.1535
vn 0.7963 0.1529 0.5852
vn 0.7579 0.5063 0.4113
vn 0.7051 0.3451 0.6195
vn 0.7630 0.6128 0.2058
vn 0.6565 0.5382 0.5285
vn 0.8291 0.4716 0.3004
vn 0.5231 0.5067 0.6853
vn 0.4983 0.7013 0.5098
vn 0.4941 0.2949 0.8178
vn 0.5370 0.0615 0.8413
vn 0.1537 0.0109 0.9881
vn -0.0653 -0.0184 0.9977
vn -0.0170 0.0293 0.9994
vn 0.0110 -0.0021 0.9999
vn -0.0219 0.0198 0.9996
vn -0.0433 0.0404 0.9982
vn 0.3110 0.1204 0.9427
vn 0.2185 -0.0116 0.9758
vn 0.6534 0.1308 0.7456
vn 0.3420 0.3907 0.8546
vn -0.0022 0.0631 0.9980
vn 0.1753 0.2400 0.9548
vn 0.3589 0.5693 0.7396
vn 0.5825 0.5689 0.5805
vn 0.8367 0.3915 0.3830
vn 0.9557 0.2506 0.1543
vn 0.9978 0.0533 0.0394
vn 0.9951 0.0954 0.0260
vn 0.9023 0.1895 0.3872
vn 0.8464 0.0324 0.5315
vn 0.9595 0.0286 0.2802
vn 0.9898 0.0454 0.1347
vn 0.9985 0.0278 0.0463
vn 0.9986 0.0361 0.0376
vn 0.9998 0.0182 0.0034
vn 0.9763 0.1311 0.1724
vn 0.9773 0.1656 0.1324
vn 0.9703 0.1672 0.1746
vn 0.9029 0.2678 0.3362
vn 0.8290 0.2889 0.4788
vn 0.7101 0.4370 0.5521
vn 0.7988 0.5331 0.2786
vn 0.9485 0.3049 0.0861
vn 0.9654 0.2495 0.0761
vn 0.9972 0.0710 0.0247
vn 0.8568 0.4931 0.1510
vn 0.8100 0.5608 0.1715
vn 0.9867 0.1614 0.0178
vn 0.8949 0.4448 0.0356
vn 0.7289 0.6679 0.1507
vn 0.6532 0.7131 0.2548
vn 0.9045 0.4232 0.0518
vn 0.9947 0.0997 0.0262
vn 0.9931 0.0472 0.1075
vn 0.9983 -0.0486 0.0324
vn 0.9549 0.2223 0.1969
vn 0.6455 0.7623 0.0469
vn 0.7260 0.6726 0.1437
vn 0.5401 0.8320 0.1269
vn 0.7377 0.5274 0.4215
vn 0.8570 0.3804 0.3475
vn 0.6443 0.4930 0.5846
vn 0.8426 0.3165 0.4358
vn 0.9874 0.0002 0.1584
vn 0.9997 0.0076 -0.0245
vn 1.0000 -0.0071 0.0022
vn 0.9890 -0.0226 0.1459
vn 0.9922 -0.1143 0.0494
vn 0.7938 -0.1657 0.5851
vn -0.0559 0.0335 0.9979
vn 0.1047 -0.0286 0.9941
vn 0.5567 -0.1507 0.8169
vn 0.9995 -0.0300 -0.0123
vn 0.9998 -0.0218 -0.0002
vn 0.9886 -0.1457 0.0386
vn 0.9394 -0.1769 0.2937
vn -0.0235 -0.0233 0.9995
vn 0.3552 -0.1029 0.9291
vn 0.8511 -0.4155 0.3210
vn 0.4540 -0.2724 0.8484
vn 0.6421 -0.5609 0.5227
vn 0.0623 -0.0552 0.9965
vn 0.0038 -0.0053 1.0000
vn 0.1771 -0.3005 0.9372
vn 0.3704 -0.1533 0.9161
vn 0.5920 -0.3377 0.7318
vn 0.0511 -0.0729 0.9960
vn 0.3746 -0.2807 0.8837
vn -0.0099 0.0179 0.9998
vn -0.0266 -0.0000 0.9996
vn 0.1264 -0.2559 0.9584
vn 0.2892 -0.1067 0.9513
vn 0.1415 -0.1924 0.9711
vn 0.2348 -0.5152 0.8243
vn 0.1868 -0.4911 0.8508
vn 0.5558 -0.3987 0.7295
vn 0.4194 -0.7125 0.5626
vn 0.7536 -0.5474 0.3638
vn 0.4513 -0.3860 0.8046
vn 0.6818 -0.5134 0.5212
vn 0.2966 -0.6897 0.6605
vn 0.4347 -0.8267 0.3573
vn 0.2188 -0.4195 0.8810
vn 0.0628 -0.1879 0.9802
vn 0.0966 -0.0271 0.9950
vn 0.6726 -0.4192 0.6099
vn 0.4505 -0.8158 0.3626
vn 0.4119 -0.6132 0.6740
vn 0.4159 -0.2139 0.8839
vn 0.2604 -0.1147 0.9587
vn 0.2652 -0.4600 0.8474
vn 0.5247 -0.3360 0.7822
vn 0.3867 -0.6674 0.6365
vn 0.4693 -0.8072 0.3581
vn 0.5066 -0.8610 0.0464
vn 0.5956 -0.7789 0.1964
vn 0.6179 -0.5905 0.5191
vn 0.7984 -0.3199 0.5100
vn 0.8527 -0.4542 0.2582
vn 0.8207 -0.5067 0.2641
vn 0.7547 -0.5848 0.2975
vn 0.4863 -0.7924 0.3682
vn 0.4837 -0.8229 0.2983
vn 0.7768 -0.5656 0.2769
vn 0.7310 -0.6260 0.2716
vn 0.8786 -0.4065 0.2505
vn 0.7489 -0.6041 0.2725
vn 0.8295 -0.5093 0.2292
vn 0.6901 -0.6473 0.3236
vn 0.7624 -0.6279 0.1566
vn 0.7428 -0.6045 0.2880
vn 0.7212 -0.6713 0.1708
vn 0.6342 -0.7729 0.0207
vn 0.7090 -0.7002 0.0836
vn 0.7482 -0.6635 0.0050
vn 0.8172 -0.5754 0.0345
vn 0.5902 -0.8051 0.0588
vn 0.5689 -0.8161 0.1013
vn 0.5804 -0.8140 0.0241
vn 0.6876 -0.6858 0.2383
vn 0.6593 -0.6418 0.3917
vn 0.7055 -0.5983 0.3799
vn 0.7716 -0.5888 0.2405
vn 0.8568 -0.4962 0.1403
vn 0.7949 -0.6067 0.0078
vn 0.7453 -0.6650 0.0483
vn 0.7012 -0.6660 0.2545
vn 0.4921 -0.7676 0.4107
vn 0.5725 -0.7192 0.3938
vn 0.7195 -0.6507 0.2428
vn 0.4320 -0.8846 0.1758
vn 0.3930 -0.9183 0.0477
vn 0.2092 -0.9738 0.0896
vn 0.4513 -0.8919 0.0299
vn 0.1937 -0.9690 0.1535
vn 0.6795 -0.6973 0.2281
vn 0.2644 -0.9012 0.3433
vn 0.8024 -0.5963 0.0252
vn 0.7900 -0.6130 0.0102
vn 0.8388 -0.5318 0.1162
vn 0.6046 -0.7770 0.1755
vn 0.3032 -0.9446 0.1257
vn 0.2285 -0.9622 0.1481
vn 0.6206 -0.7774 0.1028
vn 0.4340 -0.8970 0.0842
vn 0.4005 -0.8754 0.2707
vn 0.7154 -0.6929 0.0898
vn 0.4982 -0.8600 0.1104
vn 0.6406 -0.7336 0.2269
vn 0.3478 -0.8983 0.2685
vn 0.3786 -0.8477 0.3716
vn 0.4417 -0.8799 0.1750
vn 0.5895 -0.8052 0.0647
vn 0.7467 -0.5973 0.2928
vn 0.8092 -0.5732 0.1290
vn 0.8476 -0.5299 0.0288
vn 0.8028 -0.5911 0.0780
vn 0.7477 -0.6634 0.0291
vn 0.4715 -0.8788 0.0740
vn 0.5341 -0.8431 0.0619
vn 0.5608 -0.8277 0.0214
vn 0.4157 -0.9068 0.0696
vn 0.2259 -0.9627 0.1487
vn 0.5021 -0.8410 0.2016
vn 0.2908 -0.9158 0.2769
vn 0.3619 -0.8241 0.4357
vn 0.5476 -0.7903 0.2749
vn 0.6619 -0.6866 0.3009
vn 0.2895 -0.9186 0.2690
vn 0.5168 -0.7080 0.4813
vn 0.7063 -0.6551 0.2683
vn 0.5395 -0.7347 0.4113
vn 0.7009 -0.5067 0.5020
vn 0.5635 -0.7264 0.3935
vn 0.5154 -0.8092 0.2821
vn 0.6121 -0.7743 0.1606
vn 0.4841 -0.8599 0.1620
vn 0.6276 -0.7650 0.1442
vn 0.3256 -0.8857 0.3309
vn 0.5494 -0.8070 0.2166
vn 0.6254 -0.7768 0.0734
vn 0.6958 -0.6951 0.1810
vn 0.4732 -0.8744 0.1070
vn 0.8295 -0.5524 0.0824
vn 0.6127 -0.7631 0.2057
vn 0.4368 -0.8271 0.3538
vn 0.4886 -0.6699 0.5590
vn 0.5809 -0.8000 0.1505
vn 0.7600 -0.5736 0.3056
vn 0.4320 -0.9005 0.0487
vn 0.3847 -0.9058 0.1775
vn 0.0525 -0.9664 0.2517
vn 0.5127 -0.7860 0.3454
vn 0.4317 -0.8447 0.3164
vn 0.2972 -0.9497 0.0990
vn 0.2861 -0.9131 0.2906
vn 0.2183 -0.9706 0.1011
vn 0.5612 -0.7617 0.3238
vn 0.6099 -0.7810 0.1342
vn 0.6231 -0.7800 0.0589
vn 0.8069 -0.5869 0.0667
vn 0.6027 -0.7555 0.2570
vn 0.8015 -0.5772 0.1563
vn 0.4909 -0.6639 0.5641
vn 0.3880 -0.7861 0.4812
vn 0.2153 -0.9636 0.1585
vn 0.6418 -0.6535 0.4014
vn 0.5788 -0.6701 0.4647
vn 0.4319 -0.7359 0.5214
vn 0.3024 -0.9043 0.3012
vn 0.4291 -0.8509 0.3030
vn 0.5852 -0.6811 0.4401
vn 0.5458 -0.6943 0.4691
vn 0.3846 -0.8699 0.3090
vn 0.5493 -0.7126 0.4365
vn 0.3478 -0.9275 0.1372
vn 0.5668 -0.8044 0.1782
vn 0.2509 -0.9611 0.1159
vn 0.4659 -0.8375 0.2857
vn 0.5129 -0.7162 0.4733
vn 0.4158 -0.8173 0.3990
vn 0.1907 -0.9706 0.1471
vn 0.2310 -0.9623 0.1436
vn 0.2002 -0.9601 0.1954
vn 0.4827 -0.8552 0.1889
vn 0.6432 -0.6825 0.3470
vn 0.7596 -0.5444 0.3559
vn 0.2151 -0.9649 0.1507
vn 0.3108 -0.9411 0.1330
vn 0.5969 -0.7662 0.2380
vn 0.3653 -0.8557 0.3665
vn 0.1835 -0.9703 0.1575
vn 0.2604 -0.9309 0.2562
vn 0.3705 -0.8454 0.3849
vn 0.4192 -0.8576 0.2981
vn 0.2241 -0.9609 0.1624
vn 0.4592 -0.7988 0.3887
vn 0.4789 -0.7681 0.4250
vn 0.3845 -0.8426 0.3770
vn 0.3183 -0.8626 0.3931
vn 0.4014 -0.7723 0.4924
vn 0.4614 -0.6843 0.5646
vn 0.3720 -0.8050 0.4621
vn 0.5332 -0.7063 0.4656
vn 0.4307 -0.7429 0.5123
vn 0.4291 -0.7267 0.5364
vn 0.4193 -0.7500 0.5116
vn 0.2675 -0.9039 0.3337
vn 0.2942 -0.9127 0.2835
vn 0.4324 -0.8026 0.4109
vn 0.5526 -0.7926 0.2577
vn 0.6584 -0.7165 0.2306
vn 0.4808 -0.8587 0.1775
vn 0.4474 -0.8336 0.3239
vn 0.2759 -0.9473 0.1629
vn 0.1478 -0.9473 0.2843
vn 0.2069 -0.7221 0.6602
vn 0.1452 -0.7142 0.6847
vn 0.1198 -0.8783 0.4629
vn 0.2196 -0.9203 0.3237
vn 0.3839 -0.7344 0.5597
vn 0.3380 -0.8473 0.4097
vn 0.4445 -0.7042 0.5536
vn 0.3055 -0.8822 0.3583
vn 0.1732 -0.9613 0.2144
vn 0.3732 -0.7685 0.5198
vn 0.1795 -0.9646 0.1931
vn 0.0811 -0.9912 0.1042
vn 0.0953 -0.9848 0.1454
vn 0.0898 -0.9450 0.3144
vn 0.0568 -0.9901 0.1284
vn 0.1175 -0.9589 0.2583
vn 0.3537 -0.8364 0.4188
vn 0.1363 -0.8685 0.4766
vn 0.4209 -0.6417 0.6411
vn 0.1843 -0.7176 0.6716
vn 0.2220 -0.7316 0.6446
vn 0.2223 -0.7808 0.5839
vn 0.1852 -0.8618 0.4722
vn 0.0206 -0.9928 -0.1184
vn 0.1730 -0.7051 -0.6877
vn 0.1167 -0.8289 -0.5470
vn 0.0592 -0.9599 -0.2740
vn 0.1063 -0.4473 -0.8880
vn 0.2121 -0.3939 -0.8943
vn 0.3069 -0.5641 -0.7666
vn 0.1393 -0.1728 -0.9751
vn 0.0215 -0.0492 -0.9986
vn 0.1898 0.0573 -0.9801
vn 0.3419 0.0240 -0.9394
vn 0.0461 0.0123 -0.9989
vn 0.0633 0.0308 -0.9975
vn 0.0179 0.0069 -0.9998
vn 0.3932 0.1419 -0.9084
vn 0.3915 0.1481 -0.9082
vn 0.3933 0.1323 -0.9098
vn 0.1989 0.0641 -0.9779
vn 0.2035 0.0691 -0.9766
vn 0.1899 0.0669 -0.9795
vn 0.0169 0.0151 -0.9997
vn 0.1827 0.0555 -0.9816
vn 0.3965 0.1354 -0.9080
vn 0.3646 0.0652 -0.9289
vn 0.3374 0.1291 -0.9325
vn 0.0751 0.0394 -0.9964
vn 0.0865 0.0116 -0.9962
vn 0.0121 0.0045 -0.9999
vn -0.0040 -0.0005 -1.0000
vn 0.1252 0.0371 -0.9914
vn 0.3610 0.1237 -0.9243
vn 0.2690 0.0884 -0.9591
vn 0.0652 0.0233 -0.9976
vn 0.3923 0.1297 -0.9107
vn 0.3867 0.1273 -0.9134
vn 0.2178 0.0705 -0.9734
vn 0.2458 0.0792 -0.9661
vn 0.3914 0.1350 -0.9103
vn 0.1838 0.0615 -0.9810
vn 0.0708 0.0235 -0.9972
vn 0.3698 0.1231 -0.9209
vn 0.4328 0.1398 -0.8906
vn 0.3970 0.1448 -0.9063
vn 0.1819 0.0580 -0.9816
vn 0.0038 0.0020 -1.0000
vn -0.1122 -0.0457 -0.9926
vn -0.3978 -0.1309 -0.9081
vn -0.3382 -0.0962 -0.9362
vn -0.1176 -0.0380 -0.9923
vn -0.3516 -0.1266 -0.9275
vn -0.3501 -0.1150 -0.9296
vn -0.3550 -0.1293 -0.9259
vn -0.1406 -0.0554 -0.9885
vn -0.3519 -0.1160 -0.9288
vn -0.3554 -0.1229 -0.9266
vn -0.3573 -0.1221 -0.9260
vn -0.3544 -0.1279 -0.9263
vn -0.3432 -0.1226 -0.9312
vn -0.3604 -0.1314 -0.9235
vn -0.1340 -0.0537 -0.9895
vn -0.2834 -0.0924 -0.9545
vn -0.1165 -0.0381 -0.9925
vn -0.3823 -0.1230 -0.9158
vn -0.1540 -0.0565 -0.9865
vn -0.1669 -0.0573 -0.9843
vn -0.3470 -0.1172 -0.9305
vn -0.1459 -0.0463 -0.9882
vn -0.1320 -0.0459 -0.9902
vn -0.2634 -0.0879 -0.9607
vn -0.3349 -0.1123 -0.9355
vn -0.3653 -0.1241 -0.9226
vn -0.3037 -0.1103 -0.9464
vn -0.4297 -0.1595 -0.8888
vn -0.3625 -0.1249 -0.9236
vn -0.1000 -0.0383 -0.9943
vn -0.1047 -0.0361 -0.9938
vn -0.2983 -0.0969 -0.9495
vn -0.2154 -0.0705 -0.9740
vn -0.1994 -0.0692 -0.9775
vn -0.0079 -0.0052 -1.0000
vn 0.0009 0.0007 -1.0000
vn 0.0166 0.0034 -0.9999
vn 0.2448 0.0845 -0.9659
vn 0.2202 0.0706 -0.9729
vn 0.1797 0.0623 -0.9817
vn 0.3392 0.1143 -0.9338
vn -0.3634 -0.1320 -0.9222
vn -0.4146 -0.1462 -0.8982
vn -0.2463 -0.0919 -0.9648
vn -0.3638 -0.1241 -0.9232
vn -0.4014 -0.1461 -0.9042
vn -0.1718 -0.0568 -0.9835
vn 0.0219 0.0080 -0.9997
vn 0.0004 -0.0001 -1.0000
vn 0.3925 0.1271 -0.9109
vn 0.3893 0.1297 -0.9119
vn 0.2229 0.0788 -0.9716
vn 0.3783 0.1490 -0.9136
vn 0.2463 0.0920 -0.9648
vn 0.0043 0.0016 -1.0000
vn 0.1760 0.0646 -0.9823
vn 0.3943 0.1457 -0.9074
vn 0.2786 0.0867 -0.9565
vn 0.0458 0.0162 -0.9988
vn 0.2022 0.0688 -0.9769
vn 0.1920 0.0613 -0.9795
vn 0.0322 0.0107 -0.9994
vn 0.3524 0.1179 -0.9284
vn 0.4431 0.1461 -0.8845
vn 0.0734 0.0211 -0.9971
vn 0.3620 0.1205 -0.9244
vn 0.1688 0.0600 -0.9838
vn 0.0026 0.0009 -1.0000
vn 0.3885 0.1281 -0.9125
vn 0.2079 0.0682 -0.9758
vn 0.0318 0.0135 -0.9994
vn 0.1727 0.0570 -0.9833
vn 0.2253 0.0754 -0.9714
vn 0.3821 0.1239 -0.9158
vn 0.0178 0.0015 -0.9998
vn -0.0131 0.0170 -0.9998
vn -0.0008 -0.0009 -1.0000
vn -0.0340 -0.0187 -0.9992
vn -0.2012 -0.0687 -0.9771
vn -0.3942 -0.1317 -0.9096
vn -0.3749 -0.1221 -0.9190
vn -0.1399 -0.0443 -0.9892
vn -0.1506 -0.0491 -0.9874
vn -0.1295 -0.0547 -0.9901
vn -0.3484 -0.1149 -0.9303
vn -0.2397 -0.0807 -0.9675
vn -0.3404 -0.1122 -0.9336
vn -0.3655 -0.1198 -0.9231
vn -0.1316 -0.0437 -0.9903
vn -0.3466 -0.1181 -0.9305
vn -0.1357 -0.0458 -0.9897
vn -0.1107 -0.0411 -0.9930
vn -0.1332 -0.0486 -0.9899
vn -0.1332 -0.0447 -0.9901
vn -0.3395 -0.1297 -0.9316
vn -0.1281 -0.0432 -0.9908
vn -0.3308 -0.1092 -0.9374
vn -0.3517 -0.1172 -0.9287
vn -0.4116 -0.1429 -0.9001
vn -0.3645 -0.1287 -0.9223
vn -0.3519 -0.1249 -0.9277
vn -0.3225 -0.1171 -0.9393
vn -0.3493 -0.1268 -0.9284
vn -0.4167 -0.1456 -0.8973
vn -0.3752 -0.1198 -0.9192
vn -0.3507 -0.1219 -0.9285
vn -0.3710 -0.1208 -0.9207
vn -0.3903 -0.1262 -0.9120
vn -0.1822 -0.1197 -0.9760
vn 0.0847 -0.1133 -0.9899
vn -0.3196 -0.1365 -0.9377
vn -0.4004 -0.1278 -0.9074
vn -0.4054 -0.1299 -0.9048
vn -0.1107 -0.0414 -0.9930
vn -0.2777 -0.0925 -0.9562
vn -0.3152 -0.1129 -0.9423
vn -0.3463 -0.1297 -0.9291
vn -0.1576 -0.0418 -0.9866
vn -0.1587 -0.0431 -0.9864
vn -0.3621 -0.1067 -0.9260
vn -0.3537 -0.1140 -0.9284
vn -0.3140 -0.1145 -0.9425
vn -0.1286 -0.0443 -0.9907
vn -0.3603 -0.1223 -0.9248
vn -0.2024 -0.0683 -0.9769
vn -0.0152 -0.0068 -0.9999
vn -0.1773 -0.0598 -0.9823
vn -0.3920 -0.1306 -0.9106
vn -0.3528 -0.1175 -0.9283
vn -0.3018 -0.0981 -0.9483
vn 0.0070 0.0004 -1.0000
vn -0.1527 -0.0574 -0.9866
vn -0.3724 -0.1481 -0.9162
vn -0.3637 -0.1320 -0.9221
vn -0.1125 -0.0452 -0.9926
vn -0.3331 -0.1231 -0.9348
vn -0.0939 -0.0345 -0.9950
vn -0.3294 -0.1150 -0.9372
vn -0.1321 -0.0385 -0.9905
vn -0.1357 -0.0572 -0.9891
vn -0.0394 -0.0597 -0.9974
vn -0.1744 -0.1469 -0.9737
vn -0.3825 -0.1303 -0.9147
vn -0.3427 -0.1286 -0.9306
vn -0.3612 -0.1797 -0.9150
vn -0.0981 -0.0145 -0.9951
vn 0.1391 0.0552 -0.9887
vn 0.3571 0.1254 -0.9256
vn -0.2439 -0.2144 -0.9458
vn -0.0799 -0.0347 -0.9962
vn -0.2359 -0.3112 -0.9206
vn -0.3787 -0.2028 -0.9030
vn 0.0029 -0.0415 -0.9991
vn 0.1347 -0.1260 -0.9828
vn -0.2351 -0.2396 -0.9420
vn -0.3644 -0.1538 -0.9185
vn -0.3291 -0.1708 -0.9287
vn -0.6308 -0.2310 -0.7407
vn -0.3575 -0.1271 -0.9252
vn -0.3051 -0.1200 -0.9447
vn -0.0650 -0.1193 -0.9907
vn -0.1288 -0.0546 -0.9902
vn -0.3589 -0.1180 -0.9259
vn -0.3186 -0.1281 -0.9392
vn -0.1988 -0.1314 -0.9712
vn -0.4095 -0.1438 -0.9009
vn -0.3599 -0.2259 -0.9052
vn -0.3021 -0.1604 -0.9397
vn -0.2804 -0.0987 -0.9548
vn 0.5980 -0.0890 -0.7965
vn 0.3223 -0.1131 -0.9399
vn 0.8015 0.0794 -0.5928
vn 0.8105 -0.0414 -0.5843
vn 0.6340 0.2161 -0.7425
vn 0.9066 0.0192 -0.4216
vn 0.9444 0.1388 -0.2982
vn 0.8164 0.3056 -0.4900
vn 0.6641 0.5060 -0.5504
vn 0.5631 0.4455 -0.6961
vn 0.5877 0.3946 -0.7064
vn 0.6673 0.5121 -0.5408
vn 0.7294 0.4790 -0.4885
vn 0.7683 0.4448 -0.4603
vn 0.7277 0.2421 -0.6418
vn 0.8675 0.3123 -0.3871
vn 0.9246 0.2859 -0.2519
vn 0.8733 0.4297 -0.2297
vn 0.9663 0.1043 -0.2354
vn 0.8887 0.1142 -0.4440
vn 0.8025 0.0655 -0.5930
vn 0.8025 0.0592 -0.5937
vn 0.9284 0.0855 -0.3616
vn 0.9436 0.2070 -0.2585
vn 0.8038 0.2446 -0.5422
vn 0.7995 0.4083 -0.4405
vn 0.6617 0.4763 -0.5791
vn 0.5422 0.3150 -0.7790
vn 0.6173 0.5331 -0.5785
vn 0.4883 0.4254 -0.7620
vn 0.5484 0.6547 -0.5202
vn 0.6579 0.3490 -0.6674
vn 0.6029 0.4869 -0.6320
vn 0.7498 0.0502 -0.6597
vn 0.5687 0.0421 -0.8215
vn 0.6095 0.0506 -0.7912
vn 0.7409 -0.0095 -0.6716
vn 0.3867 0.0280 -0.9218
vn 0.0956 0.0916 -0.9912
vn 0.1502 0.0026 -0.9886
vn 0.0151 -0.0133 -0.9998
vn -0.1211 -0.0378 -0.9919
vn -0.3223 -0.1105 -0.9402
vn -0.3433 -0.1131 -0.9324
vn -0.3845 -0.1326 -0.9136
vn -0.3750 -0.1309 -0.9177
vn -0.1680 0.1485 -0.9745
vn -0.3324 -0.0689 -0.9406
vn -0.2855 -0.0550 -0.9568
vn -0.1780 0.2001 -0.9635
vn -0.0299 0.1258 -0.9916
vn 0.1923 0.3582 -0.9136
vn 0.2364 0.3789 -0.8947
vn 0.3543 0.4844 -0.7999
vn 0.4536 0.5422 -0.7073
vn 0.5124 0.5889 -0.6250
vn 0.5523 0.5605 -0.6171
vn 0.8688 0.4132 -0.2728
vn 0.9688 0.2369 -0.0728
vn 0.9596 0.2611 0.1048
vn 0.7960 0.5674 0.2109
vn 0.9044 0.3682 0.2154
vn 0.9015 0.4227 0.0930
vn 0.8210 0.4733 0.3193
vn 0.8988 0.3990 0.1814
vn 0.9047 0.3785 0.1955
vn 0.7036 0.6690 0.2397
vn 0.7473 0.6007 0.2840
vn 0.6376 0.7480 0.1844
vn 0.8671 0.4679 0.1706
vn 0.8438 0.4582 0.2794
vn 0.7466 0.5883 0.3106
vn 0.8312 0.3686 0.4161
vn 0.8173 0.4327 0.3805
vn 0.7722 0.4889 0.4058
vn 0.9135 0.3070 0.2669
vn 0.9352 0.2472 0.2537
vn 0.9393 0.2849 0.1910
vn 0.9546 0.2447 0.1699
vn 0.9411 0.2465 0.2315
vn 0.7889 0.5166 0.3328
vn 0.8107 0.4690 0.3504
vn 0.7023 0.5862 0.4038
vn 0.8125 0.3893 0.4339
vn 0.7895 0.4375 0.4305
vn 0.9248 0.3103 0.2201
vn 0.8990 0.3982 0.1822
vn 0.9205 0.3116 0.2359
vn 0.8988 0.3975 0.1848
vn 0.7274 0.6315 0.2685
vn 0.5478 0.6480 0.5291
vn 0.4794 0.8288 0.2885
vn 0.7237 0.6349 0.2704
vn 0.8763 0.4369 0.2030
vn 0.8964 0.4014 0.1881
vn 0.7809 0.6063 0.1506
vn 0.8493 0.4681 0.2442
vn 0.9135 0.2824 0.2930
vn 0.8271 0.4018 0.3930
vn 0.7680 0.5715 0.2891
vn 0.8720 0.4303 0.2335
vn 0.7682 0.4859 0.4168
vn 0.8691 0.4272 0.2494
vn 0.6103 0.7361 0.2929
vn 0.7521 0.5519 0.3602
vn 0.9211 0.3185 0.2236
vn 0.8791 0.4052 0.2510
vn 0.8970 0.4235 0.1264
vn 0.6469 0.6721 0.3602
vn 0.6408 0.6380 0.4270
vn 0.6574 0.7119 0.2470
vn 0.6728 0.6908 0.2649
vn 0.6532 0.5785 0.4885
vn 0.7726 0.6261 0.1048
vn 0.9387 0.2764 0.2059
vn 0.8138 0.4224 0.3991
vn 0.7255 0.5731 0.3810
vn 0.9225 0.3661 0.1225
vn 0.9049 0.4052 0.1302
vn 0.4744 0.7770 0.4137
vn 0.7735 0.6021 0.1977
vn 0.8245 0.4454 0.3492
vn 0.8733 0.4473 0.1929
vn 0.7219 0.6091 0.3284
vn 0.9203 0.3665 0.1372
vn 0.9668 0.2173 0.1347
vn 0.8955 0.4252 0.1313
vn 0.9352 0.2636 0.2366
vn 0.7638 0.6223 0.1715
vn 0.8270 0.3926 0.4023
vn 0.7782 0.6249 0.0629
vn 0.6010 0.7775 0.1853
vn 0.6740 0.7033 0.2258
vn 0.7801 0.4919 0.3865
vn 0.7023 0.4184 0.5759
vn 0.9291 0.2112 0.3035
vn 0.9200 0.3619 0.1503
vn 0.9347 0.3334 0.1230
vn 0.9766 0.2077 0.0560
vn 0.9618 0.1818 0.2049
vn 0.8453 0.5291 0.0749
vn 0.6096 0.7794 0.1447
vn 0.6146 0.7865 0.0600
vn 0.8871 0.4338 0.1579
vn 0.8554 0.4179 0.3059
vn 0.6924 0.5126 0.5078
vn 0.7178 0.3820 0.5822
vn 0.4956 0.7476 0.4422
vn 0.6184 0.6790 0.3956
vn 0.9106 0.3441 0.2291
vn 0.8929 0.4494 0.0275
vn 0.6598 0.7509 0.0290
vn 0.5193 0.8438 0.1353
vn 0.7636 0.6454 0.0175
vn 0.8998 0.4359 0.0170
vn 0.5874 0.8091 0.0206
vn 0.5805 0.8109 0.0741
vn 0.9787 0.1936 0.0689
vn 0.9822 0.1875 0.0118
vn 0.8567 0.4985 0.1325
vn 0.5556 0.7884 0.2640
vn 0.9633 0.2422 0.1158
vn 0.9671 0.2492 0.0502
vn 0.9694 0.2199 0.1093
vn 0.9802 0.1948 0.0349
vn 0.9851 0.1668 0.0414
vn 0.9283 0.3279 0.1754
vn 0.9876 0.1057 0.1160
vn 0.8798 0.4746 0.0276
vn 0.7477 0.6529 0.1210
vn 0.8353 0.4449 0.3230
vn 0.9149 0.1648 0.3685
vn 0.9719 0.2314 0.0419
vn 0.9530 0.1966 0.2305
vn 0.9895 0.1430 0.0232
vn 0.9498 0.3036 0.0759
vn 0.9328 0.2629 0.2464
vn 0.7722 0.6236 0.1217
vn 0.6545 0.7184 0.2357
vn 0.7432 0.5282 0.4106
vn 0.7677 0.5409 0.3435
vn 0.7400 0.4717 0.4795
vn 0.6044 0.7116 0.3582
vn 0.6485 0.6977 0.3044
vn 0.6834 0.7181 0.1316
vn 0.8807 0.4497 0.1486
vn 0.9455 0.2198 0.2402
vn 0.9783 0.1897 0.0834
vn 0.9763 -0.0587 0.2085
vn 0.9966 -0.0443 0.0693
vn 0.9402 -0.0120 0.3404
vn 0.8084 0.2026 0.5527
vn 0.7533 0.0926 0.6512
vn 0.9182 -0.1578 0.3634
vn 0.9932 -0.0771 0.0868
vn 0.9157 -0.2885 0.2799
vn 0.9974 -0.0551 0.0474
vn 0.9959 -0.0885 0.0209
vn 0.9736 -0.2097 0.0906
vn 0.9909 -0.1232 0.0541
vn 0.8662 -0.4947 0.0708
vn 0.9440 -0.2989 0.1397
vn 0.9319 -0.3502 0.0944
vn 0.7499 -0.6536 0.1021
vn 0.6251 -0.7783 0.0585
vn 0.7482 -0.6360 0.1888
vn 0.6461 -0.6694 0.3667
vn 0.5998 -0.7926 0.1100
vn 0.7771 -0.5531 0.3004
vn 0.6774 -0.5197 0.5206
vn 0.7197 -0.4867 0.4952
vn 0.9005 -0.4254 0.0901
vn 0.7097 -0.7008 0.0724
vn 0.5153 -0.7003 0.4939
vn 0.9028 -0.4152 0.1119
vn 0.8329 -0.4430 0.3317
vn 0.2775 -0.4608 0.8430
vn 0.6096 -0.7508 0.2543
vn 0.7842 -0.3111 0.5369
vn 0.8251 -0.4978 0.2672
vn 0.5542 -0.6133 0.5628
vn 0.5536 -0.7824 0.2853
vn 0.5441 -0.7897 0.2833
vn 0.6825 -0.6969 0.2205
vn 0.9282 -0.3445 0.1403
vn 0.9545 -0.2277 0.1923
vn 0.8206 -0.4335 0.3724
vn 0.7667 -0.5130 0.3860
vn 0.8833 -0.4098 0.2278
vn 0.7572 -0.6391 0.1351
vn 0.6060 -0.7240 0.3296
vn 0.6760 -0.7215 0.1499
vn 0.8610 -0.4793 0.1699
vn 0.7419 -0.6700 0.0267
vn 0.6348 -0.7720 0.0339
vn 0.7139 -0.6969 0.0681
vn 0.7690 -0.6387 0.0281
vn 0.7938 -0.6032 0.0777
vn 0.5311 -0.8052 0.2638
vn 0.8022 -0.5825 0.1310
vn 0.6304 -0.6970 0.3418
vn 0.6256 -0.6902 0.3637
vn 0.7043 -0.6913 0.1616
vn 0.7082 -0.6088 0.3576
vn 0.7375 -0.6326 0.2364
vn 0.7251 -0.6837 0.0826
vn 0.6324 -0.7458 0.2096
vn 0.5234 -0.8295 0.1948
vn 0.6209 -0.7354 0.2715
vn 0.5622 -0.8197 0.1094
vn 0.4638 -0.8453 0.2652
vn 0.3309 -0.9339 0.1352
vn 0.2286 -0.9599 0.1624
vn 0.2306 -0.9215 0.3124
vn 0.3445 -0.7997 0.4916
vn 0.6059 -0.7722 0.1913
vn 0.7529 -0.6561 0.0522
vn 0.5412 -0.8326 0.1173
vn 0.6509 -0.7354 0.1885
vn 0.4751 -0.8197 0.3201
vn 0.5052 -0.7566 0.4152
vn 0.6217 -0.5741 0.5329
vn 0.6144 -0.6120 0.4979
vn 0.8302 -0.4284 0.3566
vn 0.3055 -0.9445 0.1211
vn 0.5514 -0.7630 0.3373
vn 0.7094 -0.6980 0.0973
vn 0.7082 -0.6809 0.1868
vn 0.8522 -0.5196 0.0607
vn 0.8429 -0.5249 0.1182
vn 0.8138 -0.5083 0.2816
vn 0.6194 -0.7307 0.2873
vn 0.6485 -0.6244 0.4354
vn 0.6800 -0.6609 0.3175
vn 0.6900 -0.7089 0.1461
vn 0.5900 -0.8050 0.0629
vn 0.5471 -0.8292 0.1145
vn 0.8427 -0.5317 0.0845
vn 0.8796 -0.4738 0.0437
vn 0.8129 -0.5815 0.0326
vn 0.8850 -0.4630 0.0494
vn 0.5948 -0.8039 0.0012
vn 0.5891 -0.8065 0.0493
vn 0.5998 -0.7799 0.1787
vn 0.6656 -0.7435 0.0651
vn 0.6855 -0.6686 0.2880
vn 0.6742 -0.7348 0.0744
vn 0.8676 -0.4877 0.0969
vn 0.9010 -0.4181 0.1159
vn 0.8285 -0.5242 0.1967
vn 0.8202 -0.5617 0.1086
vn 0.9571 -0.2324 0.1729
vn 0.9472 -0.2971 0.1206
vn 0.8541 -0.3553 0.3799
vn 0.7177 -0.6441 0.2646
vn 0.9535 -0.2695 0.1346
vn 0.9353 -0.3187 0.1534
vn 0.8464 -0.3736 0.3796
vn 0.7542 -0.6150 0.2301
vn 0.7601 -0.5861 0.2806
vn 0.9049 -0.3841 0.1835
vn 0.6236 -0.7599 0.1834
vn 0.7176 -0.6240 0.3093
vn 0.7347 -0.5079 0.4497
vn 0.7760 -0.3657 0.5139
vn 0.7178 -0.4487 0.5324
vn 0.8075 -0.1928 0.5574
vn 0.9997 -0.0106 0.0221
vn 0.8696 0.4746 0.1359
vn 0.9672 0.2464 0.0613
vn 0.9551 0.2832 0.0867
vn 0.8569 0.4856 0.1730
vn 0.8328 0.5333 0.1485
vn 0.7250 0.6629 0.1869
vn 0.5804 0.8078 0.1033
vn 0.9955 0.0930 0.0203
vn 0.9945 0.1025 0.0191
vn 0.9702 0.2305 0.0740
vn 0.5106 0.8068 0.2972
vn 0.6133 0.6727 0.4140
vn 0.7118 0.5401 0.4489
vn 0.6388 0.5007 0.5841
vn 0.7379 0.3719 0.5633
vn 0.7716 0.5202 0.3662
vn 0.6815 0.6906 0.2423
vn 0.7235 0.6758 0.1411
vn 0.6224 0.7657 0.1624
vn 0.5637 0.8144 0.1379
vn 0.4919 0.8192 0.2948
vn 0.7162 0.5396 0.4425
vn 0.6236 0.5247 0.5795
vn 0.5971 0.6891 0.4106
vn 0.7329 0.4256 0.5309
vn 0.8555 0.2906 0.4286
vn 0.7667 0.5993 0.2300
vn 0.7909 0.6042 0.0968
vn 0.7436 0.5778 0.3365
vn 0.8691 0.3868 0.3084
vn 0.6459 0.7373 0.1978
vn 0.6497 0.7265 0.2236
vn 0.8709 0.4521 0.1927
vn 0.5794 0.7680 0.2729
vn 0.8577 0.4443 0.2589
vn 0.6563 0.6628 0.3605
vn 0.7066 0.5492 0.4461
vn 0.7292 0.6628 0.1703
vn 0.8794 0.4387 0.1848
vn 0.4909 0.8563 0.1607
vn 0.7136 0.6863 0.1408
vn 0.9565 0.2605 0.1314
vn 0.9570 0.2588 0.1309
vn 0.9304 0.3497 0.1098
vn 0.9217 0.2435 0.3020
vn 0.9462 0.2713 0.1765
vn 0.7627 0.5104 0.3973
vn 0.9456 0.3005 0.1246
vn 0.9631 0.2250 0.1476
vn 0.8902 0.3632 0.2752
vn 0.9608 0.2529 0.1136
vn 0.7952 0.5828 0.1672
vn 0.9569 0.2700 0.1071
vn 0.8568 0.5010 0.1222
vn 0.8728 0.4013 0.2778
vn 0.8874 0.3810 0.2595
vn 0.9880 0.1230 0.0938
vn 0.9917 0.0830 0.0980
vn 0.9473 0.2971 0.1196
vn 0.9574 0.2162 0.1912
vn 0.9502 0.1962 0.2423
vn 0.8733 0.3883 0.2943
vn 0.8565 0.3555 0.3743
vn 0.9365 0.3264 0.1283
vn 0.7771 0.5444 0.3159
vn 0.7426 0.6437 0.1849
vn 0.5510 0.7942 0.2561
vn 0.8032 0.5107 0.3066
vn 0.8146 0.5392 0.2137
vn 0.8226 0.4536 0.3430
vn 0.8343 0.3369 0.4364
vn 0.7761 0.4262 0.4649
vn 0.7734 0.3937 0.4968
vn 0.9408 0.2075 0.2678
vn 0.9882 0.1196 0.0962
vn 0.9981 0.0397 0.0462
vn 0.9992 0.0386 0.0133
vn 1.0000 -0.0040 -0.0013
vn 0.8997 0.3508 0.2599
vn 0.9542 0.2363 0.1833
vn 0.8335 0.3612 0.4181
vn 0.6472 0.6399 0.4143
vn 0.8132 0.4331 0.3887
vn 0.7717 0.4897 0.4059
vn 0.7728 0.4374 0.4598
vn 0.7890 0.4168 0.4514
vn 0.9354 0.2504 0.2495
vn 0.9808 0.1750 0.0865
vn 0.9282 0.3290 0.1740
vn 0.9672 0.2300 0.1077
vn 0.9971 0.0642 0.0416
vn 0.9688 0.2248 0.1047
vn 0.9917 0.1031 0.0763
vn 0.8676 0.4485 0.2147
vn 0.8202 0.4343 0.3724
vn 0.8334 0.5008 0.2337
vn 0.7630 0.5790 0.2874
vn 0.5935 0.7707 0.2320
vn 0.8071 0.4684 0.3594
vn 0.9346 0.3143 0.1664
vn 0.8769 0.4196 0.2346
vn 0.8122 0.3801 0.4425
vn 0.8560 0.4621 0.2317
vn 0.7136 0.6663 0.2165
vn 0.9655 0.2412 0.0983
vn 0.7632 0.6216 0.1764
vn 0.7574 0.6313 0.1668
vn 0.9665 0.2191 0.1340
vn 0.9901 0.1107 0.0860
vn 0.9810 0.1748 0.0845
vn 0.9667 0.2417 0.0837
vn 0.9703 0.1673 0.1745
vn 0.9898 0.1299 0.0592
vn 0.9330 0.3132 0.1774
vn 0.9612 0.2034 0.1861
vn 0.6707 0.6610 0.3366
vn 0.7822 0.6094 0.1300
vn 0.8855 0.3471 0.3089
vn 0.6535 0.7108 0.2601
vn 0.7448 0.4899 0.4531
vn 0.9907 0.0765 0.1128
vn 0.9974 0.0693 0.0214
vn 0.9956 0.0709 0.0606
vn 0.9825 0.1252 0.1382
vn 0.9142 0.2788 0.2942
vn 0.9984 0.0288 0.0485
vn 0.9999 0.0089 -0.0075
vn 0.9845 0.1167 0.1310
vn 0.9162 0.2597 0.3051
vn 0.9210 0.2205 0.3210
vn 0.7010 0.4767 0.5303
vn 0.6716 0.4582 0.5822
vn 0.7004 0.6295 0.3363
vn 0.5350 0.7995 0.2732
vn 0.7495 0.6264 0.2142
vn 0.8694 0.4526 0.1983
vn 0.8448 0.4197 0.3318
vn 0.6458 0.4661 0.6047
vn 0.9688 0.2195 0.1147
vn 0.9583 0.1812 0.2211
vn 0.8360 0.3542 0.4192
vn 0.9866 0.1217 0.1088
vn 0.6771 0.4611 0.5736
vn 0.6859 0.4154 0.5975
vn 0.8809 0.2950 0.3702
vn 0.9254 0.2693 0.2666
vn 0.9757 0.0535 0.2123
vn 0.9996 0.0020 0.0291
vn 0.9984 0.0001 0.0570
vn 0.9654 0.1259 0.2283
vn 0.9623 -0.1036 0.2517
vn 0.8793 0.1322 0.4576
vn 0.8644 -0.0808 0.4963
vn 0.8912 0.0756 0.4473
vn 0.9786 0.0530 0.1990
vn 0.9998 -0.0043 0.0213
vn 0.9698 -0.2164 0.1125
vn 0.9636 -0.2230 0.1476
vn 0.8650 -0.4432 0.2353
vn 0.8624 -0.3527 0.3632
vn 0.7109 -0.5825 0.3940
vn 0.6812 -0.6840 0.2608
vn 0.5679 -0.7725 0.2841
vn 0.8108 -0.5383 0.2297
vn 0.6834 -0.6050 0.4086
vn 0.7147 -0.5468 0.4363
vn 0.7089 -0.5412 0.4523
vn 0.6032 -0.7387 0.3007
vn 0.7181 -0.6257 0.3045
vn 0.7726 -0.5022 0.3883
vn 0.7255 -0.6356 0.2641
vn 0.6710 -0.6992 0.2467
vn 0.6900 -0.6322 0.3525
vn 0.7881 -0.4842 0.3801
vn 0.7449 -0.5155 0.4234
vn 0.7464 -0.6400 0.1822
vn 0.4703 -0.8044 0.3629
vn 0.4386 -0.8872 0.1431
vn 0.4880 -0.8357 0.2520
vn 0.7052 -0.5454 0.4529
vn 0.8415 -0.4938 0.2191
vn 0.8660 -0.4489 0.2201
vn 0.8265 -0.4073 0.3886
vn 0.6665 -0.6156 0.4204
vn 0.6472 -0.6199 0.4437
vn 0.7442 -0.5446 0.3867
vn 0.8580 -0.4659 0.2161
vn 0.8519 -0.4343 0.2927
vn 0.8696 -0.4602 0.1791
vn 0.7955 -0.5137 0.3216
vn 0.8601 -0.4786 0.1766
vn 0.7406 -0.6234 0.2507
vn 0.6166 -0.7459 0.2519
vn 0.5211 -0.8311 0.1941
vn 0.6716 -0.6833 0.2864
vn 0.6963 -0.7075 0.1210
vn 0.6011 -0.7225 0.3416
vn 0.8578 -0.5066 0.0873
vn 0.7968 -0.5614 0.2234
vn 0.8166 -0.5167 0.2574
vn 0.5450 -0.8127 0.2061
vn 0.5993 -0.6323 0.4910
vn 0.9071 -0.3770 0.1871
vn 0.7178 -0.6734 0.1769
vn 0.6635 -0.6946 0.2779
vn 0.6978 -0.6116 0.3729
vn 0.5748 -0.7970 0.1857
vn 0.5944 -0.7515 0.2862
vn 0.4243 -0.8482 0.3172
vn 0.7144 -0.6712 0.1979
vn 0.5806 -0.7421 0.3350
vn 0.5943 -0.7800 0.1960
vn 0.3935 -0.8900 0.2305
vn 0.4721 -0.8562 0.2098
vn 0.2511 -0.9555 0.1545
vn 0.1746 -0.9755 0.1342
vn 0.2857 -0.9411 0.1806
vn 0.4106 -0.8492 0.3321
vn 0.5520 -0.6934 0.4631
vn 0.6079 -0.6561 0.4473
vn 0.4464 -0.8302 0.3340
vn 0.4358 -0.8692 0.2336
vn 0.4786 -0.7877 0.3878
vn 0.6719 -0.6999 0.2423
vn 0.4302 -0.8730 0.2298
vn 0.2611 -0.9553 0.1388
vn 0.2581 -0.9587 0.1194
vn 0.3618 -0.9195 0.1534
vn 0.2579 -0.9370 0.2355
vn 0.3240 -0.9046 0.2771
vn 0.3953 -0.8466 0.3564
vn 0.5437 -0.7006 0.4622
vn 0.5496 -0.6986 0.4582
vn 0.5161 -0.7900 0.3309
vn 0.4951 -0.6979 0.5176
vn 0.6367 -0.6675 0.3860
vn 0.3465 -0.8717 0.3465
vn 0.4767 -0.7935 0.3782
vn 0.6823 -0.6707 0.2907
vn 0.6675 -0.6711 0.3227
vn 0.2345 -0.9541 0.1864
vn 0.2368 -0.9594 0.1530
vn 0.4734 -0.8541 0.2155
vn 0.3873 -0.8735 0.2950
vn 0.2381 -0.9437 0.2297
vn 0.3257 -0.8664 0.3784
vn 0.3920 -0.7771 0.4924
vn 0.3876 -0.8076 0.4445
vn 0.3479 -0.8267 0.4423
vn 0.6145 -0.6712 0.4145
vn 0.7156 -0.6393 0.2814
vn 0.5541 -0.6103 0.5661
vn 0.5473 -0.6175 0.5649
vn 0.6558 -0.6950 0.2948
vn 0.3624 -0.9186 0.1574
vn 0.4429 -0.8830 0.1553
vn 0.7046 -0.6854 0.1838
vn 0.3685 -0.8987 0.2376
vn 0.5036 -0.8015 0.3223
vn 0.3932 -0.8853 0.2482
vn 0.4569 -0.8506 0.2601
vn 0.3301 -0.9121 0.2431
vn 0.5647 -0.7129 0.4159
vn 0.7459 -0.5945 0.3003
vn 0.5179 -0.7778 0.3562
vn 0.5965 -0.6963 0.3993
vn 0.6916 -0.6691 0.2720
vn 0.4487 -0.8761 0.1766
vn 0.4721 -0.8686 0.1503
vn 0.6908 -0.6908 0.2135
vn 0.4007 -0.8478 0.3474
vn 0.5171 -0.8242 0.2308
vn -0.2838 -0.9050 0.3169
vn 0.6566 -0.6706 0.3452
vn 0.6683 -0.6792 0.3035
vn 0.6611 -0.7081 0.2481
vn 0.5556 -0.7505 0.3578
vn 0.6159 -0.7214 0.3165
vn 0.5042 -0.8357 0.2178
vn 0.7143 -0.6512 0.2564
vn 0.7015 -0.6712 0.2396
vn 0.7244 -0.6401 0.2561
vn 0.5472 -0.7804 0.3024
vn 0.8129 -0.4779 0.3328
vn 0.7095 -0.5344 0.4594
vn 0.5742 -0.6500 0.4978
vn 0.5309 -0.7804 0.3304
vn 0.4364 -0.8830 0.1726
vn 0.7181 -0.6089 0.3371
vn 0.6013 -0.7519 0.2705
vn 0.7152 -0.5739 0.3989
vn 0.6600 -0.7217 0.2087
vn 0.8489 -0.4862 0.2076
vn 0.7254 -0.6381 0.2580
vn 0.6738 -0.6924 0.2579
vn 0.6945 -0.6008 0.3959
vn 0.6969 -0.6530 0.2965
vn 0.6435 -0.6836 0.3445
vn 0.8356 -0.4973 0.2335
vn 0.7041 -0.6279 0.3316
vn 0.6366 -0.7415 0.2120
vn 0.6387 -0.7627 0.1020
vn 0.6720 -0.7316 0.1147
vn 0.7560 -0.6180 0.2154
vn 0.8617 -0.4891 0.1349
vn 0.8956 -0.4201 0.1462
vn 0.9460 -0.2930 0.1386
vn 0.9702 -0.2330 0.0670
vn 0.9845 -0.1461 0.0975
vn 0.9983 -0.0520 0.0272
vn 0.9980 -0.0627 0.0114
vn 0.9704 -0.2232 0.0926
vn 0.8708 -0.4081 0.2741
vn 0.9554 -0.2619 0.1362
vn 0.8686 -0.4451 0.2179
vn 0.8896 -0.4090 0.2032
vn 0.9920 -0.0159 0.1252
vn 0.9495 -0.0780 0.3038
vn 0.8569 -0.2308 0.4609
vn 0.9454 -0.2416 0.2188
vn 0.8094 -0.4636 0.3606
vn 0.9549 -0.2401 0.1748
vn 0.7986 -0.4681 0.3784
vn 0.9973 -0.0567 0.0461
vn 0.9842 -0.1148 0.1348
vn 0.9205 -0.2476 0.3021
vn 0.7743 -0.4056 0.4857
vn 0.7768 -0.3896 0.4949
vn 0.8236 -0.3484 0.4476
vn 0.7820 -0.4088 0.4706
vn 0.8365 -0.3796 0.3951
vn 0.9217 -0.2610 0.2868
vn 0.7104 -0.5201 0.4741
vn 0.8020 -0.4510 0.3917
vn 0.8618 -0.3370 0.3792
vn 0.9666 -0.1695 0.1921
vn 0.9780 -0.0528 0.2020
vn 0.9997 0.0036 0.0256
vn 0.9885 0.0047 0.1511
vn 0.9998 -0.0174 0.0094
vn 0.9907 -0.0969 0.0957
vn 0.8604 -0.2875 0.4208
vn 0.7381 0.2570 0.6238
vn 0.8905 0.1123 0.4409
vn 0.6913 0.0432 0.7213
vn 0.7252 -0.1183 0.6783
vn 0.6874 0.0609 0.7237
vn 0.8620 0.1712 0.4770
vn 0.8723 -0.0160 0.4887
vn 0.7119 0.3714 0.5960
vn 0.7005 0.4602 0.5456
vn 0.8882 0.2556 0.3818
vn 0.9742 0.1033 0.2007
vn 0.9962 0.0474 0.0735
vn 0.9965 0.0543 0.0640
vn 0.9836 0.1569 0.0894
vn 0.9763 0.0872 0.1981
vn 0.8847 0.3927 0.2511
vn 0.7056 0.5731 0.4168
vn 0.9159 0.1194 0.3831
vn 0.7819 0.3106 0.5404
vn 0.7535 0.4698 0.4599
vn 0.7229 0.2188 0.6554
vn 0.8966 0.1727 0.4078
vn 0.7210 0.0299 0.6923
vn 0.7623 -0.0128 0.6470
vn 0.9940 0.0033 0.1089
vn 0.9797 -0.0088 0.2003
vn 0.8858 -0.1401 0.4424
vn 0.9964 -0.0538 0.0662
vn 0.9474 -0.2203 0.2320
vn 0.9960 -0.0834 0.0309
vn 0.9249 -0.2342 0.2997
vn 0.7500 -0.3570 0.5568
vn 0.7535 -0.4091 0.5147
vn 0.9546 -0.1806 0.2369
vn 0.9240 -0.2253 0.3091
vn 0.7111 -0.4398 0.5486
vn 0.7350 -0.4808 0.4781
vn 0.9896 -0.1082 0.0948
vn 0.9818 -0.1467 0.1209
vn 0.9076 -0.3342 0.2540
vn 0.8429 -0.3854 0.3756
vn 0.8029 -0.5421 0.2482
vn 0.7601 -0.5212 0.3881
vn 0.9575 -0.2099 0.1978
vn 0.8177 -0.4749 0.3253
vn 0.9513 -0.2793 0.1309
vn 0.7547 -0.5681 0.3282
vn 0.6687 -0.6987 0.2542
vn 0.7489 -0.6127 0.2524
vn 0.7684 -0.6064 0.2048
vn 0.9058 -0.3562 0.2293
vn 0.8956 -0.3821 0.2277
vn 0.8675 -0.4429 0.2264
vn 0.9016 -0.3748 0.2159
vn 0.6830 -0.6306 0.3687
vn 0.6462 -0.7155 0.2654
vn 0.7865 -0.5451 0.2904
vn 0.9234 -0.3476 0.1628
vn 0.9203 -0.3622 0.1475
vn 0.9099 -0.3785 0.1696
vn 0.7582 -0.5788 0.3002
vn 0.9185 -0.3218 0.2298
vn 0.9042 -0.3824 0.1902
vn 0.7798 -0.5479 0.3030
vn 0.6516 -0.5942 0.4715
vn 0.6620 -0.6165 0.4262
vn 0.6348 -0.6899 0.3481
vn 0.6018 -0.7357 0.3107
vn 0.6975 -0.6547 0.2914
vn 0.6801 -0.5976 0.4247
vn 0.6587 -0.6190 0.4277
vn 0.7332 -0.5334 0.4218
vn 0.7201 -0.5529 0.4193
vn 0.8081 -0.5216 0.2736
vn 0.6531 -0.6799 0.3335
vn 0.6386 -0.7287 0.2473
vn 0.6551 -0.6717 0.3460
vn 0.7631 -0.5795 0.2861
vn 0.9003 -0.2399 0.3632
vn 0.6902 -0.7155 0.1077
vn 0.6826 -0.6141 0.3962
vn 0.4813 -0.8183 0.3143
vn 0.5557 -0.7447 0.3696
vn 0.6204 -0.7241 0.3013
vn 0.5545 -0.7518 0.3568
vn 0.8005 -0.5135 0.3091
vn 0.5744 -0.7947 0.1966
vn 0.5309 -0.7839 0.3220
vn 0.3688 -0.9169 0.1525
vn 0.3456 -0.9142 0.2118
vn 0.7370 -0.6272 0.2519
vn 0.6173 -0.7019 0.3553
vn 0.7168 -0.6013 0.3531
vn 0.6492 -0.6866 0.3272
vn 0.3460 -0.9219 0.1745
vn 0.4512 -0.8555 0.2540
vn 0.4984 -0.7648 0.4083
vn 0.6054 -0.7344 0.3070
vn 0.6917 -0.6769 0.2517
vn 0.5682 -0.7877 0.2379
vn 0.6557 -0.6981 0.2876
vn 0.6327 -0.6797 0.3710
vn 0.7269 -0.6358 0.2595
vn 0.5935 -0.7310 0.3369
vn 0.6385 -0.6628 0.3912
vn 0.2846 -0.9357 0.2086
vn 0.3169 -0.9145 0.2514
vn 0.4897 -0.7237 0.4863
vn 0.3611 -0.8604 0.3596
vn 0.4939 -0.7474 0.4443
vn 0.5517 -0.7203 0.4205
vn 0.4798 -0.8369 0.2633
vn 0.3703 -0.9202 0.1271
vn 0.4989 -0.8266 0.2606
vn 0.2985 -0.9263 0.2298
vn 0.8457 -0.4914 0.2079
vn 0.6683 -0.6920 0.2730
vn 0.6376 -0.7143 0.2884
vn 0.5467 -0.7357 0.3998
vn 0.5522 -0.8043 0.2194
vn 0.6824 -0.6807 0.2664
vn 0.4508 -0.8704 0.1981
vn 0.4824 -0.8349 0.2649
vn 0.5493 -0.7965 0.2526
vn 0.7267 -0.6647 0.1735
vn 0.7989 -0.5396 0.2657
vn 0.8311 -0.5103 0.2210
vn 0.8900 -0.3741 0.2607
vn 0.9016 -0.3723 0.2201
vn 0.5950 -0.7122 0.3725
vn 0.7588 -0.5501 0.3486
vn 0.7786 -0.5080 0.3686
vn 0.7688 -0.5517 0.3235
vn 0.8442 -0.4137 0.3408
vn 0.9505 -0.2692 0.1550
vn 0.9588 -0.2181 0.1821
vn 0.9622 -0.1957 0.1895
vn 0.9632 -0.2134 0.1635
vn 0.8989 -0.3331 0.2847
vn 0.6033 -0.6590 0.4492
vn 0.7798 -0.4804 0.4014
vn 0.6297 -0.5994 0.4942
vn 0.7144 -0.5547 0.4265
vn 0.7931 -0.4943 0.3558
vn 0.6560 -0.5932 0.4667
vn 0.8264 -0.4552 0.3314
vn 0.9598 -0.2410 0.1440
vn 0.6833 -0.5121 0.5204
vn 0.8463 -0.3604 0.3922
vn 0.6884 -0.4617 0.5594
vn 0.8672 -0.2970 0.3997
vn 0.6888 -0.4045 0.6016
vn 0.8660 -0.2124 0.4527
vn 0.7239 -0.1519 0.6730
vn 0.9986 -0.0021 0.0534
vn 0.9853 -0.1063 0.1336
vn 0.9974 -0.0275 0.0671
vn 0.9572 -0.1560 0.2437
vn 0.9537 -0.1861 0.2363
vn 0.9541 -0.2195 0.2035
vn 0.9961 -0.0586 0.0660
vn 0.9744 -0.1828 0.1310
vn 0.9973 -0.0657 0.0341
vn 0.9950 -0.0797 0.0605
vn 0.9959 -0.0634 0.0651
vn 0.9771 -0.1340 0.1652
vn 0.9604 -0.1869 0.2067
vn 0.9416 -0.1540 -0.2993
vn 0.9004 -0.2847 0.3289
vn 0.9529 -0.2156 0.2133
vn 0.6734 -0.4968 0.5475
vn 0.7302 -0.4372 0.5251
vn 0.8733 -0.3016 0.3826
vn 0.7012 -0.4299 0.5688
vn 0.6977 -0.4405 0.5650
vn 0.6461 -0.5218 0.5570
vn 0.7016 -0.4690 0.5365
vn 0.9197 -0.2998 0.2536
vn 0.9401 -0.2473 0.2344
vn 0.7229 -0.5800 0.3755
vn 0.8924 -0.1545 0.4239
vn 0.7803 -0.3705 0.5039
vn 0.9735 -0.0615 0.2203
vn 0.7713 -0.1328 0.6225
vn 0.6400 -0.0729 0.7649
vn 0.9357 -0.1122 0.3346
vn 0.9542 0.0428 0.2960
vn 0.7915 -0.1282 0.5975
vn 0.9859 -0.0069 0.1671
vn 0.8003 -0.2537 0.5432
vn 0.7553 -0.4013 0.5181
vn 0.8677 -0.3582 0.3447
vn 0.9524 -0.1971 0.2325
vn 0.9661 -0.1781 0.1871
vn 0.9887 -0.0420 0.1442
vn 0.9853 0.0608 0.1597
vn 0.9607 0.1818 0.2096
vn 0.9116 0.3044 0.2762
vn 0.8036 0.4620 0.3753
vn 0.6089 0.5536 0.5682
vn 0.7341 0.4953 0.4646
vn 0.9480 0.2461 0.2016
vn 0.9906 0.1208 0.0648
vn 0.9184 0.3421 0.1987
vn 0.7703 0.5059 0.3882
vn 0.8879 0.3373 0.3128
vn 0.9566 0.2261 0.1836
vn 0.9749 0.1832 0.1269
vn 0.7040 0.5165 0.4874
vn 0.5778 0.6127 0.5392
vn 0.7422 0.4192 0.5228
vn 0.7352 0.4060 0.5428
vn 0.6659 0.6445 0.3759
vn 0.6139 0.6700 0.4175
vn 0.7188 0.5154 0.4666
vn 0.8867 0.3443 0.3086
vn 0.9305 0.2745 0.2426
vn 0.8429 0.3684 0.3923
vn 0.6195 0.5348 0.5746
vn 0.9534 0.1911 0.2336
vn 0.8663 0.3374 0.3684
vn 0.7012 0.4438 0.5580
vn 0.6830 0.4536 0.5725
vn 0.7536 0.4077 0.5156
vn 0.7816 0.3769 0.4970
vn 0.8690 0.2962 0.3964
vn 0.9638 0.1741 0.2019
vn 0.9405 0.2281 0.2517
vn 0.9341 0.2614 0.2433
vn 0.8077 0.4053 0.4282
vn 0.7471 0.6297 0.2130
vn 0.8106 0.5293 0.2506
vn 0.8524 0.4643 0.2404
vn 0.7071 0.6052 0.3656
vn 0.7435 0.6029 0.2894
vn 0.8499 0.4714 0.2355
vn 0.9295 0.3240 0.1765
vn 0.9406 0.2700 0.2060
vn 0.9079 0.3639 0.2083
vn 0.6211 0.7189 0.3120
vn 0.7525 0.5394 0.3778
vn 0.7435 0.5879 0.3186
vn 0.8890 0.3758 0.2616
vn 0.7224 0.6230 0.3001
vn 0.6017 0.7629 0.2366
vn 0.9795 0.1679 0.1110
vn 0.9599 0.2310 0.1586
vn 0.9089 0.3324 0.2520
vn 0.9437 0.3078 0.1212
vn 0.8386 0.4952 0.2271
vn 0.8253 0.4910 0.2790
vn 0.9299 0.3377 0.1457
vn 0.7435 0.4838 0.4617
vn 0.7499 0.6161 0.2411
vn 0.8314 0.4554 0.3185
vn 0.8125 0.5694 0.1248
vn 0.7871 0.5993 0.1460
vn 0.7292 0.6833 0.0376
vn 0.8783 0.4778 -0.0189
vn 0.9824 0.1845 0.0286
vn 0.6815 0.7304 -0.0468
vn 0.6972 0.7158 0.0401
vn 0.6997 0.7133 -0.0407
vn 0.6663 0.7183 -0.2004
vn 0.8488 0.4514 -0.2753
vn 0.7784 0.4397 -0.4480
vn 0.6138 0.4988 -0.6119
vn 0.4039 0.3557 -0.8428
vn 0.1379 0.0949 -0.9859
vn 0.4958 0.2281 -0.8379
vn 0.6906 0.4604 -0.5578
vn 0.6442 0.6457 -0.4100
vn 0.7237 0.6528 -0.2240
vn 0.7658 0.3157 -0.5602
vn 0.8448 0.5064 -0.1729
vn 0.8184 0.5737 0.0328
vn 0.8566 0.5030 0.1149
vn 0.9613 0.2124 0.1754
vn 0.9828 0.1739 0.0630
vn 0.9609 0.2516 0.1157
vn 0.9436 0.3140 0.1049
vn 0.9390 0.2299 0.2559
vn 0.6811 0.6846 0.2599
vn 0.7206 0.5297 0.4474
vn 0.9059 0.2038 0.3713
vn 0.7090 0.4210 0.5658
vn 0.8311 0.4893 0.2644
vn 0.8370 0.5056 0.2094
vn 0.7357 0.6492 0.1931
vn 0.7260 0.6602 -0.1922
vn 0.7622 0.6461 0.0390
vn 0.7442 0.6625 -0.0853
vn 0.7747 0.5519 -0.3086
vn 0.8198 0.3694 -0.4376
vn 0.7961 0.1686 -0.5813
vn 0.5777 0.2229 -0.7852
vn 0.7395 0.2242 -0.6347
vn 0.7582 0.2358 -0.6079
vn 0.7659 0.4827 -0.4248
vn 0.7467 0.5064 -0.4312
vn 0.8588 0.4873 -0.1583
vn 0.8802 0.4049 -0.2476
vn 0.6223 0.5344 -0.5720
vn 0.6270 0.4539 -0.6331
vn 0.6056 0.5525 -0.5728
vn 0.7523 0.5178 -0.4072
vn 0.9294 0.3165 -0.1900
vn 0.9443 0.3289 0.0058
vn 0.9181 0.3835 -0.1002
vn 0.9058 0.3867 0.1733
vn 0.6580 0.6218 0.4248
vn 0.8266 0.5132 0.2310
vn 0.9517 0.2962 0.0809
vn 0.8622 0.4558 0.2211
vn 0.9719 0.2072 0.1116
vn 0.9484 0.2790 0.1504
vn 0.8222 0.4521 0.3460
vn 0.6172 0.7284 0.2975
vn 0.5518 0.6629 0.5061
vn 0.8479 0.4807 0.2236
vn 0.6385 0.7314 0.2393
vn 0.7024 0.6107 0.3656
vn 0.6275 0.7033 0.3341
vn 0.7066 0.6367 0.3088
vn 0.7508 0.5083 0.4217
vn 0.8739 0.3937 0.2850
vn 0.6751 0.7004 0.2316
vn 0.5202 0.6954 0.4959
vn 0.8709 0.3611 0.3335
vn 0.7365 0.5527 0.3899
vn 0.8744 0.4399 0.2048
vn 0.6328 0.7458 0.2083
vn 0.8606 0.4620 0.2143
vn 0.9646 0.2448 0.0979
vn 0.9762 0.1887 0.1072
vn 0.9743 0.1578 0.1605
vn 0.9258 0.2511 0.2824
vn 0.9770 0.1678 0.1315
vn 0.9736 0.1951 0.1189
vn 0.9590 0.2410 0.1492
vn 0.9099 0.3766 0.1741
vn 0.9101 0.2439 0.3351
vn 0.9442 0.3174 0.0882
vn 0.8083 0.5832 0.0808
vn 0.9648 0.2507 0.0796
vn 0.8546 0.3001 -0.4238
vn 0.7097 0.3497 -0.6116
vn 0.8210 0.1420 -0.5530
vn 0.9121 0.2727 -0.3060
vn 0.9564 0.2913 -0.0209
vn 0.9629 0.2403 0.1228
vn 0.9100 0.3973 -0.1181
vn 0.9537 0.2409 0.1798
vn 0.7776 0.6219 0.0933
vn 0.7830 0.5461 0.2980
vn 0.7387 0.4283 0.5205
vn 0.6581 0.7498 0.0681
vn 0.6622 0.7240 0.1930
vn 0.7443 0.6407 0.1886
vn 0.7674 0.5266 0.3659
vn 0.7268 0.5106 0.4594
vn 0.7025 0.5336 0.4709
vn 0.9261 0.2736 0.2597
vn 0.8944 0.3328 0.2987
vn 0.6818 0.6229 0.3836
vn 0.9743 0.1996 0.1039
vn 0.9514 0.2897 0.1048
vn 0.9556 0.1969 0.2194
vn 0.9309 0.2492 0.2671
vn 0.9616 0.1864 0.2017
vn 0.9712 0.1578 0.1785
vn 0.8781 0.2872 0.3827
vn 0.6823 0.4549 0.5723
vn 0.7488 0.4476 0.4889
vn 0.7132 0.4296 0.5539
vn 0.8153 0.3204 0.4823
vn 0.6781 0.4841 0.5531
vn 0.8624 0.3275 0.3860
vn 0.6489 0.5183 0.5571
vn 0.8466 0.3615 0.3906
vn 0.6951 0.4633 0.5497
vn 0.8862 0.2840 0.3662
vn 0.6733 0.6923 0.2597
vn 0.7974 0.5868 0.1408
vn 0.8654 0.3594 0.3491
vn 0.7536 0.4531 0.4762
vn 0.8365 0.5371 0.1083
vn 0.8626 0.3722 0.3428
vn 0.6681 0.4588 0.5858
vn 0.5980 0.7242 0.3435
vn 0.7288 0.5575 0.3976
vn 0.7097 0.6716 0.2128
vn 0.8602 0.4167 0.2941
vn 0.7489 0.4400 0.4956
vn 0.9527 0.2182 0.2117
vn 0.9744 0.1938 0.1141
vn 0.6505 0.5172 0.5561
vn 0.8588 0.3447 0.3790
vn 0.9607 0.1864 0.2056
vn 0.9720 0.1368 0.1912
vn 0.8914 0.2816 0.3550
vn 0.9619 0.1828 0.2032
vn 0.9530 0.2139 0.2144
vn 0.9591 0.2619 0.1073
vn 0.9166 0.3127 0.2491
vn 0.9889 0.1395 0.0520
vn 0.9821 0.1606 0.0983
vn 0.8441 0.4929 0.2109
vn 0.5489 0.8024 0.2342
vn 0.9096 0.3081 0.2788
vn 0.6647 0.5716 0.4810
vn 0.7474 0.4025 0.5285
vn 0.6757 0.5159 0.5266
vn 0.6257 0.6510 0.4299
vn 0.8423 0.3991 0.3622
vn 0.9953 0.0610 0.0754
vn 0.9626 0.2100 0.1711
vn 0.9918 0.1071 0.0694
vn 0.9867 0.1451 0.0738
vn 0.9895 0.1042 0.0999
vn 0.9888 0.1486 0.0102
vn 0.9914 0.1267 0.0339
vn 0.9735 0.1896 -0.1282
vn 0.9783 0.1902 -0.0817
vn 0.9681 0.2362 -0.0830
vn 0.9507 0.3090 0.0251
vn 0.9707 0.2144 0.1082
vn 0.8882 0.4066 0.2139
vn 0.8606 0.4974 0.1095
vn 0.8481 0.5285 -0.0372
vn 0.6343 0.7647 0.1132
vn 0.8131 0.5528 0.1826
vn 0.8590 0.5106 0.0387
vn 0.9309 0.3585 -0.0703
vn 0.8976 0.2988 -0.3242
vn 0.5456 0.2633 -0.7956
vn 0.3213 0.1450 -0.9358
vn -0.0394 -0.0078 -0.9992
vn 0.3047 0.1335 -0.9430
vn 0.3329 0.2630 -0.9056
vn 0.5817 0.3857 -0.7161
vn 0.6022 0.5840 -0.5443
vn 0.4814 0.4914 -0.7258
vn 0.8181 0.0092 -0.5749
vn 0.8907 0.3372 -0.3049
vn 0.8656 0.3767 -0.3298
vn 0.8208 0.2262 -0.5246
vn 0.7264 0.0430 -0.6859
vn 0.7404 0.0905 -0.6660
vn 0.6324 0.3558 -0.6880
vn 0.4646 0.5951 -0.6557
vn 0.9045 0.3514 -0.2415
vn 0.9614 0.2724 0.0391
vn 0.9520 0.2884 0.1024
vn 0.9455 0.2894 0.1495
vn 0.8394 0.4829 0.2494
vn 0.8138 0.5420 0.2096
vn 0.9350 0.3411 0.0976
vn 0.7284 0.6651 0.1644
vn 0.9325 0.3057 0.1924
vn 0.9429 0.3124 0.1160
vn 0.7440 0.6077 0.2778
vn 0.7743 0.6184 0.1340
vn 0.7654 0.5864 0.2651
vn 0.8257 0.3385 0.4513
vn 0.8196 0.4275 0.3814
vn 0.8221 0.4270 0.3767
vn 0.8225 0.4329 0.3689
vn 0.8417 0.4871 0.2329
vn 0.9671 0.2089 0.1455
vn 0.9322 0.3353 0.1364
vn 0.7724 0.5763 0.2670
vn 0.5315 0.8268 0.1839
vn 0.8639 0.3904 0.3183
vn 0.7545 0.5921 0.2831
vn 0.7846 0.6011 0.1518
vn 0.8284 0.5531 0.0882
vn 0.9071 0.4187 0.0418
vn 0.9538 0.2783 0.1132
vn 0.8073 0.5257 0.2681
vn 0.9454 0.2938 0.1411
vn 0.9865 0.1640 -0.0041
vn 0.9964 0.0757 0.0380
vn 0.9998 0.0115 0.0143
vn 0.9982 0.0521 0.0281
vn 0.9039 0.3020 0.3029
vn 0.9795 0.1129 0.1668
vn 0.7666 0.5032 0.3988
vn 0.8717 0.3451 0.3478
vn 0.8877 0.1089 0.4474
vn 0.9597 0.0522 0.2763
vn 0.8002 -0.0045 0.5997
vn 0.8468 -0.0208 0.5316
vn 0.9381 -0.1367 0.3183
vn 0.9486 -0.2303 0.2173
vn 0.9501 -0.2318 0.2089
vn 0.8484 -0.3651 0.3834
vn 0.7889 -0.4728 0.3926
vn 0.6948 -0.5459 0.4682
vn 0.6512 -0.5950 0.4711
vn 0.6960 -0.5756 0.4292
vn 0.7024 -0.4447 0.5558
vn 0.8891 -0.2698 0.3698
vn 0.8295 -0.3741 0.4146
vn 0.9598 -0.1866 0.2097
vn 0.9080 -0.2926 0.3000
vn 0.9761 -0.1448 0.1619
vn 0.6856 -0.5298 0.4993
vn 0.7845 -0.4782 0.3948
vn 0.8657 -0.2946 0.4046
vn 0.8613 -0.1574 0.4832
vn 0.8905 -0.1254 0.4373
vn 0.9439 0.0356 0.3283
vn 0.8819 0.2218 0.4160
vn 0.9907 -0.0067 0.1361
vn 0.9971 -0.0390 0.0659
vn 0.9998 -0.0162 -0.0128
vn 0.9989 0.0406 -0.0250
vn 0.9944 0.0482 -0.0942
vn 0.9984 -0.0372 -0.0421
vn 0.9869 -0.0275 -0.1591
vn 0.9983 -0.0575 -0.0135
vn 0.9603 -0.1341 0.2445
vn 0.9409 -0.2397 0.2393
vn 0.7948 -0.4287 0.4296
vn 0.8199 -0.3985 0.4111
vn 0.8215 -0.4072 0.3990
vn 0.9211 -0.2192 0.3218
vn 0.9767 -0.1595 0.1438
vn 0.7900 -0.4239 0.4429
vn 0.8196 -0.3809 0.4279
vn 0.6358 -0.5097 0.5796
vn 0.9554 -0.1977 0.2193
vn 0.8369 -0.4265 0.3430
vn 0.6853 -0.5256 0.5042
vn 0.8025 -0.3627 0.4737
vn 0.9686 -0.2152 0.1243
vn 0.8656 -0.4382 0.2425
vn 0.7211 -0.6108 0.3272
vn 0.6834 -0.6566 0.3192
vn 0.2058 -0.9420 0.2652
vn 0.7261 -0.6428 0.2442
vn 0.6083 -0.7449 0.2740
vn 0.7132 -0.6785 0.1762
vn 0.7666 -0.5109 0.3888
vn 0.7090 -0.5449 0.4476
vn 0.8473 -0.4222 0.3224
vn 0.8414 -0.4467 0.3043
vn 0.7009 -0.5497 0.4545
vn 0.7297 -0.4624 0.5037
vn 0.9044 -0.3116 0.2916
vn 0.9406 -0.3091 0.1404
vn 0.9374 -0.3115 0.1555
vn 0.8937 -0.3455 0.2863
vn 0.9569 -0.2230 0.1860
vn 0.9282 -0.3067 0.2106
vn 0.7312 -0.5667 0.3797
vn 0.8987 -0.3699 0.2355
vn 0.7974 -0.5418 0.2656
vn 0.7886 -0.4869 0.3756
vn 0.7221 -0.6008 0.3429
vn 0.9068 -0.3960 0.1442
vn 0.7018 -0.6795 0.2139
vn 0.7568 -0.6110 0.2323
vn 0.7404 -0.6223 0.2540
vn 0.7557 -0.5849 0.2947
vn 0.7709 -0.5849 0.2520
vn 0.5126 -0.8037 0.3023
vn 0.3479 -0.9135 0.2110
vn 0.3986 -0.8924 0.2117
vn 0.5300 -0.7202 0.4477
vn 0.7071 -0.6352 0.3108
vn 0.5599 -0.7101 0.4269
vn 0.5026 -0.7972 0.3345
vn 0.5242 -0.7301 0.4383
vn 0.7217 -0.6180 0.3118
vn 0.7092 -0.6232 0.3296
vn 0.6955 -0.6776 0.2389
vn 0.7029 -0.6396 0.3112
vn 0.7082 -0.6574 0.2574
vn 0.8801 -0.3951 0.2632
vn 0.8534 -0.4750 0.2147
vn 0.8698 -0.4468 0.2093
vn 0.9198 -0.3485 0.1801
vn 0.8884 -0.3773 0.2616
vn 0.7055 -0.6206 0.3422
vn 0.6445 -0.6902 0.3291
vn 0.8043 -0.5163 0.2941
vn 0.9341 -0.2741 0.2287
vn 0.9448 -0.2596 0.1999
vn 0.8923 -0.3824 0.2398
vn 0.7427 -0.5230 0.4181
vn 0.6275 -0.6273 0.4612
vn 0.9522 -0.2671 0.1480
vn 0.9672 -0.2535 0.0152
vn 0.9600 -0.2797 0.0102
vn 0.8809 -0.4232 0.2119
vn 0.8021 -0.4764 0.3602
vn 0.6771 -0.5382 0.5019
vn 0.7568 -0.4965 0.4251
vn 0.9327 -0.2806 0.2268
vn 0.8290 -0.4239 0.3649
vn 0.9340 -0.2466 0.2587
vn 0.9343 -0.3231 0.1509
vn 0.7486 -0.5073 0.4269
vn 0.7721 -0.6121 0.1710
vn 0.6592 -0.6886 0.3022
vn 0.7806 -0.6223 -0.0577
vn 0.7533 -0.6431 0.1379
vn 0.9222 -0.3838 0.0473
vn 0.9002 -0.4050 -0.1599
vn 0.9694 -0.2352 -0.0702
vn 0.8878 -0.3932 0.2393
vn 0.7809 -0.4731 0.4079
vn 0.5778 -0.7262 0.3725
vn 0.6671 -0.6490 0.3659
vn 0.8396 -0.4364 0.3235
vn 0.6377 -0.6287 0.4451
vn 0.6458 -0.5931 0.4809
vn 0.6518 -0.6192 0.4379
vn 0.6381 -0.6054 0.4757
vn 0.7417 -0.5145 0.4303
vn 0.8153 -0.5106 0.2733
vn 0.9449 -0.3174 0.0801
vn 0.8692 -0.4941 0.0198
vn 0.7733 -0.6186 0.1393
vn 0.9622 -0.2704 -0.0329
vn 0.7492 -0.5471 0.3733
vn 0.7062 -0.6351 0.3130
vn 0.7306 -0.6073 0.3121
vn 0.7768 -0.5557 0.2962
vn 0.3116 -0.8703 0.3813
vn 0.4223 -0.7846 0.4538
vn 0.4247 -0.6988 0.5756
vn 0.5526 -0.7410 0.3814
vn 0.5773 -0.6503 0.4938
vn 0.7322 -0.5979 0.3262
vn 0.7419 -0.5645 0.3619
vn 0.8082 -0.4597 0.3681
vn 0.7476 -0.5713 0.3387
vn 0.8412 -0.4419 0.3115
vn 0.7613 -0.4806 0.4352
vn 0.6210 -0.7116 0.3287
vn 0.6737 -0.6626 0.3272
vn 0.6211 -0.7348 0.2726
vn 0.7552 -0.6146 0.2278
vn 0.6867 -0.6549 0.3154
vn 0.7874 -0.5654 0.2457
vn 0.6592 -0.6458 0.3853
vn 0.4766 -0.6372 0.6056
vn 0.3501 -0.8435 0.4073
vn 0.3481 -0.7587 0.5506
vn 0.3476 -0.8620 0.3691
vn 0.4849 -0.7441 0.4596
vn 0.4163 -0.8818 0.2216
vn 0.5930 -0.7636 0.2554
vn 0.3603 -0.9107 0.2020
vn 0.4328 -0.8729 0.2252
vn 0.5820 -0.7955 0.1688
vn 0.7171 -0.6224 0.3136
vn 0.5149 -0.7088 0.4821
vn 0.7352 -0.5593 0.3829
vn 0.5452 -0.7359 0.4015
vn 0.7768 -0.5899 0.2204
vn 0.6055 -0.7438 0.2832
vn 0.3997 -0.8372 0.3733
vn 0.4211 -0.7795 0.4637
vn 0.4501 -0.7672 0.4569
vn 0.3589 -0.8698 0.3385
vn 0.3621 -0.8598 0.3600
vn 0.4592 -0.8353 0.3025
vn 0.3435 -0.8086 0.4776
vn 0.3565 -0.8179 0.4517
vn 0.4541 -0.8385 0.3011
vn 0.6243 -0.6548 0.4260
vn 0.5805 -0.6948 0.4246
vn 0.6189 -0.6415 0.4533
vn 0.3344 -0.8824 0.3310
vn 0.4197 -0.8537 0.3081
vn 0.2192 -0.9606 0.1706
vn 0.1606 -0.8108 0.5629
vn 0.4115 -0.7848 0.4634
vn 0.2555 -0.9413 0.2208
vn 0.2275 -0.9525 0.2023
vn 0.4737 -0.7855 0.3982
vn 0.6150 -0.6922 0.3777
vn 0.3846 -0.7681 0.5120
vn 0.1582 -0.9620 0.2226
vn 0.0624 -0.9917 0.1127
vn 0.0416 -0.9991 0.0127
vn 0.0367 -0.9432 -0.3303
vn 0.1077 -0.8655 -0.4891
vn 0.0743 -0.7803 -0.6210
vn 0.1368 -0.6633 -0.7357
vn 0.2000 -0.4265 -0.8821
vn 0.0651 -0.4928 -0.8677
vn 0.1050 -0.1801 -0.9780
vn 0.2934 -0.1600 -0.9425
vn 0.2998 0.0676 -0.9516
vn 0.1596 -0.1057 -0.9815
vn 0.0037 -0.0313 -0.9995
vn 0.0224 -0.1944 -0.9807
vn 0.1709 -0.3373 -0.9258
vn 0.1724 -0.6080 -0.7750
vn 0.0002 -0.0338 -0.9994
vn 0.0649 -0.1738 -0.9826
vn 0.1745 -0.3830 -0.9071
vn 0.0956 -0.6472 -0.7563
vn 0.2914 -0.6026 -0.7429
vn 0.5191 -0.4734 -0.7116
vn 0.4830 -0.2685 -0.8334
vn 0.6923 -0.7055 -0.1520
vn 0.6783 -0.5789 -0.4526
vn 0.6856 -0.6808 -0.2580
vn 0.4142 -0.7917 -0.4490
vn 0.6026 -0.4648 -0.6486
vn 0.3555 -0.9004 -0.2510
vn 0.2711 -0.9611 -0.0537
vn 0.5683 -0.8201 0.0669
vn 0.7484 -0.6631 -0.0143
vn 0.1969 -0.9716 0.1309
vn 0.5182 -0.8341 0.1891
vn 0.1685 -0.9624 0.2129
vn 0.3222 -0.8829 0.3417
vn 0.1559 -0.9734 0.1678
vn 0.3373 -0.8780 0.3395
vn 0.7597 -0.0066 0.6503
vn 0.2626 -0.9554 0.1354
vn 0.4528 -0.8346 0.3136
vn 0.5366 -0.7105 0.4553
vn 0.4845 -0.7022 0.5216
vn 0.4658 -0.7135 0.5234
vn 0.5616 -0.6306 0.5357
vn 0.3486 -0.8587 0.3757
vn 0.3956 -0.8519 0.3433
vn 0.5335 -0.7935 0.2928
vn 0.6197 -0.7088 0.3370
vn 0.6698 -0.6738 0.3119
vn 0.4655 -0.7536 0.4641
vn 0.7214 -0.6757 0.1518
vn 0.6022 -0.7738 0.1962
vn 0.6189 -0.7708 0.1513
vn 0.5396 -0.7186 0.4388
vn 0.5156 -0.7977 0.3129
vn 0.5202 -0.8459 0.1173
vn 0.4995 -0.8642 0.0597
vn 0.6923 -0.6929 0.2016
vn 0.5577 -0.7736 0.3008
vn 0.3278 -0.8701 0.3681
vn 0.5903 -0.7692 0.2448
vn 0.7809 -0.5541 0.2883
vn 0.7010 -0.5757 0.4209
vn 0.6359 -0.6840 0.3574
vn 0.6455 -0.6716 0.3636
vn 0.6284 -0.7373 0.2482
vn 0.7368 -0.6708 0.0842
vn 0.8319 -0.5548 -0.0129
vn 0.7548 -0.6388 0.1489
vn 0.7627 -0.6043 0.2303
vn 0.7453 -0.6611 -0.0865
vn 0.6828 -0.7293 0.0430
vn 0.6551 -0.7342 0.1782
vn 0.6772 -0.6693 0.3056
vn 0.7355 -0.6767 -0.0335
vn 0.8803 -0.4496 -0.1516
vn 0.7646 -0.5695 -0.3018
vn 0.7382 -0.6104 -0.2872
vn 0.9051 -0.4013 -0.1403
vn 0.7965 -0.5640 -0.2181
vn 0.9525 -0.2118 -0.2189
vn 0.9048 -0.2675 -0.3313
vn 0.9498 -0.1704 -0.2623
vn 0.9372 -0.2428 -0.2502
vn 0.9175 -0.3694 -0.1476
vn 0.8821 -0.2847 -0.3752
vn 0.8472 -0.4753 -0.2373
vn 0.7056 -0.5547 -0.4409
vn 0.7159 -0.6782 -0.1662
vn 0.7019 -0.6696 -0.2428
vn 0.7353 -0.6762 -0.0452
vn 0.7275 -0.6764 -0.1151
vn 0.5985 -0.6461 -0.4738
vn 0.5471 -0.8015 0.2413
vn 0.6975 -0.7050 0.1282
vn 0.7013 -0.7129 -0.0062
vn 0.7463 -0.6648 0.0330
vn 0.8277 -0.5578 -0.0611
vn 0.7340 -0.6767 0.0583
vn 0.6258 -0.7734 -0.1009
vn 0.6372 -0.7705 -0.0151
vn 0.4776 -0.8769 -0.0547
vn 0.7443 -0.6678 -0.0096
vn 0.6746 -0.7338 -0.0803
vn 0.6523 -0.6702 -0.3540
vn 0.7019 -0.6480 -0.2956
vn 0.6589 -0.7350 -0.1598
vn 0.6961 -0.7179 0.0132
vn 0.5105 -0.8584 -0.0505
vn 0.4059 -0.8894 -0.2104
vn 0.4674 -0.7837 -0.4092
vn 0.2854 -0.8898 -0.3561
vn 0.2684 -0.7009 -0.6609
vn 0.3956 -0.6533 -0.6455
vn 0.2761 -0.9549 -0.1088
vn 0.2517 -0.9678 0.0076
vn 0.4708 -0.8796 0.0689
vn 0.3282 -0.6157 -0.7163
vn 0.3761 -0.1935 -0.9062
vn 0.3650 0.1163 -0.9237
vn 0.3449 0.0601 -0.9367
vn 0.2128 0.0005 -0.9771
vn 0.4173 -0.0366 -0.9080
vn 0.2858 -0.1797 -0.9413
vn 0.0030 -0.0717 -0.9974
vn -0.0600 -0.0315 -0.9977
vn 0.0201 -0.3396 -0.9404
vn -0.0078 -0.1563 -0.9877
vn 0.1834 -0.5285 -0.8289
vn 0.0174 -0.3718 -0.9282
vn 0.1777 -0.2402 -0.9543
vn 0.4253 -0.2340 -0.8743
vn 0.4353 -0.3060 -0.8467
vn 0.6766 -0.3592 -0.6428
vn 0.7175 -0.3610 -0.5958
vn 0.3604 -0.3441 -0.8670
vn 0.0696 -0.2843 -0.9562
vn -0.1666 -0.3215 -0.9322
vn -0.0750 -0.2594 -0.9629
vn 0.2202 -0.4731 -0.8530
vn 0.1201 -0.5332 -0.8374
vn -0.2333 -0.1961 -0.9524
vn -0.0735 -0.3697 -0.9262
vn 0.2601 -0.7254 -0.6373
vn 0.4727 -0.6994 -0.5361
vn 0.7687 -0.5732 -0.2839
vn 0.5145 -0.8333 -0.2021
vn 0.8652 -0.3547 -0.3543
vn 0.9343 -0.2971 -0.1971
vn 0.7040 -0.6722 -0.2291
vn 0.6080 -0.7820 -0.1371
vn 0.7281 -0.5262 -0.4392
vn 0.8039 -0.3559 -0.4765
vn 0.6389 -0.5772 -0.5086
vn 0.8178 -0.4785 -0.3198
vn 0.6284 -0.6769 -0.3833
vn 0.9166 -0.3756 -0.1370
vn 0.9583 -0.2484 -0.1411
vn 0.9879 -0.1212 -0.0963
vn 0.9719 -0.1158 -0.2047
vn 0.8612 -0.3854 -0.3313
vn 0.8009 -0.3221 -0.5049
vn 0.7457 -0.5774 -0.3326
vn 0.9064 -0.2559 -0.3360
vn 0.7350 -0.4363 -0.5190
vn 0.7733 -0.5341 -0.3416
vn 0.8220 -0.4489 -0.3505
vn 0.6605 -0.4984 -0.5616
vn 0.6991 -0.4324 -0.5695
vn 0.8298 -0.3162 -0.4598
vn 0.9359 -0.2018 -0.2888
vn 0.9635 -0.2419 -0.1145
vn 0.9977 -0.0676 -0.0068
vn 0.8779 -0.3586 0.3173
vn 0.9877 -0.0955 0.1235
vn 0.6622 -0.7378 -0.1307
vn 0.5656 -0.6172 -0.5470
vn 0.6043 -0.7511 0.2658
vn 0.6233 -0.5259 0.5788
vn 0.5673 -0.6877 0.4530
vn 0.4729 -0.8644 0.1710
vn 0.4887 -0.8615 -0.1378
vn 0.5687 -0.7324 -0.3744
vn 0.5954 -0.5597 -0.5764
vn 0.8459 -0.3418 -0.4094
vn 0.7980 -0.4302 -0.4220
vn 0.9363 -0.2883 -0.2004
vn 0.9488 -0.2706 -0.1629
vn 0.8958 -0.4372 -0.0795
vn 0.8871 -0.4515 0.0961
vn 0.8625 -0.4941 -0.1092
vn 0.8715 -0.4088 -0.2708
vn 0.8561 -0.4460 -0.2611
vn 0.8223 -0.5669 -0.0505
vn 0.8116 -0.5549 0.1825
vn 0.9727 -0.2009 0.1162
vn 0.9628 -0.1771 0.2040
vn 0.8322 -0.3685 0.4142
vn 0.6569 -0.4527 0.6029
vn 0.7149 -0.4048 0.5701
vn 0.9182 -0.2393 0.3156
vn 0.9848 -0.1179 -0.1278
vn 0.9903 -0.1393 0.0018
vn 0.9643 -0.2243 0.1407
vn 0.8784 -0.3681 0.3049
vn 0.8502 -0.5247 0.0417
vn 0.7212 -0.5585 0.4099
vn 0.6905 -0.4633 0.5555
vn 0.8716 -0.3354 0.3574
vn 0.8907 -0.4519 0.0504
vn 0.9755 -0.1964 0.0989
vn 0.8815 -0.4226 -0.2107
vn 0.9189 -0.3436 -0.1939
vn 0.6803 -0.4210 -0.6000
vn 0.7656 -0.4407 -0.4686
vn 0.9523 -0.3047 0.0188
vn 0.8373 -0.3291 -0.4365
vn 0.4671 -0.3715 -0.8023
vn 0.2972 -0.4610 -0.8362
vn 0.0245 -0.4057 -0.9137
vn -0.0403 -0.4043 -0.9137
vn -0.1367 -0.2002 -0.9702
vn -0.1770 -0.2958 -0.9387
vn -0.1415 -0.1330 -0.9810
vn 0.1815 -0.1027 -0.9780
vn 0.0245 -0.1636 -0.9862
vn 0.3587 -0.1530 -0.9208
vn 0.5994 -0.2165 -0.7706
vn 0.8189 -0.2597 -0.5118
vn 0.9141 -0.3424 -0.2173
vn 0.9320 -0.1830 -0.3128
vn 0.9220 -0.3827 0.0583
vn 0.7697 -0.1425 -0.6223
vn 0.3734 -0.1317 -0.9183
vn 0.4697 -0.1435 -0.8711
vn 0.0653 -0.1856 -0.9805
vn -0.1483 -0.1700 -0.9742
vn 0.8742 -0.0502 -0.4830
vn 0.9738 0.0262 -0.2257
vn 0.9548 -0.0333 -0.2955
vn 0.9700 0.2062 -0.1291
vn 0.8445 0.4245 -0.3266
vn 0.9231 0.3811 -0.0505
vn 0.8412 0.3932 -0.3712
vn 0.9406 0.2365 -0.2435
vn 0.8689 0.4779 -0.1290
vn 0.9418 0.3282 -0.0732
vn 0.9691 -0.2382 0.0636
vn 0.9772 -0.2036 -0.0593
vn 0.9908 -0.1299 -0.0372
vn 0.9405 -0.3340 -0.0621
vn 0.9935 -0.0923 -0.0664
vn 0.9799 -0.1872 0.0693
vn 0.9405 -0.2749 0.1996
vn 0.9505 -0.2813 -0.1316
vn 0.9587 -0.2829 -0.0303
vn 0.8856 -0.4221 0.1936
vn 0.9070 -0.3328 0.2580
vn 0.8724 -0.4792 0.0963
vn 0.7899 -0.5837 -0.1880
vn 0.7324 -0.5724 -0.3688
vn 0.8043 -0.5482 -0.2294
vn 0.6278 -0.7544 -0.1916
vn 0.9807 -0.1900 -0.0469
vn 0.8785 -0.4289 -0.2104
vn 0.9133 -0.2334 -0.3338
vn 0.9551 -0.2312 0.1851
vn 0.9847 -0.1450 0.0968
vn 0.9164 -0.2347 0.3243
vn 0.7072 -0.6983 0.1106
vn 0.8012 -0.0025 0.5984
vn 0.6358 -0.6753 -0.3739
vn 0.7762 -0.4693 -0.4210
vn 0.8169 -0.4814 -0.3178
vn 0.2933 -0.9529 -0.0773
vn 0.8312 -0.5125 -0.2155
vn 0.6579 -0.7430 0.1230
vn 0.7690 -0.5510 0.3241
vn 0.8083 -0.5437 -0.2261
vn 0.8826 -0.4654 -0.0664
vn 0.7546 -0.5843 -0.2987
vn 0.8809 -0.3693 0.2960
vn 0.6943 -0.0953 -0.7134
vn 0.7328 -0.4652 0.4965
vn 0.8635 -0.3869 0.3236
vn 0.8935 -0.3953 0.2130
vn 0.9517 -0.2031 0.2304
vn 0.1459 -0.2603 -0.9544
vn 0.3048 -0.2916 -0.9067
vn 0.4947 -0.5055 -0.7069
vn -0.3542 -0.2154 -0.9100
vn -0.2703 -0.3335 -0.9031
vn -0.0259 -0.2498 -0.9679
vn 0.0416 -0.2995 -0.9532
vn -0.1896 -0.2793 -0.9413
vn 0.1625 -0.4676 -0.8689
vn 0.4452 -0.6008 -0.6640
vn 0.6490 -0.6681 -0.3639
vn 0.3450 -0.6931 -0.6329
vn 0.3900 -0.8142 -0.4300
vn 0.5428 -0.8219 -0.1726
vn 0.7765 -0.6185 -0.1206
vn 0.7816 -0.6194 -0.0744
vn 0.9372 -0.3480 -0.0238
vn 0.8743 -0.4853 -0.0108
vn 0.7089 -0.6560 -0.2592
vn 0.7422 -0.6350 -0.2142
vn 0.7986 -0.5846 0.1431
vn 0.5295 -0.5734 -0.6251
vn 0.4810 -0.6330 -0.6066
vn 0.2306 -0.3894 -0.8917
vn 0.0359 -0.5578 -0.8292
vn -0.1755 -0.4192 -0.8908
vn 0.1507 -0.5667 -0.8100
vn 0.6547 -0.6995 -0.2863
vn 0.7836 -0.5192 -0.3411
vn 0.7221 -0.6012 0.3424
vn 0.8513 -0.4854 -0.1994
vn 0.8856 -0.4615 0.0532
vn 0.7263 -0.6779 -0.1141
vn 0.4355 -0.5196 -0.7351
vn 0.3103 -0.5504 -0.7751
vn 0.4093 -0.7209 -0.5593
vn 0.2903 -0.5590 -0.7767
vn 0.1569 -0.3270 -0.9319
vn 0.1234 -0.0612 -0.9905
vn 0.1706 -0.3595 -0.9174
vn 0.1038 -0.2687 -0.9576
vn 0.3597 -0.5120 -0.7801
vn 0.4843 -0.6892 -0.5389
vn 0.5020 -0.8117 -0.2986
vn 0.5635 -0.7846 -0.2585
vn 0.5656 -0.7084 0.4222
vn 0.5298 -0.7347 0.4237
vn 0.3450 -0.8694 0.3538
vn 0.2433 -0.9672 0.0726
vn 0.2990 -0.9323 0.2037
vn 0.4780 -0.8581 0.1877
vn 0.4855 -0.8734 -0.0385
vn 0.2155 -0.9750 -0.0551
vn 0.4204 -0.8791 -0.2246
vn 0.1506 -0.9581 -0.2436
vn 0.0732 -0.8615 -0.5024
vn 0.2647 -0.8305 -0.4900
vn 0.4656 -0.7593 -0.4547
vn 0.6809 -0.7306 0.0509
vn 0.6213 -0.7521 0.2199
vn 0.5201 -0.7640 0.3819
vn 0.7958 -0.3952 0.4588
vn 0.6644 0.7059 0.2456
vn 0.7638 0.6258 0.1580
vn 0.7099 0.6580 0.2512
vn 0.5940 0.6223 0.5099
vn 0.7138 0.3709 0.5941
vn 0.8753 0.3009 0.3787
vn 0.8754 0.3306 0.3526
vn 0.9676 0.1493 0.2035
vn 0.9660 0.2225 0.1321
vn 0.9321 0.3407 0.1232
vn 0.8611 0.4954 0.1142
vn 0.7187 0.6545 0.2347
vn 0.7162 0.6264 0.3076
vn 0.7125 0.5512 0.4342
vn 0.4807 0.8414 0.2471
vn 0.5239 -0.7673 0.3699
vn 0.6470 -0.6778 0.3492
vn 0.6754 -0.6919 0.2551
vn 0.5958 -0.7740 0.2144
vn 0.7672 0.6033 0.2180
vn 0.8106 0.5602 0.1707
vn 0.8468 0.3816 0.3705
vn 0.9264 0.2146 0.3095
vn 0.9434 0.2075 0.2589
vn 0.8153 0.5737 0.0783
vn 0.5330 0.8249 0.1883
vn 0.9605 -0.2734 0.0526
vn 0.9650 -0.2492 0.0817
vn 0.8861 -0.3887 0.2524
vn 0.9017 -0.4288 0.0561
vn 0.8377 -0.5400 0.0821
vn 0.7992 -0.5717 0.1859
vn 0.5835 -0.7920 0.1797
vn 0.6169 -0.6919 0.3751
vn 0.7013 -0.5955 0.3918
vn 0.7552 -0.5378 0.3748
vn 0.7100 -0.6642 0.2340
vn 0.7671 -0.5700 0.2942
vn 0.6043 0.5050 0.6163
vn 0.5590 0.6067 0.5652
vn 0.9428 0.2907 0.1630
vn 0.9471 0.3009 0.1121
vn 0.9290 0.3530 0.1116
vn 0.9356 0.2433 0.2556
vn 0.5632 0.6570 0.5011
vn 0.6008 0.7575 0.2555
vn 0.7362 0.5621 0.3769
vn 0.5187 0.8251 0.2240
vn -0.2229 -0.0813 -0.9715
vn -0.3777 -0.1408 -0.9152
vn 0.3272 0.0854 -0.9411
vn -0.3621 -0.1393 -0.9217
vn -0.3176 -0.1135 -0.9414
vn -0.1651 -0.0480 -0.9851
vn 0.1500 0.0975 -0.9839
vn 0.3049 0.1814 -0.9350
vn 0.0112 0.0127 -0.9999
vn -0.1955 -0.0737 -0.9779
vn -0.0325 0.0059 -0.9995
vn 0.0935 0.0086 -0.9956
vn 0.3527 0.0661 -0.9334
vn 0.3826 0.0503 -0.9226
vn 0.6166 0.0938 -0.7817
vn 0.6309 0.1030 -0.7690
vn 0.4017 0.2416 -0.8833
vn 0.3655 0.2065 -0.9076
vn 0.3818 0.1343 -0.9144
vn 0.1902 0.0740 -0.9790
vn 0.3427 -0.2219 -0.9129
vn 0.3815 -0.1531 -0.9116
vn 0.3982 -0.4892 -0.7760
vn 0.4845 -0.6199 -0.6173
vn 0.4059 -0.6708 -0.6207
vn 0.3250 -0.4578 -0.8275
vn 0.1508 -0.6445 -0.7496
vn 0.6282 -0.6783 -0.3812
vn 0.7128 -0.6783 -0.1782
vn 0.5434 -0.8244 -0.1582
vn 0.4439 -0.7660 -0.4649
vn 0.0926 -0.5040 0.8587
vn 0.1963 -0.8631 0.4653
vn 0.1853 -0.9771 0.1044
vn 0.4629 -0.8785 0.1177
vn 0.6419 -0.7545 0.1367
vn 0.2558 -0.9581 0.1291
vn 0.5033 -0.7912 0.3473
vn 0.4045 -0.8730 0.2723
vn 0.4165 -0.8186 0.3954
vn 0.5163 -0.7715 0.3719
vn 0.7614 -0.6440 0.0742
vn 0.4569 -0.8887 0.0372
vn 0.4228 -0.8979 0.1223
vn 0.1493 -0.9883 0.0301
vn 0.2491 -0.9546 0.1632
vn 0.6788 -0.6983 0.2271
vn 0.2109 -0.9754 0.0634
vn 0.2256 -0.9707 0.0823
vn 0.4695 -0.8636 0.1837
vn 0.6606 -0.7168 0.2232
vn 0.7106 -0.6987 0.0829
vn 0.1639 -0.9668 0.1961
vn 0.2531 -0.9630 0.0928
vn 0.3055 -0.9470 0.0997
vn 0.5562 -0.7808 0.2847
vn 0.6590 -0.7319 0.1730
vn 0.6783 -0.6881 0.2577
vn 0.4956 -0.7634 0.4143
vn 0.4543 -0.8454 0.2810
vn 0.1510 -0.9861 0.0699
vn 0.1812 -0.9777 0.1058
vn 0.4121 -0.8722 0.2634
vn 0.6614 -0.6326 0.4030
vn 0.4904 -0.7506 0.4429
vn 0.1423 -0.9694 0.1999
vn 0.0633 -0.9965 0.0546
vn 0.4378 -0.8788 0.1896
vn 0.7472 -0.5955 0.2951
vn 0.5077 -0.8008 0.3177
vn 0.2658 -0.9513 0.1561
vn 0.0840 -0.9960 0.0305
vn 0.4848 -0.7759 0.4037
vn 0.5376 -0.7477 0.3899
vn 0.5320 -0.7089 0.4631
vn 0.2091 -0.9710 0.1157
vn 0.3380 -0.9313 0.1359
vn 0.4686 -0.8532 0.2291
vn 0.6145 -0.7316 0.2952
vn 0.4932 -0.7609 0.4216
vn 0.5925 -0.6197 0.5147
vn 0.5720 -0.6583 0.4893
vn 0.3622 -0.7685 0.5275
vn 0.0882 -0.9934 0.0738
vn 0.1654 -0.9699 0.1788
vn 0.3238 -0.9387 0.1180
vn 0.3909 -0.8668 0.3097
vn 0.6650 -0.7290 0.1624
vn 0.2008 -0.2162 0.9555
vn 0.4665 -0.8055 0.3654
vn -0.6194 -0.6676 -0.4131
vn -0.0503 -0.9981 0.0352
vn -0.1723 -0.9600 0.2207
vn -0.3646 -0.8385 0.4049
vn -0.4350 -0.8466 0.3065
vn -0.6456 -0.7045 0.2948
vn -0.6071 -0.7703 0.1950
vn -0.8008 -0.5740 0.1711
vn -0.5786 -0.7409 0.3411
vn -0.3732 -0.8037 0.4635
vn -0.5746 -0.7577 0.3093
vn -0.5326 -0.8128 0.2359
vn -0.4418 -0.8515 0.2824
vn -0.2577 -0.9533 0.1577
vn -0.7948 -0.5879 0.1504
vn -0.4717 -0.8438 0.2559
vn -0.7798 -0.5435 0.3107
vn -0.4623 -0.8209 0.3352
vn -0.5351 -0.8434 0.0481
vn -0.8772 -0.4645 -0.1212
vn -0.8266 -0.5206 -0.2138
vn -0.8731 -0.4232 -0.2422
vn -0.5723 -0.8118 -0.1161
vn -0.2682 -0.9550 0.1265
vn -0.2797 -0.9576 0.0687
vn -0.7266 -0.5397 0.4251
vn -0.2334 -0.9156 0.3273
vn -0.1398 -0.9738 0.1796
vn 0.5502 0.1901 -0.8131
vn 0.4181 0.3858 -0.8224
vn 0.3987 0.1603 -0.9030
vn -0.1167 0.5337 -0.8376
vn -0.2871 0.1932 -0.9382
vn -0.9516 -0.2981 0.0743
vn -0.8271 -0.4563 0.3282
vn -0.7743 -0.4305 0.4638
vn -0.6854 -0.4898 0.5388
vn -0.8010 -0.4469 0.3984
vn -0.7336 -0.5554 0.3916
vn -0.8493 -0.2609 -0.4590
vn -0.1798 -0.2245 -0.9577
vn -0.7992 -0.5575 -0.2249
vn -0.7033 -0.7008 0.1196
vn 0.1112 -0.8728 -0.4753
vn -0.1697 -0.9737 -0.1519
vn -0.2463 -0.5692 -0.7844
vn 0.4757 -0.1505 -0.8667
vn 0.0430 -0.8272 -0.5603
vn -0.3261 -0.9354 0.1367
vn -0.9125 -0.2187 0.3456
vn 0.1908 0.9816 0.0002
vn 0.3363 0.9372 -0.0923
vn 0.4860 0.8357 -0.2556
vn 0.2364 0.9500 -0.2041
vn 0.4015 0.6016 -0.6906
vn 0.4474 0.8489 -0.2813
vn -0.5923 0.5333 -0.6040
vn -0.5594 0.6497 -0.5148
vn -0.6283 0.7493 -0.2095
vn -0.6233 0.7800 -0.0550
vn -0.7779 0.6261 -0.0535
vn -0.7376 0.6326 -0.2362
vn -0.6330 0.6880 -0.3550
vn -0.5105 0.8524 -0.1130
vn -0.6945 0.5586 -0.4534
vn 0.1554 0.9658 -0.2077
vn 0.1077 0.9914 -0.0737
vn 0.0166 0.9926 -0.1204
vn 0.3325 0.8368 0.4350
vn 0.4177 0.8120 0.4077
vn 0.5120 0.7619 0.3966
vn 0.5613 0.7563 0.3362
vn 0.2342 0.8635 0.4467
vn -0.2221 0.9251 0.3080
vn 0.3951 0.7922 0.4651
vn 0.5888 0.6963 0.4106
vn 0.4816 0.8026 0.3520
vn 0.6339 0.7204 0.2816
vn 0.8423 0.4642 0.2740
vn 0.6751 0.6634 0.3226
vn 0.5749 0.6268 0.5260
vn 0.3126 0.8933 0.3230
vn 0.5340 0.8228 0.1946
vn -0.6157 -0.7158 0.3295
vn -0.9825 -0.1353 0.1279
vn -0.8381 -0.3584 0.4113
vn -0.2052 0.9680 0.1445
vn -0.2710 0.9527 0.1374
vn -0.6173 0.7606 0.2011
vn -0.6965 0.6696 0.2581
vn -0.5422 0.8398 -0.0253
vn -0.4061 0.8775 0.2552
vn -0.7041 0.6173 0.3510
vn -0.5544 0.5343 0.6381
vn -0.5674 0.5818 0.5827
vn -0.6379 0.5380 0.5510
vn -0.5188 0.8107 0.2712
vn -0.7975 0.5674 0.2050
vn -0.6252 0.6830 0.3778
vn -0.7770 0.6108 0.1525
vn -0.5890 0.7544 0.2898
vn -0.7111 0.6965 0.0956
vn -0.3206 0.8375 0.4425
vn -0.5570 0.6954 0.4541
vn -0.4510 0.7792 0.4352
vn -0.5840 0.6875 0.4317
vn -0.4343 0.7644 0.4765
vn -0.3017 0.7972 0.5230
vn -0.1019 0.8507 0.5156
vn -0.0470 0.8089 0.5860
vn 0.1617 0.8240 0.5430
vn -0.0724 0.9153 0.3962
vn -0.3203 0.8929 0.3164
vn -0.0433 0.9794 0.1972
vn -0.1615 0.9739 0.1593
vn -0.2643 0.9426 0.2040
vn 0.0902 0.9834 0.1574
vn 0.1618 0.9309 0.3275
vn 0.2551 0.9523 0.1677
vn -0.2598 0.9382 0.2286
vn -0.3653 0.9006 0.2356
vn -0.4797 0.8730 0.0880
vn -0.9607 -0.2771 0.0190
vn -0.9619 0.1816 0.2044
vn -0.8680 0.3094 0.3885
vn -0.6482 0.0144 0.7614
vn -0.7219 0.6390 0.2655
vn -0.5342 0.7413 0.4063
vn -0.8322 0.5136 0.2092
vn -0.7555 0.5663 0.3296
vn -0.9188 0.2375 0.3154
vn 0.0672 0.9942 0.0843
vn 0.2420 0.9668 -0.0814
vn 0.1025 0.9925 0.0659
vn -0.6445 0.7306 0.2256
vn -0.2634 0.9628 0.0602
s 1
usemtl mtl1.001
f 1//1 3//2 2//3
f 3//2 1//1 5038//4
f 6996//5 5038//4 5037//6
f 6996//5 5037//6 5036//7
f 4//8 5036//7 5041//9
f 5041//9 5035//10 4//8
f 7//11 4938//12 8//13
f 9//14 5026//15 5025//16
f 10//17 4080//18 4078//19
f 10//17 4078//19 11//20
f 11//20 4077//21 10//17
f 12//22 4077//21 4052//23
f 12//22 4052//23 4051//24
f 12//22 4051//24 4046//25
f 13//26 4046//25 4045//27
f 4045//27 14//28 13//26
f 4047//29 14//28 4045//27
f 2871//30 2872//31 3818//32
f 2869//33 2870//34 16//35
f 2870//34 2871//30 17//36
f 2871//30 3818//32 17//36
f 19//37 2870//34 17//36
f 18//38 2870//34 19//37
f 20//39 18//38 19//37
f 17//36 3818//32 19//37
f 19//37 3818//32 3811//40
f 3810//41 3799//42 3800//43
f 21//44 3810//41 3800//43
f 21//44 3795//45 22//46
f 22//46 3795//45 3801//47
f 23//48 22//46 3801//47
f 23//48 20//39 22//46
f 23//48 7313//49 20//39
f 24//50 7313//49 23//48
f 7312//51 24//50 25//52
f 25//52 26//53 7312//51
f 25//52 1552//54 26//53
f 7312//51 27//55 7311//56
f 26//53 27//55 7312//51
f 7310//57 7311//56 27//55
f 7310//57 27//55 28//58
f 7436//59 29//60 28//58
f 7307//61 29//60 30//62
f 31//63 30//62 29//60
f 30//62 7306//64 7307//61
f 7306//64 30//62 7305//65
f 31//63 7305//65 30//62
f 7305//65 31//63 32//66
f 7305//65 32//66 7442//67
f 34//68 7305//65 7442//67
f 33//69 7305//65 34//68
f 49//70 33//69 47//71
f 48//72 49//70 47//71
f 40//73 35//74 36//75
f 40//73 36//75 38//76
f 38//76 36//75 7444//77
f 37//78 38//76 7444//77
f 40//73 38//76 39//79
f 46//80 39//79 42//81
f 42//81 66//82 43//83
f 44//84 42//81 43//83
f 64//85 44//84 43//83
f 45//86 46//80 44//84
f 44//84 46//80 42//81
f 46//80 58//87 39//79
f 58//87 57//88 40//73
f 58//87 40//73 39//79
f 35//74 40//73 57//88
f 7589//89 55//90 57//88
f 57//88 55//90 35//74
f 35//74 55//90 7588//91
f 7588//91 47//71 35//74
f 7588//91 48//72 47//71
f 48//72 51//92 49//70
f 51//92 7304//93 49//70
f 51//92 50//94 7304//93
f 51//92 52//95 50//94
f 48//72 52//95 51//92
f 54//96 52//95 53//97
f 53//97 52//95 48//72
f 55//90 54//96 53//97
f 54//96 55//90 2861//98
f 55//90 2862//99 2861//98
f 54//96 2861//98 2863//100
f 2862//99 55//90 56//101
f 7318//102 2862//99 56//101
f 7321//103 56//101 7589//89
f 60//104 7589//89 57//88
f 59//105 60//104 57//88
f 59//105 57//88 58//87
f 61//106 59//105 45//86
f 59//105 58//87 45//86
f 2820//107 7321//103 7322//108
f 7322//108 7321//103 60//104
f 61//106 60//104 59//105
f 61//106 7322//108 60//104
f 62//109 7322//108 61//106
f 64//85 62//109 44//84
f 62//109 64//85 63//110
f 2819//111 63//110 64//85
f 2819//111 64//85 65//112
f 65//112 64//85 43//83
f 66//82 7361//113 43//83
f 7361//113 66//82 7324//114
f 66//82 42//81 41//115
f 41//115 38//76 67//116
f 67//116 38//76 37//78
f 7445//117 69//118 68//119
f 7445//117 7446//120 69//118
f 69//118 7446//120 7441//121
f 69//118 7441//121 71//122
f 7441//121 7447//123 71//122
f 71//122 7447//123 7448//124
f 69//118 71//122 72//125
f 69//118 72//125 70//126
f 73//127 74//128 72//125
f 74//128 70//126 72//125
f 74//128 77//129 70//126
f 77//129 74//128 75//130
f 76//131 77//129 75//130
f 70//126 77//129 68//119
f 68//119 69//118 70//126
f 78//132 68//119 77//129
f 81//133 7331//134 78//132
f 81//133 7329//135 7331//134
f 79//136 80//137 81//133
f 84//138 82//139 80//137
f 82//139 81//133 80//137
f 82//139 7328//140 81//133
f 7332//141 82//139 83//142
f 83//142 2570//143 2571//144
f 2572//145 83//142 2571//144
f 2572//145 7332//141 83//142
f 83//142 84//138 2570//143
f 84//138 86//146 2570//143
f 83//142 82//139 84//138
f 84//138 85//147 86//146
f 2570//143 86//146 2569//148
f 2564//149 2568//150 2569//148
f 87//151 7371//152 2564//149
f 2561//153 7371//152 87//151
f 7372//154 88//155 7460//156
f 89//157 7372//154 7460//156
f 7460//156 90//158 89//157
f 90//158 91//159 2555//160
f 91//159 92//161 2555//160
f 1520//162 91//159 7467//163
f 1519//164 92//161 91//159
f 1519//164 1518//165 92//161
f 92//161 1518//165 93//166
f 94//167 2554//168 93//166
f 2554//168 94//167 2606//169
f 2553//170 94//167 1516//171
f 2606//169 94//167 2553//170
f 2553//170 1516//171 2552//172
f 2552//172 95//173 2604//174
f 2604//174 95//173 2603//175
f 95//173 97//176 96//177
f 95//173 1514//178 98//179
f 95//173 98//179 97//176
f 98//179 99//180 2546//181
f 1499//182 99//180 98//179
f 100//183 99//180 1499//182
f 100//183 2548//184 2547//185
f 1500//186 101//187 100//183
f 2548//184 100//183 101//187
f 101//187 2549//188 2548//184
f 1501//189 534//190 101//187
f 101//187 534//190 2549//188
f 102//191 2549//188 534//190
f 102//191 534//190 104//192
f 103//193 102//191 104//192
f 103//193 104//192 7541//194
f 105//195 103//193 7541//194
f 7541//194 107//196 105//195
f 105//195 107//196 106//197
f 107//196 108//198 106//197
f 107//196 7543//199 108//198
f 7543//199 109//200 108//198
f 108//198 109//200 110//201
f 109//200 112//202 111//203
f 110//201 109//200 111//203
f 7375//204 112//202 2506//205
f 7375//204 111//203 112//202
f 112//202 113//206 2506//205
f 114//207 2506//205 113//206
f 2505//208 2506//205 114//207
f 2474//209 114//207 115//210
f 2474//209 115//210 2467//211
f 116//212 2467//211 115//210
f 115//210 507//213 116//212
f 507//213 505//214 116//212
f 118//215 505//214 117//216
f 479//217 119//218 118//215
f 118//215 119//218 7587//219
f 116//212 7587//219 207//220
f 207//220 7587//219 120//221
f 120//221 121//222 205//223
f 121//222 122//224 206//225
f 205//223 121//222 206//225
f 122//224 123//226 206//225
f 123//226 124//227 206//225
f 206//225 124//227 204//228
f 204//228 124//227 125//229
f 203//230 125//229 124//227
f 126//231 203//230 124//227
f 123//226 127//232 124//227
f 124//227 127//232 126//231
f 123//226 128//233 127//232
f 128//233 123//226 122//224
f 122//224 7585//234 128//233
f 129//235 7586//236 122//224
f 129//235 130//237 7586//236
f 129//235 131//238 130//237
f 130//237 7583//239 7586//236
f 131//238 129//235 121//222
f 120//221 131//238 121//222
f 120//221 481//240 131//238
f 132//241 481//240 119//218
f 7582//242 481//240 132//241
f 476//243 133//244 480//245
f 480//245 133//244 132//241
f 476//243 134//246 133//244
f 473//247 134//246 476//243
f 473//247 135//248 134//246
f 135//248 140//249 134//246
f 136//250 135//248 7546//251
f 7546//251 135//248 473//247
f 137//252 135//248 136//250
f 137//252 420//253 135//248
f 135//248 420//253 139//254
f 135//248 139//254 140//249
f 141//255 140//249 139//254
f 134//246 141//255 133//244
f 142//256 133//244 141//255
f 142//256 141//255 143//257
f 143//257 141//255 144//258
f 7581//259 143//257 144//258
f 7581//259 144//258 145//260
f 7580//261 7581//259 148//262
f 196//263 147//264 146//265
f 276//266 146//265 187//267
f 196//263 146//265 276//266
f 146//265 147//264 188//268
f 146//265 188//268 187//267
f 147//264 148//262 150//269
f 148//262 149//270 150//269
f 145//260 149//270 148//262
f 150//269 149//270 151//271
f 151//271 153//272 152//273
f 149//270 153//272 151//271
f 418//274 419//275 154//276
f 419//275 417//277 154//276
f 417//277 420//253 154//276
f 420//253 416//278 154//276
f 416//278 155//279 154//276
f 153//272 418//274 155//279
f 154//276 155//279 418//274
f 153//272 156//280 152//273
f 152//273 158//281 151//271
f 159//282 158//281 157//283
f 188//268 159//282 160//284
f 159//282 157//283 160//284
f 147//264 159//282 188//268
f 150//269 159//282 147//264
f 158//281 159//282 150//269
f 160//284 157//283 161//285
f 160//284 161//285 186//286
f 157//283 162//287 161//285
f 157//283 163//288 162//287
f 157//283 158//281 163//288
f 158//281 152//273 163//288
f 389//289 390//290 152//273
f 152//273 390//290 163//288
f 163//288 390//290 164//291
f 163//288 164//291 162//287
f 164//291 165//292 190//293
f 165//292 185//294 190//293
f 390//290 165//292 164//291
f 390//290 166//295 165//292
f 167//296 168//297 388//298
f 167//296 388//298 169//299
f 166//295 167//296 169//299
f 387//300 172//301 388//298
f 388//298 172//301 171//302
f 388//298 171//302 170//303
f 387//300 386//304 172//301
f 171//302 182//305 183//306
f 170//303 171//302 183//306
f 171//302 173//307 182//305
f 172//301 173//307 171//302
f 173//307 384//308 175//309
f 172//301 384//308 173//307
f 384//308 381//310 175//309
f 173//307 174//311 182//305
f 173//307 175//309 174//311
f 383//312 176//313 175//309
f 175//309 176//313 174//311
f 383//312 177//314 176//313
f 177//314 383//312 380//315
f 178//316 278//317 303//318
f 178//316 179//319 278//317
f 176//313 179//319 178//316
f 176//313 280//320 179//319
f 180//321 303//318 304//322
f 178//316 303//318 180//321
f 180//321 304//322 277//323
f 174//311 178//316 180//321
f 174//311 176//313 178//316
f 181//324 180//321 277//323
f 183//306 182//305 181//324
f 192//325 183//306 181//324
f 184//326 183//306 192//325
f 184//326 170//303 183//306
f 169//299 388//298 184//326
f 388//298 170//303 184//326
f 184//326 192//325 185//294
f 165//292 184//326 185//294
f 165//292 169//299 184//326
f 166//295 169//299 165//292
f 185//294 191//327 190//293
f 189//328 164//291 190//293
f 162//287 164//291 189//328
f 161//285 189//328 186//286
f 161//285 162//287 189//328
f 187//267 160//284 186//286
f 188//268 160//284 187//267
f 2265//329 186//286 194//330
f 189//328 190//293 194//330
f 186//286 189//328 194//330
f 194//330 190//293 193//331
f 190//293 191//327 193//331
f 191//327 192//325 193//331
f 192//325 181//324 193//331
f 181//324 277//323 193//331
f 194//330 193//331 2028//332
f 2265//329 194//330 2027//333
f 2026//334 186//286 2265//329
f 195//335 186//286 2026//334
f 198//336 196//263 276//266
f 198//336 197//337 196//263
f 197//337 148//262 196//263
f 197//337 7580//261 148//262
f 7579//338 7580//261 197//337
f 7577//339 7579//338 197//337
f 197//337 198//336 7577//339
f 7577//339 198//336 199//340
f 199//340 198//336 200//341
f 7568//342 201//343 7567//344
f 7567//344 201//343 203//230
f 202//345 203//230 201//343
f 7569//346 201//343 7568//342
f 201//343 7569//346 202//345
f 202//345 218//347 209//348
f 7569//346 218//347 202//345
f 203//230 202//345 208//349
f 203//230 208//349 125//229
f 125//229 208//349 204//228
f 208//349 2470//350 204//228
f 205//223 204//228 2470//350
f 206//225 204//228 205//223
f 7576//351 2467//211 205//223
f 205//223 2467//211 207//220
f 2470//350 7576//351 205//223
f 207//220 120//221 205//223
f 505//214 7587//219 116//212
f 2467//211 116//212 207//220
f 2468//352 2467//211 2456//353
f 2456//353 2467//211 7576//351
f 208//349 212//354 2470//350
f 211//355 208//349 209//348
f 209//348 210//356 211//355
f 211//355 212//354 208//349
f 213//357 212//354 211//355
f 212//354 225//358 2469//359
f 213//357 225//358 212//354
f 2452//360 2469//359 225//358
f 213//357 211//355 214//361
f 215//362 214//361 211//355
f 215//362 7575//363 214//361
f 215//362 211//355 210//356
f 215//362 210//356 216//364
f 7575//363 215//362 216//364
f 216//364 222//365 7575//363
f 216//364 217//366 222//365
f 218//347 217//366 210//356
f 217//366 216//364 210//356
f 221//367 217//366 219//368
f 218//347 219//368 217//366
f 220//369 219//368 7569//346
f 218//347 7569//346 219//368
f 221//367 220//369 7573//370
f 221//367 219//368 220//369
f 222//365 221//367 242//371
f 223//372 7575//363 222//365
f 223//372 222//365 242//371
f 241//373 214//361 223//372
f 214//361 241//373 224//374
f 224//374 227//375 214//361
f 227//375 213//357 214//361
f 213//357 227//375 226//376
f 225//358 213//357 226//376
f 227//375 2451//377 226//376
f 2451//377 2450//378 226//376
f 227//375 230//379 2451//377
f 230//379 227//375 228//380
f 229//381 230//379 228//380
f 229//381 228//380 239//382
f 229//381 236//383 230//379
f 232//384 231//385 236//383
f 230//379 236//383 231//385
f 232//384 236//383 234//386
f 233//387 2418//388 232//384
f 232//384 234//386 233//387
f 233//387 234//386 2415//389
f 234//386 235//390 2415//389
f 234//386 236//383 235//390
f 236//383 237//391 235//390
f 236//383 229//381 237//391
f 239//382 238//392 237//391
f 229//381 239//382 237//391
f 240//393 238//392 239//382
f 241//373 240//393 239//382
f 228//380 241//373 239//382
f 228//380 224//374 241//373
f 240//393 241//373 223//372
f 242//371 240//393 223//372
f 243//394 240//393 242//371
f 245//395 243//394 244//396
f 238//392 243//394 245//395
f 245//395 246//397 238//392
f 247//398 2414//399 246//397
f 248//400 247//398 246//397
f 2412//401 2413//402 247//398
f 249//403 250//404 2412//401
f 2407//405 250//404 249//403
f 2407//405 249//403 252//406
f 249//403 251//407 252//406
f 2407//405 252//406 2408//408
f 252//406 253//409 2408//408
f 254//410 255//411 2404//412
f 2404//412 255//411 256//413
f 256//413 257//414 2402//415
f 2404//412 256//413 2402//415
f 255//411 265//416 256//413
f 256//413 258//417 257//414
f 256//413 265//416 267//418
f 267//418 258//417 256//413
f 267//418 259//419 258//417
f 267//418 260//420 259//419
f 263//421 261//422 260//420
f 260//420 267//418 263//421
f 263//421 268//423 261//422
f 248//400 262//424 261//422
f 248//400 245//395 262//424
f 248//400 261//422 268//423
f 263//421 264//425 268//423
f 268//423 264//425 251//407
f 264//425 263//421 266//426
f 251//407 264//425 266//426
f 266//426 263//421 265//416
f 254//410 265//416 255//411
f 266//426 265//416 254//410
f 253//409 266//426 254//410
f 252//406 266//426 253//409
f 265//416 263//421 267//418
f 252//406 251//407 266//426
f 268//423 251//407 249//403
f 268//423 249//403 247//398
f 247//398 248//400 268//423
f 248//400 246//397 245//395
f 2412//401 247//398 249//403
f 2268//427 269//428 259//419
f 2268//427 270//429 269//428
f 2268//427 2269//430 270//429
f 2269//430 271//431 270//429
f 269//428 272//432 2270//433
f 270//429 273//434 269//428
f 270//429 7570//435 273//434
f 269//428 274//436 272//432
f 273//434 274//436 269//428
f 273//434 275//437 274//436
f 275//437 198//336 274//436
f 198//336 276//266 274//436
f 276//266 187//267 274//436
f 187//267 195//335 2025//438
f 274//436 187//267 2025//438
f 2025//438 195//335 2026//334
f 2027//333 194//330 2028//332
f 193//331 277//323 2028//332
f 277//323 304//322 310//439
f 278//317 302//440 303//318
f 279//441 302//440 278//317
f 179//319 280//320 279//441
f 179//319 279//441 278//317
f 280//320 281//442 279//441
f 281//442 284//443 282//444
f 281//442 282//444 283//445
f 279//441 281//442 283//445
f 399//446 284//443 281//442
f 400//447 292//448 284//443
f 400//447 294//449 292//448
f 400//447 285//450 294//449
f 341//451 286//452 285//450
f 341//451 287//453 286//452
f 341//451 339//454 287//453
f 287//453 339//454 7565//455
f 287//453 288//456 286//452
f 288//456 287//453 7565//455
f 337//457 288//456 7565//455
f 289//458 288//456 337//457
f 288//456 289//458 290//459
f 294//449 288//456 290//459
f 292//448 294//449 290//459
f 292//448 290//459 291//460
f 292//448 291//460 293//461
f 294//449 285//450 286//452
f 293//461 284//443 292//448
f 284//443 293//461 282//444
f 295//462 283//445 296//463
f 295//462 296//463 301//464
f 301//464 296//463 305//465
f 296//463 309//466 305//465
f 283//445 298//467 296//463
f 297//468 298//467 283//445
f 298//467 297//468 299//469
f 297//468 291//460 299//469
f 299//469 291//460 300//470
f 300//470 291//460 290//459
f 289//458 300//470 290//459
f 298//467 307//471 309//466
f 296//463 298//467 309//466
f 309//466 311//472 305//465
f 302//440 295//462 301//464
f 279//441 283//445 302//440
f 283//445 295//462 302//440
f 302//440 301//464 303//318
f 303//318 301//464 305//465
f 304//322 303//318 305//465
f 277//323 310//439 2024//473
f 277//323 2024//473 2028//332
f 304//322 305//465 310//439
f 305//465 312//474 310//439
f 305//465 311//472 312//474
f 298//467 306//475 308//476
f 298//467 308//476 307//471
f 306//475 330//477 308//476
f 308//476 330//477 315//478
f 308//476 315//478 683//479
f 307//471 308//476 683//479
f 309//466 316//480 314//481
f 309//466 683//479 316//480
f 307//471 683//479 309//466
f 311//472 309//466 314//481
f 312//474 2023//482 310//439
f 310//439 2023//482 2024//473
f 312//474 311//472 314//481
f 314//481 2022//483 312//474
f 312//474 2022//483 2023//482
f 313//484 315//478 330//477
f 329//485 7566//486 313//484
f 315//478 317//487 683//479
f 314//481 316//480 684//488
f 314//481 684//488 687//489
f 320//490 317//487 315//478
f 320//490 318//491 317//487
f 314//481 687//489 2022//483
f 316//480 683//479 684//488
f 317//487 685//492 683//479
f 318//491 682//493 317//487
f 319//494 678//495 318//491
f 319//494 318//491 320//490
f 320//490 321//496 319//494
f 322//497 319//494 321//496
f 328//498 323//499 322//497
f 328//498 322//497 321//496
f 677//500 322//497 325//501
f 324//502 325//501 322//497
f 322//497 323//499 324//502
f 673//503 325//501 324//502
f 324//502 7525//504 673//503
f 326//505 7525//504 324//502
f 668//506 7525//504 326//505
f 668//506 326//505 7529//507
f 7529//507 326//505 327//508
f 326//505 328//498 327//508
f 326//505 323//499 328//498
f 324//502 323//499 326//505
f 329//485 330//477 331//509
f 7528//510 331//509 7527//511
f 7528//510 327//508 331//509
f 329//485 331//509 327//508
f 7526//512 332//513 333//514
f 333//514 332//513 306//475
f 332//513 330//477 306//475
f 300//470 306//475 299//469
f 333//514 306//475 300//470
f 334//515 7526//512 335//516
f 335//516 7526//512 333//514
f 662//517 334//515 335//516
f 336//518 662//517 335//516
f 335//516 337//457 336//518
f 289//458 337//457 335//516
f 338//519 644//520 337//457
f 7565//455 639//521 338//519
f 639//521 7565//455 339//454
f 339//454 340//522 342//523
f 341//451 340//522 339//454
f 340//522 341//451 414//524
f 413//525 403//526 414//524
f 403//526 340//522 414//524
f 403//526 342//523 340//522
f 409//527 344//528 342//523
f 409//527 407//529 344//528
f 407//529 343//530 344//528
f 344//528 343//530 345//531
f 347//532 638//533 346//534
f 638//533 347//532 634//535
f 635//536 347//532 348//537
f 347//532 346//534 348//537
f 348//537 349//538 635//536
f 350//539 349//538 405//540
f 637//541 349//538 350//539
f 637//541 350//539 351//542
f 375//543 353//544 352//545
f 353//544 435//546 352//545
f 435//546 353//544 354//547
f 426//548 354//547 355//549
f 356//550 425//551 357//552
f 356//550 357//552 359//553
f 357//552 358//554 359//553
f 359//553 423//555 356//550
f 360//556 423//555 359//553
f 360//556 422//557 423//555
f 361//558 362//559 155//279
f 155//279 362//559 363//560
f 363//560 156//280 155//279
f 155//279 156//280 153//272
f 156//280 363//560 364//561
f 363//560 365//562 364//561
f 156//280 364//561 391//563
f 365//562 363//560 358//554
f 362//559 358//554 363//560
f 358//554 367//564 365//562
f 367//564 366//565 365//562
f 367//564 358//554 357//552
f 358//554 361//558 359//553
f 361//558 360//556 359//553
f 361//558 358//554 362//559
f 357//552 368//566 367//564
f 357//552 374//567 368//566
f 369//568 368//566 374//567
f 369//568 372//569 392//570
f 392//570 371//571 370//572
f 392//570 372//569 371//571
f 372//569 377//573 371//571
f 373//574 374//567 376//575
f 376//575 374//567 375//543
f 374//567 353//544 375//543
f 355//549 353//544 374//567
f 425//551 355//549 357//552
f 374//567 357//552 355//549
f 354//547 353//544 355//549
f 376//575 375//543 408//576
f 377//573 373//574 376//575
f 404//577 377//573 376//575
f 378//578 377//573 404//577
f 404//577 379//579 378//578
f 379//579 404//577 412//580
f 380//315 379//579 397//581
f 382//582 380//315 381//310
f 385//583 395//584 382//582
f 385//583 382//582 381//310
f 384//308 385//583 381//310
f 381//310 383//312 175//309
f 381//310 380//315 383//312
f 385//583 384//308 386//304
f 394//585 385//583 386//304
f 394//585 386//304 387//300
f 393//586 394//585 387//300
f 367//564 393//586 387//300
f 366//565 387//300 364//561
f 364//561 365//562 366//565
f 387//300 366//565 367//564
f 388//298 364//561 387//300
f 388//298 168//297 364//561
f 391//563 364//561 168//297
f 391//563 168//297 167//296
f 156//280 391//563 389//289
f 152//273 156//280 389//289
f 390//290 389//289 391//563
f 166//295 390//290 391//563
f 391//563 167//296 166//295
f 392//570 393//586 367//564
f 370//572 393//586 392//570
f 368//566 369//568 392//570
f 393//586 370//572 394//585
f 370//572 371//571 394//585
f 371//571 395//584 394//585
f 394//585 395//584 385//583
f 371//571 396//587 395//584
f 395//584 396//587 382//582
f 396//587 371//571 377//573
f 382//582 396//587 378//578
f 396//587 377//573 378//578
f 379//579 382//582 378//578
f 392//570 367//564 368//566
f 386//304 384//308 172//301
f 382//582 379//579 380//315
f 177//314 380//315 397//581
f 397//581 398//588 280//320
f 397//581 280//320 177//314
f 401//589 398//588 397//581
f 400//447 399//446 401//589
f 401//589 399//446 398//588
f 398//588 399//446 280//320
f 399//446 281//442 280//320
f 400//447 284//443 399//446
f 415//590 400//447 401//589
f 415//590 401//589 402//591
f 402//591 401//589 397//581
f 379//579 402//591 397//581
f 403//526 402//591 379//579
f 403//526 413//525 402//591
f 379//579 412//580 403//526
f 410//592 412//580 404//577
f 408//576 410//592 404//577
f 408//576 404//577 376//575
f 405//540 408//576 350//539
f 351//542 350//539 408//576
f 351//542 408//576 375//543
f 349//538 406//593 405//540
f 406//593 349//538 348//537
f 406//593 343//530 407//529
f 406//593 348//537 346//534
f 345//531 406//593 346//534
f 406//593 345//531 343//530
f 405//540 406//593 407//529
f 407//529 411//594 405//540
f 405//540 411//594 408//576
f 408//576 411//594 410//592
f 411//594 409//527 410//592
f 407//529 409//527 411//594
f 409//527 412//580 410//592
f 412//580 409//527 342//523
f 412//580 342//523 403//526
f 413//525 415//590 402//591
f 413//525 414//524 415//590
f 414//524 285//450 415//590
f 414//524 341//451 285//450
f 285//450 400//447 415//590
f 373//574 377//573 372//569
f 351//542 375//543 352//545
f 374//567 373//574 369//568
f 372//569 369//568 373//574
f 416//278 361//558 155//279
f 361//558 416//278 360//556
f 417//277 139//254 420//253
f 139//254 417//277 141//255
f 418//274 144//258 419//275
f 153//272 145//260 418//274
f 145//260 144//258 418//274
f 153//272 149//270 145//260
f 144//258 141//255 419//275
f 141//255 417//277 419//275
f 137//252 138//595 420//253
f 138//595 416//278 420//253
f 138//595 421//596 416//278
f 421//596 138//595 7549//597
f 7549//597 138//595 137//252
f 7549//597 422//557 421//596
f 7549//597 7548//598 422//557
f 422//557 7548//598 7550//599
f 423//555 7550//599 424//600
f 423//555 422//557 7550//599
f 424//600 425//551 356//550
f 425//551 7552//601 355//549
f 424//600 7552//601 425//551
f 426//548 7552//601 428//602
f 427//603 428//602 7552//601
f 429//604 427//603 7551//605
f 468//606 429//604 7551//605
f 427//603 429//604 7553//607
f 7553//607 428//602 427//603
f 428//602 7553//607 430//608
f 433//609 434//610 430//608
f 430//608 431//611 433//609
f 431//611 432//612 433//609
f 7555//613 7556//614 432//612
f 7556//614 7557//615 432//612
f 7557//615 433//609 432//612
f 7557//615 447//616 433//609
f 7564//617 433//609 446//618
f 7564//617 434//610 433//609
f 7563//619 437//620 436//621
f 7563//619 438//622 437//620
f 7561//623 7560//624 7563//619
f 7563//619 7560//624 438//622
f 441//625 438//622 7560//624
f 439//626 438//622 441//625
f 439//626 632//627 440//628
f 7531//629 632//627 439//626
f 439//626 441//625 7531//629
f 618//630 7531//629 441//625
f 441//625 442//631 618//630
f 443//632 445//633 442//631
f 445//633 443//632 444//634
f 444//634 7561//623 7564//617
f 450//635 444//634 7564//617
f 446//618 449//636 450//635
f 447//616 449//636 446//618
f 7558//637 447//616 7557//615
f 447//616 7558//637 7559//638
f 7559//638 449//636 447//616
f 449//636 454//639 448//640
f 449//636 448//640 445//633
f 449//636 445//633 450//635
f 445//633 448//640 442//631
f 442//631 448//640 618//630
f 448//640 451//641 618//630
f 448//640 453//642 451//641
f 451//641 453//642 452//643
f 590//644 452//643 453//642
f 455//645 590//644 453//642
f 591//646 590//644 455//645
f 453//642 454//639 455//645
f 455//645 599//647 591//646
f 597//648 599//647 455//645
f 455//645 598//649 597//648
f 598//649 455//645 456//650
f 598//649 456//650 457//651
f 459//652 457//651 458//653
f 460//654 457//651 459//652
f 460//654 598//649 457//651
f 460//654 461//655 598//649
f 462//656 595//657 461//655
f 461//655 595//657 597//648
f 462//656 461//655 460//654
f 462//656 460//654 459//652
f 459//652 463//658 462//656
f 490//659 462//656 464//660
f 464//660 462//656 463//658
f 488//661 464//660 463//658
f 488//661 463//658 465//662
f 465//662 466//663 467//664
f 7554//665 468//606 467//664
f 468//606 469//666 467//664
f 7545//667 467//664 469//666
f 467//664 7545//667 485//668
f 484//669 7545//667 470//670
f 7545//667 469//666 470//670
f 471//671 484//669 470//670
f 501//672 484//669 471//671
f 472//673 471//671 470//670
f 470//670 7546//251 472//673
f 473//247 472//673 7546//251
f 483//674 471//671 472//673
f 475//675 473//247 476//243
f 475//675 472//673 473//247
f 472//673 475//675 474//676
f 474//676 475//675 478//677
f 478//677 475//675 476//243
f 478//677 476//243 477//678
f 477//678 480//245 479//217
f 479//217 480//245 119//218
f 480//245 132//241 119//218
f 477//678 476//243 480//245
f 7587//219 481//240 120//221
f 7587//219 119//218 481//240
f 478//677 477//678 117//216
f 477//678 118//215 117//216
f 118//215 477//678 479//217
f 117//216 504//679 478//677
f 117//216 505//214 504//679
f 504//679 482//680 474//676
f 504//679 474//676 478//677
f 482//680 483//674 472//673
f 7544//681 501//672 483//674
f 501//672 471//671 483//674
f 501//672 500//682 484//669
f 500//682 7545//667 484//669
f 7545//667 486//683 485//668
f 487//684 485//668 486//683
f 488//661 487//684 498//685
f 495//686 488//661 498//685
f 498//685 487//684 486//683
f 488//661 465//662 487//684
f 496//687 490//659 489//688
f 490//659 491//689 462//656
f 604//690 462//656 491//689
f 550//691 604//690 491//689
f 549//692 550//691 492//693
f 492//693 550//691 491//689
f 549//692 492//693 493//694
f 549//692 493//694 548//695
f 493//694 494//696 548//695
f 518//697 519//698 494//696
f 548//695 494//696 519//698
f 496//687 495//686 494//696
f 518//697 494//696 495//686
f 493//694 492//693 494//696
f 494//696 492//693 496//687
f 492//693 490//659 496//687
f 492//693 491//689 490//659
f 488//661 495//686 489//688
f 489//688 495//686 496//687
f 495//686 7535//699 518//697
f 495//686 497//700 7535//699
f 497//700 495//686 498//685
f 7538//701 497//700 499//702
f 498//685 499//702 497//700
f 7540//703 499//702 500//682
f 501//672 7540//703 500//682
f 502//704 509//705 7539//706
f 508//707 502//704 7544//681
f 503//708 508//707 7544//681
f 503//708 483//674 482//680
f 483//674 503//708 7544//681
f 503//708 482//680 504//679
f 503//708 504//679 506//709
f 508//707 503//708 506//709
f 506//709 504//679 505//214
f 506//709 505//214 507//213
f 115//210 506//709 507//213
f 115//210 113//206 512//710
f 512//710 511//711 115//210
f 115//210 511//711 506//709
f 511//711 508//707 506//709
f 502//704 508//707 509//705
f 509//705 508//707 511//711
f 7539//706 509//705 514//712
f 510//713 514//712 509//705
f 513//714 514//712 510//713
f 510//713 511//711 512//710
f 112//202 512//710 113//206
f 112//202 523//715 512//710
f 109//200 523//715 112//202
f 510//713 512//710 523//715
f 523//715 513//714 510//713
f 513//714 515//716 514//712
f 513//714 522//717 515//716
f 522//717 517//718 515//716
f 517//718 516//719 515//716
f 517//718 521//720 520//721
f 520//721 516//719 517//718
f 518//697 516//719 520//721
f 520//721 519//698 518//697
f 520//721 545//722 546//723
f 545//722 520//721 521//720
f 1287//724 545//722 521//720
f 521//720 522//717 544//725
f 522//717 521//720 517//718
f 524//726 522//717 523//715
f 523//715 522//717 513//714
f 109//200 524//726 523//715
f 7543//199 524//726 109//200
f 7543//199 526//727 524//726
f 527//728 526//727 7542//729
f 525//730 526//727 527//728
f 528//731 543//732 527//728
f 531//733 528//731 529//734
f 530//735 529//734 528//731
f 530//735 528//731 527//728
f 530//735 527//728 7542//729
f 533//736 529//734 530//735
f 531//733 529//734 533//736
f 532//737 531//733 533//736
f 538//738 532//737 533//736
f 538//738 533//736 539//739
f 539//739 533//736 104//192
f 104//192 534//190 539//739
f 1501//189 535//740 534//190
f 1503//741 536//742 535//740
f 535//740 536//742 537//743
f 1504//744 537//743 536//742
f 1504//744 1280//745 537//743
f 1280//745 1281//746 1487//747
f 538//738 1280//745 1487//747
f 537//743 538//738 539//739
f 535//740 539//739 534//190
f 535//740 537//743 539//739
f 1280//745 538//738 537//743
f 1487//747 532//737 538//738
f 1487//747 540//748 532//737
f 1283//749 540//748 1487//747
f 532//737 540//748 1286//750
f 541//751 532//737 1286//750
f 531//733 532//737 541//751
f 528//731 541//751 543//732
f 531//733 541//751 528//731
f 541//751 542//752 543//732
f 543//732 542//752 525//730
f 542//752 1288//753 544//725
f 525//730 542//752 544//725
f 525//730 544//725 522//717
f 1288//753 521//720 544//725
f 1289//754 545//722 1287//724
f 1289//754 546//723 545//722
f 546//723 1289//754 1290//755
f 1290//755 547//756 546//723
f 546//723 548//695 520//721
f 546//723 547//756 548//695
f 547//756 549//692 548//695
f 549//692 547//756 552//757
f 549//692 553//758 550//691
f 550//691 553//758 555//759
f 549//692 552//757 553//758
f 547//756 551//760 552//757
f 1290//755 551//760 547//756
f 1316//761 551//760 1291//762
f 1316//761 552//757 551//760
f 553//758 552//757 1316//761
f 1472//763 553//758 1316//761
f 1472//763 554//764 553//758
f 554//764 555//759 553//758
f 1473//765 556//766 554//764
f 557//767 556//766 1473//765
f 1317//768 557//767 1473//765
f 559//769 557//767 1317//768
f 557//767 558//770 556//766
f 557//767 563//771 558//770
f 557//767 561//772 563//771
f 559//769 561//772 557//767
f 560//773 559//769 1318//774
f 560//773 561//772 559//769
f 1320//775 1458//776 560//773
f 1458//776 561//772 560//773
f 1457//777 562//778 561//772
f 1458//776 1457//777 561//772
f 1460//779 563//771 562//778
f 562//778 563//771 561//772
f 1460//779 565//780 564//781
f 1460//779 1455//782 565//780
f 1455//782 566//783 565//780
f 1455//782 567//784 566//783
f 566//783 567//784 568//785
f 1404//786 1449//787 568//785
f 1449//787 566//783 568//785
f 569//788 566//783 1449//787
f 565//780 566//783 569//788
f 563//771 564//781 570//789
f 563//771 570//789 558//770
f 570//789 7534//790 575//791
f 575//791 571//792 570//789
f 572//793 571//792 574//794
f 602//795 571//792 572//793
f 574//794 573//796 572//793
f 574//794 571//792 575//791
f 564//781 576//797 7534//790
f 564//781 569//788 576//797
f 576//797 569//788 1448//798
f 576//797 1448//798 577//799
f 578//800 577//799 611//801
f 576//797 577//799 578//800
f 1445//802 580//803 579//804
f 1445//802 579//804 577//799
f 577//799 579//804 612//805
f 579//804 580//803 612//805
f 580//803 581//806 582//807
f 613//808 582//807 583//809
f 785//810 584//811 583//809
f 584//811 785//810 585//812
f 609//813 584//811 585//812
f 586//814 609//813 585//812
f 585//812 783//815 586//814
f 586//814 608//816 609//813
f 608//816 586//814 587//817
f 587//817 589//818 588//819
f 588//819 608//816 587//817
f 589//818 590//644 588//819
f 590//644 591//646 588//819
f 574//794 592//820 593//821
f 573//796 574//794 593//821
f 574//794 605//822 592//820
f 572//793 573//796 594//823
f 573//796 593//821 594//823
f 594//823 601//824 572//793
f 601//824 594//823 600//825
f 595//657 604//690 600//825
f 604//690 595//657 462//656
f 595//657 596//826 597//648
f 595//657 600//825 596//826
f 596//826 600//825 594//823
f 596//826 594//823 597//648
f 594//823 593//821 599//647
f 594//823 599//647 597//648
f 461//655 597//648 598//649
f 593//821 592//820 599//647
f 608//816 599//647 592//820
f 604//690 555//759 600//825
f 600//825 555//759 601//824
f 602//795 572//793 601//824
f 603//827 602//795 601//824
f 556//766 558//770 603//827
f 603//827 558//770 602//795
f 558//770 570//789 571//792
f 558//770 571//792 602//795
f 554//764 556//766 603//827
f 554//764 603//827 555//759
f 555//759 603//827 601//824
f 555//759 604//690 550//691
f 606//828 592//820 605//822
f 606//828 607//829 592//820
f 592//820 607//829 608//816
f 607//829 609//813 608//816
f 607//829 584//811 609//813
f 584//811 607//829 610//830
f 613//808 584//811 610//830
f 613//808 583//809 584//811
f 611//801 613//808 610//830
f 613//808 611//801 612//805
f 577//799 612//805 611//801
f 578//800 611//801 610//830
f 578//800 605//822 614//831
f 605//822 578//800 606//828
f 614//831 7534//790 578//800
f 7534//790 614//831 575//791
f 574//794 614//831 605//822
f 575//791 614//831 574//794
f 606//828 610//830 607//829
f 606//828 578//800 610//830
f 588//819 599//647 608//816
f 591//646 599//647 588//819
f 589//818 615//832 590//644
f 590//644 615//832 452//643
f 615//832 617//833 452//643
f 615//832 616//834 617//833
f 617//833 618//630 451//641
f 617//833 7533//835 618//630
f 617//833 619//836 7533//835
f 619//836 620//837 7533//835
f 7533//835 620//837 7532//838
f 620//837 619//836 779//839
f 620//837 621//840 7532//838
f 620//837 779//839 622//841
f 620//837 622//841 621//840
f 777//842 778//843 7516//844
f 622//841 778//843 777//842
f 623//845 622//841 777//842
f 630//846 621//840 622//841
f 624//847 622//841 623//845
f 630//846 622//841 624//847
f 626//848 624//847 625//849
f 630//846 624//847 626//848
f 624//847 776//850 7515//851
f 625//849 624//847 775//852
f 624//847 7515//851 775//852
f 739//853 625//849 775//852
f 627//854 739//853 767//855
f 625//849 739//853 627//854
f 627//854 626//848 625//849
f 628//856 630//846 626//848
f 629//857 630//846 628//856
f 629//857 628//856 771//858
f 629//857 7532//838 630//846
f 7532//838 621//840 630//846
f 7532//838 629//857 631//859
f 7531//629 7532//838 631//859
f 7531//629 631//859 632//627
f 772//860 631//859 629//857
f 631//859 772//860 632//627
f 633//861 634//535 440//628
f 347//532 440//628 634//535
f 636//862 440//628 347//532
f 636//862 347//532 635//536
f 636//862 438//622 439//626
f 439//626 440//628 636//862
f 632//627 633//861 440//628
f 437//620 636//862 637//541
f 437//620 637//541 351//542
f 436//621 437//620 351//542
f 436//621 351//542 352//545
f 637//541 636//862 635//536
f 637//541 635//536 349//538
f 437//620 438//622 636//862
f 338//519 639//521 638//533
f 639//521 345//531 638//533
f 344//528 345//531 639//521
f 344//528 639//521 339//454
f 344//528 339//454 342//523
f 640//863 644//520 338//519
f 640//863 643//864 644//520
f 642//865 643//864 641//866
f 643//864 640//863 641//866
f 644//520 643//864 336//518
f 651//867 646//868 643//864
f 643//864 645//869 336//518
f 643//864 646//868 645//869
f 660//870 645//869 646//868
f 660//870 646//868 647//871
f 659//872 647//871 648//873
f 648//873 647//871 649//874
f 649//874 647//871 646//868
f 648//873 649//874 650//875
f 651//867 649//874 646//868
f 651//867 650//875 649//874
f 642//865 651//867 643//864
f 642//865 653//876 651//867
f 641//866 653//876 642//865
f 652//877 653//876 641//866
f 652//877 758//878 741//879
f 653//876 652//877 741//879
f 741//879 654//880 653//876
f 653//876 654//880 650//875
f 654//880 648//873 650//875
f 654//880 655//881 648//873
f 656//882 648//873 655//881
f 658//883 671//884 657//885
f 658//883 657//885 661//886
f 659//872 658//883 661//886
f 660//870 659//872 661//886
f 661//886 663//887 660//870
f 660//870 663//887 662//517
f 663//887 665//888 662//517
f 663//887 664//889 665//888
f 664//889 666//890 665//888
f 661//886 657//885 664//889
f 661//886 664//889 663//887
f 664//889 657//885 7530//891
f 7530//891 667//892 664//889
f 668//506 667//892 7530//891
f 7530//891 671//884 669//893
f 672//894 669//893 671//884
f 669//893 672//894 670//895
f 672//894 743//896 752//897
f 742//898 743//896 672//894
f 742//898 672//894 655//881
f 750//899 752//897 743//896
f 752//897 715//900 670//895
f 674//901 669//893 670//895
f 715//900 674//901 670//895
f 715//900 714//902 674//901
f 673//503 674//901 675//903
f 673//503 675//903 325//501
f 674//901 713//904 675//903
f 674//901 714//902 713//904
f 676//905 675//903 713//904
f 676//905 677//500 325//501
f 322//497 677//500 678//495
f 319//494 322//497 678//495
f 679//906 318//491 678//495
f 710//907 712//908 676//905
f 713//904 710//907 676//905
f 676//905 712//908 680//909
f 712//908 693//910 680//909
f 679//906 680//909 681//911
f 680//909 692//912 681//911
f 318//491 679//906 682//493
f 317//487 682//493 685//492
f 683//479 685//492 688//913
f 683//479 688//913 684//488
f 684//488 701//914 700//915
f 684//488 700//915 687//489
f 684//488 688//913 701//914
f 686//916 699//917 689//918
f 685//492 686//916 689//918
f 685//492 689//918 688//913
f 698//919 699//917 686//916
f 690//920 698//919 686//916
f 691//921 693//910 690//920
f 692//912 693//910 691//921
f 681//911 692//912 691//921
f 682//493 681//911 691//921
f 685//492 682//493 691//921
f 690//920 686//916 691//921
f 686//916 685//492 691//921
f 693//910 694//922 690//920
f 698//919 694//922 696//923
f 694//922 698//919 690//920
f 694//922 7524//924 695//925
f 694//922 695//925 696//923
f 695//925 7524//924 706//926
f 706//926 707//927 695//925
f 696//923 695//925 707//927
f 696//923 707//927 697//928
f 698//919 696//923 697//928
f 697//928 705//929 698//919
f 698//919 705//929 699//917
f 705//929 704//930 699//917
f 689//918 699//917 703//931
f 689//918 703//931 899//932
f 688//913 899//932 701//914
f 688//913 689//918 899//932
f 704//930 702//933 699//917
f 699//917 702//933 703//931
f 701//914 901//934 700//915
f 701//914 899//932 901//934
f 704//930 904//935 702//933
f 895//936 896//937 704//930
f 894//938 704//930 705//929
f 894//938 705//929 697//928
f 697//928 707//927 894//938
f 707//927 706//926 893//939
f 706//926 708//940 893//939
f 893//939 708//940 892//941
f 890//942 891//943 708//940
f 708//940 891//943 892//941
f 706//926 890//942 708//940
f 7511//944 889//945 709//946
f 889//945 890//942 709//946
f 7511//944 709//946 720//947
f 720//947 709//946 710//907
f 711//948 7524//924 712//908
f 693//910 712//908 7524//924
f 711//948 712//908 710//907
f 719//949 710//907 713//904
f 714//902 720//947 719//949
f 677//500 676//905 679//906
f 679//906 678//495 677//500
f 679//906 676//905 680//909
f 714//902 719//949 713//904
f 715//900 721//950 714//902
f 715//900 723//951 721//950
f 716//952 723//951 715//900
f 718//953 723//951 716//952
f 718//953 722//954 723//951
f 721//950 720//947 714//902
f 719//949 720//947 710//907
f 710//907 709//946 711//948
f 720//947 7513//955 7511//944
f 881//956 7513//955 720//947
f 880//957 881//956 720//947
f 879//958 880//957 721//950
f 721//950 880//957 720//947
f 875//959 721//950 723//951
f 724//960 725//961 859//962
f 726//963 725//961 724//960
f 726//963 724//960 753//964
f 754//965 726//963 753//964
f 755//966 850//967 726//963
f 727//968 850//967 755//966
f 727//968 851//969 850//967
f 727//968 728//970 851//969
f 852//971 728//970 729//972
f 729//972 853//973 852//971
f 817//974 854//975 853//973
f 817//974 853//973 729//972
f 816//976 817//974 729//972
f 730//977 732//978 816//976
f 732//978 730//977 731//979
f 733//980 732//978 731//979
f 732//978 733//980 815//981
f 733//980 734//982 815//981
f 735//983 734//982 733//980
f 735//983 746//984 736//985
f 7514//986 737//987 738//988
f 7514//986 734//982 737//987
f 736//985 737//987 734//982
f 739//853 775//852 738//988
f 739//853 738//988 737//987
f 744//989 773//990 739//853
f 745//991 740//992 773//990
f 740//992 745//991 741//879
f 654//880 741//879 742//898
f 742//898 741//879 745//991
f 742//898 745//991 743//896
f 655//881 654//880 742//898
f 744//989 750//899 743//896
f 744//989 745//991 773//990
f 737//987 751//993 744//989
f 751//993 737//987 736//985
f 746//984 751//993 736//985
f 735//983 733//980 746//984
f 733//980 731//979 746//984
f 731//979 747//994 746//984
f 748//995 747//994 756//996
f 746//984 747//994 748//995
f 746//984 748//995 751//993
f 751//993 748//995 749//997
f 749//997 754//965 750//899
f 754//965 749//997 748//995
f 751//993 749//997 750//899
f 744//989 751//993 750//899
f 750//899 718//953 752//897
f 718//953 716//952 752//897
f 753//964 717//998 754//965
f 753//964 724//960 874//999
f 874//999 717//998 753//964
f 717//998 718//953 754//965
f 747//994 757//1000 755//966
f 747//994 755//966 756//996
f 747//994 731//979 757//1000
f 731//979 730//977 757//1000
f 729//972 728//970 730//977
f 816//976 729//972 730//977
f 730//977 728//970 757//1000
f 757//1000 728//970 727//968
f 757//1000 727//968 755//966
f 755//966 754//965 748//995
f 748//995 756//996 755//966
f 750//899 754//965 718//953
f 754//965 755//966 726//963
f 744//989 743//896 745//991
f 740//992 741//879 758//878
f 758//878 763//1001 740//992
f 763//1001 759//1002 762//1003
f 761//1004 762//1003 338//519
f 761//1004 338//519 638//533
f 638//533 634//535 761//1004
f 633//861 761//1004 634//535
f 633//861 760//1005 761//1004
f 760//1005 764//1006 761//1004
f 764//1006 762//1003 761//1004
f 764//1006 763//1001 762//1003
f 765//1007 763//1001 764//1006
f 768//1008 765//1007 764//1006
f 768//1008 766//1009 765//1007
f 763//1001 765//1007 766//1009
f 766//1009 773//990 763//1001
f 773//990 740//992 763//1001
f 773//990 766//1009 767//855
f 768//1008 767//855 766//1009
f 767//855 768//1008 770//1010
f 770//1010 768//1008 769//1011
f 628//856 627//854 770//1010
f 626//848 627//854 628//856
f 771//858 628//856 770//1010
f 770//1010 769//1011 771//858
f 769//1011 772//860 771//858
f 772//860 769//1011 632//627
f 769//1011 760//1005 632//627
f 769//1011 764//1006 760//1005
f 629//857 771//858 772//860
f 769//1011 768//1008 764//1006
f 627//854 767//855 770//1010
f 773//990 767//855 739//853
f 632//627 760//1005 633//861
f 762//1003 640//863 338//519
f 759//1002 640//863 762//1003
f 774//1012 641//866 759//1002
f 774//1012 652//877 641//866
f 641//866 640//863 759//1002
f 652//877 774//1012 758//878
f 758//878 774//1012 763//1001
f 759//1002 763//1001 774//1012
f 739//853 737//987 744//989
f 7515//851 738//988 775//852
f 809//1013 7515//851 776//850
f 806//1014 807//1015 776//850
f 806//1014 776//850 623//845
f 623//845 776//850 624//847
f 623//845 777//842 806//1014
f 7516//844 803//1016 777//842
f 784//1017 778//843 780//1018
f 778//843 779//839 780//1018
f 622//841 779//839 778//843
f 779//839 619//836 780//1018
f 617//833 780//1018 619//836
f 617//833 616//834 780//1018
f 781//1019 780//1018 616//834
f 781//1019 784//1017 780//1018
f 782//1020 784//1017 781//1019
f 781//1019 616//834 782//1020
f 782//1020 616//834 615//832
f 783//815 782//1020 589//818
f 587//817 783//815 589//818
f 783//815 585//812 782//1020
f 782//1020 585//812 784//1017
f 585//812 785//810 784//1017
f 784//1017 785//810 7517//1021
f 786//1022 583//809 1441//1023
f 1440//1024 786//1022 1441//1023
f 787//1025 786//1022 1440//1024
f 786//1022 787//1025 7518//1026
f 787//1025 788//1027 7518//1026
f 787//1025 789//1028 788//1027
f 787//1025 1440//1024 789//1028
f 1440//1024 790//1029 789//1028
f 1440//1024 792//1030 790//1029
f 792//1030 1003//1031 790//1029
f 1002//1032 790//1029 1003//1031
f 7523//1033 790//1029 1002//1032
f 793//1034 7523//1033 1002//1032
f 1002//1032 986//1035 793//1034
f 986//1035 987//1036 793//1034
f 793//1034 987//1036 794//1037
f 987//1036 990//1038 794//1037
f 794//1037 797//1039 798//1040
f 795//1041 797//1039 794//1037
f 796//1042 811//1043 810//1044
f 795//1041 796//1042 810//1044
f 799//1045 797//1039 810//1044
f 797//1039 799//1045 798//1040
f 793//1034 798//1040 7522//1046
f 7522//1046 798//1040 800//1047
f 799//1045 800//1047 798//1040
f 801//1048 800//1047 799//1045
f 800//1047 801//1048 805//1049
f 7522//1046 800//1047 805//1049
f 802//1050 7522//1046 805//1049
f 802//1050 805//1049 804//1051
f 7520//1052 802//1050 804//1051
f 7520//1052 804//1051 803//1016
f 7519//1053 7520//1052 803//1016
f 803//1016 7516//844 7519//1053
f 806//1014 803//1016 804//1051
f 803//1016 806//1014 777//842
f 805//1049 806//1014 804//1051
f 807//1015 806//1014 805//1049
f 807//1015 808//1054 776//850
f 809//1013 776//850 808//1054
f 809//1013 812//1055 7515//851
f 809//1013 811//1043 812//1055
f 808//1054 801//1048 810//1044
f 809//1013 808//1054 810//1044
f 810//1044 801//1048 799//1045
f 807//1015 801//1048 808//1054
f 811//1043 809//1013 810//1044
f 811//1043 813//1056 812//1055
f 811//1043 796//1042 813//1056
f 813//1056 796//1042 814//1057
f 815//981 734//982 814//1057
f 814//1057 796//1042 815//981
f 815//981 795//1041 991//1058
f 815//981 991//1058 732//978
f 991//1058 990//1038 817//974
f 816//976 991//1058 817//974
f 816//976 732//978 991//1058
f 818//1059 855//1060 817//974
f 827//1061 826//1062 822//1063
f 822//1063 819//1064 827//1061
f 820//1065 826//1062 825//1066
f 826//1062 820//1065 821//1067
f 820//1065 823//1068 821//1067
f 821//1067 823//1068 858//1069
f 821//1067 858//1069 822//1063
f 823//1068 835//1070 858//1069
f 823//1068 824//1071 835//1070
f 834//1072 824//1071 833//1073
f 825//1066 833//1073 824//1071
f 825//1066 824//1071 823//1068
f 825//1066 823//1068 820//1065
f 833//1073 825//1066 830//1074
f 826//1062 830//1074 825//1066
f 826//1062 994//1075 830//1074
f 826//1062 827//1061 994//1075
f 994//1075 828//1076 829//1077
f 983//1078 829//1077 828//1076
f 994//1075 829//1077 830//1074
f 830//1074 829//1077 833//1073
f 833//1073 829//1077 995//1079
f 832//1080 840//1081 7505//1082
f 831//1083 838//1084 832//1080
f 832//1080 967//1085 840//1081
f 995//1079 840//1081 834//1072
f 995//1079 834//1072 833//1073
f 834//1072 841//1086 837//1087
f 837//1087 824//1071 834//1072
f 836//1088 824//1071 837//1087
f 824//1071 836//1088 835//1070
f 858//1069 835//1070 848//1089
f 842//1090 848//1089 835//1070
f 836//1088 842//1090 835//1070
f 840//1081 968//1091 841//1086
f 840//1081 841//1086 834//1072
f 838//1084 967//1085 832//1080
f 838//1084 839//1092 967//1085
f 839//1092 838//1084 971//1093
f 967//1085 968//1091 840//1081
f 844//1094 836//1088 845//1095
f 837//1087 841//1086 845//1095
f 845//1095 836//1088 837//1087
f 844//1094 842//1090 836//1088
f 843//1096 842//1090 844//1094
f 953//1097 844//1094 845//1095
f 845//1095 841//1086 954//1098
f 954//1098 841//1086 968//1091
f 956//1099 953//1097 845//1095
f 954//1098 956//1099 845//1095
f 952//1100 844//1094 953//1097
f 843//1096 844//1094 952//1100
f 843//1096 952//1100 951//1101
f 843//1096 951//1101 846//1102
f 951//1101 949//1103 846//1102
f 846//1102 847//1104 848//1089
f 846//1102 947//1105 847//1104
f 846//1102 848//1089 842//1090
f 842//1090 843//1096 846//1102
f 847//1104 946//1106 857//1107
f 946//1106 937//1108 854//975
f 937//1108 936//1109 853//973
f 852//971 936//1109 861//1110
f 853//973 936//1109 852//971
f 851//969 852//971 861//1110
f 861//1110 849//1111 851//969
f 849//1111 850//967 851//969
f 850//967 849//1111 725//961
f 852//971 851//969 728//970
f 818//1059 856//1112 855//1060
f 854//975 937//1108 853//973
f 855//1060 946//1106 854//975
f 857//1107 946//1106 855//1060
f 856//1112 857//1107 855//1060
f 856//1112 819//1064 822//1063
f 826//1062 821//1067 822//1063
f 847//1104 856//1112 822//1063
f 856//1112 847//1104 857//1107
f 858//1069 847//1104 822//1063
f 848//1089 847//1104 858//1069
f 819//1064 856//1112 818//1059
f 860//1113 725//961 849//1111
f 859//962 725//961 860//1113
f 724//960 859//962 863//1114
f 724//960 863//1114 874//999
f 865//1115 860//1113 861//1110
f 860//1113 865//1115 862//1116
f 862//1116 859//962 860//1113
f 859//962 862//1116 863//1114
f 863//1114 862//1116 864//1117
f 862//1116 866//1118 864//1117
f 866//1118 869//1119 864//1117
f 864//1117 869//1119 870//1120
f 865//1115 867//1121 866//1118
f 866//1118 931//1122 868//1123
f 869//1119 866//1118 868//1123
f 866//1118 867//1121 931//1122
f 868//1123 931//1122 934//1124
f 868//1123 934//1124 932//1125
f 868//1123 932//1125 933//1126
f 868//1123 933//1126 869//1119
f 933//1126 870//1120 869//1119
f 870//1120 933//1126 871//1127
f 870//1120 871//1127 872//1128
f 872//1128 871//1127 722//954
f 870//1120 872//1128 864//1117
f 873//1129 872//1128 722//954
f 872//1128 873//1129 864//1117
f 874//999 863//1114 864//1117
f 864//1117 873//1129 874//999
f 722//954 875//959 723//951
f 871//1127 875//959 722//954
f 876//1130 879//958 875//959
f 871//1127 876//1130 875//959
f 928//1131 926//1132 877//1133
f 878//1134 928//1131 877//1133
f 877//1133 926//1132 876//1130
f 876//1130 926//1132 879//958
f 875//959 879//958 721//950
f 879//958 1920//1135 880//957
f 1920//1135 925//1136 880//957
f 925//1136 881//956 880//957
f 922//1137 882//1138 925//1136
f 924//1139 922//1137 925//1136
f 925//1136 882//1138 881//956
f 882//1138 883//1140 881//956
f 881//956 883//1140 7513//955
f 883//1140 885//1141 7512//1142
f 883//1140 884//1143 885//1141
f 920//1144 885//1141 884//1143
f 920//1144 917//1145 885//1141
f 917//1145 886//1146 885//1141
f 886//1146 887//1147 885//1141
f 885//1141 887//1147 7512//1142
f 7512//1142 887//1147 888//1148
f 888//1148 889//945 7511//944
f 890//942 889//945 891//943
f 889//945 887//1147 891//943
f 888//1148 887//1147 889//945
f 891//943 898//1149 892//941
f 893//939 892//941 919//1150
f 919//1150 897//1151 893//939
f 893//939 897//1151 895//936
f 893//939 895//936 894//938
f 894//938 895//936 704//930
f 893//939 894//938 707//927
f 897//1151 896//937 895//936
f 918//1152 897//1151 898//1149
f 916//1153 915//1154 897//1151
f 918//1152 916//1153 897//1151
f 897//1151 915//1154 896//937
f 915//1154 914//1155 896//937
f 704//930 896//937 904//935
f 904//935 903//1156 702//933
f 702//933 903//1156 703//931
f 703//931 903//1156 902//1157
f 703//931 902//1157 899//932
f 899//932 902//1157 901//934
f 700//915 901//934 900//1158
f 700//915 900//1158 2021//1159
f 2021//1159 900//1158 907//1160
f 901//934 906//1161 900//1158
f 901//934 902//1157 906//1161
f 902//1157 910//1162 906//1161
f 902//1157 903//1156 910//1162
f 904//935 905//1163 903//1156
f 914//1155 905//1163 904//935
f 896//937 914//1155 904//935
f 914//1155 913//1164 905//1163
f 913//1164 912//1165 905//1163
f 905//1163 912//1165 903//1156
f 912//1165 910//1162 903//1156
f 900//1158 906//1161 907//1160
f 907//1160 906//1161 909//1166
f 909//1166 908//1167 907//1160
f 907//1160 908//1167 2034//1168
f 908//1167 2020//1169 2034//1168
f 908//1167 2018//1170 2020//1169
f 2018//1170 2035//1171 2020//1169
f 909//1166 2018//1170 908//1167
f 2018//1170 909//1166 2017//1172
f 909//1166 906//1161 910//1162
f 909//1166 910//1162 2017//1172
f 911//1173 910//1162 912//1165
f 911//1173 2017//1172 910//1162
f 2016//1174 912//1165 913//1164
f 2015//1175 2016//1174 913//1164
f 2015//1175 913//1164 2012//1176
f 2013//1177 2015//1175 2012//1176
f 2012//1176 913//1164 914//1155
f 2012//1176 914//1155 915//1154
f 2011//1178 915//1154 916//1153
f 916//1153 917//1145 920//1144
f 920//1144 2011//1178 916//1153
f 918//1152 917//1145 916//1153
f 917//1145 918//1152 886//1146
f 898//1149 887//1147 886//1146
f 892//941 898//1149 919//1150
f 898//1149 897//1151 919//1150
f 891//943 887//1147 898//1149
f 918//1152 898//1149 886//1146
f 920//1144 884//1143 2002//1179
f 2002//1179 2001//1180 920//1144
f 883//1140 921//1181 2002//1179
f 884//1143 883//1140 2002//1179
f 921//1181 2000//1182 2002//1179
f 2003//1183 2000//1182 921//1181
f 2003//1183 921//1181 882//1138
f 882//1138 921//1181 883//1140
f 922//1137 2003//1183 882//1138
f 923//1184 922//1137 924//1139
f 1942//1185 923//1184 924//1139
f 923//1184 1942//1185 2007//1186
f 1951//1187 1941//1188 924//1139
f 924//1139 1941//1188 1942//1185
f 1951//1187 924//1139 925//1136
f 1917//1189 1920//1135 926//1132
f 926//1132 1920//1135 879//958
f 928//1131 1917//1189 926//1132
f 1916//1190 1917//1189 928//1131
f 1916//1190 928//1131 927//1191
f 878//1134 929//1192 928//1131
f 929//1192 930//1193 928//1131
f 939//1194 930//1193 929//1192
f 940//1195 939//1194 931//1122
f 931//1122 939//1194 934//1124
f 932//1125 877//1133 933//1126
f 933//1126 877//1133 871//1127
f 877//1133 876//1130 871//1127
f 878//1134 877//1133 932//1125
f 934//1124 878//1134 932//1125
f 929//1192 878//1134 934//1124
f 929//1192 934//1124 939//1194
f 931//1122 867//1121 938//1196
f 938//1196 867//1121 935//1197
f 935//1197 867//1121 936//1109
f 936//1109 867//1121 861//1110
f 867//1121 865//1115 861//1110
f 865//1115 866//1118 862//1116
f 937//1108 935//1197 936//1109
f 847//1104 947//1105 946//1106
f 946//1106 945//1198 937//1108
f 937//1108 945//1198 941//1199
f 937//1108 941//1199 935//1197
f 941//1199 938//1196 935//1197
f 940//1195 938//1196 941//1199
f 942//1200 1918//1201 939//1194
f 930//1193 939//1194 1918//1201
f 940//1195 943//1202 942//1200
f 941//1199 943//1202 940//1195
f 1909//1203 942//1200 943//1202
f 1907//1204 1908//1205 943//1202
f 1908//1205 1909//1203 943//1202
f 943//1202 1906//1206 1907//1204
f 944//1207 1906//1206 943//1202
f 959//1208 944//1207 945//1198
f 947//1105 945//1198 946//1106
f 846//1102 948//1209 947//1105
f 948//1209 945//1198 947//1105
f 959//1208 945//1198 948//1209
f 958//1210 959//1208 949//1103
f 949//1103 959//1208 948//1209
f 950//1211 958//1210 949//1103
f 952//1100 957//1212 950//1211
f 951//1101 952//1100 950//1211
f 950//1211 949//1103 951//1101
f 957//1212 952//1100 956//1099
f 953//1097 956//1099 952//1100
f 965//1213 956//1099 954//1098
f 955//1214 965//1213 954//1098
f 956//1099 1868//1215 963//1216
f 957//1212 956//1099 963//1216
f 957//1212 963//1216 958//1210
f 961//1217 944//1207 958//1210
f 958//1210 944//1207 959//1208
f 962//1218 961//1217 960//1219
f 961//1217 1905//1220 944//1207
f 962//1218 1905//1220 961//1217
f 960//1219 1869//1221 962//1218
f 1870//1222 960//1219 7510//1223
f 963//1216 1870//1222 7510//1223
f 1870//1222 963//1216 1868//1215
f 1868//1215 956//1099 964//1224
f 1867//1225 965//1213 955//1214
f 1059//1226 1867//1225 966//1227
f 966//1227 1867//1225 955//1214
f 967//1085 955//1214 968//1091
f 966//1227 955//1214 967//1085
f 1056//1228 1059//1226 966//1227
f 1056//1228 966//1227 969//1229
f 970//1230 1056//1228 969//1229
f 969//1229 966//1227 839//1092
f 839//1092 966//1227 967//1085
f 970//1230 969//1229 971//1093
f 969//1229 839//1092 971//1093
f 971//1093 972//1231 970//1230
f 973//1232 972//1231 971//1093
f 1049//1233 972//1231 973//1232
f 1049//1233 1051//1234 972//1231
f 974//1235 973//1232 971//1093
f 1047//1236 1048//1237 978//1238
f 1046//1239 1047//1236 978//1238
f 977//1240 1046//1239 978//1238
f 1036//1241 1048//1237 976//1242
f 1048//1237 1036//1241 978//1238
f 1037//1243 1036//1241 976//1242
f 975//1244 979//1245 976//1242
f 976//1242 979//1245 1037//1243
f 979//1245 975//1244 7507//1246
f 979//1245 7507//1246 1037//1243
f 980//1247 1037//1243 7507//1246
f 1035//1248 1037//1243 980//1247
f 981//1249 980//1247 7506//1250
f 981//1249 7500//1251 980//1247
f 7509//1252 981//1249 7506//1250
f 981//1249 7509//1252 831//1083
f 981//1249 831//1083 7505//1082
f 981//1249 7505//1082 982//1253
f 982//1253 983//1078 984//1254
f 984//1254 983//1078 996//1255
f 7504//1256 984//1254 996//1255
f 985//1257 984//1254 7504//1256
f 988//1258 986//1035 7504//1256
f 998//1259 7504//1256 986//1035
f 986//1035 988//1258 987//1036
f 988//1258 989//1260 987//1036
f 988//1258 997//1261 989//1260
f 987//1036 989//1260 990//1038
f 991//1058 794//1037 990//1038
f 794//1037 991//1058 795//1041
f 993//1262 817//974 990//1038
f 989//1260 992//1263 993//1262
f 989//1260 993//1262 990//1038
f 997//1261 992//1263 989//1260
f 997//1261 828//1076 992//1263
f 994//1075 992//1263 828//1076
f 993//1262 818//1059 817//974
f 993//1262 819//1064 818//1059
f 992//1263 819//1064 993//1262
f 983//1078 828//1076 996//1255
f 982//1253 829//1077 983//1078
f 982//1253 995//1079 829//1077
f 995//1079 982//1253 7505//1082
f 997//1261 996//1255 828//1076
f 827//1061 992//1263 994//1075
f 992//1263 827//1061 819//1064
f 988//1258 7504//1256 997//1261
f 7504//1256 996//1255 997//1261
f 999//1264 1001//1265 1000//1266
f 1004//1267 1000//1266 1001//1265
f 1004//1267 1001//1265 1003//1031
f 1003//1031 1001//1265 1002//1032
f 999//1264 1002//1032 1001//1265
f 1002//1032 998//1259 986//1035
f 998//1259 1002//1032 999//1264
f 792//1030 791//1268 1004//1267
f 1004//1267 1003//1031 792//1030
f 1005//1269 1004//1267 791//1268
f 1437//1270 1005//1269 1438//1271
f 1005//1269 791//1268 1438//1271
f 1006//1272 1005//1269 1436//1273
f 1436//1273 1005//1269 1437//1270
f 1007//1274 1005//1269 1006//1272
f 1005//1269 1007//1274 1004//1267
f 1006//1272 1010//1275 1007//1274
f 1008//1276 1007//1274 1010//1275
f 1000//1266 1007//1274 1008//1276
f 1009//1277 1008//1276 1010//1275
f 1009//1277 1010//1275 1011//1278
f 1433//1279 1011//1278 1010//1275
f 1433//1279 1435//1280 1011//1278
f 1011//1278 7501//1281 1009//1277
f 1012//1282 1016//1283 1032//1284
f 1012//1282 1011//1278 1016//1283
f 1013//1285 1032//1284 1014//1286
f 1014//1286 1015//1287 1013//1285
f 1014//1286 1018//1288 1015//1287
f 1017//1289 1018//1288 1014//1286
f 1017//1289 1014//1286 1016//1283
f 1434//1290 1017//1289 1016//1283
f 1024//1291 1026//1292 1018//1288
f 1024//1291 1018//1288 1019//1293
f 1019//1293 1018//1288 1017//1289
f 1019//1293 1017//1289 1434//1290
f 1021//1294 1024//1291 1019//1293
f 1021//1294 1019//1293 1020//1295
f 1020//1295 1022//1296 1021//1294
f 1023//1297 1024//1291 1021//1294
f 1421//1298 1025//1299 1023//1297
f 1023//1297 1025//1299 1024//1291
f 1025//1299 1026//1292 1024//1291
f 1027//1300 1026//1292 1025//1299
f 1027//1300 1029//1301 1030//1302
f 1425//1303 1028//1304 1029//1301
f 1029//1301 1082//1305 1030//1302
f 1082//1305 1083//1306 1030//1302
f 1030//1302 1083//1306 1031//1307
f 1031//1307 1083//1306 1038//1308
f 1013//1285 1030//1302 1031//1307
f 1015//1287 1030//1302 1013//1285
f 1032//1284 7499//1309 7500//1251
f 1012//1282 1032//1284 7500//1251
f 1032//1284 1034//1310 7499//1309
f 1033//1311 1034//1310 1013//1285
f 1034//1310 1035//1248 7499//1309
f 1037//1243 1035//1248 1036//1241
f 978//1238 1036//1241 1039//1312
f 1033//1311 1039//1312 1036//1241
f 1039//1312 1033//1311 1038//1308
f 1033//1311 1031//1307 1038//1308
f 1038//1308 1083//1306 1039//1312
f 1084//1313 977//1240 1039//1312
f 1083//1306 1084//1313 1039//1312
f 977//1240 978//1238 1039//1312
f 1086//1314 7498//1315 7497//1316
f 1086//1314 1040//1317 7498//1315
f 1078//1318 1041//1319 1090//1320
f 1043//1321 1041//1319 1078//1318
f 1041//1319 1043//1321 1042//1322
f 1041//1319 1042//1322 1040//1317
f 1040//1317 1042//1322 7498//1315
f 1071//1323 1043//1321 7496//1324
f 1043//1321 1071//1323 1042//1322
f 1075//1325 1072//1326 7496//1324
f 1074//1327 1072//1326 1075//1325
f 1072//1326 1071//1323 7496//1324
f 1042//1322 1044//1328 7498//1315
f 7498//1315 1044//1328 1069//1329
f 1808//1330 1070//1331 1044//1328
f 1044//1328 1070//1331 1069//1329
f 1067//1332 1045//1333 1068//1334
f 1045//1333 1069//1329 1068//1334
f 1045//1333 1067//1332 1046//1239
f 1046//1239 1065//1335 1047//1236
f 976//1242 1048//1237 1050//1336
f 1052//1337 1048//1237 1047//1236
f 1065//1335 1052//1337 1047//1236
f 1050//1336 1048//1237 1052//1337
f 1050//1336 1051//1234 1049//1233
f 1050//1336 1053//1338 1051//1234
f 1052//1337 1053//1338 1050//1336
f 1052//1337 1064//1339 1053//1338
f 1799//1340 1064//1339 1052//1337
f 1054//1341 1051//1234 1055//1342
f 1051//1234 1053//1338 1055//1342
f 1055//1342 1057//1343 1056//1228
f 1054//1341 1055//1342 1056//1228
f 970//1230 1054//1341 1056//1228
f 972//1231 1054//1341 970//1230
f 1051//1234 1054//1341 972//1231
f 1056//1228 1058//1344 1060//1345
f 1060//1345 1059//1226 1056//1228
f 1056//1228 1057//1343 1058//1344
f 1057//1343 1055//1342 1064//1339
f 1064//1339 1055//1342 1053//1338
f 1057//1343 1062//1346 1061//1347
f 1058//1344 1057//1343 1061//1347
f 1866//1348 1059//1226 1060//1345
f 1865//1349 1866//1348 1060//1345
f 1866//1348 1867//1225 1059//1226
f 1063//1350 1863//1351 1062//1346
f 1798//1352 1063//1350 1799//1340
f 1063//1350 1064//1339 1799//1340
f 1065//1335 1801//1353 1799//1340
f 1803//1354 1801//1353 1065//1335
f 1066//1355 1803//1354 1065//1335
f 1065//1335 1067//1332 1066//1355
f 1069//1329 1805//1356 1068//1334
f 1070//1331 1806//1357 1805//1356
f 1069//1329 1070//1331 1805//1356
f 1808//1330 1806//1357 1070//1331
f 1807//1358 1808//1330 1765//1359
f 1808//1330 1071//1323 1765//1359
f 1044//1328 1071//1323 1808//1330
f 1765//1359 1071//1323 1072//1326
f 1072//1326 1764//1360 1765//1359
f 1073//1361 1764//1360 1072//1326
f 1074//1327 1073//1361 1072//1326
f 7400//1362 1073//1361 1761//1363
f 1074//1327 1075//1325 1756//1364
f 1756//1364 1075//1325 1760//1365
f 1759//1366 1075//1325 1076//1367
f 1078//1318 1077//1368 1076//1367
f 1076//1367 1077//1368 1759//1366
f 1077//1368 1078//1318 1090//1320
f 1090//1320 1079//1369 1077//1368
f 1079//1369 1090//1320 1087//1370
f 1080//1371 1079//1369 1087//1370
f 1081//1372 1080//1371 1089//1373
f 1082//1305 1089//1373 1084//1313
f 1082//1305 1084//1313 1083//1306
f 1089//1373 1085//1374 1084//1313
f 1089//1373 1088//1375 1085//1374
f 1085//1374 977//1240 1084//1313
f 7497//1316 1085//1374 1086//1314
f 1085//1374 7497//1316 977//1240
f 1086//1314 1085//1374 1088//1375
f 1088//1375 1040//1317 1086//1314
f 1088//1375 1087//1370 1040//1317
f 1089//1373 1087//1370 1088//1375
f 1080//1371 1087//1370 1089//1373
f 1041//1319 1087//1370 1090//1320
f 1087//1370 1041//1319 1040//1317
f 1089//1373 1082//1305 1091//1376
f 1082//1305 1029//1301 1091//1376
f 1091//1376 1029//1301 1028//1304
f 1028//1304 1092//1377 1091//1376
f 1093//1378 1092//1377 1028//1304
f 1094//1379 1093//1378 1028//1304
f 1094//1379 1095//1380 1093//1378
f 1096//1381 1093//1378 1095//1380
f 1095//1380 1755//1382 1096//1381
f 1095//1380 7402//1383 1755//1382
f 1130//1384 7402//1383 1100//1385
f 1100//1385 7402//1383 1095//1380
f 1097//1386 1100//1385 1095//1380
f 1098//1387 1097//1386 1426//1388
f 1097//1386 1098//1387 1099//1389
f 1099//1389 1098//1387 1104//1390
f 7494//1391 1100//1385 1099//1389
f 1099//1389 1101//1392 1102//1393
f 1127//1394 1101//1392 1099//1389
f 1103//1395 1127//1394 1099//1389
f 1103//1395 1099//1389 1104//1390
f 1119//1396 1103//1395 1104//1390
f 1104//1390 1429//1397 1119//1396
f 1105//1398 1119//1396 1429//1397
f 1106//1399 7495//1400 1105//1398
f 1107//1401 1106//1399 1423//1402
f 1109//1403 1107//1401 1108//1404
f 1110//1405 1106//1399 1109//1403
f 1109//1403 1111//1406 1110//1405
f 1112//1407 1110//1405 1111//1406
f 1110//1405 1112//1407 1363//1408
f 1110//1405 1363//1408 1113//1409
f 1110//1405 1113//1409 7495//1400
f 1113//1409 1363//1408 1114//1410
f 1113//1409 1114//1410 1115//1411
f 1116//1412 1117//1413 1114//1410
f 1114//1410 1117//1413 1115//1411
f 1117//1413 1116//1412 1368//1414
f 1118//1415 1117//1413 1368//1414
f 1115//1411 1117//1413 1118//1415
f 1113//1409 1115//1411 1119//1396
f 1113//1409 1119//1396 7495//1400
f 1115//1411 1118//1415 1119//1396
f 1118//1415 1103//1395 1119//1396
f 1118//1415 1120//1416 1103//1395
f 1123//1417 1120//1416 1121//1418
f 1122//1419 1123//1417 1121//1418
f 1122//1419 1138//1420 1123//1417
f 1138//1420 1135//1421 1124//1422
f 1124//1422 1123//1417 1138//1420
f 1124//1422 1125//1423 1123//1417
f 1123//1417 1125//1423 1120//1416
f 1124//1422 1126//1424 1125//1423
f 1124//1422 1134//1425 1126//1424
f 1134//1425 1133//1426 1126//1424
f 1125//1423 1126//1424 7491//1427
f 1101//1392 1127//1394 1102//1393
f 1125//1423 1102//1393 1127//1394
f 1125//1423 7491//1427 1102//1393
f 1102//1393 7492//1428 1129//1429
f 1128//1430 1129//1429 7492//1428
f 1758//1431 1129//1429 1128//1430
f 1758//1431 1130//1384 1129//1429
f 1131//1432 1130//1384 1758//1431
f 1757//1433 1131//1432 1758//1431
f 1752//1434 1751//1435 1625//1436
f 1625//1436 1751//1435 1132//1437
f 1132//1437 1751//1435 1758//1431
f 1132//1437 1758//1431 1128//1430
f 1136//1438 1625//1436 1133//1426
f 1136//1438 1133//1426 1134//1425
f 1134//1425 1135//1421 1136//1438
f 1137//1439 1136//1438 1135//1421
f 1139//1440 1140//1441 1137//1439
f 1138//1420 1139//1440 1135//1421
f 1135//1421 1139//1440 1137//1439
f 1142//1442 1139//1440 1138//1420
f 1138//1420 1141//1443 1142//1442
f 1142//1442 1141//1443 1366//1444
f 1165//1445 1142//1442 1366//1444
f 1143//1446 1165//1445 1365//1447
f 1161//1448 1165//1445 1143//1446
f 1151//1449 1146//1450 1147//1451
f 1147//1451 1149//1452 1151//1449
f 1187//1453 1147//1451 1148//1454
f 1147//1451 1146//1450 1148//1454
f 1187//1453 1148//1454 1374//1455
f 1187//1453 1149//1452 1147//1451
f 7489//1456 1186//1457 1149//1452
f 1149//1452 1186//1457 1150//1458
f 1151//1449 1149//1452 1150//1458
f 1186//1457 7490//1459 1150//1458
f 1150//1458 7490//1459 1160//1460
f 1150//1458 1160//1460 1151//1449
f 7490//1459 1152//1461 1160//1460
f 7490//1459 1153//1462 1152//1461
f 1182//1463 1181//1464 1153//1462
f 1180//1465 1179//1466 1153//1462
f 1181//1464 1180//1465 1153//1462
f 1154//1467 1153//1462 1179//1466
f 1154//1467 1174//1468 1153//1462
f 1152//1461 1153//1462 1174//1468
f 1174//1468 1155//1469 1152//1461
f 1155//1469 1174//1468 1156//1470
f 1174//1468 1176//1471 1156//1470
f 1157//1472 1155//1469 1156//1470
f 1158//1473 1155//1469 1157//1472
f 1151//1449 1160//1460 1159//1474
f 1159//1474 1160//1460 1158//1473
f 1160//1460 1155//1469 1158//1473
f 1160//1460 1152//1461 1155//1469
f 1151//1449 1159//1474 1158//1473
f 1151//1449 1158//1473 1146//1450
f 1158//1473 1157//1472 1161//1448
f 1162//1475 1157//1472 1163//1476
f 1177//1477 1168//1478 1163//1476
f 1167//1479 1163//1476 1168//1478
f 1162//1475 1163//1476 1167//1479
f 1162//1475 1167//1479 1166//1480
f 1166//1480 1164//1481 1162//1475
f 1165//1445 1164//1481 1142//1442
f 1161//1448 1164//1481 1165//1445
f 1162//1475 1164//1481 1157//1472
f 1164//1481 1161//1448 1157//1472
f 1161//1448 1144//1482 1158//1473
f 1161//1448 1143//1446 1144//1482
f 1146//1450 1158//1473 1144//1482
f 1145//1483 1146//1450 1144//1482
f 1164//1481 1166//1480 1142//1442
f 1168//1478 1139//1440 1167//1479
f 1623//1484 1139//1440 1168//1478
f 1169//1485 1623//1484 1168//1478
f 1622//1486 1623//1484 1169//1485
f 1178//1487 1169//1485 1168//1478
f 1178//1487 1622//1486 1169//1485
f 1172//1488 1170//1489 7408//1490
f 1618//1491 1170//1489 1171//1492
f 1172//1488 1171//1492 1170//1489
f 1171//1492 1173//1493 1154//1467
f 1171//1492 1172//1488 1173//1493
f 1172//1488 1174//1468 1173//1493
f 1174//1468 1154//1467 1173//1493
f 1175//1494 1174//1468 1172//1488
f 1175//1494 1176//1471 1174//1468
f 1175//1494 1178//1487 1176//1471
f 1176//1471 1177//1477 1156//1470
f 1156//1470 1177//1477 1157//1472
f 1177//1477 1163//1476 1157//1472
f 1178//1487 1168//1478 1177//1477
f 1176//1471 1178//1487 1177//1477
f 1172//1488 1622//1486 1178//1487
f 1622//1486 1172//1488 7408//1490
f 1172//1488 1178//1487 1175//1494
f 1179//1466 1171//1492 1154//1467
f 1179//1466 1180//1465 1614//1495
f 1617//1496 1171//1492 1179//1466
f 1614//1495 1617//1496 1179//1466
f 1181//1464 1614//1495 1180//1465
f 1616//1497 1182//1463 1183//1498
f 1616//1497 1181//1464 1182//1463
f 1183//1498 1182//1463 1184//1499
f 1195//1500 1183//1498 1184//1499
f 1195//1500 1184//1499 1185//1501
f 1186//1457 1185//1501 1184//1499
f 1185//1501 1186//1457 7489//1456
f 7489//1456 1149//1452 1187//1453
f 1188//1502 7489//1456 1187//1453
f 1187//1453 1189//1503 1188//1502
f 1190//1504 1188//1502 1352//1505
f 1188//1502 1189//1503 1352//1505
f 1191//1506 1194//1507 1188//1502
f 1190//1504 1191//1506 1188//1502
f 1190//1504 1351//1508 1191//1506
f 1193//1509 1192//1510 1605//1511
f 1193//1509 1194//1507 1192//1510
f 1194//1507 1204//1512 1185//1501
f 1195//1500 1185//1501 1204//1512
f 1195//1500 1205//1513 1183//1498
f 1204//1512 1205//1513 1195//1500
f 1183//1498 1205//1513 1196//1514
f 1205//1513 1206//1515 1196//1514
f 1206//1515 1197//1516 1196//1514
f 1197//1516 1611//1517 1196//1514
f 1197//1516 1198//1518 1611//1517
f 1606//1519 1199//1520 1198//1518
f 1201//1521 1198//1518 1197//1516
f 1198//1518 1201//1521 1606//1519
f 1200//1522 1199//1520 1606//1519
f 1200//1522 1606//1519 1607//1523
f 1201//1521 1669//1524 1606//1519
f 1669//1524 1201//1521 1202//1525
f 1605//1511 1203//1526 1193//1509
f 1204//1512 1203//1526 1205//1513
f 1193//1509 1203//1526 1204//1512
f 1205//1513 1202//1525 1206//1515
f 1203//1526 1202//1525 1205//1513
f 1201//1521 1197//1516 1206//1515
f 1201//1521 1206//1515 1202//1525
f 1605//1511 1202//1525 1203//1526
f 1603//1527 1604//1528 1605//1511
f 1207//1529 1605//1511 1192//1510
f 1603//1527 1605//1511 1207//1529
f 1603//1527 1207//1529 1209//1530
f 1602//1531 1603//1527 1209//1530
f 1595//1532 1209//1530 1210//1533
f 1595//1532 1210//1533 1594//1534
f 1210//1533 1212//1535 1214//1536
f 1594//1534 1210//1533 1214//1536
f 1210//1533 1209//1530 1212//1535
f 1209//1530 1207//1529 1212//1535
f 1212//1535 1207//1529 1211//1537
f 1214//1536 1212//1535 1213//1538
f 1213//1538 1212//1535 1211//1537
f 1213//1538 1211//1537 1464//1539
f 1214//1536 1213//1538 1215//1540
f 1215//1540 1213//1538 1465//1541
f 1215//1540 7410//1542 1593//1543
f 7410//1542 1215//1540 1465//1541
f 1216//1544 7410//1542 1465//1541
f 7488//1545 7410//1542 1216//1544
f 1220//1546 1217//1547 1218//1548
f 1217//1547 1467//1549 1218//1548
f 1218//1548 1219//1550 1220//1546
f 7411//1551 1220//1546 1221//1552
f 7411//1551 1221//1552 7412//1553
f 7412//1553 1221//1552 1224//1554
f 1221//1552 1222//1555 1224//1554
f 1222//1555 1223//1556 1224//1554
f 1255//1557 7414//1558 1253//1559
f 1253//1559 7414//1558 1224//1554
f 1253//1559 1224//1554 1227//1560
f 1253//1559 1227//1560 1226//1561
f 1225//1562 1253//1559 1226//1561
f 1226//1561 1227//1560 1223//1556
f 1224//1554 1223//1556 1227//1560
f 1228//1563 1241//1564 1223//1556
f 1223//1556 1241//1564 1226//1561
f 1222//1555 1229//1565 1228//1563
f 1222//1555 1228//1563 1223//1556
f 1239//1566 1228//1563 1229//1565
f 1229//1565 1231//1567 1238//1568
f 1219//1550 1231//1567 1229//1565
f 1222//1555 1219//1550 1229//1565
f 1238//1568 1231//1567 1230//1569
f 1219//1550 1218//1548 1231//1567
f 1231//1567 1467//1549 1232//1570
f 1231//1567 1232//1570 1230//1569
f 1218//1548 1467//1549 1231//1567
f 1467//1549 1468//1571 1232//1570
f 1230//1569 1232//1570 1236//1572
f 1233//1573 1236//1572 1232//1570
f 1233//1573 1341//1574 1234//1575
f 1236//1572 1235//1576 1237//1577
f 1237//1577 1230//1569 1236//1572
f 1230//1569 1237//1577 1238//1568
f 1238//1568 1237//1577 1239//1566
f 1228//1563 1240//1578 1241//1564
f 1241//1564 1240//1578 1334//1579
f 1226//1561 1241//1564 1339//1580
f 1339//1580 1242//1581 1226//1561
f 1226//1561 1242//1581 1225//1562
f 1243//1582 1242//1581 1339//1580
f 1225//1562 1242//1581 1244//1583
f 1244//1583 1245//1584 1225//1562
f 1246//1585 1225//1562 1245//1584
f 1248//1586 1246//1585 1247//1587
f 1248//1586 1247//1587 1249//1588
f 1251//1589 1248//1586 1249//1588
f 1251//1589 1250//1590 1248//1586
f 1252//1591 1250//1590 1251//1589
f 1252//1591 1251//1589 1482//1592
f 1481//1593 1252//1591 1482//1592
f 1483//1594 1250//1590 1252//1591
f 1483//1594 1256//1595 1250//1590
f 1250//1590 1256//1595 1254//1596
f 1256//1595 1255//1557 1254//1596
f 1255//1557 1253//1559 1254//1596
f 1248//1586 1253//1559 1246//1585
f 1253//1559 1248//1586 1254//1596
f 1246//1585 1253//1559 1225//1562
f 1250//1590 1254//1596 1248//1586
f 1258//1597 1255//1557 1256//1595
f 1483//1594 1258//1597 1256//1595
f 1257//1598 1258//1597 1483//1594
f 1257//1598 7416//1599 1258//1597
f 1259//1600 7416//1599 1257//1598
f 1261//1601 7417//1602 1259//1600
f 7417//1602 1260//1603 7415//1604
f 1259//1600 7417//1602 7415//1604
f 1262//1605 7417//1602 1261//1601
f 1262//1605 1261//1601 1583//1606
f 1261//1601 1481//1593 1583//1606
f 1257//1598 1481//1593 1261//1601
f 1583//1606 1263//1607 1264//1608
f 1581//1609 1582//1610 1264//1608
f 1581//1609 1264//1608 1265//1611
f 1266//1612 1581//1609 1265//1611
f 1267//1613 1266//1612 1265//1611
f 1267//1613 7425//1614 1266//1612
f 1268//1615 7425//1614 1267//1613
f 1268//1615 1269//1616 7425//1614
f 1269//1616 1268//1615 1270//1617
f 1268//1615 1566//1618 1270//1617
f 1271//1619 1566//1618 1268//1615
f 1268//1615 1480//1620 1271//1619
f 1480//1620 1479//1621 1271//1619
f 1271//1619 1479//1621 1272//1622
f 1273//1623 1272//1622 1274//1624
f 1273//1623 1274//1624 1563//1625
f 1563//1625 1274//1624 1560//1626
f 1274//1624 1275//1627 1560//1626
f 1560//1626 1275//1627 1276//1628
f 1277//1629 1278//1630 1276//1628
f 1509//1631 1278//1630 1488//1632
f 1278//1630 1279//1633 1488//1632
f 1488//1632 1279//1633 1280//745
f 1280//745 1279//1633 1281//746
f 1279//1633 1282//1634 1281//746
f 1281//746 1282//1634 1283//749
f 1485//1635 1282//1634 1284//1636
f 1282//1634 1485//1635 1283//749
f 1484//1637 1485//1635 1284//1636
f 1485//1635 1285//1638 1283//749
f 1285//1638 540//748 1283//749
f 1286//750 540//748 1285//1638
f 1285//1638 1486//1639 1286//750
f 1286//750 1300//1640 541//751
f 1300//1640 542//752 541//751
f 1287//724 1300//1640 1298//1641
f 1288//753 1300//1640 1287//724
f 542//752 1300//1640 1288//753
f 1287//724 1298//1641 1289//754
f 1290//755 1289//754 1296//1642
f 1291//762 551//760 1290//755
f 1294//1643 1292//1644 1295//1645
f 1295//1645 1292//1644 1291//762
f 1295//1645 1291//762 1290//755
f 1295//1645 1290//755 1296//1642
f 1297//1646 1295//1645 1296//1642
f 1298//1641 1309//1647 1297//1646
f 1298//1641 1297//1646 1289//754
f 1297//1646 1296//1642 1289//754
f 1309//1647 1298//1641 1299//1648
f 1300//1640 1299//1648 1298//1641
f 1486//1639 1299//1648 1300//1640
f 1486//1639 1304//1649 1299//1648
f 1486//1639 1300//1640 1286//750
f 1304//1649 1302//1650 1301//1651
f 1302//1650 1484//1637 1303//1652
f 1484//1637 1302//1650 1304//1649
f 1475//1653 1303//1652 1484//1637
f 1475//1653 1305//1654 1303//1652
f 1305//1654 1306//1655 1303//1652
f 1305//1654 1307//1656 1306//1655
f 1306//1655 1245//1584 1302//1650
f 1307//1656 1245//1584 1306//1655
f 1302//1650 1245//1584 1301//1651
f 1301//1651 1245//1584 1308//1657
f 1304//1649 1301//1651 1299//1648
f 1299//1648 1301//1651 1309//1647
f 1332//1658 1310//1659 1308//1657
f 1308//1657 1310//1659 1309//1647
f 1310//1659 1311//1660 1314//1661
f 1332//1658 1311//1660 1310//1659
f 1331//1662 1311//1660 1332//1658
f 1331//1662 1243//1582 1329//1663
f 1311//1660 1331//1662 1329//1663
f 1313//1664 1311//1660 1329//1663
f 1311//1660 1313//1664 1312//1665
f 1312//1665 1313//1664 1293//1666
f 1294//1643 1311//1660 1312//1665
f 1314//1661 1311//1660 1294//1643
f 1294//1643 1295//1645 1314//1661
f 1295//1645 1297//1646 1314//1661
f 1294//1643 1312//1665 1292//1644
f 1312//1665 1293//1666 1292//1644
f 1315//1667 1292//1644 1293//1666
f 1291//762 1315//1667 1316//761
f 1292//1644 1315//1667 1291//762
f 1315//1667 1328//1668 1318//774
f 1316//761 1315//1667 1318//774
f 1318//774 1317//768 1316//761
f 1321//1669 1319//1670 1328//1668
f 1321//1669 560//773 1319//1670
f 1321//1669 1320//775 560//773
f 1324//1671 1320//775 1322//1672
f 1322//1672 1320//775 1321//1669
f 1323//1673 1324//1671 1322//1672
f 1324//1671 1323//1673 1459//1674
f 1323//1673 1327//1675 1459//1674
f 1326//1676 1325//1677 1327//1675
f 1327//1675 1325//1677 1459//1674
f 1326//1676 1400//1678 1325//1677
f 1326//1676 1234//1575 1400//1678
f 1340//1679 1326//1676 1327//1675
f 1326//1676 1340//1679 1234//1575
f 1235//1576 1340//1679 1327//1675
f 1235//1576 1327//1675 1322//1672
f 1322//1672 1327//1675 1323//1673
f 1235//1576 1322//1672 1338//1680
f 1337//1681 1338//1680 1322//1672
f 1322//1672 1321//1669 1330//1682
f 1330//1682 1337//1681 1322//1672
f 1335//1683 1337//1681 1330//1682
f 1330//1682 1321//1669 1328//1668
f 1329//1663 1330//1682 1328//1668
f 1329//1663 1328//1668 1313//1664
f 1330//1682 1329//1663 1333//1684
f 1333//1684 1329//1663 1243//1582
f 1244//1583 1243//1582 1331//1662
f 1244//1583 1331//1662 1332//1658
f 1244//1583 1332//1658 1308//1657
f 1308//1657 1245//1584 1244//1583
f 1339//1580 1333//1684 1243//1582
f 1333//1684 1339//1580 1334//1579
f 1336//1685 1335//1683 1334//1579
f 1240//1578 1336//1685 1334//1579
f 1337//1681 1335//1683 1336//1685
f 1228//1563 1239//1566 1336//1685
f 1228//1563 1336//1685 1240//1578
f 1239//1566 1338//1680 1336//1685
f 1338//1680 1337//1681 1336//1685
f 1237//1577 1338//1680 1239//1566
f 1338//1680 1237//1577 1235//1576
f 1334//1579 1335//1683 1330//1682
f 1334//1579 1330//1682 1333//1684
f 1241//1564 1334//1579 1339//1580
f 1236//1572 1233//1573 1235//1576
f 1233//1573 1234//1575 1340//1679
f 1340//1679 1235//1576 1233//1573
f 1463//1686 1234//1575 1341//1574
f 1233//1573 1470//1687 1341//1574
f 1341//1574 1470//1687 1462//1688
f 1470//1687 1343//1689 1462//1688
f 1395//1690 1342//1691 1343//1689
f 1396//1692 1395//1690 1343//1689
f 1344//1693 1396//1692 1343//1689
f 1344//1693 1350//1694 1345//1695
f 1344//1693 1345//1695 1396//1692
f 1349//1696 1396//1692 1345//1695
f 1471//1697 1396//1692 1349//1696
f 1396//1692 1471//1697 1393//1698
f 1471//1697 1346//1699 1393//1698
f 1347//1700 1346//1699 1471//1697
f 1348//1701 1347//1700 1471//1697
f 1347//1700 1348//1701 1351//1508
f 1351//1508 1348//1701 1211//1537
f 1211//1537 1348//1701 1349//1696
f 1349//1696 1345//1695 1350//1694
f 1468//1571 1464//1539 1350//1694
f 1464//1539 1211//1537 1350//1694
f 1211//1537 1349//1696 1350//1694
f 1351//1508 1211//1537 1208//1702
f 1208//1702 1191//1506 1351//1508
f 1191//1506 1208//1702 1192//1510
f 1208//1702 1207//1529 1192//1510
f 1352//1505 1351//1508 1190//1504
f 1347//1700 1357//1703 1355//1704
f 1346//1699 1347//1700 1355//1704
f 1355//1704 1354//1705 1353//1706
f 1394//1707 1355//1704 1353//1706
f 1354//1705 1359//1708 1353//1706
f 1356//1709 1358//1710 1354//1705
f 1355//1704 1356//1709 1354//1705
f 1357//1703 1356//1709 1355//1704
f 1357//1703 1189//1503 1187//1453
f 1347//1700 1189//1503 1357//1703
f 1356//1709 1357//1703 1374//1455
f 1357//1703 1187//1453 1374//1455
f 1359//1708 1358//1710 1360//1711
f 1360//1711 1358//1710 1371//1712
f 1359//1708 1360//1711 1391//1713
f 1360//1711 1371//1712 1391//1713
f 1391//1713 1371//1712 1362//1714
f 1361//1715 1391//1713 1362//1714
f 1373//1716 1112//1407 1371//1712
f 1371//1712 1112//1407 1362//1714
f 1372//1717 1364//1718 1114//1410
f 1372//1717 1114//1410 1363//1408
f 1116//1412 1364//1718 1365//1447
f 1366//1444 1368//1414 1365//1447
f 1165//1445 1366//1444 1365//1447
f 1365//1447 1368//1414 1116//1412
f 1367//1719 1368//1414 1366//1444
f 1366//1444 1122//1419 1367//1719
f 1141//1443 1122//1419 1366//1444
f 1367//1719 1122//1419 1121//1418
f 1367//1719 1121//1418 1118//1415
f 1120//1416 1118//1415 1121//1418
f 1367//1719 1118//1415 1368//1414
f 1141//1443 1138//1420 1122//1419
f 1143//1446 1365//1447 1364//1718
f 1369//1720 1144//1482 1364//1718
f 1369//1720 1376//1721 1145//1483
f 1370//1722 1376//1721 1369//1720
f 1376//1721 1370//1722 1371//1712
f 1373//1716 1371//1712 1370//1722
f 1373//1716 1370//1722 1372//1717
f 1370//1722 1369//1720 1372//1717
f 1369//1720 1364//1718 1372//1717
f 1372//1717 1363//1408 1373//1716
f 1376//1721 1371//1712 1358//1710
f 1376//1721 1356//1709 1374//1455
f 1356//1709 1376//1721 1358//1710
f 1374//1455 1375//1723 1376//1721
f 1374//1455 1148//1454 1375//1723
f 1375//1723 1148//1454 1145//1483
f 1145//1483 1376//1721 1375//1723
f 1369//1720 1145//1483 1144//1482
f 1143//1446 1364//1718 1144//1482
f 1114//1410 1364//1718 1116//1412
f 1112//1407 1373//1716 1363//1408
f 1112//1407 1111//1406 1362//1714
f 1362//1714 1111//1406 1377//1724
f 1361//1715 1362//1714 1377//1724
f 1419//1725 1361//1715 1377//1724
f 1378//1726 1361//1715 1419//1725
f 1416//1727 1379//1728 1378//1726
f 1397//1729 1378//1726 1379//1728
f 1379//1728 1417//1730 1389//1731
f 1417//1730 1380//1732 1389//1731
f 1417//1730 1407//1733 1380//1732
f 1382//1734 1380//1732 1381//1735
f 1380//1732 1387//1736 1389//1731
f 1382//1734 1387//1736 1380//1732
f 1387//1736 1383//1737 1386//1738
f 1383//1737 1385//1739 1386//1738
f 1383//1737 1384//1740 1385//1739
f 1385//1739 1388//1741 1386//1738
f 1386//1738 1388//1741 1389//1731
f 1386//1738 1389//1731 1387//1736
f 1385//1739 1392//1742 1388//1741
f 1385//1739 1390//1743 1392//1742
f 1394//1707 1353//1706 1390//1743
f 1353//1706 1359//1708 1390//1743
f 1359//1708 1391//1713 1392//1742
f 1392//1742 1391//1713 1378//1726
f 1378//1726 1391//1713 1361//1715
f 1397//1729 1392//1742 1378//1726
f 1392//1742 1390//1743 1359//1708
f 1355//1704 1394//1707 1393//1698
f 1346//1699 1355//1704 1393//1698
f 1395//1690 1393//1698 1394//1707
f 1394//1707 1384//1740 1395//1690
f 1394//1707 1390//1743 1384//1740
f 1395//1690 1384//1740 1342//1691
f 1384//1740 1390//1743 1385//1739
f 1396//1692 1393//1698 1395//1690
f 1388//1741 1392//1742 1397//1729
f 1379//1728 1389//1731 1397//1729
f 1397//1729 1389//1731 1388//1741
f 1384//1740 1398//1744 1342//1691
f 1398//1744 1384//1740 1383//1737
f 1461//1745 1342//1691 1398//1744
f 1398//1744 1399//1746 1461//1745
f 1461//1745 1399//1746 1463//1686
f 1463//1686 1399//1746 1400//1678
f 1400//1678 1399//1746 1401//1747
f 1400//1678 1401//1747 1325//1677
f 1401//1747 1402//1748 567//784
f 1454//1749 1387//1736 1402//1748
f 1402//1748 1387//1736 1382//1734
f 1402//1748 1382//1734 1403//1750
f 1403//1750 1382//1734 1381//1735
f 1403//1750 567//784 1402//1748
f 567//784 1403//1750 568//785
f 1403//1750 1405//1751 1404//786
f 568//785 1403//1750 1404//786
f 1406//1752 1404//786 1405//1751
f 1405//1751 1381//1735 1406//1752
f 1380//1732 1407//1733 1381//1735
f 1381//1735 1407//1733 1406//1752
f 1403//1750 1381//1735 1405//1751
f 1450//1753 1406//1752 1452//1754
f 1406//1752 1407//1733 1452//1754
f 1417//1730 1418//1755 1407//1733
f 1407//1733 1418//1755 1408//1756
f 1418//1755 1415//1757 1408//1756
f 1408//1756 1414//1758 1409//1759
f 1414//1758 1411//1760 1409//1759
f 1432//1761 1411//1760 1410//1762
f 1409//1759 1411//1760 1432//1761
f 1413//1763 1108//1404 1412//1764
f 1413//1763 1109//1403 1108//1404
f 1413//1763 1111//1406 1109//1403
f 1377//1724 1413//1763 1419//1725
f 1414//1758 1419//1725 1413//1763
f 1414//1758 1413//1763 1412//1764
f 1419//1725 1414//1758 1415//1757
f 1415//1757 1414//1758 1408//1756
f 1418//1755 1416//1727 1415//1757
f 1417//1730 1416//1727 1418//1755
f 1379//1728 1416//1727 1417//1730
f 1419//1725 1416//1727 1378//1726
f 1415//1757 1416//1727 1419//1725
f 1411//1760 1414//1758 1412//1764
f 1413//1763 1377//1724 1111//1406
f 1412//1764 1108//1404 1420//1765
f 1412//1764 1420//1765 1411//1760
f 1422//1766 1023//1297 1420//1765
f 1420//1765 1023//1297 1021//1294
f 1422//1766 1421//1298 1023//1297
f 1423//1402 1422//1766 1107//1401
f 1108//1404 1107//1401 1422//1766
f 1106//1399 1430//1767 1423//1402
f 1025//1299 1421//1298 1423//1402
f 1423//1402 1424//1768 1025//1299
f 1430//1767 1424//1768 1423//1402
f 1427//1769 1424//1768 1430//1767
f 1427//1769 1425//1303 1424//1768
f 1029//1301 1424//1768 1425//1303
f 1027//1300 1025//1299 1424//1768
f 1424//1768 1029//1301 1027//1300
f 1427//1769 1094//1379 1425//1303
f 1094//1379 1427//1769 1426//1388
f 1427//1769 1428//1770 1426//1388
f 1098//1387 1426//1388 1428//1770
f 1429//1397 1098//1387 1428//1770
f 1104//1390 1098//1387 1429//1397
f 1106//1399 1429//1397 1430//1767
f 1105//1398 1429//1397 1106//1399
f 1430//1767 1428//1770 1427//1769
f 1429//1397 1428//1770 1430//1767
f 1426//1388 1097//1386 1094//1379
f 1423//1402 1421//1298 1422//1766
f 1410//1762 1420//1765 1022//1296
f 1410//1762 1022//1296 1431//1771
f 1410//1762 1431//1771 1432//1761
f 1022//1296 1020//1295 1431//1771
f 1436//1273 1431//1771 1020//1295
f 1020//1295 1433//1279 1436//1273
f 1020//1295 1019//1293 1433//1279
f 1434//1290 1433//1279 1019//1293
f 1434//1290 1016//1283 1435//1280
f 1435//1280 1433//1279 1434//1290
f 1436//1273 1433//1279 1010//1275
f 1437//1270 1432//1761 1436//1273
f 1453//1772 1432//1761 1437//1270
f 1437//1270 1438//1271 1442//1773
f 1442//1773 1453//1772 1437//1270
f 1442//1773 1438//1271 1439//1774
f 581//806 1439//1774 1440//1024
f 1439//1774 581//806 1442//1773
f 1439//1774 792//1030 1440//1024
f 1441//1023 581//806 1440//1024
f 1441//1023 583//809 582//807
f 1441//1023 582//807 581//806
f 1409//1759 1443//1775 1442//1773
f 1409//1759 1442//1773 1444//1776
f 1409//1759 1432//1761 1443//1775
f 1444//1776 1408//1756 1409//1759
f 1444//1776 1447//1777 1451//1778
f 1447//1777 1444//1776 581//806
f 1447//1777 581//806 580//803
f 1445//802 1447//1777 580//803
f 1446//1779 1447//1777 1445//802
f 1446//1779 1445//802 1448//798
f 1446//1779 1450//1753 1447//1777
f 1449//787 1406//1752 1446//1779
f 1449//787 1404//786 1406//1752
f 1449//787 1448//798 569//788
f 1446//1779 1448//798 1449//787
f 1406//1752 1450//1753 1446//1779
f 1447//1777 1450//1753 1451//1778
f 1452//1754 1408//1756 1451//1778
f 1451//1778 1450//1753 1452//1754
f 1451//1778 1408//1756 1444//1776
f 1448//798 1445//802 577//799
f 1442//1773 581//806 1444//1776
f 1443//1775 1432//1761 1453//1772
f 1443//1775 1453//1772 1442//1773
f 1431//1771 1436//1273 1432//1761
f 791//1268 1439//1774 1438//1271
f 791//1268 792//1030 1439//1774
f 1010//1275 1006//1272 1436//1273
f 1420//1765 1021//1294 1022//1296
f 1411//1760 1420//1765 1410//1762
f 1108//1404 1422//1766 1420//1765
f 1407//1733 1408//1756 1452//1754
f 1387//1736 1454//1749 1383//1737
f 1398//1744 1383//1737 1454//1749
f 1454//1749 1399//1746 1398//1744
f 1454//1749 1401//1747 1399//1746
f 1402//1748 1401//1747 1454//1749
f 1401//1747 567//784 1455//782
f 1401//1747 1455//782 1456//1780
f 1457//777 1456//1780 562//778
f 1459//1674 1457//777 1458//776
f 1459//1674 1458//776 1324//1671
f 1320//775 1324//1671 1458//776
f 1325//1677 1457//777 1459//1674
f 1456//1780 1457//777 1325//1677
f 562//778 1456//1780 1460//779
f 1460//779 1456//1780 1455//782
f 1401//1747 1456//1780 1325//1677
f 1463//1686 1400//1678 1234//1575
f 1461//1745 1463//1686 1462//1688
f 1342//1691 1461//1745 1462//1688
f 1343//1689 1342//1691 1462//1688
f 1354//1705 1358//1710 1359//1708
f 1352//1505 1189//1503 1347//1700
f 1351//1508 1352//1505 1347//1700
f 1207//1529 1208//1702 1211//1537
f 1213//1538 1464//1539 1465//1541
f 1464//1539 1216//1544 1465//1541
f 1216//1544 1464//1539 1466//1781
f 1217//1547 1216//1544 1466//1781
f 1217//1547 1468//1571 1467//1549
f 1217//1547 1466//1781 1468//1571
f 1468//1571 1350//1694 1469//1782
f 1469//1782 1350//1694 1344//1693
f 1469//1782 1344//1693 1470//1687
f 1344//1693 1343//1689 1470//1687
f 1233//1573 1232//1570 1469//1782
f 1470//1687 1233//1573 1469//1782
f 1232//1570 1468//1571 1469//1782
f 1466//1781 1464//1539 1468//1571
f 1348//1701 1471//1697 1349//1696
f 1341//1574 1462//1688 1463//1686
f 1319//1670 560//773 1318//774
f 1319//1670 1318//774 1328//1668
f 1472//763 1317//768 1473//765
f 1473//765 554//764 1472//763
f 1316//761 1317//768 1472//763
f 1313//1664 1328//1668 1315//1667
f 1313//1664 1315//1667 1293//1666
f 1310//1659 1314//1661 1297//1646
f 1301//1651 1308//1657 1309//1647
f 1309//1647 1310//1659 1297//1646
f 1247//1587 1246//1585 1307//1656
f 1246//1585 1245//1584 1307//1656
f 1474//1783 1477//1784 1307//1656
f 1474//1783 1475//1653 1476//1785
f 1476//1785 1475//1653 1277//1629
f 1476//1785 1275//1627 1478//1786
f 1276//1628 1275//1627 1476//1785
f 1474//1783 1478//1786 1477//1784
f 1478//1786 1474//1783 1476//1785
f 1275//1627 1482//1592 1478//1786
f 1275//1627 1263//1607 1482//1592
f 1583//1606 1482//1592 1263//1607
f 1274//1624 1263//1607 1275//1627
f 1274//1624 1264//1608 1263//1607
f 1272//1622 1264//1608 1274//1624
f 1264//1608 1272//1622 1479//1621
f 1265//1611 1264//1608 1479//1621
f 1480//1620 1265//1611 1479//1621
f 1267//1613 1265//1611 1480//1620
f 1481//1593 1482//1592 1583//1606
f 1483//1594 1252//1591 1481//1593
f 1483//1594 1481//1593 1257//1598
f 1482//1592 1249//1588 1478//1786
f 1482//1592 1251//1589 1249//1588
f 1249//1588 1247//1587 1477//1784
f 1477//1784 1247//1587 1307//1656
f 1249//1588 1477//1784 1478//1786
f 1276//1628 1476//1785 1277//1629
f 1279//1633 1278//1630 1277//1629
f 1282//1634 1279//1633 1284//1636
f 1279//1633 1277//1629 1284//1636
f 1284//1636 1475//1653 1484//1637
f 1284//1636 1277//1629 1475//1653
f 1484//1637 1304//1649 1486//1639
f 1485//1635 1484//1637 1486//1639
f 1485//1635 1486//1639 1285//1638
f 1474//1783 1305//1654 1475//1653
f 1474//1783 1307//1656 1305//1654
f 1306//1655 1302//1650 1303//1652
f 1281//746 1283//749 1487//747
f 1505//1787 1488//1632 1280//745
f 1505//1787 1508//1788 1488//1632
f 1508//1788 1509//1631 1488//1632
f 1509//1631 1489//1789 1278//1630
f 1507//1790 1489//1789 1509//1631
f 1489//1789 1507//1790 1490//1791
f 1491//1792 1490//1791 1507//1790
f 1559//1793 1490//1791 1491//1792
f 1490//1791 1559//1793 1561//1794
f 1558//1795 1559//1793 1491//1792
f 1491//1792 7429//1796 1558//1795
f 7429//1796 1491//1792 1507//1790
f 1492//1797 7429//1796 1507//1790
f 1507//1790 1506//1798 1492//1797
f 1492//1797 1506//1798 1493//1799
f 1492//1797 1493//1799 7430//1800
f 1494//1801 7430//1800 1493//1799
f 7430//1800 1494//1801 7431//1802
f 1494//1801 1495//1803 7431//1802
f 7431//1802 1495//1803 7480//1804
f 1495//1803 1496//1805 7481//1806
f 1495//1803 1497//1807 1496//1805
f 1496//1805 1498//1808 7481//1806
f 1499//182 7481//1806 1498//1808
f 1513//1809 7481//1806 1499//182
f 1499//182 1498//1808 1500//186
f 1500//186 100//183 1499//182
f 1498//1808 1501//189 1500//186
f 101//187 1500//186 1501//189
f 1502//1810 535//740 1501//189
f 1503//741 535//740 1502//1810
f 1503//741 1502//1810 1496//1805
f 1498//1808 1496//1805 1502//1810
f 1496//1805 1497//1807 1503//741
f 1511//1811 1497//1807 1495//1803
f 1511//1811 1512//1812 1497//1807
f 1511//1811 536//742 1512//1812
f 536//742 1511//1811 1504//744
f 1494//1801 1510//1813 1505//1787
f 1494//1801 1493//1799 1510//1813
f 1506//1798 1510//1813 1493//1799
f 1508//1788 1507//1790 1509//1631
f 1508//1788 1505//1787 1510//1813
f 1506//1798 1508//1788 1510//1813
f 1507//1790 1508//1788 1506//1798
f 1495//1803 1494//1801 1511//1811
f 1504//744 1511//1811 1505//1787
f 1511//1811 1494//1801 1505//1787
f 536//742 1503//741 1512//1812
f 1503//741 1497//1807 1512//1812
f 1502//1810 1501//189 1498//1808
f 2552//172 1516//171 1513//1809
f 2552//172 1513//1809 1514//178
f 1499//182 98//179 1513//1809
f 1513//1809 98//179 1514//178
f 1515//1814 1516//171 94//167
f 7484//1815 7487//1816 1515//1814
f 7484//1815 1515//1814 1517//1817
f 1515//1814 7487//1816 1516//171
f 1518//165 1517//1817 1515//1814
f 1522//1818 1517//1817 1518//165
f 1522//1818 1518//165 1519//164
f 1517//1817 1522//1818 7485//1819
f 1522//1818 1519//164 1521//1820
f 1521//1820 1519//164 1520//162
f 1521//1820 1520//162 7468//1821
f 1523//1822 1522//1818 1521//1820
f 1523//1822 1524//1823 7486//1824
f 1523//1822 1529//1825 1524//1823
f 1524//1823 1529//1825 7483//1826
f 1524//1823 7483//1826 7486//1824
f 1529//1825 1528//1827 7483//1826
f 1528//1827 1526//1828 1525//1829
f 1528//1827 1525//1829 7483//1826
f 1525//1829 7482//1830 7483//1826
f 1526//1828 7431//1802 1525//1829
f 1527//1831 7432//1832 1526//1828
f 1526//1828 7432//1832 7431//1802
f 1527//1831 1526//1828 1535//1833
f 1526//1828 1528//1827 1535//1833
f 1531//1834 1535//1833 1528//1827
f 1531//1834 1528//1827 1529//1825
f 1532//1835 1531//1834 1530//1836
f 1530//1836 1531//1834 1529//1825
f 1532//1835 1541//1837 1533//1838
f 1531//1834 1532//1835 1533//1838
f 1543//1839 1539//1840 1533//1838
f 1534//1841 1533//1838 1539//1840
f 1534//1841 1535//1833 1531//1834
f 1535//1833 1534//1841 1536//1842
f 1537//1843 1536//1842 1534//1841
f 1539//1840 1537//1843 1534//1841
f 1537//1843 1539//1840 1538//1844
f 1538//1844 1539//1840 1540//1845
f 1543//1839 1540//1845 1539//1840
f 1542//1846 1543//1839 1533//1838
f 1542//1846 1533//1838 1541//1837
f 1543//1839 1542//1846 7438//1847
f 7476//1848 7438//1847 1542//1846
f 1542//1846 1541//1837 7476//1848
f 7438//1847 7437//1849 1543//1839
f 7437//1849 1544//1850 1543//1839
f 1543//1839 1544//1850 1540//1845
f 7437//1849 1550//1851 1544//1850
f 1544//1850 1547//1852 1540//1845
f 1547//1852 1545//1853 1540//1845
f 1540//1845 1545//1853 1538//1844
f 1545//1853 1546//1854 7433//1855
f 1547//1852 1546//1854 1545//1853
f 1548//1856 1554//1857 1546//1854
f 1547//1852 1548//1856 1546//1854
f 1551//1858 1548//1856 1549//1859
f 1549//1859 1548//1856 1547//1852
f 1549//1859 1544//1850 1550//1851
f 1551//1858 1549//1859 1550//1851
f 1551//1858 1550//1851 27//55
f 1552//54 1548//1856 1551//1858
f 26//53 1552//54 1551//1858
f 1553//1860 1548//1856 1552//54
f 1553//1860 1554//1857 1548//1856
f 1553//1860 1555//1861 1554//1857
f 1553//1860 3808//1862 1555//1861
f 1554//1857 7433//1855 1546//1854
f 1554//1857 1555//1861 7433//1855
f 7433//1855 1555//1861 1556//1863
f 1556//1863 1555//1861 1557//1864
f 7435//1865 1556//1863 1557//1864
f 1567//1866 1558//1795 1568//1867
f 1558//1795 1567//1866 1565//1868
f 1565//1868 1564//1869 1558//1795
f 1558//1795 1564//1869 1559//1793
f 1562//1870 1561//1794 1559//1793
f 1562//1870 1560//1626 1561//1794
f 1561//1794 1560//1626 1489//1789
f 1489//1789 1276//1628 1278//1630
f 1489//1789 1560//1626 1276//1628
f 1563//1625 1560//1626 1562//1870
f 1564//1869 1562//1870 1559//1793
f 1563//1625 1562//1870 1564//1869
f 1273//1623 1563//1625 1564//1869
f 1564//1869 1565//1868 1273//1623
f 1273//1623 1565//1868 1566//1618
f 1566//1618 1565//1868 1270//1617
f 1566//1618 1271//1619 1272//1622
f 1566//1618 1272//1622 1273//1623
f 1270//1617 1565//1868 1567//1866
f 7427//1871 1270//1617 1567//1866
f 1555//1861 1567//1866 1568//1867
f 1555//1861 1568//1867 1557//1864
f 1555//1861 3808//1862 1567//1866
f 3808//1862 7427//1871 1567//1866
f 3808//1862 1569//1872 7427//1871
f 3807//1873 1569//1872 3808//1862
f 1569//1872 3807//1873 1570//1874
f 3803//1875 1571//1876 1570//1874
f 3793//1877 1572//1878 3802//1879
f 3802//1879 1571//1876 3803//1875
f 3802//1879 1572//1878 1571//1876
f 7428//1880 3793//1877 1573//1881
f 3793//1877 7428//1880 1572//1878
f 1573//1881 3793//1877 3792//1882
f 1573//1881 3792//1882 1574//1883
f 1574//1883 1578//1884 1575//1885
f 1575//1885 1573//1881 1574//1883
f 1574//1883 1576//1886 1578//1884
f 3794//1887 1576//1886 1574//1883
f 1576//1886 3797//1888 3813//1889
f 1576//1886 3813//1889 1577//1890
f 1576//1886 1577//1890 1578//1884
f 1579//1891 1575//1885 1578//1884
f 7425//1614 1580//1892 1581//1609
f 1581//1609 1266//1612 7425//1614
f 3780//1893 3778//1894 1581//1609
f 1581//1609 3778//1894 1582//1610
f 3778//1894 3777//1895 1582//1610
f 1584//1896 1262//1605 1583//1606
f 1586//1897 1262//1605 1584//1896
f 1585//1898 7417//1602 1586//1897
f 1586//1897 7417//1602 1262//1605
f 1585//1898 1586//1897 7418//1899
f 1718//1900 1586//1897 1584//1896
f 1717//1901 1712//1902 1718//1900
f 1712//1902 1586//1897 1718//1900
f 1712//1902 7418//1899 1586//1897
f 1712//1902 1587//1903 7418//1899
f 7418//1899 1587//1903 7420//1904
f 1587//1903 7421//1905 7420//1904
f 1711//1906 1588//1907 1587//1903
f 1587//1903 1588//1907 7421//1905
f 1588//1907 7422//1908 7421//1905
f 1588//1907 1685//1909 7422//1908
f 1589//1910 7422//1908 1591//1911
f 1589//1910 1591//1911 1590//1912
f 1590//1912 7411//1551 1589//1910
f 1590//1912 1591//1911 1597//1913
f 1684//1914 1596//1915 1592//1916
f 1596//1915 1597//1913 1592//1916
f 1592//1916 1597//1913 1591//1911
f 1593//1543 1597//1913 1594//1534
f 1594//1534 1214//1536 1593//1543
f 1215//1540 1593//1543 1214//1536
f 1595//1532 1594//1534 1597//1913
f 7409//1917 1601//1918 1595//1532
f 7409//1917 1595//1532 1596//1915
f 7409//1917 1596//1915 1684//1914
f 1596//1915 1595//1532 1597//1913
f 1684//1914 1598//1919 7409//1917
f 1683//1920 1598//1919 1684//1914
f 1681//1921 1599//1922 1598//1919
f 1599//1922 1681//1921 1680//1923
f 1598//1919 1599//1922 1600//1924
f 1600//1924 7409//1917 1598//1919
f 1600//1924 1601//1918 7409//1917
f 1601//1918 1671//1925 1602//1531
f 1601//1918 1600//1924 1671//1925
f 1209//1530 1601//1918 1602//1531
f 1670//1926 1605//1511 1671//1925
f 1671//1925 1605//1511 1604//1528
f 1669//1524 1605//1511 1670//1926
f 1669//1524 1202//1525 1605//1511
f 1607//1523 1606//1519 1669//1524
f 1607//1523 1667//1927 1200//1522
f 1667//1927 1608//1928 1200//1522
f 1608//1928 1696//1929 1666//1930
f 1666//1930 7406//1931 1608//1928
f 1200//1522 1608//1928 1199//1520
f 1199//1520 7406//1931 1612//1932
f 1608//1928 7406//1931 1199//1520
f 1199//1520 1612//1932 1609//1933
f 1609//1933 1198//1518 1199//1520
f 1198//1518 1609//1933 1611//1517
f 1610//1934 1611//1517 1609//1933
f 1612//1932 1664//1935 1652//1936
f 1609//1933 1612//1932 1652//1936
f 1609//1933 1652//1936 1613//1937
f 1613//1937 1610//1934 1609//1933
f 1614//1495 1610//1934 1613//1937
f 1610//1934 1614//1495 1615//1938
f 1615//1938 1614//1495 1181//1464
f 1616//1497 1615//1938 1181//1464
f 1196//1514 1616//1497 1183//1498
f 1611//1517 1616//1497 1196//1514
f 1611//1517 1615//1938 1616//1497
f 1611//1517 1610//1934 1615//1938
f 1617//1496 1613//1937 1618//1491
f 1613//1937 1654//1939 1618//1491
f 1613//1937 1652//1936 1654//1939
f 1170//1489 1618//1491 1619//1940
f 1170//1489 1620//1941 7408//1490
f 1620//1941 1630//1942 1628//1943
f 1630//1942 1620//1941 1631//1944
f 1628//1943 1621//1945 1622//1486
f 1623//1484 1622//1486 1621//1945
f 1623//1484 1140//1441 1139//1440
f 1621//1945 1140//1441 1623//1484
f 1626//1946 1140//1441 1621//1945
f 1626//1946 7407//1947 1140//1441
f 1137//1439 1140//1441 7407//1947
f 1624//1948 7407//1947 1748//1949
f 1624//1948 1748//1949 1625//1436
f 1748//1949 1752//1434 1625//1436
f 1748//1949 1749//1950 1752//1434
f 1747//1951 1748//1949 1626//1946
f 1748//1949 7407//1947 1626//1946
f 1747//1951 1626//1946 1745//1952
f 1745//1952 1626//1946 1627//1953
f 1621//1945 1628//1943 1626//1946
f 1630//1942 1627//1953 1628//1943
f 1627//1953 1630//1942 1629//1954
f 1639//1955 1629//1954 1638//1956
f 1638//1956 1629//1954 1630//1942
f 1630//1942 1631//1944 1638//1956
f 1631//1944 1637//1957 1638//1956
f 1637//1957 1632//1958 1636//1959
f 1636//1959 1632//1958 1633//1960
f 1634//1961 1635//1962 1633//1960
f 1634//1961 1741//1963 1635//1962
f 1633//1960 1635//1962 1648//1964
f 1633//1960 1648//1964 1636//1959
f 1647//1965 1637//1957 1636//1959
f 1638//1956 1637//1957 1647//1965
f 1647//1965 1636//1959 1646//1966
f 1638//1956 1647//1965 3244//1967
f 3244//1967 1639//1955 1638//1956
f 1745//1952 1629//1954 1639//1955
f 1745//1952 1639//1955 1640//1968
f 1640//1968 1639//1955 1744//1969
f 1744//1969 1639//1955 3244//1967
f 1643//1970 1742//1971 1641//1972
f 1641//1972 1642//1973 1643//1970
f 1743//1974 1642//1973 1641//1972
f 1643//1970 1644//1975 1742//1971
f 1645//1976 1644//1975 1643//1970
f 1645//1976 1643//1970 1642//1973
f 1642//1973 1646//1966 1645//1976
f 1647//1965 1646//1966 1642//1973
f 3244//1967 1647//1965 1743//1974
f 1743//1974 1647//1965 1642//1973
f 1648//1964 1645//1976 1646//1966
f 1648//1964 1635//1962 1645//1976
f 1649//1977 1650//1978 1740//1979
f 7153//1980 3249//1981 1650//1978
f 7153//1980 3267//1982 3249//1981
f 1738//1983 7153//1980 1650//1978
f 1662//1984 1738//1983 1650//1978
f 1664//1935 1662//1984 1649//1977
f 1664//1935 1649//1977 1661//1985
f 1664//1935 1661//1985 1651//1986
f 1651//1986 1661//1985 1660//1987
f 1652//1936 1664//1935 1651//1986
f 1652//1936 1651//1986 1653//1988
f 1652//1936 1653//1988 1654//1939
f 1653//1988 1655//1989 1654//1939
f 1656//1990 1655//1989 1653//1988
f 1619//1940 1655//1989 1657//1991
f 1631//1944 1619//1940 1657//1991
f 1620//1941 1619//1940 1631//1944
f 1657//1991 1656//1990 1632//1958
f 1657//1991 1632//1958 1637//1957
f 1657//1991 1637//1957 1631//1944
f 1658//1992 1633//1960 1632//1958
f 1658//1992 1634//1961 1633//1960
f 1659//1993 1634//1961 1658//1992
f 1653//1988 1659//1993 1658//1992
f 1653//1988 1658//1992 1656//1990
f 1658//1992 1632//1958 1656//1990
f 1655//1989 1656//1990 1657//1991
f 1660//1987 1659//1993 1653//1988
f 1660//1987 1661//1985 1634//1961
f 1660//1987 1634//1961 1659//1993
f 1661//1985 1741//1963 1634//1961
f 1661//1985 1649//1977 1741//1963
f 1662//1984 1650//1978 1649//1977
f 1654//1939 1655//1989 1618//1491
f 1655//1989 1619//1940 1618//1491
f 1651//1986 1660//1987 1653//1988
f 7406//1931 1664//1935 1612//1932
f 7406//1931 1663//1994 1664//1935
f 1663//1994 1665//1995 1738//1983
f 1663//1994 1738//1983 1662//1984
f 1664//1935 1663//1994 1662//1984
f 1666//1930 1737//1996 1665//1995
f 1667//1927 1696//1929 1608//1928
f 1667//1927 1695//1997 1696//1929
f 1607//1523 1668//1998 1667//1927
f 1668//1998 1607//1523 1669//1524
f 1673//1999 1668//1998 1669//1524
f 1670//1926 1673//1999 1669//1524
f 1672//2000 1673//1999 1670//1926
f 1670//1926 1600//1924 1672//2000
f 1671//1925 1600//1924 1670//1926
f 1599//1922 1672//2000 1600//1924
f 1673//1999 1672//2000 1674//2001
f 1674//2001 1668//1998 1673//1999
f 1668//1998 1674//2001 1667//1927
f 1667//1927 1674//2001 1675//2002
f 1677//2003 1675//2002 1674//2001
f 1677//2003 1692//2004 1675//2002
f 1678//2005 1677//2003 1676//2006
f 1688//2007 1677//2003 1678//2005
f 1677//2003 1688//2007 1692//2004
f 1692//2004 1693//2008 1698//2009
f 1680//1923 1679//2010 1678//2005
f 1680//1923 1681//1921 1679//2010
f 1687//2011 1681//1921 1682//2012
f 1687//2011 1679//2010 1681//1921
f 1682//2012 1681//1921 1683//1920
f 1682//2012 1683//1920 1685//1909
f 1685//1909 1683//1920 1684//1914
f 1685//1909 1684//1914 1592//1916
f 7405//2013 1682//2012 1685//1909
f 1686//2014 1682//2012 7405//2013
f 1708//2015 1687//2011 1686//2014
f 1707//2016 1708//2015 1686//2014
f 1708//2015 1709//2017 1687//2011
f 1679//2010 1687//2011 1709//2017
f 1709//2017 1689//2018 1678//2005
f 1709//2017 1678//2005 1679//2010
f 1689//2018 1688//2007 1678//2005
f 1691//2019 1688//2007 1689//2018
f 1690//2020 1691//2019 1689//2018
f 1690//2020 1701//2021 1700//2022
f 1690//2020 1700//2022 1691//2019
f 1691//2019 1700//2022 1692//2004
f 1688//2007 1691//2019 1692//2004
f 1692//2004 1700//2022 1693//2008
f 1700//2022 7151//2023 1693//2008
f 1693//2008 7151//2023 1698//2009
f 1692//2004 1698//2009 1694//2024
f 1692//2004 1694//2024 1675//2002
f 1675//2002 1694//2024 1695//1997
f 1694//2024 1697//2025 1695//1997
f 1695//1997 1697//2025 1696//1929
f 1696//1929 1697//2025 1666//1930
f 1697//2025 1737//1996 1666//1930
f 1694//2024 1698//2009 1697//2025
f 1697//2025 1699//2026 1736//2027
f 1698//2009 1699//2026 1697//2025
f 7151//2023 3739//2028 1699//2026
f 1700//2022 1735//2029 7151//2023
f 1701//2021 1702//2030 1735//2029
f 1701//2021 1735//2029 1700//2022
f 1690//2020 1702//2030 1701//2021
f 1703//2031 1702//2030 1690//2020
f 1704//2032 1703//2031 1690//2020
f 1704//2032 1690//2020 1689//2018
f 1705//2033 1704//2032 1689//2018
f 1706//2034 1705//2033 1707//2016
f 1708//2015 1707//2016 1705//2033
f 1708//2015 1705//2033 1709//2017
f 1705//2033 1689//2018 1709//2017
f 7404//2035 1711//1906 1710//2036
f 1710//2036 1711//1906 1713//2037
f 1712//1902 1711//1906 1587//1903
f 1714//2038 1711//1906 1712//1902
f 1714//2038 1713//2037 1711//1906
f 1713//2037 1714//2038 1715//2039
f 1715//2039 1721//2040 1724//2041
f 1715//2039 1716//2042 1721//2040
f 1716//2042 1715//2039 1714//2038
f 1716//2042 1719//2043 1721//2040
f 1716//2042 1717//1901 1719//2043
f 1717//1901 1718//1900 1720//2044
f 1717//1901 1720//2044 1719//2043
f 1719//2043 1720//2044 3785//2045
f 1719//2043 3785//2045 1721//2040
f 1721//2040 3775//2046 1722//2047
f 1722//2047 3774//2048 1723//2049
f 1724//2041 1722//2047 1723//2049
f 1722//2047 1724//2041 1721//2040
f 1723//2049 1704//2032 1724//2041
f 1704//2032 1725//2050 1703//2031
f 1723//2049 1725//2050 1704//2032
f 1724//2041 1704//2032 1706//2034
f 1706//2034 1704//2032 1705//2033
f 1725//2050 1726//2051 1703//2031
f 1723//2049 3773//2052 1725//2050
f 3774//2048 3773//2052 1723//2049
f 3773//2052 1730//2053 1729//2054
f 3773//2052 1729//2054 1725//2050
f 1725//2050 1728//2055 1726//2051
f 1725//2050 1729//2054 1728//2055
f 1702//2030 1703//2031 1726//2051
f 1702//2030 1726//2051 1727//2056
f 1728//2055 1733//2057 1727//2056
f 1733//2057 7403//2058 1727//2056
f 7403//2058 1702//2030 1727//2056
f 1728//2055 1731//2059 1733//2057
f 1729//2054 3831//2060 3770//2061
f 1729//2054 3770//2061 1731//2059
f 1726//2051 1728//2055 1727//2056
f 1729//2054 1731//2059 1728//2055
f 1730//2053 3831//2060 1729//2054
f 1730//2053 3830//2062 3831//2060
f 3770//2061 3758//2063 1732//2064
f 1731//2059 3770//2061 1732//2064
f 1732//2064 3758//2063 3759//2065
f 1733//2057 1732//2064 3759//2065
f 1735//2029 1734//2066 3747//2067
f 7151//2023 3747//2067 3746//2068
f 1699//2026 3739//2028 1736//2027
f 1736//2027 3739//2028 3742//2069
f 3740//2070 1736//2027 3742//2069
f 1737//1996 1738//1983 1665//1995
f 1737//1996 3740//2070 1738//1983
f 3740//2070 3738//2071 1738//1983
f 1738//1983 3738//2071 1739//2072
f 1738//1983 1739//2072 7153//1980
f 3738//2071 7152//2073 1739//2072
f 1739//2072 7152//2073 7153//1980
f 1740//1979 3249//1981 3250//2074
f 1740//1979 3250//2074 1741//1963
f 1635//1962 1741//1963 1644//1975
f 1644//1975 1741//1963 3251//2075
f 1741//1963 3250//2074 3251//2075
f 1644//1975 3248//2076 1742//1971
f 3245//2077 1641//1972 1742//1971
f 1742//1971 3247//2078 3245//2077
f 1743//1974 1641//1972 3245//2077
f 1743//1974 3245//2077 3246//2079
f 1743//1974 3246//2079 3244//1967
f 3243//2080 1744//1969 3244//1967
f 1745//1952 1640//1968 1744//1969
f 1745//1952 3242//2081 1746//2082
f 1746//2082 1747//1951 1745//1952
f 1746//2082 1748//1949 1747//1951
f 1748//1949 1746//2082 1749//1950
f 3273//2083 1746//2082 3242//2081
f 1746//2082 3273//2083 1749//1950
f 1750//2084 1752//1434 1749//1950
f 1749//1950 3241//2085 1750//2084
f 3273//2083 3241//2085 1749//1950
f 1752//1434 1750//2084 3240//2086
f 1131//1432 1757//1433 1753//2087
f 1753//2087 1754//2088 1131//1432
f 1754//2088 7402//1383 1131//1432
f 7402//1383 1754//2088 1077//1368
f 1755//1382 7402//1383 1077//1368
f 1096//1381 1755//1382 1092//1377
f 1092//1377 1081//1372 1091//1376
f 1091//1376 1081//1372 1089//1373
f 1081//1372 1079//1369 1080//1371
f 1077//1368 1079//1369 1755//1382
f 1759//1366 1077//1368 1754//2088
f 1760//1365 1075//1325 1759//1366
f 1761//1363 1757//1433 1758//1431
f 1751//1435 1761//1363 1758//1431
f 1753//2087 1757//1433 1760//1365
f 1753//2087 1759//1366 1754//2088
f 1753//2087 1760//1365 1759//1366
f 1760//1365 1757//1433 1756//1364
f 1756//1364 1757//1433 1761//1363
f 1752//1434 3240//2086 1751//1435
f 1751//1435 1762//2089 1761//1363
f 3240//2086 1763//2090 1762//2089
f 3232//2091 1762//2089 1763//2090
f 7400//1362 1770//2092 1073//1361
f 1770//2092 7401//2093 1073//1361
f 7401//2093 1764//1360 1073//1361
f 1768//2094 1764//1360 7401//2093
f 1764//1360 1768//2094 1765//1359
f 1768//2094 1766//2095 1765//1359
f 1766//2095 1767//2096 1810//2097
f 1768//2094 1767//2096 1766//2095
f 1767//2096 1768//2094 1769//2098
f 1774//2099 1767//2096 1769//2098
f 1770//2092 1769//2098 7401//2093
f 1770//2092 7235//2100 1769//2098
f 1771//2101 7235//2100 1770//2092
f 1771//2101 3231//2102 7235//2100
f 7235//2100 1772//2103 1769//2098
f 1772//2103 1773//2104 1769//2098
f 1777//2105 1773//2104 1772//2103
f 1773//2104 1777//2105 1774//2099
f 1774//2099 1777//2105 1775//2106
f 1777//2105 1776//2107 1775//2106
f 7236//2108 1825//2109 1777//2105
f 7236//2108 1780//2110 1825//2109
f 1780//2110 7236//2108 1778//2111
f 1779//2112 1778//2111 7236//2108
f 3231//2102 7237//2113 1779//2112
f 1779//2112 7237//2113 1778//2111
f 7237//2113 1784//2114 1778//2111
f 1784//2114 1780//2110 1778//2111
f 1780//2110 1783//2115 1781//2116
f 1781//2116 1825//2109 1780//2110
f 1781//2116 1783//2115 1782//2117
f 1784//2114 1783//2115 1780//2110
f 1784//2114 1860//2118 1783//2115
f 1787//2119 1860//2118 1784//2114
f 1785//2120 1787//2119 1784//2114
f 1785//2120 1786//2121 1787//2119
f 1786//2121 1862//2122 1787//2119
f 1788//2123 1862//2122 1786//2121
f 1789//2124 1788//2123 1786//2121
f 1789//2124 3227//2125 1788//2123
f 3227//2125 1790//2126 1788//2123
f 3227//2125 3224//2127 1790//2126
f 3224//2127 7240//2128 1790//2126
f 7240//2128 3221//2129 1793//2130
f 7240//2128 1793//2130 1791//2131
f 7240//2128 1791//2131 1792//2132
f 1794//2133 1791//2131 1793//2130
f 1794//2133 1793//2130 7243//2134
f 1795//2135 1794//2133 7243//2134
f 1796//2136 1795//2135 1887//2137
f 1797//2138 1880//2139 1798//1352
f 1878//2140 1063//1350 1879//2141
f 1798//1352 1879//2141 1063//1350
f 1837//2142 1798//1352 1799//1340
f 1801//1353 1837//2142 1799//1340
f 1800//2143 1838//2144 1837//2142
f 1800//2143 1837//2142 1801//1353
f 1800//2143 1803//1354 1802//2145
f 1803//1354 1800//2143 1801//1353
f 1803//1354 1066//1355 1804//2146
f 1813//2147 1803//1354 1804//2146
f 1806//1357 1813//2147 1804//2146
f 1806//1357 1804//2146 1805//1356
f 1805//1356 1804//2146 1066//1355
f 1068//1334 1805//1356 1066//1355
f 1806//1357 1812//2148 1828//2149
f 1807//1358 1812//2148 1806//1357
f 1812//2148 1807//1358 1809//2150
f 1766//2095 1809//2150 1765//1359
f 1765//1359 1809//2150 1807//1358
f 1766//2095 1810//2097 1809//2150
f 1767//2096 1775//2106 1810//2097
f 1774//2099 1775//2106 1767//2096
f 1773//2104 1774//2099 1769//2098
f 1811//2151 1810//2097 1775//2106
f 1812//2148 1811//2151 1776//2107
f 1813//2147 1815//2152 1802//2145
f 1828//2149 1815//2152 1813//2147
f 1802//2145 1815//2152 1839//2153
f 1815//2152 1814//2154 1839//2153
f 1815//2152 1816//2155 1848//2156
f 1848//2156 1814//2154 1815//2152
f 1848//2156 1816//2155 1821//2157
f 1821//2157 1816//2155 1820//2158
f 1817//2159 1816//2155 1815//2152
f 1817//2159 1818//2160 1816//2155
f 1816//2155 1818//2160 1820//2158
f 1818//2160 1824//2161 1823//2162
f 1819//2163 1818//2160 1823//2162
f 1818//2160 1826//2164 1824//2161
f 1817//2159 1826//2164 1818//2160
f 1820//2158 1818//2160 1819//2163
f 1821//2157 1820//2158 1822//2165
f 1823//2162 1846//2166 1822//2165
f 1823//2162 1852//2167 1846//2166
f 1820//2158 1823//2162 1822//2165
f 1824//2161 1782//2117 1852//2167
f 1824//2161 1852//2167 1823//2162
f 1781//2116 1782//2117 1824//2161
f 1781//2116 1826//2164 1825//2109
f 1826//2164 1781//2116 1824//2161
f 1827//2168 1826//2164 1817//2159
f 1827//2168 1817//2159 1815//2152
f 1827//2168 1812//2148 1776//2107
f 1827//2168 1828//2149 1812//2148
f 1828//2149 1827//2168 1815//2152
f 1776//2107 1826//2164 1827//2168
f 1776//2107 1825//2109 1826//2164
f 1777//2105 1825//2109 1776//2107
f 1782//2117 1851//2169 1852//2167
f 1851//2169 1830//2170 1829//2171
f 1830//2170 1831//2172 1829//2171
f 1829//2171 1831//2172 1843//2173
f 1832//2174 1831//2172 1833//2175
f 1834//2176 1831//2172 1832//2174
f 1830//2170 1833//2175 1831//2172
f 1834//2176 1836//2177 1841//2178
f 1841//2178 1831//2172 1834//2176
f 1836//2177 1834//2176 1835//2179
f 1835//2179 1838//2144 1836//2177
f 1838//2144 1835//2179 1797//2138
f 1838//2144 1797//2138 1837//2142
f 1797//2138 1798//1352 1837//2142
f 1802//2145 1839//2153 1838//2144
f 1838//2144 1800//2143 1802//2145
f 1838//2144 1839//2153 1842//2180
f 1839//2153 1814//2154 1842//2180
f 1842//2180 1814//2154 1848//2156
f 1840//2181 1836//2177 1842//2180
f 1848//2156 1840//2181 1842//2180
f 1841//2178 1836//2177 1840//2181
f 1836//2177 1838//2144 1842//2180
f 1843//2173 1831//2172 1841//2178
f 1844//2182 1843//2173 1841//2178
f 1829//2171 1843//2173 1845//2183
f 1845//2183 1843//2173 1844//2182
f 1846//2166 1845//2183 1856//2184
f 1846//2166 1829//2171 1845//2183
f 1845//2183 1844//2182 1858//2185
f 1847//2186 1858//2185 1844//2182
f 1847//2186 1844//2182 1840//2181
f 1821//2157 1850//2187 1847//2186
f 1848//2156 1847//2186 1840//2181
f 1821//2157 1847//2186 1848//2156
f 1850//2187 1849//2188 1847//2186
f 1849//2188 1850//2187 1846//2166
f 1822//2165 1846//2166 1850//2187
f 1822//2165 1850//2187 1821//2157
f 1852//2167 1851//2169 1846//2166
f 1851//2169 1829//2171 1846//2166
f 1849//2188 1846//2166 1856//2184
f 1847//2186 1849//2188 1853//2189
f 1854//2190 1853//2189 1849//2188
f 1849//2188 1856//2184 1854//2190
f 1854//2190 1855//2191 1853//2189
f 1847//2186 1855//2191 1858//2185
f 1855//2191 1847//2186 1853//2189
f 1858//2185 1856//2184 1845//2183
f 1857//2192 1855//2191 1856//2184
f 1856//2184 1858//2185 1857//2192
f 1855//2191 1857//2192 1859//2193
f 1858//2185 1855//2191 1859//2193
f 1858//2185 1859//2193 1857//2192
f 1854//2190 1856//2184 1855//2191
f 1841//2178 1840//2181 1844//2182
f 1796//2136 1887//2137 1835//2179
f 1834//2176 1796//2136 1835//2179
f 1835//2179 1887//2137 1797//2138
f 1834//2176 1832//2174 1796//2136
f 1832//2174 1795//2135 1796//2136
f 1832//2174 1794//2133 1795//2135
f 1832//2174 1860//2118 1861//2194
f 1832//2174 1861//2194 1794//2133
f 1833//2175 1860//2118 1832//2174
f 1783//2115 1860//2118 1833//2175
f 1833//2175 1830//2170 1782//2117
f 1782//2117 1783//2115 1833//2175
f 1782//2117 1830//2170 1851//2169
f 1787//2119 1861//2194 1860//2118
f 1862//2122 1861//2194 1787//2119
f 1861//2194 1791//2131 1794//2133
f 1792//2132 1861//2194 1862//2122
f 1792//2132 1791//2131 1861//2194
f 1788//2123 1792//2132 1862//2122
f 1790//2126 1792//2132 1788//2123
f 1819//2163 1823//2162 1820//2158
f 1803//1354 1813//2147 1802//2145
f 1809//2150 1811//2151 1812//2148
f 1809//2150 1810//2097 1811//2151
f 1775//2106 1776//2107 1811//2151
f 1806//1357 1808//1330 1807//1358
f 1806//1357 1828//2149 1813//2147
f 1063//1350 1878//2140 1863//1351
f 1863//1351 1878//2140 1864//2195
f 1061//1347 1062//1346 1864//2195
f 1062//1346 1863//1351 1864//2195
f 1061//1347 1864//2195 1865//1349
f 1865//1349 1864//2195 1876//2196
f 1876//2196 1866//1348 1865//1349
f 1867//1225 1875//2197 964//1224
f 1867//1225 964//1224 965//1213
f 1875//2197 1874//2198 964//1224
f 1875//2197 1895//2199 1874//2198
f 1874//2198 1869//1221 964//1224
f 1868//1215 964//1224 1869//1221
f 1869//1221 1870//1222 1868//1215
f 960//1219 1870//1222 1869//1221
f 962//1218 1869//1221 1903//2200
f 1873//2201 1871//2202 1869//1221
f 1869//1221 1871//2202 1903//2200
f 1872//2203 1871//2202 1896//2204
f 1899//2205 1872//2203 1896//2204
f 1896//2204 1871//2202 1873//2201
f 1873//2201 1869//1221 1874//2198
f 1895//2199 1873//2201 1874//2198
f 1896//2204 1873//2201 1895//2199
f 7398//2206 1895//2199 1875//2197
f 1876//2196 7398//2206 1875//2197
f 1875//2197 1866//1348 1876//2196
f 1866//1348 1875//2197 1867//1225
f 1876//2196 1877//2207 7398//2206
f 7398//2206 1877//2207 1886//2208
f 1877//2207 1878//2140 1879//2141
f 1880//2139 1879//2141 1798//1352
f 1880//2139 1881//2209 1879//2141
f 1797//2138 1888//2210 1880//2139
f 1890//2211 1880//2139 1888//2210
f 1881//2209 1886//2208 1877//2207
f 1886//2208 1885//2212 1882//2213
f 1882//2213 1885//2212 1884//2214
f 1882//2213 1884//2214 1883//2215
f 1884//2214 1885//2212 7399//2216
f 1885//2212 1886//2208 1881//2209
f 1891//2217 1892//2218 1885//2212
f 1885//2212 1892//2218 7399//2216
f 1881//2209 1891//2217 1885//2212
f 1881//2209 1890//2211 1891//2217
f 1889//2219 7246//2220 1888//2210
f 1889//2219 1888//2210 1887//2137
f 1889//2219 7245//2221 7246//2220
f 7246//2220 1890//2211 1888//2210
f 7247//2222 1890//2211 7246//2220
f 7247//2222 1891//2217 1890//2211
f 7247//2222 7248//2223 1891//2217
f 1891//2217 7248//2223 1892//2218
f 7248//2223 7249//2224 7250//2225
f 1893//2226 7248//2223 7250//2225
f 7250//2225 7251//2227 1893//2226
f 1884//2214 7251//2227 1894//2228
f 1883//2215 1884//2214 1894//2228
f 1883//2215 1894//2228 1895//2199
f 1894//2228 1896//2204 1895//2199
f 1963//2229 1898//2230 1896//2204
f 1963//2229 1896//2204 1894//2228
f 1963//2229 1897//2231 1898//2230
f 1897//2231 7393//2232 1898//2230
f 7393//2232 1899//2205 1898//2230
f 7393//2232 1960//2233 1900//2234
f 7393//2232 1900//2234 1902//2235
f 1900//2234 1901//2236 1902//2235
f 7393//2232 1902//2235 1899//2205
f 1902//2235 1872//2203 1899//2205
f 1903//2200 1871//2202 1872//2203
f 1872//2203 1904//2237 1903//2200
f 1904//2237 1905//1220 1903//2200
f 1905//1220 1904//2237 1906//1206
f 1905//1220 1906//1206 944//1207
f 1904//2237 7395//2238 1906//1206
f 1904//2237 1901//2236 7395//2238
f 7395//2238 1931//2239 1907//1204
f 1907//1204 1931//2239 1929//2240
f 1907//1204 1923//2241 1908//1205
f 1923//2241 1909//1203 1908//1205
f 1909//1203 1923//2241 1910//2242
f 1910//2242 1911//2243 1909//1203
f 1910//2242 1912//2244 1911//2243
f 1921//2245 1912//2244 1922//2246
f 1914//2247 1913//2248 1921//2245
f 1913//2248 1915//2249 1919//2250
f 1913//2248 1914//2247 1915//2249
f 1914//2247 1940//2251 1917//1189
f 1916//1190 1914//2247 1917//1189
f 1914//2247 1916//1190 1915//2249
f 1940//2251 1920//1135 1917//1189
f 1915//2249 1916//1190 927//1191
f 1918//1201 1915//2249 927//1191
f 930//1193 1918//1201 927//1191
f 1918//1201 1919//2250 1915//2249
f 1911//2243 1919//2250 1918//1201
f 1909//1203 1911//2243 942//1200
f 1919//2250 1911//2243 1912//2244
f 1919//2250 1912//2244 1913//2248
f 1911//2243 1918//1201 942//1200
f 928//1131 930//1193 927//1191
f 1921//2245 1927//2252 1940//2251
f 1921//2245 1940//2251 1914//2247
f 1921//2245 1922//2246 1926//2253
f 1926//2253 1927//2252 1921//2245
f 1922//2246 1923//2241 1925//2254
f 1923//2241 1922//2246 1910//2242
f 1925//2254 1923//2241 1924//2255
f 1928//2256 1925//2254 1924//2255
f 1922//2246 1925//2254 1926//2253
f 1926//2253 1925//2254 1928//2256
f 1928//2256 1927//2252 1926//2253
f 1928//2256 1938//2257 1927//2252
f 1938//2257 1928//2256 1936//2258
f 1936//2258 1928//2256 1924//2255
f 1924//2255 1929//2240 1936//2258
f 1929//2240 1930//2259 1936//2258
f 1930//2259 1934//2260 1935//2261
f 1930//2259 1931//2239 1934//2260
f 1931//2239 1930//2259 1929//2240
f 1957//2262 1933//2263 1931//2239
f 1931//2239 1933//2263 1934//2260
f 1933//2263 1932//2264 1934//2260
f 1935//2261 1934//2260 1954//2265
f 1936//2258 1930//2259 1935//2261
f 1953//2266 1936//2258 1935//2261
f 1936//2258 1953//2266 1937//2267
f 1936//2258 1937//2267 1938//2257
f 1952//2268 1988//2269 1937//2267
f 1937//2267 1988//2269 1938//2257
f 1938//2257 1988//2269 1939//2270
f 1938//2257 1939//2270 1927//2252
f 1927//2252 1939//2270 1940//2251
f 1939//2270 1951//1187 1940//2251
f 1940//2251 925//1136 1920//1135
f 1940//2251 1951//1187 925//1136
f 1948//2271 1941//1188 1951//1187
f 1942//1185 1941//1188 1943//2272
f 1942//1185 1943//2272 2007//1186
f 1943//2272 1941//1188 1946//2273
f 1943//2272 1946//2273 1944//2274
f 1947//2275 1945//2276 1946//2273
f 1947//2275 1946//2273 1948//2271
f 1949//2277 1947//2275 1948//2271
f 1992//2278 1947//2275 1949//2277
f 1948//2271 1950//2279 1949//2277
f 1988//2269 1949//2277 1950//2279
f 2118//2280 1949//2277 1988//2269
f 1988//2269 1951//1187 1939//2270
f 1950//2279 1948//2271 1951//1187
f 1988//2269 1950//2279 1951//1187
f 1987//2281 1988//2269 1952//2268
f 1953//2266 1955//2282 1952//2268
f 1955//2282 1953//2266 1954//2265
f 1954//2265 1932//2264 1955//2282
f 1934//2260 1932//2264 1954//2265
f 1932//2264 1984//2283 1955//2282
f 1932//2264 1956//2284 1984//2283
f 1932//2264 1933//2263 1956//2284
f 1956//2284 1933//2263 1957//2262
f 1956//2284 1957//2262 1958//2285
f 1956//2284 1958//2285 1983//2286
f 1958//2285 1982//2287 1983//2286
f 1976//2288 1982//2287 1958//2285
f 1974//2289 1976//2288 1959//2290
f 1961//2291 1974//2289 1960//2233
f 1961//2291 1971//2292 1974//2289
f 1964//2293 1962//2294 7394//2295
f 7393//2232 1964//2293 7394//2295
f 1897//2231 1964//2293 7393//2232
f 1964//2293 1897//2231 1963//2229
f 1963//2229 7271//2296 1964//2293
f 7271//2296 1963//2229 1894//2228
f 1965//2297 1964//2293 7271//2296
f 1962//2294 1964//2293 1965//2297
f 1962//2294 1965//2297 1973//2298
f 1967//2299 1972//2300 1965//2297
f 1968//2301 1966//2302 1969//2303
f 1966//2302 3211//2304 1969//2303
f 1970//2305 1968//2301 1969//2303
f 1971//2292 1972//2300 1968//2301
f 1968//2301 1972//2300 1966//2302
f 1966//2302 1972//2300 1967//2299
f 1973//2298 1965//2297 1971//2292
f 1965//2297 1972//2300 1971//2292
f 1971//2292 3207//2306 1974//2289
f 1975//2307 1976//2288 1974//2289
f 1977//2308 1978//2309 1975//2307
f 1978//2309 1977//2308 2132//2310
f 1979//2311 1975//2307 1978//2309
f 1979//2311 1980//2312 1976//2288
f 1982//2287 1976//2288 1980//2312
f 1982//2287 1980//2312 1981//2313
f 1980//2312 2130//2314 1981//2313
f 2129//2315 1982//2287 1981//2313
f 1983//2286 1982//2287 2129//2315
f 7383//2316 1983//2286 2129//2315
f 1956//2284 1983//2286 7383//2316
f 7383//2316 1984//2283 1956//2284
f 1986//2317 1984//2283 7383//2316
f 7383//2316 1985//2318 1986//2317
f 7383//2316 2127//2319 1985//2318
f 2126//2320 2125//2321 1985//2318
f 1985//2318 2125//2321 1986//2317
f 1955//2282 1984//2283 1986//2317
f 1955//2282 1986//2317 1952//2268
f 2125//2321 1987//2281 1986//2317
f 1952//2268 1986//2317 1987//2281
f 2125//2321 2119//2322 1987//2281
f 1987//2281 2119//2322 1988//2269
f 2119//2322 2118//2280 1988//2269
f 2118//2280 1989//2323 1990//2324
f 1949//2277 1990//2324 1991//2325
f 1949//2277 2118//2280 1990//2324
f 1949//2277 1991//2325 1992//2278
f 1992//2278 1993//2326 1947//2275
f 1993//2326 1945//2276 1947//2275
f 1994//2327 1993//2326 7384//2328
f 1994//2327 7384//2328 7385//2329
f 7385//2329 1996//2330 1995//2331
f 1994//2327 7385//2329 1995//2331
f 7385//2329 2062//2332 1996//2330
f 1996//2330 2062//2332 1997//2333
f 1997//2333 2061//2334 1999//2335
f 1999//2335 2061//2334 1998//2336
f 1998//2336 2005//2337 1999//2335
f 1998//2336 2000//1182 2005//2337
f 1998//2336 2001//1180 2000//1182
f 2002//1179 2000//1182 2001//1180
f 2004//2338 2005//2337 2003//1183
f 2005//2337 2000//1182 2003//1183
f 2004//2338 2003//1183 922//1137
f 2009//2339 2005//2337 2004//2338
f 2009//2339 1999//2335 2005//2337
f 2009//2339 1996//2330 1997//2333
f 1995//2331 1996//2330 2006//2340
f 2006//2340 1944//2274 1995//2331
f 2006//2340 1943//2272 1944//2274
f 2009//2339 2007//1186 2006//2340
f 2007//1186 1943//2272 2006//2340
f 2007//1186 2009//2339 2008//2341
f 2009//2339 2004//2338 2008//2341
f 1996//2330 2009//2339 2006//2340
f 1944//2274 1946//2273 1995//2331
f 2009//2339 1997//2333 1999//2335
f 923//1184 2007//1186 2008//2341
f 923//1184 2008//2341 2004//2338
f 2004//2338 922//1137 923//1184
f 2001//1180 2010//2342 920//1144
f 920//1144 2010//2342 2011//1178
f 2010//2342 2060//2343 2011//1178
f 2060//2343 2012//1176 2011//1178
f 2061//2334 2060//2343 2010//2342
f 1998//2336 2061//2334 2010//2342
f 2059//2344 2013//1177 2060//2343
f 2060//2343 2013//1177 2012//1176
f 7392//2345 2014//2346 2013//1177
f 2015//1175 2013//1177 2014//2346
f 2014//2346 2037//2347 2015//1175
f 2015//1175 2039//2348 2016//1174
f 2039//2348 2036//2349 2016//1174
f 2016//1174 2036//2349 912//1165
f 911//1173 912//1165 2036//2349
f 911//1173 2036//2349 2019//2350
f 2017//1172 911//1173 2019//2350
f 2018//1170 2017//1172 2019//2350
f 2035//1171 2018//1170 2019//2350
f 2020//1169 2035//1171 2044//2351
f 2021//1159 2034//1168 2030//2352
f 2022//483 2029//2353 2023//482
f 2024//473 2023//482 2031//2354
f 2024//473 2031//2354 4638//2355
f 2023//482 2029//2353 2031//2354
f 2025//438 2026//334 2266//2356
f 272//432 274//436 2025//438
f 272//432 2025//438 2267//2357
f 2267//2357 2025//438 2266//2356
f 2270//433 272//432 2267//2357
f 2267//2357 2266//2356 2272//2358
f 2266//2356 2026//334 2265//329
f 2027//333 2028//332 2024//473
f 2029//2353 2021//1159 2031//2354
f 2031//2354 2021//1159 2030//2352
f 2031//2354 2030//2352 2033//2359
f 2031//2354 2033//2359 2032//2360
f 3095//2361 2031//2354 2032//2360
f 2032//2360 2089//2362 2273//2363
f 2032//2360 2033//2359 2089//2362
f 2030//2352 2081//2364 2033//2359
f 2030//2352 2046//2365 2081//2364
f 2034//1168 2046//2365 2030//2352
f 2034//1168 2047//2366 2046//2365
f 2034//1168 2020//1169 2047//2366
f 2020//1169 2045//2367 2047//2366
f 2020//1169 2044//2351 2045//2367
f 2035//1171 2043//2368 2044//2351
f 2043//2368 2035//1171 2041//2369
f 2035//1171 2036//2349 2041//2369
f 2019//2350 2036//2349 2035//1171
f 2036//2349 2040//2370 2041//2369
f 2039//2348 2040//2370 2036//2349
f 2037//2347 2039//2348 2015//1175
f 2014//2346 7392//2345 2037//2347
f 2038//2371 7392//2345 2054//2372
f 2038//2371 2037//2347 7392//2345
f 2038//2371 2039//2348 2037//2347
f 2038//2371 2040//2370 2039//2348
f 2041//2369 2040//2370 2038//2371
f 2041//2369 2038//2371 2042//2373
f 2041//2369 2042//2373 2043//2368
f 2042//2373 2050//2374 2043//2368
f 2043//2368 2051//2375 2044//2351
f 2050//2374 2051//2375 2043//2368
f 2051//2375 2049//2376 2045//2367
f 2044//2351 2051//2375 2045//2367
f 2045//2367 2049//2376 2048//2377
f 2047//2366 2045//2367 2048//2377
f 2046//2365 2047//2366 2081//2364
f 2047//2366 2048//2377 2080//2378
f 2081//2364 2047//2366 2080//2378
f 2048//2377 2049//2376 2073//2379
f 2048//2377 2073//2379 2074//2380
f 2050//2374 2073//2379 2051//2375
f 2073//2379 2049//2376 2051//2375
f 2052//2381 2050//2374 2042//2373
f 2053//2382 2052//2381 2042//2373
f 2070//2383 2052//2381 2053//2382
f 2042//2373 2038//2371 2053//2382
f 2068//2384 2070//2383 2053//2382
f 2053//2382 2054//2372 2068//2384
f 2067//2385 2054//2372 2056//2386
f 2056//2386 2055//2387 2067//2385
f 2057//2388 2055//2387 2056//2386
f 2065//2389 2058//2390 2055//2387
f 2057//2388 2065//2389 2055//2387
f 2063//2391 2065//2389 2060//2343
f 2065//2389 2059//2344 2060//2343
f 2057//2388 2059//2344 2065//2389
f 2059//2344 2057//2388 2013//1177
f 2057//2388 7392//2345 2013//1177
f 2063//2391 2060//2343 2061//2334
f 2062//2332 2063//2391 2061//2334
f 1997//2333 2062//2332 2061//2334
f 2062//2332 2105//2392 2063//2391
f 7387//2393 2064//2394 2063//2391
f 7387//2393 2063//2391 2105//2392
f 2065//2389 2064//2394 2058//2390
f 2058//2390 2064//2394 7388//2395
f 2058//2390 7388//2395 2066//2396
f 2066//2396 7388//2395 7390//2397
f 2067//2385 2058//2390 2066//2396
f 7391//2398 2067//2385 2066//2396
f 2067//2385 7391//2398 2068//2384
f 2054//2372 2067//2385 2068//2384
f 7391//2398 2069//2399 2068//2384
f 2098//2400 2071//2401 2099//2402
f 2071//2401 2069//2399 2099//2402
f 2070//2383 2069//2399 2071//2401
f 2071//2401 2098//2400 2097//2403
f 2097//2403 2096//2404 2071//2401
f 2072//2405 2052//2381 2070//2383
f 2052//2381 2072//2405 2050//2374
f 2073//2379 2050//2374 2072//2405
f 2076//2406 2073//2379 2072//2405
f 2075//2407 2073//2379 2076//2406
f 2075//2407 2074//2380 2073//2379
f 2077//2408 2078//2409 2075//2407
f 2074//2380 2075//2407 2078//2409
f 2076//2406 2077//2408 2075//2407
f 2096//2404 2094//2410 2076//2406
f 2094//2410 2077//2408 2076//2406
f 2078//2409 2083//2411 2079//2412
f 2082//2413 2080//2378 2079//2412
f 2080//2378 2074//2380 2079//2412
f 2048//2377 2074//2380 2080//2378
f 2081//2364 2080//2378 2082//2413
f 2033//2359 2081//2364 2089//2362
f 2089//2362 2082//2413 2088//2414
f 2081//2364 2082//2413 2089//2362
f 2088//2414 2079//2412 2087//2415
f 2082//2413 2079//2412 2088//2414
f 2079//2412 2083//2411 2087//2415
f 2083//2411 2086//2416 2087//2415
f 2083//2411 2085//2417 2086//2416
f 2083//2411 2084//2418 2085//2417
f 2078//2409 2077//2408 2083//2411
f 2083//2411 2077//2408 2084//2418
f 2084//2418 2091//2419 2085//2417
f 2090//2420 2086//2416 2085//2417
f 2275//2421 2086//2416 2090//2420
f 2087//2415 2086//2416 2275//2421
f 2274//2422 2088//2414 2087//2415
f 2274//2422 2087//2415 2396//2423
f 2273//2363 2089//2362 2274//2422
f 2089//2362 2088//2414 2274//2422
f 2396//2423 2087//2415 2275//2421
f 2397//2424 2090//2420 2264//2425
f 2264//2425 2090//2420 2085//2417
f 2264//2425 2085//2417 2091//2419
f 2264//2425 2091//2419 2259//2426
f 2092//2427 2259//2426 2091//2419
f 2259//2426 2092//2427 2261//2428
f 2094//2410 2261//2428 2092//2427
f 2094//2410 2093//2429 2261//2428
f 2204//2430 2260//2431 2093//2429
f 2204//2430 2093//2429 2095//2432
f 2095//2432 2093//2429 2097//2403
f 2097//2403 2093//2429 2096//2404
f 2097//2403 2098//2400 2203//2433
f 2101//2434 2100//2435 2102//2436
f 7382//2437 2199//2438 2200//2439
f 2199//2438 7382//2437 2103//2440
f 7382//2437 2104//2441 2103//2440
f 2104//2441 7389//2442 7388//2395
f 7387//2393 2104//2441 2064//2394
f 7386//2443 7387//2393 2105//2392
f 2110//2444 2106//2445 7386//2443
f 2106//2445 2110//2444 2108//2446
f 2103//2440 2106//2445 2199//2438
f 2106//2445 2107//2447 2199//2438
f 2107//2447 2106//2445 2108//2446
f 2109//2448 2108//2446 2110//2444
f 2109//2448 2110//2444 2111//2449
f 2167//2450 2109//2448 2111//2449
f 2113//2451 2167//2450 2112//2452
f 2167//2450 2114//2453 2112//2452
f 2167//2450 2111//2449 2114//2453
f 2114//2453 2111//2449 2115//2454
f 2111//2449 7386//2443 2115//2454
f 2115//2454 7386//2443 7384//2328
f 1993//2326 2115//2454 7384//2328
f 2114//2453 2115//2454 2116//2455
f 2112//2452 2114//2453 2116//2455
f 2115//2454 1989//2323 2116//2455
f 1989//2323 2117//2456 2116//2455
f 2119//2322 2117//2456 2118//2280
f 2120//2457 2117//2456 2119//2322
f 2124//2458 2120//2457 2119//2322
f 2124//2458 2119//2322 2125//2321
f 2120//2457 2121//2459 2117//2456
f 2170//2460 2121//2459 2124//2458
f 2124//2458 2121//2459 2120//2457
f 2171//2461 2124//2458 2122//2462
f 2171//2461 2170//2460 2124//2458
f 2175//2463 2171//2461 2122//2462
f 2124//2458 2123//2464 2122//2462
f 2181//2465 2123//2464 2126//2320
f 2126//2320 2123//2464 2124//2458
f 2126//2320 2124//2458 2125//2321
f 2182//2466 2126//2320 2127//2319
f 2127//2319 2126//2320 1985//2318
f 2182//2466 2127//2319 2128//2467
f 2129//2315 1981//2313 2128//2467
f 2128//2467 2127//2319 2129//2315
f 1981//2313 2130//2314 2128//2467
f 1979//2311 2130//2314 1980//2312
f 2131//2468 2130//2314 1979//2311
f 2130//2314 2131//2468 2182//2466
f 2128//2467 2130//2314 2182//2466
f 2184//2469 2131//2468 1978//2309
f 1978//2309 2132//2310 2184//2469
f 2184//2469 2132//2310 2185//2470
f 3208//2471 2132//2310 1977//2308
f 3208//2471 2133//2472 2132//2310
f 2133//2472 2185//2470 2132//2310
f 2134//2473 2185//2470 2133//2472
f 3202//2474 2134//2473 2133//2472
f 2136//2475 2135//2476 2134//2473
f 2196//2477 2136//2475 2137//2478
f 3202//2474 2194//2479 2137//2478
f 3202//2474 2137//2478 2136//2475
f 2138//2480 2194//2479 3202//2474
f 2138//2480 2139//2481 2195//2482
f 2194//2479 2138//2480 2195//2482
f 3201//2483 2142//2484 2139//2481
f 2195//2482 2139//2481 2142//2484
f 2140//2485 3201//2483 2139//2481
f 2141//2486 2142//2484 3201//2483
f 2142//2484 2141//2486 2143//2487
f 2141//2486 3199//2488 2143//2487
f 2143//2487 3199//2488 2360//2489
f 2361//2490 2143//2487 2360//2489
f 2143//2487 2144//2491 2142//2484
f 2146//2492 2145//2493 2144//2491
f 2143//2487 2146//2492 2144//2491
f 2147//2494 2363//2495 2148//2496
f 2146//2492 2363//2495 2147//2494
f 2148//2496 2363//2495 2149//2497
f 2363//2495 2353//2498 2149//2497
f 2149//2497 2353//2498 2150//2499
f 2150//2499 2151//2500 2149//2497
f 2191//2501 2151//2500 2152//2502
f 2352//2503 2153//2504 2152//2502
f 2154//2505 2153//2504 2352//2503
f 2351//2506 2154//2505 2352//2503
f 2154//2505 2156//2507 2155//2508
f 2154//2505 2157//2509 2156//2507
f 2345//2510 2157//2509 2154//2505
f 2351//2506 2345//2510 2154//2505
f 2345//2510 2347//2511 2157//2509
f 2157//2509 2347//2511 2158//2512
f 2159//2513 2157//2509 2158//2512
f 2349//2514 2159//2513 2158//2512
f 2349//2514 2160//2515 2159//2513
f 2160//2515 2161//2516 2159//2513
f 2160//2515 2162//2517 2161//2516
f 2160//2515 2350//2518 2162//2517
f 2162//2517 2350//2518 2163//2519
f 2350//2518 2164//2520 2163//2519
f 2165//2521 2163//2519 2164//2520
f 2213//2522 2166//2523 2164//2520
f 2164//2520 2166//2523 2165//2521
f 2165//2521 2166//2523 2197//2524
f 2109//2448 2165//2521 2197//2524
f 2168//2525 2165//2521 2109//2448
f 2168//2525 2109//2448 2167//2450
f 2168//2525 2169//2526 2165//2521
f 2163//2519 2169//2526 2172//2527
f 2172//2527 2169//2526 2170//2460
f 2170//2460 2169//2526 2113//2451
f 2169//2526 2167//2450 2113//2451
f 2175//2463 2173//2528 2171//2461
f 2173//2528 2172//2527 2171//2461
f 2171//2461 2172//2527 2170//2460
f 2172//2527 2173//2528 2156//2507
f 2156//2507 2173//2528 2176//2529
f 2176//2529 2173//2528 2175//2463
f 2175//2463 2122//2462 2123//2464
f 2123//2464 2174//2530 2175//2463
f 2175//2463 2174//2530 2177//2531
f 2175//2463 2177//2531 2176//2529
f 2155//2508 2176//2529 2177//2531
f 2190//2532 2153//2504 2178//2533
f 2188//2534 2190//2532 2178//2533
f 2179//2535 2188//2534 2178//2533
f 2178//2533 2180//2536 2179//2535
f 2155//2508 2177//2531 2180//2536
f 2178//2533 2155//2508 2180//2536
f 2174//2530 2180//2536 2177//2531
f 2181//2465 2180//2536 2174//2530
f 2182//2466 2179//2535 2180//2536
f 2126//2320 2182//2466 2180//2536
f 2180//2536 2181//2465 2126//2320
f 2187//2537 2179//2535 2183//2538
f 2183//2538 2179//2535 2182//2466
f 2184//2469 2187//2537 2183//2538
f 2131//2468 2184//2469 2183//2538
f 2186//2539 2184//2469 2185//2470
f 2186//2539 2187//2537 2184//2469
f 2135//2476 2186//2539 2185//2470
f 2135//2476 2187//2537 2186//2539
f 2188//2534 2187//2537 2135//2476
f 2187//2537 2188//2534 2179//2535
f 2190//2532 2188//2534 2189//2540
f 2154//2505 2178//2533 2153//2504
f 2154//2505 2155//2508 2178//2533
f 2191//2501 2153//2504 2190//2532
f 2153//2504 2191//2501 2152//2502
f 2191//2501 2148//2496 2149//2497
f 2149//2497 2151//2500 2191//2501
f 2191//2501 2192//2541 2148//2496
f 2189//2540 2192//2541 2191//2501
f 2192//2541 2147//2494 2148//2496
f 2193//2542 2147//2494 2192//2541
f 2193//2542 2192//2541 2189//2540
f 2146//2492 2193//2542 2145//2493
f 2193//2542 2136//2475 2145//2493
f 2136//2475 2196//2477 2145//2493
f 2196//2477 2194//2479 2195//2482
f 2194//2479 2196//2477 2137//2478
f 2196//2477 2195//2482 2142//2484
f 2142//2484 2144//2491 2196//2477
f 2196//2477 2144//2491 2145//2493
f 2146//2492 2147//2494 2193//2542
f 2135//2476 2136//2475 2193//2542
f 2193//2542 2189//2540 2135//2476
f 2191//2501 2190//2532 2189//2540
f 2189//2540 2188//2534 2135//2476
f 2134//2473 2135//2476 2185//2470
f 2182//2466 2131//2468 2183//2538
f 2155//2508 2156//2507 2176//2529
f 2123//2464 2181//2465 2174//2530
f 2161//2516 2162//2517 2172//2527
f 2161//2516 2156//2507 2159//2513
f 2172//2527 2156//2507 2161//2516
f 2167//2450 2169//2526 2168//2525
f 2162//2517 2163//2519 2172//2527
f 2169//2526 2163//2519 2165//2521
f 2108//2446 2197//2524 2107//2447
f 2108//2446 2109//2448 2197//2524
f 2107//2447 2197//2524 2198//2543
f 2199//2438 2198//2543 2200//2439
f 2210//2544 2201//2545 2200//2439
f 2210//2544 2209//2546 2201//2545
f 2209//2546 2207//2547 2201//2545
f 2202//2548 2201//2545 2207//2547
f 2205//2549 2202//2548 2207//2547
f 2202//2548 2205//2549 2203//2433
f 2203//2433 2100//2435 2202//2548
f 2095//2432 2203//2433 2204//2430
f 2204//2430 2203//2433 2205//2549
f 2204//2430 2205//2549 2257//2550
f 2204//2430 2257//2550 2260//2431
f 2257//2550 2205//2549 2206//2551
f 2206//2551 2256//2552 2257//2550
f 2207//2547 2208//2553 2206//2551
f 2209//2546 2208//2553 2207//2547
f 2248//2554 2208//2553 2209//2546
f 2214//2555 2210//2544 2212//2556
f 2209//2546 2210//2544 2214//2555
f 2211//2557 2212//2556 2210//2544
f 2211//2557 2210//2544 2198//2543
f 2198//2543 2210//2544 2200//2439
f 2211//2557 2198//2543 2166//2523
f 2198//2543 2197//2524 2166//2523
f 2213//2522 2211//2557 2166//2523
f 2212//2556 2211//2557 2213//2522
f 2212//2556 2213//2522 2214//2555
f 2209//2546 2214//2555 2216//2558
f 2217//2559 2216//2558 2215//2560
f 2216//2558 2214//2555 2215//2560
f 2251//2561 2217//2559 2224//2562
f 2217//2559 2218//2563 2224//2562
f 2217//2559 2223//2564 2218//2563
f 2215//2560 2223//2564 2217//2559
f 2222//2565 2223//2564 2215//2560
f 2215//2560 2213//2522 2219//2566
f 2222//2565 2215//2560 2219//2566
f 2214//2555 2213//2522 2215//2560
f 2219//2566 2213//2522 2164//2520
f 2219//2566 2164//2520 2350//2518
f 2219//2566 2350//2518 2220//2567
f 2220//2567 2227//2568 2221//2569
f 2227//2568 2220//2567 2228//2570
f 2227//2568 2226//2571 2221//2569
f 2225//2572 2221//2569 2226//2571
f 2219//2566 2221//2569 2222//2565
f 2221//2569 2223//2564 2222//2565
f 2225//2572 2223//2564 2221//2569
f 2223//2564 2225//2572 2218//2563
f 2218//2563 2225//2572 2224//2562
f 2224//2562 2225//2572 2255//2573
f 2225//2572 2226//2571 2255//2573
f 2255//2573 2226//2571 2236//2574
f 2234//2575 2236//2574 2226//2571
f 2234//2575 2226//2571 2227//2568
f 2231//2576 2234//2575 2227//2568
f 2231//2576 2227//2568 2228//2570
f 2231//2576 2228//2570 2229//2577
f 2232//2578 2229//2577 2230//2579
f 2232//2578 2231//2576 2229//2577
f 2232//2578 2233//2580 2338//2581
f 2232//2578 2230//2579 2233//2580
f 2232//2578 2234//2575 2231//2576
f 2232//2578 2338//2581 2234//2575
f 2235//2582 7378//2583 2331//2584
f 2235//2582 2328//2585 7378//2583
f 2237//2586 2236//2574 7378//2583
f 2328//2585 2237//2586 7378//2583
f 2383//2587 2238//2588 2237//2586
f 2325//2589 2239//2590 2238//2588
f 2323//2591 2239//2590 2324//2592
f 2239//2590 2241//2593 2242//2594
f 2243//2595 2242//2594 2244//2596
f 2246//2597 2245//2598 2244//2596
f 2296//2599 2245//2598 2246//2597
f 2247//2600 2245//2598 2296//2599
f 2248//2554 2244//2596 2245//2598
f 2248//2554 2245//2598 2247//2600
f 2249//2601 2243//2595 2248//2554
f 2243//2595 2244//2596 2248//2554
f 2217//2559 2249//2601 2248//2554
f 2248//2554 2209//2546 2216//2558
f 2217//2559 2248//2554 2216//2558
f 2250//2602 2249//2601 2217//2559
f 2252//2603 2250//2602 2251//2561
f 2252//2603 2251//2561 2224//2562
f 2252//2603 2224//2562 2255//2573
f 2252//2603 2253//2604 2250//2602
f 2254//2605 2253//2604 2238//2588
f 2238//2588 2242//2594 2254//2605
f 2242//2594 2238//2588 2239//2590
f 2253//2604 2249//2601 2250//2602
f 2243//2595 2249//2601 2253//2604
f 2254//2605 2243//2595 2253//2604
f 2238//2588 2253//2604 2237//2586
f 2253//2604 2252//2603 2237//2586
f 2252//2603 2255//2573 2237//2586
f 2237//2586 2255//2573 2236//2574
f 7378//2583 2236//2574 2234//2575
f 2251//2561 2250//2602 2217//2559
f 2247//2600 2208//2553 2248//2554
f 2247//2600 2296//2599 2295//2606
f 2247//2600 2295//2606 2208//2553
f 2256//2552 2206//2551 2208//2553
f 2295//2606 2256//2552 2208//2553
f 2292//2607 2256//2552 2295//2606
f 2292//2607 2257//2550 2256//2552
f 2292//2607 2258//2608 2257//2550
f 2258//2608 2259//2426 2257//2550
f 2259//2426 2260//2431 2257//2550
f 2261//2428 2260//2431 2259//2426
f 2263//2609 2259//2426 2258//2608
f 2263//2609 2262//2610 2259//2426
f 2291//2611 2263//2609 2258//2608
f 2287//2612 2288//2613 2263//2609
f 2288//2613 2262//2610 2263//2609
f 2262//2610 2264//2425 2259//2426
f 2289//2614 2397//2424 2264//2425
f 3109//2615 2032//2360 2273//2363
f 3109//2615 2273//2363 3094//2616
f 2266//2356 2265//329 2272//2358
f 2270//433 2267//2357 2271//2617
f 260//420 2268//427 259//419
f 260//420 2269//430 2268//427
f 261//422 262//424 2269//430
f 261//422 2269//430 260//420
f 259//419 2270//433 258//417
f 258//417 2270//433 2271//2617
f 258//417 2271//2617 2400//2618
f 258//417 2400//2618 257//414
f 2271//2617 2267//2357 2400//2618
f 2267//2357 2272//2358 2400//2618
f 2704//2619 2272//2358 3085//2620
f 2272//2358 2265//329 2027//333
f 3095//2361 2032//2360 3109//2615
f 2273//2363 2274//2422 3086//2621
f 3094//2616 2273//2363 3086//2621
f 3086//2621 2274//2422 2396//2423
f 3093//2622 2275//2421 2395//2623
f 2396//2423 2275//2421 3093//2622
f 2395//2623 2275//2421 2090//2420
f 2395//2623 2090//2420 2397//2424
f 2276//2624 2289//2614 7381//2625
f 2278//2626 2276//2624 7381//2625
f 2276//2624 2278//2626 2277//2627
f 2278//2626 2279//2628 2277//2627
f 2280//2629 2279//2628 2278//2626
f 2283//2630 2279//2628 2280//2629
f 2283//2630 2281//2631 2279//2628
f 2282//2632 2281//2631 2283//2630
f 2399//2633 2281//2631 2282//2632
f 2282//2632 2391//2634 2399//2633
f 2391//2634 2282//2632 3132//2635
f 3132//2635 2282//2632 2283//2630
f 2283//2630 2280//2629 2314//2636
f 2284//2637 2305//2638 2278//2626
f 2278//2626 2305//2638 2280//2629
f 2305//2638 2284//2637 2313//2639
f 2312//2640 2313//2639 2284//2637
f 2312//2640 2284//2637 7381//2625
f 2312//2640 7381//2625 2286//2641
f 2286//2641 2285//2642 2310//2643
f 7381//2625 2285//2642 2286//2641
f 2310//2643 2288//2613 2287//2612
f 2310//2643 2285//2642 2288//2613
f 2285//2642 2262//2610 2288//2613
f 2285//2642 2289//2614 2262//2610
f 2289//2614 2264//2425 2262//2610
f 7381//2625 2289//2614 2285//2642
f 2287//2612 2309//2644 2310//2643
f 2309//2644 2290//2645 2308//2646
f 2290//2645 2309//2644 2287//2612
f 2290//2645 2287//2612 2263//2609
f 2263//2609 2291//2611 2290//2645
f 2290//2645 2291//2611 2299//2647
f 2299//2647 2300//2648 2290//2645
f 2291//2611 2293//2649 2299//2647
f 2295//2606 2294//2650 2293//2649
f 2293//2649 2292//2607 2295//2606
f 2296//2599 2294//2650 2295//2606
f 2296//2599 2246//2597 2297//2651
f 2294//2650 2296//2599 2297//2651
f 2321//2652 2293//2649 2297//2651
f 2293//2649 2294//2650 2297//2651
f 2321//2652 2298//2653 2293//2649
f 2321//2652 2319//2654 2298//2653
f 2298//2653 2319//2654 2299//2647
f 2302//2655 2300//2648 2299//2647
f 2300//2648 2308//2646 2290//2645
f 2301//2656 2300//2648 2302//2655
f 2301//2656 2308//2646 2300//2648
f 2303//2657 2301//2656 2302//2655
f 2303//2657 2302//2655 2318//2658
f 2299//2647 2319//2654 2302//2655
f 2319//2654 2318//2658 2302//2655
f 2303//2657 2318//2658 2317//2659
f 2316//2660 2303//2657 2317//2659
f 2316//2660 2304//2661 2303//2657
f 2316//2660 2305//2638 2304//2661
f 2306//2662 2304//2661 2305//2638
f 2307//2663 7380//2664 2304//2661
f 2307//2663 2308//2646 7380//2664
f 2309//2644 2308//2646 2307//2663
f 2311//2665 2309//2644 2307//2663
f 2309//2644 2311//2665 2310//2643
f 2311//2665 2286//2641 2310//2643
f 2286//2641 2311//2665 2312//2640
f 2311//2665 2306//2662 2312//2640
f 2306//2662 2313//2639 2312//2640
f 2305//2638 2313//2639 2306//2662
f 2314//2636 2305//2638 2316//2660
f 2280//2629 2305//2638 2314//2636
f 2315//2666 2283//2630 2314//2636
f 2390//2667 2315//2666 3133//2668
f 3133//2668 2315//2666 2317//2659
f 2317//2659 2315//2666 2316//2660
f 3133//2668 2317//2659 2323//2591
f 2323//2591 2317//2659 2322//2669
f 2317//2659 2318//2658 2322//2669
f 2318//2658 2319//2654 2320//2670
f 2320//2670 2319//2654 2321//2652
f 2320//2670 2321//2652 2240//2671
f 2297//2651 2240//2671 2321//2652
f 2240//2671 2244//2596 2241//2593
f 2241//2593 2244//2596 2242//2594
f 2254//2605 2242//2594 2243//2595
f 2246//2597 2244//2596 2240//2671
f 2297//2651 2246//2597 2240//2671
f 2240//2671 2241//2593 2239//2590
f 2322//2669 2320//2670 2239//2590
f 2320//2670 2240//2671 2239//2590
f 2323//2591 2322//2669 2239//2590
f 7376//2672 2324//2592 2325//2589
f 3162//2673 2325//2589 2389//2674
f 2389//2674 2325//2589 2387//2675
f 2385//2676 2387//2675 2326//2677
f 2387//2675 2325//2589 2326//2677
f 2385//2676 2326//2677 2327//2678
f 2326//2677 2325//2589 2238//2588
f 2326//2677 2238//2588 2383//2587
f 2327//2678 2326//2677 2383//2587
f 2383//2587 2237//2586 2328//2585
f 2329//2679 2382//2680 2328//2585
f 2235//2582 2329//2679 2328//2585
f 2329//2679 2330//2681 7377//2682
f 7377//2682 2330//2681 2335//2683
f 2335//2683 2330//2681 2332//2684
f 2332//2684 2330//2681 2331//2584
f 2333//2685 2335//2683 2332//2684
f 2376//2686 2335//2683 2333//2685
f 2376//2686 2333//2685 2334//2687
f 2334//2687 2333//2685 2336//2688
f 2339//2689 2337//2690 2338//2581
f 2339//2689 2338//2581 2340//2691
f 2372//2692 2340//2691 2341//2693
f 2342//2694 2371//2695 2341//2693
f 2343//2696 2371//2695 2342//2694
f 2150//2499 2370//2697 2343//2696
f 2342//2694 2150//2499 2343//2696
f 2342//2694 2344//2698 2150//2499
f 2346//2699 2345//2510 2344//2698
f 2342//2694 2346//2699 2344//2698
f 2233//2580 2346//2699 2342//2694
f 2233//2580 2347//2511 2346//2699
f 2347//2511 2230//2579 2348//2700
f 2158//2512 2347//2511 2348//2700
f 2349//2514 2348//2700 2230//2579
f 2158//2512 2348//2700 2349//2514
f 2230//2579 2229//2577 2349//2514
f 2349//2514 2228//2570 2220//2567
f 2220//2567 2350//2518 2349//2514
f 2349//2514 2350//2518 2160//2515
f 2349//2514 2229//2577 2228//2570
f 2230//2579 2347//2511 2233//2580
f 2340//2691 2233//2580 2341//2693
f 2342//2694 2341//2693 2233//2580
f 2338//2581 2233//2580 2340//2691
f 2346//2699 2347//2511 2345//2510
f 2345//2510 2351//2506 2151//2500
f 2351//2506 2352//2503 2151//2500
f 2151//2500 2352//2503 2152//2502
f 2344//2698 2151//2500 2150//2499
f 2344//2698 2345//2510 2151//2500
f 2353//2498 2370//2697 2150//2499
f 2353//2498 2354//2701 2370//2697
f 2354//2701 2353//2498 2355//2702
f 2358//2703 2354//2701 2355//2702
f 2354//2701 2358//2703 2356//2704
f 2370//2697 2354//2701 2356//2704
f 2365//2705 2366//2706 2356//2704
f 2366//2706 2370//2697 2356//2704
f 2357//2707 2365//2705 2358//2703
f 2358//2703 2365//2705 2356//2704
f 2358//2703 2359//2708 2357//2707
f 2358//2703 2360//2489 2359//2708
f 2360//2489 2358//2703 2355//2702
f 2361//2490 2360//2489 2355//2702
f 2353//2498 2361//2490 2355//2702
f 2353//2498 2362//2709 2361//2490
f 2353//2498 2363//2495 2362//2709
f 2362//2709 2363//2495 2146//2492
f 2143//2487 2362//2709 2146//2492
f 2361//2490 2362//2709 2143//2487
f 3197//2710 3198//2711 2359//2708
f 2360//2489 3197//2710 2359//2708
f 2359//2708 3198//2711 3194//2712
f 2359//2708 3194//2712 2357//2707
f 2357//2707 3194//2712 2364//2713
f 2357//2707 2364//2713 2365//2705
f 2365//2705 2364//2713 7273//2714
f 2365//2705 7273//2714 2366//2706
f 7273//2714 2367//2715 2366//2706
f 7273//2714 3188//2716 2367//2715
f 2368//2717 2367//2715 3188//2716
f 3188//2716 2369//2718 2368//2717
f 2371//2695 2343//2696 2368//2717
f 2343//2696 2367//2715 2368//2717
f 2366//2706 2367//2715 2343//2696
f 2366//2706 2343//2696 2370//2697
f 2371//2695 2368//2717 2372//2692
f 2372//2692 2368//2717 2369//2718
f 2372//2692 2369//2718 2373//2719
f 2372//2692 2373//2719 2339//2689
f 2339//2689 2340//2691 2372//2692
f 2373//2719 2374//2720 2339//2689
f 2373//2719 3186//2721 2374//2720
f 2339//2689 2374//2720 2337//2690
f 2337//2690 2374//2720 2336//2688
f 2375//2722 2374//2720 3186//2721
f 2375//2722 3186//2721 3185//2723
f 2334//2687 2374//2720 2375//2722
f 2374//2720 2334//2687 2336//2688
f 2376//2686 2375//2722 3185//2723
f 2376//2686 2334//2687 2375//2722
f 3184//2724 2376//2686 3185//2723
f 2376//2686 3184//2724 3183//2725
f 3182//2726 2377//2727 3183//2725
f 3181//2728 2377//2727 3182//2726
f 3181//2728 2378//2729 2377//2727
f 3181//2728 2379//2730 2378//2729
f 3180//2731 2379//2730 3181//2728
f 2380//2732 2378//2729 2379//2730
f 2381//2733 2378//2729 2380//2732
f 2382//2680 2381//2733 2380//2732
f 2382//2680 2329//2679 2381//2733
f 2383//2587 2382//2680 2380//2732
f 2383//2587 2384//2734 2327//2678
f 2379//2730 3179//2735 2384//2734
f 2384//2734 3179//2735 2327//2678
f 2327//2678 3179//2735 2385//2676
f 2385//2676 3179//2735 2386//2736
f 2387//2675 2385//2676 2386//2736
f 2387//2675 2386//2736 2388//2737
f 2387//2675 2388//2737 2389//2674
f 3161//2738 2388//2737 3432//2739
f 2389//2674 2388//2737 3161//2738
f 3161//2738 3162//2673 2389//2674
f 3160//2740 3133//2668 7376//2672
f 2315//2666 3132//2635 2283//2630
f 2390//2667 3132//2635 2315//2666
f 2391//2634 3127//2741 2392//2742
f 2392//2742 3127//2741 2393//2743
f 2392//2742 2393//2743 2394//2744
f 3089//2745 3088//2746 2398//2747
f 2398//2747 2394//2744 3089//2745
f 3098//2748 2395//2623 3088//2746
f 3098//2748 3093//2622 2395//2623
f 3086//2621 2396//2423 3087//2749
f 3087//2749 2396//2423 3093//2622
f 3088//2746 2395//2623 2397//2424
f 3088//2746 2397//2424 2276//2624
f 2397//2424 2289//2614 2276//2624
f 2281//2631 2398//2747 2276//2624
f 2398//2747 3088//2746 2276//2624
f 2398//2747 2399//2633 2392//2742
f 2394//2744 2398//2747 2392//2742
f 2392//2742 2399//2633 2391//2634
f 2398//2747 2281//2631 2399//2633
f 2281//2631 2276//2624 2277//2627
f 3096//2750 2031//2354 3095//2361
f 3097//2751 2031//2354 3096//2750
f 2272//2358 2027//333 3085//2620
f 2704//2619 3085//2620 4638//2355
f 2400//2618 2272//2358 2704//2619
f 2400//2618 2704//2619 2401//2752
f 2401//2752 2704//2619 2705//2753
f 2402//415 2400//2618 2401//2752
f 2402//415 2401//2752 2703//2754
f 2701//2755 2402//415 2703//2754
f 2403//2756 2402//415 2701//2755
f 2405//2757 2404//412 2403//2756
f 2405//2757 2406//2758 2404//412
f 2404//412 2402//415 2403//2756
f 2406//2758 254//410 2404//412
f 2699//2759 2405//2757 2403//2756
f 2699//2759 2403//2756 2701//2755
f 2698//2760 2405//2757 2699//2759
f 2405//2757 2698//2760 2406//2758
f 2698//2760 2697//2761 2406//2758
f 2697//2761 2696//2762 2406//2758
f 2696//2762 253//409 2406//2758
f 2696//2762 2409//2763 253//409
f 2406//2758 253//409 254//410
f 253//409 2409//2763 2408//408
f 2408//408 2409//2763 2695//2764
f 2410//2765 2408//408 2695//2764
f 2410//2765 2695//2764 2411//2766
f 2425//2767 2411//2766 2695//2764
f 2425//2767 2424//2768 2423//2769
f 2411//2766 2425//2767 2423//2769
f 2412//401 2411//2766 2426//2770
f 2412//401 2422//2771 2413//402
f 2422//2771 2415//389 2413//402
f 2413//402 235//390 2414//399
f 2415//389 235//390 2413//402
f 2413//402 2414//399 247//398
f 2414//399 235//390 237//391
f 2414//399 237//391 246//397
f 2417//2772 233//387 2415//389
f 2417//2772 2415//389 2420//2773
f 2420//2773 2415//389 2422//2771
f 2416//2774 2418//388 233//387
f 2418//388 2416//2774 2419//2775
f 2416//2774 2448//2776 2419//2775
f 2417//2772 2421//2777 2448//2776
f 2416//2774 2417//2772 2448//2776
f 2448//2776 2421//2777 2443//2778
f 2443//2778 2421//2777 2444//2779
f 2421//2777 2417//2772 2420//2773
f 2421//2777 2420//2773 2422//2771
f 2421//2777 2422//2771 2426//2770
f 2426//2770 2422//2771 2412//401
f 2426//2770 2411//2766 2423//2769
f 2693//2780 2425//2767 2713//2781
f 2693//2780 2424//2768 2425//2767
f 2428//2782 2424//2768 2693//2780
f 2423//2769 2424//2768 2428//2782
f 2423//2769 2428//2782 2426//2770
f 2428//2782 2427//2783 2426//2770
f 2429//2784 2427//2783 2428//2782
f 2694//2785 2430//2786 2429//2784
f 2428//2782 2694//2785 2429//2784
f 2431//2787 2430//2786 2691//2788
f 2431//2787 2429//2784 2430//2786
f 2431//2787 2432//2789 2433//2790
f 2687//2791 2433//2790 2688//2792
f 2688//2792 2433//2790 2432//2789
f 2687//2791 2686//2793 2433//2790
f 2686//2793 2434//2794 2433//2790
f 2434//2794 2435//2795 2433//2790
f 2436//2796 2433//2790 2435//2795
f 2434//2794 2437//2797 2435//2795
f 2437//2797 2438//2798 2435//2795
f 2438//2798 2437//2797 2684//2799
f 2438//2798 2528//2800 2439//2801
f 2438//2798 2439//2801 2435//2795
f 2528//2800 2440//2802 2439//2801
f 2440//2802 2447//2803 2439//2801
f 2441//2804 2440//2802 2527//2805
f 2440//2802 2441//2804 2447//2803
f 2447//2803 2441//2804 2442//2806
f 2443//2778 2442//2806 2441//2804
f 2442//2806 2443//2778 2444//2779
f 2427//2783 2444//2779 2421//2777
f 2421//2777 2426//2770 2427//2783
f 2427//2783 2445//2807 2444//2779
f 2442//2806 2444//2779 2445//2807
f 2427//2783 2429//2784 2445//2807
f 2431//2787 2445//2807 2429//2784
f 2431//2787 2446//2808 2445//2807
f 2447//2803 2446//2808 2436//2796
f 2435//2795 2439//2801 2447//2803
f 2435//2795 2447//2803 2436//2796
f 2436//2796 2446//2808 2431//2787
f 2433//2790 2436//2796 2431//2787
f 2447//2803 2442//2806 2446//2808
f 2446//2808 2442//2806 2445//2807
f 2526//2809 2449//2810 2448//2776
f 2448//2776 2449//2810 2419//2775
f 2449//2810 2450//378 2418//388
f 2418//388 2419//2775 2449//2810
f 2418//388 2450//378 232//384
f 2450//378 2453//2811 226//376
f 7374//2812 2454//2813 2453//2811
f 2524//2814 7374//2812 2453//2811
f 2525//2815 2524//2814 2453//2811
f 7374//2812 2483//2816 2454//2813
f 2453//2811 2454//2813 2452//360
f 225//358 226//376 2452//360
f 226//376 2453//2811 2452//360
f 2454//2813 2455//2817 2452//360
f 2455//2817 2457//2818 2456//353
f 2457//2818 2487//2819 2468//352
f 2459//2820 2458//2821 2487//2819
f 2486//2822 2490//2823 2459//2820
f 2490//2823 2461//2824 2459//2820
f 2489//2825 2490//2823 2486//2822
f 2471//2826 2461//2824 2460//2827
f 2459//2820 2461//2824 2471//2826
f 2462//2828 2460//2827 2461//2824
f 2461//2824 2480//2829 2462//2828
f 2480//2829 2479//2830 2462//2828
f 2478//2831 2462//2828 2479//2830
f 2477//2832 2463//2833 2478//2831
f 2478//2831 2463//2833 2462//2828
f 2462//2828 2463//2833 2460//2827
f 2460//2827 2463//2833 2465//2834
f 2460//2827 2465//2834 2472//2835
f 2465//2834 2466//2836 2464//2837
f 2465//2834 2464//2837 2472//2835
f 2477//2832 2466//2836 2465//2834
f 2477//2832 2475//2838 2466//2836
f 2466//2836 2474//209 2464//2837
f 2474//209 2467//211 2464//2837
f 2464//2837 2467//211 2473//2839
f 2464//2837 2473//2839 2472//2835
f 2468//352 2473//2839 2467//211
f 2458//2821 2473//2839 2468//352
f 2457//2818 2468//352 2456//353
f 2455//2817 2456//353 2469//359
f 2469//359 7576//351 2470//350
f 2469//359 2470//350 212//354
f 2452//360 2455//2817 2469//359
f 2469//359 2456//353 7576//351
f 2458//2821 2468//352 2487//2819
f 2460//2827 2472//2835 2471//2826
f 2473//2839 2471//2826 2472//2835
f 2471//2826 2473//2839 2458//2821
f 2471//2826 2458//2821 2459//2820
f 114//207 2474//209 2466//2836
f 2475//2838 114//207 2466//2836
f 2505//208 114//207 2475//2838
f 2476//2840 2475//2838 2477//2832
f 2505//208 2475//2838 2502//2841
f 2502//2841 2475//2838 2476//2840
f 2502//2841 2476//2840 2501//2842
f 2501//2842 2476//2840 2477//2832
f 2501//2842 2477//2832 2478//2831
f 2479//2830 2501//2842 2478//2831
f 2479//2830 2480//2829 2497//2843
f 2497//2843 2498//2844 2479//2830
f 2514//2845 2497//2843 2481//2846
f 2481//2846 2497//2843 2480//2829
f 2481//2846 2515//2847 2514//2845
f 2496//2848 2515//2847 2481//2846
f 2496//2848 2481//2846 2482//2849
f 2496//2848 2482//2849 2484//2850
f 2496//2848 2484//2850 2494//2851
f 2495//2852 2496//2848 2494//2851
f 2483//2816 2491//2853 2492//2854
f 2484//2850 2483//2816 2492//2854
f 2494//2851 2484//2850 2492//2854
f 2484//2850 2482//2849 2485//2855
f 2482//2849 2489//2825 2485//2855
f 2485//2855 2489//2825 2486//2822
f 2486//2822 2487//2819 2488//2856
f 2485//2855 2486//2822 2488//2856
f 2487//2819 2457//2818 2488//2856
f 2455//2817 2488//2856 2457//2818
f 2454//2813 2488//2856 2455//2817
f 2483//2816 2488//2856 2454//2813
f 2483//2816 2484//2850 2488//2856
f 2484//2850 2485//2855 2488//2856
f 2490//2823 2482//2849 2481//2846
f 2482//2849 2490//2823 2489//2825
f 2480//2829 2490//2823 2481//2846
f 7374//2812 2491//2853 2483//2816
f 2522//2857 2491//2853 7374//2812
f 2522//2857 2521//2858 2491//2853
f 2521//2858 2492//2854 2491//2853
f 2493//2859 2492//2854 2521//2858
f 2494//2851 2493//2859 2517//2860
f 2492//2854 2493//2859 2494//2851
f 2495//2852 2515//2847 2496//2848
f 2517//2860 2515//2847 2495//2852
f 2514//2845 2513//2861 2497//2843
f 2513//2861 2498//2844 2497//2843
f 2543//2862 2498//2844 2513//2861
f 2512//2863 2499//2864 2498//2844
f 2511//2865 2500//2866 2499//2864
f 2498//2844 2499//2864 2500//2866
f 2500//2866 2479//2830 2498//2844
f 2500//2866 2501//2842 2479//2830
f 2502//2841 2501//2842 2503//2867
f 2511//2865 2503//2867 2501//2842
f 2509//2868 2503//2867 2511//2865
f 2502//2841 2503//2867 2504//2869
f 2504//2869 7375//204 2505//208
f 2504//2869 2505//208 2502//2841
f 2504//2869 2507//2870 7375//204
f 7375//204 2506//205 2505//208
f 2507//2870 2504//2869 2503//2867
f 2507//2870 2503//2867 2509//2868
f 2508//2871 2507//2870 2509//2868
f 2507//2870 2508//2871 111//203
f 111//203 2508//2871 110//201
f 2508//2871 106//197 110//201
f 106//197 108//198 110//201
f 2510//2872 106//197 2508//2871
f 2510//2872 2508//2871 2509//2868
f 2510//2872 2509//2868 2511//2865
f 103//193 106//197 2510//2872
f 105//195 106//197 103//193
f 103//193 2510//2872 102//191
f 102//191 2510//2872 2511//2865
f 2499//2864 102//191 2511//2865
f 2511//2865 2501//2842 2500//2866
f 2550//2873 2549//188 102//191
f 2550//2873 102//191 2512//2863
f 2551//2874 2550//2873 2512//2863
f 2551//2874 2512//2863 2542//2875
f 2541//2876 2551//2874 2542//2875
f 2542//2875 2512//2863 2498//2844
f 2543//2862 2542//2875 2498//2844
f 2513//2861 2534//2877 2543//2862
f 2514//2845 2534//2877 2513//2861
f 2516//2878 2534//2877 2514//2845
f 2514//2845 2515//2847 2516//2878
f 2653//2879 2534//2877 2516//2878
f 2653//2879 2516//2878 2654//2880
f 2654//2880 2516//2878 2533//2881
f 2533//2881 2517//2860 2518//2882
f 2533//2881 2516//2878 2517//2860
f 2519//2883 2533//2881 2518//2882
f 2518//2882 2493//2859 2520//2884
f 2518//2882 2520//2884 2519//2883
f 2519//2883 2520//2884 2530//2885
f 2520//2884 2521//2858 2530//2885
f 2520//2884 2493//2859 2521//2858
f 2656//2886 2522//2857 2523//2887
f 2656//2886 2521//2858 2522//2857
f 2524//2814 2525//2815 2523//2887
f 2526//2809 2523//2887 2525//2815
f 2526//2809 2525//2815 2449//2810
f 2441//2804 2526//2809 2448//2776
f 2527//2805 2526//2809 2441//2804
f 2526//2809 2527//2805 2529//2888
f 2527//2805 2528//2800 2529//2888
f 2528//2800 2527//2805 2440//2802
f 2526//2809 2529//2888 2657//2889
f 2526//2809 2657//2889 2656//2886
f 2656//2886 2523//2887 2526//2809
f 2531//2890 2530//2885 2656//2886
f 2530//2885 2521//2858 2656//2886
f 2531//2890 2519//2883 2530//2885
f 2531//2890 2532//2891 2519//2883
f 2533//2881 2532//2891 2654//2880
f 2653//2879 2536//2892 2534//2877
f 2536//2892 2535//2893 2534//2877
f 2632//2894 2537//2895 2536//2892
f 2537//2895 2538//2896 2536//2892
f 2630//2897 2538//2896 2537//2895
f 2630//2897 2539//2898 2538//2896
f 2630//2897 2629//2899 2539//2898
f 2539//2898 2540//2900 2538//2896
f 2539//2898 96//177 2540//2900
f 2541//2876 2538//2896 2540//2900
f 2535//2893 2542//2875 2543//2862
f 2535//2893 2541//2876 2542//2875
f 2536//2892 2541//2876 2535//2893
f 2536//2892 2538//2896 2541//2876
f 2534//2877 2535//2893 2543//2862
f 2544//2901 2545//2902 2540//2900
f 96//177 2544//2901 2540//2900
f 97//176 2544//2901 96//177
f 97//176 2545//2902 2544//2901
f 2546//181 2545//2902 97//176
f 98//179 2546//181 97//176
f 2546//181 99//180 2547//185
f 99//180 100//183 2547//185
f 2549//188 2547//185 2548//184
f 2547//185 2549//188 2550//2873
f 2547//185 2550//2873 2551//2874
f 2547//185 2551//2874 2545//2902
f 2547//185 2545//2902 2546//181
f 96//177 2539//2898 2629//2899
f 2602//2903 96//177 2629//2899
f 96//177 2602//2903 95//173
f 2602//2903 2603//175 95//173
f 2605//2904 2553//170 2552//172
f 2607//2905 2553//170 2605//2904
f 2607//2905 2608//2906 2553//170
f 2606//169 2553//170 2608//2906
f 2554//168 2606//169 2628//2907
f 92//161 2554//168 2628//2907
f 2628//2907 2555//160 92//161
f 2556//2908 89//157 2555//160
f 89//157 90//158 2555//160
f 89//157 2556//2908 7373//2909
f 2557//2910 2556//2908 2609//2911
f 2556//2908 2557//2910 7373//2909
f 2558//2912 7373//2909 2557//2910
f 2559//2913 7373//2909 2558//2912
f 2614//2914 2559//2913 2558//2912
f 2613//2915 2559//2913 2614//2914
f 2559//2913 2613//2915 2560//2916
f 2561//153 2560//2916 2617//2917
f 2617//2917 2562//2918 7371//152
f 2563//2919 2562//2918 2620//2920
f 2565//2921 2563//2919 2620//2920
f 2580//2922 2564//149 2565//2921
f 2565//2921 2564//149 2563//2919
f 2566//2923 2565//2921 2620//2920
f 2580//2922 2566//2923 2578//2924
f 2566//2923 2581//2925 2578//2924
f 2580//2922 2565//2921 2566//2923
f 2580//2922 2574//2926 2567//2927
f 2580//2922 2567//2927 2568//150
f 2580//2922 2568//150 2564//149
f 2567//2927 2569//148 2568//150
f 2570//143 2569//148 2567//2927
f 2571//144 2570//143 2567//2927
f 2572//145 2571//144 7335//2928
f 2567//2927 2573//2929 2571//144
f 2573//2929 7335//2928 2571//144
f 2574//2926 2573//2929 2567//2927
f 2573//2929 2574//2926 2575//2930
f 2574//2926 2579//2931 2575//2930
f 2579//2931 7336//2932 2575//2930
f 7347//2933 7336//2932 2579//2931
f 2796//2934 7347//2933 7346//2935
f 7347//2933 2579//2931 7346//2935
f 2579//2931 2577//2936 7346//2935
f 7346//2935 2577//2936 2576//2937
f 2795//2938 7346//2935 2793//2939
f 2793//2939 7346//2935 2576//2937
f 2576//2937 7363//2940 2793//2939
f 2576//2937 2577//2936 7363//2940
f 2577//2936 7365//2941 7363//2940
f 2577//2936 2578//2924 7365//2941
f 2579//2931 2578//2924 2577//2936
f 2574//2926 2580//2922 2579//2931
f 2580//2922 2578//2924 2579//2931
f 7365//2941 2578//2924 2581//2925
f 7364//2942 2582//2943 2583//2944
f 2583//2944 2584//2945 7364//2942
f 2790//2946 7364//2942 2584//2945
f 2790//2946 2584//2945 2791//2947
f 2791//2947 2585//2948 2789//2949
f 2788//2950 2585//2948 2787//2951
f 2585//2948 2588//2952 2787//2951
f 2586//2953 2787//2951 2587//2954
f 2787//2951 2588//2952 2587//2954
f 2585//2948 2584//2945 2588//2952
f 2584//2945 2627//2955 2588//2952
f 2627//2955 2589//2956 2588//2952
f 2588//2952 2589//2956 2782//2957
f 2627//2955 2626//2958 2589//2956
f 2626//2958 2624//2959 2589//2956
f 2589//2956 2624//2959 2590//2960
f 2589//2956 2590//2960 2783//2961
f 2590//2960 2591//2962 2783//2961
f 2591//2962 2593//2963 2592//2964
f 2623//2965 2594//2966 2593//2963
f 2594//2966 2595//2967 7367//2968
f 2594//2966 2596//2969 2595//2967
f 2597//2970 2598//2971 2596//2969
f 2598//2971 2612//2972 2599//2973
f 2600//2974 2599//2973 2607//2905
f 2611//2975 2607//2905 2599//2973
f 2600//2974 2607//2905 2605//2904
f 2636//2976 2600//2974 2601//2977
f 2602//2903 2634//2978 2601//2977
f 2601//2977 2603//175 2602//2903
f 2605//2904 2552//172 2604//174
f 2606//169 2608//2906 2609//2911
f 2611//2975 2608//2906 2607//2905
f 2610//2979 2608//2906 2611//2975
f 2608//2906 2610//2979 2609//2911
f 2557//2910 2609//2911 2610//2979
f 2558//2912 2557//2910 2610//2979
f 2612//2972 2610//2979 2611//2975
f 2599//2973 2612//2972 2611//2975
f 2597//2970 2613//2915 2612//2972
f 2613//2915 2614//2914 2612//2972
f 2614//2914 2610//2979 2612//2972
f 2560//2916 2613//2915 2615//2980
f 2617//2917 2560//2916 2615//2980
f 2615//2980 2613//2915 2597//2970
f 2616//2981 2615//2980 2596//2969
f 2596//2969 2615//2980 2597//2970
f 2596//2969 2594//2966 2616//2981
f 2618//2982 2615//2980 2616//2981
f 2617//2917 2615//2980 2618//2982
f 2617//2917 2618//2982 2562//2918
f 2619//2983 2618//2982 2616//2981
f 2620//2920 2618//2982 2619//2983
f 2620//2920 2562//2918 2618//2982
f 2620//2920 2619//2983 2621//2984
f 2621//2984 2619//2983 2622//2985
f 2594//2966 2622//2985 2616//2981
f 2622//2985 2619//2983 2616//2981
f 2623//2965 2590//2960 2624//2959
f 2622//2985 2623//2965 2624//2959
f 2590//2960 2623//2965 2591//2962
f 2622//2985 2624//2959 2621//2984
f 2624//2959 2625//2986 2621//2984
f 2621//2984 2625//2986 2620//2920
f 2583//2944 2625//2986 2626//2958
f 2626//2958 2625//2986 2624//2959
f 2627//2955 2583//2944 2626//2958
f 2584//2945 2583//2944 2627//2955
f 2625//2986 2583//2944 2582//2943
f 2625//2986 2582//2943 2581//2925
f 2581//2925 2566//2923 2625//2986
f 2566//2923 2620//2920 2625//2986
f 2622//2985 2594//2966 2623//2965
f 2598//2971 2597//2970 2612//2972
f 2614//2914 2558//2912 2610//2979
f 2609//2911 2555//160 2628//2907
f 2556//2908 2555//160 2609//2911
f 2628//2907 2606//169 2609//2911
f 2600//2974 2605//2904 2604//174
f 2600//2974 2604//174 2601//2977
f 2601//2977 2604//174 2603//175
f 2634//2978 2602//2903 2629//2899
f 2629//2899 2630//2897 2634//2978
f 2630//2897 2631//2987 2634//2978
f 2631//2987 2630//2897 2537//2895
f 2537//2895 2632//2894 2631//2987
f 2631//2987 2632//2894 2633//2988
f 2651//2989 2633//2988 2632//2894
f 7370//2990 2633//2988 2651//2989
f 2637//2991 2631//2987 2633//2988
f 2637//2991 2635//2992 2631//2987
f 2634//2978 2631//2987 2635//2992
f 2636//2976 2634//2978 2635//2992
f 2636//2976 2601//2977 2634//2978
f 2600//2974 2636//2976 2599//2973
f 2636//2976 2639//2993 2599//2973
f 2636//2976 2638//2994 2639//2993
f 2636//2976 2637//2991 2638//2994
f 2635//2992 2637//2991 2636//2976
f 2641//2995 2637//2991 2633//2988
f 2638//2994 2637//2991 2641//2995
f 2640//2996 2638//2994 2641//2995
f 2638//2994 2640//2996 2639//2993
f 2647//2997 2639//2993 2640//2996
f 2639//2993 2647//2997 2599//2973
f 2647//2997 2646//2998 2595//2967
f 2645//2999 2646//2998 2642//3000
f 2646//2998 2640//2996 2642//3000
f 2642//3000 2640//2996 2641//2995
f 2641//2995 2643//3001 2642//3000
f 2642//3000 2643//3001 2645//2999
f 2645//2999 2643//3001 2644//3002
f 2648//3003 2645//2999 2644//3002
f 7367//2968 2645//2999 2648//3003
f 2595//2967 2646//2998 7367//2968
f 2646//2998 2645//2999 7367//2968
f 2647//2997 2595//2967 2596//2969
f 2644//3002 2649//3004 2648//3003
f 2650//3005 2644//3002 2643//3001
f 2652//3006 2663//3007 2651//2989
f 2662//3008 2663//3007 2652//3006
f 2632//2894 2652//3006 2651//2989
f 2652//3006 2536//2892 2653//2879
f 2654//2880 2662//3008 2653//2879
f 2654//2880 2661//3009 2662//3008
f 2654//2880 2532//2891 2661//3009
f 2532//2891 2655//3010 2661//3009
f 2661//3009 2655//3010 2659//3011
f 2659//3011 2655//3010 2658//3012
f 2658//3012 2531//2890 2656//2886
f 2658//3012 2655//3010 2531//2890
f 2657//2889 2658//3012 2656//2886
f 2529//2888 2681//3013 2657//2889
f 2681//3013 2658//3012 2657//2889
f 2683//3014 2660//3015 2682//3016
f 2660//3015 2658//3012 2682//3016
f 2683//3014 2662//3008 2660//3015
f 2660//3015 2662//3008 2661//3009
f 2660//3015 2661//3009 2659//3011
f 2664//3017 2663//3007 2683//3014
f 2664//3017 2665//3018 2650//3005
f 2666//3019 2665//3018 2664//3017
f 2666//3019 2667//3020 2665//3018
f 2665//3018 2667//3020 2750//3021
f 2673//3022 2667//3020 2672//3023
f 2666//3019 2672//3023 2667//3020
f 2666//3019 2668//3024 2672//3023
f 2668//3024 2664//3017 2669//3025
f 2668//3024 2669//3025 2672//3023
f 2672//3023 2669//3025 2670//3026
f 2671//3027 2670//3026 2679//3028
f 2672//3023 2670//3026 2671//3027
f 2672//3023 2674//3029 2673//3022
f 2673//3022 2674//3029 2675//3030
f 2748//3031 2673//3022 2675//3030
f 2748//3031 2675//3030 2749//3032
f 2675//3030 2677//3033 2749//3032
f 2749//3032 2677//3033 2744//3034
f 3028//3035 2744//3034 2742//3036
f 2677//3033 2742//3036 2744//3034
f 2677//3033 2675//3030 2742//3036
f 2742//3036 2675//3030 2740//3037
f 2675//3030 2676//3038 2740//3037
f 2676//3038 2685//3039 2740//3037
f 2676//3038 2678//3040 2685//3039
f 2675//3030 2674//3029 2678//3040
f 2675//3030 2678//3040 2676//3038
f 2678//3040 2679//3028 2680//3041
f 2684//2799 2678//3040 2680//3041
f 2528//2800 2438//2798 2680//3041
f 2681//3013 2528//2800 2680//3041
f 2529//2888 2528//2800 2681//3013
f 2682//3016 2681//3013 2670//3026
f 2670//3026 2681//3013 2679//3028
f 2669//3025 2683//3014 2682//3016
f 2670//3026 2669//3025 2682//3016
f 2683//3014 2663//3007 2662//3008
f 2683//3014 2669//3025 2664//3017
f 2681//3013 2680//3041 2679//3028
f 2684//2799 2680//3041 2438//2798
f 2434//2794 2685//3039 2684//2799
f 2685//3039 2434//2794 2686//2793
f 2687//2791 2739//3042 2686//2793
f 2689//3043 2736//3044 2688//2792
f 2689//3043 2735//3045 2736//3044
f 2727//3046 2689//3043 2690//3047
f 2689//3043 2692//3048 2690//3047
f 2689//3043 2691//2788 2692//3048
f 2432//2789 2691//2788 2689//3043
f 2430//2786 2694//2785 2692//3048
f 2692//3048 2694//2785 2693//2780
f 2428//2782 2693//2780 2694//2785
f 2713//2781 2425//2767 7369//3049
f 7369//3049 2425//2767 2695//2764
f 7369//3049 2695//2764 2409//2763
f 2696//2762 7369//3049 2409//2763
f 2709//3050 2697//2761 2698//2760
f 2708//3051 2699//2759 2700//3052
f 2708//3051 2698//2760 2699//2759
f 2700//3052 2701//2755 2707//3053
f 2699//2759 2701//2755 2700//3052
f 2701//2755 2702//3054 2707//3053
f 2701//2755 2703//2754 2702//3054
f 2702//3054 2703//2754 2706//3055
f 2703//2754 2705//2753 2706//3055
f 2703//2754 2401//2752 2705//2753
f 2704//2619 4638//2355 2705//2753
f 2706//3055 2705//2753 4273//3056
f 2702//3054 3084//3057 3083//3058
f 2702//3054 2706//3055 3084//3057
f 2707//3053 2702//3054 3083//3058
f 2707//3053 3083//3058 3082//3059
f 3082//3059 3075//3060 2707//3053
f 3075//3060 2708//3051 2707//3053
f 2708//3051 2700//3052 2707//3053
f 2709//3050 2698//2760 2708//3051
f 2711//3061 2697//2761 2709//3050
f 2710//3062 2697//2761 2711//3061
f 2710//3062 7369//3049 2697//2761
f 2715//3063 2710//3062 2711//3061
f 2711//3061 2716//3064 2715//3063
f 2712//3065 2714//3066 2713//2781
f 2713//2781 2714//3066 2692//3048
f 2714//3066 2690//3047 2692//3048
f 2692//3048 2693//2780 2713//2781
f 2714//3066 7368//3067 2690//3047
f 7368//3067 2715//3063 2716//3064
f 7368//3067 2714//3066 2715//3063
f 7368//3067 2716//3064 2725//3068
f 2721//3069 2720//3070 2716//3064
f 2722//3071 2718//3072 2723//3073
f 2718//3072 2722//3071 2717//3074
f 3063//3075 2718//3072 3065//3076
f 2718//3072 7275//3077 2719//3078
f 2724//3079 2720//3070 2719//3078
f 2720//3070 2721//3069 2719//3078
f 2711//3061 2721//3069 2716//3064
f 2719//3078 2721//3069 2722//3071
f 2723//3073 2719//3078 2722//3071
f 2723//3073 2718//3072 2719//3078
f 2724//3079 2716//3064 2720//3070
f 2725//3068 2716//3064 2724//3079
f 7276//3080 2725//3068 2724//3079
f 2726//3081 2725//3068 7276//3080
f 2726//3081 7276//3080 2728//3082
f 2732//3083 2727//3046 2726//3081
f 2732//3083 2726//3081 2728//3082
f 2728//3082 2731//3084 2732//3083
f 2731//3084 2728//3082 2729//3085
f 2730//3086 2729//3085 3061//3087
f 2730//3086 3061//3087 3060//3088
f 2733//3089 2734//3090 2731//3084
f 2731//3084 2734//3090 2732//3083
f 2734//3090 2733//3089 3043//3091
f 2734//3090 2735//3045 2732//3083
f 2738//3092 2735//3045 2734//3090
f 2732//3083 2735//3045 2727//3046
f 2735//3045 2689//3043 2727//3046
f 2738//3092 2736//3044 2735//3045
f 2737//3093 2687//2791 2736//3044
f 2738//3092 2737//3093 2736//3044
f 2687//2791 2688//2792 2736//3044
f 2737//3093 2738//3092 3032//3094
f 3042//3095 3032//3094 2738//3092
f 3041//3096 3032//3094 3042//3095
f 2737//3093 3032//3094 3031//3097
f 3031//3097 2687//2791 2737//3093
f 3031//3097 2739//3042 2687//2791
f 2740//3037 2685//3039 2686//2793
f 2740//3037 2686//2793 2739//3042
f 2741//3098 2740//3037 2739//3042
f 2742//3036 2740//3037 2741//3098
f 2741//3098 2743//3099 2742//3036
f 3028//3035 2742//3036 2743//3099
f 2745//3100 2744//3034 3028//3035
f 3026//3101 3025//3102 2745//3100
f 3025//3102 2746//3103 2749//3032
f 3025//3102 2749//3032 2745//3100
f 2757//3104 2746//3103 3025//3102
f 2757//3104 2754//3105 2746//3103
f 2746//3103 2754//3105 2747//3106
f 2748//3031 2746//3103 2747//3106
f 2746//3103 2748//3031 2749//3032
f 2745//3100 2749//3032 2744//3034
f 2747//3106 2755//3107 2748//3031
f 2755//3107 2667//3020 2748//3031
f 2748//3031 2667//3020 2673//3022
f 2667//3020 2755//3107 2750//3021
f 2665//3018 2750//3021 2644//3002
f 2644//3002 2750//3021 2649//3004
f 2751//3108 2649//3004 2750//3021
f 2753//3109 2751//3108 2752//3110
f 7366//3111 2751//3108 2753//3109
f 7366//3111 2753//3109 2779//3112
f 2780//3113 7366//3111 2779//3112
f 2779//3112 2760//3114 2759//3115
f 2779//3112 2753//3109 2760//3114
f 2760//3114 2754//3105 2756//3116
f 2760//3114 2753//3109 2754//3105
f 2753//3109 2752//3110 2754//3105
f 2754//3105 2755//3107 2747//3106
f 2754//3105 2752//3110 2755//3107
f 2751//3108 2755//3107 2752//3110
f 2755//3107 2751//3108 2750//3021
f 2756//3116 2754//3105 2757//3104
f 2757//3104 2758//3117 2756//3116
f 3024//3118 2759//3115 2758//3117
f 2760//3114 2758//3117 2759//3115
f 2756//3116 2758//3117 2760//3114
f 2778//3119 2779//3112 2759//3115
f 2761//3120 2778//3119 2759//3115
f 2763//3121 2777//3122 2761//3120
f 2762//3123 2761//3120 2759//3115
f 2763//3121 2761//3120 2762//3123
f 2767//3124 2776//3125 2763//3121
f 2767//3124 2763//3121 2765//3126
f 2765//3126 2763//3121 2764//3127
f 2766//3128 2765//3126 2764//3127
f 2765//3126 2766//3128 3012//3129
f 2768//3130 2767//3124 3012//3129
f 2769//3131 2768//3130 3012//3129
f 2768//3130 2769//3131 2983//3132
f 2768//3130 2983//3132 2771//3133
f 2771//3133 2983//3132 2770//3134
f 2770//3134 2772//3135 2771//3133
f 2772//3135 2784//3136 2771//3133
f 2784//3136 2773//3137 2774//3138
f 2774//3138 2773//3137 2775//3139
f 2777//3122 2784//3136 2774//3138
f 2776//3125 2777//3122 2763//3121
f 2767//3124 2771//3133 2776//3125
f 2768//3130 2771//3133 2767//3124
f 2771//3133 2777//3122 2776//3125
f 2771//3133 2784//3136 2777//3122
f 2777//3122 2774//3138 2761//3120
f 2775//3139 2778//3119 2774//3138
f 2774//3138 2778//3119 2761//3120
f 2778//3119 2775//3139 2779//3112
f 2779//3112 2775//3139 2780//3113
f 2775//3139 2781//3140 2780//3113
f 2783//2961 2591//2962 2781//3140
f 2773//3137 2783//2961 2781//3140
f 2775//3139 2773//3137 2781//3140
f 2773//3137 2587//2954 2783//2961
f 2783//2961 2587//2954 2782//2957
f 2589//2956 2783//2961 2782//2957
f 2588//2952 2782//2957 2587//2954
f 2773//3137 2784//3136 2587//2954
f 2586//2953 2587//2954 2784//3136
f 2586//2953 2784//3136 2772//3135
f 2586//2953 2772//3135 2785//3141
f 2785//3141 2772//3135 2770//3134
f 2985//3142 2785//3141 2770//3134
f 2787//2951 2785//3141 2985//3142
f 2786//3143 2787//2951 2985//3142
f 2986//3144 2787//2951 2786//3143
f 2788//2950 2986//3144 2789//2949
f 2988//3145 2789//2949 2986//3144
f 2789//2949 2585//2948 2788//2950
f 2799//3146 2789//2949 2802//3147
f 2799//3146 2791//2947 2789//2949
f 2799//3146 2790//2946 2791//2947
f 2792//3148 7364//2942 2790//2946
f 2793//2939 2792//3148 2794//3149
f 2798//3150 2797//3151 2794//3149
f 2794//3149 2795//2938 2793//2939
f 7349//3152 2795//2938 2794//3149
f 7349//3152 2794//3149 2797//3151
f 7345//3153 2796//2934 2795//2938
f 2795//2938 2796//2934 7346//2935
f 7349//3152 7345//3153 2795//2938
f 2808//3154 7349//3152 2797//3151
f 2808//3154 2797//3151 7350//3155
f 7350//3155 2797//3151 7352//3156
f 7352//3156 2798//3150 7358//3157
f 7352//3156 2797//3151 2798//3150
f 2794//3149 2800//3158 2798//3150
f 2792//3148 2799//3146 2800//3158
f 2794//3149 2792//3148 2800//3158
f 2801//3159 2800//3158 2799//3146
f 7357//3160 2800//3158 2801//3159
f 2801//3159 2799//3146 2802//3147
f 7357//3160 2802//3147 7356//3161
f 2804//3162 7356//3161 2803//3163
f 2993//3164 2803//3163 2992//3165
f 2994//3166 2803//3163 2993//3164
f 2804//3162 2803//3163 2994//3166
f 2805//3167 2804//3162 2994//3166
f 2806//3168 2805//3167 2995//3169
f 2996//3170 2806//3168 2995//3169
f 2911//3171 2996//3170 2997//3172
f 2901//3173 2996//3170 2911//3171
f 2901//3173 2807//3174 2996//3170
f 2996//3170 2807//3174 2806//3168
f 2901//3173 2900//3175 2807//3174
f 2807//3174 7351//3176 7353//3177
f 2807//3174 2900//3175 7351//3176
f 2900//3175 2896//3178 7351//3176
f 2896//3178 2895//3179 7351//3176
f 7351//3176 2895//3179 2808//3154
f 2808//3154 2895//3179 2809//3180
f 2895//3179 2810//3181 2809//3180
f 7283//3182 2810//3181 2895//3179
f 7284//3183 2810//3181 7283//3182
f 7284//3183 2811//3184 2810//3181
f 7284//3183 7285//3185 2811//3184
f 2811//3184 7285//3185 2812//3186
f 2812//3186 7340//3187 2811//3184
f 7343//3188 2811//3184 7342//3189
f 7340//3187 7342//3189 2811//3184
f 2812//3186 2842//3190 7340//3187
f 7340//3187 2842//3190 2813//3191
f 2842//3190 7359//3192 2813//3191
f 2842//3190 2814//3193 7359//3192
f 2841//3194 2814//3193 2842//3190
f 2841//3194 7362//3195 2814//3193
f 7362//3195 2841//3194 2816//3196
f 2815//3197 2819//111 2816//3196
f 65//112 2816//3196 2819//111
f 2815//3197 2818//3198 2819//111
f 2837//3199 2818//3198 2815//3197
f 2815//3197 2838//3200 2837//3199
f 2838//3200 2815//3197 2816//3196
f 2817//3201 2818//3198 2837//3199
f 2834//3202 2818//3198 2817//3201
f 2818//3198 2820//107 2819//111
f 2818//3198 2821//3203 2820//107
f 2835//3204 2823//3205 2822//3206
f 2835//3204 2829//3207 2823//3205
f 2824//3208 2822//3206 2823//3205
f 2825//3209 2824//3208 2823//3205
f 2823//3205 2827//3210 2826//3211
f 2826//3211 2827//3210 2855//3212
f 2828//3213 2855//3212 2827//3210
f 2828//3213 2854//3214 2855//3212
f 2828//3213 2829//3207 2852//3215
f 2829//3207 2831//3216 2852//3215
f 2848//3217 2831//3216 2832//3218
f 2830//3219 2832//3218 2831//3216
f 2843//3220 2832//3218 2833//3221
f 2833//3221 2832//3218 2830//3219
f 2833//3221 2830//3219 2834//3202
f 2830//3219 2831//3216 2835//3204
f 2835//3204 2834//3202 2830//3219
f 2835//3204 2831//3216 2829//3207
f 2834//3202 2835//3204 2821//3203
f 2817//3201 2833//3221 2834//3202
f 2836//3222 2843//3220 2833//3221
f 2836//3222 2833//3221 2817//3201
f 2817//3201 2837//3199 2836//3222
f 2836//3222 2837//3199 2838//3200
f 2838//3200 7289//3223 2836//3222
f 2839//3224 7289//3223 2838//3200
f 2840//3225 2839//3224 2841//3194
f 2816//3196 2841//3194 2838//3200
f 2841//3194 2839//3224 2838//3200
f 2840//3225 2841//3194 2842//3190
f 7285//3185 2840//3225 2812//3186
f 7288//3226 7285//3185 7286//3227
f 7285//3185 7288//3226 2839//3224
f 2839//3224 7288//3226 7289//3223
f 2836//3222 2845//3228 2843//3220
f 2845//3228 2844//3229 2843//3220
f 7287//3230 2846//3231 2844//3229
f 2847//3232 2846//3231 7287//3230
f 2847//3232 2848//3217 2846//3231
f 2831//3216 2848//3217 2849//3233
f 2849//3233 2848//3217 7291//3234
f 7295//3235 2850//3236 2849//3233
f 2850//3236 7295//3235 7294//3237
f 2853//3238 2850//3236 7294//3237
f 2851//3239 2853//3238 7294//3237
f 2853//3238 2852//3215 2850//3236
f 2831//3216 2850//3236 2852//3215
f 2851//3239 2882//3240 2853//3238
f 2853//3238 2882//3240 2854//3214
f 2828//3213 2853//3238 2854//3214
f 2854//3214 2882//3240 2855//3212
f 2856//3241 2855//3212 2879//3242
f 2855//3212 2856//3241 2826//3211
f 2858//3243 2857//3244 2859//3245
f 2860//3246 2859//3245 2857//3244
f 2860//3246 2861//98 2859//3245
f 7318//102 2861//98 2862//99
f 7318//102 2859//3245 2861//98
f 2861//98 2860//3246 2863//100
f 2860//3246 2875//3247 2863//100
f 2875//3247 2874//3248 2863//100
f 2866//3249 2863//100 2874//3248
f 2864//3250 2863//100 2866//3249
f 2864//3250 54//96 2863//100
f 2865//3251 2864//3250 2866//3249
f 2874//3248 2873//3252 2866//3249
f 2873//3252 4467//3253 2867//3254
f 2867//3254 4467//3253 2872//31
f 2866//3249 2873//3252 2867//3254
f 2866//3249 2867//3254 2868//3255
f 2870//34 2867//3254 2871//30
f 2869//33 2867//3254 2870//34
f 2869//33 2868//3255 2867//3254
f 4468//3256 7139//3257 2872//31
f 4467//3253 4468//3256 2872//31
f 2867//3254 2872//31 2871//30
f 2878//3258 2877//3259 2874//3248
f 2873//3252 2874//3248 2877//3259
f 2874//3248 2875//3247 2878//3258
f 2860//3246 2857//3244 2875//3247
f 2826//3211 2876//3260 2875//3247
f 2857//3244 2826//3211 2875//3247
f 2826//3211 2856//3241 2876//3260
f 2856//3241 4465//3261 2876//3260
f 2875//3247 2876//3260 2878//3258
f 2877//3259 4467//3253 2873//3252
f 2877//3259 4469//3262 14//28
f 2877//3259 4470//3263 4469//3262
f 2878//3258 4470//3263 2877//3259
f 4466//3264 4480//3265 4470//3263
f 4466//3264 4470//3263 2878//3258
f 4465//3261 2856//3241 2879//3242
f 4471//3266 2880//3267 4473//3268
f 4471//3266 2881//3269 2880//3267
f 4457//3270 4473//3268 2880//3267
f 2882//3240 2881//3269 2879//3242
f 2855//3212 2882//3240 2879//3242
f 2881//3269 2882//3240 2880//3267
f 2883//3271 4463//3272 4457//3270
f 2883//3271 4456//3273 4463//3272
f 4455//3274 4456//3273 2883//3271
f 2884//3275 2942//3276 4455//3274
f 2884//3275 2941//3277 2942//3276
f 2940//3278 2941//3277 2884//3275
f 2886//3279 2936//3280 2940//3278
f 2885//3281 2936//3280 2886//3279
f 2887//3282 2888//3283 2885//3281
f 2887//3282 2905//3284 2888//3283
f 2905//3284 2889//3285 2888//3283
f 2889//3285 2907//3286 2888//3283
f 2890//3287 2905//3284 7300//3288
f 2904//3289 2905//3284 2890//3287
f 7299//3290 2891//3291 2890//3287
f 2891//3291 2892//3292 2894//3293
f 2894//3293 2892//3292 2893//3294
f 7282//3295 2891//3291 2894//3293
f 2903//3296 7282//3295 2898//3297
f 2894//3293 2898//3297 7282//3295
f 2894//3293 2897//3298 2898//3297
f 2894//3293 2893//3294 2897//3298
f 2893//3294 2895//3179 2897//3298
f 2900//3175 2899//3299 2896//3178
f 2899//3299 2897//3298 2896//3178
f 2897//3298 2895//3179 2896//3178
f 2897//3298 2902//3300 2898//3297
f 2899//3299 2902//3300 2897//3298
f 2901//3173 2899//3299 2900//3175
f 2901//3173 2902//3300 2899//3299
f 2912//3301 2902//3300 2901//3173
f 2903//3296 2898//3297 2902//3300
f 2904//3289 7282//3295 2909//3302
f 2909//3302 7282//3295 2903//3296
f 7281//3303 2908//3304 2904//3289
f 2904//3289 2908//3304 2905//3284
f 2889//3285 2905//3284 2908//3304
f 2908//3304 2906//3305 2889//3285
f 2889//3285 2906//3305 2907//3286
f 7281//3303 2909//3302 2910//3306
f 2909//3302 2926//3307 2910//3306
f 2909//3302 2903//3296 2926//3307
f 2926//3307 2903//3296 2927//3308
f 2927//3308 2903//3296 2902//3300
f 2912//3301 2927//3308 2902//3300
f 2912//3301 2998//3309 2913//3310
f 2914//3311 2912//3301 2913//3310
f 2914//3311 2927//3308 2912//3301
f 2912//3301 2901//3173 2911//3171
f 2998//3309 2911//3171 2997//3172
f 2912//3301 2911//3171 2998//3309
f 2913//3310 2998//3309 3000//3312
f 2914//3311 2913//3310 3000//3312
f 2915//3313 2914//3311 3000//3312
f 2924//3314 2914//3311 2915//3313
f 2924//3314 2915//3313 2917//3315
f 2916//3316 2917//3315 2918//3317
f 2916//3316 2924//3314 2917//3315
f 2917//3315 2961//3318 2918//3317
f 2961//3318 2917//3315 2962//3319
f 2962//3319 2917//3315 2963//3320
f 2960//3321 2916//3316 2918//3317
f 2919//3322 2952//3323 2920//3324
f 2921//3325 2919//3322 2920//3324
f 2921//3325 2960//3321 2919//3322
f 2921//3325 2920//3324 2922//3326
f 2921//3325 2916//3316 2960//3321
f 2921//3325 2923//3327 2916//3316
f 2923//3327 2924//3314 2916//3316
f 2923//3327 2925//3328 2924//3314
f 2958//3329 2925//3328 2923//3327
f 2925//3328 2926//3307 2927//3308
f 2925//3328 2958//3329 2926//3307
f 2925//3328 2927//3308 2914//3311
f 2958//3329 2910//3306 2926//3307
f 2958//3329 7281//3303 2910//3306
f 2928//3330 7281//3303 2958//3329
f 2928//3330 2906//3305 2908//3304
f 2928//3330 2929//3331 2931//3332
f 2906//3305 2928//3330 2931//3332
f 2906//3305 2931//3332 2907//3286
f 2907//3286 2931//3332 2930//3333
f 2931//3332 2932//3334 2930//3333
f 2933//3335 2934//3336 2931//3332
f 2933//3335 2931//3332 2955//3337
f 2933//3335 2955//3337 2956//3338
f 2933//3335 2947//3339 2934//3336
f 2934//3336 2935//3340 2931//3332
f 2931//3332 2935//3340 2932//3334
f 2935//3340 2946//3341 2936//3280
f 2936//3280 2937//3342 2935//3340
f 2935//3340 2937//3342 2938//3343
f 2937//3342 2939//3344 2938//3343
f 2888//3283 2938//3343 2939//3344
f 2888//3283 2907//3286 2938//3343
f 2930//3333 2938//3343 2907//3286
f 2930//3333 2932//3334 2938//3343
f 2935//3340 2938//3343 2932//3334
f 2885//3281 2888//3283 2939//3344
f 2885//3281 2939//3344 2937//3342
f 2937//3342 2936//3280 2885//3281
f 2936//3280 2946//3341 2940//3278
f 2942//3276 2941//3277 2944//3345
f 2940//3278 2944//3345 2941//3277
f 2942//3276 4454//3346 4455//3274
f 4454//3346 2942//3276 2943//3347
f 2943//3347 4453//3348 4461//3349
f 2945//3350 4453//3348 2943//3347
f 2944//3345 2945//3350 2943//3347
f 2944//3345 2946//3341 2945//3350
f 2945//3350 2946//3341 2948//3351
f 2935//3340 2948//3351 2946//3341
f 2940//3278 2946//3341 2944//3345
f 2948//3351 2947//3339 2949//3352
f 2950//3353 2949//3352 2954//3354
f 2951//3355 2949//3352 2950//3353
f 2952//3323 2951//3355 2950//3353
f 2952//3323 2950//3353 2920//3324
f 2953//3356 2922//3326 2954//3354
f 2922//3326 2920//3324 2954//3354
f 2955//3337 2953//3356 2954//3354
f 2955//3337 2954//3354 2956//3338
f 2920//3324 2950//3353 2954//3354
f 2947//3339 2956//3338 2954//3354
f 2947//3339 2954//3354 2949//3352
f 2947//3339 2933//3335 2956//3338
f 2959//3357 2953//3356 2955//3337
f 2957//3358 2959//3357 2955//3337
f 2929//3331 2957//3358 2955//3337
f 2957//3358 2929//3331 2958//3329
f 2959//3357 2923//3327 2921//3325
f 2922//3326 2959//3357 2921//3325
f 2959//3357 2922//3326 2953//3356
f 2959//3357 2957//3358 2923//3327
f 2957//3358 2958//3329 2923//3327
f 2928//3330 2958//3329 2929//3331
f 4442//3359 4446//3360 2952//3323
f 4442//3359 2952//3323 2919//3322
f 4442//3359 2919//3322 2960//3321
f 2918//3317 4439//3361 2960//3321
f 4439//3361 2918//3317 2961//3318
f 4437//3362 4439//3361 2961//3318
f 2961//3318 2962//3319 4440//3363
f 2962//3319 4419//3364 4440//3363
f 2963//3320 4419//3364 2962//3319
f 2964//3365 2965//3366 4420//3367
f 4420//3367 2965//3366 4422//3368
f 2965//3366 2966//3369 4422//3368
f 4421//3370 4422//3368 4423//3371
f 4422//3368 2970//3372 2967//3373
f 4423//3371 4422//3368 2967//3373
f 2966//3369 2970//3372 4422//3368
f 2968//3374 4413//3375 4423//3371
f 4423//3371 2967//3373 2968//3374
f 2967//3373 2969//3376 2968//3374
f 2967//3373 2970//3372 2969//3376
f 2971//3377 2970//3372 2966//3369
f 2971//3377 2972//3378 2970//3372
f 2973//3379 2972//3378 2971//3377
f 2973//3379 2974//3380 2972//3378
f 2972//3378 2974//3380 4409//3381
f 2974//3380 2992//3165 2975//3382
f 4409//3381 2974//3380 2977//3383
f 2974//3380 2975//3382 2977//3383
f 4407//3384 2976//3385 4406//3386
f 4407//3384 2977//3383 2976//3385
f 2977//3383 4407//3384 4409//3381
f 2976//3385 4400//3387 4406//3386
f 2980//3388 2976//3385 2979//3389
f 2980//3388 2978//3390 2976//3385
f 2980//3388 3006//3391 4391//3392
f 4391//3392 3006//3391 4392//3393
f 2981//3394 4392//3393 3006//3391
f 2982//3395 2981//3394 3006//3391
f 3006//3391 3005//3396 2982//3395
f 2982//3395 3005//3396 3004//3397
f 3004//3397 2984//3398 2982//3395
f 3011//3399 2982//3395 2983//3132
f 2982//3395 2984//3398 2983//3132
f 3004//3397 2987//3400 2984//3398
f 2984//3398 2786//3143 2985//3142
f 2987//3400 2786//3143 2984//3398
f 2986//3144 2786//3143 2987//3400
f 2987//3400 2988//3145 2986//3144
f 2988//3145 2987//3400 2991//3401
f 2991//3401 2987//3400 3004//3397
f 2989//3402 2789//2949 2988//3145
f 2990//3403 2802//3147 2989//3402
f 2802//3147 2789//2949 2989//3402
f 7356//3161 2802//3147 2990//3403
f 7356//3161 2990//3403 2803//3163
f 2803//3163 2990//3403 2991//3401
f 2991//3401 2992//3165 2803//3163
f 2991//3401 3003//3404 2992//3165
f 2973//3379 2993//3164 2992//3165
f 2973//3379 2994//3166 2993//3164
f 3001//3405 2994//3166 3002//3406
f 3001//3405 2805//3167 2994//3166
f 3001//3405 2995//3169 2805//3167
f 2997//3172 2996//3170 2995//3169
f 2995//3169 2999//3407 2997//3172
f 2997//3172 2999//3407 2998//3309
f 2998//3309 2999//3407 3000//3312
f 3000//3312 2999//3407 2915//3313
f 2917//3315 2915//3313 2963//3320
f 2915//3313 2999//3407 2963//3320
f 2963//3320 2999//3407 2964//3365
f 3001//3405 2999//3407 2995//3169
f 2964//3365 2999//3407 2965//3366
f 2999//3407 3001//3405 2965//3366
f 2965//3366 3001//3405 2966//3369
f 2966//3369 3001//3405 3002//3406
f 3002//3406 2971//3377 2966//3369
f 2994//3166 2971//3377 3002//3406
f 2973//3379 2971//3377 2994//3166
f 2974//3380 2973//3379 2992//3165
f 2992//3165 3003//3404 2975//3382
f 3003//3404 3007//3408 2975//3382
f 3003//3404 2991//3401 3007//3408
f 2991//3401 3004//3397 3007//3408
f 3007//3408 3004//3397 3005//3396
f 3007//3408 3005//3396 3008//3409
f 3006//3391 3008//3409 3005//3396
f 2980//3388 3008//3409 3006//3391
f 3007//3408 3008//3409 3009//3410
f 3008//3409 2979//3389 3009//3410
f 2980//3388 2979//3389 3008//3409
f 3009//3410 2979//3389 2977//3383
f 2975//3382 3007//3408 3009//3410
f 2975//3382 3009//3410 2977//3383
f 2991//3401 2990//3403 2988//3145
f 2990//3403 2989//3402 2988//3145
f 2770//3134 2983//3132 2984//3398
f 2985//3142 2770//3134 2984//3398
f 2983//3132 2769//3131 3010//3411
f 3010//3411 3011//3399 2983//3132
f 3011//3399 3010//3411 4397//3412
f 3010//3411 2769//3131 4397//3412
f 2769//3131 3012//3129 3013//3413
f 4397//3412 2769//3131 3013//3413
f 3014//3414 3013//3413 3015//3415
f 3013//3413 3012//3129 3015//3415
f 4397//3412 3013//3413 3014//3414
f 4398//3416 3014//3414 4399//3417
f 3014//3414 3015//3415 4399//3417
f 3015//3415 3016//3418 3018//3419
f 3012//3129 3016//3418 3015//3415
f 3016//3418 3017//3420 3018//3419
f 3018//3419 3017//3420 4364//3421
f 3019//3422 3020//3423 3017//3420
f 3019//3422 3021//3424 7279//3425
f 2766//3128 3021//3424 3019//3422
f 2766//3128 2764//3127 3021//3424
f 2766//3128 3017//3420 3016//3418
f 2766//3128 3019//3422 3017//3420
f 2764//3127 3022//3426 3021//3424
f 2762//3123 3022//3426 2764//3127
f 3024//3118 3023//3427 2762//3123
f 3024//3118 2758//3117 2757//3104
f 3024//3118 7280//3428 3023//3427
f 3024//3118 2757//3104 7280//3428
f 2757//3104 3025//3102 3026//3101
f 3026//3101 7280//3428 2757//3104
f 7280//3428 3026//3101 3027//3429
f 3027//3429 7278//3430 7280//3428
f 7279//3425 7278//3430 3027//3429
f 3026//3101 2745//3100 3034//3431
f 3026//3101 3034//3431 3027//3429
f 3034//3431 2745//3100 3028//3035
f 3034//3431 3028//3035 3029//3432
f 2743//3099 3029//3432 3028//3035
f 3030//3433 3029//3432 2743//3099
f 3030//3433 2741//3098 3031//3097
f 3031//3097 2741//3098 2739//3042
f 3032//3094 3030//3433 3031//3097
f 3033//3434 3029//3432 3032//3094
f 3030//3433 3032//3094 3029//3432
f 3029//3432 3033//3434 3035//3435
f 3034//3431 3029//3432 3035//3435
f 3037//3436 3034//3431 3035//3435
f 3034//3431 3037//3436 3027//3429
f 3037//3436 3036//3437 3027//3429
f 3036//3437 3037//3436 3020//3423
f 3037//3436 3038//3438 3020//3423
f 3020//3423 3038//3438 3039//3439
f 7042//3440 3020//3423 3039//3439
f 3040//3441 3050//3442 3039//3439
f 3038//3438 3040//3441 3039//3439
f 3040//3441 3038//3438 3047//3443
f 3038//3438 3035//3435 3047//3443
f 3035//3435 3046//3444 3047//3443
f 3035//3435 3033//3434 3046//3444
f 3033//3434 3041//3096 3046//3444
f 3033//3434 3032//3094 3041//3096
f 3046//3444 3041//3096 3042//3095
f 3043//3091 3045//3445 3042//3095
f 3053//3446 3045//3445 3044//3447
f 3044//3447 3045//3445 3043//3091
f 2733//3089 3044//3447 3043//3091
f 3044//3447 2733//3089 2730//3086
f 2733//3089 2731//3084 2730//3086
f 3045//3445 3048//3448 3046//3444
f 3046//3444 3048//3448 3047//3443
f 3040//3441 3047//3443 3048//3448
f 3040//3441 3048//3448 3049//3449
f 3040//3441 3052//3450 3050//3442
f 4360//3451 3050//3442 3051//3452
f 3050//3442 3052//3450 3051//3452
f 3051//3452 3052//3450 4362//3453
f 3052//3450 3053//3446 4362//3453
f 4362//3453 3053//3446 3054//3454
f 3055//3455 4353//3456 4363//3457
f 4353//3456 3055//3455 4352//3458
f 4352//3458 3056//3459 4351//3460
f 3056//3459 3057//3461 4351//3460
f 3058//3462 4334//3463 3057//3461
f 3056//3459 3059//3464 3058//3462
f 3056//3459 7277//3465 3059//3464
f 3059//3464 4333//3466 3058//3462
f 3044//3447 3060//3088 3059//3464
f 4333//3466 3059//3464 3060//3088
f 4333//3466 3060//3088 3061//3087
f 2729//3085 3062//3467 4332//3468
f 3061//3087 2729//3085 4332//3468
f 4332//3468 3062//3467 3063//3075
f 4332//3468 3063//3075 4338//3469
f 4337//3470 3064//3471 4331//3472
f 4337//3470 4338//3469 3064//3471
f 3063//3075 3064//3471 4338//3469
f 3063//3075 3065//3076 3064//3471
f 3064//3471 3065//3076 4296//3473
f 4296//3473 3065//3076 3066//3474
f 3066//3474 4295//3475 4296//3473
f 3067//3476 3068//3477 4283//3478
f 3081//3479 3067//3476 4283//3478
f 3069//3480 3070//3481 3068//3477
f 3068//3477 3070//3481 3071//3482
f 4283//3478 3068//3477 3071//3482
f 3071//3482 4281//3483 4283//3478
f 4281//3483 3071//3482 4279//3484
f 4279//3484 3071//3482 3070//3481
f 3070//3481 4275//3485 4279//3484
f 3073//3486 3072//3487 3070//3481
f 3070//3481 3072//3487 4275//3485
f 3073//3486 3070//3481 3069//3480
f 3074//3488 3073//3486 3069//3480
f 3075//3060 3082//3059 3074//3488
f 3078//3489 3075//3060 3074//3488
f 3078//3489 3074//3488 3076//3490
f 3077//3491 3078//3489 3076//3490
f 3069//3480 3068//3477 3076//3490
f 3076//3490 3074//3488 3069//3480
f 3080//3492 3076//3490 3067//3476
f 3067//3476 3076//3490 3068//3477
f 3080//3492 3077//3491 3076//3490
f 3077//3491 3080//3492 2722//3071
f 2722//3071 3079//3493 3077//3491
f 3079//3493 3078//3489 3077//3491
f 3079//3493 2708//3051 3078//3489
f 2708//3051 3079//3493 2709//3050
f 2711//3061 2709//3050 3079//3493
f 2721//3069 2711//3061 3079//3493
f 2722//3071 3080//3492 2717//3074
f 2717//3074 3080//3492 3081//3479
f 3081//3479 3080//3492 3067//3476
f 3065//3076 2717//3074 3081//3479
f 2718//3072 2717//3074 3065//3076
f 3081//3479 3066//3474 3065//3076
f 2721//3069 3079//3493 2722//3071
f 3078//3489 2708//3051 3075//3060
f 7045//3494 3082//3059 4274//3495
f 3082//3059 3084//3057 4274//3495
f 3083//3058 3084//3057 3082//3059
f 2706//3055 4273//3056 3084//3057
f 3084//3057 4273//3056 4274//3495
f 2705//2753 4276//3496 4273//3056
f 2705//2753 4638//2355 4276//3496
f 3085//2620 2027//333 4638//2355
f 3109//2615 3094//2616 7274//3497
f 3094//2616 3086//2621 3106//3498
f 3106//3498 3086//2621 3087//2749
f 3090//3499 3088//2746 3089//2745
f 3092//3500 3090//3499 3089//2745
f 3092//3500 3089//2745 3091//3501
f 2394//2744 3091//3501 3089//2745
f 3091//3501 2394//2744 2393//2743
f 3091//3501 2393//2743 3127//2741
f 3091//3501 3127//2741 3126//3502
f 3100//3503 3092//3500 3091//3501
f 3091//3501 3099//3504 3100//3503
f 3105//3505 3087//2749 3093//2622
f 3105//3505 3093//2622 3104//3506
f 3104//3506 3093//2622 3098//2748
f 7274//3497 3094//2616 3106//3498
f 3110//3507 3096//2750 3095//2361
f 4272//3508 3096//2750 3111//3509
f 3112//3510 3095//2361 3109//2615
f 3103//3511 3104//3506 3098//2748
f 3103//3511 3098//2748 3090//3499
f 3121//3512 3103//3511 3090//3499
f 3121//3512 3090//3499 3102//3513
f 3102//3513 3090//3499 3092//3500
f 3102//3513 3092//3500 3100//3503
f 3099//3504 3101//3514 3100//3503
f 3123//3515 3100//3503 3101//3514
f 3122//3516 3100//3503 3123//3515
f 3122//3516 3102//3513 3100//3503
f 3122//3516 3121//3512 3102//3513
f 3119//3517 3103//3511 3121//3512
f 3119//3517 3104//3506 3103//3511
f 3119//3517 3107//3518 3104//3506
f 3117//3519 3106//3498 3107//3518
f 3104//3506 3107//3518 3105//3505
f 3106//3498 3105//3505 3107//3518
f 3118//3520 3107//3518 3119//3517
f 3118//3520 3116//3521 3107//3518
f 3107//3518 3116//3521 3117//3519
f 3109//2615 7274//3497 3108//3522
f 7049//3523 3108//3522 3113//3524
f 3112//3510 3108//3522 7049//3523
f 3110//3507 3095//2361 3112//3510
f 3111//3509 3110//3507 3112//3510
f 3096//2750 3110//3507 3111//3509
f 3112//3510 7049//3523 7046//3525
f 7049//3523 3113//3524 7048//3526
f 7048//3526 3113//3524 3114//3527
f 3113//3524 3117//3519 3114//3527
f 3116//3521 3115//3528 3114//3527
f 3115//3528 7050//3529 3114//3527
f 3114//3527 3117//3519 3116//3521
f 7059//3530 7050//3529 3115//3528
f 7059//3530 3115//3528 7060//3531
f 3115//3528 3116//3521 3118//3520
f 3113//3524 3108//3522 3117//3519
f 3120//3532 3118//3520 3119//3517
f 3120//3532 3119//3517 3121//3512
f 3122//3516 3120//3532 3121//3512
f 7062//3533 3122//3516 3123//3515
f 3101//3514 3141//3534 3123//3515
f 3141//3534 3140//3535 3139//3536
f 3140//3535 3141//3534 3101//3514
f 3101//3514 3099//3504 3140//3535
f 3125//3537 3140//3535 3099//3504
f 3140//3535 3125//3537 3124//3538
f 3099//3504 3126//3502 3125//3537
f 3099//3504 3091//3501 3126//3502
f 3125//3537 3126//3502 3124//3538
f 3124//3538 3126//3502 3127//2741
f 3128//3539 3124//3538 3127//2741
f 3129//3540 3124//3538 3128//3539
f 3129//3540 3128//3539 3130//3541
f 3137//3542 3129//3540 3130//3541
f 3130//3541 3135//3543 3137//3542
f 3135//3543 3130//3541 3131//3544
f 3134//3545 3131//3544 3133//2668
f 3131//3544 3130//3541 2390//2667
f 3130//3541 3132//2635 2390//2667
f 3130//3541 2391//2634 3132//2635
f 3128//3539 2391//2634 3130//3541
f 3131//3544 2390//2667 3133//2668
f 3134//3545 3133//2668 3160//2740
f 7085//3546 3134//3545 3160//2740
f 7083//3547 3135//3543 3159//3548
f 3135//3543 7083//3547 3158//3549
f 3136//3550 3124//3538 3137//3542
f 3137//3542 3138//3551 3136//3550
f 3156//3552 3155//3553 3137//3542
f 3155//3553 3138//3551 3137//3542
f 3156//3552 3137//3542 3135//3543
f 3155//3553 3142//3554 3138//3551
f 3142//3554 3139//3536 3138//3551
f 3138//3551 3139//3536 3136//3550
f 3136//3550 3139//3536 3140//3535
f 3140//3535 3124//3538 3136//3550
f 3142//3554 3141//3534 3139//3536
f 3142//3554 3154//3555 3141//3534
f 3154//3555 3143//3556 3123//3515
f 3154//3555 3123//3515 3141//3534
f 3154//3555 3153//3557 3143//3556
f 3143//3556 3153//3557 3145//3558
f 3153//3557 3151//3559 3145//3558
f 3145//3558 3151//3559 3144//3560
f 3144//3560 3151//3559 3150//3561
f 3147//3562 3145//3558 3144//3560
f 3147//3562 3146//3563 3145//3558
f 7075//3564 3146//3563 3147//3562
f 3148//3565 3149//3566 7078//3567
f 3148//3565 3144//3560 3149//3566
f 3144//3560 3150//3561 3149//3566
f 3150//3561 7082//3568 7081//3569
f 3150//3561 3151//3559 7082//3568
f 3151//3559 3152//3570 7082//3568
f 3151//3559 3153//3557 3152//3570
f 3152//3570 3153//3557 3154//3555
f 3152//3570 3154//3555 3155//3553
f 3155//3553 3154//3555 3142//3554
f 3155//3553 3157//3571 3152//3570
f 3157//3571 3155//3553 3156//3552
f 3157//3571 3156//3552 3158//3549
f 7082//3568 3158//3549 7080//3572
f 7082//3568 3152//3570 3158//3549
f 3152//3570 3157//3571 3158//3549
f 7083//3547 7095//3573 3158//3549
f 7084//3574 7083//3547 3159//3548
f 7084//3574 3159//3548 7085//3546
f 3161//2738 3164//3575 7087//3576
f 3164//3575 3161//2738 3173//3577
f 7086//3578 3162//2673 7087//3576
f 7085//3546 3160//2740 3163//3579
f 7101//3580 3163//3579 7094//3581
f 7101//3580 7085//3546 3163//3579
f 3164//3575 7088//3582 7087//3576
f 7088//3582 3165//3583 7089//3584
f 3575//3585 3165//3583 3574//3586
f 7089//3584 3165//3583 3575//3585
f 7088//3582 3164//3575 3165//3583
f 3164//3575 3166//3587 3165//3583
f 3164//3575 3167//3588 3166//3587
f 3168//3589 3573//3590 3169//3591
f 3169//3591 3573//3590 3574//3586
f 3171//3592 3170//3593 3573//3590
f 3170//3593 3576//3594 3573//3590
f 3573//3590 3168//3589 3171//3592
f 3167//3588 3173//3577 3169//3591
f 3173//3577 3559//3595 3169//3591
f 7087//3576 3162//2673 3161//2738
f 3161//2738 3432//2739 3173//3577
f 2388//2737 3176//3596 3432//2739
f 3176//3596 2386//2736 3174//3597
f 2388//2737 2386//2736 3176//3596
f 3175//3598 3176//3596 3174//3597
f 3175//3598 3177//3599 3558//3600
f 3558//3600 3177//3599 3433//3601
f 3177//3599 3178//3602 3433//3601
f 3177//3599 3180//2731 3178//3602
f 3175//3598 3174//3597 3180//2731
f 3180//2731 3174//3597 3179//2735
f 2386//2736 3179//2735 3174//3597
f 3180//2731 3179//2735 2379//2730
f 3178//3602 3180//2731 3181//2728
f 3181//2728 7172//3603 3178//3602
f 3178//3602 7172//3603 7171//3604
f 7172//3603 3181//2728 3182//2726
f 7172//3603 7173//3605 7224//3606
f 3182//2726 7173//3605 7172//3603
f 3182//2726 3183//2725 7173//3605
f 3183//2725 3184//2724 7173//3605
f 3184//2724 7174//3607 7173//3605
f 3184//2724 3185//2723 7177//3608
f 3186//2721 7177//3608 3185//2723
f 7177//3608 3186//2721 3187//3609
f 3187//3609 3186//2721 2369//2718
f 2369//2718 3186//2721 2373//2719
f 7177//3608 3187//3609 3188//2716
f 7177//3608 3188//2716 3189//3610
f 3189//3610 3188//2716 3190//3611
f 7176//3612 3189//3610 7180//3613
f 7180//3613 3189//3610 7181//3614
f 3189//3610 3190//3611 7181//3614
f 3192//3615 7182//3616 7181//3614
f 3190//3611 3192//3615 7181//3614
f 3192//3615 3191//3617 7182//3616
f 7221//3618 7183//3619 3191//3617
f 3191//3617 7183//3619 7182//3616
f 3192//3615 3193//3620 3191//3617
f 3193//3620 3192//3615 2364//2713
f 3194//2712 3193//3620 2364//2713
f 3193//3620 3194//2712 3196//3621
f 3191//3617 3193//3620 3195//3622
f 7220//3623 3191//3617 3195//3622
f 7220//3623 3195//3622 7222//3624
f 3383//3625 3195//3622 3196//3621
f 3196//3621 3195//3622 3193//3620
f 3196//3621 3197//2710 3383//3625
f 3196//3621 3198//2711 3197//2710
f 3196//3621 3194//2712 3198//2711
f 3381//3626 3197//2710 3199//2488
f 3199//2488 3200//3627 3370//3628
f 3381//3626 3199//2488 3370//3628
f 3200//3627 2141//2486 3201//2483
f 2141//2486 3200//3627 3199//2488
f 3368//3629 3200//3627 3201//2483
f 2140//2485 3368//3629 3201//2483
f 3363//3630 2140//2485 3364//3631
f 2140//2485 2139//2481 3364//3631
f 2139//2481 2138//2480 3364//3631
f 3202//2474 3203//3632 3364//3631
f 3363//3630 3364//3631 3203//3632
f 3204//3633 3363//3630 3203//3632
f 3202//2474 3205//3634 3203//3632
f 3203//3632 3206//3635 3361//3636
f 3205//3634 3206//3635 3203//3632
f 3206//3635 3205//3634 3207//2306
f 3208//2471 1977//2308 3205//3634
f 3205//3634 1977//2308 3207//2306
f 1977//2308 1975//2307 3207//2306
f 3207//2306 1975//2307 1974//2289
f 3202//2474 3208//2471 3205//3634
f 1968//2301 3206//3635 3207//2306
f 3207//2306 1971//2292 1968//2301
f 1968//2301 1970//2305 3206//3635
f 3209//3637 3361//3636 3206//3635
f 3206//3635 1970//2305 3209//3637
f 3209//3637 1970//2305 1969//2303
f 3210//3638 3209//3637 1969//2303
f 3210//3638 3358//3639 3209//3637
f 3210//3638 3359//3640 3358//3639
f 3211//2304 3210//3638 1969//2303
f 3359//3640 3210//3638 3211//2304
f 3215//3641 3359//3640 3211//2304
f 3214//3642 3215//3641 3211//2304
f 3211//2304 3212//3643 3214//3642
f 3213//3644 3212//3643 3211//2304
f 3216//3645 3215//3641 3214//3642
f 3212//3643 3217//3646 3216//3645
f 3214//3642 3212//3643 3216//3645
f 3220//3647 3216//3645 3217//3646
f 3219//3648 3216//3645 3220//3647
f 3228//3649 3218//3650 3219//3648
f 3228//3649 3219//3648 3220//3647
f 3217//3646 7238//3651 3220//3647
f 3221//2129 7238//3651 3217//3646
f 7267//3652 3221//2129 3217//3646
f 7267//3652 3222//3653 3221//2129
f 3223//3654 3221//2129 3222//3653
f 7239//3655 7238//3651 3221//2129
f 3225//3656 7239//3655 3224//2127
f 3226//3657 3225//3656 3224//2127
f 3227//2125 3226//3657 3224//2127
f 3228//3649 3356//3658 3218//3650
f 3229//3659 3356//3658 3228//3649
f 3366//3660 3229//3659 3354//3661
f 3354//3661 3227//2125 3230//3662
f 3229//3659 3227//2125 3354//3661
f 3230//3662 3227//2125 3335//3663
f 3335//3663 3227//2125 1789//2124
f 1789//2124 1785//2120 3335//3663
f 3335//3663 1785//2120 7237//2113
f 7237//2113 1785//2120 1784//2114
f 3233//3664 3334//3665 3335//3663
f 3232//2091 1771//2101 1762//2089
f 3238//3666 3235//3667 3232//2091
f 3235//3667 3237//3668 3232//2091
f 3233//3664 3231//2102 3232//2091
f 3237//3668 3234//3669 3233//3664
f 3234//3669 3334//3665 3233//3664
f 3338//3670 3334//3665 3234//3669
f 3338//3670 3292//3671 3339//3672
f 3292//3671 3338//3670 3234//3669
f 3292//3671 3234//3669 3235//3667
f 3292//3671 3235//3667 3236//3673
f 3236//3673 3291//3674 3290//3675
f 3235//3667 3238//3666 3236//3673
f 3288//3676 3291//3674 3239//3677
f 3288//3676 3239//3677 3283//3678
f 3241//2085 3239//3677 1750//2084
f 1750//2084 3239//3677 3240//2086
f 3239//3677 3238//3666 3240//2086
f 3238//3666 1763//2090 3240//2086
f 3238//3666 3232//2091 1763//2090
f 3236//3673 3238//3666 3239//3677
f 3257//3679 3271//3680 3272//3681
f 3257//3679 3272//3681 3242//2081
f 3242//2081 1744//1969 3257//3679
f 3243//2080 3258//3682 1744//1969
f 3256//3683 3258//3682 3243//2080
f 3243//2080 3244//1967 3246//2079
f 3246//2079 3245//2077 3255//3684
f 3247//2078 3254//3685 3255//3684
f 3255//3684 3245//2077 3247//2078
f 3247//2078 3253//3686 3254//3685
f 3248//2076 3253//3686 3247//2078
f 1742//1971 3248//2076 3247//2078
f 1644//1975 3251//2075 3248//2076
f 3251//2075 3252//3687 3248//2076
f 3249//1981 3267//1982 3266//3688
f 3249//1981 3266//3688 3250//2074
f 3250//2074 3266//3688 3251//2075
f 3248//2076 3252//3687 3263//3689
f 3252//3687 3264//3690 3263//3689
f 3253//3686 3263//3689 3261//3691
f 3253//3686 3261//3691 3254//3685
f 3262//3692 3255//3684 3254//3685
f 3254//3685 3261//3691 3262//3692
f 3256//3683 3255//3684 3262//3692
f 3258//3682 3256//3683 3259//3693
f 3259//3693 3256//3683 3262//3692
f 3258//3682 3257//3679 1744//1969
f 3274//3694 3271//3680 3257//3679
f 3274//3694 3259//3693 3275//3695
f 3258//3682 3259//3693 3274//3694
f 3275//3695 3259//3693 3270//3696
f 3261//3691 3260//3697 3262//3692
f 3261//3691 3263//3689 3260//3697
f 3262//3692 3260//3697 3270//3696
f 3263//3689 7234//3698 3260//3697
f 7234//3698 3263//3689 3264//3690
f 7234//3698 3264//3690 3278//3699
f 7234//3698 3278//3699 3268//3700
f 3305//3701 3278//3699 3264//3690
f 3265//3702 3306//3703 3305//3701
f 3265//3702 3305//3701 3264//3690
f 3267//1982 3306//3703 3265//3702
f 3252//3687 3265//3702 3264//3690
f 3266//3688 3267//1982 3265//3702
f 3266//3688 3265//3702 3251//2075
f 3251//2075 3265//3702 3252//3687
f 7153//1980 3728//3704 3267//1982
f 3728//3704 3306//3703 3267//1982
f 3269//3705 3268//3700 3277//3706
f 3269//3705 3277//3706 3276//3707
f 3276//3707 3270//3696 3269//3705
f 3271//3680 3274//3694 3282//3708
f 3272//3681 3271//3680 3282//3708
f 3283//3678 3273//2083 3272//3681
f 3273//2083 3283//3678 3241//2085
f 3239//3677 3241//2085 3283//3678
f 3284//3709 3283//3678 3272//3681
f 3282//3708 3284//3709 3272//3681
f 3274//3694 3275//3695 3285//3710
f 3285//3710 3275//3695 3281//3711
f 3281//3711 3275//3695 3276//3707
f 3281//3711 3276//3707 3277//3706
f 3277//3706 7232//3712 3281//3711
f 3277//3706 3268//3700 7232//3712
f 3268//3700 3278//3699 3304//3713
f 3268//3700 3304//3713 7233//3714
f 7233//3714 3304//3713 3310//3715
f 7233//3714 3310//3715 3303//3716
f 7233//3714 3303//3716 3302//3717
f 3279//3718 7233//3714 3302//3717
f 3279//3718 3302//3717 3301//3719
f 3301//3719 3280//3720 3279//3718
f 3285//3710 3281//3711 3286//3721
f 3282//3708 3274//3694 3285//3710
f 3287//3722 3282//3708 3285//3710
f 3288//3676 3283//3678 3284//3709
f 3284//3709 3282//3708 3287//3722
f 3285//3710 3286//3721 3294//3723
f 3287//3722 3285//3710 3294//3723
f 3287//3722 3289//3724 3284//3709
f 3289//3724 3287//3722 7230//3725
f 3289//3724 3288//3676 3284//3709
f 3333//3726 3288//3676 3289//3724
f 3332//3727 3333//3726 3289//3724
f 3333//3726 3290//3675 3288//3676
f 3290//3675 3292//3671 3236//3673
f 3291//3674 3288//3676 3290//3675
f 3290//3675 3339//3672 3292//3671
f 3290//3675 3333//3726 3339//3672
f 3332//3727 7229//3728 3293//3729
f 3318//3730 3293//3729 3294//3723
f 7231//3731 3318//3730 3294//3723
f 3298//3732 3312//3733 3296//3734
f 3296//3734 3297//3735 3298//3732
f 3295//3736 3297//3735 3296//3734
f 3298//3732 3311//3737 3312//3733
f 3303//3716 3311//3737 3298//3732
f 3299//3738 3303//3716 3298//3732
f 3299//3738 3298//3732 3297//3735
f 3297//3735 3300//3739 3299//3738
f 3286//3721 3301//3719 7231//3731
f 3286//3721 7231//3731 3294//3723
f 3300//3739 3301//3719 3302//3717
f 3302//3717 3299//3738 3300//3739
f 3302//3717 3303//3716 3299//3738
f 3309//3740 3310//3715 3304//3713
f 3305//3701 3309//3740 3304//3713
f 3305//3701 3304//3713 3278//3699
f 7152//2073 3308//3741 3728//3704
f 3307//3742 3734//3743 3308//3741
f 3308//3741 3732//3744 3728//3704
f 3728//3704 3309//3740 3306//3703
f 3306//3703 3309//3740 3305//3701
f 3309//3740 3323//3745 3322//3746
f 3858//3747 3323//3745 3309//3740
f 3322//3746 3321//3748 3310//3715
f 3303//3716 3310//3715 3321//3748
f 3303//3716 3321//3748 3311//3737
f 3312//3733 3320//3749 3319//3750
f 3312//3733 3311//3737 3320//3749
f 3319//3750 3296//3734 3312//3733
f 3317//3751 3296//3734 3319//3750
f 3318//3730 3295//3736 3317//3751
f 3317//3751 3295//3736 3296//3734
f 3314//3752 3293//3729 3318//3730
f 3313//3753 3293//3729 3314//3752
f 3332//3727 3293//3729 3313//3753
f 3332//3727 3313//3753 3314//3752
f 3315//3754 3314//3752 3316//3755
f 3317//3751 3331//3756 3316//3755
f 3318//3730 3317//3751 3316//3755
f 3318//3730 3316//3755 3314//3752
f 3317//3751 3319//3750 3326//3757
f 3326//3757 3319//3750 3320//3749
f 3311//3737 3324//3758 3320//3749
f 3311//3737 3329//3759 3324//3758
f 3321//3748 3329//3759 3311//3737
f 3322//3746 3329//3759 3321//3748
f 3322//3746 3323//3745 3329//3759
f 3323//3745 3725//3760 3726//3761
f 3323//3745 3726//3761 3329//3759
f 3324//3758 3329//3759 3330//3762
f 3324//3758 3328//3763 3325//3764
f 3320//3749 3325//3764 3326//3757
f 3320//3749 3324//3758 3325//3764
f 3317//3751 3326//3757 3331//3756
f 3331//3756 3326//3757 3327//3765
f 3327//3765 3326//3757 3325//3764
f 3325//3764 3328//3763 3327//3765
f 3324//3758 3330//3762 3328//3763
f 3329//3759 3347//3766 3330//3762
f 3329//3759 3726//3761 3347//3766
f 3346//3767 3330//3762 3347//3766
f 3330//3762 3346//3767 3345//3768
f 3328//3763 3330//3762 3345//3768
f 3328//3763 3345//3768 3327//3765
f 3327//3765 3345//3768 3349//3769
f 3327//3765 3349//3769 3344//3770
f 3343//3771 3331//3756 3344//3770
f 3344//3770 3331//3756 3327//3765
f 3342//3772 3315//3754 3316//3755
f 3341//3773 3315//3754 3342//3772
f 3332//3727 3315//3754 3341//3773
f 3332//3727 3314//3752 3315//3754
f 3333//3726 3332//3727 3340//3774
f 3340//3774 3339//3672 3333//3726
f 3336//3775 3335//3663 3334//3665
f 3336//3775 3230//3662 3335//3663
f 7228//3776 3352//3777 3336//3775
f 3336//3775 3352//3777 3230//3662
f 3352//3777 7228//3776 3337//3778
f 3340//3774 3351//3779 3395//3780
f 3338//3670 3337//3778 7228//3776
f 3336//3775 3338//3670 7228//3776
f 3338//3670 3339//3672 3337//3778
f 3339//3672 3340//3774 3395//3780
f 3337//3778 3339//3672 3395//3780
f 3397//3781 3340//3774 3341//3773
f 3350//3782 3397//3781 3341//3773
f 3341//3773 3342//3772 3350//3782
f 3342//3772 3343//3771 3350//3782
f 3340//3774 3332//3727 3341//3773
f 3342//3772 3331//3756 3343//3771
f 3331//3756 3342//3772 3316//3755
f 3721//3783 3344//3770 3349//3769
f 3720//3784 3344//3770 3721//3783
f 3343//3771 3344//3770 3720//3784
f 3345//3768 3348//3785 3349//3769
f 3345//3768 3346//3767 3348//3785
f 3346//3767 3347//3766 3724//3786
f 3346//3767 3724//3786 3723//3787
f 3346//3767 3723//3787 3348//3785
f 3719//3788 3349//3769 3348//3785
f 3348//3785 3722//3789 3719//3788
f 3721//3783 3349//3769 3719//3788
f 3720//3784 3350//3782 3343//3771
f 3350//3782 3398//3790 3397//3781
f 3394//3791 3351//3779 3397//3781
f 3395//3780 3396//3792 3337//3778
f 3337//3778 3396//3792 3352//3777
f 3352//3777 3354//3661 3230//3662
f 3353//3793 3354//3661 3352//3777
f 3353//3793 3352//3777 3396//3792
f 3392//3794 3353//3793 3396//3792
f 3392//3794 3376//3795 3353//3793
f 3353//3793 3376//3795 3354//3661
f 3376//3795 3366//3660 3354//3661
f 3366//3660 3355//3796 3229//3659
f 3360//3797 3362//3798 3204//3633
f 3204//3633 3357//3799 3360//3797
f 3358//3639 3360//3797 3357//3799
f 3359//3640 3360//3797 3358//3639
f 3215//3641 3218//3650 3359//3640
f 3356//3658 3360//3797 3218//3650
f 3215//3641 3216//3645 3218//3650
f 3218//3650 3360//3797 3359//3640
f 3218//3650 3216//3645 3219//3648
f 3362//3798 3360//3797 3356//3658
f 3209//3637 3358//3639 3357//3799
f 3361//3636 3209//3637 3357//3799
f 3203//3632 3361//3636 3357//3799
f 3204//3633 3203//3632 3357//3799
f 3362//3798 3363//3630 3204//3633
f 3355//3796 3362//3798 3356//3658
f 3365//3800 3362//3798 3355//3796
f 3365//3800 3369//3801 3362//3798
f 3369//3801 3363//3630 3362//3798
f 3369//3801 3368//3629 3363//3630
f 3366//3660 3365//3800 3355//3796
f 3379//3802 3365//3800 3366//3660
f 3378//3803 3379//3802 3366//3660
f 3365//3800 3379//3802 3375//3804
f 3367//3805 3368//3629 3375//3804
f 3368//3629 3369//3801 3375//3804
f 3365//3800 3375//3804 3369//3801
f 3371//3806 3200//3627 3367//3805
f 3200//3627 3371//3806 3370//3628
f 3372//3807 3371//3806 3367//3805
f 3372//3807 3367//3805 3373//3808
f 3373//3808 3380//3809 3372//3807
f 3373//3808 3374//3810 3380//3809
f 3374//3810 3375//3804 3379//3802
f 3375//3804 3374//3810 3373//3808
f 3373//3808 3367//3805 3375//3804
f 3376//3795 3377//3811 3378//3803
f 3376//3795 3378//3803 3366//3660
f 3393//3812 3392//3794 3396//3792
f 3391//3813 3377//3811 3376//3795
f 3391//3813 3376//3795 3392//3794
f 3377//3811 7193//3814 3378//3803
f 3378//3803 7193//3814 3379//3802
f 7193//3814 7192//3815 3379//3802
f 3374//3810 3379//3802 3390//3816
f 3380//3809 3390//3816 3389//3817
f 3389//3817 3382//3818 3380//3809
f 3380//3809 3382//3818 3371//3806
f 3371//3806 3382//3818 3370//3628
f 3382//3818 3381//3626 3370//3628
f 3197//2710 3381//3626 3382//3818
f 3383//3625 3197//2710 3382//3818
f 3383//3625 3382//3818 3389//3817
f 3389//3817 3385//3819 3384//3820
f 3195//3622 3383//3625 3389//3817
f 3195//3622 3389//3817 3384//3820
f 3384//3820 3385//3819 7222//3624
f 3385//3819 7188//3821 7222//3624
f 3386//3822 7188//3821 3385//3819
f 7189//3823 7188//3821 3386//3822
f 7190//3824 7189//3823 3386//3822
f 7196//3825 7190//3824 3386//3822
f 3388//3826 7196//3825 3386//3822
f 3388//3826 3386//3822 3387//3827
f 3387//3827 3390//3816 3388//3826
f 3387//3827 3389//3817 3390//3816
f 3389//3817 3386//3822 3385//3819
f 3387//3827 3386//3822 3389//3817
f 3390//3816 7192//3815 3388//3826
f 7192//3815 3390//3816 3379//3802
f 7194//3828 7193//3814 3377//3811
f 3391//3813 7195//3829 7194//3828
f 7195//3829 3391//3813 7201//3830
f 3711//3831 3394//3791 3712//3832
f 3396//3792 3395//3780 3394//3791
f 3394//3791 3395//3780 3351//3779
f 3394//3791 3393//3812 3396//3792
f 3399//3833 3398//3790 3350//3782
f 3397//3781 3398//3790 3401//3834
f 3401//3834 3712//3832 3397//3781
f 3399//3833 3400//3835 3872//3836
f 3712//3832 3401//3834 3714//3837
f 3711//3831 3392//3794 3393//3812
f 3711//3831 3393//3812 3394//3791
f 3402//3838 3391//3813 3711//3831
f 3404//3839 7201//3830 3402//3838
f 3404//3839 3402//3838 3406//3840
f 3403//3841 3406//3840 3402//3838
f 3709//3842 3406//3840 3403//3841
f 3406//3840 3709//3842 3700//3843
f 3405//3844 3404//3839 3406//3840
f 3468//3845 3405//3844 3406//3840
f 3406//3840 3700//3843 3469//3846
f 3470//3847 3469//3846 3700//3843
f 3406//3840 3469//3846 3468//3845
f 3467//3848 3405//3844 3468//3845
f 3465//3849 3407//3850 3405//3844
f 3409//3851 7202//3852 3408//3853
f 3464//3854 3409//3851 3408//3853
f 3410//3855 3409//3851 3464//3854
f 3411//3856 3410//3855 3464//3854
f 3411//3856 3464//3854 3463//3857
f 3411//3856 3462//3858 3412//3859
f 3412//3859 3462//3858 3413//3860
f 3461//3861 3458//3862 7214//3863
f 3413//3860 3461//3861 7214//3863
f 3416//3864 3414//3865 3455//3866
f 3455//3866 3415//3867 3416//3864
f 3416//3864 3415//3867 3417//3868
f 3419//3869 7211//3870 3454//3871
f 7211//3870 3417//3868 3454//3871
f 3419//3869 3454//3871 3418//3872
f 3421//3873 3453//3874 3448//3875
f 3421//3873 3419//3869 3453//3874
f 3419//3869 3418//3872 3453//3874
f 3419//3869 3421//3873 3420//3876
f 3420//3876 3421//3873 3447//3877
f 3444//3878 3420//3876 3447//3877
f 3420//3876 3422//3879 7210//3880
f 3442//3881 3422//3879 3420//3876
f 3422//3879 3423//3882 7175//3883
f 3424//3884 3423//3882 3425//3885
f 3425//3885 3423//3882 3443//3886
f 3423//3882 3422//3879 3443//3886
f 7227//3887 3425//3885 3426//3888
f 3426//3888 3425//3885 3443//3886
f 3427//3889 3426//3888 3435//3890
f 3427//3889 3435//3890 3429//3891
f 3428//3892 3427//3889 3429//3891
f 3429//3891 3436//3893 3431//3894
f 3430//3895 3429//3891 3431//3894
f 3434//3896 3430//3895 3431//3894
f 3430//3895 3580//3897 7226//3898
f 3561//3899 3580//3897 3430//3895
f 3430//3895 3434//3896 3561//3899
f 3176//3596 3560//3900 3559//3595
f 3559//3595 3432//2739 3176//3596
f 3173//3577 3432//2739 3559//3595
f 3171//3592 3560//3900 3558//3600
f 3172//3901 3558//3600 3433//3601
f 3571//3902 3433//3601 7171//3604
f 3571//3902 7171//3604 3572//3903
f 3562//3904 3434//3896 3557//3905
f 3434//3896 3562//3904 3561//3899
f 3434//3896 3438//3906 3557//3905
f 3434//3896 3431//3894 7163//3907
f 7163//3907 3431//3894 3436//3893
f 3435//3890 3436//3893 3429//3891
f 3436//3893 3435//3890 3440//3908
f 3437//3909 3436//3893 3440//3908
f 3436//3893 3437//3909 7163//3907
f 3567//3910 3438//3906 3437//3909
f 3567//3910 3437//3909 3439//3911
f 3439//3911 3440//3908 3553//3912
f 3553//3912 3440//3908 3441//3913
f 3440//3908 3426//3888 3441//3913
f 3426//3888 3440//3908 3435//3890
f 3441//3913 3443//3886 3442//3881
f 3443//3886 3441//3913 3426//3888
f 3422//3879 3442//3881 3443//3886
f 7164//3914 3442//3881 3444//3878
f 3442//3881 3420//3876 3444//3878
f 3445//3915 7164//3914 3444//3878
f 3445//3915 3444//3878 3447//3877
f 3441//3913 3442//3881 7164//3914
f 3555//3916 3553//3912 7164//3914
f 3553//3912 3441//3913 7164//3914
f 3552//3917 3445//3915 3450//3918
f 3552//3917 3450//3918 3509//3919
f 3445//3915 3552//3917 3556//3920
f 3556//3920 7164//3914 3445//3915
f 3445//3915 3446//3921 3450//3918
f 3446//3921 3447//3877 3452//3922
f 3447//3877 3421//3873 3448//3875
f 3448//3875 3452//3922 3447//3877
f 3448//3875 3449//3923 3452//3922
f 3450//3918 3446//3921 3452//3922
f 3451//3924 3450//3918 3452//3922
f 3551//3925 3450//3918 3451//3924
f 3509//3919 3450//3918 3551//3925
f 3452//3922 3508//3926 3451//3924
f 3449//3923 3508//3926 3452//3922
f 3507//3927 3508//3926 7169//3928
f 3508//3926 3449//3923 7169//3928
f 3506//3929 3507//3927 7169//3928
f 3449//3923 3453//3874 7169//3928
f 3448//3875 3453//3874 3449//3923
f 7169//3928 3453//3874 3457//3930
f 3453//3874 3415//3867 3457//3930
f 3453//3874 3418//3872 3415//3867
f 3415//3867 3418//3872 3454//3871
f 3415//3867 3454//3871 3417//3868
f 3455//3866 3457//3930 3415//3867
f 3455//3866 3456//3931 3457//3930
f 3414//3865 3456//3931 3455//3866
f 3414//3865 3458//3862 3456//3931
f 3458//3862 3459//3932 3456//3931
f 3481//3933 3456//3931 3459//3932
f 3460//3934 3459//3932 3458//3862
f 3458//3862 3461//3861 3460//3934
f 3413//3860 3462//3858 3461//3861
f 3462//3858 3478//3935 3461//3861
f 3462//3858 3411//3856 3478//3935
f 3411//3856 3463//3857 3478//3935
f 3478//3935 3463//3857 3464//3854
f 3477//3936 3478//3935 3464//3854
f 3466//3937 3464//3854 3408//3853
f 3465//3849 3466//3937 3408//3853
f 3466//3937 3465//3849 3405//3844
f 3474//3938 3466//3937 3467//3848
f 3467//3848 3466//3937 3405//3844
f 3471//3939 3468//3845 3469//3846
f 3471//3939 3469//3846 3472//3940
f 3470//3847 3472//3940 3469//3846
f 3470//3847 3701//3941 3472//3940
f 3686//3942 3685//3943 3472//3940
f 3472//3940 3685//3943 3471//3939
f 3471//3939 3685//3943 3473//3944
f 3473//3944 3468//3845 3471//3939
f 3473//3944 3474//3938 3468//3845
f 3474//3938 3473//3944 3683//3945
f 3474//3938 3683//3945 3475//3946
f 3474//3938 3475//3946 3476//3947
f 3467//3848 3468//3845 3474//3938
f 3479//3948 3477//3936 3476//3947
f 3478//3935 3477//3936 3479//3948
f 3460//3934 3478//3935 3479//3948
f 3461//3861 3478//3935 3460//3934
f 3459//3932 3460//3934 3479//3948
f 3459//3932 3479//3948 3481//3933
f 3481//3933 3479//3948 3480//3949
f 3476//3947 3475//3946 3479//3948
f 3480//3949 3475//3946 3494//3950
f 3479//3948 3475//3946 3480//3949
f 3495//3951 3482//3952 3480//3949
f 3504//3953 3482//3952 3495//3951
f 3482//3952 3481//3933 3480//3949
f 3457//3930 3456//3931 3482//3952
f 3506//3929 3457//3930 3482//3952
f 3491//3954 3504//3953 3495//3951
f 3492//3955 3495//3951 3494//3950
f 3495//3951 3480//3949 3494//3950
f 3494//3950 3475//3946 3483//3956
f 3483//3956 3475//3946 3683//3945
f 3682//3957 3483//3956 3683//3945
f 3484//3958 3493//3959 3483//3956
f 3484//3958 3483//3956 3682//3957
f 3493//3959 3484//3958 3485//3960
f 3682//3957 3485//3960 3484//3958
f 3681//3961 3485//3960 3948//3962
f 3486//3963 3485//3960 3681//3961
f 3485//3960 3486//3963 3487//3964
f 3487//3964 3486//3963 3488//3965
f 3527//3966 3488//3965 3486//3963
f 3527//3966 3489//3967 3488//3965
f 3489//3967 7170//3968 3488//3965
f 7170//3968 3489//3967 3490//3969
f 3491//3954 7170//3968 3490//3969
f 7170//3968 3491//3954 3492//3955
f 7170//3968 3492//3955 3493//3959
f 3492//3955 3494//3950 3493//3959
f 3491//3954 3495//3951 3492//3955
f 3497//3970 3491//3954 3490//3969
f 3497//3970 3503//3971 3504//3953
f 3497//3970 3496//3972 3503//3971
f 3497//3970 3504//3953 3491//3954
f 3503//3971 3496//3972 3498//3973
f 3498//3973 3496//3972 3489//3967
f 3489//3967 3496//3972 3497//3970
f 3498//3973 3489//3967 3526//3974
f 3525//3975 3498//3973 3526//3974
f 3499//3976 3498//3973 3525//3975
f 3500//3977 3499//3976 7167//3978
f 3501//3979 3502//3980 3500//3977
f 3502//3980 3503//3971 3500//3977
f 3504//3953 3502//3980 3516//3981
f 3503//3971 3502//3980 3504//3953
f 3516//3981 3505//3982 3504//3953
f 3505//3982 3482//3952 3504//3953
f 3512//3983 3506//3929 3511//3984
f 3512//3983 3507//3927 3506//3929
f 3508//3926 3507//3927 3512//3983
f 3508//3926 3550//3985 7165//3986
f 3550//3985 3508//3926 3512//3983
f 3592//3987 3451//3924 7165//3986
f 3451//3924 3592//3987 3551//3925
f 3590//3988 3509//3919 3551//3925
f 3593//3989 3550//3985 3512//3983
f 3593//3989 3512//3983 3520//3990
f 3510//3991 3594//3992 3549//3993
f 3549//3993 3595//3994 3510//3991
f 3595//3994 3520//3990 3511//3984
f 3595//3994 3511//3984 3510//3991
f 3520//3990 3512//3983 3511//3984
f 3547//3995 3513//3996 3521//3997
f 3548//3998 3513//3996 3547//3995
f 3521//3997 3513//3996 3519//3999
f 3548//3998 3514//4000 3513//3996
f 3510//3991 3514//4000 3548//3998
f 3515//4001 3514//4000 3510//3991
f 3510//3991 3511//3984 3515//4001
f 3511//3984 3506//3929 3505//3982
f 3515//4001 3511//3984 3505//3982
f 3517//4002 3514//4000 3515//4001
f 3515//4001 3505//3982 3516//3981
f 3517//4002 3515//4001 3516//3981
f 3514//4000 3517//4002 3518//4003
f 3516//3981 3501//3979 3517//4002
f 3502//3980 3501//3979 3516//3981
f 3501//3979 3500//3977 3517//4002
f 7167//3978 3517//4002 3500//3977
f 7167//3978 7168//4004 3517//4002
f 3517//4002 7168//4004 3518//4003
f 3514//4000 3518//4003 3513//3996
f 3513//3996 3518//4003 7168//4004
f 7168//4004 3522//4005 3519//3999
f 7168//4004 3519//3999 3513//3996
f 7166//4006 3521//3997 3519//3999
f 4173//4007 3667//4008 7166//4006
f 3667//4008 3521//3997 7166//4006
f 3521//3997 3667//4008 3668//4009
f 3547//3995 3521//3997 3668//4009
f 3546//4010 3522//4005 3531//4011
f 3546//4010 7166//4006 3522//4005
f 3522//4005 3523//4012 3530//4013
f 3530//4013 3523//4012 3529//4014
f 3529//4014 3523//4012 3524//4015
f 3524//4015 3523//4012 3525//3975
f 3525//3975 3526//3974 3524//4015
f 3526//3974 3527//3966 7157//4016
f 7157//4016 3527//3966 3679//4017
f 3524//4015 7157//4016 3529//4014
f 3676//4018 3529//4014 7157//4016
f 3675//4019 3529//4014 3676//4018
f 3528//4020 3529//4014 3675//4019
f 3528//4020 3534//4021 3529//4014
f 3534//4021 3528//4020 3535//4022
f 3529//4014 3534//4021 3532//4023
f 3532//4023 3530//4013 3529//4014
f 3532//4023 3531//4011 3530//4013
f 3531//4011 3532//4023 3545//4024
f 3532//4023 3539//4025 3545//4024
f 3532//4023 3534//4021 3533//4026
f 3532//4023 3533//4026 3540//4027
f 3540//4027 3534//4021 3535//4022
f 3533//4026 3534//4021 3540//4027
f 3536//4028 3535//4022 3528//4020
f 3674//4029 3536//4028 3528//4020
f 3537//4030 3535//4022 3536//4028
f 3540//4027 3535//4022 3537//4030
f 3965//4031 3538//4032 3537//4030
f 3538//4032 3965//4031 3541//4033
f 3539//4025 3538//4032 3542//4034
f 3539//4025 3540//4027 3538//4032
f 3542//4034 3538//4032 3541//4033
f 3543//4035 3542//4034 3541//4033
f 3672//4036 3543//4035 3541//4033
f 3543//4035 3671//4037 3542//4034
f 3545//4024 3542//4034 3671//4037
f 3531//4011 3545//4024 3546//4010
f 3545//4024 3671//4037 3546//4010
f 3671//4037 3670//4038 3546//4010
f 3670//4038 3671//4037 3966//4039
f 4190//4040 3547//3995 3668//4009
f 3548//3998 3547//3995 4190//4040
f 4191//4041 3548//3998 4190//4040
f 4192//4042 3548//3998 4191//4041
f 3666//4043 3595//3994 3549//3993
f 3549//3993 3594//3992 3666//4043
f 3551//3925 3592//3987 3590//3988
f 3552//3917 3509//3919 3591//4044
f 3554//4045 3553//3912 3555//3916
f 3554//4045 3439//3911 3553//3912
f 3564//4046 3439//3911 3554//4045
f 3587//4047 3565//4048 3556//3920
f 3566//4049 3555//3916 3565//4048
f 3566//4049 3554//4045 3555//3916
f 3571//3902 3172//3901 3433//3601
f 3170//3593 3558//3600 3172//3901
f 3558//3600 3170//3593 3171//3592
f 3559//3595 3560//3900 3169//3591
f 3560//3900 3168//3589 3169//3591
f 3168//3589 3560//3900 3171//3592
f 3570//4050 3172//3901 3571//3902
f 3562//3904 3557//3905 3569//4051
f 3569//4051 3557//3905 3563//4052
f 3561//3899 3562//3904 3581//4053
f 3562//3904 7158//4054 3581//4053
f 7158//4054 3562//3904 3569//4051
f 3569//4051 3563//4052 3568//4055
f 3585//4056 3564//4046 3554//4045
f 7160//4057 3554//4045 3566//4049
f 3589//4058 3591//4044 3599//4059
f 3586//4060 3565//4048 3587//4047
f 3586//4060 3566//4049 3565//4048
f 3586//4060 7160//4057 3566//4049
f 3567//3910 3585//4056 3583//4061
f 3564//4046 3585//4056 3567//3910
f 3583//4061 3568//4055 3567//3910
f 3568//4055 3563//4052 3567//3910
f 3582//4062 3569//4051 3568//4055
f 3568//4055 3583//4061 3582//4062
f 3570//4050 3571//3902 3572//3903
f 3579//4063 3570//4050 3572//3903
f 3581//4053 3580//3897 3561//3899
f 3578//4064 3572//3903 3580//3897
f 3578//4064 3579//4063 3572//3903
f 3576//3594 3172//3901 3570//4050
f 3575//3585 3573//3590 3576//3594
f 3574//3586 3573//3590 3575//3585
f 3165//3583 3166//3587 3574//3586
f 3575//3585 7091//4065 7089//3584
f 7091//4065 3575//3585 3577//4066
f 3577//4066 3575//3585 3576//3594
f 3624//4067 3570//4050 3579//4063
f 3624//4067 3576//3594 3570//4050
f 3576//3594 3624//4067 3577//4066
f 3624//4067 3625//4068 3577//4066
f 3623//4069 3636//4070 3624//4067
f 3623//4069 3624//4067 3578//4064
f 3623//4069 3578//4064 3622//4071
f 3578//4064 3624//4067 3579//4063
f 3578//4064 3580//3897 3581//4053
f 7158//4054 3569//4051 3582//4062
f 7158//4054 3582//4062 7162//4072
f 7162//4072 3582//4062 7159//4073
f 7159//4073 3583//4061 3584//4074
f 3584//4074 7161//4075 7159//4073
f 7161//4075 3584//4074 3606//4076
f 3606//4076 3585//4056 7160//4057
f 3584//4074 3585//4056 3606//4076
f 3585//4056 3584//4074 3583//4061
f 3587//4047 3588//4077 3605//4078
f 3605//4078 3586//4060 3587//4047
f 3588//4077 3589//4058 3603//4079
f 3589//4058 3588//4077 3587//4047
f 3599//4059 3590//3988 3600//4080
f 3599//4059 3591//4044 3590//3988
f 3589//4058 3552//3917 3591//4044
f 3556//3920 3589//4058 3587//4047
f 3552//3917 3589//4058 3556//3920
f 3597//4081 3592//3987 3601//4082
f 3598//4083 3592//3987 3597//4081
f 3596//4084 3601//4082 3593//3989
f 3596//4084 3593//3989 3650//4085
f 4194//4086 3594//3992 4192//4042
f 3594//3992 4194//4086 3666//4043
f 3612//4087 3596//4084 3650//4085
f 3610//4088 3597//4081 3611//4089
f 3597//4081 3610//4088 3602//4090
f 3598//4083 3597//4081 3602//4090
f 3599//4059 3598//4083 3603//4079
f 3598//4083 3602//4090 3603//4079
f 3600//4080 3598//4083 3599//4059
f 3611//4089 3601//4082 3596//4084
f 3601//4082 3611//4089 3597//4081
f 3602//4090 3610//4088 3603//4079
f 3603//4079 3610//4088 3609//4091
f 3604//4092 3603//4079 3609//4091
f 3604//4092 3588//4077 3603//4079
f 3588//4077 3604//4092 3617//4093
f 3588//4077 3617//4093 3605//4078
f 3608//4094 3586//4060 3605//4078
f 3618//4095 3607//4096 3606//4076
f 3658//4097 3618//4095 3608//4094
f 3618//4095 3606//4076 3608//4094
f 3604//4092 3616//4098 3617//4093
f 3616//4098 3604//4092 3609//4091
f 3616//4098 3609//4091 3615//4099
f 3615//4099 3609//4091 3614//4100
f 3609//4091 3610//4088 3614//4100
f 3614//4100 3610//4088 3613//4101
f 3613//4101 3610//4088 3611//4089
f 3611//4089 3612//4087 3649//4102
f 3649//4102 3613//4101 3611//4089
f 3616//4098 3648//4103 3617//4093
f 3617//4093 3648//4103 3646//4104
f 3658//4097 3617//4093 3646//4104
f 3645//4105 3618//4095 4225//4106
f 3645//4105 3607//4096 3618//4095
f 3607//4096 3645//4105 3619//4107
f 3620//4108 3621//4109 3640//4110
f 3637//4111 3622//4071 3638//4112
f 3637//4111 3623//4069 3622//4071
f 3636//4070 3623//4069 3637//4111
f 3636//4070 3625//4068 3624//4067
f 3626//4113 3625//4068 3636//4070
f 3626//4113 3635//4114 3627//4115
f 3627//4115 3633//4116 3628//4117
f 3629//4118 3628//4117 3633//4116
f 3633//4116 3630//4119 3629//4118
f 3630//4119 3633//4116 3631//4120
f 3630//4119 3631//4120 7104//4121
f 7110//4122 3632//4123 3631//4120
f 3631//4120 3632//4123 7104//4121
f 4235//4124 7110//4122 3631//4120
f 4236//4125 7110//4122 4235//4124
f 3631//4120 3633//4116 4235//4124
f 4235//4124 3633//4116 4234//4126
f 4234//4126 3633//4116 3634//4127
f 3633//4116 3627//4115 3634//4127
f 3634//4127 3627//4115 3635//4114
f 4233//4128 3634//4127 3635//4114
f 3642//4129 3635//4114 3626//4113
f 3642//4129 3626//4113 3636//4070
f 3636//4070 3637//4111 3644//4130
f 3644//4130 3637//4111 3638//4112
f 3638//4112 3620//4108 3639//4131
f 3638//4112 3639//4131 3644//4130
f 3639//4131 3641//4132 3643//4133
f 3641//4132 3620//4108 3640//4110
f 3641//4132 3639//4131 3620//4108
f 3639//4131 3643//4133 3644//4130
f 4231//4134 3636//4070 3644//4130
f 3636//4070 4231//4134 3642//4129
f 4232//4135 3642//4129 4231//4134
f 4230//4136 4231//4134 3644//4130
f 4829//4137 4230//4136 4229//4138
f 4229//4138 3643//4133 4228//4139
f 4229//4138 3644//4130 3643//4133
f 4230//4136 3644//4130 4229//4138
f 3643//4133 3641//4132 4228//4139
f 4227//4140 4228//4139 3640//4110
f 3640//4110 4228//4139 3641//4132
f 4226//4141 4227//4140 3645//4105
f 4226//4141 3645//4105 4225//4106
f 3657//4142 3658//4097 3646//4104
f 3657//4142 3646//4104 3655//4143
f 3647//4144 3655//4143 3648//4103
f 3646//4104 3648//4103 3655//4143
f 3648//4103 3615//4099 3647//4144
f 3654//4145 3647//4144 3614//4100
f 3614//4100 3647//4144 3615//4099
f 3614//4100 3649//4102 3654//4145
f 3651//4146 3652//4147 3649//4102
f 3612//4087 3651//4146 3649//4102
f 3665//4148 3612//4087 3650//4085
f 3665//4148 3650//4085 3595//3994
f 3665//4148 3595//3994 3666//4043
f 3663//4149 3651//4146 3665//4148
f 3652//4147 3651//4146 3663//4149
f 4219//4150 7133//4151 3652//4147
f 3652//4147 7133//4151 3653//4152
f 3654//4145 3652//4147 3653//4152
f 3653//4152 3647//4144 3654//4145
f 3655//4143 3647//4144 3653//4152
f 3653//4152 3662//4153 3655//4143
f 3655//4143 3656//4154 3657//4142
f 3660//4155 3657//4142 3656//4154
f 3657//4142 3660//4155 4224//4156
f 3659//4157 3657//4142 4224//4156
f 3659//4157 3658//4097 3657//4142
f 4225//4106 3658//4097 3659//4157
f 4863//4158 3659//4157 4224//4156
f 3660//4155 4223//4159 4868//4160
f 4868//4160 4224//4156 3660//4155
f 4223//4159 3660//4155 3661//4161
f 3661//4161 3656//4154 3662//4153
f 3660//4155 3656//4154 3661//4161
f 3661//4161 3662//4153 4221//4162
f 3655//4143 3662//4153 3656//4154
f 7134//4163 4219//4150 3663//4149
f 7134//4163 3663//4149 3664//4164
f 3664//4164 7135//4165 7134//4163
f 4219//4150 3652//4147 3663//4149
f 3667//4008 4189//4166 4190//4040
f 4189//4166 3667//4008 4197//4167
f 4197//4167 3667//4008 4173//4007
f 3668//4009 3667//4008 4190//4040
f 4171//4168 3670//4038 4170//4169
f 3670//4038 3969//4170 4170//4169
f 3670//4038 4171//4168 3669//4171
f 3546//4010 3670//4038 3669//4171
f 3671//4037 3544//4172 3966//4039
f 3544//4172 3671//4037 3543//4035
f 3967//4173 3543//4035 3672//4036
f 4157//4174 3672//4036 3965//4031
f 3672//4036 3541//4033 3965//4031
f 3537//4030 3964//4175 3965//4031
f 3675//4019 3676//4018 3957//4176
f 3957//4176 3678//4177 3958//4178
f 3958//4178 3678//4177 3677//4179
f 3678//4177 3947//4180 3677//4179
f 3678//4177 3679//4017 3947//4180
f 3486//3963 3681//3961 3680//4181
f 3527//3966 3486//3963 3680//4181
f 3680//4181 3681//3961 3679//4017
f 3948//3962 3679//4017 3681//3961
f 3684//4182 3948//3962 3682//3957
f 3682//3957 3683//3945 3684//4182
f 3473//3944 3684//4182 3683//3945
f 3685//3943 3684//4182 3473//3944
f 3684//4182 3685//3943 3946//4183
f 3685//3943 3686//3942 3943//4184
f 3943//4184 3686//3942 3687//4185
f 3686//3942 3688//4186 3687//4185
f 3941//4187 3687//4185 3688//4186
f 3689//4188 3941//4187 3688//4186
f 3690//4189 3940//4190 3941//4187
f 3691//4191 3940//4190 3690//4189
f 3692//4192 3940//4190 3691//4191
f 3692//4192 3979//4193 3940//4190
f 3939//4194 3979//4193 3692//4192
f 3694//4195 3691//4191 3693//4196
f 3881//4197 3694//4195 3695//4198
f 3694//4195 3693//4196 3695//4198
f 3695//4198 3696//4199 3697//4200
f 3696//4199 3698//4201 3697//4200
f 3697//4200 3698//4201 3883//4202
f 3883//4202 3698//4201 3699//4203
f 3704//4204 3699//4203 3700//3843
f 3700//3843 3709//3842 3704//4204
f 3699//4203 3470//3847 3700//3843
f 3470//3847 3699//4203 3698//4201
f 3698//4201 3696//4199 3701//3941
f 3698//4201 3701//3941 3470//3847
f 3689//4188 3701//3941 3702//4205
f 3696//4199 3702//4205 3701//3941
f 3695//4198 3693//4196 3702//4205
f 3695//4198 3702//4205 3696//4199
f 3702//4205 3693//4196 3703//4206
f 3703//4206 3691//4191 3690//4189
f 3690//4189 3941//4187 3689//4188
f 3703//4206 3690//4189 3702//4205
f 3690//4189 3689//4188 3702//4205
f 3689//4188 3688//4186 3701//3941
f 3703//4206 3693//4196 3691//4191
f 3705//4207 3699//4203 3704//4204
f 3705//4207 3884//4208 3699//4203
f 3706//4209 3882//4210 3884//4208
f 3884//4208 3707//4211 3706//4209
f 3705//4207 3707//4211 3884//4208
f 3709//3842 3865//4212 3710//4213
f 3708//4214 3865//4212 3709//3842
f 3403//3841 3708//4214 3709//3842
f 3710//4213 3704//4204 3709//3842
f 3710//4213 3705//4207 3704//4204
f 3403//3841 3865//4212 3708//4214
f 3403//3841 3711//3831 3712//3832
f 3712//3832 3714//3837 3713//4215
f 3872//3836 3714//3837 3399//3833
f 3863//4216 3715//4217 3862//4218
f 3864//4219 3715//4217 3863//4216
f 3716//4220 3862//4218 3715//4217
f 3716//4220 3717//4221 3862//4218
f 3718//4222 3716//4220 7156//4223
f 3718//4222 3717//4221 3716//4220
f 7156//4223 3719//3788 3718//4222
f 7155//4224 3719//3788 7156//4223
f 3720//3784 3721//3783 3400//3835
f 3720//3784 3399//3833 3350//3782
f 7155//4224 3721//3783 3719//3788
f 3348//3785 3723//3787 3722//3789
f 3723//3787 3724//3786 3854//4225
f 3723//3787 3854//4225 3717//4221
f 3723//3787 3717//4221 3718//4222
f 3722//3789 3723//3787 3718//4222
f 3722//3789 3718//4222 3719//3788
f 3853//4226 3854//4225 3724//3786
f 3725//3760 3859//4227 3853//4226
f 3858//3747 3859//4227 3725//3760
f 3853//4226 3724//3786 3347//3766
f 3726//3761 3725//3760 3853//4226
f 3726//3761 3853//4226 3347//3766
f 3727//4228 3855//4229 3852//4230
f 3728//3704 3732//3744 3858//3747
f 3729//4231 3851//4232 3727//4228
f 3850//4233 3851//4232 3730//4234
f 3730//4234 3851//4232 3729//4231
f 3728//3704 3858//3747 3309//3740
f 3732//3744 3731//4235 7154//4236
f 3733//4237 3731//4235 3732//3744
f 3308//3741 3733//4237 3732//3744
f 3734//3743 3733//4237 3308//3741
f 3735//4238 3753//4239 3734//3743
f 3752//4240 3754//4241 3753//4239
f 3752//4240 3753//4239 3735//4238
f 3736//4242 3752//4240 3735//4238
f 3737//4243 3735//4238 7152//2073
f 3738//2071 3737//4243 7152//2073
f 3743//4244 3737//4243 3738//2071
f 3743//4244 3742//2069 3736//4242
f 3743//4244 3740//2070 3742//2069
f 3740//2070 3743//4244 3738//2071
f 7151//2023 3746//2068 3739//2028
f 1734//2066 3748//4245 3747//2067
f 3746//2068 3741//4246 3739//2028
f 3741//4246 3745//4247 3744//4248
f 3741//4246 3744//4248 3742//2069
f 3742//2069 3744//4248 3736//4242
f 3743//4244 3736//4242 3735//4238
f 3743//4244 3735//4238 3737//4243
f 3744//4248 3751//4249 3749//4250
f 3745//4247 3751//4249 3744//4248
f 3745//4247 3750//4230 3751//4249
f 3746//2068 3750//4230 3745//4247
f 3747//2067 3756//4251 3746//2068
f 3748//4245 3756//4251 3747//2067
f 3748//4245 3760//4252 3756//4251
f 3749//4250 3751//4249 3752//4240
f 3756//4251 3844//4253 3764//4254
f 3756//4251 3764//4254 3750//4230
f 3750//4230 3764//4254 3751//4249
f 3751//4249 3764//4254 3755//4255
f 3751//4249 3755//4255 3752//4240
f 3752//4240 3755//4255 3754//4241
f 3753//4239 3733//4237 3734//3743
f 3753//4239 3763//4256 3733//4237
f 3754//4241 3762//4257 3845//4258
f 3763//4256 3754//4241 3845//4258
f 3755//4255 3762//4257 3754//4241
f 3754//4241 3763//4256 3753//4239
f 3756//4251 3760//4252 3761//4259
f 3748//4245 3769//4260 3760//4252
f 3757//4261 3769//4260 3748//4245
f 1734//2066 3757//4261 3748//4245
f 1733//2057 3759//2065 3757//4261
f 1733//2057 3757//4261 1734//2066
f 3770//2061 3835//4262 3758//2063
f 3758//2063 3835//4262 3768//4263
f 3758//2063 3768//4263 3759//2065
f 3759//2065 3768//4263 3767//4264
f 3769//4260 3759//2065 3767//4264
f 3769//4260 3766//4265 3760//4252
f 3760//4252 3766//4265 3761//4259
f 3761//4259 3844//4253 3756//4251
f 3761//4259 3843//4266 3844//4253
f 3764//4254 3847//4267 3762//4257
f 3764//4254 3762//4257 3755//4255
f 3847//4267 3846//4268 3762//4257
f 3762//4257 3846//4268 3845//4258
f 3763//4256 3845//4258 3730//4234
f 3844//4253 3847//4267 3764//4254
f 3765//4269 3836//4270 3842//4271
f 3765//4269 3842//4271 3766//4265
f 3766//4265 3843//4266 3761//4259
f 3766//4265 3842//4271 3843//4266
f 3767//4264 3837//4272 3836//4270
f 3767//4264 3836//4270 3765//4269
f 3768//4263 3839//4273 3838//4274
f 3768//4263 3838//4274 3767//4264
f 3769//4260 3767//4264 3765//4269
f 3769//4260 3765//4269 3766//4265
f 3770//2061 3902//4275 3835//4262
f 3831//2060 3902//4275 3770//2061
f 3771//4276 7149//4277 3830//2062
f 3771//4276 3830//2062 1730//2053
f 3772//4278 3771//4276 1730//2053
f 3772//4278 1730//2053 3773//2052
f 3786//4279 3775//2046 1721//2040
f 3776//4280 3779//4281 3785//2045
f 3779//4281 3776//4280 3778//1894
f 3778//1894 3776//4280 3777//1895
f 3777//1895 3776//4280 1720//2044
f 3777//1895 1720//2044 1582//1610
f 1582//1610 1720//2044 1718//1900
f 1582//1610 1718//1900 1583//1606
f 1583//1606 1718//1900 1584//1896
f 3780//1893 3779//4281 3778//1894
f 3781//4282 3779//4281 3780//1893
f 3781//4282 3780//1893 1580//1892
f 1579//1891 3784//4283 3781//4282
f 3781//4282 3784//4283 3779//4281
f 1575//1885 1579//1891 3781//4282
f 1579//1891 1578//1884 1577//1890
f 1577//1890 3783//4284 3782//4285
f 3791//4286 3790//4287 3783//4284
f 1577//1890 3791//4286 3783//4284
f 3783//4284 3790//4287 3788//4288
f 3786//4279 3784//4283 3782//4285
f 3785//2045 3784//4283 3786//4279
f 3782//4285 3789//4289 3775//2046
f 3786//4279 3782//4285 3775//2046
f 3788//4288 3772//4278 3787//4290
f 3787//4290 3772//4278 3773//2052
f 3787//4290 3773//2052 3774//2048
f 3789//4289 3774//2048 3775//2046
f 3774//2048 3789//4289 3787//4290
f 3788//4288 3823//4291 3772//4278
f 3787//4290 3789//4289 3788//4288
f 3783//4284 3789//4289 3782//4285
f 3783//4284 3788//4288 3789//4289
f 3788//4288 3790//4287 3823//4291
f 3823//4291 3790//4287 3824//4292
f 3790//4287 3822//4293 3824//4292
f 3791//4286 3822//4293 3790//4287
f 3813//1889 3814//4294 3791//4286
f 3813//1889 3791//4286 1577//1890
f 3797//1888 3815//4295 3813//1889
f 1576//1886 3796//4296 3797//1888
f 3796//4296 1576//1886 3794//1887
f 3792//1882 3794//1887 1574//1883
f 3792//1882 3793//1877 3801//47
f 3801//47 3793//1877 3802//1879
f 3795//45 3796//4296 3794//1887
f 3799//42 3812//4297 3797//1888
f 3799//42 3798//4298 3812//4297
f 3799//42 3797//1888 3800//43
f 3800//43 3796//4296 3795//45
f 3795//45 21//44 3800//43
f 3802//1879 3809//4299 3801//47
f 3803//1875 3809//4299 3802//1879
f 3809//4299 3803//1875 3804//4300
f 3804//4300 3803//1875 1570//1874
f 3804//4300 25//52 3809//4299
f 3805//4301 25//52 3804//4300
f 3805//4301 3804//4300 3807//1873
f 3805//4301 3807//1873 3806//4302
f 3804//4300 1570//1874 3807//1873
f 1553//1860 3807//1873 3808//1862
f 3806//4302 3807//1873 1553//1860
f 1552//54 3806//4302 1553//1860
f 3806//4302 1552//54 3805//4301
f 3805//4301 1552//54 25//52
f 24//50 3809//4299 25//52
f 23//48 3809//4299 24//50
f 3801//47 3809//4299 23//48
f 3795//45 3794//1887 3801//47
f 3801//47 3794//1887 3792//1882
f 3800//43 3797//1888 3796//4296
f 3799//42 3810//41 3798//4298
f 3810//41 3819//4303 3798//4298
f 3811//40 4034//4304 3819//4303
f 3811//40 3819//4303 3810//41
f 3798//4298 3819//4303 3820//4305
f 3817//4306 3798//4298 3820//4305
f 3798//4298 3817//4306 3812//4297
f 3812//4297 3817//4306 3816//4307
f 3812//4297 3816//4307 3815//4295
f 3812//4297 3815//4295 3797//1888
f 3815//4295 3814//4294 3813//1889
f 3816//4307 3825//4308 3815//4295
f 3815//4295 3825//4308 3814//4294
f 3825//4308 3822//4293 3814//4294
f 3817//4306 3826//4309 3816//4307
f 3816//4307 3826//4309 3821//4310
f 3818//32 4035//4311 4034//4304
f 3818//32 4034//4304 3811//40
f 2872//31 7139//3257 3818//32
f 7139//3257 4035//4311 3818//32
f 4035//4311 4037//4312 4034//4304
f 4037//4312 4033//4313 4034//4304
f 4034//4304 4031//4314 3819//4303
f 3819//4303 4031//4314 4030//4315
f 3819//4303 4030//4315 3820//4305
f 3826//4309 3820//4305 4030//4315
f 3826//4309 3827//4316 3821//4310
f 3821//4310 3827//4316 3825//4308
f 3791//4286 3814//4294 3822//4293
f 3822//4293 4027//4317 3907//4318
f 3825//4308 4027//4317 3822//4293
f 3822//4293 3907//4318 3829//4319
f 3822//4293 3829//4319 3824//4292
f 3823//4291 3771//4276 3772//4278
f 3823//4291 7149//4277 3771//4276
f 7149//4277 3823//4291 3824//4292
f 3829//4319 3905//4320 3824//4292
f 3825//4308 3828//4321 4027//4317
f 3827//4316 3828//4321 3825//4308
f 3827//4316 4028//4322 3828//4321
f 3828//4321 4028//4322 4027//4317
f 3829//4319 3907//4318 3906//4323
f 3829//4319 3906//4323 3905//4320
f 7149//4277 3824//4292 3905//4320
f 3830//2062 3832//4324 3831//2060
f 3831//2060 3832//4324 3902//4275
f 3832//4324 3912//4325 3902//4275
f 3832//4324 3833//4326 3912//4325
f 3833//4326 3903//4327 3912//4325
f 3833//4326 3834//4328 3903//4327
f 3834//4328 3914//4329 3903//4327
f 3835//4262 3902//4275 3839//4273
f 3835//4262 3839//4273 3768//4263
f 3838//4274 3837//4272 3767//4264
f 3837//4272 3841//4330 3900//4331
f 3838//4274 3840//4332 3841//4330
f 3838//4274 3841//4330 3837//4272
f 3839//4273 3840//4332 3838//4274
f 3839//4273 3902//4275 3840//4332
f 3918//4333 4008//4334 3902//4275
f 3902//4275 4006//4335 3840//4332
f 3902//4275 4008//4334 4006//4335
f 3840//4332 3927//4336 3841//4330
f 3837//4272 3900//4331 3919//4337
f 3837//4272 3919//4337 3836//4270
f 3836//4270 3919//4337 3842//4271
f 3843//4266 3842//4271 3844//4253
f 3844//4253 3899//4338 3847//4267
f 3845//4258 3848//4339 3850//4233
f 3845//4258 3850//4233 3730//4234
f 3848//4339 3849//4340 3850//4233
f 3846//4268 3847//4267 3848//4339
f 3899//4338 3898//4341 3847//4267
f 3847//4267 3898//4341 3848//4339
f 3898//4341 3897//4342 3848//4339
f 3848//4339 3897//4342 3849//4340
f 3849//4340 3896//4343 3850//4233
f 3850//4233 3896//4343 3895//4344
f 3850//4233 3895//4344 3856//4345
f 3850//4233 3856//4345 3851//4232
f 3727//4228 3852//4230 7154//4236
f 3851//4232 3856//4345 3855//4229
f 3727//4228 3851//4232 3855//4229
f 3852//4230 3892//4346 3858//3747
f 3858//3747 3877//4347 3859//4227
f 3853//4226 3859//4227 3854//4225
f 3717//4221 3854//4225 3860//4348
f 3860//4348 3854//4225 3873//4349
f 3859//4227 3873//4349 3854//4225
f 3855//4229 3857//4350 3892//4346
f 3852//4230 3855//4229 3892//4346
f 3856//4345 7150//4351 3857//4350
f 3856//4345 3857//4350 3855//4229
f 3877//4347 3878//4352 3859//4227
f 3859//4227 3878//4352 3874//4353
f 3859//4227 3874//4353 3873//4349
f 3874//4353 3875//4354 3873//4349
f 3862//4218 3860//4348 3861//4355
f 3862//4218 3861//4355 3863//4216
f 3872//3836 3864//4219 3866//4356
f 3866//4356 3864//4219 3863//4216
f 3865//4212 3714//3837 3872//3836
f 3713//4215 3714//3837 3865//4212
f 3705//4207 3866//4356 3867//4357
f 3710//4213 3866//4356 3705//4207
f 3705//4207 3867//4357 3707//4211
f 3868//4358 3706//4209 3707//4211
f 3707//4211 3867//4357 3868//4358
f 3868//4358 3869//4359 3706//4209
f 3870//4360 3869//4359 3868//4358
f 3870//4360 3868//4358 3867//4357
f 3867//4357 3871//4361 3870//4360
f 3872//3836 3866//4356 3710//4213
f 3866//4356 3871//4361 3867//4357
f 3861//4355 3870//4360 3871//4361
f 3871//4361 3863//4216 3861//4355
f 3866//4356 3863//4216 3871//4361
f 3861//4355 3860//4348 3870//4360
f 3860//4348 3869//4359 3870//4360
f 3860//4348 3873//4349 3869//4359
f 3869//4359 3873//4349 3875//4354
f 3869//4359 3875//4354 3876//4362
f 3875//4354 3886//4363 3885//4364
f 3869//4359 3876//4362 3706//4209
f 3876//4362 3880//4365 3882//4210
f 3706//4209 3876//4362 3882//4210
f 3880//4365 3876//4362 3879//4366
f 3876//4362 3875//4354 3879//4366
f 3885//4364 3879//4366 3875//4354
f 3878//4352 3886//4363 3874//4353
f 3874//4353 3886//4363 3875//4354
f 3877//4347 3889//4367 3939//4194
f 3878//4352 3877//4347 3886//4363
f 3877//4347 3939//4194 3886//4363
f 3886//4363 3692//4192 3885//4364
f 3885//4364 3694//4195 3879//4366
f 3880//4365 3879//4366 3881//4197
f 3879//4366 3694//4195 3881//4197
f 3881//4197 3695//4198 3697//4200
f 3882//4210 3881//4197 3697//4200
f 3697//4200 3883//4202 3882//4210
f 3883//4202 3884//4208 3882//4210
f 3699//4203 3884//4208 3883//4202
f 3880//4365 3881//4197 3882//4210
f 3885//4364 3691//4191 3694//4195
f 3885//4364 3692//4192 3691//4191
f 3886//4363 3939//4194 3692//4192
f 3889//4367 3887//4368 3939//4194
f 3887//4368 3980//4369 3939//4194
f 3888//4370 3982//4371 3887//4368
f 3888//4370 3981//4372 3982//4371
f 3936//4373 3981//4372 3888//4370
f 3890//4374 3891//4375 3889//4367
f 3891//4375 3935//4376 3889//4367
f 3857//4350 3891//4375 3890//4374
f 3857//4350 3890//4374 3892//4346
f 3933//4377 7150//4351 3893//4378
f 3894//4379 3932//4380 3893//4378
f 3895//4344 3894//4379 3893//4378
f 7150//4351 3895//4344 3893//4378
f 3896//4343 3930//4381 3895//4344
f 3897//4342 3930//4381 3896//4343
f 3849//4340 3897//4342 3896//4343
f 3899//4338 3931//4382 3898//4341
f 3920//4383 3921//4384 3844//4253
f 3844//4253 3921//4384 3899//4338
f 3842//4271 3919//4337 3920//4383
f 3842//4271 3920//4383 3844//4253
f 3900//4331 3927//4336 3922//4385
f 3900//4331 3922//4385 3919//4337
f 3841//4330 3927//4336 3900//4331
f 3840//4332 4006//4335 3927//4336
f 3901//4386 3917//4387 3918//4333
f 3901//4386 3918//4333 3902//4275
f 3912//4325 3901//4386 3902//4275
f 3903//4327 3914//4329 3913//4388
f 3903//4327 3913//4388 3912//4325
f 3904//4389 3910//4390 3914//4329
f 3904//4389 3914//4329 3834//4328
f 3904//4389 3909//4391 3910//4390
f 3905//4320 3906//4323 3904//4389
f 7140//4392 4014//4393 4027//4317
f 4027//4317 4014//4393 3907//4318
f 3906//4323 3907//4318 3909//4391
f 3907//4318 3908//4394 3909//4391
f 3907//4318 4014//4393 3908//4394
f 3909//4391 3908//4394 3910//4390
f 4014//4393 3911//4395 3910//4390
f 3908//4394 4014//4393 3910//4390
f 3910//4390 3911//4395 3915//4396
f 4014//4393 4015//4397 3911//4395
f 3911//4395 4015//4397 3915//4396
f 3913//4388 3901//4386 3912//4325
f 3913//4388 3916//4398 3901//4386
f 3915//4396 3916//4398 3914//4329
f 3914//4329 3916//4398 3913//4388
f 3916//4398 3915//4396 4012//4399
f 3915//4396 4013//4400 4012//4399
f 3916//4398 4010//4401 3917//4387
f 3916//4398 3917//4387 3901//4386
f 3917//4387 4010//4401 3918//4333
f 4010//4401 4009//4402 3918//4333
f 3918//4333 4009//4402 4008//4334
f 3922//4385 3923//4403 3919//4337
f 3919//4337 3923//4403 3920//4383
f 3920//4383 3923//4403 3921//4384
f 3921//4384 3929//4404 3899//4338
f 3921//4384 7148//4405 3929//4404
f 3923//4403 7148//4405 3921//4384
f 3923//4403 3922//4385 3924//4406
f 3923//4403 3924//4406 3928//4407
f 3925//4408 4121//4409 3924//4406
f 3926//4410 3925//4408 3924//4406
f 7141//4411 3925//4408 3926//4410
f 4006//4335 7141//4411 3926//4410
f 4006//4335 3926//4410 3927//4336
f 7141//4411 4005//4412 3925//4408
f 3925//4408 4004//4413 4121//4409
f 3925//4408 4005//4412 4004//4413
f 3929//4404 4003//4414 3899//4338
f 4003//4414 4123//4415 3899//4338
f 3897//4342 3931//4382 3930//4381
f 3931//4382 3894//4379 3930//4381
f 3930//4381 3894//4379 3895//4344
f 3931//4382 4001//4416 3894//4379
f 4123//4415 4001//4416 3899//4338
f 3899//4338 4001//4416 3931//4382
f 4001//4416 3932//4380 3894//4379
f 3932//4380 3934//4417 3933//4377
f 3933//4377 3934//4417 3938//4418
f 3933//4377 3938//4418 3936//4373
f 3933//4377 3936//4373 3891//4375
f 3891//4375 3936//4373 3935//4376
f 4000//4419 3937//4420 3934//4417
f 3934//4417 3937//4420 3938//4418
f 4000//4419 3999//4421 3937//4420
f 3935//4376 3936//4373 3888//4370
f 3935//4376 3888//4370 3889//4367
f 3889//4367 3888//4370 3887//4368
f 3937//4420 3998//4422 3938//4418
f 3999//4421 3998//4422 3937//4420
f 3938//4418 3998//4422 3997//4423
f 3938//4418 3997//4423 3981//4372
f 3938//4418 3981//4372 3936//4373
f 3887//4368 3982//4371 3983//4424
f 3887//4368 3983//4424 3980//4369
f 3939//4194 3980//4369 3979//4193
f 3979//4193 3978//4425 3940//4190
f 3941//4187 3978//4425 7143//4426
f 3941//4187 7143//4426 3687//4185
f 3942//4427 3687//4185 7143//4426
f 7142//4428 3942//4427 7143//4426
f 3942//4427 3943//4184 3687//4185
f 3943//4184 3946//4183 3685//3943
f 3946//4183 3945//4429 3684//4182
f 3945//4429 3948//3962 3684//4182
f 3945//4429 3944//4430 3948//3962
f 7144//4431 3944//4430 3945//4429
f 3945//4429 3946//4183 3943//4184
f 7144//4431 3945//4429 3943//4184
f 7144//4431 3947//4180 3944//4430
f 3947//4180 3679//4017 3944//4430
f 3679//4017 3948//3962 3944//4430
f 7144//4431 3949//4432 3947//4180
f 3947//4180 3949//4432 3950//4433
f 3677//4179 3947//4180 3950//4433
f 3950//4433 3949//4432 3952//4434
f 3959//4435 3950//4433 3951//4436
f 3950//4433 3959//4435 3677//4179
f 3952//4434 3951//4436 3950//4433
f 3952//4434 7146//4437 7147//4438
f 7147//4438 3951//4436 3952//4434
f 3951//4436 7147//4438 3953//4439
f 3953//4439 7147//4438 3961//4440
f 3955//4441 3953//4439 3954//4442
f 3954//4442 3953//4439 3956//4443
f 3961//4440 3956//4443 3953//4439
f 3962//4444 3673//4445 3954//4442
f 3956//4443 3962//4444 3954//4442
f 3960//4446 3954//4442 3673//4445
f 3673//4445 3674//4029 3960//4446
f 3960//4446 3675//4019 3957//4176
f 3675//4019 3960//4446 3674//4029
f 3960//4446 3957//4176 3958//4178
f 3958//4178 3959//4435 3960//4446
f 3677//4179 3959//4435 3958//4178
f 3959//4435 3951//4436 3955//4441
f 3955//4441 3951//4436 3953//4439
f 3960//4446 3955//4441 3954//4442
f 3960//4446 3959//4435 3955//4441
f 3961//4440 3974//4447 3956//4443
f 3974//4447 3962//4444 3956//4443
f 3963//4448 3962//4444 3973//4449
f 3962//4444 3963//4448 3964//4175
f 3965//4031 3964//4175 3963//4448
f 3971//4450 4156//4451 3963//4448
f 4156//4451 3965//4031 3963//4448
f 4156//4451 4157//4174 3965//4031
f 3970//4452 3672//4036 4157//4174
f 3970//4452 3967//4173 3672//4036
f 3968//4453 3544//4172 3967//4173
f 3544//4172 3968//4453 3966//4039
f 3966//4039 3968//4453 3969//4170
f 3967//4173 4158//4454 3968//4453
f 3968//4453 4158//4454 4169//4455
f 4169//4455 3969//4170 3968//4453
f 4158//4454 3970//4452 4168//4456
f 4158//4454 3967//4173 3970//4452
f 4168//4456 3970//4452 4157//4174
f 3972//4457 4153//4458 4154//4459
f 3973//4449 3972//4457 4154//4459
f 4154//4459 3971//4450 3973//4449
f 3972//4457 3973//4449 3974//4447
f 3974//4447 3975//4460 3986//4461
f 3961//4440 3975//4460 3974//4447
f 3986//4461 3975//4460 3976//4462
f 3977//4463 3987//4464 3976//4462
f 3985//4465 3987//4464 3977//4463
f 3984//4466 3985//4465 3978//4425
f 3979//4193 3984//4466 3978//4425
f 3980//4369 3984//4466 3979//4193
f 3983//4424 3984//4466 3980//4369
f 3981//4372 3992//4467 3982//4371
f 3982//4371 3991//4468 3983//4424
f 3992//4467 3991//4468 3982//4371
f 3983//4424 3991//4468 3990//4469
f 3983//4424 3990//4469 3984//4466
f 3984//4466 3990//4469 3985//4465
f 3990//4469 3987//4464 3985//4465
f 3990//4469 3988//4470 3987//4464
f 3987//4464 3988//4470 3986//4461
f 3976//4462 3987//4464 3986//4461
f 3986//4461 3972//4457 3974//4447
f 4155//4471 3986//4461 3988//4470
f 3989//4472 4155//4471 3988//4470
f 3991//4468 3989//4472 3990//4469
f 3989//4472 3988//4470 3990//4469
f 3991//4468 3994//4473 3989//4472
f 3992//4467 3994//4473 3991//4468
f 3993//4474 3994//4473 3992//4467
f 4149//4475 3994//4473 3993//4474
f 3995//4476 4148//4477 4149//4475
f 3995//4476 4149//4475 3996//4478
f 3996//4478 4149//4475 3993//4474
f 3997//4423 3996//4478 3993//4474
f 3992//4467 3997//4423 3993//4474
f 3997//4423 3992//4467 3981//4372
f 3998//4422 3996//4478 3997//4423
f 3998//4422 3999//4421 3996//4478
f 4001//4416 4143//4479 3999//4421
f 4001//4416 3999//4421 4000//4419
f 3932//4380 4000//4419 3934//4417
f 4001//4416 4000//4419 3932//4380
f 4135//4480 4143//4479 4001//4416
f 4002//4481 4134//4482 4135//4480
f 4002//4481 4135//4480 4001//4416
f 4123//4415 4002//4481 4001//4416
f 3928//4407 4120//4483 4122//4484
f 3928//4407 4122//4484 3929//4404
f 3929//4404 4122//4484 4003//4414
f 4005//4412 4125//4485 4004//4413
f 4121//4409 4004//4413 4124//4486
f 4004//4413 4125//4485 4124//4486
f 4005//4412 4132//4487 4125//4485
f 7004//4488 4132//4487 4005//4412
f 4006//4335 4919//4489 7004//4488
f 4006//4335 7004//4488 7141//4411
f 4116//4490 4919//4489 4006//4335
f 4007//4491 4116//4490 4008//4334
f 4008//4334 4116//4490 4006//4335
f 4009//4402 4017//4492 4007//4491
f 4008//4334 4009//4402 4007//4491
f 4010//4401 4016//4493 4009//4402
f 4011//4494 4016//4493 4010//4401
f 4013//4400 4011//4494 4012//4399
f 4015//4397 4013//4400 3915//4396
f 4014//4393 4113//4495 4015//4397
f 4015//4397 4113//4495 4023//4496
f 4013//4400 4023//4496 4024//4497
f 4013//4400 4024//4497 4011//4494
f 4011//4494 4022//4498 4021//4499
f 4011//4494 4021//4499 4016//4493
f 4021//4499 4115//4500 4016//4493
f 4016//4493 4115//4500 4017//4492
f 4009//4402 4016//4493 4017//4492
f 4017//4492 4115//4500 4117//4501
f 4017//4492 4117//4501 4007//4491
f 4117//4501 4116//4490 4007//4491
f 4019//4502 4018//4503 4114//4504
f 4921//4505 4922//4506 4114//4504
f 4018//4503 4921//4505 4114//4504
f 4020//4507 4921//4505 4018//4503
f 4020//4507 4018//4503 4019//4502
f 4021//4499 4019//4502 4114//4504
f 4021//4499 4114//4504 4115//4500
f 4113//4495 4020//4507 4022//4498
f 4022//4498 4020//4507 4019//4502
f 4024//4497 4022//4498 4011//4494
f 4024//4497 4023//4496 4022//4498
f 4023//4496 4113//4495 4022//4498
f 7140//4392 4025//4508 4092//4509
f 4027//4317 4026//4510 7140//4392
f 4028//4322 4026//4510 4027//4317
f 4029//4511 4059//4512 4028//4322
f 3826//4309 4038//4513 4029//4511
f 3826//4309 4030//4315 4038//4513
f 4030//4315 4032//4514 4038//4513
f 4030//4315 4031//4314 4032//4514
f 4032//4514 4040//4515 4038//4513
f 4033//4313 4058//4516 4040//4515
f 4033//4313 4057//4517 4058//4516
f 4037//4312 4057//4517 4033//4313
f 4034//4304 4033//4313 4031//4314
f 4036//4518 4037//4312 4035//4311
f 7139//3257 4036//4518 4035//4311
f 4036//4518 4041//4519 4037//4312
f 4037//4312 4041//4519 4057//4517
f 4040//4515 4039//4520 4038//4513
f 4038//4513 4059//4512 4029//4511
f 4059//4512 4038//4513 4039//4520
f 4068//4521 4059//4512 4039//4520
f 4059//4512 4068//4521 4090//4522
f 4039//4520 7138//4523 4061//4524
f 4058//4516 7138//4523 4039//4520
f 4040//4515 4058//4516 4039//4520
f 4049//4525 4062//4526 4041//4519
f 4043//4527 4041//4519 4036//4518
f 4044//4528 4047//29 4036//4518
f 4047//29 4043//4527 4036//4518
f 4048//4529 4047//29 4045//27
f 4047//29 4042//4530 4043//4527
f 4042//4530 4049//4525 4041//4519
f 4043//4527 4042//4530 4041//4519
f 4046//25 4048//4529 4045//27
f 4046//25 4051//24 4048//4529
f 4055//4531 4047//29 4048//4529
f 4050//4532 4047//29 4055//4531
f 4047//29 4050//4532 4042//4530
f 4042//4530 4050//4532 4049//4525
f 4049//4525 4050//4532 4056//4533
f 4049//4525 4056//4533 4062//4526
f 4041//4519 4062//4526 4066//4534
f 4051//24 4054//4535 4055//4531
f 4048//4529 4051//24 4055//4531
f 4051//24 4052//23 4053//4536
f 4052//23 4075//4537 4053//4536
f 4052//23 4076//4538 4075//4537
f 4053//4536 4074//4539 4054//4535
f 4074//4539 4072//4540 4071//4541
f 4054//4535 4074//4539 4071//4541
f 4055//4531 4054//4535 4071//4541
f 4071//4541 4064//4542 4055//4531
f 4064//4542 4063//4543 4050//4532
f 4050//4532 4063//4543 4056//4533
f 4056//4533 4063//4543 4065//4544
f 4056//4533 4065//4544 4062//4526
f 4057//4517 4066//4534 4058//4516
f 4058//4516 4070//4545 7138//4523
f 4088//4546 4070//4545 4058//4516
f 4059//4512 4060//4547 4026//4510
f 4059//4512 4090//4522 4060//4547
f 4028//4322 4059//4512 4026//4510
f 4026//4510 4060//4547 7140//4392
f 4060//4547 4025//4508 7140//4392
f 4060//4547 4090//4522 4025//4508
f 4090//4522 4067//4548 4025//4508
f 4066//4534 4088//4546 4058//4516
f 4064//4542 4097//4549 4084//4550
f 4065//4544 4064//4542 4084//4550
f 4065//4544 4085//4551 4062//4526
f 4062//4526 4085//4551 4066//4534
f 4070//4545 4106//4552 4089//4553
f 4068//4521 4069//4554 4095//4555
f 4089//4553 4095//4555 4069//4554
f 4088//4546 4926//4556 4106//4552
f 4070//4545 4088//4546 4106//4552
f 4066//4534 4085//4551 4088//4546
f 4065//4544 4084//4550 4085//4551
f 4097//4549 4064//4542 4098//4557
f 4072//4540 4098//4557 4071//4541
f 4072//4540 4101//4558 4098//4557
f 4083//4559 4103//4560 4073//4561
f 4073//4561 4103//4560 4074//4539
f 4074//4539 4101//4558 4072//4540
f 4074//4539 4103//4560 4101//4558
f 4075//4537 4081//4562 4073//4561
f 4075//4537 4073//4561 4074//4539
f 4076//4538 4081//4562 4075//4537
f 4078//19 4081//4562 4076//4538
f 4077//21 4076//4538 4052//23
f 4076//4538 4077//21 11//20
f 4078//19 4076//4538 11//20
f 4080//18 4082//4563 4078//19
f 5025//16 4080//18 4079//4564
f 5025//16 5027//4565 4080//18
f 4080//18 5027//4565 4082//4563
f 4082//4563 4081//4562 4078//19
f 4100//4566 4083//4559 4081//4562
f 4082//4563 4100//4566 4081//4562
f 4099//4567 4100//4566 4082//4563
f 4081//4562 4083//4559 4073//4561
f 4101//4558 4104//4568 4098//4557
f 4087//4569 4098//4557 4096//4570
f 4098//4557 4087//4569 4097//4549
f 4084//4550 4097//4549 4086//4571
f 4084//4550 4086//4571 4085//4551
f 4086//4571 4109//4572 4085//4551
f 4087//4569 4108//4573 4109//4572
f 4086//4571 4087//4569 4109//4572
f 4085//4551 4109//4572 4088//4546
f 4089//4553 4106//4552 4107//4574
f 4089//4553 4107//4574 4095//4555
f 4025//4508 4091//4575 4092//4509
f 4067//4548 4091//4575 4025//4508
f 4068//4521 4067//4548 4090//4522
f 4067//4548 4094//4576 4091//4575
f 4068//4521 4095//4555 4094//4576
f 4068//4521 4094//4576 4067//4548
f 4091//4575 4093//4577 4092//4509
f 4093//4577 4110//4578 4092//4509
f 4092//4509 4110//4578 4113//4495
f 4091//4575 4094//4576 4093//4577
f 4088//4546 4109//4572 4926//4556
f 4087//4569 4105//4579 4108//4573
f 4928//4580 4105//4579 4096//4570
f 4096//4570 4104//4568 4928//4580
f 4096//4570 4105//4579 4087//4569
f 4097//4549 4087//4569 4086//4571
f 4098//4557 4104//4568 4096//4570
f 4083//4559 4100//4566 4103//4560
f 4100//4566 4102//4581 4103//4560
f 4101//4558 4929//4582 4104//4568
f 4103//4560 4929//4582 4101//4558
f 4102//4581 4930//4583 4931//4584
f 4103//4560 4102//4581 4931//4584
f 4103//4560 4931//4584 4929//4582
f 4104//4568 4929//4582 4928//4580
f 4950//4585 4105//4579 4928//4580
f 4947//4586 4105//4579 4950//4585
f 4106//4552 4926//4556 4954//4587
f 4106//4552 4948//4588 4107//4574
f 4095//4555 4107//4574 4925//4589
f 4107//4574 4948//4588 4925//4589
f 4106//4552 4954//4587 4948//4588
f 4108//4573 4949//4590 4109//4572
f 4108//4573 4927//4591 4949//4590
f 4108//4573 4105//4579 4927//4591
f 4105//4579 4947//4586 4927//4591
f 4109//4572 4949//4590 4926//4556
f 4925//4589 4111//4592 4094//4576
f 4094//4576 4111//4592 4093//4577
f 4093//4577 4111//4592 4112//4593
f 4112//4593 4923//4594 4110//4578
f 4110//4578 4923//4594 4113//4495
f 4111//4592 4956//4595 4112//4593
f 4113//4495 4923//4594 4921//4505
f 4113//4495 4921//4505 4020//4507
f 4923//4594 4972//4596 4921//4505
f 4972//4596 4980//4597 4921//4505
f 4116//4490 4119//4598 4919//4489
f 4117//4501 4118//4599 4116//4490
f 4118//4599 4119//4598 4116//4490
f 4118//4599 4978//4600 4119//4598
f 4119//4598 4978//4600 4919//4489
f 4978//4600 4979//4601 4919//4489
f 4120//4483 4128//4602 4122//4484
f 4121//4409 4128//4602 4120//4483
f 4121//4409 4124//4486 4128//4602
f 4003//4414 4122//4484 4123//4415
f 4122//4484 4129//4603 4123//4415
f 4122//4484 4128//4602 4129//4603
f 4129//4603 4002//4481 4123//4415
f 4124//4486 4126//4604 4127//4605
f 4124//4486 4127//4605 4128//4602
f 4125//4485 4126//4604 4124//4486
f 4125//4485 4132//4487 4126//4604
f 4132//4487 4130//4606 4126//4604
f 4126//4604 4130//4606 4127//4605
f 4127//4605 4133//4607 4128//4602
f 4128//4602 4133//4607 4129//4603
f 4129//4603 4133//4607 4002//4481
f 4127//4605 4130//4606 4131//4608
f 4133//4607 4127//4605 4131//4608
f 4139//4609 4133//4607 4131//4608
f 4137//4610 4139//4609 4131//4608
f 4130//4606 4137//4610 4131//4608
f 4138//4611 4137//4610 4130//4606
f 4132//4487 4138//4611 4130//4606
f 7004//4488 4138//4611 4132//4487
f 4133//4607 4140//4612 4136//4613
f 4133//4607 4136//4613 4134//4482
f 4134//4482 4136//4613 4135//4480
f 4136//4613 4141//4614 4135//4480
f 4135//4480 4141//4614 4143//4479
f 4138//4611 4903//4615 4904//4616
f 4137//4610 4138//4611 4904//4616
f 4137//4610 4904//4616 4139//4609
f 4140//4612 7020//4617 4136//4613
f 4139//4609 4904//4616 4140//4612
f 4904//4616 7011//4618 4140//4612
f 4140//4612 7011//4618 7020//4617
f 4136//4613 7020//4617 4141//4614
f 4141//4614 7020//4617 4142//4619
f 4141//4614 4142//4619 4143//4479
f 4143//4479 3995//4476 3999//4421
f 3995//4476 4144//4620 4148//4477
f 4143//4479 4144//4620 3995//4476
f 7020//4617 7019//4621 4142//4619
f 4142//4619 7019//4621 4144//4620
f 7019//4621 4146//4622 4144//4620
f 4142//4619 4144//4620 4143//4479
f 7015//4623 4145//4624 4146//4622
f 4146//4622 4145//4624 4147//4625
f 4144//4620 4146//4622 4148//4477
f 4148//4477 4147//4625 4149//4475
f 4149//4475 4147//4625 4150//4626
f 4150//4626 4147//4625 4152//4627
f 4152//4627 4161//4628 4151//4629
f 4161//4628 4153//4458 4151//4629
f 4161//4628 4159//4630 4153//4458
f 4154//4459 4159//4630 4160//4631
f 4159//4630 4154//4459 4153//4458
f 4155//4471 4153//4458 3972//4457
f 3986//4461 4155//4471 3972//4457
f 4155//4471 4151//4629 4153//4458
f 4155//4471 4152//4627 4151//4629
f 4150//4626 4152//4627 4155//4471
f 3989//4472 4150//4626 4155//4471
f 3994//4473 4150//4626 3989//4472
f 4162//4632 3971//4450 4154//4459
f 4160//4631 4162//4632 4154//4459
f 4162//4632 4156//4451 3971//4450
f 4167//4633 4156//4451 4162//4632
f 4167//4633 4157//4174 4156//4451
f 4180//4634 4158//4454 4168//4456
f 4168//4456 4157//4174 4167//4633
f 7017//4635 4160//4631 4159//4630
f 4159//4630 4161//4628 7017//4635
f 4163//4636 4160//4631 7017//4635
f 4162//4632 4163//4636 4164//4637
f 4160//4631 4163//4636 4162//4632
f 4166//4638 7017//4635 4165//4639
f 7017//4635 4166//4638 4163//4636
f 4166//4638 4181//4640 4163//4636
f 4181//4640 4164//4637 4163//4636
f 4183//4641 4168//4456 4167//4633
f 4180//4634 4168//4456 4183//4641
f 4179//4642 4158//4454 4180//4634
f 4179//4642 4169//4455 4158//4454
f 4179//4642 4177//4643 4169//4455
f 4170//4169 4169//4455 4177//4643
f 4176//4644 4171//4168 4170//4169
f 4176//4644 4175//4645 4172//4646
f 4197//4167 4173//4007 3669//4171
f 4197//4167 3669//4171 4172//4646
f 3669//4171 4171//4168 4172//4646
f 4187//4647 4197//4167 4172//4646
f 4174//4648 4187//4647 4172//4646
f 4172//4646 4175//4645 4174//4648
f 4175//4645 4186//4649 4174//4648
f 4176//4644 4178//4650 4175//4645
f 4178//4650 4176//4644 4177//4643
f 4176//4644 4170//4169 4177//4643
f 4178//4650 4177//4643 4179//4642
f 4184//4651 4178//4650 4179//4642
f 4184//4651 4179//4642 4180//4634
f 4181//4640 4183//4641 4167//4633
f 4181//4640 4167//4633 4164//4637
f 4182//4652 4181//4640 4166//4638
f 7022//4653 4182//4652 4166//4638
f 4181//4640 4182//4652 7030//4654
f 4183//4641 4181//4640 7030//4654
f 7030//4654 4202//4655 4183//4641
f 4202//4655 4180//4634 4183//4641
f 4184//4651 4180//4634 4202//4655
f 4202//4655 4200//4656 4184//4651
f 4185//4657 4186//4649 4200//4656
f 4188//4658 4174//4648 4186//4649
f 4187//4647 4174//4648 4188//4658
f 4205//4659 4197//4167 4187//4647
f 4196//4660 4191//4041 4190//4040
f 4190//4040 4195//4661 4196//4660
f 4189//4166 4195//4661 4190//4040
f 4193//4662 4191//4041 4196//4660
f 4193//4662 4192//4042 4191//4041
f 7136//4663 4193//4662 4206//4664
f 4206//4664 4193//4662 4196//4660
f 3664//4164 4193//4662 7136//4663
f 3664//4164 4194//4086 4193//4662
f 3664//4164 3665//4148 3666//4043
f 3666//4043 4194//4086 3664//4164
f 3663//4149 3665//4148 3664//4164
f 4194//4086 4192//4042 4193//4662
f 4206//4664 4207//4665 7136//4663
f 4206//4664 4195//4661 4205//4659
f 4196//4660 4195//4661 4206//4664
f 4195//4661 4189//4166 4197//4167
f 4197//4167 4205//4659 4195//4661
f 4209//4666 4205//4659 4187//4647
f 4204//4667 4209//4666 4187//4647
f 4204//4667 4188//4658 4198//4668
f 4186//4649 4185//4657 4198//4668
f 4198//4668 4188//4658 4186//4649
f 4198//4668 4185//4657 4199//4669
f 4199//4669 4185//4657 4200//4656
f 4201//4670 4200//4656 4202//4655
f 4199//4669 4200//4656 4201//4670
f 7024//4671 4201//4670 4202//4655
f 4201//4670 7024//4671 4203//4672
f 4205//4659 4209//4666 4208//4673
f 4215//4674 4206//4664 4205//4659
f 4214//4675 4215//4674 4205//4659
f 4208//4673 4214//4675 4205//4659
f 4216//4676 4206//4664 4215//4674
f 4206//4664 4216//4676 4207//4665
f 4213//4677 4208//4673 4209//4666
f 4212//4678 4209//4666 4204//4667
f 4897//4679 4212//4678 4210//4680
f 4897//4679 4210//4680 4211//4681
f 7029//4682 4897//4679 4211//4681
f 4896//4683 4212//4678 4897//4679
f 4896//4683 6394//4684 4212//4678
f 6393//4685 4213//4677 6394//4684
f 4891//4686 4214//4675 6393//4685
f 6393//4685 4208//4673 4213//4677
f 4214//4675 4208//4673 6393//4685
f 4214//4675 4891//4686 4892//4687
f 4892//4687 4893//4688 4215//4674
f 4892//4687 4215//4674 4214//4675
f 4895//4689 4215//4674 4893//4688
f 4895//4689 4216//4676 4215//4674
f 4895//4689 4217//4690 4216//4676
f 4894//4691 4217//4690 4895//4689
f 4885//4692 4218//4693 4887//4694
f 4885//4692 4219//4150 4218//4693
f 4219//4150 4886//4695 4220//4696
f 4221//4162 4220//4696 4870//4697
f 4870//4697 4222//4698 4221//4162
f 4222//4698 3661//4161 4221//4162
f 4223//4159 4222//4698 4869//4699
f 4223//4159 3661//4161 4222//4698
f 4223//4159 4867//4700 4868//4160
f 4863//4158 4225//4106 3659//4157
f 4862//4701 4226//4141 4225//4106
f 4229//4138 4228//4139 4860//4702
f 4829//4137 4229//4138 4860//4702
f 4840//4703 4230//4136 4829//4137
f 4840//4703 4231//4134 4230//4136
f 4231//4134 4840//4703 4828//4704
f 4828//4704 4232//4135 4231//4134
f 4827//4705 4233//4128 4232//4135
f 4237//4706 4234//4126 4825//4707
f 4234//4126 4237//4706 4238//4708
f 4238//4708 4239//4709 4234//4126
f 4239//4709 4235//4124 4234//4126
f 4239//4709 4236//4125 4235//4124
f 7132//4710 4236//4125 4239//4709
f 4824//4711 4239//4709 4238//4708
f 4824//4711 5584//4712 4239//4709
f 5584//4712 4240//4713 7132//4710
f 4822//4714 4240//4713 5584//4712
f 4240//4713 4241//4715 7132//4710
f 4240//4713 4242//4716 4241//4715
f 4242//4716 4240//4713 4814//4717
f 4814//4717 7032//4718 4242//4716
f 4242//4716 7032//4718 4243//4719
f 4243//4719 4244//4720 4242//4716
f 4246//4721 4245//4722 4244//4720
f 4246//4721 4244//4720 4243//4719
f 7129//4723 4247//4724 4246//4721
f 4249//4725 4246//4721 4248//4726
f 4246//4721 4249//4725 4250//4727
f 4249//4725 4810//4728 4250//4727
f 4812//4729 4250//4727 4810//4728
f 4812//4729 4251//4730 4250//4727
f 4801//4731 4252//4732 4251//4730
f 4812//4729 4801//4731 4251//4730
f 4252//4732 4253//4733 4251//4730
f 4253//4733 4254//4734 4251//4730
f 4254//4734 4255//4735 7120//4736
f 4255//4735 4256//4737 7120//4736
f 4767//4738 4257//4739 4255//4735
f 4258//4740 7070//4741 4257//4739
f 4764//4742 4258//4740 4257//4739
f 4260//4743 4259//4744 4761//4745
f 4760//4746 4265//4747 4260//4743
f 4261//4748 4260//4743 4265//4747
f 4265//4747 4264//4749 4261//4748
f 4264//4749 4262//4750 4261//4748
f 4264//4749 4263//4751 4262//4750
f 4264//4749 4265//4747 4759//4752
f 4759//4752 4266//4753 4264//4749
f 4266//4753 4268//4754 4264//4749
f 4268//4754 4263//4751 4264//4749
f 4267//4755 4263//4751 4268//4754
f 4269//4756 4267//4755 4268//4754
f 4758//4757 4268//4754 4266//4753
f 4758//4757 4723//4758 4268//4754
f 4268//4754 4723//4758 4269//4756
f 4721//4759 4270//4760 4269//4756
f 4270//4760 4267//4755 4269//4756
f 4721//4759 4271//4761 4270//4760
f 4272//3508 3111//3509 4271//4761
f 4272//3508 4271//4761 4719//4762
f 4714//4763 4272//3508 4719//4762
f 4713//4764 3097//2751 4272//3508
f 3097//2751 4713//4764 4700//4765
f 3072//3487 4274//3495 4273//3056
f 3072//3487 4273//3056 4275//3485
f 4275//3485 4273//3056 4277//4766
f 4277//4766 4273//3056 4276//3496
f 4276//3496 4638//2355 4310//4767
f 4277//4766 4276//3496 4311//4768
f 4278//4769 4277//4766 4308//4770
f 4278//4769 4280//4771 4279//3484
f 4279//3484 4275//3485 4278//4769
f 4275//3485 4277//4766 4278//4769
f 4285//4772 4281//3483 4280//4771
f 4280//4771 4281//3483 4279//3484
f 4282//4773 4281//3483 4284//4774
f 4282//4773 3066//3474 4283//3478
f 3066//3474 3081//3479 4283//3478
f 4290//4775 3066//3474 4282//4773
f 4289//4776 4290//4775 4284//4774
f 4290//4775 4282//4773 4284//4774
f 4291//4777 4284//4774 4285//4772
f 4289//4776 4284//4774 4291//4777
f 4305//4778 4291//4777 4285//4772
f 4286//4779 4288//4780 4285//4772
f 4286//4779 4285//4772 4280//4771
f 4286//4779 4280//4771 4278//4769
f 4286//4779 4278//4769 4308//4770
f 4287//4781 4286//4779 4308//4770
f 4288//4780 4286//4779 4287//4781
f 4288//4780 4305//4778 4285//4772
f 7043//4782 4290//4775 4289//4776
f 7043//4782 4289//4776 4291//4777
f 4292//4783 7043//4782 4293//4784
f 4294//4785 4292//4783 4293//4784
f 4293//4784 4301//4786 4294//4785
f 4299//4787 4294//4785 4298//4788
f 4298//4788 4294//4785 4301//4786
f 4294//4785 4297//4789 4292//4783
f 4297//4789 4295//3475 4292//4783
f 4297//4789 4296//3473 4295//3475
f 4295//3475 3066//3474 4290//4775
f 4292//4783 4295//3475 4290//4775
f 4292//4783 4290//4775 7043//4782
f 4299//4787 4330//4790 4331//3472
f 4299//4787 4331//3472 4294//4785
f 4294//4785 4331//3472 4297//4789
f 4331//3472 4296//3473 4297//4789
f 3064//3471 4296//3473 4331//3472
f 4606//4791 4330//4790 4299//4787
f 4606//4791 4299//4787 4611//4792
f 4299//4787 4298//4788 4300//4793
f 4611//4792 4299//4787 4300//4793
f 4300//4793 4298//4788 4301//4786
f 4301//4786 4302//4794 4329//4795
f 4300//4793 4301//4786 4329//4795
f 4302//4794 4303//4796 4329//4795
f 4302//4794 7044//4797 4303//4796
f 4303//4796 4304//4798 4329//4795
f 4303//4796 4305//4778 4304//4798
f 4304//4798 4306//4799 4327//4800
f 4304//4798 4312//4801 4306//4799
f 4288//4780 4312//4801 4304//4798
f 4312//4801 4287//4781 4307//4802
f 4287//4781 4312//4801 4288//4780
f 4309//4803 4307//4802 4287//4781
f 4287//4781 4308//4770 4309//4803
f 4309//4803 4308//4770 4635//4804
f 4308//4770 4316//4805 4635//4804
f 4308//4770 4311//4768 4316//4805
f 4308//4770 4277//4766 4311//4768
f 4276//3496 4310//4767 4311//4768
f 4311//4768 4310//4767 4636//4806
f 4638//2355 4639//4807 4310//4767
f 4310//4767 4639//4807 4637//4808
f 4311//4768 4636//4806 4316//4805
f 4309//4803 4635//4804 4317//4809
f 4317//4809 4315//4810 4309//4803
f 4315//4810 4307//4802 4309//4803
f 4320//4811 4313//4812 4315//4810
f 4313//4812 4307//4802 4315//4810
f 4307//4802 4313//4812 4312//4801
f 4312//4801 4313//4812 4306//4799
f 4306//4799 4313//4812 4326//4813
f 4326//4813 4313//4812 4320//4811
f 4324//4814 4326//4813 4314//4815
f 4324//4814 4314//4815 4322//4816
f 4314//4815 4326//4813 4320//4811
f 4319//4817 4315//4810 4318//4818
f 4318//4818 4315//4810 4317//4809
f 4310//4767 4637//4808 4636//4806
f 4321//4819 4319//4817 4628//4820
f 4628//4820 4319//4817 4318//4818
f 4320//4811 4315//4810 4319//4817
f 4320//4811 4319//4817 4321//4819
f 4322//4816 4320//4811 4321//4819
f 4322//4816 4314//4815 4320//4811
f 4323//4821 4322//4816 4321//4819
f 4324//4814 4322//4816 4323//4821
f 4626//4822 4324//4814 4323//4821
f 4325//4823 4324//4814 4626//4822
f 4325//4823 4326//4813 4324//4814
f 4327//4800 4306//4799 4326//4813
f 4613//4824 4327//4800 4328//4825
f 4613//4824 4612//4826 4327//4800
f 4329//4795 4304//4798 4612//4826
f 4327//4800 4612//4826 4304//4798
f 4329//4795 4612//4826 4610//4827
f 4611//4792 4329//4795 4610//4827
f 4300//4793 4329//4795 4611//4792
f 4611//4792 4609//4828 4605//4829
f 4607//4830 4330//4790 4606//4791
f 4607//4830 4331//3472 4330//4790
f 4607//4830 4339//4831 4331//3472
f 4339//4831 4337//3470 4331//3472
f 3061//3087 4332//3468 4338//3469
f 4335//4832 3061//3087 4338//3469
f 4333//3466 3061//3087 4335//4832
f 4334//3463 4333//3466 4335//4832
f 3057//3461 4334//3463 4341//4833
f 4334//3463 4335//4832 4341//4833
f 4335//4832 4336//4834 4341//4833
f 4335//4832 4338//3469 4336//4834
f 4336//4834 4338//3469 4337//3470
f 4336//4834 4337//3470 4339//4831
f 4341//4833 4336//4834 4339//4831
f 4344//4835 4341//4833 4339//4831
f 4340//4836 4341//4833 4344//4835
f 4341//4833 4340//4836 4342//4837
f 4350//4838 4342//4837 4343//4839
f 4342//4837 4340//4836 4343//4839
f 4343//4839 4340//4836 4344//4835
f 4343//4839 4345//4840 4349//4841
f 4349//4841 4345//4840 4347//4842
f 4347//4842 4345//4840 4346//4843
f 4598//4844 4347//4842 4346//4843
f 4348//4845 4347//4842 4598//4844
f 4597//4846 4348//4845 4598//4844
f 4581//4847 4349//4841 4348//4845
f 4350//4838 4349//4841 4581//4847
f 4349//4841 4350//4838 4343//4839
f 4581//4847 4351//3460 4350//4838
f 4580//4848 4352//3458 4581//4847
f 4352//3458 4580//4848 4353//3456
f 4579//4849 4353//3456 4580//4848
f 4579//4849 4354//4850 4353//3456
f 4353//3456 4354//4850 4363//3457
f 4354//4850 4355//4851 4363//3457
f 4355//4851 4354//4850 4356//4852
f 4356//4852 4354//4850 4579//4849
f 4356//4852 4358//4853 4357//4854
f 4356//4852 4575//4855 4358//4853
f 4359//4856 4361//4857 4358//4853
f 4359//4856 4578//4858 4365//4859
f 4360//3451 4359//4856 4364//3421
f 4359//4856 4360//3451 4361//4857
f 4360//3451 3051//3452 4357//4854
f 4360//3451 4357//4854 4361//4857
f 4357//4854 4358//4853 4361//4857
f 4357//4854 4355//4851 4356//4852
f 4357//4854 4362//3453 4355//4851
f 4362//3453 3054//3454 4363//3457
f 4355//4851 4362//3453 4363//3457
f 3051//3452 4362//3453 4357//4854
f 4365//4859 3018//3419 4364//3421
f 4365//4859 4364//3421 4359//4856
f 4367//4860 4365//4859 4578//4858
f 4365//4859 4367//4860 4366//4861
f 4366//4861 3018//3419 4365//4859
f 3015//3415 3018//3419 4366//4861
f 4366//4861 4367//4860 4368//4862
f 4372//4863 4371//4864 4368//4862
f 4368//4862 4370//4865 4372//4863
f 4368//4862 4367//4860 4370//4865
f 4367//4860 4369//4866 4370//4865
f 4378//4867 4372//4863 4370//4865
f 4375//4868 4378//4867 4370//4865
f 4393//4869 4371//4864 4372//4863
f 4398//3416 4371//4864 4393//4869
f 4393//4869 4372//4863 4379//4870
f 4380//4871 4379//4870 4378//4867
f 4379//4870 4372//4863 4378//4867
f 4373//4872 4378//4867 4375//4868
f 4374//4873 4373//4872 4375//4868
f 4376//4874 4373//4872 4374//4873
f 4376//4874 4374//4873 4563//4875
f 4373//4872 4377//4876 4380//4871
f 4380//4871 4378//4867 4373//4872
f 4381//4877 4380//4871 4382//4878
f 4383//4879 4382//4878 4377//4876
f 4380//4871 4377//4876 4382//4878
f 4386//4880 4383//4879 4385//4881
f 4383//4879 4386//4880 4382//4878
f 4383//4879 4560//4882 4384//4883
f 4383//4879 4384//4883 4385//4881
f 4548//4884 4385//4881 4384//4883
f 4402//4885 4387//4886 4386//4880
f 4387//4886 4389//4887 4388//4888
f 4387//4886 4402//4885 4389//4887
f 4389//4887 4402//4885 4403//4889
f 4403//4889 4390//4890 4389//4887
f 2976//3385 2978//3390 4390//4890
f 2978//3390 4391//3392 4388//4888
f 4390//4890 2978//3390 4388//4888
f 2981//3394 4393//4869 4392//3393
f 4388//4888 4392//3393 4394//4891
f 4394//4891 4393//4869 4379//4870
f 4394//4891 4392//3393 4393//4869
f 4394//4891 4379//4870 4381//4877
f 4388//4888 4394//4891 4381//4877
f 4387//4886 4388//4888 4381//4877
f 4381//4877 4386//4880 4387//4886
f 4390//4890 4388//4888 4389//4887
f 4391//3392 4392//3393 4388//4888
f 4381//4877 4379//4870 4380//4871
f 4393//4869 2981//3394 4395//4892
f 2981//3394 4396//4893 4395//4892
f 2981//3394 3011//3399 4396//4893
f 2982//3395 3011//3399 2981//3394
f 3011//3399 4397//3412 4396//4893
f 4398//3416 4397//3412 3014//3414
f 4396//4893 4398//3416 4395//4892
f 4395//4892 4398//3416 4393//4869
f 4398//3416 4399//3417 4371//4864
f 4399//3417 4368//4862 4371//4864
f 4399//3417 4366//4861 4368//4862
f 4397//3412 4398//3416 4396//4893
f 2978//3390 2980//3388 4391//3392
f 4400//3387 2976//3385 4390//4890
f 4400//3387 4390//4890 4403//4889
f 4400//3387 4403//4889 4405//4894
f 4406//3386 4400//3387 4405//4894
f 4405//4894 4403//4889 4401//4895
f 4401//4895 4404//4896 4405//4894
f 4403//4889 4402//4885 4401//4895
f 4401//4895 4402//4885 4404//4896
f 4404//4896 4385//4881 4545//4897
f 4404//4896 4537//4898 4412//4899
f 4404//4896 4545//4897 4537//4898
f 4405//4894 4404//4896 4412//4899
f 4411//4900 4406//3386 4405//4894
f 4411//4900 4407//3384 4406//3386
f 4411//4900 4410//4901 4407//3384
f 4408//4902 4407//3384 4410//4901
f 2969//3376 4408//4902 4410//4901
f 2970//3372 4409//3381 4408//4902
f 4408//4902 4409//3381 4407//3384
f 2970//3372 4408//4902 2969//3376
f 4410//4901 4414//4903 2969//3376
f 2969//3376 4414//4903 2968//3374
f 4414//4903 4410//4901 4411//4900
f 4414//4903 4411//4900 4412//4899
f 4415//4904 4414//4903 4412//4899
f 4413//3375 4414//4903 4415//4904
f 4414//4903 4413//3375 2968//3374
f 4532//4905 4413//3375 4415//4904
f 4532//4905 4416//4906 4413//3375
f 4530//4907 4416//4906 4532//4905
f 4418//4908 4421//3370 4416//4906
f 4416//4906 4424//4909 4417//4910
f 4417//4910 4418//4908 4416//4906
f 4420//3367 4418//4908 4419//3364
f 4419//3364 4418//4908 4417//4910
f 4421//3370 4418//4908 4420//3367
f 4421//3370 4420//3367 4422//3368
f 2963//3320 4420//3367 4419//3364
f 2963//3320 2964//3365 4420//3367
f 4416//4906 4421//3370 4423//3371
f 4440//3363 4419//3364 4417//4910
f 4424//4909 4440//3363 4417//4910
f 4440//3363 4424//4909 4427//4911
f 4424//4909 4425//4912 4426//4913
f 4426//4913 4425//4912 4529//4914
f 4428//4915 4427//4911 4426//4913
f 4424//4909 4426//4913 4427//4911
f 4436//4916 4427//4911 4428//4915
f 4429//4917 4436//4916 4428//4915
f 4429//4917 4428//4915 4426//4913
f 4432//4918 4433//4919 4429//4917
f 4429//4917 4426//4913 4432//4918
f 4426//4913 4431//4920 4432//4918
f 4431//4920 4529//4914 4430//4921
f 4426//4913 4529//4914 4431//4920
f 4431//4920 4430//4921 4526//4922
f 4432//4918 4431//4920 4526//4922
f 4526//4922 4524//4923 4432//4918
f 4524//4923 4433//4919 4432//4918
f 4523//4924 4433//4919 4524//4923
f 4434//4925 4429//4917 4433//4919
f 4519//4926 4434//4925 4523//4924
f 4434//4925 4433//4919 4523//4924
f 4516//4927 4434//4925 4519//4926
f 4516//4927 4435//4928 4434//4925
f 4434//4925 4435//4928 4436//4916
f 4435//4928 4438//4929 4436//4916
f 4427//4911 4436//4916 4437//3362
f 4437//3362 4436//4916 4438//4929
f 4438//4929 4439//3361 4437//3362
f 4427//4911 4437//3362 2961//3318
f 4427//4911 2961//3318 4440//3363
f 4441//4930 4439//3361 4438//4929
f 4438//4929 4443//4931 4441//4930
f 4441//4930 4443//4931 4442//3359
f 4438//4929 4444//4932 4443//4931
f 4443//4931 4444//4932 4514//4933
f 4443//4931 4514//4933 4445//4934
f 4445//4934 4442//3359 4443//4931
f 4442//3359 4445//4934 4446//3360
f 4447//4935 4446//3360 4512//4936
f 4449//4937 4447//4935 4512//4936
f 4447//4935 2952//3323 4446//3360
f 4447//4935 4448//4938 2951//3355
f 4447//4935 2951//3355 2952//3323
f 4449//4937 4448//4938 4447//4935
f 2951//3355 4448//4938 4450//4939
f 4448//4938 4449//4937 4450//4939
f 4450//4939 4449//4937 4511//4940
f 4450//4939 4511//4940 4451//4941
f 4452//4942 4450//4939 4451//4941
f 4450//4939 4452//4942 2948//3351
f 4450//4939 2948//3351 2949//3352
f 2951//3355 4450//4939 2949//3352
f 2948//3351 4452//4942 2945//3350
f 2945//3350 4452//4942 4451//4941
f 4453//3348 4459//4943 4461//3349
f 2943//3347 4461//3349 4454//3346
f 4461//3349 4458//4944 4454//3346
f 4455//3274 4454//3346 4458//4944
f 4455//3274 4458//4944 4462//4945
f 4455//3274 4462//4945 4456//3273
f 4457//3270 4463//3272 4473//3268
f 4463//3272 4472//4946 4473//3268
f 4456//3273 4462//4945 4463//3272
f 4475//4947 4458//4944 4461//3349
f 4459//4943 4483//4948 4461//3349
f 4460//4949 7041//4950 4459//4943
f 4453//3348 4460//4949 4459//4943
f 4451//4941 4511//4940 4460//4949
f 4451//4941 4460//4949 4453//3348
f 4511//4940 7041//4950 4460//4949
f 7041//4950 4504//4951 4483//4948
f 7041//4950 4483//4948 4459//4943
f 4475//4947 4461//3349 4483//4948
f 4458//4944 4474//4952 4462//4945
f 4458//4944 4475//4947 4474//4952
f 4463//3272 4476//4953 4472//4946
f 4463//3272 4462//4945 4476//4953
f 2881//3269 4471//3266 4464//4954
f 4464//4954 4478//4955 2879//3242
f 2879//3242 4478//4955 4465//3261
f 4465//3261 4478//4955 4466//3264
f 4466//3264 4478//4955 4480//3265
f 4467//3253 15//4956 4468//3256
f 4468//3256 15//4956 4044//4528
f 4468//3256 4044//4528 7139//3257
f 4469//3262 13//26 14//28
f 4470//3263 4480//3265 4046//25
f 4470//3263 4046//25 13//26
f 4470//3263 13//26 4469//3262
f 4464//4954 4482//4957 4478//4955
f 4485//4958 4477//4959 4471//3266
f 4476//4953 4484//4960 4472//4946
f 4473//3268 4472//4946 4485//4958
f 4473//3268 4485//4958 4471//3266
f 4471//3266 4477//4959 4482//4957
f 4462//4945 4474//4952 4476//4953
f 4474//4952 4475//4947 4487//4961
f 4475//4947 4488//4962 4487//4961
f 4474//4952 4487//4961 4476//4953
f 4476//4953 4489//4963 4484//4960
f 4472//4946 4484//4960 4485//4958
f 4478//4955 4481//4964 4479//4965
f 4482//4957 4481//4964 4478//4955
f 4480//3265 4479//4965 4046//25
f 4479//4965 12//22 4046//25
f 4481//4964 4077//21 12//22
f 10//17 4077//21 4481//4964
f 4482//4957 4477//4959 10//17
f 4486//4966 4477//4959 4485//4958
f 4484//4960 4490//4967 4485//4958
f 4476//4953 4487//4961 4489//4963
f 4491//4968 4488//4962 4475//4947
f 4502//4969 4491//4968 4475//4947
f 4483//4948 4502//4969 4475//4947
f 4484//4960 4489//4963 4490//4967
f 4486//4966 4485//4958 4490//4967
f 4477//4959 4486//4966 10//17
f 4486//4966 4080//18 10//17
f 4486//4966 4490//4967 4080//18
f 4487//4961 4488//4962 4493//4970
f 4487//4961 4493//4970 4489//4963
f 4491//4968 4492//4971 4488//4962
f 4488//4962 4492//4971 4493//4970
f 4489//4963 4493//4970 4494//4972
f 4489//4963 4079//4564 4490//4967
f 4489//4963 4494//4972 4079//4564
f 4496//4973 4492//4971 4491//4968
f 4490//4967 4079//4564 4080//18
f 4494//4972 9//14 4079//4564
f 4492//4971 4495//4974 4493//4970
f 4496//4973 4495//4974 4492//4971
f 4496//4973 4497//4975 4495//4974
f 4493//4970 4495//4974 8//13
f 4494//4972 8//13 5026//15
f 4494//4972 5026//15 9//14
f 4496//4973 4498//4976 4497//4975
f 4497//4975 7//11 8//13
f 4495//4974 4497//4975 8//13
f 5024//4977 7//11 4497//4975
f 4499//4978 5024//4977 4497//4975
f 4498//4976 4499//4978 4497//4975
f 4498//4976 4500//4979 4499//4978
f 4499//4978 5023//4980 5024//4977
f 4500//4979 5023//4980 4499//4978
f 4501//4981 6//4982 4500//4979
f 4500//4979 6//4982 5023//4980
f 4501//4981 6969//4983 6//4982
f 4491//4968 4498//4976 4496//4973
f 4502//4969 5120//4984 4498//4976
f 5120//4984 6963//4985 4498//4976
f 4503//4986 5120//4984 4502//4969
f 4504//4951 4502//4969 4483//4948
f 4504//4951 4505//4987 4502//4969
f 7041//4950 4505//4987 4504//4951
f 7041//4950 4507//4988 4505//4987
f 4505//4987 4503//4986 4502//4969
f 4505//4987 5120//4984 4503//4986
f 4505//4987 5121//4989 5122//4990
f 4506//4991 5121//4989 4505//4987
f 4507//4988 4506//4991 4505//4987
f 4508//4992 4509//4993 4507//4988
f 4509//4993 4506//4991 4507//4988
f 4509//4993 5130//4994 4506//4991
f 4510//4995 4513//4996 4509//4993
f 4449//4937 4510//4995 4511//4940
f 4510//4995 4508//4992 4511//4940
f 4509//4993 4508//4992 4510//4995
f 4449//4937 4512//4936 4510//4995
f 4446//3360 4445//4934 4512//4936
f 4445//4934 4514//4933 4512//4936
f 4514//4933 4513//4996 4512//4936
f 4513//4996 4510//4995 4512//4936
f 4515//4997 5129//4998 4514//4933
f 5129//4998 4513//4996 4514//4933
f 4515//4997 4514//4933 4444//4932
f 4444//4932 4435//4928 4515//4997
f 4435//4928 4516//4927 4515//4997
f 5129//4998 4515//4997 4517//4999
f 4515//4997 4516//4927 4517//4999
f 4518//5000 4517//4999 4516//4927
f 4517//4999 5136//5001 5133//5002
f 4518//5000 5136//5001 4517//4999
f 5135//5003 5136//5001 4518//5000
f 4518//5000 4516//4927 4519//4926
f 4518//5000 4519//4926 4520//5004
f 5135//5003 4520//5004 4521//5005
f 5960//5006 5135//5003 4521//5005
f 4520//5004 4523//4924 4522//5007
f 4523//4924 4524//4923 4522//5007
f 4522//5007 4524//4923 4525//5008
f 4525//5008 4524//4923 4526//4922
f 4525//5008 4526//4922 4527//5009
f 4526//4922 4430//4921 4527//5009
f 4430//4921 4528//5010 4527//5009
f 4430//4921 4529//4914 4528//5010
f 4529//4914 4425//4912 4530//4907
f 4424//4909 4416//4906 4425//4912
f 4416//4906 4530//4907 4425//4912
f 4528//5010 4530//4907 4531//5011
f 4528//5010 4531//5011 6961//5012
f 6961//5012 4531//5011 4534//5013
f 4531//5011 4532//4905 4534//5013
f 4531//5011 4530//4907 4532//4905
f 4532//4905 4415//4904 4534//5013
f 4415//4904 4533//5014 4535//5015
f 4534//5013 4415//4904 4535//5015
f 4534//5013 6956//5016 6959//5017
f 4534//5013 4535//5015 6956//5016
f 4535//5015 4533//5014 4536//5018
f 4412//4899 4536//5018 4533//5014
f 4536//5018 4412//4899 4537//4898
f 6958//5019 4536//5018 4544//5020
f 4536//5018 4537//4898 4544//5020
f 4539//5021 4544//5020 4538//5022
f 4539//5021 6958//5019 4544//5020
f 4540//5023 4539//5021 4538//5022
f 6955//5024 4539//5021 6953//5025
f 6953//5025 4539//5021 4540//5023
f 4541//5026 6952//5027 4540//5023
f 4540//5023 4542//5028 4541//5026
f 4538//5022 4542//5028 4540//5023
f 4538//5022 4543//5029 4542//5028
f 4544//5020 4543//5029 4538//5022
f 4544//5020 4546//5030 4543//5029
f 4537//4898 4546//5030 4544//5020
f 4537//4898 4545//4897 4546//5030
f 4547//5031 4543//5029 4548//4884
f 4547//5031 4548//4884 4549//5032
f 4548//4884 4561//5033 4549//5032
f 5149//5034 4547//5031 4549//5032
f 5149//5034 4549//5032 4550//5035
f 4549//5032 4562//5036 4550//5035
f 4552//5037 5148//5038 4550//5035
f 4551//5039 4552//5037 4550//5035
f 4551//5039 5155//5040 4552//5037
f 4551//5039 4553//5041 5155//5040
f 4554//5042 4553//5041 4551//5039
f 4555//5043 4553//5041 4554//5042
f 4554//5042 4556//5044 4555//5043
f 4560//4882 4558//5045 4559//5046
f 4559//5046 4558//5045 4557//5047
f 4559//5046 4557//5047 4556//5044
f 4562//5036 4559//5046 4556//5044
f 4561//5033 4559//5046 4562//5036
f 4561//5033 4562//5036 4549//5032
f 4554//5042 4562//5036 4556//5044
f 4554//5042 4551//5039 4562//5036
f 4562//5036 4551//5039 4550//5035
f 4383//4879 4563//4875 4560//4882
f 4560//4882 4563//4875 4558//5045
f 4563//4875 4564//5048 6950//5049
f 4558//5045 4563//4875 6950//5049
f 4564//5048 4566//5050 4565//5051
f 4566//5050 4564//5048 4374//4873
f 4374//4873 4375//4868 4566//5050
f 4566//5050 4375//4868 7039//5052
f 4375//4868 7040//5053 7039//5052
f 4375//4868 4370//4865 7040//5053
f 4370//4865 4369//4866 7040//5053
f 7040//5053 4369//4866 4577//5054
f 4567//5055 4569//5056 4568//5057
f 4568//5057 4569//5056 4565//5051
f 4570//5058 6946//5059 4569//5056
f 4569//5056 4567//5055 4570//5058
f 4567//5055 4571//5060 4572//5061
f 4571//5060 4573//5062 4572//5061
f 4577//5054 4573//5062 4571//5060
f 4577//5054 4574//5063 4573//5062
f 4574//5063 4577//5054 4576//5064
f 4575//4855 4574//5063 4576//5064
f 4576//5064 4358//4853 4575//4855
f 4576//5064 4359//4856 4358//4853
f 4359//4856 4576//5064 4369//4866
f 4577//5054 4369//4866 4576//5064
f 4567//5055 4577//5054 4571//5060
f 4568//5057 4577//5054 4567//5055
f 4568//5057 7040//5053 4577//5054
f 4578//4858 4369//4866 4367//4860
f 4578//4858 4359//4856 4369//4866
f 4575//4855 4356//4852 4579//4849
f 4580//4848 4588//5065 4575//4855
f 4575//4855 4579//4849 4580//4848
f 4588//5065 4580//4848 4587//5066
f 4587//5066 4581//4847 4582//5067
f 4582//5067 4581//4847 4348//4845
f 4587//5066 4582//5067 4583//5068
f 4586//5069 4587//5066 4583//5068
f 4584//5070 4586//5069 4583//5068
f 4584//5070 4583//5068 4594//5071
f 4593//5072 4586//5069 4584//5070
f 4586//5069 4593//5072 4585//5073
f 4593//5072 4592//5074 4585//5073
f 4585//5073 4588//5065 4587//5066
f 4585//5073 4587//5066 4586//5069
f 4591//5075 4588//5065 4585//5073
f 4591//5075 4575//4855 4588//5065
f 4590//5076 4575//4855 4591//5075
f 4574//5063 4575//4855 4590//5076
f 4573//5062 4574//5063 4590//5076
f 4573//5062 4590//5076 4589//5077
f 4589//5077 4590//5076 4591//5075
f 6943//5078 4591//5075 4585//5073
f 4592//5074 6943//5078 4585//5073
f 5183//5079 6943//5078 4592//5074
f 4592//5074 5184//5080 5183//5079
f 4593//5072 5184//5080 4592//5074
f 4593//5072 4594//5071 4595//5081
f 4594//5071 4593//5072 4584//5070
f 4594//5071 4596//5082 4595//5081
f 4583//5068 4596//5082 4594//5071
f 4583//5068 4597//4846 4596//5082
f 4597//4846 4598//4844 4596//5082
f 5196//5083 4596//5082 4598//4844
f 4599//5084 4598//4844 4346//4843
f 4601//5085 4599//5084 4600//5086
f 5198//5087 4599//5084 4601//5085
f 5198//5087 4601//5085 5199//5088
f 5199//5088 4601//5085 4600//5086
f 4602//5089 5199//5088 4600//5086
f 4600//5086 4603//5090 4602//5089
f 4608//5091 4603//5090 4600//5086
f 4608//5091 4604//5092 4603//5090
f 4608//5091 4605//4829 4604//5092
f 4605//4829 4609//4828 4604//5092
f 4345//4840 4605//4829 4608//5091
f 4345//4840 4606//4791 4605//4829
f 4344//4835 4607//4830 4606//4791
f 4344//4835 4339//4831 4607//4830
f 4343//4839 4344//4835 4345//4840
f 4345//4840 4608//5091 4346//4843
f 4346//4843 4608//5091 4599//5084
f 4599//5084 4608//5091 4600//5086
f 4606//4791 4345//4840 4344//4835
f 4604//5092 4609//4828 5204//5093
f 5204//5093 4609//4828 4610//4827
f 4609//4828 4611//4792 4610//4827
f 6940//5094 4610//4827 4612//4826
f 6940//5094 4612//4826 5208//5095
f 5208//5095 4612//4826 4613//4824
f 5209//5096 5208//5095 4613//4824
f 4614//5097 5210//5098 5209//5096
f 4613//4824 4614//5097 5209//5096
f 4614//5097 4613//4824 4615//5099
f 4618//5100 4615//5099 4328//4825
f 4614//5097 4615//5099 4618//5100
f 4616//5101 4618//5100 4328//4825
f 4328//4825 4325//4823 4616//5101
f 4327//4800 4325//4823 4328//4825
f 4615//5099 4613//4824 4328//4825
f 4618//5100 4616//5101 4617//5102
f 4617//5102 4623//5103 4618//5100
f 4614//5097 4618//5100 4619//5104
f 4619//5104 5210//5098 4614//5097
f 4621//5105 5210//5098 4619//5104
f 4620//5106 4666//5107 4621//5105
f 4666//5107 4620//5106 4665//5108
f 4622//5109 4665//5108 4620//5106
f 4620//5106 4619//5104 4622//5109
f 4619//5104 4623//5103 4622//5109
f 4621//5105 4619//5104 4620//5106
f 4623//5103 4617//5102 4624//5110
f 4626//4822 4625//5111 4624//5110
f 4617//5102 4626//4822 4624//5110
f 4616//5101 4626//4822 4617//5102
f 4323//4821 4625//5111 4626//4822
f 4659//5112 4625//5111 4323//4821
f 4627//5113 4659//5112 4323//4821
f 4628//4820 4627//5113 4321//4819
f 4628//4820 4629//5114 4630//5115
f 4318//4818 4629//5114 4628//4820
f 4630//5115 4629//5114 4631//5116
f 4630//5115 4658//5117 4628//4820
f 4630//5115 4631//5116 4632//5118
f 4632//5118 7036//5119 4630//5115
f 4634//5120 4633//5121 4632//5118
f 4631//5116 4634//5120 4632//5118
f 4631//5116 4644//5122 4634//5120
f 4629//5114 4644//5122 4631//5116
f 4317//4809 4635//4804 4643//5123
f 4643//5123 4629//5114 4317//4809
f 4635//4804 4642//5124 4643//5123
f 4316//4805 4642//5124 4635//4804
f 4316//4805 4636//4806 4642//5124
f 4636//4806 4637//4808 4642//5124
f 4637//4808 4639//4807 4642//5124
f 4639//4807 4683//5125 7037//5126
f 4639//4807 4684//5127 4683//5125
f 4697//5128 3097//2751 4700//4765
f 4697//5128 4700//4765 4699//5129
f 4684//5127 3097//2751 4697//5128
f 4638//2355 3097//2751 4684//5127
f 4640//5130 4691//5131 4686//5132
f 4650//5133 7038//5134 4640//5130
f 4650//5133 4641//5135 7038//5134
f 4645//5136 4641//5135 4650//5133
f 4645//5136 4644//5122 4641//5135
f 4642//5124 4641//5135 4644//5122
f 4644//5122 4629//5114 4643//5123
f 4634//5120 4644//5122 4645//5136
f 4633//5121 4645//5136 4646//5137
f 4646//5137 4645//5136 4650//5133
f 4646//5137 4647//5138 7036//5119
f 4632//5118 4633//5121 7036//5119
f 4648//5139 7036//5119 4647//5138
f 7036//5119 4633//5121 4646//5137
f 4680//5140 4651//5141 4648//5139
f 4648//5139 4647//5138 4649//5142
f 4649//5142 4647//5138 4686//5132
f 4686//5132 4647//5138 4646//5137
f 4646//5137 4650//5133 4686//5132
f 4650//5133 4640//5130 4686//5132
f 4649//5142 4686//5132 4682//5143
f 4682//5143 4690//5144 4649//5142
f 4681//5145 4649//5142 4690//5144
f 4648//5139 4681//5145 4680//5140
f 4648//5139 4649//5142 4681//5145
f 4655//5146 4651//5141 4652//5147
f 4652//5147 4651//5141 4679//5148
f 4679//5148 4651//5141 4680//5140
f 4653//5149 4652//5147 4678//5150
f 4654//5151 4653//5149 4676//5152
f 4654//5151 4676//5152 4673//5153
f 4673//5153 4676//5152 4675//5154
f 4672//5155 4654//5151 4673//5153
f 4648//5139 4651//5141 4656//5156
f 4656//5156 4651//5141 4661//5157
f 4651//5141 4662//5158 4661//5157
f 4657//5159 4656//5156 4660//5160
f 4660//5160 4659//5112 4657//5159
f 4659//5112 4658//5117 4657//5159
f 4659//5112 4627//5113 4658//5117
f 4625//5111 4659//5112 4660//5160
f 4624//5110 4625//5111 4660//5160
f 4623//5103 4660//5160 4622//5109
f 4624//5110 4660//5160 4623//5103
f 4661//5157 4662//5158 4622//5109
f 4662//5158 4665//5108 4622//5109
f 4622//5109 4660//5160 4661//5157
f 4664//5161 4662//5158 4655//5146
f 4662//5158 4651//5141 4655//5146
f 4663//5162 4664//5161 4655//5146
f 4663//5162 4655//5146 4654//5151
f 4669//5163 4663//5162 4654//5151
f 4669//5163 4654//5151 4672//5155
f 4670//5164 4669//5163 4672//5155
f 5237//5165 4664//5161 4663//5162
f 4668//5166 4664//5161 5237//5165
f 4668//5166 4662//5158 4664//5161
f 4668//5166 4665//5108 4662//5158
f 4667//5167 5230//5168 4668//5166
f 4668//5166 5230//5168 4665//5108
f 5230//5168 4666//5107 4665//5108
f 5236//5169 4667//5167 4668//5166
f 5236//5169 4668//5166 5237//5165
f 5237//5165 4663//5162 5238//5170
f 4669//5163 5238//5170 4663//5162
f 4670//5164 4671//5171 4669//5163
f 4671//5171 5239//5172 4669//5163
f 4671//5171 4670//5164 5240//5173
f 5240//5173 4670//5164 4672//5155
f 4673//5153 5240//5173 4672//5155
f 5241//5174 5240//5173 4674//5175
f 5240//5173 4675//5154 4674//5175
f 4675//5154 4676//5152 4677//5176
f 4676//5152 4653//5149 4678//5150
f 4676//5152 4678//5150 4677//5176
f 4678//5150 5244//5177 4677//5176
f 4652//5147 4679//5148 4678//5150
f 4679//5148 4687//5178 5245//5179
f 4679//5148 4680//5140 4687//5178
f 4681//5145 4690//5144 5250//5180
f 4680//5140 4681//5145 5250//5180
f 4687//5178 4680//5140 4688//5181
f 4680//5140 5250//5180 4688//5181
f 4682//5143 4686//5132 4693//5182
f 4693//5182 4690//5144 4682//5143
f 4683//5125 4697//5128 7035//5183
f 4683//5125 4684//5127 4697//5128
f 4696//5184 4683//5125 7035//5183
f 4686//5132 4691//5131 4692//5185
f 4686//5132 4692//5185 4693//5182
f 4687//5178 4688//5181 4689//5186
f 5247//5187 4687//5178 4689//5186
f 5247//5187 4689//5186 5249//5188
f 5249//5188 4689//5186 4688//5181
f 5250//5180 4690//5144 5251//5189
f 5251//5189 4690//5144 4693//5182
f 4691//5131 4685//5190 4694//5191
f 4691//5131 4694//5191 4692//5185
f 4685//5190 4696//5184 4694//5191
f 5252//5192 5251//5189 4693//5182
f 4692//5185 4694//5191 4693//5182
f 4694//5191 4695//5193 4693//5182
f 4693//5182 4695//5193 5264//5194
f 5264//5194 5252//5192 4693//5182
f 4696//5184 5262//5195 4695//5193
f 7035//5183 4697//5128 5262//5195
f 4697//5128 4698//5196 5262//5195
f 5262//5195 4698//5196 5259//5197
f 5259//5197 4698//5196 5268//5198
f 5259//5197 5268//5198 5258//5199
f 4698//5196 5270//5200 5269//5201
f 4698//5196 5269//5201 5268//5198
f 4699//5129 4703//5202 5270//5200
f 4699//5129 4700//4765 4703//5202
f 4700//4765 4713//4764 4703//5202
f 4703//5202 4713//4764 4701//5203
f 4703//5202 4710//5204 4702//5205
f 4703//5202 4701//5203 4710//5204
f 5270//5200 4703//5202 4706//5206
f 5270//5200 4706//5206 5271//5207
f 5271//5207 4706//5206 4704//5208
f 4704//5208 4705//5209 5272//5210
f 5271//5207 4704//5208 5272//5210
f 5272//5210 4705//5209 4736//5211
f 4704//5208 4706//5206 4705//5209
f 4703//5202 4702//5205 4706//5206
f 4706//5206 4702//5205 4707//5212
f 4706//5206 4707//5212 4705//5209
f 4705//5209 4707//5212 4708//5213
f 4709//5214 4708//5213 4707//5212
f 4708//5213 4709//5214 4733//5215
f 4707//5212 4710//5204 4709//5214
f 4702//5205 4710//5204 4707//5212
f 4710//5204 4711//5216 4709//5214
f 4710//5204 4712//5217 4711//5216
f 4710//5204 4701//5203 4712//5217
f 4713//4764 4714//4763 4701//5203
f 4713//4764 4272//3508 4714//4763
f 4714//4763 4717//5218 4712//5217
f 4701//5203 4714//4763 4712//5217
f 4731//5219 4732//5220 4715//5221
f 4731//5219 4715//5221 4711//5216
f 4711//5216 4716//5222 4731//5219
f 4712//5217 4716//5222 4711//5216
f 4712//5217 4717//5218 4716//5222
f 4717//5218 4718//5223 4716//5222
f 4717//5218 4714//4763 4718//5223
f 4714//4763 4719//4762 4718//5223
f 4718//5223 4720//5224 4726//5225
f 4718//5223 4719//4762 4720//5224
f 4719//4762 4721//4759 4720//5224
f 4719//4762 4271//4761 4721//4759
f 4721//4759 4269//4756 4722//5226
f 4720//5224 4721//4759 4722//5226
f 4725//5227 4722//5226 4723//4758
f 4722//5226 4269//4756 4723//4758
f 4725//5227 4723//4758 4758//4757
f 4724//5228 7034//5229 4725//5227
f 4725//5227 4727//5230 4722//5226
f 4726//5225 4720//5224 4727//5230
f 4722//5226 4727//5230 4720//5224
f 4727//5230 4728//5231 4726//5225
f 4727//5230 4729//5232 4728//5231
f 4729//5232 4730//5233 4728//5231
f 4730//5233 4731//5219 4728//5231
f 4731//5219 4716//5222 4728//5231
f 4716//5222 4726//5225 4728//5231
f 4716//5222 4718//5223 4726//5225
f 4731//5219 4730//5233 4732//5220
f 4730//5233 4753//5234 4732//5220
f 4732//5220 4753//5234 4752//5235
f 4735//5236 4732//5220 4752//5235
f 4709//5214 4715//5221 4732//5220
f 4711//5216 4715//5221 4709//5214
f 4733//5215 4709//5214 4732//5220
f 4733//5215 4732//5220 4735//5236
f 4734//5237 4733//5215 4735//5236
f 4734//5237 4735//5236 4741//5238
f 4734//5237 4741//5238 4737//5239
f 4738//5240 4736//5211 4737//5239
f 5290//5241 4739//5242 5291//5243
f 5291//5243 4739//5242 4740//5244
f 4740//5244 4737//5239 4741//5238
f 4740//5244 4739//5242 4738//5240
f 4737//5239 4740//5244 4738//5240
f 4740//5244 4741//5238 6934//5245
f 4743//5246 4742//5247 4750//5248
f 4750//5248 4748//5249 4744//5250
f 4743//5246 4750//5248 4744//5250
f 5293//5251 5292//5252 4744//5250
f 4745//5253 5293//5251 4744//5250
f 4748//5249 4745//5253 4744//5250
f 5295//5254 4745//5253 5331//5255
f 4745//5253 4746//5256 5331//5255
f 4745//5253 4747//5257 4746//5256
f 4745//5253 4748//5249 4747//5257
f 4747//5257 4748//5249 4749//5258
f 4748//5249 4750//5248 4749//5258
f 4750//5248 4742//5247 5301//5259
f 5301//5259 4742//5247 4751//5260
f 4742//5247 6934//5245 4751//5260
f 4751//5260 6934//5245 4741//5238
f 4741//5238 4735//5236 4751//5260
f 5303//5261 4751//5260 4735//5236
f 4735//5236 4752//5235 5303//5261
f 4752//5235 5304//5262 5303//5261
f 4752//5235 4753//5234 5304//5262
f 4753//5234 4730//5233 4754//5263
f 4754//5263 4730//5233 4729//5232
f 4753//5234 4754//5263 5304//5262
f 5304//5262 4754//5263 5306//5264
f 5306//5264 4755//5265 5307//5266
f 5306//5264 4754//5263 4755//5265
f 4755//5265 4754//5263 7034//5229
f 5307//5266 4755//5265 4756//5267
f 5307//5266 4756//5267 5308//5268
f 5308//5268 5318//5269 5309//5270
f 5308//5268 4756//5267 5318//5269
f 5319//5271 5318//5269 4756//5267
f 4724//5228 5319//5271 4756//5267
f 4758//4757 5319//5271 4724//5228
f 5319//5271 4758//4757 4757//5272
f 4757//5272 4758//4757 4759//4752
f 4759//4752 4758//4757 4266//4753
f 5320//5273 4757//5272 4760//4746
f 4757//5272 4759//4752 4760//4746
f 4265//4747 4760//4746 4759//4752
f 5320//5273 4760//4746 4762//5274
f 4762//5274 4761//4745 4763//5275
f 4762//5274 4760//4746 4761//4745
f 4761//4745 4760//4746 4260//4743
f 4763//5275 4761//4745 4764//4742
f 4765//5276 4763//5275 4764//4742
f 4768//5277 5323//5278 4765//5276
f 4768//5277 4765//5276 4766//5279
f 4257//4739 4766//5279 4765//5276
f 4765//5276 4764//4742 4257//4739
f 4767//4738 4766//5279 4257//4739
f 4769//5280 4767//4738 4254//4734
f 4767//4738 4255//4735 4254//4734
f 4767//4738 4769//5280 4768//5277
f 4767//4738 4768//5277 4766//5279
f 4771//5281 5323//5278 4768//5277
f 4770//5282 4768//5277 4769//5280
f 4768//5277 4770//5282 4771//5281
f 4770//5282 4769//5280 4253//4733
f 4770//5282 4253//4733 4252//4732
f 4793//5283 4771//5281 4799//5284
f 4772//5285 4771//5281 4793//5283
f 4772//5285 4773//5286 4771//5281
f 4794//5287 4775//5288 4772//5285
f 4772//5285 4775//5288 4773//5286
f 4775//5288 4774//5289 4773//5286
f 4775//5288 4785//5290 4774//5289
f 4785//5290 5312//5291 4774//5289
f 5312//5291 4785//5290 4784//5292
f 4784//5292 4776//5293 5312//5291
f 4778//5294 4776//5293 4784//5292
f 4777//5295 4779//5296 5300//5297
f 5300//5297 4746//5256 4777//5295
f 4777//5295 4746//5256 4778//5294
f 5300//5297 4779//5296 4780//5298
f 4782//5299 4781//5300 4780//5298
f 4781//5300 4782//5299 5333//5301
f 4783//5302 4782//5299 4780//5298
f 4787//5303 4782//5299 4783//5302
f 4780//5298 4779//5296 4783//5302
f 4779//5296 4784//5292 4783//5302
f 4779//5296 4777//5295 4784//5292
f 4777//5295 4778//5294 4784//5292
f 4786//5304 4785//5290 4775//5288
f 4783//5302 4786//5304 4787//5303
f 4784//5292 4786//5304 4783//5302
f 4782//5299 4787//5303 4789//5305
f 4787//5303 4788//5306 4789//5305
f 4789//5305 4788//5306 4792//5307
f 4792//5307 4790//5308 4789//5305
f 4789//5305 4790//5308 5335//5309
f 5335//5309 4791//5310 5336//5311
f 5335//5309 4790//5308 4791//5310
f 4791//5310 4790//5308 4795//5312
f 4793//5283 4790//5308 4792//5307
f 4790//5308 4793//5283 4795//5312
f 4792//5307 4772//5285 4793//5283
f 4792//5307 4794//5287 4772//5285
f 4794//5287 4792//5307 4788//5306
f 4786//5304 4775//5288 4794//5287
f 4786//5304 4794//5287 4788//5306
f 4787//5303 4786//5304 4788//5306
f 4798//5313 4791//5310 4795//5312
f 4791//5310 4798//5313 4796//5314
f 4796//5314 4804//5315 4805//5316
f 4803//5317 4804//5315 4796//5314
f 4798//5313 4797//5318 4796//5314
f 4802//5319 4798//5313 4795//5312
f 4795//5312 4793//5283 4799//5284
f 4795//5312 4799//5284 4802//5319
f 4799//5284 4770//5282 4800//5320
f 4770//5282 4252//4732 4800//5320
f 4800//5320 4252//4732 4802//5319
f 4801//4731 4802//5319 4252//4732
f 4801//4731 4807//5321 4797//5318
f 4807//5321 4801//4731 4812//4729
f 4803//5317 4796//5314 4797//5318
f 4803//5317 4806//5322 4804//5315
f 5570//5323 4796//5314 4805//5316
f 5569//5324 5570//5323 4805//5316
f 5569//5324 4805//5316 5571//5325
f 5571//5325 4805//5316 5575//5326
f 4805//5316 4804//5315 5575//5326
f 5575//5326 4806//5322 5576//5327
f 5575//5326 4804//5315 4806//5322
f 4806//5322 4807//5321 5576//5327
f 5576//5327 4807//5321 4808//5328
f 4818//5329 4809//5330 4817//5331
f 4809//5330 4816//5332 4817//5331
f 4809//5330 4810//4728 4816//5332
f 4810//4728 4811//5333 4816//5332
f 4808//5328 4812//4729 4810//4728
f 4807//5321 4812//4729 4808//5328
f 4806//5322 4803//5317 4807//5321
f 4809//5330 4808//5328 4810//4728
f 4816//5332 4811//5333 4813//5334
f 4813//5334 7033//5335 4814//4717
f 4813//5334 4811//5333 7033//5335
f 4814//4717 7033//5335 7032//4718
f 4814//4717 4815//5336 4813//5334
f 4815//5336 4814//4717 4240//4713
f 4817//5331 4815//5336 4822//4714
f 4817//5331 4816//5332 4815//5336
f 4816//5332 4813//5334 4815//5336
f 4817//5331 4820//5337 4819//5338
f 4818//5329 4817//5331 4819//5338
f 5580//5339 4809//5330 4818//5329
f 4819//5338 5581//5340 4818//5329
f 5582//5341 4819//5338 4821//5342
f 4819//5338 4820//5337 4821//5342
f 5581//5340 4819//5338 5582//5341
f 4820//5337 4822//4714 4821//5342
f 4817//5331 4822//4714 4820//5337
f 4821//5342 4822//4714 5583//5343
f 5583//5343 4822//4714 5584//4712
f 4237//4706 4823//5344 4824//4711
f 4824//4711 4238//4708 4237//4706
f 4823//5344 4825//4707 4826//5345
f 4237//4706 4825//4707 4823//5344
f 4826//5345 4825//4707 4827//4705
f 4825//4707 4233//4128 4827//4705
f 4826//5345 4827//4705 4832//5346
f 4832//5346 4833//5347 4826//5345
f 4833//5347 4823//5344 4826//5345
f 4823//5344 4833//5347 4824//4711
f 4832//5346 4827//4705 4831//5348
f 4827//4705 4828//4704 4831//5348
f 4831//5348 4828//4704 4840//4703
f 4828//4704 4827//4705 4232//4135
f 4840//4703 4829//4137 4830//5349
f 4859//5350 4830//5349 4860//4702
f 4829//4137 4860//4702 4830//5349
f 4841//5351 4840//4703 4830//5349
f 5598//5352 4831//5348 4840//4703
f 5598//5352 4837//5353 4831//5348
f 4832//5346 4831//5348 4837//5353
f 4836//5354 4832//5346 4837//5353
f 4833//5347 4832//5346 4836//5354
f 4835//5355 4824//4711 4833//5347
f 5588//5356 4824//4711 4835//5355
f 5588//5356 4835//5355 4834//5357
f 4834//5357 4835//5355 4833//5347
f 4834//5357 4836//5354 5595//5358
f 4838//5359 4836//5354 4837//5353
f 5598//5352 5597//5360 4838//5359
f 5599//5361 5598//5352 4840//4703
f 4841//5351 5599//5361 4840//4703
f 5599//5361 4841//5351 4842//5362
f 4842//5362 4841//5351 4830//5349
f 4830//5349 4857//5363 4842//5362
f 4842//5362 4857//5363 7031//5364
f 4844//5365 4842//5362 4843//5366
f 4843//5366 4842//5362 7031//5364
f 7031//5364 4846//5367 4843//5366
f 4843//5366 5605//5368 4844//5365
f 5604//5369 4844//5365 5605//5368
f 4846//5367 4845//5370 6379//5371
f 4846//5367 4847//5372 4845//5370
f 6379//5371 4843//5366 4846//5367
f 4845//5370 4847//5372 4848//5373
f 4849//5374 4845//5370 4848//5373
f 4852//5375 4849//5374 4848//5373
f 4850//5376 4849//5374 6382//5377
f 4849//5374 4851//5378 6382//5377
f 6386//5379 4849//5374 4852//5375
f 4848//5373 4877//5380 4852//5375
f 4848//5373 4853//5381 4877//5380
f 4847//5372 4853//5381 4848//5373
f 4854//5382 4853//5381 4847//5372
f 4847//5372 4855//5383 4854//5382
f 7031//5364 4857//5363 4855//5383
f 4857//5363 4856//5384 4855//5383
f 4858//5385 4856//5384 4857//5363
f 4865//5386 4856//5384 4858//5385
f 4860//4702 4228//4139 4861//5387
f 4228//4139 4227//4140 4861//5387
f 4861//5387 4227//4140 4226//4141
f 4862//4701 4861//5387 4226//4141
f 4865//5386 4861//5387 4862//4701
f 4865//5386 4863//4158 4864//5388
f 4862//4701 4863//4158 4865//5386
f 4863//4158 4862//4701 4225//4106
f 4856//5384 4865//5386 4864//5388
f 4854//5382 4856//5384 4864//5388
f 4853//5381 4854//5382 4866//5389
f 4854//5382 4864//5388 4866//5389
f 4864//5388 4863//4158 4866//5389
f 4868//4160 4867//4700 4866//5389
f 4866//5389 4224//4156 4868//4160
f 4867//4700 4869//4699 4878//5390
f 4867//4700 4223//4159 4869//4699
f 4871//5391 4869//4699 4870//4697
f 4878//5390 4869//4699 4871//5391
f 4872//5392 4874//5393 4873//5394
f 4873//5394 4871//5391 4872//5392
f 4873//5394 4875//5395 4876//5396
f 4874//5393 4875//5395 4873//5394
f 4875//5395 6384//5397 4876//5396
f 6384//5397 4875//5395 4880//5398
f 6386//5379 4852//5375 4876//5396
f 4876//5396 4852//5375 4877//5380
f 4877//5380 4853//5381 4879//5399
f 4866//5389 4879//5399 4853//5381
f 4867//4700 4879//5399 4866//5389
f 4879//5399 4867//4700 4878//5390
f 4873//5394 4878//5390 4871//5391
f 4879//5399 4878//5390 4873//5394
f 4873//5394 4876//5396 4879//5399
f 4879//5399 4876//5396 4877//5380
f 6386//5379 4876//5396 6384//5397
f 4880//5398 6385//5400 6384//5397
f 4880//5398 4881//5401 6388//5402
f 6387//5403 4882//5404 4883//5405
f 6388//5402 4882//5404 6387//5403
f 4882//5404 4885//4692 4883//5405
f 4882//5404 4881//5401 4885//4692
f 4886//4695 4874//5393 4872//5392
f 4220//4696 4886//4695 4872//5392
f 4870//4697 4872//5392 4871//5391
f 4220//4696 4872//5392 4870//4697
f 4886//4695 4219//4150 4885//4692
f 4881//5401 4886//4695 4885//4692
f 4883//5405 4885//4692 4887//4694
f 4887//4694 4888//5406 4883//5405
f 4888//5406 4884//5407 4883//5405
f 4884//5407 4888//5406 4889//5408
f 4884//5407 4889//5408 6392//5409
f 6814//5410 6392//5409 4890//5411
f 6815//5412 4890//5411 4891//4686
f 4890//5411 4892//4687 4891//4686
f 6392//5409 4893//4688 4890//5411
f 4889//5408 4893//4688 6392//5409
f 4889//5408 4894//4691 4893//4688
f 4888//5406 4894//4691 4889//5408
f 4888//5406 4887//4694 4894//4691
f 4894//4691 4895//4689 4893//4688
f 4890//5411 4893//4688 4892//4687
f 6396//5413 6394//4684 4896//4683
f 7029//4682 4899//5414 4898//5415
f 4898//5415 6412//5416 7029//4682
f 7029//4682 6412//5416 4897//4679
f 6407//5417 4899//5414 4901//5418
f 4899//5414 7013//5419 4901//5418
f 4901//5418 4900//5420 6407//5417
f 6405//5421 4900//5420 4902//5422
f 4902//5422 4900//5420 7009//5423
f 4903//4615 4902//5422 7009//5423
f 4904//4616 4903//4615 7009//5423
f 7009//5423 7011//4618 4904//4616
f 4905//5424 6414//5425 4903//4615
f 4138//4611 4905//5424 4903//4615
f 7004//4488 6414//5425 4905//5424
f 7004//4488 4905//5424 4138//4611
f 7004//4488 4908//5426 6414//5425
f 4913//5427 4906//5428 4914//5429
f 4906//5428 4915//5430 4914//5429
f 4913//5427 4909//5431 4907//5432
f 4908//5426 4909//5431 6404//5433
f 4907//5432 4909//5431 4908//5426
f 4908//5426 6404//5433 6414//5425
f 4909//5431 6403//5434 6404//5433
f 4909//5431 4910//5435 6403//5434
f 4910//5435 6401//5436 6403//5434
f 6401//5436 4910//5435 4911//5437
f 4912//5438 6415//5439 4911//5437
f 6527//5440 4912//5438 4915//5430
f 4913//5427 4910//5435 4909//5431
f 4914//5429 4910//5435 4913//5427
f 4915//5430 4911//5437 4914//5429
f 4915//5430 4912//5438 4911//5437
f 4914//5429 4911//5437 4910//5435
f 4916//5441 6527//5440 4917//5442
f 4918//5443 4917//5442 7006//5444
f 4979//4601 7003//5445 7004//4488
f 4919//4489 4979//4601 7004//4488
f 7000//5446 7005//5447 4978//4600
f 4976//5448 4977//5449 7000//5446
f 7000//5446 4118//4599 4920//5450
f 4114//4504 4922//4506 4920//5450
f 4118//4599 4114//4504 4920//5450
f 4115//4500 4118//4599 4117//4501
f 4114//4504 4118//4599 4115//4500
f 4921//4505 4980//4597 4922//4506
f 4922//4506 4980//4597 4976//5448
f 4922//4506 4976//5448 7000//5446
f 4922//4506 7000//5446 4920//5450
f 4957//5451 4971//5452 4972//4596
f 4956//4595 4958//5453 4957//5451
f 4923//4594 4957//5451 4972//4596
f 4112//4593 4956//4595 4957//5451
f 4111//4592 4968//5454 4956//4595
f 4968//5454 4111//4592 4924//5455
f 4111//4592 4925//4589 4924//5455
f 4925//4589 4955//5456 4924//5455
f 4948//4588 4955//5456 4925//4589
f 4926//4556 4949//4590 4961//5457
f 4927//4591 4953//5458 4949//4590
f 4950//4585 4951//5459 4947//4586
f 4929//4582 4932//5460 4950//4585
f 4928//4580 4929//4582 4950//4585
f 4929//4582 4931//4584 4946//5461
f 4943//5462 4930//4583 4933//5463
f 7001//5464 4943//5462 4933//5463
f 4930//4583 4943//5462 4931//4584
f 4931//4584 4945//5465 4946//5461
f 4929//4582 4946//5461 4932//5460
f 4931//4584 4943//5462 4945//5465
f 4941//5466 4944//5467 7001//5464
f 4933//5463 4941//5466 7001//5464
f 4933//5463 4930//4583 4934//5468
f 4939//5469 4941//5466 4933//5463
f 4939//5469 4935//5470 4940//5471
f 4936//5472 4940//5471 4935//5470
f 4937//5473 5022//5474 4938//12
f 4937//5473 5030//5475 5019//5476
f 4937//5473 5019//5476 5022//5474
f 4938//12 5022//5474 5021//5477
f 4936//5472 4938//12 5021//5477
f 4936//5472 5021//5477 4940//5471
f 5021//5477 4942//5478 4940//5471
f 5021//5477 5020//5479 4942//5478
f 4941//5466 4942//5478 4944//5467
f 5020//5479 5018//5480 5017//5481
f 5011//5482 4942//5478 5017//5481
f 4944//5467 5007//5483 7001//5464
f 4943//5462 5014//5484 4945//5465
f 5015//5485 5014//5484 4943//5462
f 7001//5464 5015//5485 4943//5462
f 7001//5464 5007//5483 5015//5485
f 5011//5482 5008//5486 4944//5467
f 4945//5465 5014//5484 5016//5487
f 4945//5465 5016//5487 5013//5488
f 4945//5465 5013//5488 4946//5461
f 4932//5460 4946//5461 5012//5489
f 4946//5461 5013//5488 5012//5489
f 4947//4586 4951//5459 4952//5490
f 4926//4556 4961//5457 4954//4587
f 4948//4588 4954//4587 4955//5456
f 4952//5490 4951//5459 4962//5491
f 4953//5458 4998//5492 4949//4590
f 4949//4590 4998//5492 4961//5457
f 4961//5457 4997//5493 4954//4587
f 4954//4587 4966//5494 4955//5456
f 4955//5456 4960//5495 4924//5455
f 4924//5455 4960//5495 4968//5454
f 4968//5454 4958//5453 4956//4595
f 4958//5453 4969//5496 4957//5451
f 4960//5495 4967//5497 4959//5498
f 4960//5495 4959//5498 4968//5454
f 4955//5456 4966//5494 4960//5495
f 4997//5493 4966//5494 4954//4587
f 4953//5458 4952//5490 4998//5492
f 4952//5490 4962//5491 4998//5492
f 4961//5457 4998//5492 4997//5493
f 5001//5499 4964//5500 4963//5501
f 5000//5502 4964//5500 5001//5499
f 4964//5500 5000//5502 4965//5503
f 4962//5491 5000//5502 4999//5504
f 4962//5491 4999//5504 4998//5492
f 4966//5494 4986//5505 4967//5497
f 4997//5493 4996//5506 4986//5505
f 4966//5494 4997//5493 4986//5505
f 4967//5497 4970//5507 4959//5498
f 4968//5454 4959//5498 4970//5507
f 4968//5454 4985//5508 4958//5453
f 4968//5454 4970//5507 4985//5508
f 4958//5453 4985//5508 4969//5496
f 4957//5451 4969//5496 4971//5452
f 4967//5497 4987//5509 4970//5507
f 4967//5497 4986//5505 4987//5509
f 4970//5507 4987//5509 4988//5510
f 4970//5507 4988//5510 4985//5508
f 4969//5496 4985//5508 4973//5511
f 4969//5496 4973//5511 4971//5452
f 4971//5452 4975//5512 4972//4596
f 4972//4596 4975//5512 4980//4597
f 4971//5452 4974//5513 4975//5512
f 4973//5511 4974//5513 4971//5452
f 4973//5511 4984//5514 4974//5513
f 4984//5514 4983//5515 4974//5513
f 4974//5513 4983//5515 4981//5516
f 4974//5513 4981//5516 4975//5512
f 4975//5512 4981//5516 4916//5441
f 4975//5512 4916//5441 4980//4597
f 4976//5448 4980//4597 4977//5449
f 4980//4597 4916//5441 4917//5442
f 4980//4597 4917//5442 4977//5449
f 4977//5449 4917//5442 4918//5443
f 7000//5446 4977//5449 4918//5443
f 4978//4600 7005//5447 4979//4601
f 4979//4601 7005//5447 7002//5517
f 4979//4601 7002//5517 7003//5445
f 4992//5518 4993//5519 4981//5516
f 4983//5515 4982//5520 4992//5518
f 4983//5515 4992//5518 4981//5516
f 4991//5521 4982//5520 4983//5515
f 4984//5514 4991//5521 4983//5515
f 4988//5510 4984//5514 4985//5508
f 4985//5508 4984//5514 4973//5511
f 4986//5505 4989//5522 4987//5509
f 4986//5505 4996//5506 4989//5522
f 4987//5509 4989//5522 4988//5510
f 4984//5514 4988//5510 4990//5523
f 4988//5510 4995//5524 4990//5523
f 4989//5522 4995//5524 4988//5510
f 4989//5522 4994//5525 4995//5524
f 4991//5521 4984//5514 4990//5523
f 4991//5521 6537//5526 4982//5520
f 4992//5518 6528//5527 4993//5519
f 4992//5518 6537//5526 6528//5527
f 4981//5516 4993//5519 4916//5441
f 4993//5519 6529//5528 4916//5441
f 5078//5529 5079//5530 6538//5531
f 4994//5525 6540//5532 5078//5529
f 6541//5533 6540//5532 4994//5525
f 5075//5534 6541//5533 4994//5525
f 4995//5524 4994//5525 5078//5529
f 4995//5524 5078//5529 4990//5523
f 4996//5506 5075//5534 4994//5525
f 4996//5506 4994//5525 4989//5522
f 4997//5493 5055//5535 4996//5506
f 4998//5492 5055//5535 4997//5493
f 4999//5504 5055//5535 4998//5492
f 5000//5502 5054//5536 5055//5535
f 4999//5504 5000//5502 5055//5535
f 5000//5502 5056//5537 5054//5536
f 5053//5538 5056//5537 5001//5499
f 5003//5539 5052//5540 5004//5541
f 4963//5501 5004//5541 5001//5499
f 5001//5499 5056//5537 5000//5502
f 5002//5542 5005//5543 5003//5539
f 5002//5542 5051//5544 5005//5543
f 5006//5545 5051//5544 5002//5542
f 5003//5539 5065//5546 5052//5540
f 5004//5541 5052//5540 5053//5538
f 5004//5541 5053//5538 5001//5499
f 5005//5543 5051//5544 5065//5546
f 5006//5545 5008//5486 5067//5547
f 5002//5542 5007//5483 5006//5545
f 5042//5548 5048//5549 5009//5550
f 5011//5482 5010//5551 5044//5552
f 5008//5486 5011//5482 5044//5552
f 4944//5467 5008//5486 5007//5483
f 5013//5488 4963//5501 5012//5489
f 4950//4585 5012//5489 4964//5500
f 4964//5500 4965//5503 4950//4585
f 4950//4585 4965//5503 4951//5459
f 5012//5489 4963//5501 4964//5500
f 5014//5484 5003//5539 5016//5487
f 5014//5484 5002//5542 5003//5539
f 5015//5485 5002//5542 5014//5484
f 5007//5483 5002//5542 5015//5485
f 5013//5488 5016//5487 5004//5541
f 5016//5487 5003//5539 5004//5541
f 5008//5486 5006//5545 5007//5483
f 5013//5488 5004//5541 4963//5501
f 4951//5459 4965//5503 4962//5491
f 5010//5551 5009//5550 5044//5552
f 5018//5480 5010//5551 5011//5482
f 5018//5480 5011//5482 5017//5481
f 5019//5476 5031//5553 5020//5479
f 5020//5479 5031//5553 5018//5480
f 5020//5479 5017//5481 4942//5478
f 5021//5477 5019//5476 5020//5479
f 5022//5474 5019//5476 5021//5477
f 5030//5475 5029//5554 5019//5476
f 6//4982 5//5555 5033//5556
f 5023//4980 5033//5556 5030//5475
f 5024//4977 5030//5475 4937//5473
f 5024//4977 5023//4980 5030//5475
f 7//11 5024//4977 4937//5473
f 7//11 4937//5473 4938//12
f 8//13 4938//12 4936//5472
f 8//13 4936//5472 5026//15
f 5027//4565 4099//4567 4082//4563
f 5027//4565 5028//5557 4099//4567
f 5028//5557 4934//5468 4099//4567
f 5028//5557 4939//5469 4934//5468
f 4939//5469 5028//5557 4935//5470
f 4935//5470 5028//5557 5025//16
f 5028//5557 5027//4565 5025//16
f 5025//16 5026//15 4935//5470
f 5026//15 4936//5472 4935//5470
f 6//4982 5033//5556 5023//4980
f 5//5555 5034//5558 5033//5556
f 5029//5554 5031//5553 5019//5476
f 5029//5554 5032//5559 5031//5553
f 5029//5554 5033//5556 5032//5559
f 5030//5475 5033//5556 5029//5554
f 5018//5480 5031//5553 5010//5551
f 5031//5553 5042//5548 5010//5551
f 5032//5559 5042//5548 5031//5553
f 5032//5559 5043//5560 5042//5548
f 5032//5559 6998//5561 5043//5560
f 5033//5556 6998//5561 5032//5559
f 5033//5556 5094//5562 6998//5561
f 5040//5563 5094//5562 5033//5556
f 5033//5556 5034//5558 5040//5563
f 5//5555 6982//5564 5034//5558
f 6982//5564 5035//10 5034//5558
f 5035//10 5041//9 5039//5565
f 5036//7 5037//6 5041//9
f 5038//4 6654//5566 5037//6
f 5038//4 1//1 6655//5567
f 5038//4 6655//5567 6654//5566
f 5037//6 6654//5566 5041//9
f 5035//10 5040//5563 5034//5558
f 5039//5565 5094//5562 5040//5563
f 5035//10 5039//5565 5040//5563
f 6652//5568 5039//5565 5041//9
f 5039//5565 6652//5568 5094//5562
f 5042//5548 5009//5550 5010//5551
f 6998//5561 5093//5569 5043//5560
f 5043//5560 5093//5569 5045//5570
f 5043//5560 5047//5571 5042//5548
f 5043//5560 5046//5572 5047//5571
f 5043//5560 5045//5570 5046//5572
f 5042//5548 5047//5571 5048//5549
f 5009//5550 5048//5549 5044//5552
f 5048//5549 5049//5573 5044//5552
f 5050//5574 5008//5486 5044//5552
f 5050//5574 5044//5552 5049//5573
f 5048//5549 5091//5575 5049//5573
f 5046//5572 5092//5576 5047//5571
f 5091//5575 5089//5577 5049//5573
f 5066//5578 5050//5574 5049//5573
f 5067//5547 5051//5544 5006//5545
f 6999//5579 5051//5544 5067//5547
f 5052//5540 5065//5546 5064//5580
f 5052//5540 5064//5580 5057//5581
f 5053//5538 5052//5540 5057//5581
f 5057//5581 5056//5537 5053//5538
f 5054//5536 5056//5537 5058//5582
f 5054//5536 5058//5582 5059//5583
f 5054//5536 5059//5583 5055//5535
f 5055//5535 5059//5583 4996//5506
f 5058//5582 5061//5584 5059//5583
f 5057//5581 5060//5585 5056//5537
f 5057//5581 5064//5580 5063//5586
f 5063//5586 5060//5585 5057//5581
f 5056//5537 5060//5585 5058//5582
f 5058//5582 5060//5585 5061//5584
f 4996//5506 5059//5583 5075//5534
f 5060//5585 5062//5587 5061//5584
f 5061//5584 5076//5588 5059//5583
f 5059//5583 5076//5588 5075//5534
f 5061//5584 5077//5589 5076//5588
f 5061//5584 5062//5587 5077//5589
f 5074//5590 5060//5585 5070//5591
f 5060//5585 5074//5590 5062//5587
f 5065//5546 5068//5592 5064//5580
f 5051//5544 6999//5579 5065//5546
f 5050//5574 5066//5578 5067//5547
f 5066//5578 5089//5577 6747//5593
f 5065//5546 6999//5579 5068//5592
f 5068//5592 5069//5594 5064//5580
f 5068//5592 6559//5595 5069//5594
f 5069//5594 5072//5596 5064//5580
f 5069//5594 5071//5597 5072//5596
f 5071//5597 5086//5598 5072//5596
f 5072//5596 6546//5599 5085//5600
f 5070//5591 5072//5596 5085//5600
f 5070//5591 5073//5601 5074//5590
f 5070//5591 5085//5600 5073//5601
f 5073//5601 5085//5600 5083//5602
f 5074//5590 5073//5601 5077//5589
f 5062//5587 5074//5590 5077//5589
f 5075//5534 5076//5588 6541//5533
f 5076//5588 5077//5589 5080//5603
f 5073//5601 5080//5603 5077//5589
f 5073//5601 5083//5602 5080//5603
f 5076//5588 5080//5603 6541//5533
f 5078//5529 6540//5532 5079//5530
f 6540//5532 6795//5604 5079//5530
f 6538//5531 5079//5530 6539//5605
f 5079//5530 6795//5604 6539//5605
f 5080//5603 5082//5606 5081//5607
f 5083//5602 5082//5606 5080//5603
f 5082//5606 5083//5602 6544//5608
f 6544//5608 5083//5602 5084//5609
f 5085//5600 6546//5599 5084//5609
f 5072//5596 6547//5610 6546//5599
f 5086//5598 6547//5610 5072//5596
f 5086//5598 6548//5611 6547//5610
f 6554//5612 5086//5598 5071//5597
f 5087//5613 6554//5612 5071//5597
f 6557//5614 5087//5613 6558//5615
f 5087//5613 6559//5595 6558//5615
f 5066//5578 6747//5593 5088//5616
f 5089//5577 5090//5617 6747//5593
f 5091//5575 6743//5618 5090//5617
f 5091//5575 5090//5617 5089//5577
f 5049//5573 5089//5577 5066//5578
f 5092//5576 6742//5619 5091//5575
f 6741//5620 6742//5619 5092//5576
f 5047//5571 5092//5576 5048//5549
f 5048//5549 5092//5576 5091//5575
f 5046//5572 6741//5620 5092//5576
f 5045//5570 6741//5620 5046//5572
f 6732//5621 6740//5622 5093//5569
f 6638//5623 6736//5624 6732//5621
f 6638//5623 6732//5621 5093//5569
f 5094//5562 6637//5625 6638//5623
f 6652//5568 6639//5626 5094//5562
f 6652//5568 5041//9 6654//5566
f 1//1 6719//5627 6656//5628
f 2//3 6719//5627 1//1
f 5095//5629 6718//5630 2//3
f 5096//5631 5095//5629 2//3
f 6657//5632 5095//5629 5097//5633
f 5095//5629 5098//5634 5097//5633
f 5096//5631 5098//5634 5095//5629
f 5099//5635 5096//5631 6994//5636
f 6994//5636 5100//5637 5101//5638
f 6994//5636 5101//5638 5099//5635
f 5099//5635 5101//5638 6662//5639
f 5102//5640 6662//5639 5101//5638
f 5102//5640 5101//5638 6997//5641
f 5104//5642 5103//5643 6666//5644
f 5104//5642 6666//5644 5102//5640
f 5105//5645 5103//5643 5104//5642
f 5104//5642 6989//5646 5105//5645
f 6988//5647 5106//5648 6989//5646
f 6989//5646 5106//5648 5107//5649
f 6989//5646 5107//5649 5105//5645
f 5105//5645 5107//5649 5108//5650
f 6986//5651 5108//5650 5107//5649
f 5109//5652 6986//5651 5110//5653
f 5109//5652 5108//5650 6986//5651
f 5110//5653 6986//5651 6976//5654
f 5111//5655 5110//5653 6975//5656
f 5110//5653 6976//5654 6975//5656
f 5112//5657 5111//5655 6975//5656
f 5112//5657 6975//5656 6974//5658
f 5112//5657 6974//5658 5113//5659
f 6149//5660 6974//5658 6966//5661
f 5114//5662 6149//5660 6966//5661
f 6139//5663 6149//5660 5114//5662
f 6966//5661 5115//5664 5114//5662
f 5116//5665 6965//5666 6967//5667
f 5116//5665 6967//5667 5117//5668
f 5118//5669 5117//5668 6964//5670
f 6968//5671 5118//5669 6964//5670
f 5118//5669 6968//5671 5119//5672
f 5119//5672 6963//4985 5120//4984
f 4505//4987 5122//4990 5120//4984
f 5121//4989 5126//5673 5122//4990
f 5126//5673 5123//5674 5122//4990
f 5123//5674 5126//5673 6127//5675
f 5122//4990 5123//5674 5120//4984
f 5123//5674 5119//5672 5120//4984
f 5119//5672 5123//5674 6127//5675
f 5124//5676 6128//5677 6127//5675
f 5125//5678 6128//5677 5124//5676
f 5124//5676 5126//5673 5125//5678
f 5126//5673 5127//5679 5125//5678
f 5128//5680 5125//5678 5127//5679
f 5131//5681 5128//5680 5127//5679
f 5130//4994 5131//5681 5127//5679
f 5130//4994 5127//5679 4506//4991
f 4509//4993 5129//4998 5130//4994
f 4517//4999 5130//4994 5129//4998
f 5132//5682 5130//4994 4517//4999
f 4517//4999 5133//5002 5132//5682
f 5968//5683 5131//5681 5132//5682
f 5968//5683 5132//5682 5133//5002
f 5134//5684 5968//5683 5136//5001
f 5134//5684 5136//5001 5135//5003
f 5133//5002 5136//5001 5968//5683
f 5135//5003 5960//5006 5134//5684
f 5960//5006 4521//5005 5964//5685
f 4522//5007 4521//5005 4520//5004
f 4521//5005 4522//5007 5137//5686
f 4522//5007 4525//5008 5137//5686
f 4525//5008 5138//5687 5137//5686
f 5137//5686 5140//5688 5958//5689
f 5137//5686 5138//5687 5140//5688
f 5139//5690 5140//5688 5138//5687
f 5140//5688 5141//5691 5142//5692
f 5949//5693 5143//5694 5950//5695
f 5950//5695 5143//5694 5144//5696
f 5950//5695 5144//5696 5145//5697
f 5950//5695 5145//5697 5951//5698
f 5146//5699 5952//5700 5951//5698
f 5146//5699 6869//5701 5952//5700
f 5146//5699 5151//5702 6869//5701
f 5147//5703 5151//5702 5146//5699
f 6952//5027 6951//5704 5147//5703
f 4541//5026 6951//5704 6952//5027
f 4541//5026 5149//5034 5148//5038
f 5148//5038 6951//5704 4541//5026
f 5149//5034 4541//5026 4542//5028
f 4547//5031 5149//5034 4542//5028
f 4547//5031 4542//5028 4543//5029
f 5148//5038 5149//5034 4550//5035
f 5148//5038 5150//5705 6951//5704
f 5150//5705 5148//5038 4552//5037
f 5150//5705 5153//5706 6951//5704
f 5151//5702 6951//5704 5153//5706
f 5147//5703 6951//5704 5151//5702
f 6869//5701 5151//5702 5152//5707
f 5944//5708 6868//5709 6869//5701
f 5152//5707 5944//5708 6869//5701
f 5944//5708 5925//5710 5921//5711
f 5925//5710 5944//5708 5152//5707
f 5152//5707 5153//5706 5925//5710
f 5152//5707 5151//5702 5153//5706
f 5153//5706 5926//5712 5925//5710
f 5153//5706 5150//5705 5926//5712
f 5926//5712 5150//5705 5927//5713
f 5154//5714 5927//5713 5150//5705
f 4552//5037 5154//5714 5150//5705
f 5154//5714 4552//5037 5155//5040
f 5155//5040 5156//5715 5154//5714
f 5155//5040 5157//5716 5156//5715
f 5158//5717 5157//5716 5155//5040
f 5158//5717 5159//5718 5157//5716
f 5156//5715 5160//5719 5161//5720
f 5156//5715 5157//5716 5160//5719
f 5161//5720 5932//5721 5156//5715
f 5933//5722 5161//5720 5162//5723
f 5162//5723 5170//5724 5165//5725
f 5163//5726 5162//5723 5165//5725
f 5933//5722 5162//5723 5163//5726
f 5934//5727 5163//5726 5165//5725
f 5934//5727 5166//5728 5164//5729
f 5166//5728 5934//5727 5165//5725
f 5166//5728 5167//5730 5164//5729
f 5168//5731 5167//5730 5166//5728
f 5165//5725 5168//5731 5166//5728
f 5165//5725 5169//5732 5168//5731
f 5170//5724 5169//5732 5165//5725
f 5170//5724 5172//5733 5169//5732
f 5172//5733 5171//5734 5169//5732
f 5161//5720 5170//5724 5162//5723
f 5170//5724 5161//5720 5172//5733
f 5172//5733 5161//5720 5160//5719
f 5160//5719 5173//5735 5172//5733
f 5410//5736 5173//5735 5160//5719
f 5159//5718 5160//5719 5157//5716
f 5174//5737 5159//5718 5176//5738
f 5176//5738 5159//5718 5175//5739
f 5174//5737 5176//5738 5177//5740
f 5174//5737 5177//5740 5179//5741
f 5174//5737 5179//5741 5178//5742
f 5410//5736 5174//5737 5178//5742
f 5178//5742 5179//5741 5408//5743
f 5179//5741 5180//5744 5409//5745
f 5182//5746 5181//5747 6944//5748
f 6944//5748 5181//5747 5180//5744
f 5183//5079 5181//5747 5182//5746
f 5181//5747 5183//5079 5184//5080
f 5184//5080 4593//5072 5186//5749
f 5186//5749 4593//5072 5185//5750
f 5186//5749 5193//5751 5187//5752
f 5188//5753 5186//5749 5187//5752
f 5185//5750 5193//5751 5186//5749
f 5192//5754 5188//5753 5187//5752
f 5190//5755 5192//5754 5191//5756
f 5190//5755 5188//5753 5192//5754
f 5189//5757 5188//5753 5190//5755
f 5180//5744 5188//5753 5189//5757
f 5409//5745 5180//5744 5189//5757
f 5409//5745 5189//5757 5407//5758
f 5405//5759 5407//5758 5189//5757
f 5405//5759 5189//5757 5190//5755
f 5405//5759 5190//5755 5191//5756
f 5405//5759 5191//5756 5403//5760
f 5403//5760 5191//5756 5397//5761
f 5192//5754 5399//5762 5191//5756
f 5192//5754 5187//5752 5399//5762
f 5399//5762 5187//5752 5400//5763
f 5187//5752 5193//5751 5400//5763
f 5193//5751 5194//5764 5400//5763
f 5193//5751 5221//5765 5194//5764
f 5194//5764 5221//5765 5387//5766
f 5193//5751 5220//5767 5221//5765
f 5185//5750 5195//5768 5193//5751
f 5195//5768 5185//5750 5196//5083
f 4595//5081 5196//5083 5185//5750
f 4596//5082 5196//5083 4595//5081
f 5197//5769 5195//5768 5196//5083
f 5196//5083 4598//4844 5197//5769
f 4599//5084 5197//5769 4598//4844
f 5198//5087 5220//5767 5197//5769
f 5197//5769 4599//5084 5198//5087
f 5198//5087 5199//5088 5219//5770
f 5219//5770 5199//5088 5200//5771
f 5201//5772 5200//5771 5199//5088
f 5201//5772 5202//5773 5216//5774
f 5199//5088 4602//5089 5201//5772
f 4602//5089 5202//5773 5201//5772
f 5202//5773 5203//5775 5216//5774
f 4603//5090 5202//5773 4602//5089
f 4603//5090 5207//5776 5202//5773
f 4603//5090 5204//5093 5207//5776
f 4603//5090 4604//5092 5204//5093
f 5204//5093 5205//5777 5207//5776
f 5203//5775 5207//5776 5206//5778
f 5207//5776 5205//5777 5206//5778
f 5202//5773 5207//5776 5203//5775
f 6938//5779 5203//5775 5206//5778
f 5206//5778 5208//5095 5209//5096
f 5212//5780 5210//5098 5213//5781
f 5213//5781 5210//5098 4621//5105
f 5210//5098 5212//5780 5211//5782
f 5209//5096 5211//5782 5206//5778
f 5212//5780 6939//5783 5211//5782
f 5224//5784 5213//5781 5226//5785
f 5215//5786 5213//5781 5224//5784
f 5215//5786 5212//5780 5213//5781
f 5214//5787 6939//5783 5215//5786
f 5215//5786 6939//5783 5212//5780
f 5216//5774 5214//5787 5215//5786
f 5217//5788 5215//5786 5224//5784
f 5200//5771 5215//5786 5217//5788
f 5216//5774 5200//5771 5201//5772
f 5216//5774 5215//5786 5200//5771
f 5219//5770 5200//5771 5217//5788
f 5218//5789 5219//5770 5217//5788
f 5218//5789 5225//5790 5223//5791
f 5217//5788 5225//5790 5218//5789
f 5222//5792 5218//5789 5223//5791
f 5220//5767 5218//5789 5221//5765
f 5219//5770 5218//5789 5220//5767
f 5220//5767 5198//5087 5219//5770
f 5197//5769 5220//5767 5195//5768
f 5193//5751 5195//5768 5220//5767
f 5221//5765 5218//5789 5222//5792
f 5222//5792 5223//5791 6904//5793
f 5225//5790 5217//5788 5224//5784
f 5224//5784 5227//5794 5225//5790
f 5383//5795 5225//5790 5384//5796
f 5383//5795 5223//5791 5225//5790
f 5384//5796 5225//5790 5381//5797
f 5225//5790 5227//5794 5379//5798
f 5225//5790 5379//5798 5381//5797
f 5227//5794 5224//5784 5228//5799
f 5224//5784 5226//5785 5228//5799
f 5227//5794 5228//5799 5380//5800
f 5228//5799 5226//5785 5229//5801
f 5226//5785 4666//5107 5229//5801
f 5213//5781 4621//5105 5226//5785
f 4621//5105 4666//5107 5226//5785
f 5229//5801 4666//5107 5230//5168
f 5229//5801 5230//5168 4667//5167
f 6907//5802 5229//5801 4667//5167
f 6907//5802 4667//5167 5235//5803
f 6906//5804 6907//5802 5235//5803
f 6908//5805 6906//5804 5231//5806
f 5231//5806 6906//5804 5235//5803
f 6910//5807 6908//5805 5231//5806
f 6910//5807 5231//5806 5232//5808
f 6910//5807 5232//5808 5233//5809
f 5232//5808 5234//5810 5233//5809
f 5235//5803 5232//5808 5231//5806
f 5235//5803 5236//5169 5232//5808
f 5236//5169 5234//5810 5232//5808
f 5234//5810 5236//5169 5237//5165
f 5239//5172 5234//5810 5238//5170
f 5239//5172 5238//5170 4669//5163
f 5233//5809 5234//5810 5239//5172
f 5233//5809 5239//5172 5369//5811
f 4671//5171 5369//5811 5239//5172
f 5369//5811 4671//5171 5367//5812
f 4671//5171 5240//5173 5367//5812
f 5367//5812 5240//5173 5241//5174
f 5367//5812 5241//5174 5242//5813
f 5366//5814 5242//5813 5365//5815
f 5520//5816 5366//5814 5365//5815
f 5365//5815 5242//5813 5364//5817
f 5364//5817 5242//5813 5243//5818
f 5243//5818 5241//5174 4674//5175
f 5243//5818 5242//5813 5241//5174
f 4674//5175 4677//5176 5363//5819
f 4677//5176 5244//5177 5362//5820
f 4677//5176 5362//5820 5363//5819
f 5244//5177 5245//5179 5246//5821
f 5362//5820 5244//5177 5246//5821
f 5362//5820 5246//5821 5360//5822
f 5245//5179 4687//5178 5247//5187
f 5246//5821 5245//5179 5247//5187
f 6911//5823 5246//5821 5247//5187
f 6911//5823 5247//5187 5248//5824
f 5358//5825 6911//5823 5248//5824
f 5355//5826 5358//5825 5248//5824
f 5248//5824 5247//5187 5249//5188
f 6916//5827 6914//5828 5249//5188
f 5253//5829 6916//5827 5249//5188
f 5249//5188 4688//5181 5253//5829
f 4688//5181 5250//5180 5251//5189
f 4688//5181 5251//5189 5253//5829
f 5252//5192 5253//5829 5251//5189
f 5253//5829 5252//5192 5254//5830
f 6916//5827 5253//5829 5254//5830
f 5255//5831 6916//5827 5254//5830
f 6916//5827 5255//5831 6915//5832
f 6919//5833 6915//5832 5256//5834
f 6915//5832 5255//5831 5256//5834
f 6919//5833 5256//5834 5278//5835
f 5279//5836 6919//5833 5278//5835
f 6919//5833 5279//5836 5280//5837
f 5277//5838 5278//5835 5256//5834
f 5257//5839 5277//5838 5256//5834
f 5260//5840 6935//5841 5257//5839
f 5265//5842 6935//5841 5260//5840
f 5265//5842 5260//5840 5258//5199
f 5261//5843 5259//5197 5260//5840
f 5259//5197 5258//5199 5260//5840
f 5263//5844 5264//5194 5260//5840
f 5260//5840 5264//5194 5261//5843
f 4695//5193 5261//5843 5264//5194
f 5262//5195 5261//5843 4695//5193
f 5262//5195 5259//5197 5261//5843
f 5263//5844 5260//5840 5257//5839
f 5257//5839 5255//5831 5254//5830
f 5263//5844 5257//5839 5254//5830
f 5256//5834 5255//5831 5257//5839
f 5254//5830 5264//5194 5263//5844
f 5264//5194 5254//5830 5252//5192
f 6935//5841 5267//5845 5266//5846
f 6935//5841 5265//5842 5267//5845
f 5258//5199 5268//5198 5267//5845
f 5267//5845 5265//5842 5258//5199
f 5268//5198 5269//5201 5267//5845
f 5270//5200 5271//5207 5269//5201
f 5269//5201 5271//5207 6936//5847
f 5272//5210 6936//5847 5271//5207
f 6937//5848 6936//5847 5272//5210
f 6937//5848 5272//5210 5273//5849
f 5274//5850 6937//5848 5273//5849
f 5290//5241 5275//5851 5274//5850
f 5274//5850 4739//5242 5290//5241
f 5266//5846 5274//5850 5275//5851
f 5277//5838 5275//5851 5276//5852
f 5278//5835 5276//5852 5283//5853
f 5278//5835 5277//5838 5276//5852
f 5279//5836 5283//5853 5281//5854
f 5279//5836 5278//5835 5283//5853
f 5280//5837 5279//5836 5281//5854
f 5281//5854 6918//5855 5280//5837
f 5281//5854 6920//5856 6918//5855
f 5281//5854 5282//5857 6920//5856
f 5281//5854 5283//5853 5282//5857
f 5282//5857 5283//5853 5284//5858
f 5289//5859 5285//5860 5284//5858
f 5285//5860 6920//5856 5284//5858
f 6928//5861 6920//5856 5285//5860
f 6928//5861 5285//5860 5286//5862
f 5287//5863 5286//5862 5285//5860
f 5287//5863 5285//5860 5288//5864
f 5285//5860 5289//5859 5288//5864
f 5276//5852 5275//5851 5289//5859
f 5283//5853 5276//5852 5289//5859
f 5283//5853 5289//5859 5284//5858
f 5289//5859 5275//5851 5290//5241
f 5291//5243 5288//5864 5290//5241
f 5288//5864 5289//5859 5290//5241
f 4743//5246 5288//5864 5291//5243
f 5287//5863 5288//5864 4743//5246
f 5292//5252 5287//5863 4743//5246
f 5293//5251 5287//5863 5292//5252
f 5293//5251 4745//5253 5294//5865
f 6929//5866 5293//5251 5294//5865
f 5296//5867 5294//5865 4745//5253
f 4745//5253 5295//5254 5296//5867
f 5296//5867 5295//5254 5332//5868
f 5296//5867 5345//5869 6931//5870
f 6931//5870 5294//5865 5296//5867
f 5345//5869 5296//5867 5297//5871
f 5297//5871 5296//5867 5332//5868
f 5342//5872 5297//5871 5298//5873
f 5298//5873 5297//5871 5332//5868
f 5342//5872 5298//5873 5299//5874
f 5331//5255 4746//5256 5300//5297
f 5301//5259 4749//5258 4750//5248
f 5302//5875 5301//5259 4751//5260
f 4751//5260 5303//5261 5302//5875
f 5304//5262 5302//5875 5303//5261
f 5329//5876 5302//5875 5305//5877
f 5301//5259 5302//5875 5329//5876
f 5329//5876 5305//5877 5330//5878
f 5330//5878 5305//5877 5306//5264
f 5305//5877 5304//5262 5306//5264
f 5305//5877 5302//5875 5304//5262
f 5330//5878 5306//5264 5307//5266
f 5330//5878 5307//5266 5311//5879
f 5311//5879 5308//5268 5310//5880
f 5310//5880 5308//5268 5309//5270
f 5310//5880 5309//5270 5324//5881
f 5328//5882 5311//5879 5310//5880
f 5328//5882 4776//5293 5311//5879
f 4776//5293 5328//5882 5312//5291
f 5313//5883 4774//5289 5312//5291
f 4773//5286 4774//5289 5313//5883
f 5313//5883 5314//5884 4773//5286
f 5313//5883 5326//5885 5314//5884
f 5314//5884 5326//5885 5315//5886
f 5326//5885 5325//5887 5315//5886
f 5325//5887 5316//5888 5315//5886
f 5325//5887 5324//5881 5316//5888
f 5316//5888 5324//5881 5317//5889
f 5319//5271 5320//5273 5318//5269
f 5320//5273 5319//5271 4757//5272
f 5320//5273 4762//5274 5321//5890
f 5321//5890 4762//5274 5315//5886
f 5315//5886 5316//5888 5321//5890
f 5315//5886 4762//5274 4763//5275
f 5314//5884 5315//5886 5322//5891
f 5322//5891 5315//5886 4763//5275
f 5322//5891 4765//5276 5323//5278
f 4771//5281 4773//5286 5323//5278
f 5314//5884 5322//5891 5323//5278
f 5314//5884 5323//5278 4773//5286
f 5322//5891 4763//5275 4765//5276
f 5318//5269 5321//5890 5317//5889
f 5321//5890 5318//5269 5320//5273
f 5317//5889 5321//5890 5316//5888
f 5309//5270 5318//5269 5317//5889
f 5309//5270 5317//5889 5324//5881
f 5327//5892 5324//5881 5325//5887
f 5326//5885 5327//5892 5325//5887
f 5313//5883 5312//5291 5326//5885
f 5312//5291 5328//5882 5326//5885
f 5326//5885 5328//5882 5327//5892
f 5328//5882 5310//5880 5327//5892
f 5327//5892 5310//5880 5324//5881
f 5329//5876 4776//5293 4778//5294
f 5329//5876 4778//5294 5301//5259
f 5329//5876 5330//5878 4776//5293
f 4776//5293 5330//5878 5311//5879
f 5301//5259 4778//5294 4749//5258
f 4749//5258 4778//5294 4747//5257
f 5311//5879 5307//5266 5308//5268
f 4747//5257 4778//5294 4746//5256
f 5295//5254 5331//5255 5332//5868
f 5298//5873 5331//5255 5300//5297
f 5332//5868 5331//5255 5298//5873
f 5298//5873 5300//5297 5299//5874
f 5300//5297 4780//5298 5299//5874
f 5340//5893 5299//5874 4781//5300
f 5299//5874 4780//5298 4781//5300
f 5334//5894 5340//5893 5333//5301
f 6933//5895 5340//5893 5334//5894
f 4781//5300 5333//5301 5340//5893
f 5333//5301 4782//5299 4789//5305
f 5334//5894 5333//5301 4789//5305
f 5335//5309 5334//5894 4789//5305
f 5337//5896 5334//5894 5335//5309
f 5336//5311 5337//5896 5335//5309
f 5337//5896 5336//5311 5338//5897
f 5338//5897 5336//5311 5339//5898
f 5339//5898 5565//5899 5338//5897
f 6892//5900 5338//5897 5565//5899
f 6892//5900 5337//5896 5338//5897
f 6892//5900 6893//5901 5337//5896
f 6893//5901 6933//5895 5337//5896
f 5341//5902 5340//5893 6893//5901
f 5341//5902 5299//5874 5340//5893
f 5341//5902 6895//5903 5342//5872
f 6895//5903 6896//5904 5342//5872
f 5342//5872 6896//5904 5343//5905
f 5343//5905 5344//5906 5342//5872
f 5543//5907 5344//5906 5343//5905
f 5542//5908 5344//5906 5541//5909
f 5542//5908 5345//5869 5344//5906
f 5346//5910 6931//5870 5345//5869
f 5346//5910 5345//5869 5348//5911
f 5348//5911 5347//5912 5346//5910
f 5345//5869 5542//5908 5348//5911
f 5539//5913 5537//5914 5348//5911
f 5537//5914 5351//5915 5348//5911
f 5351//5915 5349//5916 5348//5911
f 5538//5917 5352//5918 5351//5915
f 5350//5919 5351//5915 5352//5918
f 5536//5920 5352//5918 5673//5921
f 5673//5921 5352//5918 5538//5917
f 5353//5922 5354//5923 5355//5826
f 5532//5924 5354//5923 5356//5925
f 5357//5926 5358//5825 5354//5923
f 5357//5926 5354//5923 5532//5924
f 5357//5926 5359//5927 5358//5825
f 5359//5927 5357//5926 5528//5928
f 5526//5929 5359//5927 5528//5928
f 5525//5930 5359//5927 5526//5929
f 5360//5822 5359//5927 5525//5930
f 5360//5822 5246//5821 5359//5927
f 5361//5931 5360//5822 5525//5930
f 5362//5820 5360//5822 5361//5931
f 5363//5819 5362//5820 5361//5931
f 5523//5932 5524//5933 5361//5931
f 5361//5931 5524//5933 5363//5819
f 5524//5933 5243//5818 5363//5819
f 5243//5818 4674//5175 5363//5819
f 5243//5818 5524//5933 5364//5817
f 5661//5934 5366//5814 5520//5816
f 5367//5812 5242//5813 5366//5814
f 5370//5935 5367//5812 5366//5814
f 5368//5936 5370//5935 5366//5814
f 5373//5937 5370//5935 5368//5936
f 5233//5809 5370//5935 5371//5938
f 5371//5938 5370//5935 5373//5937
f 5374//5939 5372//5940 5371//5938
f 5375//5941 5372//5940 5374//5939
f 5371//5938 5373//5937 5374//5939
f 5450//5942 5373//5937 5368//5936
f 5448//5943 5373//5937 5450//5942
f 5447//5944 5373//5937 5448//5943
f 5374//5939 5373//5937 5447//5944
f 5374//5939 5376//5945 5375//5941
f 5377//5946 5376//5945 5374//5939
f 5378//5947 5376//5945 5377//5946
f 5427//5948 5378//5947 5377//5946
f 5428//5949 5378//5947 5427//5948
f 5379//5798 5380//5800 5378//5947
f 5379//5798 5378//5947 5428//5949
f 5379//5798 5227//5794 5380//5800
f 5381//5797 5379//5798 5428//5949
f 5428//5949 5429//5950 5381//5797
f 5429//5950 5382//5951 5381//5797
f 5430//5952 5382//5951 5429//5950
f 5382//5951 5384//5796 5381//5797
f 5384//5796 5385//5953 5383//5795
f 5430//5952 5385//5953 5384//5796
f 5431//5954 5432//5955 5385//5953
f 5385//5953 5432//5955 5386//5956
f 5389//5957 5386//5956 5422//5958
f 5386//5956 5432//5955 5422//5958
f 5390//5959 5386//5956 5389//5957
f 5388//5960 6904//5793 5386//5956
f 5388//5960 5386//5956 5390//5959
f 5387//5766 6904//5793 5388//5960
f 5387//5766 5221//5765 6904//5793
f 6904//5793 5221//5765 5222//5792
f 5392//5961 5387//5766 5388//5960
f 5194//5764 5387//5766 5392//5961
f 5401//5962 5194//5764 5392//5961
f 5391//5963 5388//5960 5390//5959
f 5391//5963 5392//5961 5388//5960
f 5389//5957 5420//5964 5390//5959
f 5420//5964 5391//5963 5390//5959
f 5393//5965 5392//5961 5391//5963
f 5392//5961 5393//5965 5402//5966
f 5393//5965 5391//5963 5394//5967
f 5395//5968 5393//5965 5394//5967
f 5394//5967 5391//5963 5420//5964
f 5413//5969 5395//5968 5394//5967
f 5396//5970 5395//5968 5413//5969
f 5398//5971 5395//5968 5396//5970
f 5397//5761 5398//5971 5396//5970
f 5191//5756 5398//5971 5397//5761
f 5191//5756 5399//5762 5398//5971
f 5399//5762 5400//5763 5398//5971
f 5400//5763 5194//5764 5401//5962
f 5402//5966 5400//5763 5401//5962
f 5402//5966 5401//5962 5392//5961
f 5398//5971 5400//5763 5402//5966
f 5402//5966 5395//5968 5398//5971
f 5393//5965 5395//5968 5402//5966
f 5397//5761 5413//5969 5403//5760
f 5404//5972 5403//5760 5412//5973
f 5412//5973 5403//5760 5413//5969
f 5404//5972 5405//5759 5403//5760
f 5406//5974 5405//5759 5404//5972
f 5405//5759 5406//5974 5407//5758
f 5408//5743 5407//5758 5173//5735
f 5406//5974 5173//5735 5407//5758
f 5410//5736 5408//5743 5173//5735
f 5178//5742 5408//5743 5410//5736
f 5408//5743 5409//5745 5407//5758
f 5179//5741 5409//5745 5408//5743
f 5159//5718 5174//5737 5160//5719
f 5160//5719 5174//5737 5410//5736
f 5173//5735 5406//5974 5411//5975
f 5172//5733 5173//5735 5171//5734
f 5171//5734 5173//5735 5411//5975
f 5171//5734 5412//5973 5415//5976
f 5412//5973 5171//5734 5411//5975
f 5412//5973 5413//5969 5414//5977
f 5415//5976 5412//5973 5414//5977
f 5413//5969 5397//5761 5396//5970
f 5478//5978 5415//5976 5416//5979
f 5416//5979 5415//5976 5417//5980
f 5416//5979 5417//5980 5473//5981
f 5415//5976 5414//5977 5417//5980
f 5414//5977 5419//5982 5417//5980
f 5414//5977 5418//5983 5419//5982
f 5414//5977 5394//5967 5418//5983
f 5394//5967 5420//5964 5418//5983
f 5420//5964 5421//5984 5436//5985
f 5418//5983 5420//5964 5436//5985
f 5421//5984 5420//5964 5422//5958
f 5421//5984 5423//5986 5436//5985
f 5422//5958 5423//5986 5421//5984
f 5423//5986 5435//5987 5436//5985
f 5424//5988 5435//5987 5423//5986
f 5435//5987 5424//5988 5425//5989
f 5425//5989 5426//5990 5435//5987
f 5426//5990 5425//5989 5377//5946
f 5425//5989 5427//5948 5377//5946
f 5427//5948 5425//5989 5429//5950
f 5429//5950 5428//5949 5427//5948
f 5430//5952 5429//5950 5425//5989
f 5424//5988 5430//5952 5425//5989
f 5382//5951 5430//5952 5384//5796
f 5430//5952 5431//5954 5385//5953
f 5432//5955 5431//5954 5423//5986
f 5423//5986 5431//5954 5424//5988
f 5431//5954 5430//5952 5424//5988
f 5422//5958 5432//5955 5423//5986
f 5435//5987 5426//5990 5447//5944
f 5426//5990 5374//5939 5447//5944
f 5377//5946 5374//5939 5426//5990
f 5433//5991 5435//5987 5447//5944
f 5458//5992 5433//5991 5447//5944
f 5438//5993 5435//5987 5433//5991
f 5438//5993 5433//5991 5434//5994
f 5434//5994 5433//5991 5446//5995
f 5442//5996 5434//5994 5443//5997
f 5438//5993 5434//5994 5442//5996
f 5436//5985 5438//5993 5437//5998
f 5418//5983 5436//5985 5437//5998
f 5439//5999 5437//5998 5438//5993
f 5441//6000 5439//5999 5438//5993
f 5440//6001 5439//5999 5441//6000
f 5439//5999 5440//6001 5466//6002
f 5441//6000 5442//5996 5464//6003
f 5464//6003 5442//5996 5465//6004
f 5465//6004 5442//5996 5443//5997
f 5443//5997 5444//6005 5445//6006
f 5465//6004 5443//5997 5445//6006
f 5445//6006 5444//6005 5459//6007
f 5444//6005 5446//5995 5457//6008
f 5459//6007 5444//6005 5457//6008
f 5446//5995 5458//5992 5457//6008
f 5446//5995 5433//5991 5458//5992
f 5447//5944 5448//5943 5458//5992
f 5458//5992 5448//5943 5449//6009
f 5448//5943 5450//5942 5519//6010
f 5449//6009 5448//5943 5519//6010
f 5519//6010 5450//5942 5451//6011
f 5450//5942 5368//5936 5451//6011
f 5519//6010 5451//6011 5677//6012
f 5452//6013 5449//6009 5453//6014
f 5449//6009 5519//6010 5453//6014
f 5517//6015 5454//6016 5452//6013
f 5517//6015 5452//6013 5453//6014
f 5517//6015 5516//6017 5454//6016
f 5455//6018 5454//6016 5456//6019
f 5456//6019 5454//6016 5516//6017
f 5459//6007 5455//6018 5456//6019
f 5459//6007 5457//6008 5455//6018
f 5457//6008 5452//6013 5455//6018
f 5457//6008 5458//5992 5449//6009
f 5457//6008 5449//6009 5452//6013
f 5454//6016 5455//6018 5452//6013
f 5460//6020 5445//6006 5459//6007
f 5460//6020 5491//6021 5445//6006
f 5491//6021 5462//6022 5461//6023
f 5463//6024 5461//6023 5462//6022
f 5463//6024 5464//6003 5461//6023
f 5466//6002 5464//6003 5463//6024
f 5440//6001 5464//6003 5466//6002
f 5440//6001 5441//6000 5464//6003
f 5464//6003 5465//6004 5461//6023
f 5461//6023 5465//6004 5491//6021
f 5463//6024 5495//6025 5483//6026
f 5495//6025 5484//6027 5483//6026
f 5467//6028 5463//6024 5483//6026
f 5467//6028 5466//6002 5463//6024
f 6903//6029 5466//6002 5467//6028
f 5470//6030 5467//6028 5483//6026
f 5470//6030 5468//6031 5467//6028
f 5470//6030 5469//6032 5468//6031
f 5472//6033 5469//6032 5470//6030
f 5472//6033 5470//6030 5471//6034
f 5475//6035 5472//6033 5471//6034
f 5474//6036 5473//5981 5472//6033
f 5416//5979 5473//5981 5474//6036
f 5477//6037 5416//5979 5474//6036
f 5475//6035 5476//6038 5477//6037
f 5474//6036 5475//6035 5477//6037
f 5472//6033 5475//6035 5474//6036
f 5164//5729 5475//6035 5481//6039
f 5480//6040 5475//6035 5164//5729
f 5480//6040 5476//6038 5475//6035
f 5476//6038 5479//6041 5477//6037
f 5478//5978 5416//5979 5477//6037
f 5171//5734 5415//5976 5478//5978
f 5169//5732 5478//5978 5479//6041
f 5169//5732 5171//5734 5478//5978
f 5169//5732 5479//6041 5168//5731
f 5168//5731 5479//6041 5476//6038
f 5480//6040 5167//5730 5168//5731
f 5476//6038 5480//6040 5168//5731
f 5479//6041 5478//5978 5477//6037
f 5164//5729 5167//5730 5480//6040
f 5935//6042 5164//5729 5481//6039
f 5481//6039 5486//6043 5935//6042
f 5486//6043 5481//6039 5482//6044
f 5482//6044 5471//6034 5483//6026
f 5471//6034 5470//6030 5483//6026
f 5485//6045 5484//6027 5490//6046
f 5485//6045 5483//6026 5484//6027
f 5488//6047 5482//6044 5485//6045
f 5489//6048 5488//6047 5485//6045
f 5486//6043 5482//6044 5488//6047
f 5489//6048 5486//6043 5488//6047
f 5487//6049 5486//6043 5489//6048
f 5939//6050 5489//6048 5499//6051
f 5489//6048 5485//6045 5499//6051
f 5499//6051 5485//6045 5498//6052
f 5500//6053 5499//6051 5498//6052
f 5500//6053 5498//6052 5503//6054
f 5485//6045 5490//6046 5498//6052
f 5490//6046 5484//6027 5496//6055
f 5484//6027 5495//6025 5496//6055
f 5495//6025 5463//6024 5462//6022
f 5494//6056 5495//6025 5462//6022
f 5494//6056 5462//6022 5493//6057
f 5493//6057 5462//6022 5491//6021
f 5512//6058 5493//6057 5491//6021
f 5491//6021 5492//6059 5512//6058
f 5491//6021 5456//6019 5492//6059
f 5460//6020 5456//6019 5491//6021
f 5460//6020 5459//6007 5456//6019
f 5701//6060 5493//6057 5511//6061
f 5701//6060 5494//6056 5493//6057
f 5495//6025 5494//6056 5701//6060
f 5495//6025 5701//6060 5509//6062
f 5497//6063 5496//6055 5508//6064
f 6897//6065 5497//6063 5508//6064
f 5507//6066 6897//6065 5508//6064
f 5498//6052 5497//6063 6897//6065
f 5503//6054 5498//6052 6897//6065
f 5490//6046 5497//6063 5498//6052
f 5500//6053 5503//6054 5501//6067
f 5939//6050 5499//6051 5500//6053
f 5500//6053 5941//6068 5939//6050
f 5901//6069 5941//6068 5501//6067
f 5900//6070 5501//6067 5502//6071
f 5502//6071 5503//6054 5506//6072
f 5503//6054 5502//6071 5501//6067
f 5900//6070 5502//6071 5899//6073
f 5504//6074 5502//6071 5505//6075
f 5502//6071 5504//6074 5899//6073
f 5899//6073 5504//6074 5898//6076
f 5506//6072 5705//6077 5710//6078
f 5506//6072 5507//6066 5705//6077
f 5507//6066 5508//6064 5705//6077
f 5508//6064 6876//6079 5705//6077
f 5508//6064 5509//6062 6876//6079
f 5508//6064 5496//6055 5509//6062
f 5496//6055 5495//6025 5509//6062
f 6876//6079 5509//6062 5510//6080
f 5510//6080 5701//6060 5697//6081
f 5509//6062 5701//6060 5510//6080
f 5701//6060 5511//6061 5695//6082
f 5511//6061 5493//6057 5698//6083
f 5698//6083 5493//6057 5512//6058
f 5512//6058 5513//6084 5698//6083
f 5698//6083 5513//6084 5514//6085
f 5513//6084 5515//6086 5514//6085
f 5514//6085 5515//6086 5700//6087
f 5515//6086 5513//6084 5516//6017
f 5492//6059 5513//6084 5512//6058
f 5492//6059 5516//6017 5513//6084
f 5492//6059 5456//6019 5516//6017
f 5515//6086 5516//6017 5517//6015
f 5517//6015 5518//6088 5515//6086
f 5453//6014 5678//6089 5518//6088
f 5453//6014 5518//6088 5517//6015
f 5519//6010 5677//6012 5684//6090
f 5451//6011 5368//5936 5366//5814
f 5451//6011 5366//5814 5661//5934
f 5660//6091 5520//5816 5521//6092
f 5521//6092 5520//5816 5365//5815
f 5521//6092 5674//6093 5660//6091
f 5522//6094 5674//6093 5521//6092
f 5521//6092 5365//5815 5522//6094
f 5522//6094 5365//5815 5364//5817
f 5364//5817 5524//5933 5522//6094
f 5524//5933 5523//5932 5522//6094
f 5361//5931 5525//5930 5523//5932
f 5525//5930 5675//6095 5523//5932
f 5526//5929 5675//6095 5525//5930
f 5526//5929 5528//5928 5676//6096
f 5675//6095 5526//5929 5676//6096
f 5357//5926 5676//6096 5528//5928
f 5676//6096 5357//5926 5527//6097
f 5662//6098 5676//6096 5527//6097
f 5527//6097 5530//6099 5662//6098
f 5529//6100 5530//6099 5527//6097
f 5357//5926 5529//6100 5527//6097
f 5529//6100 5357//5926 5532//5924
f 5529//6100 5532//5924 5531//6101
f 5530//6099 5529//6100 5531//6101
f 5531//6101 5533//6102 5665//6103
f 5531//6101 5532//5924 5533//6102
f 5533//6102 5532//5924 5356//5925
f 5535//6104 5534//6105 5353//5922
f 5535//6104 5353//5922 5352//5918
f 5666//6106 5533//6102 5534//6105
f 5535//6104 5671//6107 5666//6106
f 5534//6105 5535//6104 5666//6106
f 5671//6107 5535//6104 5670//6108
f 5670//6108 5535//6104 5672//6109
f 5535//6104 5536//5920 5672//6109
f 5652//6110 5538//5917 5537//5914
f 5537//5914 5538//5917 5351//5915
f 5547//6111 5550//6112 5540//6113
f 5546//6114 5547//6111 5540//6113
f 5540//6113 5544//6115 5546//6114
f 5541//5909 5544//6115 5540//6113
f 5543//5907 5544//6115 5541//5909
f 5348//5911 5542//5908 5541//5909
f 5550//6112 5348//5911 5541//5909
f 5344//5906 5543//5907 5541//5909
f 5546//6114 5557//6116 5545//6117
f 5546//6114 5545//6117 5554//6118
f 5544//6115 5557//6116 5546//6114
f 5554//6118 5553//6119 5546//6114
f 5547//6111 5546//6114 5553//6119
f 5548//6120 5547//6111 5553//6119
f 5548//6120 5552//6121 5549//6122
f 5549//6122 5547//6111 5548//6120
f 5549//6122 5550//6112 5547//6111
f 5549//6122 5551//6123 5550//6112
f 5551//6123 5537//5914 5539//5913
f 5551//6123 5539//5913 5550//6112
f 5648//6124 5549//6122 5645//6125
f 5645//6125 5549//6122 5552//6121
f 5552//6121 5548//6120 5644//6126
f 5644//6126 5548//6120 5553//6119
f 5644//6126 5553//6119 5643//6127
f 5643//6127 5553//6119 5554//6118
f 5643//6127 5554//6118 6879//6128
f 6879//6128 5554//6118 5555//6129
f 6879//6128 5555//6129 5558//6130
f 5556//6131 5558//6130 5555//6129
f 5555//6129 5557//6116 5556//6131
f 5562//6132 5558//6130 5563//6133
f 5556//6131 5563//6133 5558//6130
f 5562//6132 5560//6134 5558//6130
f 5558//6130 5560//6134 5559//6135
f 5560//6134 5638//6136 5559//6135
f 5561//6137 5560//6134 5562//6132
f 5634//6138 5561//6137 5562//6132
f 5566//6139 5564//6140 5565//5899
f 5563//6133 5564//6140 5566//6139
f 5568//6141 5634//6138 5567//6142
f 5568//6141 5567//6142 5572//6143
f 5567//6142 5569//5324 5572//6143
f 5569//5324 5567//6142 5339//5898
f 5339//5898 5336//5311 5569//5324
f 5570//5323 5569//5324 5336//5311
f 4791//5310 5570//5323 5336//5311
f 5570//5323 4791//5310 4796//5314
f 5569//5324 5571//5325 5572//6143
f 5572//6143 5573//6144 5568//6141
f 5573//6144 5574//6145 5577//6146
f 5574//6145 5573//6144 5572//6143
f 5578//6147 5574//6145 5576//5327
f 5574//6145 5575//5326 5576//5327
f 5574//6145 5572//6143 5575//5326
f 5577//6146 5578//6147 5631//6148
f 5623//6149 5631//6148 5578//6147
f 5623//6149 5578//6147 5579//6150
f 5624//6151 5579//6150 5580//5339
f 5623//6149 5579//6150 5624//6151
f 4818//5329 5625//6152 5580//5339
f 5580//5339 5625//6152 5624//6151
f 5625//6152 4818//5329 5581//5340
f 5587//6153 5625//6152 5581//5340
f 5587//6153 5581//5340 5586//6154
f 5582//5341 5586//6154 5581//5340
f 5582//5341 5585//6155 5586//6154
f 4821//5342 5585//6155 5582//5341
f 5583//5343 5585//6155 4821//5342
f 5583//5343 5584//4712 5588//5356
f 5588//5356 5584//4712 4824//4711
f 5588//5356 5585//6155 5583//5343
f 6880//6156 5586//6154 5585//6155
f 6880//6156 5585//6155 5588//5356
f 5587//6153 5586//6154 5627//6157
f 5628//6158 5627//6157 5586//6154
f 6880//6156 5628//6158 5586//6154
f 5617//6159 6880//6156 5588//5356
f 6881//6160 5617//6159 5588//5356
f 5589//6161 6881//6160 5588//5356
f 5588//5356 4834//5357 5589//6161
f 6881//6160 5589//6161 5590//6162
f 6881//6160 5590//6162 6882//6163
f 6882//6163 5590//6162 5591//6164
f 5591//6164 6883//6165 6882//6163
f 5596//6166 6883//6165 5591//6164
f 6883//6165 5596//6166 5592//6167
f 5602//6168 5592//6167 5593//6169
f 5602//6168 6886//6170 5592//6167
f 5602//6168 5593//6169 5600//6171
f 5593//6169 6891//6172 5600//6171
f 5596//6166 6891//6172 5593//6169
f 5596//6166 5597//5360 6891//6172
f 5596//6166 5594//6173 5597//5360
f 5594//6173 5595//5358 4839//6174
f 5595//5358 5594//6173 5590//6162
f 5589//6161 5595//5358 5590//6162
f 5591//6164 5594//6173 5596//6166
f 5590//6162 5594//6173 5591//6164
f 5592//6167 5596//6166 5593//6169
f 4839//6174 5595//5358 4836//5354
f 4839//6174 4836//5354 4838//5359
f 5594//6173 4839//6174 5597//5360
f 5597//5360 4839//6174 4838//5359
f 5598//5352 6891//6172 5597//5360
f 6891//6172 5598//5352 5599//5361
f 5599//5361 4842//5362 4844//5365
f 5601//6175 5599//5361 4844//5365
f 5603//6176 5602//6168 5601//6175
f 5607//6177 5602//6168 5603//6176
f 5602//6168 5600//6171 5601//6175
f 5609//6178 5607//6177 5603//6176
f 5609//6178 5603//6176 5606//6179
f 5603//6176 5604//5369 5606//6179
f 5605//5368 5608//6180 5606//6179
f 5606//6179 5604//5369 5605//5368
f 6377//6181 6373//6182 5608//6180
f 5609//6178 5606//6179 5608//6180
f 6373//6182 5609//6178 5608//6180
f 6365//6183 5609//6178 6373//6182
f 5609//6178 6365//6183 5610//6184
f 5610//6184 5611//6185 5609//6178
f 6365//6183 6364//6186 5610//6184
f 5612//6187 5613//6188 6364//6186
f 5613//6188 5610//6184 6364//6186
f 6361//6189 5614//6190 5613//6188
f 6889//6191 5613//6188 5614//6190
f 6889//6191 5614//6190 5615//6192
f 6889//6191 5615//6192 6887//6193
f 5809//6194 5616//6195 5615//6192
f 5616//6195 6884//6196 5615//6192
f 5616//6195 6882//6163 6884//6196
f 5616//6195 5617//6159 6882//6163
f 5617//6159 5787//6197 5618//6198
f 5786//6199 5619//6200 5787//6197
f 5619//6200 5620//6201 5787//6197
f 5783//6202 5620//6201 5619//6200
f 5621//6203 5620//6201 5783//6202
f 5629//6204 5620//6201 5621//6203
f 5629//6204 5621//6203 5626//6205
f 5784//6206 5626//6205 5621//6203
f 5631//6148 5622//6207 5626//6205
f 5631//6148 5623//6149 5622//6207
f 5623//6149 5624//6151 5622//6207
f 5622//6207 5624//6151 5625//6152
f 5625//6152 5587//6153 5626//6205
f 5625//6152 5626//6205 5622//6207
f 5630//6208 5626//6205 5627//6157
f 5628//6158 5630//6208 5627//6157
f 5618//6198 5620//6201 5628//6158
f 5620//6201 5629//6204 5628//6158
f 5628//6158 5629//6204 5630//6208
f 5630//6208 5629//6204 5626//6205
f 5626//6205 5587//6153 5627//6157
f 5785//6209 5577//6146 5631//6148
f 5573//6144 5785//6209 5632//6210
f 5577//6146 5785//6209 5573//6144
f 5780//6211 5632//6210 5781//6212
f 5632//6210 5780//6211 5633//6213
f 5633//6213 5568//6141 5632//6210
f 5568//6141 5573//6144 5632//6210
f 5633//6213 5634//6138 5568//6141
f 5634//6138 5563//6133 5566//6139
f 5634//6138 5562//6132 5563//6133
f 5634//6138 5633//6213 5635//6214
f 5634//6138 5635//6214 5561//6137
f 5779//6215 5635//6214 5778//6216
f 5778//6216 5635//6214 5780//6211
f 5633//6213 5780//6211 5635//6214
f 5776//6217 5636//6218 5779//6215
f 5779//6215 5636//6218 5635//6214
f 5776//6217 5637//6219 5636//6218
f 5561//6137 5635//6214 5636//6218
f 5560//6134 5636//6218 5637//6219
f 5560//6134 5561//6137 5636//6218
f 5638//6136 5560//6134 5637//6219
f 5637//6219 5639//6220 5638//6136
f 5559//6135 5638//6136 5640//6221
f 5642//6222 5559//6135 5640//6221
f 5639//6220 5770//6223 5640//6221
f 5640//6221 5762//6224 5759//6225
f 5770//6223 5762//6224 5640//6221
f 5641//6226 5640//6221 5759//6225
f 5641//6226 5642//6222 5640//6221
f 5641//6226 5643//6127 5642//6222
f 5644//6126 5643//6127 5641//6226
f 5646//6227 5644//6126 5641//6226
f 5552//6121 5644//6126 5646//6227
f 5645//6125 5552//6121 5646//6227
f 5641//6226 5759//6225 5646//6227
f 5647//6228 5646//6227 5759//6225
f 5645//6125 5646//6227 5647//6228
f 5645//6125 5647//6228 5649//6229
f 5649//6229 5648//6124 5645//6125
f 5650//6230 5648//6124 5649//6229
f 5650//6230 5649//6229 5745//6231
f 5650//6230 5745//6231 5651//6232
f 5651//6232 5745//6231 5742//6233
f 5651//6232 6878//6234 5650//6230
f 5651//6232 5743//6235 6878//6234
f 5743//6235 5744//6236 5652//6110
f 5743//6235 5652//6110 6878//6234
f 5744//6236 5653//6237 5652//6110
f 5744//6236 5654//6238 5653//6237
f 5744//6236 5656//6239 5654//6238
f 5656//6239 5655//6240 5654//6238
f 5656//6239 5742//6233 5736//6241
f 5736//6241 5657//6242 5656//6239
f 5735//6243 5658//6244 5657//6242
f 5658//6244 5659//6245 5657//6242
f 5659//6245 5660//6091 5668//6246
f 5659//6245 5661//5934 5660//6091
f 5661//5934 5520//5816 5660//6091
f 5660//6091 5662//6098 5663//6247
f 5660//6091 5663//6247 5667//6248
f 5663//6247 5662//6098 5530//6099
f 5663//6247 5530//6099 5665//6103
f 5663//6247 5665//6103 5664//6249
f 5663//6247 5664//6249 5667//6248
f 5664//6249 5665//6103 5666//6106
f 5664//6249 5666//6106 5669//6250
f 5664//6249 5669//6250 5667//6248
f 5668//6246 5667//6248 5669//6250
f 5668//6246 5660//6091 5667//6248
f 5670//6108 5655//6240 5669//6250
f 5668//6246 5669//6250 5655//6240
f 5670//6108 5669//6250 5671//6107
f 5666//6106 5671//6107 5669//6250
f 5672//6109 5654//6238 5670//6108
f 5672//6109 5673//5921 5654//6238
f 5654//6238 5673//5921 5653//6237
f 5672//6109 5536//5920 5673//5921
f 5670//6108 5654//6238 5655//6240
f 5668//6246 5655//6240 5657//6242
f 5657//6242 5659//6245 5668//6246
f 5531//6101 5665//6103 5530//6099
f 5665//6103 5533//6102 5666//6106
f 5674//6093 5662//6098 5660//6091
f 5675//6095 5676//6096 5674//6093
f 5522//6094 5675//6095 5674//6093
f 5522//6094 5523//5932 5675//6095
f 5674//6093 5676//6096 5662//6098
f 5684//6090 5451//6011 5661//5934
f 5677//6012 5451//6011 5684//6090
f 5678//6089 5680//6251 5679//6252
f 5519//6010 5684//6090 5680//6251
f 5678//6089 5519//6010 5680//6251
f 5518//6088 5678//6089 5679//6252
f 5518//6088 5679//6252 5682//6253
f 5683//6254 5680//6251 5684//6090
f 5679//6252 5680//6251 5683//6254
f 5679//6252 5683//6254 5682//6253
f 5682//6253 5683//6254 5681//6255
f 5683//6254 5685//6256 5681//6255
f 5685//6256 5686//6257 5681//6255
f 5685//6256 5684//6090 5687//6258
f 5683//6254 5684//6090 5685//6256
f 5684//6090 5661//5934 5659//6245
f 5658//6244 5684//6090 5659//6245
f 5687//6258 5684//6090 5658//6244
f 5685//6256 5687//6258 5688//6259
f 5689//6260 5685//6256 5688//6259
f 5686//6257 5685//6256 5689//6260
f 5686//6257 5689//6260 6877//6261
f 5688//6259 5687//6258 5658//6244
f 5688//6259 5658//6244 5735//6243
f 5733//6262 6877//6261 5690//6263
f 5691//6264 6877//6261 5733//6262
f 5732//6265 5721//6266 5733//6262
f 5733//6262 5721//6266 5691//6264
f 5692//6267 6877//6261 5691//6264
f 5692//6267 5686//6257 6877//6261
f 5692//6267 5681//6255 5686//6257
f 5693//6268 5722//6269 5694//6270
f 5692//6267 5722//6269 5693//6268
f 5718//6271 5695//6082 5719//6272
f 5696//6273 5695//6082 5718//6271
f 5697//6081 5696//6273 5718//6271
f 5695//6082 5511//6061 5698//6083
f 5695//6082 5698//6083 5720//6274
f 5719//6272 5695//6082 5720//6274
f 5698//6083 5730//6275 5720//6274
f 5730//6275 5698//6083 5694//6270
f 5514//6085 5694//6270 5698//6083
f 5514//6085 5700//6087 5699//6276
f 5515//6086 5682//6253 5700//6087
f 5518//6088 5682//6253 5515//6086
f 5700//6087 5682//6253 5699//6276
f 5699//6276 5682//6253 5693//6268
f 5693//6268 5681//6255 5692//6267
f 5694//6270 5699//6276 5693//6268
f 5514//6085 5699//6276 5694//6270
f 5682//6253 5681//6255 5693//6268
f 5696//6273 5701//6060 5695//6082
f 5697//6081 5701//6060 5696//6273
f 5703//6277 5717//6278 5702//6279
f 5702//6279 5717//6278 5853//6280
f 5702//6279 5853//6280 5716//6281
f 5707//6282 5716//6281 5855//6283
f 5707//6282 5706//6284 5716//6281
f 5706//6284 5703//6277 5716//6281
f 5716//6281 5703//6277 5702//6279
f 5704//6285 5717//6278 5703//6277
f 5510//6080 5717//6278 5704//6285
f 5510//6080 5697//6081 5717//6278
f 5703//6277 5706//6284 5704//6285
f 5706//6284 5710//6078 5704//6285
f 5704//6285 5710//6078 5705//6077
f 5704//6285 5705//6077 5510//6080
f 5706//6284 5707//6282 5708//6286
f 5709//6287 5708//6286 5707//6282
f 5709//6287 5504//6074 5708//6286
f 5505//6075 5708//6286 5504//6074
f 5505//6075 5710//6078 5708//6286
f 5505//6075 5506//6072 5710//6078
f 5709//6287 6870//6288 5504//6074
f 6870//6288 5898//6076 5504//6074
f 5898//6076 6870//6288 5715//6289
f 5711//6290 5715//6289 5886//6291
f 5711//6290 5886//6291 5896//6292
f 5712//6293 5880//6294 5713//6295
f 5896//6292 5886//6291 5880//6294
f 5896//6292 5880//6294 5712//6293
f 5712//6293 5713//6295 5893//6296
f 5714//6297 5891//6298 5893//6296
f 5713//6295 5714//6297 5893//6296
f 5881//6299 5882//6300 5714//6297
f 5713//6295 5881//6299 5714//6297
f 5713//6295 5880//6294 5881//6299
f 5886//6291 5715//6289 5879//6301
f 5715//6289 6870//6288 5879//6301
f 5707//6282 5855//6283 5709//6287
f 5709//6287 5855//6283 5857//6302
f 5717//6278 5723//6303 5853//6280
f 5717//6278 5718//6271 5723//6303
f 5719//6272 5720//6274 5729//6304
f 5694//6270 5722//6269 5721//6266
f 5721//6266 5730//6275 5694//6270
f 5721//6266 5722//6269 5691//6264
f 5722//6269 5692//6267 5691//6264
f 5731//6305 5730//6275 5721//6266
f 5720//6274 5730//6275 5837//6306
f 5729//6304 5720//6274 5837//6306
f 5724//6307 5718//6271 5729//6304
f 5718//6271 5719//6272 5729//6304
f 5718//6271 5724//6307 5723//6303
f 5723//6303 5724//6307 5851//6308
f 5853//6280 5723//6303 5851//6308
f 5851//6308 5724//6307 5725//6309
f 5724//6307 5729//6304 5728//6310
f 5725//6309 5724//6307 5728//6310
f 5725//6309 5727//6311 5726//6312
f 5726//6312 5727//6311 5841//6313
f 5728//6310 5838//6314 5727//6311
f 5728//6310 5729//6304 5838//6314
f 5729//6304 5837//6306 5838//6314
f 5837//6306 5730//6275 5836//6315
f 5730//6275 5731//6305 5836//6315
f 5721//6266 5732//6265 5731//6305
f 5731//6305 5732//6265 5734//6316
f 6875//6317 5732//6265 5733//6262
f 5834//6318 5734//6316 5738//6319
f 5738//6319 5734//6316 5732//6265
f 6875//6317 5738//6319 5732//6265
f 5690//6263 5689//6260 6875//6317
f 5689//6260 5741//6320 6875//6317
f 5689//6260 5688//6259 5741//6320
f 5688//6259 5735//6243 5741//6320
f 5735//6243 5736//6241 5741//6320
f 6875//6317 5741//6320 5737//6321
f 5737//6321 5834//6318 5738//6319
f 5734//6316 5834//6318 5835//6322
f 5739//6323 5740//6324 5834//6318
f 5834//6318 5740//6324 5833//6325
f 5740//6324 5739//6323 5753//6326
f 5737//6321 5752//6327 5739//6323
f 5737//6321 5741//6320 5752//6327
f 5752//6327 5741//6320 5747//6328
f 5736//6241 5747//6328 5741//6320
f 5742//6233 5746//6329 5736//6241
f 5742//6233 5656//6239 5743//6235
f 5742//6233 5743//6235 5651//6232
f 5656//6239 5744//6236 5743//6235
f 5742//6233 5745//6231 5746//6329
f 5736//6241 5746//6329 5747//6328
f 5750//6330 5747//6328 5748//6331
f 5749//6332 5748//6331 5747//6328
f 5750//6330 5748//6331 5757//6333
f 5750//6330 5756//6334 5751//6335
f 5752//6327 5750//6330 5751//6335
f 5752//6327 5747//6328 5750//6330
f 5753//6326 5752//6327 5751//6335
f 5739//6323 5752//6327 5753//6326
f 5751//6335 5755//6336 5753//6326
f 5753//6326 5755//6336 5754//6337
f 5754//6337 5740//6324 5753//6326
f 5833//6325 5740//6324 5754//6337
f 5754//6337 5755//6336 6873//6338
f 6873//6338 5755//6336 5756//6334
f 5755//6336 5751//6335 5756//6334
f 6873//6338 5756//6334 5825//6339
f 5825//6339 5756//6334 5826//6340
f 5756//6334 5757//6333 5826//6340
f 5750//6330 5757//6333 5756//6334
f 5757//6333 5748//6331 5760//6341
f 5748//6331 5758//6342 5760//6341
f 5647//6228 5758//6342 5748//6331
f 5749//6332 5647//6228 5748//6331
f 5749//6332 5649//6229 5647//6228
f 5749//6332 5745//6231 5649//6229
f 5747//6328 5746//6329 5749//6332
f 5746//6329 5745//6231 5749//6332
f 5759//6225 5760//6341 5758//6342
f 5760//6341 5759//6225 5761//6343
f 5757//6333 5760//6341 5761//6343
f 5826//6340 5762//6224 5827//6344
f 5761//6343 5762//6224 5826//6340
f 5761//6343 5826//6340 5757//6333
f 5827//6344 5762//6224 5769//6345
f 5763//6346 5828//6347 5827//6344
f 5769//6345 5763//6346 5827//6344
f 5765//6348 5828//6347 5763//6346
f 5763//6346 5764//6349 5765//6348
f 5829//6350 5765//6348 5766//6351
f 5765//6348 5764//6349 5766//6351
f 5767//6352 5766//6351 5798//6353
f 5766//6351 5764//6349 5798//6353
f 5769//6345 5773//6354 5768//6355
f 5773//6354 5769//6345 5770//6223
f 5769//6345 5771//6356 5770//6223
f 5762//6224 5771//6356 5769//6345
f 5763//6346 5769//6345 5768//6355
f 5763//6346 5768//6355 5764//6349
f 5761//6343 5759//6225 5762//6224
f 5770//6223 5771//6356 5762//6224
f 5770//6223 5772//6357 5773//6354
f 5773//6354 5774//6358 5775//6359
f 5773//6354 5764//6349 5768//6355
f 5773//6354 5775//6359 5764//6349
f 5775//6359 5798//6353 5764//6349
f 5774//6358 5776//6217 5795//6360
f 5777//6361 5637//6219 5776//6217
f 5772//6357 5637//6219 5777//6361
f 5772//6357 5639//6220 5637//6219
f 5774//6358 5777//6361 5776//6217
f 5773//6354 5777//6361 5774//6358
f 5773//6354 5772//6357 5777//6361
f 5794//6362 5795//6360 5778//6216
f 5795//6360 5779//6215 5778//6216
f 5778//6216 5780//6211 5781//6212
f 5782//6363 5781//6212 5784//6206
f 5778//6216 5781//6212 5782//6363
f 5782//6363 5794//6362 5778//6216
f 5793//6364 5794//6362 5782//6363
f 5793//6364 5782//6363 5792//6365
f 5791//6366 5792//6365 5783//6202
f 5783//6202 5786//6199 5791//6366
f 5792//6365 5621//6203 5783//6202
f 5792//6365 5782//6363 5621//6203
f 5782//6363 5784//6206 5621//6203
f 5784//6206 5781//6212 5785//6209
f 5631//6148 5784//6206 5785//6209
f 5619//6200 5786//6199 5783//6202
f 5790//6367 5786//6199 5788//6368
f 5788//6368 5786//6199 5787//6197
f 5788//6368 5787//6197 5617//6159
f 5788//6368 5617//6159 5616//6195
f 5788//6368 5616//6195 5789//6369
f 5807//6370 5790//6367 5789//6369
f 5790//6367 5791//6366 5786//6199
f 5791//6366 5790//6367 5807//6370
f 5793//6364 5792//6365 5804//6371
f 5804//6371 5792//6365 5791//6366
f 5793//6364 5804//6371 5803//6372
f 5803//6372 5796//6373 5793//6364
f 5795//6360 5794//6362 5793//6364
f 5795//6360 5793//6364 5796//6373
f 5796//6373 5775//6359 5795//6360
f 5795//6360 5775//6359 5774//6358
f 5797//6374 5796//6373 5803//6372
f 5798//6353 5797//6374 5802//6375
f 5797//6374 5775//6359 5796//6373
f 5798//6353 5775//6359 5797//6374
f 5802//6375 5767//6352 5798//6353
f 5799//6376 5767//6352 5801//6377
f 5822//6378 5823//6379 5800//6380
f 5800//6380 5801//6377 5822//6378
f 5800//6380 5799//6376 5801//6377
f 5801//6377 5802//6375 5820//6381
f 5802//6375 5797//6374 5803//6372
f 5803//6372 5804//6371 5817//6382
f 5804//6371 5791//6366 5805//6383
f 5817//6382 5804//6371 5805//6383
f 5805//6383 5791//6366 5807//6370
f 5806//6384 5816//6385 5805//6383
f 5816//6385 5817//6382 5805//6383
f 5816//6385 5806//6384 5814//6386
f 5807//6370 5806//6384 5805//6383
f 5806//6384 5807//6370 5808//6387
f 5807//6370 5789//6369 5808//6387
f 5809//6194 6874//6388 5808//6387
f 5808//6387 5789//6369 5809//6194
f 5789//6369 5616//6195 5809//6194
f 6874//6388 5809//6194 5810//6389
f 5810//6389 5809//6194 5614//6190
f 5810//6389 5614//6190 6361//6189
f 5810//6389 6280//6390 6874//6388
f 6280//6390 5810//6389 6279//6391
f 5811//6392 5812//6393 6280//6390
f 5812//6393 5813//6394 5814//6386
f 5813//6394 5815//6395 5814//6386
f 5816//6385 5814//6386 5815//6395
f 5816//6385 5815//6395 5818//6396
f 5818//6396 5817//6382 5816//6385
f 5818//6396 5815//6395 5813//6394
f 6277//6397 5818//6396 5813//6394
f 6274//6398 5818//6396 6277//6397
f 6274//6398 5819//6399 5818//6396
f 5819//6399 5820//6381 5802//6375
f 5819//6399 5803//6372 5817//6382
f 5817//6382 5818//6396 5819//6399
f 5802//6375 5803//6372 5819//6399
f 5821//6400 5820//6381 5819//6399
f 5821//6400 5822//6378 5820//6381
f 5823//6379 5822//6378 5821//6400
f 5821//6400 6272//6401 5823//6379
f 5824//6402 5823//6379 6269//6403
f 5823//6379 5824//6402 5800//6380
f 5824//6402 6269//6403 6268//6404
f 5825//6339 5824//6402 6268//6404
f 6268//6404 6262//6405 5825//6339
f 5825//6339 5826//6340 5829//6350
f 5826//6340 5828//6347 5829//6350
f 5828//6347 5826//6340 5827//6344
f 5829//6350 5828//6347 5765//6348
f 5766//6351 5799//6376 5824//6402
f 5824//6402 5799//6376 5800//6380
f 5766//6351 5824//6402 5829//6350
f 5830//6406 6262//6405 6261//6407
f 5830//6406 5831//6408 6262//6405
f 5831//6408 6259//6409 5832//6410
f 5754//6337 5832//6410 5833//6325
f 5837//6306 5836//6315 5835//6322
f 5838//6314 5837//6306 5839//6411
f 5839//6411 5837//6306 5835//6322
f 5839//6411 5833//6325 5840//6412
f 6839//6413 5843//6414 5840//6412
f 5839//6411 5840//6412 5843//6414
f 5843//6414 5838//6314 5839//6411
f 5842//6415 5838//6314 5843//6414
f 5841//6313 5842//6415 5844//6416
f 5844//6416 5842//6415 6840//6417
f 5842//6415 5843//6414 6840//6417
f 6840//6417 5843//6414 6839//6413
f 6841//6418 5844//6416 6840//6417
f 6841//6418 6840//6417 6246//6419
f 6841//6418 5845//6420 5847//6421
f 5846//6422 5847//6421 5845//6420
f 5846//6422 5845//6420 6245//6423
f 5846//6422 5849//6424 5847//6421
f 5847//6421 5849//6424 5841//6313
f 5849//6424 5846//6422 5850//6425
f 5849//6424 5850//6425 5848//6426
f 5859//6427 5848//6426 5850//6425
f 5860//6428 5725//6309 5848//6426
f 5726//6312 5848//6426 5725//6309
f 5725//6309 5860//6428 5851//6308
f 5859//6427 5852//6429 5860//6428
f 5854//6430 5851//6308 5860//6428
f 5860//6428 5852//6429 5854//6430
f 5851//6308 5854//6430 5853//6280
f 5852//6429 5855//6283 5854//6430
f 5854//6430 5716//6281 5853//6280
f 5716//6281 5854//6430 5855//6283
f 5856//6431 5857//6302 6872//6432
f 6871//6433 5856//6431 6872//6432
f 5857//6302 5852//6429 5858//6434
f 5855//6283 5852//6429 5857//6302
f 5858//6434 5859//6427 6872//6432
f 5858//6434 5852//6429 5859//6427
f 6872//6432 5859//6427 5861//6435
f 5860//6428 5848//6426 5859//6427
f 5861//6435 5859//6427 5850//6425
f 5861//6435 5867//6436 5862//6437
f 5861//6435 5850//6425 5867//6436
f 5867//6436 5866//6438 5862//6437
f 5868//6439 5862//6437 5866//6438
f 5863//6440 5868//6439 5865//6441
f 5864//6442 5863//6440 5865//6441
f 5864//6442 5865//6441 5869//6443
f 5869//6443 5865//6441 6244//6444
f 6244//6444 5865//6441 5868//6439
f 5867//6436 5846//6422 6245//6423
f 5866//6438 5867//6436 6245//6423
f 6245//6423 5868//6439 5866//6438
f 6243//6445 5869//6443 6301//6446
f 5870//6447 6243//6445 6242//6448
f 5870//6447 5871//6449 6243//6445
f 5871//6449 5869//6443 6243//6445
f 6211//6450 5872//6451 6238//6452
f 6238//6452 5872//6451 5870//6447
f 5872//6451 6211//6450 5873//6453
f 5873//6453 5871//6449 5872//6451
f 5873//6453 5874//6454 5871//6449
f 5875//6455 5874//6454 6207//6456
f 5875//6455 5863//6440 5874//6454
f 5876//6457 5875//6455 6206//6458
f 6206//6458 5875//6455 6207//6456
f 5877//6459 5875//6455 5876//6457
f 5878//6460 5876//6457 6206//6458
f 5877//6459 5879//6301 6871//6433
f 5879//6301 5856//6431 6871//6433
f 6870//6288 5857//6302 5856//6431
f 6870//6288 5709//6287 5857//6302
f 5879//6301 6870//6288 5856//6431
f 5880//6294 5886//6291 5876//6457
f 5880//6294 5876//6457 5881//6299
f 5881//6299 5885//6461 5882//6300
f 5883//6462 5890//6463 5882//6300
f 5884//6464 5883//6462 5882//6300
f 5890//6463 5883//6462 5889//6465
f 5884//6464 5885//6461 5888//6466
f 5885//6461 5884//6464 5882//6300
f 5881//6299 5878//6460 5885//6461
f 5881//6299 5876//6457 5878//6460
f 5886//6291 5879//6301 5877//6459
f 5886//6291 5877//6459 5876//6457
f 5878//6460 5888//6466 5885//6461
f 5887//6467 6203//6468 5888//6466
f 6203//6468 6202//6469 5888//6466
f 5888//6466 6202//6469 5883//6462
f 5884//6464 5888//6466 5883//6462
f 6202//6469 6203//6468 6214//6470
f 6202//6469 5889//6465 5883//6462
f 6199//6471 5889//6465 6202//6469
f 5889//6465 6197//6472 5890//6463
f 5890//6463 6197//6472 6088//6473
f 5890//6463 6088//6473 5891//6298
f 6088//6473 5892//6474 5891//6298
f 5893//6296 5891//6298 5892//6474
f 6088//6473 6087//6475 5892//6474
f 5892//6474 6087//6475 5893//6296
f 6087//6475 5894//6476 5893//6296
f 5894//6476 5712//6293 5893//6296
f 5712//6293 5894//6476 5895//6477
f 5712//6293 5895//6477 5896//6292
f 5895//6477 5897//6478 5896//6292
f 5897//6478 5711//6290 5896//6292
f 5899//6073 5898//6076 6059//6479
f 5903//6480 5900//6070 5899//6073
f 5903//6480 5901//6069 5900//6070
f 5901//6069 5501//6067 5900//6070
f 5902//6481 5901//6069 5903//6480
f 5903//6480 5904//6482 5902//6481
f 6056//6483 5903//6480 6058//6484
f 5904//6482 5903//6480 6056//6483
f 5904//6482 5905//6485 5902//6481
f 5902//6481 5905//6485 5940//6486
f 5905//6485 5938//6487 5940//6486
f 5905//6485 5906//6488 5938//6487
f 5907//6489 5905//6485 5911//6490
f 5906//6488 5905//6485 5907//6489
f 5907//6489 5909//6491 5937//6492
f 5909//6491 5908//6493 5937//6492
f 5911//6490 5912//6494 5910//6495
f 5909//6491 5911//6490 5910//6495
f 5907//6489 5911//6490 5909//6491
f 5911//6490 5905//6485 5912//6494
f 5904//6482 6056//6483 5912//6494
f 5912//6494 5905//6485 5904//6482
f 6055//6496 5912//6494 6056//6483
f 6845//6497 5912//6494 6055//6496
f 5914//6498 5912//6494 6845//6497
f 5910//6495 5912//6494 5914//6498
f 5914//6498 5909//6491 5910//6495
f 5914//6498 5913//6499 5909//6491
f 5914//6498 6846//6500 5913//6499
f 6846//6500 6022//6501 5913//6499
f 5913//6499 6022//6501 5943//6502
f 6022//6501 5942//6503 5943//6502
f 6022//6501 5915//6504 5942//6503
f 5915//6504 5916//6505 5942//6503
f 6021//6506 6020//6507 5916//6505
f 5916//6505 6020//6507 5917//6508
f 6020//6507 6019//6509 5917//6508
f 5918//6510 5917//6508 6019//6509
f 6019//6509 5919//6511 5918//6510
f 5920//6512 5919//6511 6019//6509
f 5920//6512 6019//6509 5922//6513
f 6857//6514 5922//6513 6018//6515
f 5921//5711 5920//6512 5922//6513
f 5921//5711 5923//6516 5920//6512
f 5924//6517 5923//6516 5921//5711
f 5925//5710 5924//6517 5921//5711
f 5925//5710 5926//5712 5924//6517
f 5924//6517 5926//5712 5927//5713
f 5929//6518 5924//6517 5927//5713
f 5929//6518 5927//5713 5928//6519
f 5927//5713 5154//5714 5928//6519
f 5928//6519 5154//5714 5932//5721
f 5928//6519 5932//5721 5930//6520
f 5929//6518 5928//6519 5930//6520
f 5923//6516 5929//6518 5919//6511
f 5929//6518 5918//6510 5919//6511
f 5929//6518 5930//6520 5918//6510
f 5930//6520 5931//6521 5918//6510
f 5154//5714 5156//5715 5932//5721
f 5932//5721 5161//5720 5933//5722
f 5932//5721 5933//5722 5930//6520
f 5931//6521 5930//6520 5933//5722
f 5917//6508 5931//6521 5163//5726
f 5935//6042 5942//6503 5916//6505
f 5934//5727 5935//6042 5916//6505
f 5934//5727 5164//5729 5935//6042
f 5908//6493 5942//6503 5936//6522
f 5942//6503 5935//6042 5936//6522
f 5936//6522 5935//6042 5486//6043
f 5936//6522 5486//6043 5487//6049
f 5906//6488 5937//6492 5938//6487
f 5937//6492 5489//6048 5938//6487
f 5487//6049 5489//6048 5937//6492
f 5940//6486 5938//6487 5939//6050
f 5939//6050 5941//6068 5940//6486
f 5489//6048 5939//6050 5938//6487
f 5941//6068 5902//6481 5940//6486
f 5902//6481 5941//6068 5901//6069
f 5908//6493 5487//6049 5937//6492
f 5908//6493 5936//6522 5487//6049
f 5942//6503 5908//6493 5943//6502
f 5943//6502 5908//6493 5909//6491
f 5913//6499 5943//6502 5909//6491
f 5917//6508 5163//5726 5934//5727
f 5916//6505 5917//6508 5934//5727
f 5931//6521 5933//5722 5163//5726
f 5918//6510 5931//6521 5917//6508
f 5923//6516 5924//6517 5929//6518
f 5920//6512 5923//6516 5919//6511
f 5944//5708 5922//6513 6857//6514
f 5922//6513 5944//5708 5921//5711
f 5946//6523 5944//5708 6857//6514
f 5946//6523 5945//6524 5944//5708
f 5945//6524 6868//5709 5944//5708
f 5947//6525 5945//6524 5946//6523
f 5948//6526 5945//6524 5947//6525
f 5952//5700 5945//6524 5948//6526
f 5949//5693 5948//6526 5947//6525
f 5955//6527 5949//5693 5977//6528
f 5977//6528 5949//5693 5947//6525
f 5143//5694 5949//5693 5955//6527
f 5949//5693 5950//5695 5951//5698
f 5948//6526 5951//5698 5952//5700
f 5949//5693 5951//5698 5948//6526
f 5955//6527 5953//6529 5143//5694
f 5955//6527 5956//6530 5954//6531
f 5976//6532 5956//6530 5955//6527
f 5953//6529 5955//6527 5954//6531
f 5976//6532 5957//6533 5956//6530
f 5956//6530 5957//6533 5954//6531
f 5957//6533 5140//5688 5954//6531
f 5954//6531 5143//5694 5953//6529
f 5954//6531 5142//5692 5143//5694
f 5140//5688 5142//5692 5954//6531
f 5957//6533 5958//5689 5140//5688
f 5961//6534 5958//5689 5957//6533
f 5963//6535 5958//5689 5961//6534
f 5959//6536 5137//5686 5958//5689
f 4521//5005 5137//5686 5959//6536
f 5964//5685 4521//5005 5959//6536
f 5964//5685 5959//6536 5963//6535
f 5963//6535 5959//6536 5958//5689
f 5962//6537 5963//6535 5961//6534
f 5975//6538 5972//6539 5961//6534
f 5961//6534 5972//6539 5962//6537
f 5965//6540 5963//6535 5962//6537
f 5966//6541 5963//6535 5965//6540
f 5966//6541 5964//5685 5963//6535
f 5134//5684 5964//5685 5966//6541
f 5134//5684 5960//5006 5964//5685
f 5968//5683 5134//5684 5967//6542
f 5967//6542 5134//5684 5966//6541
f 5967//6542 5970//6543 5968//5683
f 5970//6543 5967//6542 5966//6541
f 5131//5681 5968//5683 5128//5680
f 5968//5683 5970//6543 5128//5680
f 5970//6543 5969//6544 5125//5678
f 5128//5680 5970//6543 5125//5678
f 5969//6544 6130//6545 5125//5678
f 5125//5678 6130//6545 6128//5677
f 5969//6544 6129//6546 6130//6545
f 5991//6547 6129//6546 5969//6544
f 5970//6543 5991//6547 5969//6544
f 5971//6548 5991//6547 5970//6543
f 5971//6548 5970//6543 5965//6540
f 5966//6541 5965//6540 5970//6543
f 5973//6549 5971//6548 5965//6540
f 5973//6549 5965//6540 5962//6537
f 5972//6539 5973//6549 5962//6537
f 5991//6547 5973//6549 5990//6550
f 5971//6548 5973//6549 5991//6547
f 5990//6550 5973//6549 5989//6551
f 5989//6551 5973//6549 5972//6539
f 5989//6551 5972//6539 5974//6552
f 5972//6539 5975//6538 5974//6552
f 5975//6538 5976//6532 5974//6552
f 5974//6552 5976//6532 5984//6553
f 5984//6553 5977//6528 5983//6554
f 5984//6553 5976//6532 5977//6528
f 5976//6532 5955//6527 5977//6528
f 5978//6555 5977//6528 5947//6525
f 5978//6555 5947//6525 6858//6556
f 6860//6557 5978//6555 6858//6556
f 5979//6558 5983//6554 6860//6557
f 5983//6554 5978//6555 6860//6557
f 5979//6558 6861//6559 6867//6560
f 5980//6561 6867//6560 6005//6562
f 5980//6561 5979//6558 6867//6560
f 5982//6563 5980//6561 6005//6562
f 5995//6564 5982//6563 6005//6562
f 5982//6563 5995//6564 5981//6565
f 5994//6566 5981//6565 5995//6564
f 5994//6566 5985//6567 5981//6565
f 5981//6565 5985//6567 5982//6563
f 5983//6554 5980//6561 5982//6563
f 5982//6563 5984//6553 5983//6554
f 5985//6567 5974//6552 5984//6553
f 5986//6568 5974//6552 5985//6567
f 5989//6551 5986//6568 5987//6569
f 5986//6568 5989//6551 5974//6552
f 5988//6570 5989//6551 5987//6569
f 5988//6570 5990//6550 5989//6551
f 5992//6571 5990//6550 5988//6570
f 5991//6547 5990//6550 6129//6546
f 6129//6546 5990//6550 6132//6572
f 5992//6571 6133//6573 6132//6572
f 5990//6550 5992//6571 6132//6572
f 6133//6573 5992//6571 5993//6574
f 5992//6571 5988//6570 5993//6574
f 5988//6570 6000//6575 5993//6574
f 5997//6576 6000//6575 5988//6570
f 5987//6569 5997//6576 5988//6570
f 5994//6566 5997//6576 5987//6569
f 5987//6569 5986//6568 5994//6566
f 5994//6566 5986//6568 5985//6567
f 5985//6567 5984//6553 5982//6563
f 5996//6577 5994//6566 5995//6564
f 5996//6577 5997//6576 5994//6566
f 6000//6575 5997//6576 6001//6578
f 6001//6578 5997//6576 5996//6577
f 6000//6575 5999//6579 5993//6574
f 5993//6574 5999//6579 5998//6580
f 6037//6581 5999//6579 6000//6575
f 6037//6581 6000//6575 6036//6582
f 6036//6582 6000//6575 6001//6578
f 6036//6582 6001//6578 6035//6583
f 6035//6583 6001//6578 6034//6584
f 6001//6578 6003//6585 6034//6584
f 6002//6586 6034//6584 6003//6585
f 6003//6585 5995//6564 6002//6586
f 6004//6587 6002//6586 5995//6564
f 5995//6564 6005//6562 6004//6587
f 6002//6586 6004//6587 6006//6588
f 6034//6584 6002//6586 6006//6588
f 6034//6584 6006//6588 6040//6589
f 6006//6588 6007//6590 6040//6589
f 6040//6589 6007//6590 6033//6591
f 6033//6591 6007//6590 6847//6592
f 6007//6590 6008//6593 6847//6592
f 6008//6593 6010//6594 6847//6592
f 6009//6595 6010//6594 6008//6593
f 6011//6596 6847//6592 6010//6594
f 6010//6594 6012//6597 6011//6596
f 6011//6596 6012//6597 6013//6598
f 6011//6596 6013//6598 6014//6599
f 6013//6598 6016//6600 6014//6599
f 6015//6601 6016//6600 6013//6598
f 6017//6602 6018//6515 6016//6600
f 6017//6602 6016//6600 6015//6601
f 6016//6600 6018//6515 6019//6509
f 6018//6515 5922//6513 6019//6509
f 6016//6600 6019//6509 6020//6507
f 6016//6600 6020//6507 6026//6603
f 6026//6603 6020//6507 6025//6604
f 6020//6507 6021//6506 6025//6604
f 6021//6506 5915//6504 6022//6501
f 6021//6506 5916//6505 5915//6504
f 6021//6506 6022//6501 6846//6500
f 6846//6500 6023//6605 6024//6606
f 6028//6607 6024//6606 6023//6605
f 6026//6603 6028//6607 6027//6608
f 6028//6607 6026//6603 6024//6606
f 6024//6606 6026//6603 6025//6604
f 6025//6604 6021//6506 6846//6500
f 6024//6606 6025//6604 6846//6500
f 6026//6603 6027//6608 6016//6600
f 6027//6608 6014//6599 6016//6600
f 6030//6609 6014//6599 6027//6608
f 6030//6609 6027//6608 6028//6607
f 6029//6610 6028//6607 6052//6611
f 6030//6609 6028//6607 6029//6610
f 6052//6611 6028//6607 6053//6612
f 6028//6607 6023//6605 6053//6612
f 6053//6612 6023//6605 6054//6613
f 6052//6611 6099//6614 6029//6610
f 6050//6615 6029//6610 6099//6614
f 6031//6616 6029//6610 6050//6615
f 6031//6616 6030//6609 6029//6610
f 6030//6609 6011//6596 6014//6599
f 6847//6592 6011//6596 6031//6616
f 6011//6596 6030//6609 6031//6616
f 6032//6617 6031//6616 6049//6618
f 6032//6617 6043//6619 6031//6616
f 6044//6620 6043//6619 6032//6617
f 6042//6621 6847//6592 6043//6619
f 6033//6591 6847//6592 6042//6621
f 6040//6589 6035//6583 6034//6584
f 6036//6582 6035//6583 6038//6622
f 6036//6582 6038//6622 6037//6581
f 6037//6581 6038//6622 6039//6623
f 6138//6624 6039//6623 6038//6622
f 6123//6625 6038//6622 6035//6583
f 6123//6625 6035//6583 6041//6626
f 6035//6583 6040//6589 6041//6626
f 6040//6589 6033//6591 6041//6626
f 6041//6626 6033//6591 6122//6627
f 6121//6628 6041//6626 6122//6627
f 6122//6627 6042//6621 6120//6629
f 6122//6627 6033//6591 6042//6621
f 6120//6629 6042//6621 6119//6630
f 6042//6621 6043//6619 6119//6630
f 6119//6630 6043//6619 6044//6620
f 6044//6620 6032//6617 6045//6631
f 6045//6631 6049//6618 6048//6632
f 6032//6617 6049//6618 6045//6631
f 6118//6633 6046//6634 6047//6635
f 6116//6636 6046//6634 6045//6631
f 6047//6635 6046//6634 6116//6636
f 6048//6632 6116//6636 6045//6631
f 6048//6632 6114//6637 6112//6638
f 6116//6636 6048//6632 6112//6638
f 6049//6618 6114//6637 6048//6632
f 6049//6618 6051//6639 6114//6637
f 6049//6618 6031//6616 6051//6639
f 6051//6639 6031//6616 6050//6615
f 6051//6639 6050//6615 6099//6614
f 6114//6637 6051//6639 6098//6640
f 6051//6639 6099//6614 6098//6640
f 6115//6641 6114//6637 6098//6640
f 6099//6614 6052//6611 6075//6642
f 6075//6642 6052//6611 6053//6612
f 6053//6612 6054//6613 6072//6643
f 6072//6643 6054//6613 6071//6644
f 6055//6496 6071//6644 6054//6613
f 6069//6645 6057//6646 6060//6647
f 6057//6646 6058//6484 6060//6647
f 6058//6484 6059//6479 6060//6647
f 5899//6073 6059//6479 6058//6484
f 6058//6484 5903//6480 5899//6073
f 6059//6479 5898//6076 5711//6290
f 5897//6478 6059//6479 5711//6290
f 6060//6647 6059//6479 5897//6478
f 6062//6648 6069//6645 6060//6647
f 6061//6649 6066//6650 6062//6648
f 6062//6648 5895//6477 6061//6649
f 6062//6648 5897//6478 5895//6477
f 6060//6647 5897//6478 6062//6648
f 6061//6649 5895//6477 5894//6476
f 6064//6651 6061//6649 5894//6476
f 6063//6652 6064//6651 5894//6476
f 6064//6651 6065//6653 6061//6649
f 6065//6653 6064//6651 6844//6654
f 6067//6655 6066//6650 6065//6653
f 6068//6656 6066//6650 6067//6655
f 6068//6656 6069//6645 6066//6650
f 6057//6646 6069//6645 6068//6656
f 6066//6650 6069//6645 6062//6648
f 6067//6655 6083//6657 6068//6656
f 6083//6657 6070//6658 6068//6656
f 6070//6658 6057//6646 6068//6656
f 6071//6644 6055//6496 6070//6658
f 6070//6658 6055//6496 6057//6646
f 6055//6496 6056//6483 6057//6646
f 6078//6659 6073//6660 6084//6661
f 6078//6659 6084//6661 6079//6662
f 6073//6660 6071//6644 6084//6661
f 6073//6660 6072//6643 6071//6644
f 6074//6663 6072//6643 6073//6660
f 6075//6642 6072//6643 6074//6663
f 6077//6664 6075//6642 6074//6663
f 6076//6665 6077//6664 6097//6666
f 6074//6663 6097//6666 6077//6664
f 6097//6666 6074//6663 6078//6659
f 6078//6659 6074//6663 6073//6660
f 6080//6667 6078//6659 6079//6662
f 6094//6668 6080//6667 6093//6669
f 6081//6670 6093//6669 6080//6667
f 6091//6671 6093//6669 6081//6670
f 6092//6672 6093//6669 6091//6671
f 6081//6670 6082//6673 6085//6674
f 6085//6674 6091//6671 6081//6670
f 6079//6662 6083//6657 6081//6670
f 6079//6662 6084//6661 6083//6657
f 6084//6661 6070//6658 6083//6657
f 6071//6644 6070//6658 6084//6661
f 6067//6655 6081//6670 6083//6657
f 6067//6655 6082//6673 6081//6670
f 6082//6673 6067//6655 6065//6653
f 6085//6674 6082//6673 6844//6654
f 6082//6673 6065//6653 6844//6654
f 6089//6675 6085//6674 6844//6654
f 6085//6674 6089//6675 6091//6671
f 6089//6675 6090//6676 6091//6671
f 6844//6654 6064//6651 6086//6677
f 6089//6675 6844//6654 6086//6677
f 6064//6651 6063//6652 6086//6677
f 6086//6677 6088//6473 6089//6675
f 6086//6677 6063//6652 6088//6473
f 6088//6473 6063//6652 6087//6475
f 6087//6475 6063//6652 5894//6476
f 6197//6472 6195//6678 6088//6473
f 6088//6473 6195//6678 6089//6675
f 6194//6679 6089//6675 6195//6678
f 6090//6676 6089//6675 6194//6679
f 6167//6680 6090//6676 6169//6681
f 6167//6680 6091//6671 6090//6676
f 6165//6682 6091//6671 6167//6680
f 6165//6682 6092//6672 6091//6671
f 6106//6683 6096//6684 6092//6672
f 6096//6684 6093//6669 6092//6672
f 6096//6684 6094//6668 6093//6669
f 6096//6684 6095//6685 6094//6668
f 6096//6684 6105//6686 6102//6687
f 6095//6685 6096//6684 6102//6687
f 6097//6666 6095//6685 6102//6687
f 6102//6687 6076//6665 6097//6666
f 6100//6688 6098//6640 6076//6665
f 6098//6640 6077//6664 6076//6665
f 6099//6614 6077//6664 6098//6640
f 6099//6614 6075//6642 6077//6664
f 6115//6641 6098//6640 6100//6688
f 6100//6688 6101//6689 6115//6641
f 6115//6641 6101//6689 6113//6690
f 6101//6689 6076//6665 6102//6687
f 6101//6689 6100//6688 6076//6665
f 6103//6691 6101//6689 6102//6687
f 6106//6683 6107//6692 6104//6693
f 6104//6693 6105//6686 6106//6683
f 6103//6691 6105//6686 6104//6693
f 6105//6686 6096//6684 6106//6683
f 6163//6694 6106//6683 6178//6695
f 6163//6694 6107//6692 6106//6683
f 6160//6696 6107//6692 6163//6694
f 6159//6697 6107//6692 6160//6696
f 6159//6697 6108//6698 6107//6692
f 6109//6699 6108//6698 6159//6697
f 6158//6700 6109//6699 6159//6697
f 6156//6701 6155//6702 6108//6698
f 6109//6699 6156//6701 6108//6698
f 6110//6703 6108//6698 6155//6702
f 6103//6691 6111//6704 6112//6638
f 6113//6690 6103//6691 6112//6638
f 6114//6637 6113//6690 6112//6638
f 6115//6641 6113//6690 6114//6637
f 6111//6704 6103//6691 6104//6693
f 6110//6703 6111//6704 6104//6693
f 6107//6692 6108//6698 6110//6703
f 6110//6703 6104//6693 6107//6692
f 6113//6690 6101//6689 6103//6691
f 6111//6704 6116//6636 6112//6638
f 6047//6635 6116//6636 6111//6704
f 6117//6705 6047//6635 6111//6704
f 6111//6704 6155//6702 6117//6705
f 6146//6706 6117//6705 6155//6702
f 6146//6706 6118//6633 6117//6705
f 6118//6633 6047//6635 6117//6705
f 6144//6707 6119//6630 6046//6634
f 6046//6634 6118//6633 6144//6707
f 6046//6634 6119//6630 6044//6620
f 6145//6708 6120//6629 6119//6630
f 6120//6629 6145//6708 6143//6709
f 6120//6629 6142//6710 6122//6627
f 6142//6710 6120//6629 6143//6709
f 6142//6710 6121//6628 6122//6627
f 6121//6628 6140//6711 6123//6625
f 6121//6628 6123//6625 6041//6626
f 6138//6624 6123//6625 6140//6711
f 6138//6624 6038//6622 6123//6625
f 6039//6623 6138//6624 6124//6712
f 6124//6712 5115//5664 6125//6713
f 6125//6713 6965//5666 5116//5665
f 5116//5665 5117//5668 5118//5669
f 6126//6714 5116//5665 5118//5669
f 5119//5672 6127//5675 5118//5669
f 6128//5677 6130//6545 6127//5675
f 6129//6546 6131//6715 6130//6545
f 6132//6572 6131//6715 6129//6546
f 6130//6545 6131//6715 6126//6714
f 6130//6545 6126//6714 6127//5675
f 6127//5675 6126//6714 5118//5669
f 6131//6715 6136//6716 6126//6714
f 6132//6572 6136//6716 6131//6715
f 6136//6716 6132//6572 6134//6717
f 6132//6572 6133//6573 6134//6717
f 6133//6573 6135//6718 6134//6717
f 6135//6718 6133//6573 5998//6580
f 6134//6717 6135//6718 6137//6719
f 6037//6581 5998//6580 5999//6579
f 6135//6718 5998//6580 6037//6581
f 6037//6581 6137//6719 6135//6718
f 6037//6581 6039//6623 6124//6712
f 6037//6581 6124//6712 6137//6719
f 6124//6712 6136//6716 6137//6719
f 6136//6716 6134//6717 6137//6719
f 6136//6716 6125//6713 5116//5665
f 6124//6712 6125//6713 6136//6716
f 6136//6716 5116//5665 6126//6714
f 6125//6713 5115//5664 6965//5666
f 6124//6712 6138//6624 5114//5662
f 6138//6624 6139//5663 5114//5662
f 6148//6720 6139//5663 6138//6624
f 6138//6624 6141//6721 6148//6720
f 6138//6624 6140//6711 6141//6721
f 6142//6710 6140//6711 6121//6628
f 6141//6721 6140//6711 6142//6710
f 6141//6721 6142//6710 6143//6709
f 6145//6708 6144//6707 6143//6709
f 6154//6722 6143//6709 6146//6706
f 6146//6706 6143//6709 6144//6707
f 6154//6722 6141//6721 6143//6709
f 6141//6721 6151//6723 6148//6720
f 6148//6720 6151//6723 6147//6724
f 6148//6720 6147//6724 6150//6725
f 6147//6724 6152//6726 6150//6725
f 6147//6724 6151//6723 6152//6726
f 6152//6726 5111//5655 6153//6727
f 6154//6722 5111//5655 6152//6726
f 6152//6726 6151//6723 6154//6722
f 6146//6706 6157//6728 6154//6722
f 6156//6701 6146//6706 6155//6702
f 6155//6702 6111//6704 6110//6703
f 6157//6728 6156//6701 5108//5650
f 6157//6728 6146//6706 6156//6701
f 6157//6728 5108//5650 5109//5652
f 6156//6701 6109//6699 5108//5650
f 5109//5652 5111//5655 6157//6728
f 5111//5655 5109//5652 5110//5653
f 5108//5650 6158//6700 5105//5645
f 5108//5650 6109//6699 6158//6700
f 6668//6729 6159//6697 6160//6696
f 6158//6700 6159//6697 6668//6729
f 6668//6729 6160//6696 6161//6730
f 6161//6730 6162//6731 6182//6732
f 6162//6731 6181//6733 6182//6732
f 6160//6696 6162//6731 6161//6730
f 6160//6696 6163//6694 6162//6731
f 6162//6731 6163//6694 6178//6695
f 6162//6731 6178//6695 6164//6734
f 6180//6735 6164//6734 6179//6736
f 6164//6734 6178//6695 6179//6736
f 6178//6695 6092//6672 6165//6682
f 6166//6737 6165//6682 6167//6680
f 6188//6738 6166//6737 6176//6739
f 6166//6737 6167//6680 6176//6739
f 6176//6739 6167//6680 6169//6681
f 6169//6681 6175//6740 6176//6739
f 6175//6740 6169//6681 6168//6741
f 6169//6681 6194//6679 6170//6742
f 6169//6681 6170//6742 6168//6741
f 6090//6676 6194//6679 6169//6681
f 6171//6743 6168//6741 6170//6742
f 6172//6744 6171//6743 6170//6742
f 6174//6745 6192//6746 6173//6747
f 6174//6745 6172//6744 6192//6746
f 6174//6745 6171//6743 6172//6744
f 6189//6748 6174//6745 6173//6747
f 6174//6745 6175//6740 6171//6743
f 6175//6740 6177//6749 6176//6739
f 6177//6749 6188//6738 6176//6739
f 6187//6750 6166//6737 6188//6738
f 6178//6695 6165//6682 6166//6737
f 6187//6750 6178//6695 6166//6737
f 6179//6736 6178//6695 6187//6750
f 6186//6751 6179//6736 6187//6750
f 6179//6736 6186//6751 6180//6735
f 6184//6752 6181//6733 6180//6735
f 6180//6735 6181//6733 6164//6734
f 6181//6733 6162//6731 6164//6734
f 6181//6733 6183//6753 6182//6732
f 6183//6753 6181//6733 6184//6752
f 6669//6754 6183//6753 6184//6752
f 6184//6752 6190//6755 6669//6754
f 6190//6755 6184//6752 6185//6756
f 6184//6752 6186//6751 6185//6756
f 6187//6750 6185//6756 6186//6751
f 6189//6748 6187//6750 6188//6738
f 6185//6756 6187//6750 6189//6748
f 6188//6738 6177//6749 6189//6748
f 6185//6756 6189//6748 6191//6757
f 6190//6755 6185//6756 6191//6757
f 6670//6758 6669//6754 6190//6755
f 6670//6758 6190//6755 6671//6759
f 6671//6759 6190//6755 6191//6757
f 6191//6757 6189//6748 6173//6747
f 6191//6757 6173//6747 6192//6746
f 6223//6760 6192//6746 6225//6761
f 6192//6746 6220//6762 6221//6763
f 6192//6746 6172//6744 6220//6762
f 6220//6762 6172//6744 6193//6764
f 6193//6764 6170//6742 6219//6765
f 6170//6742 6195//6678 6219//6765
f 6170//6742 6194//6679 6195//6678
f 6193//6764 6172//6744 6170//6742
f 6219//6765 6195//6678 6196//6766
f 6195//6678 6197//6472 6198//6767
f 6195//6678 6198//6767 6196//6766
f 6217//6768 6216//6769 6196//6766
f 6199//6471 6197//6472 5889//6465
f 6198//6767 6197//6472 6199//6471
f 6196//6766 6198//6767 6200//6770
f 6196//6766 6200//6770 6217//6768
f 6198//6767 6199//6471 6200//6770
f 6200//6770 6199//6471 6201//6771
f 6201//6771 6234//6772 6215//6773
f 6234//6772 6233//6774 6215//6773
f 6234//6772 6201//6771 6214//6470
f 6202//6469 6214//6470 6201//6771
f 6204//6775 6203//6468 5887//6467
f 6205//6776 6204//6775 5887//6467
f 6205//6776 5887//6467 6206//6458
f 6206//6458 6207//6456 6205//6776
f 6205//6776 6207//6456 6208//6777
f 6208//6777 5874//6454 5873//6453
f 6204//6775 5873//6453 6209//6778
f 6204//6775 6205//6776 6208//6777
f 6210//6779 6209//6778 6211//6450
f 6210//6779 6211//6450 6212//6780
f 6212//6780 6213//6781 6210//6779
f 6212//6780 6211//6450 6238//6452
f 6212//6780 6235//6782 6213//6781
f 6213//6781 6235//6782 6236//6783
f 6213//6781 6214//6470 6210//6779
f 6232//6784 6215//6773 6233//6774
f 6231//6785 6215//6773 6232//6784
f 6230//6786 6215//6773 6231//6785
f 6229//6787 6200//6770 6215//6773
f 6200//6770 6201//6771 6215//6773
f 6217//6768 6200//6770 6229//6787
f 6216//6769 6229//6787 6228//6788
f 6229//6787 6216//6769 6217//6768
f 6216//6769 6227//6789 6218//6790
f 6218//6790 6227//6789 6221//6763
f 6218//6790 6193//6764 6219//6765
f 6196//6766 6218//6790 6219//6765
f 6218//6790 6220//6762 6193//6764
f 6225//6761 6221//6763 6226//6791
f 6226//6791 6221//6763 6227//6789
f 6225//6761 6226//6791 6676//6792
f 6225//6761 6192//6746 6221//6763
f 6223//6760 6225//6761 6675//6793
f 6222//6794 6223//6760 6675//6793
f 6224//6795 6222//6794 6672//6796
f 6673//6797 6224//6795 6672//6796
f 6222//6794 6675//6793 6672//6796
f 6225//6761 6676//6792 6681//6798
f 6677//6799 6226//6791 6227//6789
f 6227//6789 6228//6788 6677//6799
f 6228//6788 6227//6789 6216//6769
f 6228//6788 6229//6787 6230//6786
f 6677//6799 6228//6788 6230//6786
f 6677//6799 6230//6786 6678//6800
f 6229//6787 6215//6773 6230//6786
f 6231//6785 6232//6784 6730//6801
f 6686//6802 6730//6801 6232//6784
f 6232//6784 6233//6774 6686//6802
f 6687//6803 6686//6802 6233//6774
f 6233//6774 6689//6804 6687//6803
f 6233//6774 6234//6772 6689//6804
f 6689//6804 6234//6772 6305//6805
f 6213//6781 6236//6783 6234//6772
f 6305//6805 6234//6772 6236//6783
f 6234//6772 6214//6470 6213//6781
f 6235//6782 6237//6806 6240//6807
f 6237//6806 6238//6452 6240//6807
f 6239//6808 6240//6807 6238//6452
f 6212//6780 6238//6452 6237//6806
f 6238//6452 6242//6448 6239//6808
f 6242//6448 6238//6452 5870//6447
f 6304//6809 6240//6807 6303//6810
f 6240//6807 6302//6811 6303//6810
f 6302//6811 6240//6807 6239//6808
f 6239//6808 6242//6448 6302//6811
f 6241//6812 6302//6811 6242//6448
f 6242//6448 6243//6445 6241//6812
f 6301//6446 5869//6443 6300//6813
f 5869//6443 6244//6444 6300//6813
f 6244//6444 6245//6423 6300//6813
f 6245//6423 6299//6814 6300//6813
f 5845//6420 6299//6814 6245//6423
f 5845//6420 6246//6419 6299//6814
f 6246//6419 5845//6420 6841//6418
f 6246//6419 6247//6815 6299//6814
f 6299//6814 6247//6815 6249//6816
f 6249//6816 6247//6815 6248//6817
f 6248//6817 6250//6818 6249//6816
f 6248//6817 6842//6819 6250//6818
f 6842//6819 6255//6820 6250//6818
f 6250//6818 6253//6821 6249//6816
f 6249//6816 6253//6821 6251//6822
f 6251//6822 6297//6823 6249//6816
f 6297//6823 6251//6822 6295//6824
f 6293//6825 6295//6824 6251//6822
f 6251//6822 6252//6826 6293//6825
f 6251//6822 6253//6821 6252//6826
f 6253//6821 6291//6827 6252//6826
f 6253//6821 6254//6828 6291//6827
f 6253//6821 6250//6818 6254//6828
f 6250//6818 6290//6829 6254//6828
f 6290//6829 6250//6818 6255//6820
f 6256//6830 6290//6829 6255//6820
f 6256//6830 6257//6831 6290//6829
f 6839//6413 5840//6412 6257//6831
f 6257//6831 5840//6412 6258//6832
f 5840//6412 5832//6410 6258//6832
f 6258//6832 5832//6410 6259//6409
f 6259//6409 6260//6833 6258//6832
f 6290//6829 6258//6832 6264//6834
f 6264//6834 6258//6832 6260//6833
f 6264//6834 6260//6833 6265//6835
f 6259//6409 6261//6407 6260//6833
f 6259//6409 5830//6406 6261//6407
f 6261//6407 6262//6405 6268//6404
f 6261//6407 6268//6404 6263//6836
f 6267//6837 6260//6833 6263//6836
f 6263//6836 6260//6833 6261//6407
f 6260//6833 6267//6837 6265//6835
f 6264//6834 6265//6835 6289//6838
f 6265//6835 6266//6839 6289//6838
f 6265//6835 6267//6837 6266//6839
f 6270//6840 6267//6837 6263//6836
f 6263//6836 6268//6404 6270//6840
f 6268//6404 6269//6403 6270//6840
f 6269//6403 6271//6841 6270//6840
f 6288//6842 6266//6839 6271//6841
f 6271//6841 6269//6403 6272//6401
f 6283//6843 6271//6841 6272//6401
f 6282//6844 6283//6843 6272//6401
f 6282//6844 6272//6401 6273//6845
f 6273//6845 6272//6401 5821//6400
f 6273//6845 5821//6400 6274//6398
f 6274//6398 5821//6400 5819//6399
f 6273//6845 6274//6398 6275//6846
f 6282//6844 6273//6845 6275//6846
f 6276//6847 6282//6844 6275//6846
f 6277//6397 6276//6847 6275//6846
f 6277//6397 5811//6392 6278//6848
f 6277//6397 6278//6848 6340//6849
f 5811//6392 6280//6390 6278//6848
f 6280//6390 6340//6849 6278//6848
f 6343//6850 6280//6390 6279//6391
f 6340//6849 6280//6390 6343//6850
f 6276//6847 6340//6849 6281//6851
f 6281//6851 6338//6852 6282//6844
f 6338//6852 6281//6851 6339//6853
f 6337//6854 6282//6844 6338//6852
f 6337//6854 6283//6843 6282//6844
f 6284//6855 6283//6843 6337//6854
f 6284//6855 6288//6842 6271//6841
f 6271//6841 6283//6843 6284//6855
f 6285//6856 6288//6842 6284//6855
f 6349//6857 6327//6858 6286//6859
f 6289//6838 6288//6842 6287//6860
f 6266//6839 6288//6842 6289//6838
f 6254//6828 6289//6838 6287//6860
f 6254//6828 6290//6829 6289//6838
f 6291//6827 6254//6828 6287//6860
f 6291//6827 6326//6861 6292//6862
f 6252//6826 6291//6827 6292//6862
f 6292//6862 6294//6863 6293//6825
f 6292//6862 6293//6825 6252//6826
f 6295//6824 6294//6863 6296//6864
f 6295//6824 6296//6864 6312//6865
f 6311//6866 6295//6824 6312//6865
f 6311//6866 6297//6823 6295//6824
f 6298//6867 6297//6823 6311//6866
f 6297//6823 6298//6867 6249//6816
f 6299//6814 6298//6867 6300//6813
f 6299//6814 6249//6816 6298//6867
f 6300//6813 6298//6867 6311//6866
f 6300//6813 6311//6866 6301//6446
f 6243//6445 6301//6446 6241//6812
f 6241//6812 6301//6446 6310//6868
f 6310//6868 6302//6811 6241//6812
f 6309//6869 6302//6811 6310//6868
f 6303//6810 6302//6811 6309//6869
f 6304//6809 6303//6810 6306//6870
f 6236//6783 6235//6782 6304//6809
f 6235//6782 6240//6807 6304//6809
f 6305//6805 6236//6783 6304//6809
f 6304//6809 6306//6870 6305//6805
f 6783//6871 6305//6805 6306//6870
f 6306//6870 6784//6872 6783//6871
f 6306//6870 6307//6873 6784//6872
f 6308//6874 6307//6873 6306//6870
f 6303//6810 6309//6869 6308//6874
f 6316//6875 6308//6874 6309//6869
f 6310//6868 6315//6876 6309//6869
f 6310//6868 6838//6877 6315//6876
f 6310//6868 6301//6446 6838//6877
f 6301//6446 6311//6866 6838//6877
f 6311//6866 6312//6865 6838//6877
f 6314//6878 6313//6879 6322//6880
f 6315//6876 6314//6878 6317//6881
f 6315//6876 6316//6875 6309//6869
f 6317//6881 6308//6874 6316//6875
f 6317//6881 6316//6875 6315//6876
f 6308//6874 6317//6881 6318//6882
f 6318//6882 6319//6883 6786//6884
f 6317//6881 6319//6883 6318//6882
f 6786//6884 6319//6883 6320//6885
f 6317//6881 6314//6878 6319//6883
f 6319//6883 6314//6878 6320//6885
f 6314//6878 6322//6880 6320//6885
f 6322//6880 6321//6886 6320//6885
f 6582//6887 6321//6886 6581//6888
f 6322//6880 6313//6879 6331//6889
f 6331//6889 6313//6879 6312//6865
f 6323//6890 6331//6889 6312//6865
f 6312//6865 6296//6864 6323//6890
f 6296//6864 6324//6891 6323//6890
f 6324//6891 6296//6864 6294//6863
f 6325//6892 6323//6890 6324//6891
f 6324//6891 6294//6863 6325//6892
f 6294//6863 6292//6862 6325//6892
f 6326//6861 6327//6858 6292//6862
f 6327//6858 6326//6861 6286//6859
f 6291//6827 6286//6859 6326//6861
f 6292//6862 6327//6858 6325//6892
f 6325//6892 6327//6858 6336//6893
f 6328//6894 6330//6895 6325//6892
f 6330//6895 6328//6894 6329//6896
f 6334//6897 6329//6896 6335//6898
f 6328//6894 6335//6898 6329//6896
f 6329//6896 6334//6897 6332//6899
f 6329//6896 6332//6899 6331//6889
f 6323//6890 6330//6895 6329//6896
f 6329//6896 6331//6889 6323//6890
f 6331//6889 6332//6899 6580//6900
f 6333//6901 6580//6900 6468//6902
f 6579//6903 6580//6900 6333//6901
f 6332//6899 6468//6902 6580//6900
f 6332//6899 6334//6897 6467//6904
f 6332//6899 6467//6904 6468//6902
f 6467//6904 6334//6897 6335//6898
f 6328//6894 6336//6893 6335//6898
f 6327//6858 6349//6857 6336//6893
f 6325//6892 6336//6893 6328//6894
f 6348//6905 6286//6859 6285//6856
f 6349//6857 6286//6859 6348//6905
f 6284//6855 6337//6854 6285//6856
f 6285//6856 6337//6854 6346//6906
f 6338//6852 6346//6906 6337//6854
f 6346//6906 6338//6852 6339//6853
f 6339//6853 6340//6849 6343//6850
f 6339//6853 6281//6851 6340//6849
f 6339//6853 6343//6850 6345//6907
f 6343//6850 6341//6908 6342//6909
f 6343//6850 6279//6391 6341//6908
f 6342//6909 6341//6908 6360//6910
f 6344//6911 6342//6909 6358//6912
f 6344//6911 6343//6850 6342//6909
f 6357//6913 6354//6914 6344//6911
f 6345//6907 6344//6911 6354//6914
f 6345//6907 6343//6850 6344//6911
f 6345//6907 6346//6906 6339//6853
f 6346//6906 6345//6907 6354//6914
f 6354//6914 6347//6915 6346//6906
f 6347//6915 6354//6914 6353//6916
f 6350//6917 6347//6915 6353//6916
f 6349//6857 6347//6915 6350//6917
f 6349//6857 6348//6905 6347//6915
f 6348//6905 6285//6856 6346//6906
f 6348//6905 6346//6906 6347//6915
f 6335//6898 6349//6857 6350//6917
f 6335//6898 6336//6893 6349//6857
f 6335//6898 6350//6917 6466//6918
f 6350//6917 6351//6919 6466//6918
f 6466//6918 6351//6919 6465//6920
f 6351//6919 6353//6916 6352//6921
f 6352//6921 6353//6916 6354//6914
f 6352//6921 6354//6914 6356//6922
f 6351//6919 6352//6921 6355//6923
f 6355//6923 6352//6921 6356//6922
f 6356//6922 6357//6913 6458//6924
f 6458//6924 6357//6913 6459//6925
f 6357//6913 6358//6912 6459//6925
f 6358//6912 6357//6913 6344//6911
f 6358//6912 6360//6910 6359//6926
f 6342//6909 6360//6910 6358//6912
f 6341//6908 6361//6189 6362//6927
f 6279//6391 6361//6189 6341//6908
f 6279//6391 5810//6389 6361//6189
f 6361//6189 5613//6188 6362//6927
f 6362//6927 5613//6188 5612//6187
f 6362//6927 5612//6187 6360//6910
f 6341//6908 6362//6927 6360//6910
f 6360//6910 5612//6187 6364//6186
f 6364//6186 6359//6926 6360//6910
f 6363//6928 6359//6926 6364//6186
f 6365//6183 6363//6928 6364//6186
f 6365//6183 6366//6929 6363//6928
f 6367//6930 6363//6928 6366//6929
f 6363//6928 6367//6930 6359//6926
f 6366//6929 6368//6931 6367//6930
f 6368//6931 6457//6932 6367//6930
f 6367//6930 6457//6932 6459//6925
f 6459//6925 6358//6912 6367//6930
f 6457//6932 6368//6931 6488//6933
f 6488//6933 6368//6931 6369//6934
f 6368//6931 6371//6935 6369//6934
f 6370//6936 6451//6937 6369//6934
f 6370//6936 6450//6938 6452//6939
f 6451//6937 6370//6936 6452//6939
f 6370//6936 6809//6940 6450//6938
f 6370//6936 6371//6935 6809//6940
f 6371//6935 6370//6936 6369//6934
f 6809//6940 6371//6935 6810//6941
f 6810//6941 6371//6935 6366//6929
f 6371//6935 6368//6931 6366//6929
f 6372//6942 6810//6941 6366//6929
f 6372//6942 6366//6929 6373//6182
f 6372//6942 6373//6182 6440//6943
f 6373//6182 6375//6944 6440//6943
f 6439//6945 6374//6946 6436//6947
f 6375//6944 6376//6948 6374//6946
f 6377//6181 6376//6948 6375//6944
f 6374//6946 6376//6948 4850//5376
f 6376//6948 6378//6949 4850//5376
f 6376//6948 6377//6181 6378//6949
f 6377//6181 6379//5371 6378//6949
f 5605//5368 6379//5371 6377//6181
f 6379//5371 4845//5370 6378//6949
f 6378//6949 4845//5370 4849//5374
f 4850//5376 6378//6949 4849//5374
f 6380//6950 6374//6946 4850//5376
f 6374//6946 6380//6950 6436//6947
f 6436//6947 6380//6950 6381//6951
f 6435//6952 6436//6947 6381//6951
f 6381//6951 6437//6953 6435//6952
f 6382//5377 6437//6953 6381//6951
f 6380//6950 4850//5376 6381//6951
f 6381//6951 4850//5376 6382//5377
f 6383//6954 6430//6955 6382//5377
f 6383//6954 6382//5377 4851//5378
f 6429//6956 6383//6954 6385//5400
f 6383//6954 6384//5397 6385//5400
f 6429//6956 6385//5400 6388//5402
f 4851//5378 6386//5379 6384//5397
f 4849//5374 6386//5379 4851//5378
f 6383//6954 4851//5378 6384//5397
f 6385//5400 4880//5398 6388//5402
f 6387//5403 6391//6957 6390//6958
f 6389//6959 6387//5403 6390//6958
f 6389//6959 6388//5402 6387//5403
f 6428//6960 6429//6956 6389//6959
f 6429//6956 6388//5402 6389//6959
f 6389//6959 6833//6961 6428//6960
f 6833//6961 6389//6959 6812//6962
f 6390//6958 6812//6962 6389//6959
f 6390//6958 6391//6957 6813//6963
f 6813//6963 6391//6957 6814//5410
f 6387//5403 6392//5409 6391//6957
f 6387//5403 4884//5407 6392//5409
f 4884//5407 6387//5403 4883//5405
f 6814//5410 6391//6957 6392//5409
f 4890//5411 6815//5412 6814//5410
f 6817//6964 4891//4686 6816//6965
f 4891//4686 6817//6964 6815//5412
f 6816//6965 4891//4686 6393//4685
f 6395//6966 6393//4685 6394//4684
f 6816//6965 6393//4685 6395//6966
f 6823//6967 6412//5416 6413//6968
f 6412//5416 6823//6967 6396//5413
f 6413//6968 6822//6969 6823//6967
f 6410//6970 6397//6971 6398//6972
f 6416//6973 6398//6972 6397//6971
f 6416//6973 6397//6971 6399//6974
f 6400//6975 6416//6973 6399//6974
f 6401//5436 6400//6975 6399//6974
f 6401//5436 6399//6974 6402//6976
f 6401//5436 6402//6976 6403//5434
f 6404//5433 6403//5434 6408//6977
f 6414//5425 4902//5422 4903//4615
f 6414//5425 6405//5421 4902//5422
f 6406//6978 4900//5420 6405//5421
f 6409//6979 6407//5417 6406//6978
f 6402//6976 6409//6979 6406//6978
f 6402//6976 6406//6978 6408//6977
f 6402//6976 6399//6974 6409//6979
f 6397//6971 6410//6970 6411//6980
f 6397//6971 6411//6980 6409//6979
f 6413//6968 6412//5416 4898//5415
f 6412//5416 4896//4683 4897//4679
f 6396//5413 4896//4683 6412//5416
f 6395//6966 6394//4684 6396//5413
f 6410//6970 6822//6969 6413//6968
f 6410//6970 6413//6968 4898//5415
f 4898//5415 6411//6980 6410//6970
f 6409//6979 6411//6980 6407//5417
f 6407//5417 6411//6980 4899//5414
f 6406//6978 6407//5417 4900//5420
f 6411//6980 4898//5415 4899//5414
f 6399//6974 6397//6971 6409//6979
f 6403//5434 6402//6976 6408//6977
f 6414//5425 6404//5433 6408//6977
f 6414//5425 6408//6977 6405//5421
f 6408//6977 6406//6978 6405//5421
f 6401//5436 4911//5437 6400//6975
f 4911//5437 6415//5439 6400//6975
f 4912//5438 6533//6981 6415//5439
f 6529//5528 6533//6981 4912//5438
f 6533//6981 6534//6982 6415//5439
f 6415//5439 6534//6982 6416//6973
f 6415//5439 6416//6973 6400//6975
f 6534//6982 6418//6983 6416//6973
f 6416//6973 6418//6983 6398//6972
f 6418//6983 6417//6984 6398//6972
f 6419//6985 6417//6984 6418//6983
f 6420//6986 6419//6985 6418//6983
f 6536//6987 6420//6986 6418//6983
f 6422//6988 6421//6989 6423//6990
f 6522//6991 6423//6990 6523//6992
f 6523//6992 6423//6990 6421//6989
f 6514//6993 6515//6994 6423//6990
f 6522//6991 6514//6993 6423//6990
f 6424//6995 6830//6996 6423//6990
f 6515//6994 6424//6995 6423//6990
f 6425//6997 6831//6998 6424//6995
f 6831//6998 6830//6996 6424//6995
f 6831//6998 6425//6997 6426//6999
f 6831//6998 6426//6999 6427//7000
f 6428//6960 6427//7000 6426//6999
f 6432//7001 6429//6956 6428//6960
f 6433//7002 6431//7003 6430//6955
f 6430//6955 6432//7001 6433//7002
f 6425//6997 6432//7001 6426//6999
f 6520//7004 6432//7001 6425//6997
f 6432//7001 6520//7004 6433//7002
f 6433//7002 6517//7005 6516//7006
f 6434//7007 6433//7002 6516//7006
f 6444//7008 6434//7007 6516//7006
f 6435//6952 6438//7009 6444//7008
f 6436//6947 6435//6952 6443//7010
f 6435//6952 6437//6953 6438//7009
f 6437//6953 6382//5377 6431//7003
f 6437//6953 6431//7003 6434//7007
f 6438//7009 6437//6953 6434//7007
f 6444//7008 6438//7009 6434//7007
f 6434//7007 6431//7003 6433//7002
f 6431//7003 6382//5377 6430//6955
f 6432//7001 6430//6955 6429//6956
f 6442//7011 6439//6945 6443//7010
f 6442//7011 6441//7012 6439//6945
f 6372//6942 6440//6943 6439//6945
f 6441//7012 6372//6942 6439//6945
f 6442//7011 6449//7013 6441//7012
f 6441//7012 6449//7013 6450//6938
f 6442//7011 6446//7014 6449//7013
f 6443//7010 6445//7015 6442//7011
f 6444//7008 6445//7015 6443//7010
f 6445//7015 6444//7008 6516//7006
f 6446//7014 6445//7015 6516//7006
f 6448//7016 6446//7014 6447//7017
f 6446//7014 6448//7016 6504//7018
f 6452//6939 6450//6938 6449//7013
f 6452//6939 6449//7013 6504//7018
f 6449//7013 6446//7014 6504//7018
f 6452//6939 6454//7019 6451//6937
f 6453//7020 6454//7019 6452//6939
f 6453//7020 6452//6939 6504//7018
f 6501//7021 6453//7020 6504//7018
f 6501//7021 6504//7018 6503//7022
f 6501//7021 6498//7023 6453//7020
f 6498//7023 6454//7019 6453//7020
f 6498//7023 6487//7024 6454//7019
f 6455//7025 6454//7019 6487//7024
f 6488//6933 6369//6934 6455//7025
f 6488//6933 6456//7026 6457//6932
f 6457//6932 6456//7026 6497//7027
f 6497//7027 6458//6924 6457//6932
f 6458//6924 6459//6925 6457//6932
f 6355//6923 6458//6924 6497//7027
f 6355//6923 6356//6922 6458//6924
f 6355//6923 6497//7027 6460//7028
f 6460//7028 6464//7029 6355//6923
f 6461//7030 6464//7029 6460//7028
f 6461//7030 6460//7028 6490//7031
f 6495//7032 6494//7033 6462//7034
f 6495//7032 6462//7034 6463//7035
f 6474//7036 6473//7037 6494//7033
f 6494//7033 6473//7037 6462//7034
f 6471//7038 6462//7034 6473//7037
f 6471//7038 6465//6920 6462//7034
f 6464//7029 6463//7035 6462//7034
f 6464//7029 6462//7034 6465//6920
f 6465//6920 6351//6919 6464//7029
f 6461//7030 6463//7035 6464//7029
f 6355//6923 6464//7029 6351//6919
f 6471//7038 6472//7039 6465//6920
f 6472//7039 6466//6918 6465//6920
f 6467//6904 6466//6918 6472//7039
f 6333//6901 6468//6902 6469//7040
f 6578//7041 6333//6901 6469//7040
f 6469//7040 6470//7042 6578//7041
f 6469//7040 6572//7043 6470//7042
f 6471//7038 6469//7040 6468//6902
f 6468//6902 6472//7039 6471//7038
f 6467//6904 6472//7039 6468//6902
f 6469//7040 6471//7038 6473//7037
f 6474//7036 6469//7040 6473//7037
f 6494//7033 6496//7044 6474//7036
f 6474//7036 6496//7044 6570//7045
f 6570//7045 6496//7044 6475//7046
f 6570//7045 6475//7046 6569//7047
f 6476//7048 6568//7049 6475//7046
f 6478//7050 6477//7051 6476//7048
f 6477//7051 6480//7052 6479//7053
f 6479//7053 6480//7052 6481//7054
f 6479//7053 6481//7054 6482//7055
f 6481//7054 6484//7056 6483//7057
f 6482//7055 6481//7054 6483//7057
f 6482//7055 6485//7058 6479//7053
f 6489//7059 6487//7024 6491//7060
f 6489//7059 6488//6933 6487//7024
f 6487//7024 6488//6933 6455//7025
f 6488//6933 6489//7059 6456//7026
f 6463//7035 6461//7030 6490//7031
f 6490//7031 6495//7032 6463//7035
f 6492//7061 6495//7032 6491//7060
f 6492//7061 6491//7060 6486//7062
f 6493//7063 6492//7061 6481//7054
f 6493//7063 6481//7054 6480//7052
f 6480//7052 6478//7050 6493//7063
f 6496//7044 6494//7033 6478//7050
f 6478//7050 6494//7033 6493//7063
f 6493//7063 6494//7033 6495//7032
f 6493//7063 6495//7032 6492//7061
f 6478//7050 6475//7046 6496//7044
f 6478//7050 6480//7052 6477//7051
f 6481//7054 6492//7061 6484//7056
f 6492//7061 6486//7062 6484//7056
f 6491//7060 6495//7032 6489//7059
f 6489//7059 6495//7032 6490//7031
f 6490//7031 6497//7027 6489//7059
f 6490//7031 6460//7028 6497//7027
f 6489//7059 6497//7027 6456//7026
f 6498//7023 6491//7060 6487//7024
f 6500//7064 6491//7060 6498//7023
f 6486//7062 6491//7060 6500//7064
f 6807//7065 6483//7057 6499//7066
f 6483//7057 6484//7056 6499//7066
f 6499//7066 6486//7062 6500//7064
f 6484//7056 6486//7062 6499//7066
f 6499//7066 6500//7064 6501//7021
f 6500//7064 6498//7023 6501//7021
f 6499//7066 6501//7021 6503//7022
f 6499//7066 6503//7022 6502//7067
f 6503//7022 6505//7068 6506//7069
f 6502//7067 6503//7022 6506//7069
f 6504//7018 6505//7068 6503//7022
f 6802//7070 6804//7071 6506//7069
f 6802//7070 6506//7069 6507//7072
f 6506//7069 6505//7068 6507//7072
f 6507//7072 6505//7068 6508//7073
f 6510//7074 6507//7072 6508//7073
f 6507//7072 6510//7074 6509//7075
f 6802//7070 6507//7072 6511//7076
f 6507//7072 6509//7075 6511//7076
f 6513//7077 6512//7078 6511//7076
f 6512//7078 6801//7079 6511//7076
f 6511//7076 6509//7075 6513//7077
f 6513//7077 6509//7075 6521//7080
f 6514//6993 6521//7080 6515//6994
f 6513//7077 6521//7080 6514//6993
f 6521//7080 6519//7081 6515//6994
f 6519//7081 6425//6997 6515//6994
f 6520//7004 6425//6997 6519//7081
f 6520//7004 6517//7005 6433//7002
f 6518//7082 6517//7005 6520//7004
f 6447//7017 6516//7006 6517//7005
f 6508//7073 6447//7017 6518//7082
f 6508//7073 6448//7016 6447//7017
f 6508//7073 6518//7082 6510//7074
f 6517//7005 6518//7082 6447//7017
f 6510//7074 6518//7082 6519//7081
f 6520//7004 6519//7081 6518//7082
f 6510//7074 6521//7080 6509//7075
f 6510//7074 6519//7081 6521//7080
f 6447//7017 6446//7014 6516//7006
f 6515//6994 6425//6997 6424//6995
f 6525//7083 6522//6991 6523//6992
f 6525//7083 6523//6992 6524//7084
f 6524//7084 6523//6992 6536//6987
f 6530//7085 6539//5605 6526//7086
f 6529//5528 4912//5438 6527//5440
f 6528//5527 6535//7087 6529//5528
f 6526//7086 6531//7088 6530//7085
f 6526//7086 6524//7084 6531//7088
f 6536//6987 6532//7089 6531//7088
f 6532//7089 6536//6987 6418//6983
f 6535//7087 6532//7089 6534//6982
f 6529//5528 6535//7087 6533//6981
f 6533//6981 6535//7087 6534//6982
f 6532//7089 6418//6983 6534//6982
f 6530//7085 6531//7088 6535//7087
f 6535//7087 6531//7088 6532//7089
f 6523//6992 6420//6986 6536//6987
f 6524//7084 6536//6987 6531//7088
f 6528//5527 6530//7085 6535//7087
f 6528//5527 6529//5528 4993//5519
f 6538//5531 6539//5605 6537//5526
f 6539//5605 6530//7085 6537//5526
f 6537//5526 6530//7085 6528//5527
f 6540//5532 6798//7090 6797//7091
f 6541//5533 6798//7090 6540//5532
f 5081//5607 6798//7090 6541//5533
f 5080//5603 5081//5607 6541//5533
f 5082//5606 6543//7092 6542//7093
f 5082//5606 6542//7093 5081//5607
f 6791//7094 6543//7092 6544//5608
f 6544//5608 6543//7092 5082//5606
f 6545//7095 6791//7094 6544//5608
f 6546//5599 6545//7095 6544//5608
f 6546//5599 6544//5608 5084//5609
f 6788//7096 6545//7095 6546//5599
f 6547//5610 6788//7096 6546//5599
f 6548//5611 6788//7096 6547//5610
f 6548//5611 6549//7097 6788//7096
f 6549//7097 6550//7098 6788//7096
f 6549//7097 6551//7099 6550//7098
f 6564//7100 6551//7099 6549//7097
f 6564//7100 6477//7051 6551//7099
f 6552//7101 6564//7100 6549//7097
f 6552//7101 6549//7097 6553//7102
f 6553//7102 6549//7097 6548//5611
f 6554//5612 6553//7102 6548//5611
f 6554//5612 6548//5611 5086//5598
f 6555//7103 6553//7102 6554//5612
f 6554//5612 5087//5613 6555//7103
f 6555//7103 5087//5613 6557//5614
f 6555//7103 6560//7104 6556//7105
f 6561//7106 6556//7105 6560//7104
f 6557//5614 6560//7104 6555//7103
f 5088//5616 6557//5614 6558//5615
f 6747//5593 6557//5614 5088//5616
f 6747//5593 6746//7107 6557//5614
f 6746//7107 6560//7104 6557//5614
f 6746//7107 6748//7108 6560//7104
f 6748//7108 6561//7106 6560//7104
f 6556//7105 6562//7109 6782//7110
f 6561//7106 6562//7109 6556//7105
f 6563//7111 6782//7110 6781//7112
f 6782//7110 6564//7100 6556//7105
f 6782//7110 6563//7111 6564//7100
f 6556//7105 6552//7101 6555//7103
f 6555//7103 6552//7101 6553//7102
f 6565//7113 6563//7111 6566//7114
f 6563//7111 6565//7113 6564//7100
f 6563//7111 6567//7115 6566//7114
f 6567//7115 6563//7111 6781//7112
f 6753//7116 6567//7115 6781//7112
f 6567//7115 6573//7117 6568//7049
f 6573//7117 6571//7118 6569//7047
f 6573//7117 6569//7047 6568//7049
f 6568//7049 6569//7047 6475//7046
f 6566//7114 6568//7049 6476//7048
f 6566//7114 6567//7115 6568//7049
f 6569//7047 6572//7043 6570//7045
f 6572//7043 6569//7047 6571//7118
f 6572//7043 6571//7118 6470//7042
f 6470//7042 6571//7118 6574//7119
f 6574//7119 6571//7118 6573//7117
f 6470//7042 6574//7119 6576//7120
f 6575//7121 6574//7119 6573//7117
f 6575//7121 6573//7117 6567//7115
f 6753//7116 6575//7121 6567//7115
f 6575//7121 6756//7122 6576//7120
f 6575//7121 6753//7116 6756//7122
f 6756//7122 6577//7123 6576//7120
f 6578//7041 6576//7120 6577//7123
f 6578//7041 6579//6903 6333//6901
f 6576//7120 6578//7041 6470//7042
f 6576//7120 6574//7119 6575//7121
f 6579//6903 6578//7041 6577//7123
f 6331//6889 6580//6900 6321//6886
f 6321//6886 6322//6880 6331//6889
f 6581//6888 6321//6886 6580//6900
f 6579//6903 6581//6888 6580//6900
f 6577//7123 6581//6888 6579//6903
f 6780//7124 6582//6887 6581//6888
f 6583//7125 6582//6887 6780//7124
f 6583//7125 6584//7126 6582//6887
f 6586//7127 6585//7128 6584//7126
f 6619//7129 6584//7126 6583//7125
f 6587//7130 6584//7126 6619//7129
f 6587//7130 6586//7127 6584//7126
f 6588//7131 6586//7127 6587//7130
f 6590//7132 6588//7131 6591//7133
f 6591//7133 6588//7131 6587//7130
f 6591//7133 6587//7130 6592//7134
f 6593//7135 6592//7134 6618//7136
f 6594//7137 6618//7136 6621//7138
f 6594//7137 6593//7135 6618//7136
f 6617//7139 6594//7137 6622//7140
f 6617//7139 6596//7141 6594//7137
f 6596//7141 6593//7135 6594//7137
f 6597//7142 6593//7135 6596//7141
f 6595//7143 6596//7141 6617//7139
f 6595//7143 6617//7139 6616//7144
f 6613//7145 6595//7143 6616//7144
f 6595//7143 6613//7145 6614//7146
f 6614//7146 6596//7141 6595//7143
f 6614//7146 6607//7147 6596//7141
f 6606//7148 6597//7142 6596//7141
f 6607//7147 6606//7148 6596//7141
f 6606//7148 6605//7149 6597//7142
f 6597//7142 6592//7134 6593//7135
f 6592//7134 6597//7142 6605//7149
f 6605//7149 6591//7133 6592//7134
f 6598//7150 6591//7133 6605//7149
f 6599//7151 6598//7150 6605//7149
f 6598//7150 6599//7151 6600//7152
f 6600//7152 6783//6871 6601//7153
f 6601//7153 6598//7150 6600//7152
f 6600//7152 6603//7154 6783//6871
f 6783//6871 6603//7154 6602//7155
f 6691//7156 6602//7155 6603//7154
f 6603//7154 6600//7152 6694//7157
f 6600//7152 6604//7158 6694//7157
f 6599//7151 6604//7158 6600//7152
f 6605//7149 6606//7148 6599//7151
f 6604//7158 6599//7151 6606//7148
f 6604//7158 6606//7148 6607//7147
f 6604//7158 6607//7147 6608//7159
f 6614//7146 6608//7159 6607//7147
f 6609//7160 6608//7159 6614//7146
f 6609//7160 6610//7161 6608//7159
f 6610//7161 6609//7160 6611//7162
f 6609//7160 6612//7163 6611//7162
f 6613//7145 6612//7163 6609//7160
f 6614//7146 6613//7145 6609//7160
f 6613//7145 6616//7144 6615//7164
f 6616//7144 6617//7139 6626//7165
f 6617//7139 6623//7166 6626//7165
f 6617//7139 6622//7140 6623//7166
f 6622//7140 6594//7137 6621//7138
f 6621//7138 6618//7136 6620//7167
f 6619//7129 6620//7167 6618//7136
f 6587//7130 6619//7129 6618//7136
f 6592//7134 6587//7130 6618//7136
f 6622//7140 6621//7138 6757//7168
f 6621//7138 6620//7167 6757//7168
f 6623//7166 6622//7140 6624//7169
f 6624//7169 6622//7140 6757//7168
f 6625//7170 6624//7169 6762//7171
f 6623//7166 6624//7169 6625//7170
f 6778//7172 6623//7166 6625//7170
f 6626//7165 6623//7166 6778//7172
f 6626//7165 6628//7173 6616//7144
f 6628//7173 6615//7164 6616//7144
f 6612//7163 6615//7164 6628//7173
f 6612//7163 6628//7173 6627//7174
f 6627//7174 6775//7175 6611//7162
f 6611//7162 6612//7163 6627//7174
f 6632//7176 6611//7162 6775//7175
f 6631//7177 6629//7178 6630//7179
f 6631//7177 6632//7176 6629//7178
f 6630//7179 6634//7180 6631//7177
f 6633//7181 6632//7176 6631//7177
f 6634//7180 6633//7181 6631//7177
f 6635//7182 6634//7180 6645//7183
f 6645//7183 6634//7180 6735//7184
f 6731//7185 6735//7184 6734//7186
f 6645//7183 6735//7184 6731//7185
f 6734//7186 6733//7187 6636//7188
f 6731//7185 6734//7186 6636//7188
f 6636//7188 6736//5624 6637//5625
f 6637//5625 6736//5624 6638//5623
f 5094//5562 6639//5626 6637//5625
f 6640//7189 6641//7190 6644//7191
f 6641//7190 6643//7192 6644//7191
f 6641//7190 6642//7193 6643//7192
f 6644//7191 6636//7188 6637//5625
f 6644//7191 6731//7185 6636//7188
f 6644//7191 6645//7183 6731//7185
f 6645//7183 6643//7192 6642//7193
f 6643//7192 6645//7183 6644//7191
f 6642//7193 6635//7182 6645//7183
f 6646//7194 6647//7195 6635//7182
f 6646//7194 6635//7182 6642//7193
f 6715//7196 6647//7195 6646//7194
f 6725//7197 6647//7195 6715//7196
f 6648//7198 6715//7196 6646//7194
f 6650//7199 6649//7200 6641//7190
f 6650//7199 6641//7190 6651//7201
f 6651//7201 6641//7190 6640//7189
f 6654//5566 6653//7202 6652//5568
f 6654//5566 6655//5567 6653//7202
f 6651//7201 6655//5567 6656//5628
f 6717//7203 6718//5630 6657//5632
f 2//3 6718//5630 6719//5627
f 6658//7204 6716//7205 6657//5632
f 6716//7205 6658//7204 6673//6797
f 5097//5633 6658//7204 6657//5632
f 6660//7206 6667//7207 6661//7208
f 6663//7209 6667//7207 6660//7206
f 6659//7210 6663//7209 6660//7206
f 5098//5634 6663//7209 6659//7210
f 5096//5631 5099//5635 5098//5634
f 5097//5633 5098//5634 6659//7210
f 5099//5635 6663//7209 5098//5634
f 5099//5635 6662//5639 6663//7209
f 6663//7209 6662//5639 6667//7207
f 6667//7207 6664//7211 6661//7208
f 6664//7211 6669//6754 6661//7208
f 6669//6754 6664//7211 6183//6753
f 6666//5644 6183//6753 6664//7211
f 6666//5644 6665//7212 6183//6753
f 6183//6753 6665//7212 6182//6732
f 6665//7212 6161//6730 6182//6732
f 6665//7212 6666//5644 5103//5643
f 5105//5645 6158//6700 5103//5643
f 6664//7211 6667//7207 6666//5644
f 6667//7207 5102//5640 6666//5644
f 6667//7207 6662//5639 5102//5640
f 6158//6700 6665//7212 5103//5643
f 6158//6700 6668//6729 6665//7212
f 6161//6730 6665//7212 6668//6729
f 6661//7208 6669//6754 6670//6758
f 6660//7206 6661//7208 6670//6758
f 6660//7206 6670//6758 6222//6794
f 6222//6794 6670//6758 6671//6759
f 6191//6757 6192//6746 6671//6759
f 6671//6759 6192//6746 6223//6760
f 6659//7210 6660//7206 6224//6795
f 6660//7206 6222//6794 6224//6795
f 5097//5633 6224//6795 6658//7204
f 5097//5633 6659//7210 6224//6795
f 6658//7204 6224//6795 6673//6797
f 6222//6794 6671//6759 6223//6760
f 6718//5630 5095//5629 6657//5632
f 6657//5632 6716//7205 6717//7203
f 6712//7213 6714//7214 6672//6796
f 6673//6797 6672//6796 6714//7214
f 6674//7215 6704//7216 6712//7213
f 6712//7213 6675//6793 6674//7215
f 6674//7215 6675//6793 6682//7217
f 6675//6793 6225//6761 6681//6798
f 6677//6799 6680//7218 6676//6792
f 6678//6800 6680//7218 6677//6799
f 6679//7219 6680//7218 6678//6800
f 6681//6798 6676//6792 6680//7218
f 6682//7217 6675//6793 6681//6798
f 6683//7220 6704//7216 6682//7217
f 6683//7220 6682//7217 6684//7221
f 6682//7217 6681//6798 6684//7221
f 6684//7221 6681//6798 6680//7218
f 6680//7218 6679//7219 6685//7222
f 6684//7221 6680//7218 6685//7222
f 6685//7222 6679//7219 6686//6802
f 6687//6803 6685//7222 6686//6802
f 6688//7223 6305//6805 6602//7155
f 6688//7223 6689//6804 6305//6805
f 6687//6803 6689//6804 6688//7223
f 6602//7155 6690//7224 6688//7223
f 6602//7155 6691//7156 6690//7224
f 6690//7224 6685//7222 6687//6803
f 6711//7225 6684//7221 6690//7224
f 6684//7221 6685//7222 6690//7224
f 6711//7225 6690//7224 6691//7156
f 6691//7156 6692//7226 6711//7225
f 6691//7156 6694//7157 6692//7226
f 6692//7226 6694//7157 6693//7227
f 6711//7225 6693//7227 6695//7228
f 6711//7225 6692//7226 6693//7227
f 6696//7229 6693//7227 6608//7159
f 6604//7158 6608//7159 6693//7227
f 6693//7227 6694//7157 6604//7158
f 6694//7157 6691//7156 6603//7154
f 6693//7227 6696//7229 6709//7230
f 6695//7228 6693//7227 6709//7230
f 6708//7231 6709//7230 6696//7229
f 6697//7232 6696//7229 6728//7233
f 6697//7232 6728//7233 6727//7234
f 6721//7235 6727//7234 6722//7236
f 6721//7235 6697//7232 6727//7234
f 6699//7237 6707//7238 6698//7239
f 6699//7237 6700//7240 6701//7241
f 6702//7242 6701//7241 6700//7240
f 6702//7242 6703//7243 6712//7213
f 6712//7213 6704//7216 6702//7242
f 6702//7242 6704//7216 6701//7241
f 6682//7217 6704//7216 6674//7215
f 6704//7216 6683//7220 6701//7241
f 6705//7244 6699//7237 6701//7241
f 6683//7220 6705//7244 6701//7241
f 6705//7244 6683//7220 6706//7245
f 6705//7244 6707//7238 6699//7237
f 6707//7238 6708//7231 6698//7239
f 6698//7239 6708//7231 6696//7229
f 6709//7230 6708//7231 6710//7246
f 6709//7230 6710//7246 6695//7228
f 6710//7246 6707//7238 6705//7244
f 6710//7246 6705//7244 6695//7228
f 6705//7244 6711//7225 6695//7228
f 6705//7244 6706//7245 6711//7225
f 6711//7225 6706//7245 6684//7221
f 6683//7220 6684//7221 6706//7245
f 6710//7246 6708//7231 6707//7238
f 6712//7213 6713//7247 6714//7214
f 6712//7213 6703//7243 6713//7247
f 6717//7203 6715//7196 6648//7198
f 6716//7205 6715//7196 6717//7203
f 6720//7248 6717//7203 6648//7198
f 6720//7248 6718//5630 6717//7203
f 6718//5630 6720//7248 6719//5627
f 6656//5628 6719//5627 6650//7199
f 6656//5628 6650//7199 6651//7201
f 6649//7200 6720//7248 6648//7198
f 6720//7248 6649//7200 6650//7199
f 6719//5627 6720//7248 6650//7199
f 6715//7196 6716//7205 6673//6797
f 6714//7214 6715//7196 6673//6797
f 6723//7249 6713//7247 6703//7243
f 6703//7243 6721//7235 6723//7249
f 6721//7235 6703//7243 6702//7242
f 6702//7242 6700//7240 6721//7235
f 6700//7240 6699//7237 6721//7235
f 6699//7237 6698//7239 6721//7235
f 6698//7239 6697//7232 6721//7235
f 6721//7235 6722//7236 6723//7249
f 6713//7247 6723//7249 6724//7250
f 6725//7197 6713//7247 6724//7250
f 6723//7249 6722//7236 6724//7250
f 6724//7250 6727//7234 6726//7251
f 6724//7250 6722//7236 6727//7234
f 6727//7234 6728//7233 6729//7252
f 6728//7233 6696//7229 6610//7161
f 6610//7161 6696//7229 6608//7159
f 6729//7252 6610//7161 6611//7162
f 6729//7252 6728//7233 6610//7161
f 6632//7176 6729//7252 6611//7162
f 6729//7252 6632//7176 6633//7181
f 6727//7234 6729//7252 6726//7251
f 6726//7251 6729//7252 6633//7181
f 6634//7180 6635//7182 6633//7181
f 6633//7181 6635//7182 6647//7195
f 6647//7195 6726//7251 6633//7181
f 6726//7251 6647//7195 6725//7197
f 6724//7250 6726//7251 6725//7197
f 6714//7214 6713//7247 6725//7197
f 6725//7197 6715//7196 6714//7214
f 6697//7232 6698//7239 6696//7229
f 6688//7223 6690//7224 6687//6803
f 6678//6800 6686//6802 6679//7219
f 6730//6801 6686//6802 6678//6800
f 6231//6785 6730//6801 6678//6800
f 6678//6800 6230//6786 6231//6785
f 6712//7213 6672//6796 6675//6793
f 6651//7201 6653//7202 6655//5567
f 6653//7202 6640//7189 6639//5626
f 6652//5568 6653//7202 6639//5626
f 6653//7202 6651//7201 6640//7189
f 6649//7200 6642//7193 6641//7190
f 6642//7193 6649//7200 6648//7198
f 6646//7194 6642//7193 6648//7198
f 6640//7189 6637//5625 6639//5626
f 6640//7189 6644//7191 6637//5625
f 6732//5621 6733//7187 6740//5622
f 6733//7187 6739//7253 6740//5622
f 6733//7187 6737//7254 6739//7253
f 6734//7186 6737//7254 6733//7187
f 6734//7186 6735//7184 6737//7254
f 6735//7184 6630//7179 6737//7254
f 6736//5624 6733//7187 6732//5621
f 6636//7188 6733//7187 6736//5624
f 6738//7255 6737//7254 6630//7179
f 6738//7255 6739//7253 6737//7254
f 6740//5622 6770//7256 5093//5569
f 6770//7256 6741//5620 5093//5569
f 6770//7256 6769//7257 6741//5620
f 6741//5620 6769//7257 6742//5619
f 6769//7257 6767//7258 6742//5619
f 6742//5619 6743//5618 5091//5575
f 6742//5619 6767//7258 6743//5618
f 6743//5618 6744//7259 6745//7260
f 6745//7260 6744//7259 6768//7261
f 6748//7108 6745//7260 6768//7261
f 6746//7107 6745//7260 6748//7108
f 5090//5617 6746//7107 6747//5593
f 5090//5617 6745//7260 6746//7107
f 6768//7261 6561//7106 6748//7108
f 6749//7262 6759//7263 6750//7264
f 6749//7262 6750//7264 6768//7261
f 6768//7261 6750//7264 6561//7106
f 6751//7265 6562//7109 6750//7264
f 6750//7264 6562//7109 6561//7106
f 6759//7263 6752//7266 6751//7265
f 6750//7264 6759//7263 6751//7265
f 6752//7266 6760//7267 6753//7116
f 6754//7268 6753//7116 6760//7267
f 6754//7268 6755//7269 6756//7122
f 6756//7122 6755//7269 6757//7168
f 6757//7168 6755//7269 6758//7270
f 6757//7168 6758//7270 6624//7169
f 6761//7271 6758//7270 6759//7263
f 6762//7171 6758//7270 6761//7271
f 6760//7267 6759//7263 6758//7270
f 6762//7171 6624//7169 6758//7270
f 6762//7171 6761//7271 6779//7272
f 6779//7272 6776//7273 6762//7171
f 6779//7272 6761//7271 6763//7274
f 6765//7275 6779//7272 6763//7274
f 6764//7276 6765//7275 6763//7274
f 6765//7275 6764//7276 6766//7277
f 6767//7258 6766//7277 6764//7276
f 6767//7258 6764//7276 6743//5618
f 6743//5618 6764//7276 6744//7259
f 6764//7276 6768//7261 6744//7259
f 6768//7261 6764//7276 6763//7274
f 6763//7274 6749//7262 6768//7261
f 6763//7274 6761//7271 6749//7262
f 6766//7277 6767//7258 6769//7257
f 6771//7278 6766//7277 6769//7257
f 6771//7278 6769//7257 6770//7256
f 6740//5622 6771//7278 6770//7256
f 6739//7253 6772//7279 6771//7278
f 6740//5622 6739//7253 6771//7278
f 6738//7255 6772//7279 6739//7253
f 6772//7279 6738//7255 6765//7275
f 6738//7255 6773//7280 6765//7275
f 6738//7255 6774//7281 6773//7280
f 6630//7179 6774//7281 6738//7255
f 6774//7281 6629//7178 6775//7175
f 6774//7281 6630//7179 6629//7178
f 6775//7175 6629//7178 6632//7176
f 6777//7282 6775//7175 6627//7174
f 6774//7281 6775//7175 6776//7273
f 6775//7175 6777//7282 6776//7273
f 6777//7282 6627//7174 6628//7173
f 6778//7172 6777//7282 6628//7173
f 6776//7273 6777//7282 6778//7172
f 6776//7273 6778//7172 6625//7170
f 6779//7272 6773//7280 6776//7273
f 6773//7280 6774//7281 6776//7273
f 6779//7272 6765//7275 6773//7280
f 6628//7173 6626//7165 6778//7172
f 6765//7275 6766//7277 6772//7279
f 6772//7279 6766//7277 6771//7278
f 6762//7171 6776//7273 6625//7170
f 6760//7267 6752//7266 6759//7263
f 6755//7269 6754//7268 6760//7267
f 6758//7270 6755//7269 6760//7267
f 6749//7262 6761//7271 6759//7263
f 6757//7168 6620//7167 6780//7124
f 6780//7124 6620//7167 6583//7125
f 6620//7167 6619//7129 6583//7125
f 6756//7122 6757//7168 6780//7124
f 6756//7122 6581//6888 6577//7123
f 6581//6888 6756//7122 6780//7124
f 6754//7268 6756//7122 6753//7116
f 6752//7266 6753//7116 6781//7112
f 6781//7112 6751//7265 6752//7266
f 6782//7110 6751//7265 6781//7112
f 6751//7265 6782//7110 6562//7109
f 6743//5618 6745//7260 5090//5617
f 6634//7180 6630//7179 6735//7184
f 6613//7145 6615//7164 6612//7163
f 6602//7155 6305//6805 6783//6871
f 6784//6872 6601//7153 6783//6871
f 6601//7153 6590//7132 6598//7150
f 6590//7132 6591//7133 6598//7150
f 6784//6872 6589//7283 6601//7153
f 6589//7283 6590//7132 6601//7153
f 6785//7284 6589//7283 6784//6872
f 6307//6873 6785//7284 6784//6872
f 6307//6873 6786//6884 6785//7284
f 6318//6882 6786//6884 6307//6873
f 6308//6874 6318//6882 6307//6873
f 6588//7131 6590//7132 6786//6884
f 6585//7128 6586//7127 6588//7131
f 6786//6884 6585//7128 6588//7131
f 6585//7128 6786//6884 6787//7285
f 6787//7285 6786//6884 6320//6885
f 6787//7285 6582//6887 6584//7126
f 6787//7285 6320//6885 6321//6886
f 6787//7285 6321//6886 6582//6887
f 6584//7126 6585//7128 6787//7285
f 6786//6884 6590//7132 6589//7283
f 6785//7284 6786//6884 6589//7283
f 6570//7045 6572//7043 6474//7036
f 6572//7043 6469//7040 6474//7036
f 6565//7113 6566//7114 6476//7048
f 6565//7113 6476//7048 6564//7100
f 6556//7105 6564//7100 6552//7101
f 6476//7048 6477//7051 6564//7100
f 6550//7098 6551//7099 6789//7286
f 6551//7099 6479//7053 6789//7286
f 6788//7096 6550//7098 6789//7286
f 6789//7286 6485//7058 6790//7287
f 6479//7053 6485//7058 6789//7286
f 6545//7095 6790//7287 6791//7094
f 6792//7288 6791//7094 6790//7287
f 6792//7288 6793//7289 6791//7094
f 6791//7094 6793//7289 6794//7290
f 6543//7092 6791//7094 6794//7290
f 6543//7092 6794//7290 6542//7093
f 5081//5607 6542//7093 6798//7090
f 6540//5532 6797//7091 6795//5604
f 6539//5605 6795//5604 6526//7086
f 6795//5604 6797//7091 6796//7291
f 6795//5604 6796//7291 6526//7086
f 6796//7291 6524//7084 6526//7086
f 6796//7291 6799//7292 6524//7084
f 6798//7090 6796//7291 6797//7091
f 6798//7090 6799//7292 6796//7291
f 6800//7293 6799//7292 6798//7090
f 6794//7290 6803//7294 6800//7293
f 6542//7093 6794//7290 6800//7293
f 6542//7093 6800//7293 6798//7090
f 6801//7079 6512//7078 6799//7292
f 6803//7294 6801//7079 6799//7292
f 6512//7078 6525//7083 6799//7292
f 6799//7292 6525//7083 6524//7084
f 6512//7078 6513//7077 6525//7083
f 6522//6991 6513//7077 6514//6993
f 6525//7083 6513//7077 6522//6991
f 6800//7293 6803//7294 6799//7292
f 6803//7294 6802//7070 6801//7079
f 6805//7295 6802//7070 6803//7294
f 6804//7071 6805//7295 6806//7296
f 6502//7067 6804//7071 6806//7296
f 6792//7288 6806//7296 6805//7295
f 6806//7296 6792//7288 6808//7297
f 6808//7297 6502//7067 6806//7296
f 6807//7065 6502//7067 6808//7297
f 6485//7058 6808//7297 6792//7288
f 6808//7297 6485//7058 6482//7055
f 6808//7297 6482//7055 6807//7065
f 6792//7288 6790//7287 6485//7058
f 6807//7065 6499//7066 6502//7067
f 6793//7289 6792//7288 6805//7295
f 6506//7069 6804//7071 6502//7067
f 6804//7071 6802//7070 6805//7295
f 6805//7295 6803//7294 6793//7289
f 6793//7289 6803//7294 6794//7290
f 6511//7076 6801//7079 6802//7070
f 6545//7095 6788//7096 6790//7287
f 6790//7287 6788//7096 6789//7286
f 6477//7051 6479//7053 6551//7099
f 6508//7073 6505//7068 6448//7016
f 6505//7068 6504//7018 6448//7016
f 6482//7055 6483//7057 6807//7065
f 6476//7048 6475//7046 6478//7050
f 6451//6937 6455//7025 6369//6934
f 6455//7025 6451//6937 6454//7019
f 6445//7015 6446//7014 6442//7011
f 6441//7012 6450//6938 6809//6940
f 6810//6941 6441//7012 6809//6940
f 6441//7012 6810//6941 6372//6942
f 6443//7010 6439//6945 6436//6947
f 6444//7008 6443//7010 6435//6952
f 6432//7001 6428//6960 6426//6999
f 6833//6961 6811//7298 6834//7299
f 6833//6961 6812//6962 6811//7298
f 6390//6958 6811//7298 6812//6962
f 6813//6963 6811//7298 6390//6958
f 6818//7300 6811//7298 6813//6963
f 6814//5410 6818//7300 6813//6963
f 6817//6964 6818//7300 6815//5412
f 6815//5412 6818//7300 6814//5410
f 6819//7301 6816//6965 6395//6966
f 6817//6964 6816//6965 6819//7301
f 6819//7301 6820//7302 6817//6964
f 6836//7303 6834//7299 6818//7300
f 6836//7303 6818//7300 6820//7302
f 6834//7299 6811//7298 6818//7300
f 6819//7301 6836//7303 6820//7302
f 6837//7304 6836//7303 6821//7305
f 6836//7303 6819//7301 6821//7305
f 6837//7304 6821//7305 6827//7306
f 6826//7307 6823//6967 6824//7308
f 6823//6967 6826//7307 6396//5413
f 6823//6967 6822//6969 6824//7308
f 6417//6984 6824//7308 6822//6969
f 6417//6984 6825//7309 6824//7308
f 6825//7309 6826//7307 6824//7308
f 6827//7306 6826//7307 6825//7309
f 6828//7310 6827//7306 6825//7309
f 6422//6988 6827//7306 6828//7310
f 6421//6989 6422//6988 6828//7310
f 6423//6990 6830//6996 6422//6988
f 6422//6988 6830//6996 6829//7311
f 6830//6996 6831//6998 6829//7311
f 6829//7311 6831//6998 6835//7312
f 6831//6998 6427//7000 6835//7312
f 6835//7312 6427//7000 6832//7313
f 6427//7000 6833//6961 6832//7313
f 6834//7299 6832//7313 6833//6961
f 6832//7313 6834//7299 6835//7312
f 6422//6988 6829//7311 6837//7304
f 6829//7311 6836//7303 6837//7304
f 6829//7311 6835//7312 6836//7303
f 6836//7303 6835//7312 6834//7299
f 6422//6988 6837//7304 6827//7306
f 6828//7310 6420//6986 6421//6989
f 6828//7310 6419//6985 6420//6986
f 6419//6985 6828//7310 6825//7309
f 6827//7306 6821//7305 6826//7307
f 6419//6985 6825//7309 6417//6984
f 6822//6969 6410//6970 6398//6972
f 6417//6984 6822//6969 6398//6972
f 6821//7305 6396//5413 6826//7307
f 6821//7305 6819//7301 6395//6966
f 6821//7305 6395//6966 6396//5413
f 6817//6964 6820//7302 6818//7300
f 6833//6961 6427//7000 6428//6960
f 6421//6989 6420//6986 6523//6992
f 6430//6955 6383//6954 6429//6956
f 5608//6180 5605//5368 6377//6181
f 6439//6945 6375//6944 6374//6946
f 6439//6945 6440//6943 6375//6944
f 6373//6182 6377//6181 6375//6944
f 6366//6929 6365//6183 6373//6182
f 6358//6912 6359//6926 6367//6930
f 6357//6913 6356//6922 6354//6914
f 6350//6917 6353//6916 6351//6919
f 6335//6898 6466//6918 6467//6904
f 6323//6890 6325//6892 6330//6895
f 6315//6876 6838//6877 6313//6879
f 6315//6876 6313//6879 6314//6878
f 6313//6879 6838//6877 6312//6865
f 6303//6810 6308//6874 6306//6870
f 6295//6824 6293//6825 6294//6863
f 6291//6827 6287//6860 6286//6859
f 6286//6859 6287//6860 6288//6842
f 6286//6859 6288//6842 6285//6856
f 6282//6844 6276//6847 6281//6851
f 6276//6847 6277//6397 6340//6849
f 5811//6392 6277//6397 5813//6394
f 6275//6846 6274//6398 6277//6397
f 6267//6837 6270//6840 6266//6839
f 6266//6839 6270//6840 6271//6841
f 6289//6838 6290//6829 6264//6834
f 6257//6831 6258//6832 6290//6829
f 5831//6408 5830//6406 6259//6409
f 6256//6830 6839//6413 6257//6831
f 6840//6417 6839//6413 6256//6830
f 6246//6419 6840//6417 6843//7314
f 6842//6819 6248//6817 6247//6815
f 6246//6419 6842//6819 6247//6815
f 6246//6419 6843//7314 6842//6819
f 6842//6819 6843//7314 6256//6830
f 6840//6417 6256//6830 6843//7314
f 6842//6819 6256//6830 6255//6820
f 6244//6444 5868//6439 6245//6423
f 6212//6780 6237//6806 6235//6782
f 6676//6792 6226//6791 6677//6799
f 6220//6762 6218//6790 6221//6763
f 6196//6766 6216//6769 6218//6790
f 6211//6450 6209//6778 5873//6453
f 6203//6468 6210//6779 6214//6470
f 6203//6468 6209//6778 6210//6779
f 6209//6778 6203//6468 6204//6775
f 5873//6453 6204//6775 6208//6777
f 6207//6456 5874//6454 6208//6777
f 6199//6471 6202//6469 6201//6771
f 6189//6748 6177//6749 6175//6740
f 6189//6748 6175//6740 6174//6745
f 6180//6735 6186//6751 6184//6752
f 6168//6741 6171//6743 6175//6740
f 5112//5657 6153//6727 5111//5655
f 6153//6727 5112//5657 5113//5659
f 6150//6725 6152//6726 5113//5659
f 6152//6726 6153//6727 5113//5659
f 6154//6722 6157//6728 5111//5655
f 6154//6722 6151//6723 6141//6721
f 5113//5659 6974//5658 6150//6725
f 6974//5658 6149//5660 6150//6725
f 6139//5663 6150//6725 6149//5660
f 6150//6725 6139//5663 6148//6720
f 6144//6707 6118//6633 6146//6706
f 5115//5664 6124//6712 5114//5662
f 6144//6707 6145//6708 6119//6630
f 6092//6672 6178//6695 6106//6683
f 6103//6691 6102//6687 6105//6686
f 6078//6659 6095//6685 6097//6666
f 6095//6685 6078//6659 6094//6668
f 6094//6668 6078//6659 6080//6667
f 6080//6667 6079//6662 6081//6670
f 6075//6642 6053//6612 6072//6643
f 6061//6649 6065//6653 6066//6650
f 6058//6484 6057//6646 6056//6483
f 6054//6613 5914//6498 6845//6497
f 6846//6500 5914//6498 6054//6613
f 6054//6613 6023//6605 6846//6500
f 6845//6497 6055//6496 6054//6613
f 6045//6631 6046//6634 6044//6620
f 6043//6619 6847//6592 6031//6616
f 6017//6602 6857//6514 6018//6515
f 6849//7315 6017//6602 6015//6601
f 6849//7315 6848//7316 6017//6602
f 6849//7315 6854//7317 6848//7316
f 6849//7315 6012//6597 6854//7317
f 6012//6597 6849//7315 6013//6598
f 6013//6598 6849//7315 6015//6601
f 6012//6597 6010//6594 6854//7317
f 6854//7317 6010//6594 6850//7318
f 6850//7318 6010//6594 6009//6595
f 6851//7319 6850//7318 6009//6595
f 6851//7319 6855//7320 6850//7318
f 6864//7321 6855//7320 6851//7319
f 6852//7322 6855//7320 6864//7321
f 6852//7322 6853//7323 6855//7320
f 6852//7322 5946//6523 6853//7323
f 6855//7320 6853//7323 6854//7317
f 6855//7320 6854//7317 6850//7318
f 6854//7317 6853//7323 6856//7324
f 6854//7317 6856//7324 6848//7316
f 6853//7323 5946//6523 6856//7324
f 6856//7324 5946//6523 6857//6514
f 6848//7316 6856//7324 6017//6602
f 6856//7324 6857//6514 6017//6602
f 6852//7322 6858//6556 5947//6525
f 5946//6523 6852//7322 5947//6525
f 6860//6557 6858//6556 6859//7325
f 6861//6559 6860//6557 6859//7325
f 6861//6559 5979//6558 6860//6557
f 6862//7326 6861//6559 6859//7325
f 6862//7326 6859//7325 6864//7321
f 6865//7327 6862//7326 6863//7328
f 6866//7329 6862//7326 6865//7327
f 6007//6590 6865//7327 6008//6593
f 6008//6593 6865//7327 6863//7328
f 6009//6595 6008//6593 6863//7328
f 6863//7328 6851//7319 6009//6595
f 6864//7321 6851//7319 6863//7328
f 6863//7328 6862//7326 6864//7321
f 6006//6588 6866//7329 6865//7327
f 6006//6588 6865//7327 6007//6590
f 6866//7329 6006//6588 6004//6587
f 6867//6560 6866//7329 6004//6587
f 6005//6562 6867//6560 6004//6587
f 6861//6559 6866//7329 6867//6560
f 6862//7326 6866//7329 6861//6559
f 6859//7325 6858//6556 6864//7321
f 6858//6556 6852//7322 6864//7321
f 5996//6577 5995//6564 6003//6585
f 6001//6578 5996//6577 6003//6585
f 5998//6580 6133//6573 5993//6574
f 5980//6561 5983//6554 5979//6558
f 5983//6554 5977//6528 5978//6555
f 5976//6532 5975//6538 5961//6534
f 5957//6533 5976//6532 5961//6534
f 5945//6524 5952//5700 6868//5709
f 6868//5709 5952//5700 6869//5701
f 5907//6489 5937//6492 5906//6488
f 5711//6290 5898//6076 5715//6289
f 5882//6300 5890//6463 5891//6298
f 5714//6297 5882//6300 5891//6298
f 5887//6467 5888//6466 5878//6460
f 6206//6458 5887//6467 5878//6460
f 5877//6459 6871//6433 5875//6455
f 5875//6455 6871//6433 5863//6440
f 5863//6440 6871//6433 5862//6437
f 6871//6433 6872//6432 5862//6437
f 5863//6440 5862//6437 5868//6439
f 5874//6454 5863//6440 5864//6442
f 5874//6454 5864//6442 5871//6449
f 5871//6449 5864//6442 5869//6443
f 5870//6447 5872//6451 5871//6449
f 5862//6437 6872//6432 5861//6435
f 5850//6425 5846//6422 5867//6436
f 5858//6434 6872//6432 5857//6302
f 5848//6426 5726//6312 5849//6424
f 5844//6416 5847//6421 5841//6313
f 5847//6421 5844//6416 6841//6418
f 5849//6424 5726//6312 5841//6313
f 5727//6311 5842//6415 5841//6313
f 5727//6311 5838//6314 5842//6415
f 5833//6325 5832//6410 5840//6412
f 5834//6318 5833//6325 5839//6411
f 5839//6411 5835//6322 5834//6318
f 5836//6315 5734//6316 5835//6322
f 5754//6337 5831//6408 5832//6410
f 5754//6337 6873//6338 5831//6408
f 5831//6408 6873//6338 6262//6405
f 6873//6338 5825//6339 6262//6405
f 5825//6339 5829//6350 5824//6402
f 5823//6379 6272//6401 6269//6403
f 5801//6377 5820//6381 5822//6378
f 5808//6387 5814//6386 5806//6384
f 6874//6388 5814//6386 5808//6387
f 5812//6393 5814//6386 6874//6388
f 6874//6388 6280//6390 5812//6393
f 5812//6393 5811//6392 5813//6394
f 5801//6377 5767//6352 5802//6375
f 5799//6376 5766//6351 5767//6352
f 5788//6368 5789//6369 5790//6367
f 5776//6217 5779//6215 5795//6360
f 5770//6223 5639//6220 5772//6357
f 5739//6323 5834//6318 5737//6321
f 5738//6319 6875//6317 5737//6321
f 5733//6262 5690//6263 6875//6317
f 5731//6305 5734//6316 5836//6315
f 5725//6309 5728//6310 5727//6311
f 5697//6081 5718//6271 5717//6278
f 5710//6078 5706//6284 5708//6286
f 5510//6080 5705//6077 6876//6079
f 6877//6261 5689//6260 5690//6263
f 5657//6242 5736//6241 5735//6243
f 5655//6240 5656//6239 5657//6242
f 5652//6110 5653//6237 5538//5917
f 6878//6234 5652//6110 5648//6124
f 5652//6110 5549//6122 5648//6124
f 5652//6110 5537//5914 5551//6123
f 5549//6122 5652//6110 5551//6123
f 6878//6234 5648//6124 5650//6230
f 5758//6342 5647//6228 5759//6225
f 5643//6127 6879//6128 5642//6222
f 5642//6222 6879//6128 5559//6135
f 6879//6128 5558//6130 5559//6135
f 5640//6221 5638//6136 5639//6220
f 5785//6209 5781//6212 5632//6210
f 5784//6206 5631//6148 5626//6205
f 5620//6201 5618//6198 5787//6197
f 5617//6159 5628//6158 6880//6156
f 5617//6159 5618//6198 5628//6158
f 6885//7330 6883//6165 5592//6167
f 6883//6165 6884//6196 6882//6163
f 6883//6165 6885//7330 6884//6196
f 6887//6193 6885//7330 6888//7331
f 6885//7330 6886//6170 6888//7331
f 6888//7331 6886//6170 6890//7332
f 5607//6177 6890//7332 6886//6170
f 6885//7330 6887//6193 5615//6192
f 6887//6193 6888//7331 6889//6191
f 6890//7332 6889//6191 6888//7331
f 5613//6188 6889//6191 6890//7332
f 5611//6185 5613//6188 6890//7332
f 5613//6188 5611//6185 5610//6184
f 6890//7332 5607//6177 5611//6185
f 5592//6167 6886//6170 6885//7330
f 6886//6170 5602//6168 5607//6177
f 5615//6192 6884//6196 6885//7330
f 6882//6163 5617//6159 6881//6160
f 5614//6190 5809//6194 5615//6192
f 5607//6177 5609//6178 5611//6185
f 5603//6176 5601//6175 5604//5369
f 5604//5369 5601//6175 4844//5365
f 5600//6171 6891//6172 5601//6175
f 5601//6175 6891//6172 5599//5361
f 5589//6161 4834//5357 5595//5358
f 4808//5328 5579//6150 5576//5327
f 5579//6150 5578//6147 5576//5327
f 5577//6146 5574//6145 5578//6147
f 5575//5326 5572//6143 5571//5325
f 5567//6142 5565//5899 5339//5898
f 5567//6142 5634//6138 5566//6139
f 5566//6139 5565//5899 5567//6142
f 5565//5899 5564//6140 6892//5900
f 6894//7333 6893//5901 6892//5900
f 5556//6131 6894//7333 6892//5900
f 5556//6131 6892//5900 5564//6140
f 6895//5903 6893//5901 6894//7333
f 6895//5903 5341//5902 6893//5901
f 6894//7333 6896//5904 6895//5903
f 5557//6116 6896//5904 6894//7333
f 5545//6117 5557//6116 5555//6129
f 5544//6115 5543//5907 5557//6116
f 5557//6116 5543//5907 6896//5904
f 5543//5907 5343//5905 6896//5904
f 5557//6116 6894//7333 5556//6131
f 5564//6140 5563//6133 5556//6131
f 5554//6118 5545//6117 5555//6129
f 5550//6112 5541//5909 5540//6113
f 5550//6112 5539//5913 5348//5911
f 5673//5921 5538//5917 5653//6237
f 5533//6102 5356//5925 5534//6105
f 5535//6104 5352//5918 5536//5920
f 5534//6105 5354//5923 5353//5922
f 5354//5923 5534//6105 5356//5925
f 5507//6066 5506//6072 6897//6065
f 5502//6071 5506//6072 5505//6075
f 5503//6054 6897//6065 5506//6072
f 5941//6068 5500//6053 5501//6067
f 5490//6046 5496//6055 5497//6063
f 5485//6045 5482//6044 5483//6026
f 5481//6039 5475//6035 5482//6044
f 5482//6044 5475//6035 5471//6034
f 6898//7334 5469//6032 5473//5981
f 5417//5980 6898//7334 5473//5981
f 6898//7334 5419//5982 6899//7335
f 6899//7335 5419//5982 6902//7336
f 5419//5982 6900//7337 6902//7336
f 5419//5982 5418//5983 6900//7337
f 6900//7337 5418//5983 6901//7338
f 5418//5983 5437//5998 6901//7338
f 6900//7337 5439//5999 6902//7336
f 6900//7337 6901//7338 5439//5999
f 5439//5999 6901//7338 5437//5998
f 6902//7336 5439//5999 6903//6029
f 5466//6002 6903//6029 5439//5999
f 6903//6029 5468//6031 6902//7336
f 5468//6031 6899//7335 6902//7336
f 5469//6032 6899//7335 5468//6031
f 5467//6028 5468//6031 6903//6029
f 5469//6032 6898//7334 6899//7335
f 6898//7334 5417//5980 5419//5982
f 5473//5981 5469//6032 5472//6033
f 5445//6006 5491//6021 5465//6004
f 5453//6014 5519//6010 5678//6089
f 5434//5994 5446//5995 5444//6005
f 5443//5997 5434//5994 5444//6005
f 5441//6000 5438//5993 5442//5996
f 5438//5993 5436//5985 5435//5987
f 5420//5964 5389//5957 5422//5958
f 5413//5969 5394//5967 5414//5977
f 5411//5975 5404//5972 5412//5973
f 5404//5972 5411//5975 5406//5974
f 5386//5956 6904//5793 5385//5953
f 6904//5793 5383//5795 5385//5953
f 6904//5793 5223//5791 5383//5795
f 5380//5800 5228//5799 6905//7339
f 5378//5947 5380//5800 6905//7339
f 6909//7340 6905//7339 6906//5804
f 6905//7339 6907//5802 6906//5804
f 5228//5799 5229//5801 6905//7339
f 6905//7339 5229//5801 6907//5802
f 6908//5805 5375//5941 6906//5804
f 5375//5941 6909//7340 6906//5804
f 5375//5941 5376//5945 6909//7340
f 6909//7340 5376//5945 5378//5947
f 6905//7339 6909//7340 5378//5947
f 5375//5941 6908//5805 5372//5940
f 5372//5940 6908//5805 6910//5807
f 5371//5938 5372//5940 5233//5809
f 5372//5940 6910//5807 5233//5809
f 5370//5935 5233//5809 5369//5811
f 5370//5935 5369//5811 5367//5812
f 5359//5927 5246//5821 6911//5823
f 5358//5825 5359//5927 6911//5823
f 5355//5826 5248//5824 6912//7341
f 6912//7341 5248//5824 6913//7342
f 5248//5824 5249//5188 6913//7342
f 6913//7342 5249//5188 6914//5828
f 6914//5828 6917//7343 6913//7342
f 6916//5827 6915//5832 6914//5828
f 6917//7343 6914//5828 6915//5832
f 6915//5832 6919//5833 6917//7343
f 6917//7343 6918//5855 6913//7342
f 6917//7343 6919//5833 6918//5855
f 5280//5837 6918//5855 6919//5833
f 6918//5855 6920//5856 6922//7344
f 6920//5856 6921//7345 6922//7344
f 6921//7345 6913//7342 6922//7344
f 6912//7341 6913//7342 6921//7345
f 5355//5826 5350//5919 5353//5922
f 5355//5826 6912//7341 5350//5919
f 6921//7345 6924//7346 5350//5919
f 6912//7341 6921//7345 5350//5919
f 6921//7345 6923//7347 6924//7346
f 6924//7346 6925//7348 5349//5916
f 6925//7348 6924//7346 6923//7347
f 6925//7348 6926//7349 6932//7350
f 6927//7351 6926//7349 6925//7348
f 6925//7348 6923//7347 6927//7351
f 6923//7347 5286//5862 6927//7351
f 6923//7347 6928//5861 5286//5862
f 6921//7345 6920//5856 6928//5861
f 6928//5861 6923//7347 6921//7345
f 6927//7351 5286//5862 6929//5866
f 5286//5862 5287//5863 6929//5866
f 5287//5863 5293//5251 6929//5866
f 6930//7352 6927//7351 6929//5866
f 6927//7351 6930//7352 6931//5870
f 6926//7349 6927//7351 6931//5870
f 5347//5912 6932//7350 6931//5870
f 5346//5910 5347//5912 6931//5870
f 6926//7349 6931//5870 6932//7350
f 6932//7350 5347//5912 5349//5916
f 6925//7348 6932//7350 5349//5916
f 5349//5916 5347//5912 5348//5911
f 6930//7352 6929//5866 5294//5865
f 6931//5870 6930//7352 5294//5865
f 5350//5919 6924//7346 5351//5915
f 6924//7346 5349//5916 5351//5915
f 5353//5922 5350//5919 5352//5918
f 6922//7344 6913//7342 6918//5855
f 5354//5923 5358//5825 5355//5826
f 5344//5906 5345//5869 5342//5872
f 5341//5902 5342//5872 5299//5874
f 6893//5901 5340//5893 6933//5895
f 5334//5894 5337//5896 6933//5895
f 5342//5872 5345//5869 5297//5871
f 4740//5244 6934//5245 5291//5243
f 5291//5243 6934//5245 4742//5247
f 4742//5247 4743//5246 5291//5243
f 6920//5856 5282//5857 5284//5858
f 5277//5838 5257//5839 6935//5841
f 5277//5838 6935//5841 5275//5851
f 5275//5851 6935//5841 5266//5846
f 5267//5845 6936//5847 5266//5846
f 5267//5845 5269//5201 6936//5847
f 5266//5846 6936//5847 6937//5848
f 6937//5848 5274//5850 5266//5846
f 5274//5850 5273//5849 4738//5240
f 4736//5211 4738//5240 5273//5849
f 4736//5211 4708//5213 4734//5237
f 4734//5237 4737//5239 4736//5211
f 4708//5213 4736//5211 4705//5209
f 4738//5240 4739//5242 5274//5850
f 5273//5849 5272//5210 4736//5211
f 4698//5196 4699//5129 5270//5200
f 4678//5150 4679//5148 5244//5177
f 5244//5177 4679//5148 5245//5179
f 4674//5175 4675//5154 4677//5176
f 5234//5810 5237//5165 5238//5170
f 5235//5803 4667//5167 5236//5169
f 5214//5787 6938//5779 6939//5783
f 5211//5782 6939//5783 6938//5779
f 5214//5787 5203//5775 6938//5779
f 5203//5775 5214//5787 5216//5774
f 5206//5778 5211//5782 6938//5779
f 5211//5782 5209//5096 5210//5098
f 5205//5777 6940//5094 5208//5095
f 5205//5777 4610//4827 6940//5094
f 5204//5093 4610//4827 5205//5777
f 5205//5777 5208//5095 5206//5778
f 5181//5747 5184//5080 5180//5744
f 5180//5744 5184//5080 5188//5753
f 5184//5080 5186//5749 5188//5753
f 5185//5750 4593//5072 4595//5081
f 6941//7353 6942//7354 5182//5746
f 6941//7353 4572//5061 6942//7354
f 4572//5061 4589//5077 6942//7354
f 6943//5078 5182//5746 6942//7354
f 4589//5077 6943//5078 6942//7354
f 4589//5077 4591//5075 6943//5078
f 5183//5079 5182//5746 6943//5078
f 6944//5748 6941//7353 5182//5746
f 6941//7353 6944//5748 4572//5061
f 6944//5748 4570//5058 4572//5061
f 4570//5058 6944//5748 6946//5059
f 6944//5748 6945//7355 6946//5059
f 6944//5748 5180//5744 6945//7355
f 5180//5744 5179//5741 6945//7355
f 5179//5741 6949//7356 6945//7355
f 6950//5049 6945//7355 6949//7356
f 4564//5048 6946//5059 6950//5049
f 6950//5049 6946//5059 6945//7355
f 4564//5048 4565//5051 6946//5059
f 4565//5051 4569//5056 6946//5059
f 6950//5049 6949//7356 6948//7357
f 4558//5045 6950//5049 6948//7357
f 6947//7358 4558//5045 6948//7357
f 4557//5047 4558//5045 6947//7358
f 4556//5044 6947//7358 5175//5739
f 4557//5047 6947//7358 4556//5044
f 4556//5044 5175//5739 4555//5043
f 6947//7358 5176//5738 5175//5739
f 6947//7358 6948//7357 5176//5738
f 5177//5740 6949//7356 5179//5741
f 6948//7357 6949//7356 5177//5740
f 5176//5738 6948//7357 5177//5740
f 4555//5043 5175//5739 5158//5717
f 4553//5041 4555//5043 5158//5717
f 5158//5717 5155//5040 4553//5041
f 5175//5739 5159//5718 5158//5717
f 4570//5058 4567//5055 4572//5061
f 5144//5696 6952//5027 5145//5697
f 4540//5023 6952//5027 5144//5696
f 5141//5691 4540//5023 5144//5696
f 6954//7359 6953//5025 5139//5690
f 6954//7359 6955//5024 6953//5025
f 5139//5690 6953//5025 5141//5691
f 4539//5021 6955//5024 6957//7360
f 6957//7360 6955//5024 6956//5016
f 6956//5016 4535//5015 6957//7360
f 4539//5021 6957//7360 6958//5019
f 6957//7360 4536//5018 6958//5019
f 4535//5015 4536//5018 6957//7360
f 6956//5016 6955//5024 6954//7359
f 6959//5017 6956//5016 6954//7359
f 6960//7361 6959//5017 6954//7359
f 6959//5017 6960//7361 4534//5013
f 6960//7361 6961//5012 4534//5013
f 6961//5012 6960//7361 5139//5690
f 6961//5012 5139//5690 5138//5687
f 6954//7359 5139//5690 6960//7361
f 6962//7362 6961//5012 5138//5687
f 6961//5012 6962//7362 4528//5010
f 6962//7362 4527//5009 4528//5010
f 4529//4914 4530//4907 4528//5010
f 4527//5009 6962//7362 5138//5687
f 4525//5008 4527//5009 5138//5687
f 5139//5690 5141//5691 5140//5688
f 5141//5691 6953//5025 4540//5023
f 5141//5691 5144//5696 5142//5692
f 5143//5694 5142//5692 5144//5696
f 5145//5697 6952//5027 5147//5703
f 5145//5697 5146//5699 5951//5698
f 5145//5697 5147//5703 5146//5699
f 5130//4994 5132//5682 5131//5681
f 4513//4996 5129//4998 4509//4993
f 5127//5679 5121//4989 4506//4991
f 5127//5679 5126//5673 5121//4989
f 5126//5673 5124//5676 6127//5675
f 5119//5672 6968//5671 6963//4985
f 6968//5671 4501//4981 6963//4985
f 4498//4976 6963//4985 4501//4981
f 5117//5668 6972//7363 6964//5670
f 5117//5668 6967//5667 6972//7363
f 6964//5670 6972//7363 6970//7364
f 6964//5670 6970//7364 6968//5671
f 5115//5664 6973//7365 6965//5666
f 5115//5664 6966//5661 6973//7365
f 6965//5666 6973//7365 6967//5667
f 6970//7364 6969//4983 6968//5671
f 6969//4983 6971//7366 5//5555
f 6971//7366 6982//5564 5//5555
f 6971//7366 6980//7367 6982//5564
f 6970//7364 6980//7367 6971//7366
f 6979//7368 6980//7367 6970//7364
f 6969//4983 6970//7364 6971//7366
f 6972//7363 6979//7368 6970//7364
f 6967//5667 6979//7368 6972//7363
f 6967//5667 6978//7369 6979//7368
f 6973//7365 6978//7369 6967//5667
f 6973//7365 6975//5656 6978//7369
f 6974//5658 6975//5656 6973//7365
f 6974//5658 6973//7365 6966//5661
f 6977//7370 6975//5656 6976//5654
f 6975//5656 6977//7370 6978//7369
f 6978//7369 6985//7371 6979//7368
f 6978//7369 6977//7370 6985//7371
f 6985//7371 6981//7372 6980//7367
f 6979//7368 6985//7371 6980//7367
f 6981//7372 4//8 6980//7367
f 6981//7372 6992//7373 4//8
f 6983//7374 6992//7373 6981//7372
f 6980//7367 4//8 6982//5564
f 6982//5564 4//8 5035//10
f 6983//7374 6990//7375 6992//7373
f 6984//7376 6990//7375 6983//7374
f 6990//7375 6984//7376 6991//7377
f 6977//7370 6983//7374 6985//7371
f 6977//7370 6984//7376 6983//7374
f 6985//7371 6983//7374 6981//7372
f 6984//7376 6976//5654 6987//7378
f 6976//5654 6984//7376 6977//7370
f 6976//5654 6986//5651 6987//7378
f 6986//5651 5106//5648 6987//7378
f 5106//5648 6986//5651 5107//5649
f 6987//7378 5106//5648 6991//7377
f 6991//7377 6984//7376 6987//7378
f 5106//5648 6988//5647 6991//7377
f 6988//5647 6989//5646 6997//5641
f 6988//5647 6997//5641 6991//7377
f 6991//7377 6993//7379 6990//7375
f 6991//7377 6997//5641 6993//7379
f 5100//5637 6993//7379 6997//5641
f 6990//7375 6993//7379 6992//7373
f 6992//7373 5036//7 4//8
f 6992//7373 6996//5 5036//7
f 6992//7373 6995//7380 6996//5
f 6993//7379 6995//7380 6992//7373
f 5100//5637 6994//5636 6993//7379
f 6994//5636 6995//7380 6993//7379
f 6995//7380 3//2 6996//5
f 6996//5 3//2 5038//4
f 2//3 3//2 5096//5631
f 5096//5631 3//2 6995//7380
f 5096//5631 6995//7380 6994//5636
f 5100//5637 6997//5641 5101//5638
f 6997//5641 6989//5646 5102//5640
f 6989//5646 5104//5642 5102//5640
f 6969//4983 5//5555 6//4982
f 6968//5671 6969//4983 4501//4981
f 1//1 6656//5628 6655//5567
f 5094//5562 6638//5623 6998//5561
f 6998//5561 6638//5623 5093//5569
f 6741//5620 5045//5570 5093//5569
f 5066//5578 5088//5616 5067//5547
f 5088//5616 6559//5595 6999//5579
f 6558//5615 6559//5595 5088//5616
f 6999//5579 6559//5595 5068//5592
f 6559//5595 5087//5613 5071//5597
f 6559//5595 5071//5597 5069//5594
f 5085//5600 5084//5609 5083//5602
f 5064//5580 5072//5596 5063//5586
f 5063//5586 5072//5596 5070//5591
f 5088//5616 6999//5579 5067//5547
f 5070//5591 5060//5585 5063//5586
f 5008//5486 5050//5574 5067//5547
f 5003//5539 5005//5543 5065//5546
f 5078//5529 6538//5531 4990//5523
f 4990//5523 6538//5531 4991//5521
f 4982//5520 6537//5526 4992//5518
f 4991//5521 6538//5531 6537//5526
f 7000//5446 4918//5443 7005//5447
f 4965//5503 5000//5502 4962//5491
f 4966//5494 4967//5497 4960//5495
f 4947//4586 4952//5490 4953//5458
f 4932//5460 5012//5489 4950//4585
f 4944//5467 4942//5478 5011//5482
f 4939//5469 4940//5471 4941//5466
f 4940//5471 4942//5478 4941//5466
f 4927//4591 4947//4586 4953//5458
f 4118//4599 7000//5446 4978//4600
f 7003//5445 7002//5517 4908//5426
f 7003//5445 4908//5426 7004//4488
f 7005//5447 7008//7381 7002//5517
f 4918//5443 7008//7381 7005//5447
f 4918//5443 7006//5444 4906//5428
f 4918//5443 4906//5428 7008//7381
f 7006//5444 7007//7382 4906//5428
f 4917//5442 6527//5440 7007//7382
f 6527//5440 4915//5430 7007//7382
f 7007//7382 4915//5430 4906//5428
f 4916//5441 6529//5528 6527//5440
f 4917//5442 7007//7382 7006//5444
f 4906//5428 4913//5427 7008//7381
f 7008//7381 4907//5432 7002//5517
f 7002//5517 4907//5432 4908//5426
f 7008//7381 4913//5427 4907//5432
f 7009//5423 4900//5420 7010//7383
f 4900//5420 4901//5418 7010//7383
f 7009//5423 7010//7383 7011//4618
f 7018//7384 7011//4618 7010//7383
f 7010//7383 7013//5419 7012//7385
f 7013//5419 7027//7386 7012//7385
f 7012//7385 7027//7386 7021//7387
f 7021//7387 7014//7388 7012//7385
f 7014//7388 7021//7387 4165//4639
f 7010//7383 7012//7385 7014//7388
f 4145//4624 7015//4623 7014//7388
f 7014//7388 4165//4639 7016//7389
f 7014//7388 7016//7389 4145//4624
f 7016//7389 4165//4639 7017//4635
f 4145//4624 7016//7389 4147//4625
f 4147//4625 7016//7389 4152//4627
f 7016//7389 4161//4628 4152//4627
f 4146//4622 4147//4625 4148//4477
f 7016//7389 7017//4635 4161//4628
f 7018//7384 7014//7388 7015//4623
f 7019//4621 7015//4623 4146//4622
f 7019//4621 7018//7384 7015//4623
f 7011//4618 7018//7384 7019//4621
f 7020//4617 7011//4618 7019//4621
f 7018//7384 7010//7383 7014//7388
f 7022//4653 7021//7387 7027//7386
f 7022//4653 7027//7386 7028//7390
f 4182//4652 7022//4653 7023//7391
f 7028//7390 7023//7391 7022//4653
f 7028//7390 7024//4671 7023//7391
f 7028//7390 7025//7392 7024//4671
f 4203//4672 7024//4671 7025//7392
f 4210//4680 4203//4672 7025//7392
f 4211//4681 4210//4680 7025//7392
f 4211//4681 7025//7392 7026//7393
f 4899//5414 7029//4682 7026//7393
f 7026//7393 7029//4682 4211//4681
f 4899//5414 7026//7393 7013//5419
f 7013//5419 7026//7393 7027//7386
f 7028//7390 7027//7386 7026//7393
f 7026//7393 7025//7392 7028//7390
f 4210//4680 4204//4667 4203//4672
f 4212//4678 4204//4667 4210//4680
f 7023//7391 7024//4671 4202//4655
f 7023//7391 4202//4655 7030//4654
f 4182//4652 7023//7391 7030//4654
f 4166//4638 7021//7387 7022//4653
f 7021//7387 4166//4638 4165//4639
f 4901//5418 7013//5419 7010//7383
f 4886//4695 4880//5398 4874//5393
f 4880//5398 4886//4695 4881//5401
f 6388//5402 4881//5401 4882//5404
f 4880//5398 4875//5395 4874//5393
f 4866//5389 4863//4158 4224//4156
f 4855//5383 4856//5384 4854//5382
f 4865//5386 4860//4702 4861//5387
f 4858//5385 4860//4702 4865//5386
f 4858//5385 4859//5350 4860//4702
f 4857//5363 4859//5350 4858//5385
f 4847//5372 7031//5364 4855//5383
f 4847//5372 4846//5367 7031//5364
f 5605//5368 4843//5366 6379//5371
f 4859//5350 4857//5363 4830//5349
f 4838//5359 4837//5353 5598//5352
f 4833//5347 4836//5354 4834//5357
f 5580//5339 5579//6150 4809//5330
f 4815//5336 4240//4713 4822//4714
f 7032//4718 7033//5335 4248//4726
f 4246//4721 4243//4719 4248//4726
f 4248//4726 4243//4719 7032//4718
f 4249//4725 4248//4726 7033//5335
f 4811//5333 4249//4725 7033//5335
f 4249//4725 4811//5333 4810//4728
f 5579//6150 4808//5328 4809//5330
f 4797//5318 4807//5321 4803//5317
f 4797//5318 4802//5319 4801//4731
f 4799//5284 4800//5320 4802//5319
f 4797//5318 4798//5313 4802//5319
f 4785//5290 4786//5304 4784//5292
f 4771//5281 4770//5282 4799//5284
f 4254//4734 4253//4733 4769//5280
f 4755//5265 4724//5228 4756//5267
f 7034//5229 4727//5230 4725//5227
f 7034//5229 4729//5232 4727//5230
f 4755//5265 7034//5229 4724//5228
f 7034//5229 4754//5263 4729//5232
f 5292//5252 4743//5246 4744//5250
f 4734//5237 4708//5213 4733//5215
f 4724//5228 4725//5227 4758//4757
f 4697//5128 4699//5129 4698//5196
f 7035//5183 5262//5195 4696//5184
f 4694//5191 4696//5184 4695//5193
f 4683//5125 4696//5184 4685//5190
f 4673//5153 4675//5154 5240//5173
f 4660//5160 4656//5156 4661//5157
f 4657//5159 4658//5117 7036//5119
f 7036//5119 4658//5117 4630//5115
f 4658//5117 4627//5113 4628//4820
f 4657//5159 7036//5119 4648//5139
f 4656//5156 4657//5159 4648//5139
f 4655//5146 4652//5147 4653//5149
f 4654//5151 4655//5146 4653//5149
f 4645//5136 4633//5121 4634//5120
f 4643//5123 4642//5124 4644//5122
f 4642//5124 7037//5126 4641//5135
f 7037//5126 4683//5125 7038//5134
f 4641//5135 7037//5126 7038//5134
f 7038//5134 4685//5190 4640//5130
f 4640//5130 4685//5190 4691//5131
f 7038//5134 4683//5125 4685//5190
f 4642//5124 4639//4807 7037//5126
f 4639//4807 4638//2355 4684//5127
f 4629//5114 4318//4818 4317//4809
f 4627//5113 4323//4821 4321//4819
f 4619//5104 4618//5100 4623//5103
f 4325//4823 4626//4822 4616//5101
f 4573//5062 4589//5077 4572//5061
f 4583//5068 4582//5067 4597//4846
f 4582//5067 4348//4845 4597//4846
f 4587//5066 4580//4848 4581//4847
f 4566//5050 4568//5057 4565//5051
f 4566//5050 7039//5052 4568//5057
f 7040//5053 4568//5057 7039//5052
f 4563//4875 4374//4873 4564//5048
f 4383//4879 4376//4874 4563//4875
f 4561//5033 4384//4883 4559//5046
f 4560//4882 4559//5046 4384//4883
f 4548//4884 4384//4883 4561//5033
f 4546//5030 4385//4881 4548//4884
f 4543//5029 4546//5030 4548//4884
f 4545//4897 4385//4881 4546//5030
f 4415//4904 4412//4899 4533//5014
f 5135//5003 4518//5000 4520//5004
f 4519//4926 4523//4924 4520//5004
f 4507//4988 4511//4940 4508//4992
f 4507//4988 7041//4950 4511//4940
f 4501//4981 4500//4979 4498//4976
f 4493//4970 8//13 4494//4972
f 4502//4969 4498//4976 4491//4968
f 10//17 4481//4964 4482//4957
f 4479//4965 4481//4964 12//22
f 4464//4954 4471//3266 4482//4957
f 4478//4955 4479//4965 4480//3265
f 14//28 15//4956 2877//3259
f 2877//3259 15//4956 4467//3253
f 2879//3242 2881//3269 4464//4954
f 4438//4929 4435//4928 4444//4932
f 4442//3359 2960//3321 4441//4930
f 4441//4930 2960//3321 4439//3361
f 4434//4925 4436//4916 4429//4917
f 4423//3371 4413//3375 4416//4906
f 4412//4899 4411//4900 4405//4894
f 4402//4885 4386//4880 4385//4881
f 4402//4885 4385//4881 4404//4896
f 4386//4880 4381//4877 4382//4878
f 4383//4879 4377//4876 4376//4874
f 4377//4876 4373//4872 4376//4874
f 4399//3417 3015//3415 4366//4861
f 4364//3421 7042//3440 4360//3451
f 7042//3440 3050//3442 4360//3451
f 7042//3440 3039//3439 3050//3442
f 3017//3420 3020//3423 7042//3440
f 3017//3420 7042//3440 4364//3421
f 4352//3458 4351//3460 4581//4847
f 4342//4837 4351//3460 3057//3461
f 4351//3460 4342//4837 4350//4838
f 4348//4845 4349//4841 4347//4842
f 3057//3461 4341//4833 4342//4837
f 4605//4829 4606//4791 4611//4792
f 4327//4800 4326//4813 4325//4823
f 4305//4778 4288//4780 4304//4798
f 4303//4796 4291//4777 4305//4778
f 4291//4777 4303//4796 7043//4782
f 4303//4796 7044//4797 7043//4782
f 7044//4797 4293//4784 7043//4782
f 4301//4786 7044//4797 4302//4794
f 7044//4797 4301//4786 4293//4784
f 4284//4774 4281//3483 4285//4772
f 4281//3483 4282//4773 4283//3478
f 7045//3494 4274//3495 3072//3487
f 7045//3494 3072//3487 3073//3486
f 3074//3488 3082//3059 7045//3494
f 3074//3488 7045//3494 3073//3486
f 4271//4761 3111//3509 7046//3525
f 4271//4761 7046//3525 4270//4760
f 3111//3509 3112//3510 7046//3525
f 7047//7394 7049//3523 7048//3526
f 7046//3525 7049//3523 7047//7394
f 7047//7394 7048//3526 7051//7395
f 7053//7396 7051//7395 7052//7397
f 7051//7395 7050//3529 7052//7397
f 7059//3530 7057//7398 7052//7397
f 7055//7399 7052//7397 7057//7398
f 7053//7396 7052//7397 7055//7399
f 7055//7399 7057//7398 7054//7400
f 7054//7400 7072//7401 7055//7399
f 7072//7401 7054//7400 7056//7402
f 7054//7400 7069//7403 7056//7402
f 7057//7398 7059//3530 7060//3531
f 7057//7398 7060//3531 7058//7404
f 7060//3531 7061//7405 7058//7404
f 7063//7406 7061//7405 7062//3533
f 7061//7405 3122//3516 7062//3533
f 7066//7407 7062//3533 3143//3556
f 7062//3533 3123//3515 3143//3556
f 7065//7408 7064//7409 7063//7406
f 7063//7406 7062//3533 7065//7408
f 7069//7403 7064//7409 7065//7408
f 7054//7400 7064//7409 7069//7403
f 7057//7398 7064//7409 7054//7400
f 7058//7404 7064//7409 7057//7398
f 7067//7410 7062//3533 7066//7407
f 7065//7408 7062//3533 7067//7410
f 3146//3563 7066//7407 3145//3558
f 7066//7407 3143//3556 3145//3558
f 7075//3564 7066//7407 3146//3563
f 7075//3564 7067//7410 7066//7407
f 7119//7411 7067//7410 7075//3564
f 7065//7408 7067//7410 7068//7412
f 7068//7412 7056//7402 7069//7403
f 7068//7412 7069//7403 7065//7408
f 7074//7413 7056//7402 7068//7412
f 7068//7412 4256//4737 7074//7413
f 7068//7412 7067//7410 7119//7411
f 4256//4737 7068//7412 7119//7411
f 7070//4741 7071//7414 4256//4737
f 4259//4744 7071//7414 4761//4745
f 7071//7414 7072//7401 7074//7413
f 7072//7401 7071//7414 4259//4744
f 7073//7415 7072//7401 4259//4744
f 4259//4744 4260//4743 7073//7415
f 4260//4743 4261//4748 7055//7399
f 4261//4748 7053//7396 7055//7399
f 4261//4748 7051//7395 7053//7396
f 4261//4748 4262//4750 7051//7395
f 7047//7394 7051//7395 4262//4750
f 4260//4743 7055//7399 7073//7415
f 7055//7399 7072//7401 7073//7415
f 7072//7401 7056//7402 7074//7413
f 4256//4737 7071//7414 7074//7413
f 4761//4745 7071//7414 4764//4742
f 7071//7414 4258//4740 4764//4742
f 4258//4740 7071//7414 7070//4741
f 4255//4735 7070//4741 4256//4737
f 4257//4739 7070//4741 4255//4735
f 7119//7411 7075//3564 7076//7416
f 7118//7417 7119//7411 7076//7416
f 7117//7418 7077//7419 7115//7420
f 7076//7416 7077//7419 7118//7417
f 7077//7419 7117//7418 7118//7417
f 7078//3567 7077//7419 3148//3565
f 7077//7419 7076//7416 3148//3565
f 3147//3562 3148//3565 7076//7416
f 7075//3564 3147//3562 7076//7416
f 7115//7420 7077//7419 7078//3567
f 7115//7420 7078//3567 7079//7421
f 7078//3567 3149//3566 7079//7421
f 7079//7421 7081//3569 7080//3572
f 7115//7420 7079//7421 7080//3572
f 7096//7422 7115//7420 7080//3572
f 7080//3572 7081//3569 7082//3568
f 7096//7422 7080//3572 7095//3573
f 7095//3573 7080//3572 3158//3549
f 7100//7423 7083//3547 7084//3574
f 7095//3573 7083//3547 7100//7423
f 7101//3580 7084//3574 7085//3546
f 7093//7424 7086//3578 7087//3576
f 7094//3581 7086//3578 7093//7424
f 7087//3576 7088//3582 7093//7424
f 7092//7425 7088//3582 7090//7426
f 7088//3582 7092//7425 7093//7424
f 7089//3584 7090//7426 7088//3582
f 7090//7426 7089//3584 7091//4065
f 7107//7427 7090//7426 7091//4065
f 7107//7427 7092//7425 7090//7426
f 7092//7425 7107//7427 7103//7428
f 7103//7428 7093//7424 7092//7425
f 7102//7429 7093//7424 7103//7428
f 7102//7429 7094//3581 7093//7424
f 7102//7429 7101//3580 7094//3581
f 7100//7423 7084//3574 7101//3580
f 7095//3573 7100//7423 7097//7430
f 7097//7430 7096//7422 7095//3573
f 7098//7431 7097//7430 7113//7432
f 7113//7432 7097//7430 7099//7433
f 7099//7433 7100//7423 7130//7434
f 7097//7430 7100//7423 7099//7433
f 7130//7434 7100//7423 7101//3580
f 7130//7434 7101//3580 7102//7429
f 3632//4123 7102//7429 7103//7428
f 3632//4123 7103//7428 7104//4121
f 7107//7427 7104//4121 7103//7428
f 7104//4121 7107//7427 7105//7435
f 7105//7435 3629//4118 7104//4121
f 7108//7436 7105//7435 7106//7437
f 7106//7437 7105//7435 7107//7427
f 7107//7427 7091//4065 7106//7437
f 3625//4068 7106//7437 3577//4066
f 7106//7437 7091//4065 3577//4066
f 3625//4068 3628//4117 7106//7437
f 3628//4117 7108//7436 7106//7437
f 3626//4113 3628//4117 3625//4068
f 3627//4115 3628//4117 3626//4113
f 3629//4118 7105//7435 3628//4117
f 3628//4117 7105//7435 7108//7436
f 3629//4118 3630//4119 7104//4121
f 7110//4122 7109//7438 3632//4123
f 4241//4715 7109//7438 7110//4122
f 7132//4710 7110//4122 4236//4125
f 7132//4710 4241//4715 7110//4122
f 4242//4716 7111//7439 4241//4715
f 7112//7440 7111//7439 4242//4716
f 7111//7439 7112//7440 7109//7438
f 7109//7438 7112//7440 7099//7433
f 7112//7440 7113//7432 7099//7433
f 7127//7441 7113//7432 7112//7440
f 7126//7442 7114//7443 7113//7432
f 7127//7441 7126//7442 7113//7432
f 7113//7432 7114//7443 7098//7431
f 7116//7444 7117//7418 7098//7431
f 7116//7444 7098//7431 7114//7443
f 7117//7418 7115//7420 7098//7431
f 7098//7431 7115//7420 7097//7430
f 7097//7430 7115//7420 7096//7422
f 7117//7418 7116//7444 7125//7445
f 7121//7446 7118//7417 7123//7447
f 7121//7446 7119//7411 7118//7417
f 7120//4736 7119//7411 7121//7446
f 7122//7448 7120//4736 7121//7446
f 7122//7448 7121//7446 7123//7447
f 7122//7448 4251//4730 4254//4734
f 4251//4730 7122//7448 7129//4723
f 7123//7447 7124//7449 7122//7448
f 7128//7450 7122//7448 7124//7449
f 7117//7418 7124//7449 7123//7447
f 7123//7447 7118//7417 7117//7418
f 7124//7449 7117//7418 7125//7445
f 7126//7442 7124//7449 7125//7445
f 7127//7441 7124//7449 7126//7442
f 4245//4722 7127//7441 4244//4720
f 7112//7440 4244//4720 7127//7441
f 7124//7449 4245//4722 7128//7450
f 7122//7448 7128//7450 4247//4724
f 7129//4723 7122//7448 4247//4724
f 4250//4727 7129//4723 4246//4721
f 4251//4730 7129//4723 4250//4727
f 4246//4721 4247//4724 7128//7450
f 4246//4721 7128//7450 4245//4722
f 4245//4722 7124//7449 7127//7441
f 7126//7442 7125//7445 7114//7443
f 7114//7443 7125//7445 7116//7444
f 7120//4736 7122//7448 4254//4734
f 7109//7438 7099//7433 7130//7434
f 3632//4123 7109//7438 7130//7434
f 3632//4123 7130//7434 7102//7429
f 7109//7438 4241//4715 7111//7439
f 4242//4716 4244//4720 7112//7440
f 7081//3569 3149//3566 3150//3561
f 7079//7421 3149//3566 7081//3569
f 7120//4736 4256//4737 7119//7411
f 7058//7404 7061//7405 7064//7409
f 7064//7409 7061//7405 7063//7406
f 3120//3532 7061//7405 7060//3531
f 3118//3520 3120//3532 7060//3531
f 7050//3529 7059//3530 7052//7397
f 7048//3526 3114//3527 7051//7395
f 7051//7395 3114//3527 7050//3529
f 7046//3525 7047//7394 4263//4751
f 7131//7451 7046//3525 4263//4751
f 4267//4755 7131//7451 4263//4751
f 4270//4760 7046//3525 7131//7451
f 4270//4760 7131//7451 4267//4755
f 4263//4751 7047//7394 4262//4750
f 7132//4710 4239//4709 5584//4712
f 4234//4126 3634//4127 4825//4707
f 4825//4707 3634//4127 4233//4128
f 4233//4128 3635//4114 4232//4135
f 4232//4135 3635//4114 3642//4129
f 4869//4699 4222//4698 4870//4697
f 4221//4162 7133//4151 4220//4696
f 4220//4696 7133//4151 4219//4150
f 7135//4165 7137//7452 7134//4163
f 4218//4693 7134//4163 7137//7452
f 7137//7452 7135//4165 4207//4665
f 7136//4663 4207//4665 7135//4165
f 7135//4165 3664//4164 7136//4663
f 4217//4690 4207//4665 4216//4676
f 7137//7452 4207//4665 4217//4690
f 4887//4694 4218//4693 7137//7452
f 7137//7452 4217//4690 4894//4691
f 4887//4694 7137//7452 4894//4691
f 4219//4150 7134//4163 4218//4693
f 6394//4684 4213//4677 4212//4678
f 4213//4677 4209//4666 4212//4678
f 4203//4672 4204//4667 4198//4668
f 4199//4669 4201//4670 4203//4672
f 4199//4669 4203//4672 4198//4668
f 4204//4667 4187//4647 4188//4658
f 4186//4649 4175//4645 4178//4650
f 4186//4649 4178//4650 4200//4656
f 4184//4651 4200//4656 4178//4650
f 4171//4168 4176//4644 4172//4646
f 3969//4170 4169//4455 4170//4169
f 4164//4637 4167//4633 4162//4632
f 4149//4475 4150//4626 3994//4473
f 4133//4607 4139//4609 4140//4612
f 4133//4607 4134//4482 4002//4481
f 4112//4593 4957//5451 4923//4594
f 4093//4577 4112//4593 4110//4578
f 4095//4555 4925//4589 4094//4576
f 4099//4567 4930//4583 4100//4566
f 4934//5468 4930//4583 4099//4567
f 4100//4566 4930//4583 4102//4581
f 4939//5469 4933//5463 4934//5468
f 5025//16 4079//4564 9//14
f 4075//4537 4074//4539 4053//4536
f 4098//4557 4064//4542 4071//4541
f 4063//4543 4064//4542 4065//4544
f 7138//4523 4069//4554 4061//4524
f 4061//4524 4069//4554 4068//4521
f 7138//4523 4089//4553 4069//4554
f 4070//4545 4089//4553 7138//4523
f 4055//4531 4064//4542 4050//4532
f 4051//24 4053//4536 4054//4535
f 15//4956 4047//29 4044//4528
f 7139//3257 4044//4528 4036//4518
f 14//28 4047//29 15//4956
f 4057//4517 4041//4519 4066//4534
f 4039//4520 4061//4524 4068//4521
f 4033//4313 4040//4515 4032//4514
f 4031//4314 4033//4313 4032//4514
f 3826//4309 4029//4511 3827//4316
f 3827//4316 4029//4511 4028//4322
f 7140//4392 4113//4495 4014//4393
f 4092//4509 4113//4495 7140//4392
f 4022//4498 4019//4502 4021//4499
f 4015//4397 4023//4496 4013//4400
f 3916//4398 4011//4494 4010//4401
f 4011//4494 3916//4398 4012//4399
f 7141//4411 7004//4488 4005//4412
f 3999//4421 3995//4476 3996//4478
f 3985//4465 3977//4463 7143//4426
f 7143//4426 3977//4463 7142//4428
f 3978//4425 3985//4465 7143//4426
f 7142//4428 7145//7453 3942//4427
f 7145//7453 7144//4431 3942//4427
f 7144//4431 3943//4184 3942//4427
f 7142//4428 7146//4437 7145//7453
f 7146//4437 3949//4432 7145//7453
f 7142//4428 3977//4463 7146//4437
f 3952//4434 3949//4432 7146//4437
f 7146//4437 3977//4463 3976//4462
f 7147//4438 7146//4437 3976//4462
f 3976//4462 3975//4460 7147//4438
f 7147//4438 3975//4460 3961//4440
f 7144//4431 7145//7453 3949//4432
f 3974//4447 3973//4449 3962//4444
f 3971//4450 3963//4448 3973//4449
f 3940//4190 3978//4425 3941//4187
f 3923//4403 3928//4407 7148//4405
f 7148//4405 3928//4407 3929//4404
f 3924//4406 4121//4409 4120//4483
f 3924//4406 4120//4483 3928//4407
f 3927//4336 3926//4410 3922//4385
f 3922//4385 3926//4410 3924//4406
f 3910//4390 3915//4396 3914//4329
f 3906//4323 3909//4391 3904//4389
f 3830//2062 7149//4277 3832//4324
f 7149//4277 3833//4326 3832//4324
f 3905//4320 3904//4389 3834//4328
f 7149//4277 3834//4328 3833//4326
f 3905//4320 3834//4328 7149//4277
f 3898//4341 3931//4382 3897//4342
f 3895//4344 7150//4351 3856//4345
f 7150//4351 3891//4375 3857//4350
f 3932//4380 3933//4377 3893//4378
f 7150//4351 3933//4377 3891//4375
f 3892//4346 3890//4374 3889//4367
f 3892//4346 3889//4367 3877//4347
f 3858//3747 3892//4346 3877//4347
f 3710//4213 3865//4212 3872//3836
f 3403//3841 3713//4215 3865//4212
f 3713//4215 3403//3841 3712//3832
f 3717//4221 3860//4348 3862//4218
f 3846//4268 3848//4339 3845//4258
f 3826//4309 3817//4306 3820//4305
f 3816//4307 3821//4310 3825//4308
f 3784//4283 3785//2045 3779//4281
f 3784//4283 1579//1891 1577//1890
f 1577//1890 3782//4285 3784//4283
f 1575//1885 3781//4282 1580//1892
f 1720//2044 3776//4280 3785//2045
f 1721//2040 3785//2045 3786//4279
f 3775//2046 3774//2048 1722//2047
f 3763//4256 3730//4234 3731//4235
f 3759//2065 3769//4260 3757//4261
f 3763//4256 3731//4235 3733//4237
f 3756//4251 3750//4230 3746//2068
f 3744//4248 3749//4250 3736//4242
f 3736//4242 3749//4250 3752//4240
f 3746//2068 3745//4247 3741//4246
f 3741//4246 3742//2069 3739//2028
f 1735//2029 3747//2067 7151//2023
f 7152//2073 3307//3742 3308//3741
f 3735//4238 3307//3742 7152//2073
f 7153//1980 7152//2073 3728//3704
f 3307//3742 3735//4238 3734//3743
f 3730//4234 3729//4231 3731//4235
f 3732//3744 7154//4236 3858//3747
f 3731//4235 3729//4231 7154//4236
f 3729//4231 3727//4228 7154//4236
f 3858//3747 3725//3760 3323//3745
f 7154//4236 3852//4230 3858//3747
f 3400//3835 3721//3783 7155//4224
f 3399//3833 3720//3784 3400//3835
f 3872//3836 7155//4224 3864//4219
f 3864//4219 7155//4224 7156//4223
f 3400//3835 7155//4224 3872//3836
f 3864//4219 7156//4223 3715//4217
f 3715//4217 7156//4223 3716//4220
f 3399//3833 3401//3834 3398//3790
f 3402//3838 3711//3831 3403//3841
f 3688//4186 3472//3940 3701//3941
f 3688//4186 3686//3942 3472//3940
f 3680//4181 3679//4017 3527//3966
f 3676//4018 7157//4016 3678//4177
f 3957//4176 3676//4018 3678//4177
f 7157//4016 3679//4017 3678//4177
f 3962//4444 3536//4028 3673//4445
f 3673//4445 3536//4028 3674//4029
f 3962//4444 3964//4175 3537//4030
f 3537//4030 3536//4028 3962//4444
f 3967//4173 3544//4172 3543//4035
f 3670//4038 3966//4039 3969//4170
f 7133//4151 4221//4162 3662//4153
f 7133//4151 3662//4153 3653//4152
f 3649//4102 3652//4147 3654//4145
f 3651//4146 3612//4087 3665//4148
f 3613//4101 3649//4102 3614//4100
f 4225//4106 3618//4095 3658//4097
f 3645//4105 4227//4140 3619//4107
f 4227//4140 3640//4110 3619//4107
f 3638//4112 3622//4071 7162//4072
f 3622//4071 7158//4054 7162//4072
f 3621//4109 7159//4073 7161//4075
f 3606//4076 7160//4057 3586//4060
f 3606//4076 3586//4060 3608//4094
f 3607//4096 7161//4075 3606//4076
f 3619//4107 3621//4109 7161//4075
f 7161//4075 3607//4096 3619//4107
f 3640//4110 3621//4109 3619//4107
f 7162//4072 3621//4109 3620//4108
f 7159//4073 3621//4109 7162//4072
f 3620//4108 3638//4112 7162//4072
f 3648//4103 3616//4098 3615//4099
f 3658//4097 3608//4094 3617//4093
f 3596//4084 3612//4087 3611//4089
f 3608//4094 3605//4078 3617//4093
f 3592//3987 3598//4083 3600//4080
f 3601//4082 3550//3985 3593//3989
f 3590//3988 3592//3987 3600//4080
f 3589//4058 3599//4059 3603//4079
f 7159//4073 3582//4062 3583//4061
f 3581//4053 7158//4054 3622//4071
f 3622//4071 3578//4064 3581//4053
f 3574//3586 3166//3587 3169//3591
f 3576//3594 3170//3593 3172//3901
f 7160//4057 3585//4056 3554//4045
f 3438//3906 3434//3896 7163//3907
f 3438//3906 7163//3907 3437//3909
f 3564//4046 3567//3910 3439//3911
f 3563//4052 3438//3906 3567//3910
f 3438//3906 3563//4052 3557//3905
f 3565//4048 3555//3916 7164//3914
f 3565//4048 7164//3914 3556//3920
f 3591//4044 3509//3919 3590//3988
f 3601//4082 3592//3987 7165//3986
f 7165//3986 3550//3985 3601//4082
f 3650//4085 3593//3989 3520//3990
f 3650//4085 3520//3990 3595//3994
f 3594//3992 3548//3998 4192//4042
f 4173//4007 7166//4006 3669//4171
f 3669//4171 7166//4006 3546//4010
f 3542//4034 3545//4024 3539//4025
f 3539//4025 3532//4023 3540//4027
f 3538//4032 3540//4027 3537//4030
f 3528//4020 3675//4019 3674//4029
f 3527//3966 3526//3974 3489//3967
f 3524//4015 3526//3974 7157//4016
f 7167//3978 3499//3976 3525//3975
f 3523//4012 7167//3978 3525//3975
f 3522//4005 7167//3978 3523//4012
f 3522//4005 7168//4004 7167//3978
f 3519//3999 3522//4005 7166//4006
f 3531//4011 3522//4005 3530//4013
f 3594//3992 3510//3991 3548//3998
f 7169//3928 3457//3930 3506//3929
f 3505//3982 3506//3929 3482//3952
f 3503//3971 3498//3973 3500//3977
f 3500//3977 3498//3973 3499//3976
f 3489//3967 3497//3970 3490//3969
f 3493//3959 3494//3950 3483//3956
f 7170//3968 3493//3959 3487//3964
f 7170//3968 3487//3964 3488//3965
f 3493//3959 3485//3960 3487//3964
f 3948//3962 3485//3960 3682//3957
f 3481//3933 3482//3952 3456//3931
f 3477//3936 3464//3854 3476//3947
f 3464//3854 3466//3937 3476//3947
f 3474//3938 3476//3947 3466//3937
f 3451//3924 3508//3926 7165//3986
f 3446//3921 3445//3915 3447//3877
f 3439//3911 3437//3909 3440//3908
f 3560//3900 3175//3598 3558//3600
f 3175//3598 3560//3900 3176//3596
f 7225//7454 7171//3604 7224//3606
f 7171//3604 7172//3603 7224//3606
f 7224//3606 7173//3605 7223//7455
f 7223//7455 7173//3605 7174//3607
f 7174//3607 7177//3608 7178//7456
f 3424//3884 7174//3607 7178//7456
f 7175//3883 3424//3884 7178//7456
f 3422//3879 7175//3883 7209//7457
f 7175//3883 7176//3612 7209//7457
f 7178//7456 7177//3608 7176//3612
f 7176//3612 7177//3608 3189//3610
f 7174//3607 3184//2724 7177//3608
f 7178//7456 7176//3612 7175//3883
f 7209//7457 7176//3612 7179//7458
f 7209//7457 7179//7458 7208//7459
f 7208//7459 7179//7458 7217//7460
f 7217//7460 7179//7458 7180//3613
f 7218//7461 7217//7460 7180//3613
f 7218//7461 7180//3613 7181//3614
f 7218//7461 7181//3614 7182//3616
f 7182//3616 7183//3619 7218//7461
f 7219//7462 7183//3619 7185//7463
f 7219//7462 7185//7463 7186//7464
f 7206//7465 7219//7462 7186//7464
f 7206//7465 7186//7464 7205//7466
f 7184//7467 7186//7464 7185//7463
f 7204//7468 7186//7464 7187//7469
f 7186//7464 7184//7467 7187//7469
f 7204//7468 7187//7469 7203//7470
f 7203//7470 7187//7469 7188//3821
f 7203//7470 7188//3821 7189//3823
f 7190//3824 7197//7471 7189//3823
f 7196//3825 7197//7471 7190//3824
f 7191//7472 7196//3825 3388//3826
f 7192//3815 7193//3814 7191//7472
f 7199//7473 7191//7472 7194//3828
f 7194//3828 7191//7472 7193//3814
f 7200//7474 7199//7473 7194//3828
f 7199//7473 7198//7475 7196//3825
f 7197//7471 7196//3825 7198//7475
f 7199//7473 7202//3852 7198//7475
f 7200//7474 7202//3852 7199//7473
f 7201//3830 7200//7474 7195//3829
f 3405//3844 7201//3830 3404//3839
f 3407//3850 3408//3853 7202//3852
f 3407//3850 7202//3852 7200//7474
f 7198//7475 3409//3851 7197//7471
f 3410//3855 7197//7471 3409//3851
f 3410//3855 7189//3823 7197//7471
f 7203//7470 7189//3823 3410//3855
f 3411//3856 7203//7470 3410//3855
f 7204//7468 7203//7470 3411//3856
f 3412//3859 7204//7468 3411//3856
f 7205//7466 7204//7468 3412//3859
f 7205//7466 7186//7464 7204//7468
f 7212//7476 7205//7466 7216//7477
f 7205//7466 7212//7476 7206//7465
f 7207//7478 7206//7465 7208//7459
f 7212//7476 7208//7459 7206//7465
f 7208//7459 7212//7476 7210//3880
f 7209//7457 7208//7459 7210//3880
f 3422//3879 7209//7457 7210//3880
f 3420//3876 7210//3880 7212//7476
f 3420//3876 7212//7476 7211//3870
f 7211//3870 7212//7476 7216//7477
f 7215//7479 7216//7477 7213//7480
f 7213//7480 3412//3859 3413//3860
f 7213//7480 7205//7466 3412//3859
f 7216//7477 7205//7466 7213//7480
f 7215//7479 7213//7480 3413//3860
f 7214//3863 7215//7479 3413//3860
f 7215//7479 7214//3863 3416//3864
f 3416//3864 3417//3868 7216//7477
f 3416//3864 7216//7477 7215//7479
f 3416//3864 7214//3863 3414//3865
f 7214//3863 3458//3862 3414//3865
f 3417//3868 7211//3870 7216//7477
f 7208//7459 7217//7460 7207//7478
f 7218//7461 7207//7478 7217//7460
f 7218//7461 7183//3619 7219//7462
f 7218//7461 7219//7462 7207//7478
f 7219//7462 7206//7465 7207//7478
f 3409//3851 7198//7475 7202//3852
f 3405//3844 3407//3850 7201//3830
f 7201//3830 3407//3850 7200//7474
f 3465//3849 3408//3853 3407//3850
f 7199//7473 7196//3825 7191//7472
f 7195//3829 7200//7474 7194//3828
f 7192//3815 7191//7472 3388//3826
f 7187//7469 7222//3624 7188//3821
f 7222//3624 7187//7469 7184//7467
f 7220//3623 7222//3624 7184//7467
f 7221//3618 7220//3623 7184//7467
f 7184//7467 7185//7463 7221//3618
f 3191//3617 7220//3623 7221//3618
f 7183//3619 7221//3618 7185//7463
f 7176//3612 7180//3613 7179//7458
f 3423//3882 3424//3884 7175//3883
f 3424//3884 7227//3887 7223//7455
f 7174//3607 3424//3884 7223//7455
f 3428//3892 7223//7455 7227//3887
f 3428//3892 7224//3606 7223//7455
f 7226//3898 7225//7454 7224//3606
f 7226//3898 7224//3606 3428//3892
f 3580//3897 7225//7454 7226//3898
f 3580//3897 3572//3903 7225//7454
f 3572//3903 7171//3604 7225//7454
f 3429//3891 3430//3895 7226//3898
f 3428//3892 3429//3891 7226//3898
f 3428//3892 7227//3887 3427//3889
f 7227//3887 3426//3888 3427//3889
f 7227//3887 3424//3884 3425//3885
f 7171//3604 3433//3601 3178//3602
f 3419//3869 3420//3876 7211//3870
f 3402//3838 7201//3830 3391//3813
f 3391//3813 3392//3794 3711//3831
f 3399//3833 3714//3837 3401//3834
f 3712//3832 3394//3791 3397//3781
f 3391//3813 7194//3828 3377//3811
f 7222//3624 3195//3622 3384//3820
f 3371//3806 3372//3807 3380//3809
f 3380//3809 3374//3810 3390//3816
f 3367//3805 3200//3627 3368//3629
f 3397//3781 3351//3779 3340//3774
f 3338//3670 3336//3775 3334//3665
f 3309//3740 3322//3746 3310//3715
f 7231//3731 3301//3719 3300//3739
f 3289//3724 7230//3725 7229//3728
f 7229//3728 7230//3725 3293//3729
f 3293//3729 7230//3725 3294//3723
f 3295//3736 7231//3731 3300//3739
f 3295//3736 3300//3739 3297//3735
f 7231//3731 3295//3736 3318//3730
f 3294//3723 7230//3725 3287//3722
f 7229//3728 3332//3727 3289//3724
f 3286//3721 3280//3720 3301//3719
f 3280//3720 3281//3711 7232//3712
f 7232//3712 3279//3718 3280//3720
f 7232//3712 7233//3714 3279//3718
f 3268//3700 7233//3714 7232//3712
f 3286//3721 3281//3711 3280//3720
f 3275//3695 3270//3696 3276//3707
f 3260//3697 3269//3705 3270//3696
f 3260//3697 7234//3698 3269//3705
f 7234//3698 3268//3700 3269//3705
f 3262//3692 3270//3696 3259//3693
f 3258//3682 3274//3694 3257//3679
f 3246//2079 3255//3684 3256//3683
f 3256//3683 3243//2080 3246//2079
f 3248//2076 3263//3689 3253//3686
f 1744//1969 3242//2081 1745//1952
f 3272//3681 3273//2083 3242//2081
f 3291//3674 3236//3673 3239//3677
f 3235//3667 3234//3669 3237//3668
f 3237//3668 3233//3664 3232//2091
f 3232//2091 3231//2102 1771//2101
f 3231//2102 1779//2112 7235//2100
f 1779//2112 7236//2108 7235//2100
f 7236//2108 1772//2103 7235//2100
f 3335//3663 3231//2102 3233//3664
f 3335//3663 7237//2113 3231//2102
f 1789//2124 1786//2121 1785//2120
f 3229//3659 3355//3796 3356//3658
f 3227//2125 3229//3659 3226//3657
f 3229//3659 3228//3649 3226//3657
f 3225//3656 3228//3649 3220//3647
f 3226//3657 3228//3649 3225//3656
f 3225//3656 3220//3647 7238//3651
f 3225//3656 7238//3651 7239//3655
f 7239//3655 3221//2129 7240//2128
f 3224//2127 7239//3655 7240//2128
f 1793//2130 3223//3654 7241//7481
f 7241//7481 7242//7482 1793//2130
f 1793//2130 7242//7482 7243//2134
f 7242//7482 7241//7481 7255//7483
f 7244//7484 7242//7482 7253//7485
f 7242//7482 7255//7483 7253//7485
f 7253//7485 7245//2221 7244//7484
f 7244//7484 7243//2134 7242//7482
f 7244//7484 7245//2221 1889//2219
f 7243//2134 7244//7484 1889//2219
f 7245//2221 7257//7486 7246//2220
f 7257//7486 7247//2222 7246//2220
f 7247//2222 7257//7486 7248//2223
f 7248//2223 7258//7487 7249//2224
f 7248//2223 7257//7486 7258//7487
f 7250//2225 7249//2224 7252//7488
f 7250//2225 7252//7488 7251//2227
f 7252//7488 7260//7489 7269//7490
f 7252//7488 7249//2224 7260//7489
f 7249//2224 7259//7491 7260//7489
f 7258//7487 7259//7491 7249//2224
f 7245//2221 7253//7485 7256//7492
f 7245//2221 7256//7492 7257//7486
f 7255//7483 7254//7493 7253//7485
f 7263//7494 7256//7492 7254//7493
f 7253//7485 7254//7493 7256//7492
f 7263//7494 7257//7486 7256//7492
f 7263//7494 7258//7487 7257//7486
f 7259//7491 7258//7487 7263//7494
f 7259//7491 7261//7495 3213//3644
f 7259//7491 3213//3644 7260//7489
f 7272//7496 7262//7497 7261//7495
f 7261//7495 7259//7491 7263//7494
f 7261//7495 7263//7494 7264//7498
f 7264//7498 7254//7493 7265//7499
f 7254//7493 7264//7498 7263//7494
f 7265//7499 7272//7496 7264//7498
f 7265//7499 7262//7497 7272//7496
f 7267//3652 7266//7500 7265//7499
f 7266//7500 7262//7497 7265//7499
f 3222//3653 7267//3652 7265//7499
f 7255//7483 3222//3653 7265//7499
f 7266//7500 7268//7501 7262//7497
f 7268//7501 7261//7495 7262//7497
f 7268//7501 3213//3644 7261//7495
f 3211//2304 7269//7490 3213//3644
f 1966//2302 7269//7490 3211//2304
f 1966//2302 7270//7502 7269//7490
f 1966//2302 1967//2299 7270//7502
f 1967//2299 1965//2297 7271//2296
f 1967//2299 7271//2296 7251//2227
f 1894//2228 7251//2227 7271//2296
f 7251//2227 7252//7488 1967//2299
f 7270//7502 1967//2299 7252//7488
f 7270//7502 7252//7488 7269//7490
f 7260//7489 3213//3644 7269//7490
f 3213//3644 7268//7501 7266//7500
f 7266//7500 3212//3643 3213//3644
f 7267//3652 3217//3646 7266//7500
f 3217//3646 3212//3643 7266//7500
f 7265//7499 7254//7493 7255//7483
f 7272//7496 7261//7495 7264//7498
f 7241//7481 3222//3653 7255//7483
f 7241//7481 3223//3654 3222//3653
f 1793//2130 3221//2129 3223//3654
f 2138//2480 3202//2474 3364//3631
f 3368//3629 2140//2485 3363//3630
f 2364//2713 3192//3615 7273//2714
f 3190//3611 7273//2714 3192//3615
f 3190//3611 3188//2716 7273//2714
f 3188//2716 3187//3609 2369//2718
f 3177//3599 3175//3598 3180//2731
f 3166//3587 3167//3588 3169//3591
f 3164//3575 3173//3577 3167//3588
f 7094//3581 3163//3579 3162//2673
f 7094//3581 3162//2673 7086//3578
f 3158//3549 3156//3552 3135//3543
f 3144//3560 3148//3565 3147//3562
f 3129//3540 3137//3542 3124//3538
f 3135//3543 3131//3544 3134//3545
f 3159//3548 3135//3543 3134//3545
f 3159//3548 3134//3545 7085//3546
f 3120//3532 3122//3516 7061//7405
f 7060//3531 3115//3528 3118//3520
f 3112//3510 3109//2615 3108//3522
f 3108//3522 7274//3497 3106//3498
f 3108//3522 3106//3498 3117//3519
f 3097//2751 3096//2750 4272//3508
f 3106//3498 3087//2749 3105//3505
f 3090//3499 3098//2748 3088//2746
f 7275//3077 2718//3072 3063//3075
f 7276//3080 3062//3467 2729//3085
f 3062//3467 7276//3080 7275//3077
f 7275//3077 7276//3080 2719//3078
f 7276//3080 2724//3079 2719//3078
f 2728//3082 7276//3080 2729//3085
f 3062//3467 7275//3077 3063//3075
f 3058//3462 4333//3466 4334//3463
f 7277//3465 3044//3447 3059//3464
f 3044//3447 7277//3465 3053//3446
f 3054//3454 3053//3446 7277//3465
f 4352//3458 3055//3455 3056//3459
f 3056//3459 3055//3455 7277//3465
f 4363//3457 3054//3454 3055//3455
f 3054//3454 7277//3465 3055//3455
f 3056//3459 3058//3462 3057//3461
f 3052//3450 3049//3449 3053//3446
f 3040//3441 3049//3449 3052//3450
f 3048//3448 3045//3445 3049//3449
f 3049//3449 3045//3445 3053//3446
f 3045//3445 3046//3444 3042//3095
f 3044//3447 2730//3086 3060//3088
f 3043//3091 3042//3095 2738//3092
f 3038//3438 3037//3436 3035//3435
f 3019//3422 3036//3437 3020//3423
f 3036//3437 3019//3422 7279//3425
f 2762//3123 7278//3430 3022//3426
f 2762//3123 3023//3427 7278//3430
f 3022//3426 7278//3430 7279//3425
f 7279//3425 3021//3424 3022//3426
f 3036//3437 7279//3425 3027//3429
f 2743//3099 2741//3098 3030//3433
f 3023//3427 7280//3428 7278//3430
f 3016//3418 3012//3129 2766//3128
f 2977//3383 2979//3389 2976//3385
f 2970//3372 2972//3378 4409//3381
f 2948//3351 2934//3336 2947//3339
f 2934//3336 2948//3351 2935//3340
f 2945//3350 4451//4941 4453//3348
f 2944//3345 2943//3347 2942//3276
f 2931//3332 2929//3331 2955//3337
f 2928//3330 2908//3304 7281//3303
f 2924//3314 2925//3328 2914//3311
f 2909//3302 7281//3303 2904//3289
f 2904//3289 2890//3287 7282//3295
f 2893//3294 7283//3182 2895//3179
f 7283//3182 2893//3294 2892//3292
f 2892//3292 2891//3291 7299//3290
f 2892//3292 7284//3183 7283//3182
f 2892//3292 7286//3227 7285//3185
f 7284//3183 2892//3292 7285//3185
f 7299//3290 7286//3227 2892//3292
f 7298//7503 7286//3227 7299//3290
f 7298//7503 7297//7504 7286//3227
f 7290//7505 7297//7504 7287//3230
f 7290//7505 7288//3226 7297//7504
f 2845//3228 7289//3223 7288//3226
f 7290//7505 2845//3228 7288//3226
f 2845//3228 2836//3222 7289//3223
f 2845//3228 7290//7505 2844//3229
f 7290//7505 7287//3230 2844//3229
f 7296//7506 2847//3232 7287//3230
f 7291//3234 7295//3235 2849//3233
f 7293//7507 7295//3235 7291//3234
f 7291//3234 7292//7508 7293//7507
f 7293//7507 2884//3275 7294//3237
f 7295//3235 7293//7507 7294//3237
f 7294//3237 2884//3275 2883//3271
f 7294//3237 2883//3271 2851//3239
f 2851//3239 2883//3271 2880//3267
f 2883//3271 4457//3270 2880//3267
f 2884//3275 4455//3274 2883//3271
f 7293//7507 2940//3278 2884//3275
f 2885//3281 2886//3279 7292//7508
f 7292//7508 2886//3279 7293//7507
f 7292//7508 7296//7506 7300//3288
f 7296//7506 7292//7508 7291//3234
f 7300//3288 7296//7506 7297//7504
f 7300//3288 7297//7504 7298//7503
f 2890//3287 7298//7503 7299//3290
f 2890//3287 7300//3288 7298//7503
f 7292//7508 7300//3288 2887//3282
f 2885//3281 7292//7508 2887//3282
f 7293//7507 2886//3279 2940//3278
f 7296//7506 2848//3217 2847//3232
f 2848//3217 7296//7506 7291//3234
f 7297//7504 7296//7506 7287//3230
f 7297//7504 7288//3226 7286//3227
f 7282//3295 2890//3287 2891//3291
f 2905//3284 2887//3282 7300//3288
f 2880//3267 2882//3240 2851//3239
f 2876//3260 4465//3261 4466//3264
f 2876//3260 4466//3264 2878//3258
f 2869//33 7301//7509 7302//7510
f 2868//3255 2869//33 7302//7510
f 7302//7510 2865//3251 2868//3255
f 50//94 7302//7510 7303//7511
f 7302//7510 50//94 2865//3251
f 7303//7511 7304//93 50//94
f 7304//93 7303//7511 7308//7512
f 7306//64 7304//93 7308//7512
f 7307//61 7306//64 7308//7512
f 33//69 7306//64 7305//65
f 49//70 7306//64 33//69
f 2865//3251 2866//3249 2868//3255
f 7304//93 7306//64 49//70
f 7309//7513 7307//61 7308//7512
f 29//60 7307//61 7309//7513
f 7309//7513 7310//57 29//60
f 7309//7513 7316//7514 7310//57
f 7316//7514 7314//7515 7310//57
f 28//58 29//60 7310//57
f 7317//7516 7313//49 7311//56
f 7313//49 7312//51 7311//56
f 7313//49 24//50 7312//51
f 7313//49 7317//7516 7314//7515
f 7314//7515 18//38 7313//49
f 7313//49 18//38 20//39
f 18//38 7314//7515 16//35
f 16//35 7315//7517 7301//7509
f 7315//7517 16//35 7314//7515
f 16//35 7301//7509 2869//33
f 7315//7517 7302//7510 7301//7509
f 7316//7514 7302//7510 7315//7517
f 7316//7514 7309//7513 7303//7511
f 7303//7511 7309//7513 7308//7512
f 7303//7511 7302//7510 7316//7514
f 7316//7514 7315//7517 7314//7515
f 18//38 16//35 2870//34
f 7317//7516 7311//56 7310//57
f 7314//7515 7317//7516 7310//57
f 19//37 3811//40 3810//41
f 19//37 3810//41 21//44
f 21//44 20//39 19//37
f 22//46 20//39 21//44
f 2864//3250 2865//3251 52//95
f 2865//3251 50//94 52//95
f 54//96 2864//3250 52//95
f 2859//3245 7318//102 7319//7518
f 2859//3245 7319//7518 2858//3243
f 7319//7518 7318//102 56//101
f 56//101 7320//7519 7319//7518
f 7320//7519 56//101 7321//103
f 7319//7518 7320//7519 2858//3243
f 7323//7520 7320//7519 7321//103
f 7323//7520 7321//103 2820//107
f 62//109 63//110 7322//108
f 2819//111 7322//108 63//110
f 2819//111 2820//107 7322//108
f 2821//3203 7323//7520 2820//107
f 2822//3206 2824//3208 7323//7520
f 2858//3243 2824//3208 2825//3209
f 2824//3208 2858//3243 7320//7519
f 7323//7520 2824//3208 7320//7519
f 2825//3209 2857//3244 2858//3243
f 2825//3209 2823//3205 2857//3244
f 2823//3205 2826//3211 2857//3244
f 2835//3204 7323//7520 2821//3203
f 2835//3204 2822//3206 7323//7520
f 2852//3215 2853//3238 2828//3213
f 2831//3216 2849//3233 2850//3236
f 2832//3218 2846//3231 2848//3217
f 2843//3220 2846//3231 2832//3218
f 2843//3220 2844//3229 2846//3231
f 2840//3225 7285//3185 2839//3224
f 2840//3225 2842//3190 2812//3186
f 2827//3210 2823//3205 2828//3213
f 2829//3207 2828//3213 2823//3205
f 2834//3202 2821//3203 2818//3198
f 65//112 7362//3195 2816//3196
f 43//83 7361//113 65//112
f 7361//113 7362//3195 65//112
f 7361//113 7324//114 7326//7521
f 7325//7522 7361//113 7326//7521
f 7360//7523 7361//113 7325//7522
f 7360//7523 7339//7524 2814//3193
f 2814//3193 7339//7524 7359//3192
f 7324//114 7327//7525 7326//7521
f 7327//7525 7329//135 7328//140
f 7327//7525 41//115 7329//135
f 41//115 67//116 7329//135
f 66//82 41//115 7327//7525
f 67//116 7330//7526 7329//135
f 7329//135 7330//7526 7331//134
f 37//78 7330//7526 67//116
f 37//78 68//119 7330//7526
f 7330//7526 68//119 7331//134
f 7331//134 68//119 78//132
f 7328//140 7329//135 81//133
f 7327//7525 7328//140 7326//7521
f 7328//140 7332//141 7326//7521
f 7332//141 7328//140 82//139
f 7326//7521 7332//141 7333//7527
f 2572//145 7333//7527 7332//141
f 7335//2928 7333//7527 2572//145
f 7334//7528 7338//7529 7333//7527
f 7333//7527 7335//2928 7334//7528
f 7338//7529 7325//7522 7333//7527
f 7337//7530 7338//7529 7334//7528
f 7334//7528 7335//2928 2575//2930
f 7336//2932 7334//7528 2575//2930
f 7336//2932 7347//2933 7341//7531
f 7336//2932 7341//7531 7340//3187
f 7340//3187 7337//7530 7336//2932
f 7337//7530 7339//7524 7338//7529
f 2813//3191 7359//3192 7337//7530
f 7337//7530 7359//3192 7339//7524
f 7337//7530 7340//3187 2813//3191
f 7342//3189 7341//7531 7348//7532
f 7340//3187 7341//7531 7342//3189
f 7342//3189 7344//7533 7343//3188
f 2810//3181 2811//3184 7343//3188
f 7343//3188 7344//7533 2809//3180
f 2810//3181 7343//3188 2809//3180
f 7344//7533 7345//3153 2809//3180
f 7348//7532 7345//3153 7344//7533
f 2796//2934 7345//3153 7348//7532
f 7348//7532 7347//2933 2796//2934
f 7342//3189 7348//7532 7344//7533
f 7341//7531 7347//2933 7348//7532
f 2808//3154 2809//3180 7345//3153
f 2808//3154 7345//3153 7349//3152
f 2808//3154 7350//3155 7351//3176
f 7351//3176 7350//3155 7352//3156
f 7353//3177 7351//3176 7352//3156
f 2806//3168 2807//3174 7353//3177
f 7354//7534 2806//3168 7353//3177
f 7355//7535 7354//7534 7358//3157
f 7355//7535 2806//3168 7354//7534
f 7355//7535 2804//3162 2806//3168
f 2804//3162 7355//7535 7356//3161
f 7355//7535 7357//3160 7356//3161
f 7357//3160 7355//7535 2800//3158
f 2805//3167 2806//3168 2804//3162
f 2800//3158 7355//7535 7358//3157
f 7358//3157 2798//3150 2800//3158
f 7358//3157 7354//7534 7352//3156
f 7352//3156 7354//7534 7353//3177
f 7339//7524 7325//7522 7338//7529
f 7337//7530 7334//7528 7336//2932
f 7325//7522 7326//7521 7333//7527
f 7324//114 66//82 7327//7525
f 2814//3193 7362//3195 7360//7523
f 7360//7523 7362//3195 7361//113
f 7339//7524 7360//7523 7325//7522
f 7357//3160 2801//3159 2802//3147
f 2790//2946 2799//3146 2792//3148
f 7363//2940 7364//2942 2792//3148
f 2793//2939 7363//2940 2792//3148
f 7365//2941 7364//2942 7363//2940
f 7365//2941 2581//2925 2582//2943
f 7365//2941 2582//2943 7364//2942
f 2986//3144 2788//2950 2787//2951
f 2785//3141 2787//2951 2586//2953
f 2592//2964 2780//3113 2781//3140
f 2780//3113 2592//2964 7366//3111
f 2649//3004 2592//2964 2648//3003
f 7366//3111 2592//2964 2649//3004
f 2648//3003 2592//2964 7367//2968
f 2593//2963 7367//2968 2592//2964
f 2592//2964 2781//3140 2591//2962
f 3012//3129 2767//3124 2765//3126
f 2763//3121 2762//3123 2764//3127
f 3024//3118 2762//3123 2759//3115
f 7366//3111 2649//3004 2751//3108
f 3043//3091 2738//3092 2734//3090
f 2730//3086 2731//3084 2729//3085
f 2726//3081 2727//3046 7368//3067
f 7368//3067 2727//3046 2690//3047
f 7368//3067 2725//3068 2726//3081
f 2715//3063 2714//3066 2712//3065
f 7369//3049 2712//3065 2713//2781
f 2712//3065 7369//3049 2710//3062
f 2710//3062 2715//3063 2712//3065
f 2696//2762 2697//2761 7369//3049
f 2691//2788 2430//2786 2692//3048
f 2688//2792 2432//2789 2689//3043
f 2437//2797 2434//2794 2684//2799
f 2684//2799 2685//3039 2678//3040
f 2679//3028 2678//3040 2671//3027
f 2674//3029 2671//3027 2678//3040
f 2674//3029 2672//3023 2671//3027
f 2666//3019 2664//3017 2668//3024
f 2650//3005 2665//3018 2644//3002
f 2651//2989 2664//3017 2650//3005
f 2663//3007 2664//3017 2651//2989
f 2660//3015 2659//3011 2658//3012
f 2658//3012 2681//3013 2682//3016
f 2531//2890 2655//3010 2532//2891
f 2653//2879 2662//3008 2652//3006
f 2652//3006 2632//2894 2536//2892
f 2651//2989 2650//3005 7370//2990
f 2641//2995 2633//2988 7370//2990
f 7370//2990 2643//3001 2641//2995
f 2643//3001 7370//2990 2650//3005
f 2594//2966 7367//2968 2593//2963
f 2640//2996 2646//2998 2647//2997
f 2598//2971 2647//2997 2596//2969
f 2599//2973 2647//2997 2598//2971
f 2623//2965 2593//2963 2591//2962
f 2584//2945 2585//2948 2791//2947
f 7335//2928 2573//2929 2575//2930
f 7371//152 2563//2919 2564//149
f 2563//2919 7371//152 2562//2918
f 2561//153 2617//2917 7371//152
f 7372//154 2559//2913 2560//2916
f 2560//2916 2561//153 7372//154
f 2561//153 88//155 7372//154
f 88//155 2561//153 87//151
f 2559//2913 7372//154 7373//2909
f 7372//154 89//157 7373//2909
f 92//161 93//166 2554//168
f 2545//2902 2551//2874 2540//2900
f 2551//2874 2541//2876 2540//2900
f 2532//2891 2533//2881 2519//2883
f 2443//2778 2441//2804 2448//2776
f 2523//2887 7374//2812 2524//2814
f 2523//2887 2522//2857 7374//2812
f 2518//2882 2517//2860 2493//2859
f 2517//2860 2495//2852 2494//2851
f 2515//2847 2517//2860 2516//2878
f 2512//2863 102//191 2499//2864
f 2507//2870 111//203 7375//204
f 2477//2832 2465//2834 2463//2833
f 2461//2824 2490//2823 2480//2829
f 2486//2822 2459//2820 2487//2819
f 2450//378 2449//2810 2525//2815
f 2453//2811 2450//378 2525//2815
f 2450//378 2451//377 230//379
f 2450//378 230//379 231//385
f 232//384 2450//378 231//385
f 2432//2789 2431//2787 2691//2788
f 2416//2774 233//387 2417//2772
f 250//404 2411//2766 2412//401
f 2411//2766 250//404 2410//2765
f 250//404 2407//405 2410//2765
f 2410//2765 2407//405 2408//408
f 2402//415 257//414 2400//2618
f 2391//2634 3128//3539 3127//2741
f 7376//2672 3133//2668 2323//2591
f 7376//2672 2323//2591 2324//2592
f 7376//2672 2325//2589 3163//3579
f 3163//3579 2325//2589 3162//2673
f 3160//2740 7376//2672 3163//3579
f 2380//2732 2379//2730 2384//2734
f 2328//2585 2382//2680 2383//2587
f 2383//2587 2380//2732 2384//2734
f 2381//2733 7377//2682 2378//2729
f 2329//2679 7377//2682 2381//2733
f 3183//2725 2377//2727 7377//2682
f 7377//2682 2377//2727 2378//2729
f 3183//2725 7377//2682 2376//2686
f 2376//2686 7377//2682 2335//2683
f 2371//2695 2372//2692 2341//2693
f 3199//2488 3197//2710 2360//2489
f 2338//2581 2337//2690 7379//7536
f 7379//7536 7378//2583 2338//2581
f 7378//2583 2234//2575 2338//2581
f 2331//2584 7378//2583 7379//7536
f 7379//7536 2332//2684 2331//2584
f 7379//7536 2337//2690 2336//2688
f 2333//2685 7379//7536 2336//2688
f 7379//7536 2333//2685 2332//2684
f 2235//2582 2331//2584 2330//2681
f 2235//2582 2330//2681 2329//2679
f 2322//2669 2318//2658 2320//2670
f 2315//2666 2314//2636 2316//2660
f 2306//2662 2311//2665 2304//2661
f 2311//2665 2307//2663 2304//2661
f 2308//2646 2301//2656 7380//2664
f 2301//2656 2303//2657 7380//2664
f 7380//2664 2303//2657 2304//2661
f 2293//2649 2298//2653 2299//2647
f 2293//2649 2291//2611 2292//2607
f 2291//2611 2258//2608 2292//2607
f 7381//2625 2284//2637 2278//2626
f 2281//2631 2277//2627 2279//2628
f 4638//2355 2027//333 2024//473
f 2325//2589 2324//2592 2239//2590
f 2220//2567 2221//2569 2219//2566
f 2207//2547 2206//2551 2205//2549
f 2202//2548 2100//2435 2101//2434
f 2201//2545 2202//2548 7382//2437
f 2202//2548 2101//2434 7382//2437
f 2200//2439 2201//2545 7382//2437
f 2198//2543 2199//2438 2107//2447
f 2156//2507 2157//2509 2159//2513
f 3202//2474 2133//2472 3208//2471
f 3202//2474 2136//2475 2134//2473
f 1979//2311 1978//2309 2131//2468
f 2127//2319 7383//2316 2129//2315
f 2113//2451 2121//2459 2170//2460
f 2113//2451 2112//2452 2121//2459
f 2117//2456 2121//2459 2112//2452
f 1989//2323 2118//2280 2117//2456
f 2116//2455 2117//2456 2112//2452
f 1990//2324 1989//2323 2115//2454
f 1990//2324 2115//2454 1991//2325
f 2115//2454 1992//2278 1991//2325
f 2115//2454 1993//2326 1992//2278
f 7386//2443 2105//2392 7384//2328
f 2105//2392 7385//2329 7384//2328
f 7385//2329 2105//2392 2062//2332
f 2111//2449 2110//2444 7386//2443
f 7387//2393 2106//2445 2103//2440
f 7386//2443 2106//2445 7387//2393
f 2103//2440 2104//2441 7387//2393
f 2104//2441 7388//2395 2064//2394
f 2101//2434 7389//2442 2104//2441
f 2102//2436 7389//2442 2101//2434
f 2102//2436 7390//2397 7389//2442
f 2102//2436 7391//2398 7390//2397
f 7388//2395 7389//2442 7390//2397
f 2102//2436 2099//2402 7391//2398
f 2099//2402 2069//2399 7391//2398
f 2100//2435 2099//2402 2102//2436
f 2100//2435 2098//2400 2099//2402
f 7390//2397 7391//2398 2066//2396
f 7382//2437 2101//2434 2104//2441
f 2100//2435 2203//2433 2098//2400
f 2097//2403 2203//2433 2095//2432
f 2093//2429 2094//2410 2096//2404
f 2261//2428 2093//2429 2260//2431
f 2094//2410 2084//2418 2077//2408
f 2094//2410 2092//2427 2084//2418
f 2091//2419 2084//2418 2092//2427
f 2074//2380 2078//2409 2079//2412
f 2096//2404 2076//2406 2071//2401
f 2076//2406 2072//2405 2071//2401
f 2071//2401 2072//2405 2070//2383
f 2069//2399 2070//2383 2068//2384
f 2055//2387 2058//2390 2067//2385
f 2064//2394 2065//2389 2063//2391
f 2056//2386 7392//2345 2057//2388
f 7392//2345 2056//2386 2054//2372
f 2038//2371 2054//2372 2053//2382
f 259//419 269//428 2270//433
f 4638//2355 2031//2354 3097//2751
f 907//1160 2034//1168 2021//1159
f 2011//1178 2012//1176 915//1154
f 1998//2336 2010//2342 2001//1180
f 1994//2327 1995//2331 1945//2276
f 1946//2273 1945//2276 1995//2331
f 1994//2327 1945//2276 1993//2326
f 1975//2307 1979//2311 1976//2288
f 1961//2291 1973//2298 1971//2292
f 1973//2298 1961//2291 1962//2294
f 7394//2295 1960//2233 7393//2232
f 1960//2233 7396//7537 1900//2234
f 1900//2234 7396//7537 1959//2290
f 1900//2234 1959//2290 7395//2238
f 1900//2234 7395//2238 1901//2236
f 1958//2285 1957//2262 7395//2238
f 1959//2290 1958//2285 7395//2238
f 1974//2289 1959//2290 7396//7537
f 1960//2233 1974//2289 7396//7537
f 1962//2294 1961//2291 1960//2233
f 1957//2262 1931//2239 7395//2238
f 1962//2294 1960//2233 7394//2295
f 1959//2290 1976//2288 1958//2285
f 1953//2266 1952//2268 1937//2267
f 1954//2265 1953//2266 1935//2261
f 1948//2271 1946//2273 1941//1188
f 1924//2255 1907//1204 1929//2240
f 1924//2255 1923//2241 1907//1204
f 1921//2245 1913//2248 1912//2244
f 1912//2244 1910//2242 1922//2246
f 7395//2238 1907//1204 1906//1206
f 1902//2235 1901//2236 1904//2237
f 1905//1220 962//1218 1903//2200
f 1872//2203 1902//2235 1904//2237
f 1896//2204 1898//2230 1899//2205
f 7397//7538 1883//2215 1895//2199
f 1883//2215 7397//7538 1882//2213
f 7398//2206 7397//7538 1895//2199
f 7398//2206 1886//2208 7397//7538
f 1886//2208 1882//2213 7397//7538
f 7251//2227 1884//2214 7399//2216
f 1893//2226 7251//2227 7399//2216
f 7399//2216 1892//2218 1893//2226
f 1892//2218 7248//2223 1893//2226
f 1795//2135 7243//2134 1889//2219
f 1795//2135 1889//2219 1887//2137
f 1881//2209 1877//2207 1879//2141
f 1887//2137 1888//2210 1797//2138
f 1890//2211 1881//2209 1880//2139
f 1878//2140 1877//2207 1876//2196
f 1864//2195 1878//2140 1876//2196
f 1790//2126 7240//2128 1792//2132
f 7236//2108 1777//2105 1772//2103
f 1769//2098 1768//2094 7401//2093
f 1771//2101 1770//2092 7400//1362
f 7400//1362 1761//1363 1771//2101
f 1771//2101 1761//1363 1762//2089
f 3240//2086 1762//2089 1751//1435
f 1761//1363 1074//1327 1756//1364
f 1092//1377 1079//1369 1081//1372
f 1079//1369 1092//1377 1755//1382
f 1130//1384 1131//1432 7402//1383
f 1650//1978 3249//1981 1740//1979
f 1736//2027 3740//2070 1737//1996
f 1697//2025 1736//2027 1737//1996
f 1702//2030 7403//2058 1735//2029
f 1733//2057 1734//2066 7403//2058
f 7403//2058 1734//2066 1735//2029
f 1731//2059 1732//2064 1733//2057
f 1724//2041 1706//2034 1715//2039
f 1706//2034 1707//2016 1715//2039
f 1707//2016 1713//2037 1715//2039
f 1713//2037 1707//2016 1710//2036
f 1716//2042 1714//2038 1717//1901
f 1717//1901 1714//2038 1712//1902
f 1711//1906 7404//2035 1588//1907
f 7404//2035 7405//2013 1588//1907
f 1710//2036 1686//2014 7405//2013
f 1710//2036 7405//2013 7404//2035
f 7405//2013 1685//1909 1588//1907
f 1707//2016 1686//2014 1710//2036
f 1698//2009 7151//2023 1699//2026
f 1675//2002 1695//1997 1667//1927
f 1686//2014 1687//2011 1682//2012
f 7422//1908 1685//1909 1592//1916
f 1681//1921 1598//1919 1683//1920
f 1680//1923 1672//2000 1599//1922
f 1672//2000 1680//1923 1676//2006
f 1676//2006 1680//1923 1678//2005
f 1672//2000 1676//2006 1674//2001
f 1676//2006 1677//2003 1674//2001
f 7406//1931 1665//1995 1663//1994
f 1666//1930 1665//1995 7406//1931
f 1649//1977 1740//1979 1741//1963
f 1635//1962 1644//1975 1645//1976
f 1629//1954 1745//1952 1627//1953
f 1646//1966 1636//1959 1648//1964
f 1627//1953 1626//1946 1628//1943
f 1624//1948 1625//1436 1136//1438
f 1624//1948 1137//1439 7407//1947
f 1136//1438 1137//1439 1624//1948
f 1622//1486 7408//1490 1628//1943
f 1620//1941 1628//1943 7408//1490
f 1619//1940 1620//1941 1170//1489
f 1614//1495 1613//1937 1617//1496
f 1671//1925 1604//1528 1603//1527
f 1602//1531 1671//1925 1603//1527
f 1595//1532 1601//1918 1209//1530
f 1593//1543 1590//1912 1597//1913
f 1593//1543 7410//1542 1590//1912
f 7411//1551 1590//1912 7488//1545
f 1590//1912 7410//1542 7488//1545
f 1220//1546 7411//1551 7488//1545
f 7422//1908 1592//1916 1591//1911
f 7413//7539 7423//7540 1589//1910
f 7424//7541 7423//7540 7413//7539
f 7424//7541 7413//7539 7415//1604
f 7413//7539 7412//1553 1224//1554
f 7411//1551 7412//1553 1589//1910
f 1589//1910 7412//1553 7413//7539
f 7414//1558 7413//7539 1224//1554
f 7416//1599 7414//1558 1255//1557
f 7413//7539 7416//1599 7415//1604
f 7416//1599 7413//7539 7414//1558
f 1259//1600 7415//1604 7416//1599
f 1260//1603 7424//7541 7415//1604
f 7419//7542 7424//7541 1260//1603
f 1585//1898 7419//7542 1260//1603
f 1260//1603 7417//1602 1585//1898
f 7418//1899 7420//1904 7419//7542
f 7419//7542 1585//1898 7418//1899
f 7422//1908 7420//1904 7421//1905
f 7420//1904 7422//1908 7423//7540
f 7420//1904 7423//7540 7424//7541
f 7420//1904 7424//7541 7419//7542
f 7416//1599 1255//1557 1258//1597
f 7423//7540 7422//1908 1589//1910
f 1264//1608 1582//1610 1583//1606
f 1580//1892 3780//1893 1581//1609
f 1580//1892 7425//1614 7426//7543
f 7426//7543 7425//1614 1269//1616
f 7428//1880 7426//7543 1269//1616
f 1269//1616 1572//1878 7428//1880
f 1569//1872 1269//1616 7427//1871
f 1571//1876 1572//1878 1569//1872
f 1569//1872 1572//1878 1269//1616
f 1269//1616 1270//1617 7427//1871
f 1573//1881 1575//1885 7428//1880
f 1575//1885 1580//1892 7428//1880
f 7428//1880 1580//1892 7426//7543
f 1571//1876 1569//1872 1570//1874
f 1561//1794 1489//1789 1490//1791
f 1568//1867 1558//1795 1557//1864
f 7429//1796 1557//1864 1558//1795
f 7429//1796 1492//1797 7430//1800
f 7429//1796 7430//1800 1557//1864
f 1557//1864 7430//1800 7432//1832
f 7432//1832 7430//1800 7431//1802
f 7432//1832 7435//1865 1557//1864
f 1536//1842 7435//1865 7432//1832
f 7434//7544 1556//1863 7435//1865
f 1556//1863 7434//7544 7433//1855
f 7433//1855 7434//7544 1538//1844
f 1538//1844 7434//7544 7435//1865
f 1538//1844 7435//1865 1537//1843
f 1545//1853 7433//1855 1538//1844
f 1537//1843 7435//1865 1536//1842
f 1536//1842 7432//1832 1527//1831
f 1551//1858 27//55 26//53
f 28//58 27//55 7436//59
f 27//55 1550//1851 7436//59
f 7479//7545 7436//59 7437//1849
f 7479//7545 7437//1849 7439//7546
f 7477//7547 7437//1849 7438//1847
f 7439//7546 7437//1849 7477//7547
f 7440//7548 7439//7546 7477//7547
f 32//66 7440//7548 7447//123
f 7441//121 32//66 7447//123
f 7446//120 7442//67 7441//121
f 7442//67 32//66 7441//121
f 34//68 7442//67 7443//7549
f 7444//77 7443//7549 7442//67
f 7444//77 7442//67 7445//117
f 37//78 7444//77 7445//117
f 7442//67 7446//120 7445//117
f 7445//117 68//119 37//78
f 36//75 7443//7549 7444//77
f 36//75 34//68 7443//7549
f 36//75 35//74 34//68
f 47//71 34//68 35//74
f 7447//123 7475//7550 7448//124
f 7478//7551 7475//7550 7447//123
f 7448//124 7475//7550 7449//7552
f 7449//7552 71//122 7448//124
f 72//125 71//122 7449//7552
f 72//125 7449//7552 73//127
f 7449//7552 7450//7553 73//127
f 7449//7552 7474//7554 7450//7553
f 73//127 7450//7553 7451//7555
f 7452//7556 7451//7555 7473//7557
f 7452//7556 73//127 7451//7555
f 75//130 7452//7556 7473//7557
f 73//127 7452//7556 74//128
f 74//128 7452//7556 75//130
f 75//130 7473//7557 76//131
f 7453//7558 7454//7559 76//131
f 7454//7559 78//132 76//131
f 7457//7560 7466//7561 7454//7559
f 7455//7562 7466//7561 7457//7560
f 79//136 7466//7561 7465//7563
f 7465//7563 7466//7561 7455//7562
f 7455//7562 7457//7560 7456//7564
f 7458//7565 7461//7566 7456//7564
f 7457//7560 7458//7565 7456//7564
f 7459//7567 7461//7566 7458//7565
f 7457//7560 7453//7558 7458//7565
f 7454//7559 7453//7558 7457//7560
f 7473//7557 7458//7565 7453//7558
f 7473//7557 7472//7568 7458//7565
f 7458//7565 7472//7568 7459//7567
f 7459//7567 7468//1821 7467//163
f 7467//163 91//159 90//158
f 7467//163 90//158 7460//156
f 7459//7567 7467//163 7460//156
f 7461//7566 7459//7567 7460//156
f 7462//7569 7461//7566 7460//156
f 88//155 7462//7569 7460//156
f 7461//7566 7464//7570 7456//7564
f 7464//7570 7461//7566 7462//7569
f 88//155 87//151 7462//7569
f 7463//7571 7464//7570 7462//7569
f 7463//7571 7462//7569 87//151
f 7464//7570 7463//7571 86//146
f 87//151 2569//148 7463//7571
f 85//147 7464//7570 86//146
f 85//147 7465//7563 7464//7570
f 85//147 80//137 7465//7563
f 80//137 79//136 7465//7563
f 84//138 80//137 85//147
f 79//136 81//133 7466//7561
f 81//133 78//132 7466//7561
f 7465//7563 7455//7562 7464//7570
f 2569//148 86//146 7463//7571
f 7455//7562 7456//7564 7464//7570
f 7471//7572 7469//7573 7468//1821
f 7469//7573 1521//1820 7468//1821
f 7469//7573 1530//1836 1521//1820
f 7469//7573 1532//1835 1530//1836
f 7470//7574 1541//1837 1532//1835
f 7474//7554 7470//7574 7450//7553
f 7450//7553 7470//7574 7471//7572
f 7471//7572 7470//7574 1532//1835
f 1532//1835 7469//7573 7471//7572
f 7450//7553 7471//7572 7451//7555
f 7473//7557 7471//7572 7472//7568
f 7459//7567 7472//7568 7468//1821
f 7471//7572 7473//7557 7451//7555
f 7471//7572 7468//1821 7472//7568
f 7449//7552 7475//7550 7474//7554
f 7475//7550 7476//1848 7474//7554
f 7478//7551 7476//1848 7475//7550
f 7438//1847 7478//7551 7477//7547
f 7478//7551 7438//1847 7476//1848
f 7476//1848 7470//7574 7474//7554
f 7476//1848 1541//1837 7470//7574
f 1530//1836 1523//1822 1521//1820
f 7468//1821 1520//162 7467//163
f 7453//7558 76//131 7473//7557
f 7454//7559 7466//7561 78//132
f 7447//123 7477//7547 7478//7551
f 7440//7548 7477//7547 7447//123
f 32//66 7479//7545 7440//7548
f 32//66 31//63 7479//7545
f 31//63 29//60 7479//7545
f 7479//7545 29//60 7436//59
f 7440//7548 7479//7545 7439//7546
f 7436//59 1550//1851 7437//1849
f 1544//1850 1549//1859 1547//1852
f 1536//1842 1527//1831 1535//1833
f 1531//1834 1533//1838 1534//1841
f 1530//1836 1529//1825 1523//1822
f 1525//1829 7431//1802 7480//1804
f 7482//1830 1525//1829 7480//1804
f 7480//1804 7481//1806 7482//1830
f 7481//1806 1513//1809 1516//171
f 7487//1816 7481//1806 1516//171
f 7487//1816 7482//1830 7481//1806
f 7484//1815 7482//1830 7487//1816
f 7482//1830 7484//1815 7483//1826
f 7483//1826 7484//1815 7486//1824
f 7484//1815 7485//1819 7486//1824
f 7486//1824 7485//1819 1523//1822
f 7485//1819 7484//1815 1517//1817
f 7480//1804 1495//1803 7481//1806
f 7485//1819 1522//1818 1523//1822
f 1520//162 1519//164 91//159
f 1515//1814 94//167 1518//165
f 1518//165 94//167 93//166
f 95//173 2552//172 1514//178
f 1505//1787 1280//745 1504//744
f 1267//1613 1480//1620 1268//1615
f 1261//1601 1259//1600 1257//1598
f 1244//1583 1242//1581 1243//1582
f 1229//1565 1238//1568 1239//1566
f 1221//1552 1219//1550 1222//1555
f 1220//1546 1219//1550 1221//1552
f 7488//1545 1216//1544 1217//1547
f 1217//1547 1220//1546 7488//1545
f 1204//1512 1194//1507 1193//1509
f 1194//1507 1185//1501 7489//1456
f 1194//1507 7489//1456 1188//1502
f 1191//1506 1192//1510 1194//1507
f 7490//1459 1186//1457 1184//1499
f 1182//1463 7490//1459 1184//1499
f 1182//1463 1153//1462 7490//1459
f 1617//1496 1618//1491 1171//1492
f 1166//1480 1167//1479 1139//1440
f 1166//1480 1139//1440 1142//1442
f 1145//1483 1148//1454 1146//1450
f 1124//1422 1135//1421 1134//1425
f 1133//1426 1132//1437 7493//7575
f 1625//1436 1132//1437 1133//1426
f 1133//1426 7493//7575 1126//1424
f 7493//7575 7492//1428 1126//1424
f 1126//1424 7492//1428 7491//1427
f 7492//1428 1102//1393 7491//1427
f 7492//1428 7493//7575 1128//1430
f 1128//1430 7493//7575 1132//1437
f 7494//1391 1129//1429 1130//1384
f 1102//1393 1129//1429 7494//1391
f 7494//1391 1099//1389 1102//1393
f 1130//1384 1100//1385 7494//1391
f 1120//1416 1125//1423 1127//1394
f 1127//1394 1103//1395 1120//1416
f 7495//1400 1119//1396 1105//1398
f 1110//1405 7495//1400 1106//1399
f 1109//1403 1106//1399 1107//1401
f 1100//1385 1097//1386 1099//1389
f 1097//1386 1095//1380 1094//1379
f 1093//1378 1096//1381 1092//1377
f 1094//1379 1028//1304 1425//1303
f 7496//1324 1078//1318 1076//1367
f 1076//1367 1075//1325 7496//1324
f 1761//1363 1073//1361 1074//1327
f 1066//1355 1067//1332 1068//1334
f 1065//1335 1799//1340 1052//1337
f 1063//1350 1062//1346 1064//1339
f 1062//1346 1057//1343 1064//1339
f 1060//1345 1061//1347 1865//1349
f 1058//1344 1061//1347 1060//1345
f 1049//1233 975//1244 1050//1336
f 1067//1332 1065//1335 1046//1239
f 1050//1336 975//1244 976//1242
f 7497//1316 1045//1333 1046//1239
f 7497//1316 7498//1315 1045//1333
f 7498//1315 1069//1329 1045//1333
f 7497//1316 1046//1239 977//1240
f 1042//1322 1071//1323 1044//1328
f 1078//1318 7496//1324 1043//1321
f 1034//1310 1033//1311 1036//1241
f 1036//1241 1035//1248 1034//1310
f 7499//1309 1035//1248 980//1247
f 7500//1251 7499//1309 980//1247
f 7501//1281 7502//7576 1009//1277
f 984//1254 7503//7577 7502//7576
f 7502//7576 7503//7577 1009//1277
f 985//1257 7503//7577 984//1254
f 7504//1256 998//1259 7503//7577
f 7504//1256 7503//7577 985//1257
f 7503//7577 999//1264 1008//1276
f 999//1264 7503//7577 998//1259
f 1008//1276 1009//1277 7503//7577
f 982//1253 984//1254 7502//7576
f 7501//1281 981//1249 7502//7576
f 981//1249 982//1253 7502//7576
f 7500//1251 981//1249 7501//1281
f 1011//1278 7500//1251 7501//1281
f 1013//1285 1031//1307 1033//1311
f 1013//1285 1034//1310 1032//1284
f 7500//1251 1011//1278 1012//1282
f 1027//1300 1030//1302 1015//1287
f 1015//1287 1018//1288 1027//1300
f 1027//1300 1018//1288 1026//1292
f 1014//1286 1032//1284 1016//1283
f 1435//1280 1016//1283 1011//1278
f 999//1264 1000//1266 1008//1276
f 1000//1266 1004//1267 1007//1274
f 831//1083 832//1080 7505//1082
f 980//1247 7507//1246 7506//1250
f 7507//1246 7508//7578 974//1235
f 7506//1250 7507//1246 974//1235
f 7507//1246 975//1244 7508//7578
f 7508//7578 1049//1233 973//1232
f 7508//7578 975//1244 1049//1233
f 838//1084 7509//1252 974//1235
f 7509//1252 838//1084 831//1083
f 974//1235 7509//1252 7506//1250
f 7508//7578 973//1232 974//1235
f 971//1093 838//1084 974//1235
f 964//1224 956//1099 965//1213
f 958//1210 963//1216 7510//1223
f 960//1219 961//1217 7510//1223
f 961//1217 958//1210 7510//1223
f 958//1210 950//1211 957//1212
f 955//1214 954//1098 968//1091
f 949//1103 948//1209 846//1102
f 945//1198 944//1207 941//1199
f 944//1207 943//1202 941//1199
f 942//1200 939//1194 940//1195
f 938//1196 940//1195 931//1122
f 2029//2353 700//915 2021//1159
f 7511//944 7513//955 888//1148
f 7512//1142 888//1148 7513//955
f 883//1140 7512//1142 7513//955
f 860//1113 849//1111 861//1110
f 7505//1082 840//1081 995//1079
f 855//1060 854//975 817//974
f 815//981 796//1042 795//1041
f 813//1056 814//1057 734//982
f 813//1056 734//982 7514//986
f 812//1055 813//1056 7514//986
f 7515//851 812//1055 7514//986
f 7515//851 7514//986 738//988
f 805//1049 801//1048 807//1015
f 7517//1021 7519//1053 7516//844
f 7516//844 784//1017 7517//1021
f 7518//1026 7517//1021 785//810
f 785//810 786//1022 7518//1026
f 7520//1052 7519//1053 7521//7579
f 7521//7579 7519//1053 7518//1026
f 7518//1026 788//1027 7521//7579
f 7523//1033 7521//7579 788//1027
f 802//1050 7520//1052 7521//7579
f 7522//1046 7521//7579 7523//1033
f 7522//1046 802//1050 7521//7579
f 789//1028 7523//1033 788//1027
f 7523//1033 789//1028 790//1029
f 7522//1046 7523//1033 793//1034
f 7518//1026 7519//1053 7517//1021
f 795//1041 810//1044 797//1039
f 794//1037 798//1040 793//1034
f 583//809 786//1022 785//810
f 778//843 784//1017 7516//844
f 589//818 782//1020 615//832
f 734//982 735//983 736//985
f 850//967 725//961 726//963
f 873//1129 717//998 874//999
f 717//998 873//1129 718//953
f 873//1129 722//954 718//953
f 709//946 7524//924 711//948
f 7524//924 709//946 890//942
f 7524//924 890//942 706//926
f 2022//483 700//915 2029//2353
f 687//489 700//915 2022//483
f 693//910 7524//924 694//922
f 679//906 681//911 682//493
f 680//909 693//910 692//912
f 325//501 675//903 676//905
f 673//503 669//893 674//901
f 673//503 7525//504 669//893
f 7525//504 668//506 669//893
f 667//892 668//506 7529//507
f 334//515 665//888 7526//512
f 665//888 7527//511 7526//512
f 7526//512 7527//511 332//513
f 7527//511 331//509 332//513
f 665//888 7529//507 7528//510
f 7528//510 7527//511 665//888
f 666//890 7529//507 665//888
f 666//890 667//892 7529//507
f 669//893 668//506 7530//891
f 752//897 716//952 715//900
f 656//882 655//881 672//894
f 672//894 752//897 670//895
f 7530//891 657//885 671//884
f 671//884 656//882 672//894
f 666//890 664//889 667//892
f 662//517 665//888 334//515
f 660//870 662//517 336//518
f 660//870 336//518 645//869
f 647//871 659//872 660//870
f 648//873 658//883 659//872
f 658//883 648//873 656//882
f 671//884 658//883 656//882
f 653//876 650//875 651//867
f 345//531 346//534 638//533
f 7532//838 7531//629 7533//835
f 7531//629 618//630 7533//835
f 452//643 617//833 451//641
f 586//814 783//815 587//817
f 582//807 613//808 612//805
f 580//803 582//807 612//805
f 7534//790 576//797 578//800
f 564//781 7534//790 570//789
f 565//780 569//788 564//781
f 563//771 1460//779 564//781
f 1317//768 1318//774 559//769
f 520//721 548//695 519//698
f 516//719 518//697 7536//7580
f 515//716 516//719 7536//7580
f 7536//7580 7537//7581 515//716
f 515//716 7537//7581 514//712
f 7537//7581 7538//701 7539//706
f 7537//7581 7539//706 514//712
f 7538//701 7540//703 7539//706
f 7540//703 7538//701 499//702
f 7536//7580 7535//699 7538//701
f 7538//701 7535//699 497//700
f 7538//701 7537//7581 7536//7580
f 518//697 7535//699 7536//7580
f 1288//753 1287//724 521//720
f 526//727 525//730 524//726
f 524//726 525//730 522//717
f 543//732 525//730 527//728
f 533//736 7541//194 104//192
f 533//736 530//735 7541//194
f 7541//194 530//735 7542//729
f 7542//729 107//196 7541//194
f 7542//729 526//727 7543//199
f 7542//729 7543//199 107//196
f 510//713 509//705 511//711
f 114//207 113//206 115//210
f 7539//706 501//672 7544//681
f 7540//703 501//672 7539//706
f 7539//706 7544//681 502//704
f 500//682 499//702 7545//667
f 7545//667 499//702 486//683
f 486//683 499//702 498//685
f 490//659 464//660 489//688
f 489//688 464//660 488//661
f 487//684 465//662 485//668
f 465//662 467//664 485//668
f 482//680 472//673 474//676
f 7547//7582 7546//251 470//670
f 470//670 469//666 7547//7582
f 7547//7582 469//666 468//606
f 7549//597 7547//7582 7548//598
f 136//250 7547//7582 7549//597
f 136//250 7546//251 7547//7582
f 137//252 136//250 7549//597
f 7548//598 7547//7582 7550//599
f 7551//605 7547//7582 468//606
f 7550//599 7547//7582 7551//605
f 424//600 7550//599 7551//605
f 7552//601 424//600 7551//605
f 7551//605 427//603 7552//601
f 429//604 468//606 7554//665
f 7554//665 7553//607 429//604
f 431//611 430//608 7553//607
f 7553//607 7554//665 431//611
f 7554//665 432//612 431//611
f 432//612 7554//665 466//663
f 7554//665 467//664 466//663
f 432//612 466//663 7555//613
f 463//658 7556//614 7555//613
f 463//658 459//652 7556//614
f 458//653 7557//615 459//652
f 459//652 7557//615 7556//614
f 458//653 7558//637 7557//615
f 458//653 7559//638 7558//637
f 458//653 456//650 7559//638
f 448//640 454//639 453//642
f 456//650 454//639 7559//638
f 449//636 7559//638 454//639
f 456//650 458//653 457//651
f 465//662 463//658 7555//613
f 466//663 465//662 7555//613
f 456//650 455//645 454//639
f 447//616 446//618 433//609
f 444//634 450//635 445//633
f 7564//617 446//618 450//635
f 7561//623 443//632 7560//624
f 444//634 443//632 7561//623
f 7562//7583 7561//623 7563//619
f 7562//7583 7563//619 436//621
f 7564//617 7561//623 7562//7583
f 7562//7583 434//610 7564//617
f 434//610 7562//7583 436//621
f 442//631 441//625 7560//624
f 443//632 442//631 7560//624
f 436//621 352//545 435//546
f 434//610 436//621 435//546
f 435//546 354//547 430//608
f 426//548 428//602 430//608
f 354//547 426//548 430//608
f 435//546 430//608 434//610
f 7552//601 426//548 355//549
f 424//600 356//550 423//555
f 360//556 416//278 421//596
f 360//556 421//596 422//557
f 338//519 337//457 7565//455
f 644//520 336//518 337//457
f 300//470 289//458 335//516
f 333//514 300//470 335//516
f 331//509 330//477 332//513
f 7529//507 327//508 7528//510
f 329//485 313//484 330//477
f 329//485 327//508 328//498
f 329//485 328//498 7566//486
f 328//498 321//496 7566//486
f 7566//486 320//490 313//484
f 7566//486 321//496 320//490
f 313//484 320//490 315//478
f 299//469 306//475 298//467
f 282//444 297//468 283//445
f 297//468 282//444 291//460
f 282//444 293//461 291//460
f 294//449 286//452 288//456
f 275//437 200//341 198//336
f 200//341 273//434 7567//344
f 273//434 200//341 275//437
f 7568//342 7567//344 273//434
f 7569//346 7568//342 220//369
f 7568//342 7570//435 220//369
f 7572//7584 220//369 271//431
f 7572//7584 7571//7585 220//369
f 271//431 220//369 7570//435
f 7574//7586 7573//370 7571//7585
f 7572//7584 7574//7586 7571//7585
f 242//371 7573//370 7574//7586
f 221//367 7573//370 242//371
f 244//396 242//371 7574//7586
f 243//394 242//371 244//396
f 262//424 244//396 7572//7584
f 262//424 7572//7584 2269//430
f 2269//430 7572//7584 271//431
f 244//396 7574//7586 7572//7584
f 7573//370 220//369 7571//7585
f 7570//435 7568//342 273//434
f 271//431 7570//435 270//429
f 245//395 244//396 262//424
f 238//392 246//397 237//391
f 238//392 240//393 243//394
f 227//375 224//374 228//380
f 214//361 7575//363 223//372
f 202//345 209//348 208//349
f 209//348 218//347 210//356
f 222//365 217//366 221//367
f 7567//344 203//230 126//231
f 7567//344 126//231 199//340
f 126//231 7577//339 199//340
f 7578//7587 7577//339 126//231
f 7585//234 7580//261 7579//338
f 7585//234 7584//7588 7580//261
f 7584//7588 143//257 7581//259
f 7584//7588 7583//239 143//257
f 7582//242 142//256 7583//239
f 7583//239 142//256 143//257
f 130//237 7582//242 7583//239
f 131//238 7582//242 130//237
f 132//241 133//244 7582//242
f 133//244 142//256 7582//242
f 141//255 134//246 140//249
f 7586//236 7584//7588 7585//234
f 127//232 7585//234 7579//338
f 127//232 7578//7587 126//231
f 127//232 7579//338 7578//7587
f 128//233 7585//234 127//232
f 7586//236 7585//234 122//224
f 7586//236 7583//239 7584//7588
f 7580//261 7584//7588 7581//259
f 7578//7587 7579//338 7577//339
f 200//341 7567//344 199//340
f 185//294 192//325 191//327
f 195//335 187//267 186//286
f 182//305 180//321 181//324
f 182//305 174//311 180//321
f 177//314 280//320 176//313
f 151//271 158//281 150//269
f 7581//259 145//260 148//262
f 196//263 148//262 147//264
f 131//238 481//240 7582//242
f 122//224 121//222 129//235
f 505//214 118//215 7587//219
f 87//151 2564//149 2569//148
f 77//129 76//131 78//132
f 38//76 41//115 39//79
f 39//79 41//115 42//81
f 62//109 61//106 44//84
f 60//104 7321//103 7589//89
f 55//90 53//97 7588//91
f 53//97 48//72 7588//91
f 56//101 55//90 7589//89
f 58//87 46//80 45//86
f 44//84 61//106 45//86
f 47//71 33//69 34//68
