# Blender 5.0.1
# www.blender.org
mtllib distal_19825_coacd.mtl
o geometry_9.001
v 0.001925 0.015316 -0.025399
v 0.001711 0.015143 -0.023801
v -0.001031 0.013866 -0.024526
v 0.001942 -0.015543 -0.027475
v 0.001802 0.014303 -0.025244
v -0.000318 0.013994 -0.024333
v -0.001808 0.013555 -0.024311
v -0.001807 0.013593 -0.024780
v -0.001144 -0.018146 -0.027334
v 0.001805 -0.015514 -0.027469
v 0.001071 0.013955 -0.026214
v 0.001340 0.013637 -0.026328
v -0.000417 0.013152 -0.026284
v -0.002369 0.013410 -0.024847
v -0.001730 0.012898 -0.025756
v -0.005101 0.012467 -0.025165
v -0.003844 0.012836 -0.024773
v -0.002641 -0.017340 -0.027544
v 0.001722 -0.016413 -0.030608
v 0.001008 0.013438 -0.027341
v 0.001161 0.013200 -0.027203
v -0.000016 0.012969 -0.027041
v -0.000907 0.012735 -0.026804
v -0.002615 0.011387 -0.028335
v -0.005945 0.011932 -0.025203
v -0.006284 0.009369 -0.029502
v -0.007171 0.008871 -0.029506
v -0.007844 0.008379 -0.029543
v -0.003853 -0.017416 -0.027463
v -0.002659 -0.017190 -0.031648
v 0.002236 -0.017825 -0.032060
v 0.002017 -0.017232 -0.033201
v 0.001702 -0.016686 -0.032363
v 0.001702 -0.016653 -0.032041
v 0.001721 -0.016550 -0.031336
v 0.001723 -0.016506 -0.031073
v 0.000962 0.012997 -0.028001
v 0.001123 0.012765 -0.027850
v -0.001897 0.011572 -0.028405
v -0.004146 0.009963 -0.030551
v -0.004930 0.009967 -0.029473
v -0.006649 0.011414 -0.025248
v -0.008901 0.007534 -0.029616
v -0.004793 -0.017086 -0.031557
v -0.003985 -0.017224 -0.031606
v -0.003521 -0.017238 -0.031620
v -0.004728 -0.017232 -0.027425
v 0.000886 0.011283 -0.029819
v 0.000900 0.012363 -0.028743
v 0.001082 0.012067 -0.028650
v -0.000550 0.011219 -0.029223
v -0.000503 0.011869 -0.028491
v -0.001947 0.011030 -0.029125
v -0.003244 0.010458 -0.029527
v -0.004405 0.011342 -0.029864
v -0.007614 0.010102 -0.025425
v -0.009417 0.007003 -0.029666
v -0.009874 0.006352 -0.029712
v -0.005313 -0.016955 -0.031534
v -0.004897 -0.017143 -0.027438
v -0.006635 -0.016282 -0.031464
v -0.005987 -0.016686 -0.031497
v -0.005822 -0.016760 -0.031504
v -0.000598 0.010930 -0.029567
v 0.000886 0.011577 -0.029494
v -0.002084 0.010821 -0.029480
v -0.007787 0.009904 -0.025465
v -0.010568 0.005205 -0.029809
v -0.006705 -0.015823 -0.027299
v -0.007516 -0.015611 -0.031394
v -0.010909 0.004482 -0.029909
v -0.011288 0.003580 -0.030017
v -0.008122 0.009266 -0.025551
v -0.008057 -0.014480 -0.027168
v -0.009951 -0.012498 -0.030035
v -0.008230 -0.014929 -0.031317
v -0.011417 0.003010 -0.030067
v -0.008624 0.008024 -0.025670
v -0.009599 -0.012907 -0.027001
v -0.009928 -0.012379 -0.029050
v -0.010306 -0.011994 -0.026790
v -0.009993 -0.012260 -0.026436
v -0.010251 -0.011972 -0.029552
v -0.010073 -0.012510 -0.031329
v -0.008886 -0.014139 -0.031362
v -0.011623 0.002314 -0.030062
v -0.008962 0.006622 -0.025808
v -0.009917 -0.012570 -0.026957
v -0.010859 -0.010894 -0.026602
v -0.010664 -0.010814 -0.026332
v -0.010504 -0.011841 -0.031231
v -0.010280 -0.012701 -0.031171
v -0.009671 -0.013345 -0.031241
v -0.011632 0.001895 -0.030119
v -0.011378 -0.006889 -0.026530
v -0.011177 -0.009776 -0.026549
v -0.010767 -0.010745 -0.028011
v -0.010969 -0.010669 -0.031092
v -0.010727 -0.011997 -0.031095
v -0.010865 -0.010721 -0.029494
v -0.011767 0.000890 -0.030101
v -0.011386 -0.007514 -0.026547
v -0.011279 -0.008266 -0.026464
v -0.010958 -0.009974 -0.026133
v -0.011098 -0.009411 -0.031005
v -0.011392 -0.009443 -0.030876
v -0.011321 -0.009999 -0.030932
v -0.011229 -0.010744 -0.030983
v -0.010956 -0.009615 -0.027864
v -0.011018 -0.009517 -0.029366
v -0.011763 0.000627 -0.030136
v -0.011824 -0.000583 -0.030180
v -0.011824 -0.000702 -0.030191
v -0.011794 -0.002227 -0.030262
v -0.011043 -0.008323 -0.025894
vn 0.4306 -0.9017 -0.0395
vn 0.3824 -0.9015 -0.2026
vn 0.3273 -0.8544 -0.4036
vn 0.2795 -0.7885 -0.5479
vn 0.3514 -0.8905 -0.2891
vn 0.1618 -0.3224 0.9327
vn 0.1419 -0.2751 0.9509
vn 0.1151 -0.2154 0.9697
vn 0.1890 -0.3504 0.9173
vn 0.0940 -0.1807 0.9790
vn 0.0559 -0.1177 0.9915
vn 0.0509 -0.1104 0.9926
vn 0.0059 -0.0544 0.9985
vn -0.0417 -0.0259 0.9988
vn -0.2148 0.0763 0.9737
vn 0.0176 -0.0550 0.9983
vn 0.0014 -0.0465 0.9989
vn 0.1246 -0.1061 0.9865
vn 0.2064 -0.1417 0.9682
vn 0.0534 -0.0783 0.9955
vn 0.0357 -0.0711 0.9968
vn 0.0281 -0.0686 0.9972
vn 0.0268 -0.0683 0.9973
vn -0.0942 -0.0427 0.9946
vn 0.0288 -0.0680 0.9973
vn 0.0707 -0.0752 0.9947
vn -0.1605 -0.0423 0.9861
vn 0.1015 -0.0667 0.9926
vn -0.0254 0.0671 -0.9974
vn 0.9997 -0.0022 -0.0258
vn 1.0000 -0.0069 0.0032
vn 1.0000 -0.0053 -0.0060
vn 0.9996 -0.0013 -0.0275
vn 1.0000 -0.0076 0.0029
vn 0.9100 -0.0942 0.4039
vn -0.9850 -0.0428 0.1669
vn 0.9561 0.0663 -0.2853
vn -0.0280 0.7417 -0.6701
vn 0.3631 0.6403 -0.6768
vn -0.0959 0.7605 -0.6422
vn -0.5363 0.7190 -0.4421
vn -0.7508 0.6152 -0.2404
vn -0.8159 0.1837 0.5483
vn -0.9873 0.1022 -0.1216
vn -0.2544 0.8288 -0.4983
vn 0.1642 -0.9853 0.0472
vn 0.2587 -0.8965 -0.3598
vn 0.3519 -0.9330 -0.0757
vn -0.0409 -0.0055 -0.9991
vn -0.2178 0.9591 -0.1807
vn -0.7312 -0.4279 -0.5312
vn -0.2556 0.8924 -0.3720
vn -0.2674 0.8896 -0.3702
vn 0.3180 -0.9450 -0.0767
vn -0.3281 0.8532 -0.4056
vn -0.1867 0.8905 -0.4149
vn -0.3869 0.7528 0.5325
vn 0.3550 -0.9271 -0.1203
vn 0.0691 -0.1282 -0.9893
vn 0.3646 -0.8977 0.2473
vn -0.8739 -0.4212 0.2426
vn -0.2330 0.7627 -0.6034
vn -0.2095 -0.4821 0.8507
vn -0.2570 0.8993 -0.3540
vn -0.3206 0.8676 -0.3800
vn -0.3300 0.8583 -0.3930
vn -0.3278 0.8598 -0.3915
vn -0.1903 0.8741 -0.4470
vn -0.2879 0.8147 -0.5034
vn -0.4384 0.7837 -0.4401
vn -0.5336 0.7586 -0.3739
vn -0.4702 0.7726 -0.4267
vn 0.0598 -0.9975 -0.0369
vn -0.1315 -0.9907 -0.0357
vn 0.4133 0.8379 0.3564
vn 0.6899 -0.4598 0.5592
vn 0.2540 -0.9622 0.0983
vn 0.2854 -0.9495 0.1306
vn 0.3065 -0.9388 0.1570
vn 0.3277 -0.9263 0.1861
vn -0.8640 -0.3894 0.3193
vn -0.8715 -0.3819 0.3078
vn -0.2234 0.8147 -0.5351
vn -0.2331 0.8217 -0.5200
vn -0.2625 0.8316 -0.4895
vn -0.3295 0.8600 -0.3897
vn -0.2658 0.8842 -0.3842
vn -0.3930 0.8729 -0.2890
vn -0.3775 0.8701 -0.3170
vn -0.5679 0.7411 -0.3581
vn -0.5272 0.7518 -0.3961
vn -0.1637 0.3270 0.9307
vn 0.0841 -0.2570 -0.9627
vn 0.2478 -0.7071 -0.6622
vn -0.0730 0.2255 -0.9715
vn -0.2607 0.9412 -0.2151
vn -0.0637 0.0737 -0.9952
vn -0.0746 0.0702 -0.9947
vn -0.0373 0.0755 -0.9965
vn -0.0273 0.0765 -0.9967
vn -0.0478 0.0747 -0.9961
vn -0.0250 0.0760 -0.9968
vn -0.0285 0.0759 -0.9967
vn -0.0087 0.0763 -0.9970
vn -0.0030 0.0763 -0.9971
vn -0.0214 0.0766 -0.9968
vn -0.0337 0.0771 -0.9965
vn 0.1421 0.0624 -0.9879
vn -0.0663 0.0860 -0.9941
vn -0.0286 0.0805 -0.9963
vn -0.0401 0.0826 -0.9958
vn -0.0236 0.0792 -0.9966
vn 0.0126 0.0704 -0.9974
vn -0.0694 0.0914 -0.9934
vn -0.0364 0.0826 -0.9959
vn 0.0376 0.0476 -0.9982
vn -0.0382 0.0891 -0.9953
vn 0.0622 0.0334 -0.9975
vn -0.0938 0.1304 -0.9870
vn 0.1700 -0.0404 -0.9846
vn -0.0734 0.1341 -0.9882
vn 0.1846 -0.0617 -0.9809
vn -0.0002 0.0888 -0.9960
vn -0.0667 0.1455 -0.9871
vn -0.1149 0.1901 -0.9750
vn -0.0236 0.0977 -0.9949
vn -0.0036 0.0740 -0.9973
vn -0.0683 0.1588 -0.9850
vn -0.1337 0.2504 -0.9588
vn -0.1544 0.2825 -0.9468
vn -0.1700 -0.9846 -0.0401
vn -0.0314 -0.9985 -0.0452
vn 0.0548 -0.9978 -0.0383
vn -0.2069 -0.9779 -0.0311
vn -0.8313 -0.3859 0.4000
vn -0.8605 -0.3612 0.3591
vn -0.1622 0.7478 -0.6439
vn -0.1543 0.7444 -0.6496
vn -0.2030 0.7859 -0.5841
vn -0.2034 0.7889 -0.5799
vn 0.0028 0.7987 -0.6017
vn 0.3686 -0.9217 0.1210
vn -0.5491 -0.4529 0.7024
vn 0.8005 -0.1405 0.5827
vn -0.6803 0.6858 -0.2586
vn -0.8146 0.5763 -0.0652
vn -0.7944 0.5983 -0.1046
vn -0.2471 -0.9685 -0.0302
vn -0.4651 -0.8852 0.0114
vn -0.5267 -0.8486 0.0491
vn -0.4089 -0.9126 0.0041
vn -0.3577 -0.9338 -0.0121
vn -0.2792 0.7124 -0.6439
vn -0.2581 0.6699 -0.6962
vn -0.3899 0.7300 -0.5613
vn -0.3621 0.0682 0.9297
vn -0.0930 0.7676 -0.6342
vn -0.0840 0.7485 -0.6578
vn -0.3352 0.8631 -0.3778
vn -0.2566 0.8734 -0.4140
vn -0.7172 0.6661 -0.2047
vn -0.8549 0.5186 -0.0136
vn -0.5838 -0.8080 0.0792
vn -0.6000 -0.7962 0.0776
vn -0.9030 0.4067 0.1382
vn -0.9112 0.3586 0.2027
vn -0.8870 0.4596 0.0437
vn -0.7057 -0.7081 -0.0234
vn -0.7670 -0.6233 0.1523
vn -0.6822 -0.7246 0.0976
vn -0.9084 0.1719 0.3811
vn -0.9145 0.3501 0.2026
vn -0.7159 -0.6952 -0.0642
vn -0.7831 -0.6151 0.0920
vn -0.2545 -0.9594 0.1211
vn 0.6733 0.7382 -0.0410
vn -0.8590 -0.5115 0.0239
vn -0.8307 -0.5504 0.0837
vn -0.7930 -0.6039 0.0806
vn -0.5438 -0.4109 0.7317
vn -0.9221 0.2751 0.2721
vn -0.9056 0.1804 0.3840
vn -0.7300 -0.6810 -0.0582
vn -0.8343 -0.5494 -0.0457
vn 0.8063 0.4677 -0.3620
vn 0.6980 0.3684 -0.6141
vn -0.9037 -0.4240 0.0594
vn 0.2053 -0.9729 -0.1068
vn -0.8319 -0.5487 0.0830
vn 0.4821 0.1855 0.8562
vn 0.4013 0.2851 0.8704
vn 0.4327 0.2981 0.8508
vn -0.9957 0.0088 0.0921
vn -0.8964 0.1378 0.4213
vn 0.7505 0.2423 -0.6149
vn -0.9353 -0.3511 0.0431
vn -0.8990 -0.4363 0.0374
vn 0.4767 0.0850 0.8750
vn 0.4240 0.1726 0.8891
vn -0.9230 -0.3809 0.0542
vn -0.9267 -0.3727 0.0482
vn -0.9151 0.1296 0.3819
vn -0.9919 0.0087 0.1271
vn 0.8972 0.0849 -0.4333
vn 0.7777 0.6179 -0.1158
vn -0.8901 -0.4530 0.0509
vn 0.4037 -0.0218 0.9146
vn 0.3279 -0.0531 0.9432
vn 0.3890 -0.0157 0.9211
vn 0.3683 0.0652 0.9274
vn -0.9384 -0.3419 0.0500
vn -1.0000 0.0097 0.0008
vn -0.9948 -0.0956 0.0352
vn -0.9936 -0.1053 0.0417
vn -0.9983 -0.0223 0.0544
vn -0.9791 0.0423 0.1989
vn -0.9950 -0.0112 0.0988
vn -0.9717 -0.1569 -0.1764
vn 0.9046 -0.1691 -0.3914
vn 0.8186 0.4962 -0.2892
vn -0.9805 -0.1924 -0.0410
vn -0.9951 -0.0244 0.0961
vn -0.9940 -0.1006 0.0420
vn 0.4062 -0.0549 0.9121
vn -0.9924 -0.1182 0.0336
vn -0.9944 -0.1023 0.0281
s 0
f 1//1 2//1 3//1
f 1//2 3//2 8//2
f 1//3 8//3 14//3
f 1//4 14//4 17//4
f 1//5 17//5 16//5
f 1//6 16//6 25//6
f 1//7 25//7 42//7
f 1//8 42//8 56//8
f 1//9 56//9 67//9
f 1//10 67//10 73//10
f 1//11 73//11 78//11
f 1//12 78//12 87//12
f 1//13 87//13 95//13
f 1//14 95//14 102//14
f 1//15 102//15 103//15
f 1//16 103//16 96//16
f 1//17 96//17 89//17
f 1//18 89//18 81//18
f 1//19 81//19 88//19
f 1//20 88//20 79//20
f 1//21 79//21 74//21
f 1//22 74//22 69//22
f 1//23 69//23 60//23
f 1//24 60//24 47//24
f 1//25 47//25 29//25
f 1//26 29//26 18//26
f 1//27 18//27 9//27
f 1//28 9//28 4//28
f 1//29 4//29 10//29
f 1//30 10//30 19//30
f 1//31 19//31 36//31
f 1//32 36//32 35//32
f 1//33 35//33 34//33
f 1//34 34//34 33//34
f 1//35 33//35 32//35
f 1//36 32//36 31//36
f 1//37 31//37 48//37
f 1//38 48//38 65//38
f 1//39 65//39 49//39
f 1//40 49//40 37//40
f 1//41 37//41 20//41
f 1//42 20//42 11//42
f 1//43 11//43 5//43
f 1//44 5//44 2//44
f 2//45 5//45 3//45
f 3//46 5//46 6//46
f 3//47 6//47 7//47
f 3//48 7//48 8//48
f 4//49 9//49 10//49
f 5//50 11//50 6//50
f 6//51 11//51 12//51
f 6//52 12//52 13//52
f 6//53 13//53 7//53
f 7//54 14//54 8//54
f 7//55 13//55 15//55
f 7//56 15//56 16//56
f 7//57 16//57 17//57
f 7//58 17//58 14//58
f 9//59 18//59 10//59
f 10//60 18//60 19//60
f 11//61 20//61 21//61
f 11//62 21//62 22//62
f 11//63 22//63 12//63
f 12//64 22//64 13//64
f 13//65 22//65 15//65
f 15//66 22//66 23//66
f 15//67 23//67 24//67
f 15//68 24//68 16//68
f 16//69 24//69 26//69
f 16//70 26//70 27//70
f 16//71 27//71 28//71
f 16//72 28//72 25//72
f 18//73 29//73 30//73
f 18//74 30//74 31//74
f 18//75 31//75 32//75
f 18//76 32//76 33//76
f 18//77 33//77 34//77
f 18//78 34//78 35//78
f 18//79 35//79 36//79
f 18//80 36//80 19//80
f 20//81 37//81 38//81
f 20//82 38//82 21//82
f 21//83 38//83 39//83
f 21//84 39//84 22//84
f 22//85 39//85 24//85
f 22//86 24//86 23//86
f 24//87 39//87 40//87
f 24//88 40//88 41//88
f 24//89 41//89 26//89
f 25//90 28//90 43//90
f 25//91 43//91 42//91
f 26//92 41//92 55//92
f 26//93 55//93 54//93
f 26//94 54//94 66//94
f 26//95 66//95 64//95
f 26//96 64//96 48//96
f 26//97 48//97 31//97
f 26//98 31//98 30//98
f 26//99 30//99 46//99
f 26//100 46//100 45//100
f 26//101 45//101 44//101
f 26//102 44//102 59//102
f 26//103 59//103 63//103
f 26//104 63//104 62//104
f 26//105 62//105 61//105
f 26//106 61//106 70//106
f 26//107 70//107 76//107
f 26//108 76//108 85//108
f 26//109 85//109 93//109
f 26//110 93//110 92//110
f 26//111 92//111 99//111
f 26//112 99//112 108//112
f 26//113 108//113 107//113
f 26//114 107//114 106//114
f 26//115 106//115 114//115
f 26//116 114//116 113//116
f 26//117 113//117 112//117
f 26//118 112//118 111//118
f 26//119 111//119 101//119
f 26//120 101//120 94//120
f 26//121 94//121 86//121
f 26//122 86//122 77//122
f 26//123 77//123 72//123
f 26//124 72//124 71//124
f 26//125 71//125 68//125
f 26//126 68//126 58//126
f 26//127 58//127 57//127
f 26//128 57//128 43//128
f 26//129 43//129 28//129
f 26//130 28//130 27//130
f 29//131 44//131 45//131
f 29//132 45//132 46//132
f 29//133 46//133 30//133
f 29//134 47//134 44//134
f 37//135 49//135 50//135
f 37//136 50//136 38//136
f 38//137 50//137 51//137
f 38//138 51//138 52//138
f 38//139 52//139 39//139
f 39//140 52//140 53//140
f 39//141 53//141 40//141
f 40//142 53//142 54//142
f 40//143 54//143 55//143
f 40//144 55//144 41//144
f 42//145 43//145 57//145
f 42//146 57//146 58//146
f 42//147 58//147 56//147
f 44//148 47//148 59//148
f 47//149 60//149 61//149
f 47//150 61//150 62//150
f 47//151 62//151 63//151
f 47//152 63//152 59//152
f 48//153 64//153 65//153
f 49//154 65//154 64//154
f 49//155 64//155 51//155
f 49//156 51//156 50//156
f 51//157 64//157 66//157
f 51//158 66//158 52//158
f 52//159 66//159 53//159
f 53//160 66//160 54//160
f 56//161 58//161 67//161
f 58//162 68//162 67//162
f 60//163 69//163 61//163
f 61//164 69//164 70//164
f 67//165 68//165 71//165
f 67//166 71//166 72//166
f 67//167 72//167 73//167
f 69//168 74//168 75//168
f 69//169 75//169 76//169
f 69//170 76//170 70//170
f 72//171 77//171 78//171
f 72//172 78//172 73//172
f 74//173 79//173 80//173
f 74//174 80//174 75//174
f 75//175 80//175 81//175
f 75//176 81//176 82//176
f 75//177 82//177 83//177
f 75//178 83//178 84//178
f 75//179 84//179 76//179
f 76//180 84//180 85//180
f 77//181 86//181 78//181
f 78//182 86//182 87//182
f 79//183 88//183 80//183
f 80//184 88//184 81//184
f 81//185 89//185 82//185
f 82//186 89//186 90//186
f 82//187 90//187 91//187
f 82//188 91//188 83//188
f 83//189 91//189 84//189
f 84//190 91//190 92//190
f 84//191 92//191 93//191
f 84//192 93//192 85//192
f 86//193 94//193 95//193
f 86//194 95//194 87//194
f 89//195 96//195 90//195
f 90//196 97//196 91//196
f 90//197 96//197 97//197
f 91//198 98//198 99//198
f 91//199 99//199 92//199
f 91//200 97//200 100//200
f 91//201 100//201 98//201
f 94//202 101//202 95//202
f 95//203 101//203 102//203
f 96//204 103//204 104//204
f 96//205 104//205 100//205
f 96//206 100//206 97//206
f 98//207 105//207 106//207
f 98//208 106//208 107//208
f 98//209 107//209 108//209
f 98//210 108//210 99//210
f 98//211 100//211 104//211
f 98//212 104//212 109//212
f 98//213 109//213 110//213
f 98//214 110//214 105//214
f 101//215 111//215 102//215
f 102//216 111//216 112//216
f 102//217 112//217 113//217
f 102//218 113//218 103//218
f 103//219 114//219 115//219
f 103//220 115//220 109//220
f 103//221 109//221 104//221
f 103//222 113//222 114//222
f 105//223 110//223 114//223
f 105//224 114//224 106//224
f 109//225 115//225 110//225
f 110//226 115//226 114//226
o geometry_9.002
v -0.047614 0.006820 0.105758
v -0.047636 0.007215 0.105101
v -0.047608 0.007223 0.105811
v -0.047591 0.006859 0.104754
v -0.047576 0.006058 0.104725
v -0.047550 0.005919 0.105669
v -0.047595 0.006066 0.106090
v -0.047647 0.006782 0.106087
v -0.047678 0.007210 0.106080
v -0.047342 0.007614 0.105820
v -0.047149 0.006674 0.106441
v -0.047381 0.007716 0.105987
v -0.046888 0.008313 0.106153
v -0.046859 0.008298 0.105839
v -0.046361 0.007841 0.106411
v -0.046356 0.008527 0.106087
v -0.043069 0.009687 0.105943
v -0.043910 0.009366 0.105893
v -0.046179 0.008633 0.105723
v -0.046137 0.008627 0.104528
v -0.044688 0.009180 0.105543
v -0.044182 0.009445 0.105107
v -0.044197 0.009476 0.104641
v -0.044636 0.009306 0.104279
v -0.044140 0.009537 0.103818
v -0.044735 0.009126 0.103166
v -0.019177 0.007165 0.046763
v -0.043719 0.009600 0.104245
v -0.043384 0.009621 0.103351
v -0.035126 0.009803 0.089137
v -0.034459 0.009646 0.086743
v -0.017999 0.007644 0.045408
v -0.017324 0.007785 0.045363
v -0.033663 0.009731 0.086112
v -0.033888 0.009822 0.087493
v -0.015627 0.008090 0.045279
v -0.033201 0.009700 0.085205
v -0.028290 0.009381 0.076699
v -0.028259 0.009264 0.075228
v -0.014325 0.008106 0.045127
v -0.018430 0.007348 0.045389
v -0.014272 0.008160 0.045188
v -0.013007 0.008081 0.045094
v -0.026196 0.009231 0.073980
v -0.032017 0.009674 0.086492
v -0.025795 0.009177 0.073396
v -0.031920 0.009673 0.086181
v -0.031970 0.009710 0.085240
v -0.035301 0.009900 0.090529
v -0.032571 0.009709 0.087181
v -0.032463 0.009742 0.085817
v -0.038717 0.009758 0.103120
v -0.040839 0.009852 0.105607
v -0.038816 0.009746 0.103590
v -0.039785 0.009713 0.105512
v -0.038988 0.009682 0.104498
v -0.038428 0.009581 0.103930
v -0.038322 0.009243 0.105212
v -0.036966 0.009260 0.102281
v -0.039221 0.009587 0.105323
v -0.024385 0.008820 0.073222
v -0.025620 0.009002 0.074852
v -0.024439 0.008576 0.074637
v -0.024316 0.008920 0.071807
v -0.018765 0.008110 0.062405
v -0.018691 0.008211 0.060986
v -0.020089 0.008454 0.062592
v -0.011206 0.007615 0.044930
v -0.011818 0.007816 0.044997
v -0.010264 0.008305 0.044837
v -0.017662 0.007848 0.060801
v -0.011656 0.007094 0.046912
v -0.016991 0.007505 0.060704
v -0.009711 0.006276 0.044938
v -0.008893 0.006777 0.043255
v -0.010543 0.007722 0.043367
v -0.009679 0.008210 0.044810
v -0.008466 0.007310 0.044781
v -0.008577 0.006625 0.044678
v -0.007817 0.006877 0.044644
v -0.008506 0.006332 0.043074
v -0.007922 0.005267 0.044505
v -0.007213 0.004473 0.044387
v -0.008319 0.005015 0.044604
v -0.013828 0.005473 0.058763
v -0.008459 0.004746 0.045662
v -0.014474 0.006130 0.058864
v -0.006598 0.003813 0.044347
v -0.009123 0.005562 0.045291
v -0.006151 0.003122 0.044214
v -0.014056 0.005425 0.059502
v -0.019629 0.005994 0.071795
v -0.016788 0.005360 0.065818
v -0.018273 0.005995 0.068630
v -0.013963 0.004900 0.059678
v -0.019677 0.007006 0.070072
v -0.018056 0.006215 0.067682
v -0.019385 0.006152 0.070988
v -0.019939 0.006789 0.071076
v -0.036750 0.008259 0.104997
v -0.022386 0.006753 0.076518
v -0.030739 0.008147 0.092078
v -0.036316 0.008701 0.102986
v -0.036926 0.008902 0.103630
v -0.028294 0.008343 0.085279
v -0.019422 0.007077 0.069165
v -0.020026 0.007275 0.069777
v -0.015280 0.006523 0.060017
v -0.018148 0.007395 0.064455
v -0.017994 0.007526 0.063479
v -0.023463 0.008101 0.074544
v -0.023292 0.008310 0.073068
v -0.015060 0.006613 0.059024
v -0.017840 0.007673 0.062274
v -0.018647 0.007759 0.063954
v -0.015524 0.006390 0.060954
v -0.037315 0.008714 0.105155
v -0.037429 0.008706 0.105630
v -0.037940 0.008165 0.106039
v -0.036849 0.008102 0.105565
v -0.038096 0.009020 0.105641
v -0.040048 0.009822 0.105779
v -0.036305 0.007637 0.105468
v -0.036268 0.007194 0.105516
v -0.036865 0.006960 0.106054
v -0.021016 0.005932 0.074874
v -0.020945 0.005387 0.074926
v -0.020425 0.005401 0.073811
v -0.019561 0.005548 0.071914
v -0.019031 0.005557 0.070785
v -0.018151 0.005414 0.068913
v -0.017459 0.004539 0.067608
v -0.018051 0.004516 0.068894
v -0.013202 0.003760 0.058368
v -0.017021 0.004576 0.066641
v -0.012785 0.003852 0.057436
v -0.016679 0.004609 0.065883
v -0.014780 0.004879 0.061537
v -0.005969 0.002329 0.044119
v -0.006047 0.002206 0.043956
v -0.006048 0.001677 0.043045
v -0.018410 0.004592 0.069649
v -0.018059 0.003902 0.068590
v -0.015268 0.003282 0.062292
v -0.018198 0.003200 0.068108
v -0.019310 0.003014 0.069941
v -0.032276 0.003895 0.095712
v -0.020956 0.003927 0.074410
v -0.037467 0.004002 0.105662
v -0.031993 0.004700 0.096243
v -0.029364 0.005004 0.091520
v -0.020913 0.004552 0.074752
v -0.028835 0.005723 0.090670
v -0.027918 0.004896 0.088626
v -0.027900 0.005794 0.088827
v -0.021311 0.005401 0.075665
v -0.029354 0.005696 0.091676
v -0.036328 0.006030 0.105420
v -0.037289 0.004843 0.106351
v -0.036402 0.005502 0.105249
v -0.036817 0.005866 0.105990
v -0.037121 0.005691 0.106327
v -0.039056 0.004037 0.106537
v -0.037607 0.004215 0.106285
v -0.037088 0.006550 0.106289
v -0.037563 0.006602 0.106246
v -0.037674 0.007257 0.106198
v -0.046572 0.006996 0.106532
v -0.043636 0.008160 0.106304
v -0.039200 0.008287 0.106131
v -0.042165 0.009512 0.105991
v -0.040790 0.009551 0.105930
v -0.042148 0.009850 0.105940
v -0.040837 0.009886 0.105873
v -0.039467 0.009571 0.105669
v -0.042146 0.009822 0.105661
v -0.043497 0.009553 0.105604
v -0.040834 0.009867 0.104262
v -0.042203 0.009830 0.104343
v -0.045058 0.009115 0.105890
v -0.045108 0.008051 0.106350
v -0.046940 0.006276 0.106712
v -0.046597 0.006242 0.106601
v -0.046843 0.005335 0.106726
v -0.046431 0.005250 0.106670
v -0.043419 0.003821 0.106696
v -0.044820 0.003965 0.106690
v -0.041812 0.002659 0.106684
v -0.040464 0.002681 0.106658
v -0.040478 0.002348 0.106630
v -0.039547 0.002535 0.106534
v -0.039076 0.002770 0.106393
v -0.038275 0.003374 0.106343
v -0.038856 0.002833 0.106415
v -0.037661 0.004176 0.106356
v -0.038260 0.003414 0.106169
v -0.037844 0.003118 0.104892
v -0.039253 0.002648 0.106248
v -0.038548 0.002869 0.105809
v -0.023274 0.001542 0.073161
v -0.024535 0.002318 0.078084
v -0.026109 0.002268 0.080848
v -0.024954 0.002397 0.079071
v -0.023360 0.002494 0.076297
v -0.022630 0.001705 0.072461
v -0.039326 0.002194 0.104707
v -0.035245 0.001716 0.095461
v -0.035506 0.001244 0.093542
v -0.010714 0.000515 0.044136
v -0.034706 0.001367 0.092866
v -0.009334 0.001048 0.043504
v -0.008310 0.001059 0.044242
v -0.008316 0.001014 0.044294
v -0.007023 0.001528 0.044239
v -0.004832 0.001624 0.044064
v -0.035201 0.001392 0.093946
v -0.039218 0.002028 0.103577
v -0.040485 0.001985 0.104844
v -0.041672 0.002227 0.106249
v -0.041643 0.002027 0.104983
v -0.040515 0.002217 0.106155
v -0.040405 0.001915 0.103966
v -0.041032 0.001888 0.103103
v -0.040387 0.001876 0.103239
v -0.035675 0.001246 0.093668
v -0.011354 0.000260 0.042851
v -0.037569 0.001490 0.097302
v -0.037495 0.001418 0.095865
v -0.035609 0.001273 0.092842
v -0.011248 -0.000682 0.044274
v -0.009723 0.000673 0.044271
v -0.012456 -0.000503 0.044355
v -0.012310 0.000483 0.042988
v -0.012589 0.000640 0.044596
v -0.037383 0.001461 0.094500
v -0.038729 0.001933 0.094669
v -0.038726 0.001749 0.096093
v -0.033557 0.002098 0.082487
v -0.040911 0.001911 0.102159
v -0.042935 0.002469 0.103796
v -0.040840 0.001965 0.101309
v -0.041429 0.001986 0.103666
v -0.042918 0.002413 0.105118
v -0.043752 0.002865 0.106012
v -0.043923 0.002870 0.105228
v -0.042930 0.002625 0.106395
v -0.044020 0.002947 0.103881
v -0.044739 0.003270 0.103943
v -0.043930 0.003101 0.102479
v -0.044625 0.003430 0.102572
v -0.039453 0.002404 0.093929
v -0.042379 0.003403 0.097010
v -0.042589 0.003275 0.098011
v -0.038022 0.002721 0.089555
v -0.040841 0.003705 0.092722
v -0.035630 0.002804 0.084235
v -0.015775 0.001863 0.044844
v -0.013679 0.001020 0.044700
v -0.016621 0.002317 0.044939
v -0.016692 0.002374 0.044939
v -0.017522 0.002888 0.045022
v -0.018373 0.003672 0.045151
v -0.040554 0.003868 0.091795
v -0.046368 0.004225 0.103505
v -0.041098 0.004255 0.092331
v -0.018524 0.004440 0.044695
v -0.018336 0.003690 0.045119
v -0.020228 0.004332 0.044999
v -0.019157 0.004396 0.044125
v -0.040911 0.004725 0.091231
v -0.046365 0.005234 0.102180
v -0.042014 0.004933 0.093318
v -0.046511 0.004743 0.103125
v -0.047047 0.005840 0.103198
v -0.047443 0.005812 0.104396
v -0.046843 0.004691 0.104274
v -0.047436 0.005520 0.105540
v -0.046885 0.004660 0.105463
v -0.046453 0.004186 0.104125
v -0.046446 0.004093 0.105467
v -0.045818 0.003834 0.104059
v -0.045806 0.003765 0.105379
v -0.046375 0.004063 0.106018
v -0.044663 0.003206 0.105270
v -0.046505 0.004573 0.106446
v -0.046087 0.004269 0.106643
v -0.043367 0.002961 0.106774
v -0.045790 0.003966 0.106369
v -0.045434 0.003698 0.106636
v -0.046614 0.004766 0.106783
v -0.046476 0.003798 0.106590
v -0.044993 0.002494 0.106659
v -0.042594 0.002474 0.106646
v -0.043241 0.002703 0.106532
v -0.041741 0.002329 0.106658
v -0.047529 0.006769 0.104270
v -0.047145 0.006812 0.103329
v -0.041856 0.006488 0.092309
v -0.042153 0.005573 0.093004
v -0.041828 0.005405 0.092445
v -0.019602 0.006011 0.045984
v -0.019413 0.006453 0.044153
v -0.019137 0.004858 0.045203
v -0.020343 0.006506 0.045197
v -0.020013 0.006473 0.046964
v -0.019311 0.006071 0.045198
v -0.019246 0.006783 0.045465
v -0.019885 0.006997 0.047527
v -0.018958 0.007224 0.045136
v -0.046736 0.007799 0.103453
v -0.046632 0.008286 0.103954
v -0.046527 0.007436 0.102429
v -0.020314 0.007071 0.048486
v -0.018836 0.007010 0.045672
v -0.046076 0.008411 0.103364
v -0.044722 0.008709 0.101721
v -0.047293 0.007562 0.104700
v -0.046753 0.008306 0.104563
v -0.009731 0.000707 0.044140
v -0.026369 0.009196 0.074898
vn -0.9947 -0.0994 -0.0266
vn -0.9992 0.0106 0.0396
vn -0.9670 0.0485 -0.2502
vn -0.9996 -0.0173 -0.0235
vn -0.9972 -0.0731 0.0177
vn -0.9944 -0.0629 -0.0845
vn -0.9916 -0.0727 -0.1071
vn -0.9915 -0.0737 -0.1072
vn -0.5839 -0.0302 0.8113
vn -0.8110 0.5548 -0.1856
vn -0.8020 0.5829 -0.1305
vn -0.2801 0.3300 0.9015
vn 0.7597 -0.5176 -0.3936
vn -0.3896 0.0656 0.9186
vn -0.8112 0.5757 -0.1031
vn -0.4519 0.8879 -0.0858
vn -0.0590 0.4260 0.9028
vn 0.2689 -0.8240 -0.4987
vn -0.3417 0.9217 -0.1835
vn -0.3145 0.9331 0.1743
vn -0.3148 0.9263 0.2073
vn -0.4444 0.8956 -0.0199
vn -0.4148 0.9097 -0.0189
vn -0.3167 0.9279 0.1965
vn -0.3559 0.9316 0.0742
vn -0.3795 0.9248 0.0258
vn -0.3897 0.9201 0.0403
vn -0.4103 0.9118 0.0139
vn -0.4518 0.8806 -0.1428
vn -0.3910 0.8965 -0.2084
vn -0.3413 0.9210 -0.1876
vn -0.2049 0.9771 0.0573
vn -0.1248 0.9919 -0.0236
vn -0.1584 0.9842 -0.0794
vn -0.2405 0.9619 -0.1302
vn -0.1991 0.9727 -0.1194
vn -0.6224 0.7297 -0.2832
vn -0.2108 0.9687 -0.1309
vn -0.2066 0.9699 -0.1292
vn -0.1302 0.9877 -0.0864
vn -0.0916 0.9925 -0.0805
vn -0.1814 0.9761 -0.1194
vn -0.0899 0.9928 -0.0796
vn -0.0569 0.9959 -0.0702
vn -0.0749 0.9939 -0.0805
vn 0.0608 0.9981 -0.0135
vn -0.0184 0.9987 -0.0469
vn -0.0921 0.9925 -0.0808
vn 0.1853 -0.8118 0.5537
vn -0.1145 0.2919 -0.9496
vn -0.5200 0.8128 -0.2628
vn -0.0674 0.0997 -0.9927
vn 0.0618 0.9980 -0.0115
vn 0.0502 0.9986 -0.0164
vn 0.2007 0.9779 0.0588
vn 0.2528 0.9639 0.0835
vn 0.2263 0.9719 0.0646
vn 0.1433 0.9892 0.0314
vn 0.0486 0.9987 -0.0175
vn 0.0840 0.9963 0.0171
vn 0.1131 0.9929 0.0356
vn 0.1066 0.9937 0.0336
vn 0.0384 0.9990 -0.0220
vn 0.0582 0.9983 0.0015
vn 0.0215 0.9993 -0.0297
vn 0.1245 0.9912 0.0450
vn 0.1233 0.9914 0.0445
vn 0.0843 0.9959 0.0341
vn 0.0968 0.9943 0.0449
vn 0.1537 0.9865 0.0567
vn 0.1379 0.9867 0.0865
vn 0.1653 0.9811 0.1002
vn 0.2961 0.9473 0.1226
vn 0.3015 0.9464 0.1159
vn 0.0041 1.0000 -0.0026
vn 0.3770 0.9020 0.2104
vn 0.3162 0.9409 0.1213
vn 0.3716 0.9050 0.2073
vn 0.4186 0.8862 0.1985
vn 0.3642 0.9202 0.1437
vn 0.4232 0.8900 0.1697
vn 0.2490 0.9651 0.0810
vn 0.2480 0.9654 0.0802
vn 0.4372 0.8833 0.1691
vn 0.2767 0.9575 0.0811
vn 0.2802 0.9564 0.0828
vn 0.2523 0.9642 0.0819
vn 0.2369 0.9697 0.0596
vn 0.2747 0.9569 0.0944
vn 0.3205 0.9403 0.1145
vn -0.0675 0.1232 -0.9901
vn -0.0645 0.0767 -0.9950
vn 0.2224 0.9725 0.0693
vn 0.0615 0.0502 0.9968
vn -0.5835 0.8081 0.0802
vn 0.4603 0.8705 0.1745
vn 0.7967 0.5148 0.3165
vn 0.4673 0.8704 0.1548
vn 0.5314 0.8276 0.1809
vn 0.7460 -0.6555 0.1179
vn 0.7115 0.4994 0.4943
vn 0.4897 0.8190 0.2990
vn -0.4047 -0.7653 0.5005
vn -0.1305 -0.9131 0.3863
vn -0.0610 -0.0507 -0.9969
vn -0.0587 -0.0731 -0.9956
vn -0.5376 -0.7379 0.4081
vn -0.0595 0.1591 -0.9855
vn -0.9660 0.1223 0.2277
vn 0.0669 -0.0677 0.9955
vn 0.3162 -0.9307 0.1841
vn -0.2573 0.9532 0.1586
vn 0.3278 -0.9267 0.1839
vn 0.5230 0.7718 0.3615
vn -0.9187 0.0263 0.3942
vn -0.0661 0.0883 -0.9939
vn -0.0658 0.0899 -0.9938
vn 0.2139 0.0464 0.9758
vn 0.2384 0.0059 0.9711
vn 0.7085 0.6583 0.2543
vn 0.7197 0.6440 0.2592
vn 0.5779 0.7693 0.2722
vn 0.6771 0.6964 0.2378
vn 0.2853 0.2082 0.9356
vn 0.6823 0.6864 0.2518
vn 0.6868 0.6853 0.2421
vn -0.0376 0.1650 -0.9856
vn -0.0961 -0.0283 -0.9950
vn 0.8153 0.4596 0.3523
vn 0.6631 0.7051 0.2513
vn 0.5368 0.8255 0.1741
vn 0.8261 0.4383 0.3542
vn 0.8682 0.3205 0.3788
vn 0.8786 0.2854 0.3829
vn 0.7461 0.5905 0.3078
vn 0.8671 0.2907 0.4046
vn 0.7409 0.5986 0.3044
vn 0.6725 0.6952 0.2536
vn 0.7386 0.5995 0.3085
vn 0.7379 0.6005 0.3082
vn 0.7532 0.5742 0.3209
vn 0.7124 0.6214 0.3261
vn 0.6976 0.6422 0.3179
vn 0.7337 0.5918 0.3338
vn 0.7037 0.6339 0.3209
vn 0.6456 0.7047 0.2943
vn 0.5023 0.8377 0.2143
vn 0.4937 0.8441 0.2093
vn 0.4725 0.8596 0.1946
vn 0.4804 0.8546 0.1973
vn 0.4961 0.8436 0.2056
vn 0.6121 0.7562 0.2313
vn 0.4800 0.8549 0.1971
vn 0.4715 0.8619 0.1865
vn 0.5625 0.8006 0.2062
vn 0.5003 0.8442 0.1923
vn 0.4480 0.8766 0.1759
vn 0.4638 0.8666 0.1842
vn 0.4388 0.8823 0.1703
vn 0.5500 0.8119 0.1958
vn 0.4789 0.8619 0.1665
vn 0.5431 0.8179 0.1901
vn 0.4352 0.8853 0.1638
vn 0.4335 0.8855 0.1674
vn 0.4350 0.8846 0.1682
vn 0.4398 0.8826 0.1662
vn 0.4395 0.8843 0.1579
vn 0.4675 0.8695 0.1596
vn 0.5405 0.8206 0.1856
vn 0.5494 0.8124 0.1954
vn 0.5749 0.7936 0.1993
vn 0.4439 0.8787 0.1757
vn 0.4438 0.8780 0.1794
vn 0.4554 0.8708 0.1854
vn 0.4770 0.8569 0.1954
vn 0.7025 0.6562 0.2757
vn 0.7110 0.6465 0.2765
vn 0.6811 0.6917 0.2402
vn 0.7108 0.6451 0.2802
vn 0.7062 0.6531 0.2733
vn 0.4558 0.8636 0.2156
vn 0.4633 0.8575 0.2236
vn 0.5174 0.8234 0.2331
vn 0.4670 0.8748 0.1286
vn 0.1111 0.9928 0.0450
vn 0.2239 0.4442 0.8675
vn 0.3951 0.2864 0.8729
vn 0.4230 0.3158 0.8493
vn -0.3088 -0.6295 -0.7130
vn 0.3888 0.8733 0.2936
vn 0.6855 0.6825 0.2535
vn 0.7015 0.6491 0.2942
vn 0.8905 0.1225 0.4382
vn 0.6337 0.1361 0.7615
vn 0.4454 0.3471 0.8253
vn 0.7804 0.5101 0.3616
vn 0.6573 0.6936 0.2948
vn 0.7384 0.5840 0.3372
vn 0.7388 0.5833 0.3374
vn 0.8869 0.1555 0.4351
vn 0.8944 0.1550 0.4196
vn 0.8751 0.2732 0.3995
vn 0.8944 0.1553 0.4194
vn 0.8951 0.1477 0.4207
vn 0.9029 0.0719 0.4238
vn 0.8726 0.2969 0.3878
vn 0.9038 0.0905 0.4183
vn 0.9038 0.0659 0.4229
vn 0.9024 0.1059 0.4176
vn 0.9082 -0.0000 0.4184
vn 0.9032 0.0945 0.4187
vn 0.9084 0.0636 0.4132
vn 0.9049 0.0975 0.4142
vn 0.9088 0.0513 0.4141
vn 0.8710 0.2616 0.4159
vn 0.9083 0.0699 0.4124
vn 0.9033 0.1501 0.4019
vn 0.9050 0.1273 0.4058
vn 0.8862 -0.0915 0.4541
vn -0.5068 0.7880 -0.3495
vn -0.2252 -0.7241 0.6519
vn 0.0011 0.2710 -0.9626
vn 0.8938 -0.0250 0.4478
vn 0.2751 0.8129 -0.5133
vn 0.6409 -0.6761 0.3634
vn -0.6241 0.6906 -0.3654
vn 0.8641 -0.2399 0.4424
vn 0.5292 -0.7890 0.3122
vn 0.5134 0.8399 0.1762
vn 0.8720 -0.2220 0.4362
vn 0.8066 -0.4349 0.4003
vn 0.7324 -0.5598 0.3876
vn 0.7358 -0.5533 0.3904
vn 0.7211 -0.5778 0.3823
vn 0.8048 -0.4362 0.4026
vn 0.7541 -0.5212 0.3996
vn 0.7257 -0.5703 0.3848
vn 0.8070 -0.4126 0.4225
vn 0.8492 -0.2978 0.4361
vn 0.8553 -0.2933 0.4271
vn 0.8905 -0.0751 0.4487
vn 0.8837 -0.1310 0.4494
vn -0.8403 0.3272 -0.4323
vn 0.8916 -0.0646 0.4483
vn 0.8967 -0.0527 0.4395
vn 0.8779 -0.2125 0.4290
vn 0.8877 0.1485 0.4359
vn 0.8943 0.0129 0.4473
vn 0.8921 -0.0914 0.4425
vn 0.8918 -0.0415 0.4506
vn 0.8815 -0.1384 0.4514
vn 0.8869 -0.1145 0.4476
vn 0.8797 -0.1532 0.4501
vn 0.8847 -0.1154 0.4517
vn 0.7707 -0.1352 0.6226
vn 0.8228 -0.2761 0.4968
vn 0.8543 -0.2645 0.4475
vn 0.7685 -0.0915 0.6333
vn 0.8878 -0.0828 0.4527
vn 0.7613 -0.0851 0.6428
vn 0.7693 -0.1339 0.6247
vn 0.0729 0.0411 0.9965
vn 0.1814 -0.0879 0.9795
vn -0.3970 0.1042 0.9119
vn 0.7233 0.0025 0.6905
vn 0.6638 0.0268 0.7474
vn -0.0728 0.1541 0.9854
vn -0.0841 0.0587 0.9947
vn 0.0849 0.1964 0.9768
vn 0.3445 0.3188 0.8830
vn 0.0341 0.1090 0.9935
vn 0.0347 0.0898 0.9954
vn 0.0530 0.0820 0.9952
vn 0.0352 0.1167 0.9925
vn 0.0908 0.1980 0.9760
vn 0.0377 0.2031 0.9784
vn 0.0327 0.1911 0.9810
vn 0.0967 0.2738 0.9569
vn 0.0397 0.1490 0.9880
vn 0.0451 0.1738 0.9837
vn 0.1870 0.1899 0.9638
vn 0.1694 0.4182 0.8924
vn 0.1015 -0.1894 0.9766
vn 0.1960 0.4426 0.8750
vn -0.3651 -0.9168 0.1619
vn -0.0329 0.9947 -0.0977
vn -0.0280 0.9915 -0.1274
vn 0.0657 0.9896 -0.1280
vn -0.1729 0.9801 -0.0972
vn -0.1873 0.9709 -0.1489
vn -0.1978 0.9780 0.0659
vn -0.0223 0.9997 0.0111
vn -0.0268 0.9996 0.0069
vn -0.1510 0.9885 0.0122
vn -0.0277 0.9996 -0.0088
vn -0.1481 0.9884 -0.0324
vn -0.1266 0.9902 -0.0583
vn 0.0221 0.9997 0.0113
vn -0.3603 0.9288 0.0868
vn -0.2889 0.9375 0.1941
vn -0.2065 0.9758 0.0724
vn -0.1980 0.9780 0.0660
vn -0.0359 0.2230 0.9741
vn 0.1735 -0.6359 -0.7520
vn -0.0557 0.1535 0.9866
vn -0.0555 0.4261 0.9030
vn -0.0939 0.4576 0.8842
vn 0.0115 0.2161 0.9763
vn 0.0149 0.2096 0.9777
vn 0.0256 0.1359 0.9904
vn 0.0202 0.1432 0.9895
vn 0.3755 0.0396 0.9260
vn 0.3147 0.0757 0.9462
vn 0.0346 0.0896 0.9954
vn 0.2462 0.8275 0.5046
vn -0.8416 -0.0785 0.5343
vn 0.1383 0.0284 0.9900
vn -0.0363 -0.0585 0.9976
vn -0.6183 0.1939 0.7617
vn -0.3967 0.3128 0.8630
vn 0.0343 0.0428 0.9985
vn -0.0030 0.0117 0.9999
vn -0.0062 -0.0195 0.9998
vn 0.0189 0.0152 0.9997
vn 0.0338 0.0539 0.9980
vn 0.0204 -0.0831 0.9963
vn 0.1203 -0.0866 0.9890
vn 0.1829 -0.1028 0.9777
vn 0.1939 -0.1244 0.9731
vn 0.1675 0.2381 0.9567
vn -0.4871 0.5928 -0.6413
vn 0.0244 0.0498 0.9985
vn -0.4905 0.3341 -0.8048
vn -0.1161 0.0723 0.9906
vn 0.2078 -0.0939 0.9736
vn -0.4125 0.3301 -0.8490
vn 0.7266 -0.6350 0.2624
vn 0.8081 -0.4485 0.3819
vn 0.8061 -0.4058 0.4307
vn 0.6927 -0.6301 0.3508
vn 0.6849 -0.6386 0.3507
vn 0.7219 -0.5846 0.3703
vn 0.6923 -0.6202 0.3689
vn 0.6950 -0.6164 0.3703
vn 0.7491 -0.5290 0.3988
vn 0.4021 -0.9141 0.0518
vn 0.3706 -0.9193 0.1326
vn -0.8101 -0.3920 -0.4360
vn 0.4193 -0.8777 0.2319
vn 0.4622 -0.8505 0.2508
vn 0.5833 -0.7509 0.3098
vn 0.5706 -0.7631 0.3036
vn 0.4910 -0.8300 0.2646
vn 0.5796 -0.7550 0.3067
vn 0.5730 -0.7616 0.3027
vn 0.6327 -0.6926 0.3464
vn 0.6278 -0.6982 0.3440
vn 0.4672 -0.8478 0.2508
vn 0.4921 -0.8308 0.2600
vn 0.5228 -0.7996 0.2954
vn 0.4210 -0.8753 0.2381
vn 0.4295 -0.8716 0.2366
vn 0.4076 -0.8848 0.2257
vn 0.3674 -0.9074 0.2043
vn 0.2726 -0.9504 0.1497
vn 0.2826 -0.9465 0.1558
vn 0.4372 -0.8721 0.2200
vn 0.2559 -0.9565 0.1399
vn -0.0010 -0.9999 0.0162
vn -0.8176 -0.3977 -0.4164
vn 0.3690 -0.9059 0.2078
vn 0.0458 -0.9986 0.0262
vn 0.0268 0.9994 0.0198
vn 0.3572 -0.9113 0.2048
vn 0.2414 -0.9565 0.1638
vn 0.2459 -0.9550 0.1656
vn 0.2699 -0.9517 0.1463
vn 0.1734 -0.9748 0.1403
vn 0.1938 -0.9678 0.1609
vn 0.0060 -0.9846 0.1745
vn -0.0170 -0.9877 0.1555
vn -0.0268 -0.9967 0.0767
vn 0.1950 -0.9650 0.1753
vn 0.0395 -0.9958 0.0827
vn -0.0399 -0.9974 0.0608
vn -0.0292 -0.9982 0.0531
vn 0.0521 -0.9947 0.0886
vn -0.0255 -0.9983 0.0532
vn -0.0456 -0.9980 0.0433
vn 0.0011 -0.9998 0.0199
vn 0.7309 0.5928 0.3383
vn -0.0359 -0.9982 0.0483
vn -0.1460 -0.9883 -0.0436
vn -0.1695 -0.9845 -0.0454
vn -0.0535 0.0902 -0.9945
vn -0.0693 0.0762 -0.9947
vn -0.5828 0.6571 0.4781
vn 0.1574 0.7931 0.5884
vn -0.5620 -0.7884 -0.2501
vn 0.8301 0.4068 0.3815
vn -0.1184 -0.2177 0.9688
vn -0.8956 -0.0110 -0.4448
vn -0.1287 -0.9914 -0.0252
vn -0.3445 -0.9253 -0.1588
vn -0.3419 -0.9321 -0.1198
vn -0.3029 -0.9493 -0.0838
vn -0.3584 -0.9192 -0.1629
vn -0.2422 -0.9687 -0.0547
vn -0.2305 -0.9718 -0.0496
vn -0.1452 -0.9885 -0.0431
vn -0.3091 -0.9492 -0.0588
vn -0.3293 -0.9402 -0.0869
vn -0.3076 -0.9477 -0.0855
vn -0.3255 -0.9433 -0.0647
vn -0.2917 -0.9564 -0.0178
vn -0.3077 -0.9508 -0.0358
vn -0.2560 -0.9666 -0.0117
vn -0.3415 -0.9277 0.1506
vn -0.4052 -0.9105 0.0824
vn -0.4160 -0.9091 -0.0214
vn -0.2714 -0.9499 0.1549
vn -0.4052 -0.9136 -0.0330
vn -0.4119 -0.9110 -0.0218
vn -0.4162 -0.9005 -0.1259
vn -0.4082 -0.9042 -0.1258
vn -0.4402 -0.8838 -0.1585
vn -0.4394 -0.8873 -0.1403
vn -0.4265 -0.8918 -0.1507
vn -0.4015 -0.9063 -0.1319
vn -0.5227 -0.8207 -0.2306
vn -0.5085 -0.8344 -0.2125
vn -0.4786 -0.8585 -0.1845
vn -0.4560 -0.8644 -0.2119
vn -0.3993 -0.8986 -0.1817
vn -0.5630 -0.7853 -0.2573
vn -0.5728 -0.7741 -0.2696
vn -0.5651 -0.7809 -0.2662
vn -0.4472 -0.8704 -0.2058
vn -0.0803 0.0601 -0.9950
vn -0.0350 0.0821 -0.9960
vn -0.3778 -0.9096 -0.1728
vn -0.4800 -0.8488 -0.2217
vn 0.1116 0.1282 -0.9855
vn -0.5974 -0.7516 -0.2797
vn -0.0559 0.0707 -0.9959
vn -0.5286 -0.8125 -0.2458
vn -0.0929 0.0630 -0.9937
vn -0.6683 -0.6739 -0.3150
vn -0.6928 -0.6423 -0.3277
vn -0.5597 -0.7868 -0.2602
vn -0.7006 -0.6334 -0.3286
vn -0.7484 -0.5605 -0.3545
vn -0.7491 -0.5579 -0.3572
vn -0.8184 -0.4240 -0.3879
vn -0.6121 0.7340 -0.2942
vn 0.0883 0.0757 -0.9932
vn 0.6662 -0.0380 0.7448
vn 0.1196 0.5105 0.8515
vn 0.5847 -0.4367 0.6837
vn -0.1051 0.9929 -0.0555
vn 0.0704 -0.9967 0.0400
vn -0.7930 -0.4819 -0.3726
vn -0.8042 -0.4576 -0.3793
vn -0.7614 -0.5470 -0.3478
vn -0.7894 -0.4892 -0.3709
vn -0.7602 -0.5408 -0.3600
vn -0.7573 -0.5442 -0.3610
vn -0.8659 -0.4036 -0.2956
vn -0.8545 -0.3952 -0.3371
vn -0.8611 -0.4319 -0.2683
vn -0.8604 -0.4334 -0.2681
vn -0.8810 -0.4597 -0.1120
vn -0.8429 -0.5362 -0.0441
vn -0.7978 -0.6013 -0.0442
vn -0.8042 -0.5759 -0.1472
vn -0.4906 -0.8627 -0.1224
vn -0.7898 -0.6122 -0.0377
vn -0.4883 -0.8708 -0.0572
vn -0.4733 -0.8690 -0.1440
vn -0.4702 -0.8712 -0.1409
vn -0.4611 -0.8864 -0.0422
vn -0.4661 -0.8837 -0.0420
vn -0.4364 -0.8992 0.0311
vn -0.4558 -0.8900 0.0096
vn -0.4403 -0.8977 -0.0180
vn -0.4134 -0.9059 0.0914
vn -0.4078 -0.9093 0.0830
vn -0.4140 -0.9101 -0.0201
vn -0.8115 -0.4832 0.3286
vn -0.8223 -0.5424 0.1722
vn -0.7889 -0.6107 0.0679
vn -0.6512 -0.5786 0.4911
vn -0.5741 -0.6612 0.4829
vn -0.3945 -0.8655 0.3086
vn -0.4048 -0.7933 0.4547
vn 0.4768 -0.2147 -0.8524
vn 0.0622 0.2035 -0.9771
vn -0.6459 -0.7394 0.1899
vn 0.0433 -0.0038 -0.9991
vn -0.2643 -0.8332 -0.4858
vn -0.0058 -0.0218 -0.9997
vn 0.2702 0.6209 -0.7358
vn 0.0090 0.4652 0.8851
vn -0.5061 -0.8461 0.1674
vn -0.3139 -0.9382 -0.1456
vn 0.0998 0.6539 0.7500
vn -0.1657 -0.9628 0.2136
vn -0.1082 -0.1000 0.9891
vn 0.0119 -0.9694 0.2453
vn 0.0230 -0.0723 0.9971
vn 0.0201 -0.9643 0.2640
vn 0.0444 -0.7650 -0.6425
vn -0.0589 -0.0140 0.9982
vn -0.0066 -0.0202 0.9998
vn -0.0389 -0.2005 0.9789
vn -0.7532 -0.2421 0.6116
vn -0.8136 -0.5776 0.0675
vn -0.6383 -0.7388 0.2161
vn 0.1160 0.1460 0.9825
vn -0.3969 -0.8640 0.3096
vn -0.8055 -0.5201 0.2840
vn -0.9628 -0.2698 -0.0122
vn -0.9214 -0.3778 -0.0908
vn -0.9626 -0.2709 -0.0085
vn -0.9448 -0.0911 -0.3146
vn -0.9421 -0.1338 -0.3075
vn -0.9245 -0.0425 -0.3788
vn -0.9014 -0.0330 -0.4317
vn -0.8661 -0.2879 -0.4087
vn -0.9013 -0.0359 -0.4317
vn -0.8588 -0.3150 -0.4040
vn -0.8539 -0.3404 -0.3936
vn -0.8277 -0.4009 -0.3928
vn -0.8392 -0.3834 -0.3857
vn -0.9009 -0.0365 -0.4324
vn -0.8763 0.2395 -0.4180
vn -0.9011 0.0219 -0.4331
vn -0.5435 -0.8014 -0.2499
vn -0.9484 -0.2717 -0.1636
vn 0.8409 0.4919 -0.2257
vn 0.0768 0.0525 -0.9957
vn -0.9548 0.2789 -0.1025
vn 0.6640 0.4879 0.5666
vn -0.0641 -0.9979 -0.0068
vn 0.3883 0.9199 -0.0551
vn -0.0490 -0.1149 0.9922
vn -0.8845 0.2327 -0.4044
vn -0.3296 0.3582 -0.8735
vn -0.7997 0.5192 -0.3016
vn -0.8850 0.3472 -0.3101
vn 0.4353 -0.7040 -0.5612
vn -0.2310 0.9730 0.0027
vn -0.7260 0.5878 -0.3570
vn -0.7542 0.5426 -0.3699
vn -0.8238 0.4020 -0.3997
vn -0.7377 0.5695 -0.3626
vn -0.5528 0.7746 -0.3072
vn 0.7353 -0.5381 0.4120
vn -0.4731 0.8396 -0.2668
vn -0.5621 0.8108 0.1632
vn -0.6339 0.7132 -0.2991
vn -0.4363 0.8710 -0.2261
vn -0.4856 0.8381 -0.2484
vn -0.4817 0.8409 -0.2467
vn -0.3863 0.8990 -0.2063
vn -0.4836 0.8399 -0.2464
vn -0.4831 0.8300 -0.2788
vn -0.8588 0.3973 -0.3235
vn -0.8537 0.4106 -0.3203
vn -0.8652 0.3723 -0.3360
vn -0.8705 0.2555 -0.4206
vn -0.8355 0.4709 -0.2833
vn -0.8115 0.5561 -0.1795
vn -0.4642 0.8774 -0.1209
vn -0.4482 0.8832 -0.1381
vn -0.8131 0.5787 -0.0625
vn -0.8143 0.5768 -0.0642
vn -0.4634 0.8856 -0.0328
vn -0.7462 0.6627 -0.0635
vn -0.8234 0.4976 -0.2728
vn -0.0031 1.0000 -0.0075
vn -0.9919 -0.0007 -0.1273
vn -0.9921 -0.0135 -0.1250
vn -0.4895 -0.8511 -0.1896
vn -0.5189 -0.8277 -0.2139
vn -0.5891 -0.7633 -0.2651
vn -0.0781 0.0497 -0.9957
vn -0.3379 -0.9290 -0.1512
vn -0.2834 -0.9482 0.1433
vn -0.3446 -0.9333 -0.1011
vn -0.3735 -0.9201 -0.1182
vn -0.6133 -0.7720 -0.1668
vn -0.1861 0.9471 0.2615
vn -0.1445 0.9857 -0.0870
vn 0.1639 -0.9817 0.0972
vn 0.0186 0.2083 -0.9779
vn -0.2488 0.9100 0.3317
vn -0.1792 0.9096 0.3748
vn -0.0335 -0.9983 0.0485
vn -0.0288 -0.9983 0.0512
vn 0.2154 -0.9456 0.2437
vn 0.3257 -0.9447 -0.0388
vn 0.2955 -0.9201 0.2571
vn -0.0813 0.0375 -0.9960
vn -0.3336 -0.8742 0.3529
vn -0.0678 0.0638 -0.9957
vn 0.4719 0.6507 0.5949
vn 0.1765 0.2360 0.9556
vn -0.6706 -0.0452 0.7405
vn -0.5730 0.0433 0.8184
vn 0.8248 -0.3602 0.4358
vn 0.7229 -0.5748 0.3834
vn 0.9021 0.1130 0.4165
vn 0.8990 0.1840 0.3975
vn 0.8258 0.4272 0.3681
vn 0.9052 0.1026 0.4124
vn 0.8627 0.3403 0.3740
vn 0.8750 0.2998 0.3802
vn 0.3888 0.3580 0.8489
vn 0.0996 0.9517 -0.2905
vn 0.1227 0.9553 -0.2691
vn 0.3716 0.9045 0.2092
vn 0.7899 0.5112 0.3387
vn 0.3443 0.9312 0.1195
vn 0.2288 0.9719 0.0558
vn 0.2582 0.9624 0.0847
vn 0.2554 0.9631 0.0847
vn 0.2554 0.9631 0.0851
vn 0.2593 0.9619 0.0867
vn 0.2730 0.9439 0.1860
vn -0.1777 0.9799 -0.0906
vn -0.1284 0.9881 -0.0850
vn -0.1113 0.2247 -0.9681
vn -0.0710 0.1211 -0.9901
vn -0.3127 0.9283 0.2014
vn -0.8273 0.5612 0.0262
s 0
f 116//227 117//227 119//227
f 116//228 118//228 117//228
f 116//229 124//229 118//229
f 116//230 119//230 120//230
f 116//231 120//231 121//231
f 116//232 121//232 122//232
f 116//233 122//233 123//233
f 116//234 123//234 124//234
f 123//235 126//235 124//235
f 118//236 124//236 125//236
f 124//237 128//237 125//237
f 124//238 126//238 127//238
f 124//239 127//239 128//239
f 127//240 130//240 128//240
f 125//241 128//241 129//241
f 128//242 134//242 129//242
f 128//243 130//243 131//243
f 128//244 131//244 132//244
f 128//245 132//245 133//245
f 128//246 133//246 134//246
f 133//247 136//247 134//247
f 129//248 134//248 135//248
f 134//249 139//249 135//249
f 134//250 136//250 137//250
f 134//251 137//251 138//251
f 134//252 138//252 139//252
f 138//253 140//253 139//253
f 135//254 139//254 140//254
f 135//255 140//255 141//255
f 141//256 140//256 142//256
f 140//257 146//257 142//257
f 138//258 143//258 140//258
f 140//259 143//259 144//259
f 140//260 144//260 145//260
f 140//261 145//261 146//261
f 145//262 149//262 146//262
f 142//263 146//263 147//263
f 147//264 146//264 148//264
f 146//265 149//265 148//265
f 145//266 150//266 149//266
f 150//267 152//267 149//267
f 148//268 149//268 151//268
f 149//269 152//269 151//269
f 150//270 153//270 152//270
f 152//271 153//271 154//271
f 151//272 152//272 154//272
f 151//273 154//273 155//273
f 153//274 155//274 154//274
f 156//275 155//275 157//275
f 156//276 151//276 155//276
f 153//277 157//277 155//277
f 156//278 157//278 158//278
f 159//279 158//279 157//279
f 153//280 159//280 157//280
f 160//281 159//281 162//281
f 160//282 161//282 159//282
f 161//283 158//283 159//283
f 162//284 159//284 163//284
f 163//285 159//285 153//285
f 164//286 163//286 166//286
f 164//287 165//287 163//287
f 162//288 163//288 165//288
f 163//289 153//289 166//289
f 164//290 166//290 150//290
f 150//291 166//291 153//291
f 167//292 165//292 164//292
f 167//293 162//293 165//293
f 168//294 167//294 164//294
f 168//295 169//295 167//295
f 169//296 162//296 167//296
f 168//297 170//297 169//297
f 170//298 171//298 169//298
f 169//299 171//299 172//299
f 169//300 172//300 160//300
f 169//301 160//301 162//301
f 175//302 172//302 171//302
f 172//303 176//303 160//303
f 173//304 172//304 175//304
f 173//305 174//305 172//305
f 172//306 174//306 176//306
f 174//307 178//307 176//307
f 160//308 176//308 177//308
f 176//309 179//309 177//309
f 176//310 178//310 180//310
f 176//311 181//311 179//311
f 176//312 180//312 181//312
f 180//313 183//313 181//313
f 179//314 181//314 182//314
f 181//315 184//315 182//315
f 181//316 183//316 184//316
f 156//317 184//317 183//317
f 156//318 158//318 184//318
f 182//319 184//319 158//319
f 156//320 183//320 185//320
f 183//321 187//321 185//321
f 180//322 186//322 183//322
f 186//323 187//323 183//323
f 186//324 188//324 187//324
f 188//325 189//325 187//325
f 187//326 191//326 185//326
f 187//327 189//327 190//327
f 187//328 190//328 191//328
f 190//329 192//329 191//329
f 185//330 191//330 192//330
f 156//331 192//331 193//331
f 156//332 185//332 192//332
f 190//333 193//333 192//333
f 156//334 193//334 194//334
f 190//335 194//335 193//335
f 156//336 194//336 195//336
f 196//337 195//337 194//337
f 189//338 194//338 190//338
f 189//339 196//339 194//339
f 189//340 197//340 196//340
f 197//341 195//341 196//341
f 156//342 197//342 198//342
f 156//343 195//343 197//343
f 199//344 198//344 197//344
f 199//345 197//345 189//345
f 200//346 199//346 202//346
f 200//347 201//347 199//347
f 203//348 199//348 201//348
f 202//349 199//349 204//349
f 203//350 198//350 199//350
f 199//351 189//351 204//351
f 202//352 204//352 189//352
f 156//353 203//353 205//353
f 156//354 198//354 203//354
f 206//355 205//355 203//355
f 206//356 203//356 200//356
f 200//357 203//357 201//357
f 207//358 206//358 209//358
f 207//359 208//359 206//359
f 208//360 210//360 206//360
f 206//361 212//361 209//361
f 206//362 210//362 205//362
f 206//363 211//363 212//363
f 206//364 200//364 211//364
f 213//365 212//365 214//365
f 213//366 209//366 212//366
f 214//367 212//367 211//367
f 215//368 214//368 217//368
f 215//369 216//369 214//369
f 216//370 213//370 214//370
f 214//371 211//371 217//371
f 215//372 217//372 218//372
f 218//373 217//373 219//373
f 219//374 217//374 174//374
f 174//375 217//375 220//375
f 217//376 221//376 220//376
f 217//377 211//377 221//377
f 211//378 223//378 221//378
f 220//379 221//379 222//379
f 221//380 225//380 222//380
f 221//381 223//381 224//381
f 221//382 224//382 225//382
f 226//383 225//383 227//383
f 226//384 222//384 225//384
f 225//385 230//385 227//385
f 225//386 224//386 228//386
f 225//387 188//387 229//387
f 225//388 228//388 188//388
f 225//389 229//389 230//389
f 178//390 230//390 180//390
f 178//391 227//391 230//391
f 180//392 230//392 229//392
f 180//393 229//393 186//393
f 229//394 188//394 186//394
f 228//395 189//395 188//395
f 223//396 228//396 224//396
f 223//397 189//397 228//397
f 226//398 227//398 178//398
f 174//399 226//399 178//399
f 174//400 220//400 226//400
f 220//401 222//401 226//401
f 211//402 231//402 223//402
f 231//403 202//403 223//403
f 223//404 202//404 189//404
f 211//405 200//405 231//405
f 200//406 202//406 231//406
f 173//407 219//407 174//407
f 173//408 232//408 219//408
f 218//409 219//409 232//409
f 233//410 232//410 173//410
f 233//411 218//411 232//411
f 234//412 233//412 236//412
f 234//413 235//413 233//413
f 235//414 238//414 233//414
f 237//415 236//415 233//415
f 237//416 233//416 173//416
f 233//417 238//417 215//417
f 233//418 215//418 218//418
f 239//419 241//419 238//419
f 239//420 238//420 240//420
f 240//421 238//421 235//421
f 238//422 241//422 207//422
f 238//423 216//423 215//423
f 238//424 213//424 216//424
f 238//425 207//425 213//425
f 239//426 242//426 241//426
f 242//427 243//427 241//427
f 241//428 245//428 207//428
f 241//429 243//429 244//429
f 241//430 244//430 245//430
f 247//431 245//431 244//431
f 207//432 245//432 246//432
f 247//433 246//433 245//433
f 242//434 247//434 243//434
f 242//435 248//435 247//435
f 248//436 249//436 247//436
f 247//437 244//437 243//437
f 247//438 249//438 251//438
f 247//439 250//439 246//439
f 247//440 251//440 250//440
f 254//441 251//441 249//441
f 250//442 251//442 252//442
f 246//443 251//443 253//443
f 246//444 252//444 251//444
f 251//445 255//445 253//445
f 254//446 255//446 251//446
f 156//447 255//447 254//447
f 156//448 205//448 255//448
f 253//449 255//449 205//449
f 156//450 254//450 256//450
f 256//451 254//451 259//451
f 257//452 254//452 248//452
f 257//453 258//453 254//453
f 258//454 259//454 254//454
f 248//455 254//455 249//455
f 256//456 259//456 260//456
f 260//457 259//457 258//457
f 261//458 260//458 262//458
f 261//459 256//459 260//459
f 260//460 263//460 262//460
f 260//461 258//461 263//461
f 264//462 263//462 265//462
f 264//463 262//463 263//463
f 265//464 263//464 266//464
f 266//465 263//465 267//465
f 267//466 263//466 258//466
f 268//467 267//467 270//467
f 268//468 269//468 267//468
f 266//469 267//469 269//469
f 270//470 267//470 271//470
f 271//471 267//471 257//471
f 267//472 258//472 257//472
f 239//473 271//473 242//473
f 239//474 270//474 271//474
f 271//475 257//475 242//475
f 239//476 268//476 270//476
f 268//477 272//477 269//477
f 266//478 269//478 272//478
f 273//479 272//479 268//479
f 273//480 266//480 272//480
f 274//481 273//481 276//481
f 274//482 275//482 273//482
f 275//483 266//483 273//483
f 276//484 273//484 239//484
f 239//485 273//485 268//485
f 277//486 276//486 239//486
f 277//487 274//487 276//487
f 278//488 277//488 280//488
f 278//489 279//489 277//489
f 279//490 274//490 277//490
f 277//491 240//491 280//491
f 277//492 239//492 240//492
f 278//493 280//493 281//493
f 282//494 281//494 280//494
f 282//495 280//495 234//495
f 280//496 240//496 234//496
f 283//497 282//497 284//497
f 283//498 278//498 282//498
f 278//499 281//499 282//499
f 282//500 285//500 284//500
f 282//501 234//501 285//501
f 286//502 285//502 287//502
f 286//503 284//503 285//503
f 287//504 285//504 234//504
f 286//505 287//505 288//505
f 288//506 287//506 289//506
f 287//507 290//507 289//507
f 287//508 234//508 290//508
f 289//509 290//509 237//509
f 234//510 236//510 290//510
f 290//511 236//511 237//511
f 288//512 289//512 291//512
f 291//513 289//513 168//513
f 289//514 237//514 168//514
f 132//515 288//515 291//515
f 132//516 291//516 292//516
f 291//517 143//517 292//517
f 291//518 168//518 293//518
f 291//519 293//519 294//519
f 291//520 294//520 143//520
f 293//521 164//521 294//521
f 294//522 144//522 143//522
f 294//523 164//523 144//523
f 168//524 164//524 293//524
f 132//525 292//525 133//525
f 133//526 292//526 137//526
f 292//527 138//527 137//527
f 292//528 143//528 138//528
f 131//529 288//529 132//529
f 131//530 295//530 288//530
f 286//531 288//531 295//531
f 130//532 295//532 131//532
f 130//533 286//533 295//533
f 130//534 296//534 286//534
f 296//535 284//535 286//535
f 130//536 283//536 296//536
f 283//537 284//537 296//537
f 297//538 283//538 130//538
f 297//539 298//539 283//539
f 298//540 278//540 283//540
f 297//541 278//541 298//541
f 299//542 297//542 126//542
f 299//543 300//543 297//543
f 300//544 301//544 297//544
f 126//545 297//545 127//545
f 127//546 297//546 130//546
f 297//547 301//547 278//547
f 302//548 301//548 300//548
f 302//549 303//549 301//549
f 303//550 304//550 301//550
f 301//551 304//551 278//551
f 303//552 305//552 304//552
f 304//553 305//553 306//553
f 278//554 304//554 279//554
f 304//555 307//555 279//555
f 304//556 306//556 307//556
f 306//557 308//557 307//557
f 279//558 307//558 308//558
f 279//559 308//559 274//559
f 308//560 310//560 274//560
f 306//561 309//561 308//561
f 308//562 309//562 310//562
f 309//563 311//563 310//563
f 274//564 310//564 275//564
f 310//565 265//565 275//565
f 310//566 311//566 264//566
f 310//567 264//567 265//567
f 309//568 312//568 311//568
f 312//569 261//569 311//569
f 311//570 261//570 264//570
f 309//571 261//571 312//571
f 306//572 313//572 309//572
f 313//573 314//573 309//573
f 309//574 314//574 261//574
f 313//575 315//575 314//575
f 314//576 315//576 317//576
f 314//577 318//577 261//577
f 314//578 316//578 318//578
f 314//579 317//579 316//579
f 316//580 319//580 318//580
f 261//581 318//581 319//581
f 261//582 319//582 256//582
f 316//583 256//583 319//583
f 317//584 320//584 316//584
f 315//585 320//585 317//585
f 315//586 256//586 320//586
f 316//587 320//587 256//587
f 313//588 321//588 315//588
f 321//589 322//589 315//589
f 315//590 322//590 331//590
f 323//591 315//591 325//591
f 323//592 324//592 315//592
f 315//593 324//593 326//593
f 315//594 331//594 325//594
f 315//595 326//595 327//595
f 315//596 327//596 328//596
f 315//597 328//597 329//597
f 315//598 329//598 330//598
f 315//599 330//599 256//599
f 321//600 331//600 322//600
f 321//601 332//601 331//601
f 332//602 323//602 331//602
f 323//603 325//603 331//603
f 333//604 323//604 332//604
f 333//605 332//605 321//605
f 334//606 333//606 336//606
f 334//607 335//607 333//607
f 335//608 337//608 333//608
f 336//609 333//609 321//609
f 333//610 337//610 323//610
f 335//611 338//611 337//611
f 338//612 339//612 337//612
f 337//613 340//613 323//613
f 337//614 339//614 340//614
f 339//615 342//615 340//615
f 323//616 340//616 341//616
f 340//617 345//617 341//617
f 343//618 340//618 342//618
f 343//619 344//619 340//619
f 340//620 344//620 345//620
f 156//621 345//621 347//621
f 156//622 346//622 345//622
f 341//623 345//623 346//623
f 347//624 345//624 348//624
f 344//625 348//625 345//625
f 344//626 347//626 348//626
f 156//627 347//627 349//627
f 350//628 349//628 347//628
f 350//629 347//629 344//629
f 351//630 353//630 350//630
f 351//631 350//631 352//631
f 354//632 352//632 350//632
f 353//633 349//633 350//633
f 354//634 350//634 338//634
f 338//635 350//635 343//635
f 350//636 344//636 343//636
f 355//637 354//637 357//637
f 355//638 356//638 354//638
f 356//639 352//639 354//639
f 357//640 354//640 338//640
f 358//641 357//641 335//641
f 358//642 355//642 357//642
f 357//643 338//643 335//643
f 359//644 358//644 361//644
f 359//645 360//645 358//645
f 360//646 362//646 358//646
f 358//647 335//647 361//647
f 358//648 362//648 355//648
f 363//649 362//649 360//649
f 363//650 364//650 362//650
f 364//651 355//651 362//651
f 365//652 366//652 364//652
f 365//653 364//653 363//653
f 366//654 351//654 364//654
f 364//655 351//655 355//655
f 367//656 369//656 366//656
f 367//657 366//657 368//657
f 368//658 366//658 365//658
f 366//659 369//659 353//659
f 366//660 353//660 351//660
f 367//661 370//661 369//661
f 370//662 371//662 369//662
f 369//663 371//663 372//663
f 369//664 372//664 353//664
f 156//665 372//665 374//665
f 156//666 373//666 372//666
f 353//667 372//667 373//667
f 371//668 374//668 372//668
f 156//669 374//669 375//669
f 371//670 375//670 374//670
f 156//671 375//671 376//671
f 376//672 375//672 371//672
f 156//673 376//673 377//673
f 378//674 377//674 376//674
f 378//675 376//675 370//675
f 370//676 376//676 371//676
f 379//677 378//677 370//677
f 379//678 380//678 378//678
f 380//679 381//679 378//679
f 381//680 382//680 378//680
f 378//681 382//681 377//681
f 156//682 382//682 383//682
f 156//683 377//683 382//683
f 383//684 382//684 381//684
f 156//685 383//685 384//685
f 385//686 384//686 383//686
f 385//687 383//687 381//687
f 386//688 385//688 388//688
f 386//689 387//689 385//689
f 387//690 384//690 385//690
f 388//691 385//691 379//691
f 385//692 380//692 379//692
f 385//693 381//693 380//693
f 389//694 388//694 390//694
f 389//695 386//695 388//695
f 390//696 388//696 391//696
f 388//697 379//697 391//697
f 390//698 391//698 392//698
f 392//699 391//699 393//699
f 391//700 394//700 393//700
f 391//701 379//701 394//701
f 379//702 396//702 394//702
f 393//703 394//703 395//703
f 394//704 396//704 395//704
f 379//705 365//705 396//705
f 365//706 363//706 396//706
f 395//707 396//707 397//707
f 397//708 396//708 363//708
f 398//709 397//709 399//709
f 398//710 395//710 397//710
f 397//711 363//711 399//711
f 398//712 399//712 359//712
f 399//713 360//713 359//713
f 399//714 363//714 360//714
f 392//715 398//715 400//715
f 392//716 393//716 398//716
f 393//717 395//717 398//717
f 400//718 398//718 401//718
f 398//719 404//719 401//719
f 398//720 359//720 402//720
f 398//721 402//721 403//721
f 398//722 403//722 404//722
f 405//723 404//723 406//723
f 405//724 401//724 404//724
f 404//725 407//725 406//725
f 404//726 403//726 402//726
f 404//727 408//727 407//727
f 404//728 402//728 408//728
f 408//729 409//729 407//729
f 402//730 361//730 408//730
f 408//731 361//731 334//731
f 408//732 410//732 409//732
f 408//733 334//733 410//733
f 303//734 409//734 410//734
f 410//735 334//735 336//735
f 303//736 410//736 305//736
f 410//737 336//737 305//737
f 407//738 409//738 303//738
f 406//739 407//739 302//739
f 302//740 407//740 303//740
f 405//741 406//741 302//741
f 122//742 405//742 299//742
f 122//743 400//743 405//743
f 400//744 401//744 405//744
f 405//745 302//745 299//745
f 359//746 361//746 402//746
f 122//747 392//747 400//747
f 120//748 392//748 121//748
f 120//749 390//749 392//749
f 121//750 392//750 122//750
f 120//751 389//751 390//751
f 120//752 411//752 389//752
f 411//753 412//753 389//753
f 389//754 412//754 413//754
f 389//755 415//755 386//755
f 389//756 413//756 414//756
f 389//757 414//757 415//757
f 414//758 384//758 415//758
f 386//759 415//759 387//759
f 415//760 384//760 387//760
f 413//761 416//761 414//761
f 414//762 416//762 384//762
f 412//763 416//763 413//763
f 412//764 417//764 416//764
f 417//765 418//765 416//765
f 416//766 418//766 384//766
f 156//767 418//767 419//767
f 156//768 384//768 418//768
f 417//769 419//769 418//769
f 420//770 419//770 417//770
f 420//771 421//771 419//771
f 156//772 419//772 421//772
f 420//773 422//773 421//773
f 156//774 421//774 422//774
f 423//775 422//775 420//775
f 423//776 424//776 422//776
f 156//777 422//777 424//777
f 423//778 156//778 424//778
f 425//779 423//779 427//779
f 425//780 426//780 423//780
f 426//781 428//781 423//781
f 427//782 423//782 420//782
f 423//783 428//783 429//783
f 423//784 429//784 156//784
f 428//785 142//785 429//785
f 429//786 147//786 156//786
f 429//787 142//787 147//787
f 426//788 430//788 428//788
f 430//789 431//789 428//789
f 141//790 428//790 431//790
f 141//791 142//791 428//791
f 141//792 431//792 430//792
f 426//793 141//793 430//793
f 117//794 427//794 411//794
f 117//795 425//795 427//795
f 427//796 412//796 411//796
f 427//797 420//797 412//797
f 432//798 426//798 425//798
f 432//799 433//799 426//799
f 433//800 135//800 426//800
f 426//801 135//801 141//801
f 125//802 433//802 432//802
f 125//803 129//803 433//803
f 129//804 135//804 433//804
f 117//805 125//805 432//805
f 117//806 432//806 425//806
f 412//807 420//807 417//807
f 117//808 411//808 119//808
f 119//809 411//809 120//809
f 379//810 368//810 365//810
f 379//811 367//811 368//811
f 379//812 370//812 367//812
f 156//813 349//813 373//813
f 353//814 373//814 349//814
f 361//815 335//815 334//815
f 355//816 352//816 356//816
f 355//817 351//817 352//817
f 156//818 434//818 346//818
f 346//819 434//819 324//819
f 323//820 346//820 324//820
f 323//821 341//821 346//821
f 156//822 327//822 434//822
f 326//823 434//823 327//823
f 324//824 434//824 326//824
f 338//825 343//825 342//825
f 338//826 342//826 339//826
f 305//827 336//827 306//827
f 336//828 313//828 306//828
f 336//829 321//829 313//829
f 156//830 330//830 329//830
f 156//831 256//831 330//831
f 156//832 329//832 328//832
f 156//833 328//833 327//833
f 299//834 302//834 300//834
f 122//835 299//835 123//835
f 123//836 299//836 126//836
f 275//837 265//837 266//837
f 261//838 262//838 264//838
f 242//839 257//839 248//839
f 246//840 253//840 210//840
f 253//841 205//841 210//841
f 246//842 250//842 252//842
f 207//843 246//843 208//843
f 246//844 210//844 208//844
f 234//845 240//845 235//845
f 168//846 237//846 170//846
f 237//847 175//847 170//847
f 237//848 173//848 175//848
f 207//849 209//849 213//849
f 161//850 182//850 158//850
f 161//851 179//851 182//851
f 177//852 179//852 161//852
f 160//853 177//853 435//853
f 177//854 161//854 435//854
f 160//855 435//855 161//855
f 170//856 175//856 171//856
f 144//857 164//857 145//857
f 145//858 164//858 150//858
f 156//859 147//859 148//859
f 156//860 148//860 151//860
f 133//861 137//861 136//861
f 118//862 125//862 117//862
o geometry_9.003
v -0.027552 0.000034 0.035139
v -0.028459 0.000295 0.035816
v -0.027230 -0.000473 0.034884
v -0.028439 -0.001139 0.035900
v -0.027380 -0.000446 0.035149
v -0.027435 -0.000521 0.034171
v -0.027448 -0.000153 0.034150
v -0.027280 -0.000398 0.033718
v -0.026936 -0.000905 0.033540
v -0.026919 -0.000646 0.032485
v -0.026242 -0.000926 0.029778
v -0.026529 -0.000859 0.030800
v -0.026755 -0.000925 0.032206
v -0.026162 -0.001111 0.031996
v -0.025981 -0.001054 0.030634
v -0.025780 -0.001121 0.028601
v -0.024927 -0.001392 0.028456
v -0.025166 -0.001058 0.028878
v -0.026017 -0.000640 0.028721
v -0.021574 -0.001385 0.028147
v -0.020809 0.002656 0.028348
v -0.025049 -0.001107 0.031811
v -0.024981 -0.001093 0.030442
v -0.021787 -0.001160 0.028614
v -0.021411 0.002415 0.026997
v -0.026445 -0.000004 0.034443
v -0.025756 0.000139 0.034023
v -0.026331 0.000099 0.033652
v -0.021843 0.001229 0.028907
v -0.020695 0.001104 0.029703
v -0.021820 0.000927 0.029737
v -0.021955 0.000439 0.030459
v -0.021961 0.000292 0.030616
v -0.021960 -0.000008 0.030760
v -0.021956 -0.000334 0.030702
v -0.021818 -0.000833 0.030064
v -0.023277 -0.000671 0.032262
v -0.024540 -0.000730 0.033508
v -0.023855 -0.000578 0.033042
v -0.023914 -0.000578 0.033012
v -0.024491 -0.000551 0.033468
v -0.026056 -0.000217 0.034760
v -0.026063 -0.000404 0.034782
v -0.024581 -0.000249 0.033622
v -0.023404 -0.000071 0.032277
v -0.021801 -0.000010 0.030498
v -0.025529 -0.000294 0.034218
v -0.025028 0.000197 0.033383
v -0.026537 -0.000129 0.034721
v -0.027467 -0.000553 0.035031
v -0.026584 -0.000308 0.034981
v -0.026799 0.000015 0.034473
v -0.027008 -0.000368 0.034857
v -0.026693 0.000077 0.033776
v -0.027179 -0.000507 0.033835
v -0.026190 0.000117 0.032436
v -0.026594 0.000109 0.033125
v -0.026696 -0.000245 0.032620
v -0.026590 -0.000553 0.030972
v -0.026271 -0.000410 0.029984
v -0.025837 -0.000115 0.028797
v -0.025590 0.000196 0.031398
v -0.024880 0.000402 0.028761
v -0.024917 0.000206 0.028506
v -0.023762 0.000803 0.028744
v -0.023695 0.000756 0.028678
v -0.026396 -0.000346 0.028383
v -0.026175 -0.000691 0.029734
v -0.025928 -0.000626 0.028954
v -0.026525 -0.000706 0.031013
v -0.027383 -0.000523 0.034931
v -0.026711 -0.000650 0.034886
v -0.026950 -0.000844 0.034985
v -0.027226 -0.000807 0.035061
v -0.026502 -0.000788 0.034598
v -0.026293 -0.001029 0.033300
v -0.026043 -0.000914 0.035273
v -0.025134 -0.000930 0.033122
v -0.025092 -0.000555 0.034227
v -0.023766 -0.000866 0.031629
v -0.026889 -0.000755 0.034833
vn 0.6074 0.0549 0.7925
vn -0.5923 0.0301 -0.8051
vn -0.8435 -0.5371 0.0014
vn 0.4816 0.1908 0.8554
vn 0.9388 0.3355 -0.0784
vn 0.9945 0.0422 0.0962
vn -0.7961 -0.6043 0.0309
vn -0.9407 -0.2548 -0.2239
vn -0.8281 -0.5605 -0.0008
vn -0.8403 -0.5316 -0.1066
vn 0.9012 0.3920 0.1847
vn -0.9322 0.2334 -0.2766
vn -0.8919 -0.4219 -0.1627
vn -0.3596 -0.9276 -0.1008
vn -0.3097 -0.9504 -0.0281
vn -0.3265 -0.9415 -0.0833
vn -0.3349 -0.9423 -0.0020
vn -0.3023 -0.9532 0.0016
vn -0.4880 -0.8669 -0.1017
vn 0.9131 0.2800 0.2966
vn 0.0604 -0.7659 0.6401
vn -0.1062 0.1899 -0.9760
vn -0.0900 0.2123 -0.9730
vn -0.1160 0.0712 -0.9907
vn -0.9124 0.1537 0.3792
vn 0.5310 -0.6423 0.5527
vn -0.0954 -0.9953 -0.0147
vn -0.0931 -0.9956 -0.0113
vn 0.9206 0.0766 0.3829
vn -0.3420 0.9369 0.0731
vn -0.0157 0.9540 0.2992
vn 0.5102 0.6743 0.5338
vn 0.4061 -0.9136 -0.0176
vn -0.2358 0.8487 0.4734
vn 0.1249 -0.8796 -0.4590
vn 0.9614 -0.2749 -0.0060
vn 0.9014 0.2997 0.3125
vn 0.9736 0.0990 0.2058
vn 0.9904 -0.0105 0.1378
vn 0.9832 0.0442 0.1773
vn 0.9955 -0.0858 0.0412
vn 0.7246 -0.4581 0.5148
vn 0.2234 -0.9499 0.2186
vn 0.5907 -0.5691 0.5720
vn -0.4674 0.7682 -0.4375
vn 0.0457 -0.9875 0.1511
vn 0.7625 0.0064 0.6469
vn 0.6198 0.0047 0.7847
vn 0.6057 -0.1704 0.7772
vn -0.6374 -0.0632 -0.7679
vn 0.6183 -0.1692 0.7675
vn 0.7165 0.2335 0.6574
vn 0.7642 -0.1024 0.6368
vn 0.6905 0.2760 0.6686
vn -0.1374 0.9864 -0.0899
vn 0.7492 0.0437 0.6609
vn 0.7342 0.1292 0.6666
vn -0.8285 -0.2421 -0.5049
vn 0.1737 0.9221 0.3458
vn 0.3591 0.6943 0.6236
vn 0.4388 0.7248 0.5312
vn 0.5441 0.6036 0.5828
vn 0.4852 0.6795 0.5504
vn 0.5202 0.5624 0.6427
vn 0.3461 0.8135 0.4674
vn 0.4430 0.5509 0.7073
vn 0.3816 0.7691 0.5127
vn -0.1512 0.7771 0.6109
vn -0.1996 0.8241 0.5301
vn 0.3562 0.7387 0.5723
vn 0.0856 0.8981 0.4314
vn 0.0741 0.9004 0.4286
vn 0.4809 0.4751 0.7369
vn -0.6379 0.7698 -0.0228
vn -0.6360 0.7711 -0.0292
vn 0.0220 -0.7132 -0.7006
vn 0.0656 0.9882 0.1384
vn -0.0348 0.9960 0.0821
vn -0.0605 0.9981 0.0075
vn -0.6883 0.5221 -0.5037
vn -0.7699 0.6325 -0.0848
vn 0.0898 0.9939 0.0638
vn 0.8565 0.1128 0.5037
vn -0.8187 0.5343 -0.2103
vn -0.8800 0.4535 -0.1413
vn -0.8023 0.5701 -0.1770
vn -0.8324 0.5265 -0.1729
vn -0.3582 0.9271 -0.1107
vn 0.0893 0.9908 0.1014
vn -0.8078 0.5174 -0.2825
vn 0.6016 -0.6726 0.4309
vn -0.3719 0.2569 -0.8920
vn -0.0459 0.0880 -0.9951
vn -0.3378 0.9411 -0.0173
vn -0.3504 0.5598 -0.7509
vn 0.7669 0.2585 0.5874
vn -0.4522 0.7660 0.4568
vn -0.5539 0.8029 -0.2205
vn -0.5719 0.7739 -0.2720
vn -0.4249 0.9025 0.0697
vn 0.6188 -0.0985 -0.7793
vn -0.6232 -0.7819 0.0171
vn -0.9592 -0.0868 -0.2690
vn 0.9065 -0.3452 0.2430
vn -0.9507 -0.0512 -0.3058
vn -0.1977 -0.9707 0.1368
vn -0.4843 0.8651 0.1303
vn -0.9358 0.2160 -0.2785
vn -0.9441 -0.2025 -0.2602
vn -0.9412 0.2220 -0.2546
vn -0.9507 -0.1872 -0.2470
vn 0.9604 0.0510 0.2739
vn -0.9283 0.2663 -0.2595
vn -0.6516 0.7370 -0.1796
vn 0.4110 0.8434 0.3459
vn -0.4508 0.8918 -0.0394
vn 0.6301 -0.1344 0.7648
vn 0.2326 -0.9071 -0.3509
vn 0.2641 -0.9622 -0.0659
vn 0.0126 -0.2714 0.9624
vn 0.4110 -0.3818 0.8278
vn -0.3705 -0.0920 -0.9243
vn 0.1239 0.3261 0.9372
vn -0.2782 -0.1427 -0.9499
vn 0.4136 -0.6674 0.6193
vn 0.5044 -0.5773 0.6421
vn -0.0498 0.9981 -0.0364
vn 0.4217 -0.5377 0.7301
vn 0.1153 0.9913 -0.0637
vn -0.1020 -0.9923 0.0708
vn 0.0846 0.9960 0.0283
vn 0.2282 -0.9247 0.3047
vn -0.2646 0.8709 -0.4142
vn 0.1127 -0.9423 0.3151
vn 0.1056 -0.9846 0.1394
vn 0.0921 -0.9947 0.0463
vn 0.2020 -0.9688 0.1435
vn 0.2715 -0.9396 0.2084
vn 0.2692 -0.9595 0.0833
vn 0.2109 -0.9498 0.2310
vn 0.1722 -0.9631 0.2070
vn -0.9313 0.0095 -0.3641
vn -0.1449 -0.9822 0.1193
vn -0.1731 -0.9839 0.0448
vn 0.0151 -0.9978 0.0646
vn -0.6237 -0.7735 0.1125
vn -0.5722 -0.5878 -0.5719
vn -0.6818 -0.6201 -0.3880
vn 0.5970 0.8021 -0.0153
vn -0.7128 -0.2153 -0.6675
vn -0.6478 -0.0535 -0.7600
vn 0.6365 -0.0029 0.7713
vn 0.1546 -0.9872 -0.0395
vn -0.0250 0.9815 0.1900
vn 0.0028 -0.9999 -0.0099
vn -0.0119 -0.9997 -0.0210
vn -0.8853 -0.3657 -0.2873
vn -0.6612 -0.7375 -0.1375
s 0
f 436//863 437//863 439//863
f 436//864 438//864 437//864
f 436//865 443//865 438//865
f 436//866 439//866 440//866
f 436//867 440//867 441//867
f 436//868 441//868 442//868
f 436//869 442//869 443//869
f 442//870 445//870 443//870
f 438//871 443//871 444//871
f 443//872 448//872 444//872
f 443//873 445//873 446//873
f 443//874 446//874 447//874
f 443//875 447//875 448//875
f 447//876 450//876 448//876
f 444//877 448//877 449//877
f 448//878 450//878 449//878
f 447//879 451//879 450//879
f 451//880 452//880 450//880
f 449//881 450//881 452//881
f 449//882 452//882 453//882
f 452//883 455//883 453//883
f 454//884 452//884 451//884
f 454//885 455//885 452//885
f 454//886 456//886 455//886
f 460//887 455//887 456//887
f 457//888 455//888 459//888
f 457//889 458//889 455//889
f 453//890 455//890 458//890
f 460//891 459//891 455//891
f 461//892 460//892 463//892
f 461//893 462//893 460//893
f 462//894 464//894 460//894
f 463//895 460//895 456//895
f 460//896 464//896 465//896
f 460//897 465//897 466//897
f 460//898 466//898 467//898
f 460//899 467//899 468//899
f 460//900 468//900 469//900
f 460//901 469//901 470//901
f 460//902 470//902 471//902
f 460//903 471//903 459//903
f 472//904 471//904 470//904
f 459//905 471//905 472//905
f 473//906 472//906 475//906
f 473//907 474//907 472//907
f 474//908 459//908 472//908
f 472//909 470//909 475//909
f 473//910 475//910 476//910
f 477//911 476//911 475//911
f 477//912 475//912 478//912
f 478//913 475//913 479//913
f 475//914 480//914 479//914
f 475//915 470//915 469//915
f 475//916 469//916 480//916
f 469//917 481//917 480//917
f 479//918 480//918 468//918
f 480//919 481//919 468//919
f 469//920 468//920 481//920
f 478//921 479//921 482//921
f 482//922 479//922 483//922
f 479//923 466//923 483//923
f 479//924 468//924 467//924
f 479//925 467//925 466//925
f 482//926 483//926 462//926
f 462//927 483//927 466//927
f 484//928 482//928 462//928
f 484//929 478//929 482//929
f 485//930 484//930 487//930
f 485//931 486//931 484//931
f 486//932 478//932 484//932
f 487//933 484//933 461//933
f 484//934 462//934 461//934
f 440//935 488//935 487//935
f 440//936 487//936 441//936
f 487//937 489//937 441//937
f 485//938 487//938 488//938
f 487//939 461//939 463//939
f 487//940 463//940 489//940
f 463//941 491//941 489//941
f 441//942 489//942 490//942
f 489//943 492//943 490//943
f 489//944 491//944 492//944
f 491//945 497//945 492//945
f 490//946 492//946 493//946
f 493//947 492//947 494//947
f 494//948 492//948 495//948
f 495//949 492//949 496//949
f 492//950 499//950 496//950
f 492//951 497//951 498//951
f 492//952 498//952 499//952
f 454//953 499//953 498//953
f 454//954 496//954 499//954
f 454//955 498//955 500//955
f 497//956 500//956 498//956
f 454//957 500//957 501//957
f 497//958 501//958 500//958
f 454//959 501//959 456//959
f 456//960 501//960 497//960
f 491//961 456//961 497//961
f 495//962 496//962 502//962
f 454//963 502//963 496//963
f 495//964 502//964 454//964
f 441//965 495//965 503//965
f 441//966 494//966 495//966
f 495//967 504//967 503//967
f 495//968 454//968 504//968
f 446//969 504//969 454//969
f 446//970 503//970 504//970
f 441//971 503//971 505//971
f 505//972 503//972 446//972
f 442//973 505//973 445//973
f 442//974 441//974 505//974
f 505//975 446//975 445//975
f 441//976 493//976 494//976
f 441//977 490//977 493//977
f 463//978 456//978 491//978
f 440//979 439//979 488//979
f 485//980 488//980 439//980
f 506//981 486//981 485//981
f 506//982 507//982 486//982
f 507//983 477//983 486//983
f 486//984 477//984 478//984
f 508//985 507//985 506//985
f 508//986 509//986 507//986
f 509//987 510//987 507//987
f 507//988 510//988 477//988
f 509//989 473//989 510//989
f 473//990 477//990 510//990
f 508//991 511//991 509//991
f 511//992 512//992 509//992
f 509//993 512//993 513//993
f 509//994 513//994 514//994
f 509//995 514//995 473//995
f 513//996 473//996 514//996
f 511//997 457//997 513//997
f 511//998 513//998 512//998
f 513//999 457//999 515//999
f 513//1000 515//1000 474//1000
f 513//1001 474//1001 473//1001
f 457//1002 459//1002 515//1002
f 515//1003 459//1003 474//1003
f 516//1004 511//1004 508//1004
f 516//1005 444//1005 511//1005
f 444//1006 449//1006 511//1006
f 511//1007 449//1007 457//1007
f 438//1008 444//1008 516//1008
f 438//1009 516//1009 508//1009
f 438//1010 508//1010 437//1010
f 437//1011 508//1011 506//1011
f 437//1012 506//1012 485//1012
f 437//1013 485//1013 439//1013
f 473//1014 476//1014 477//1014
f 462//1015 466//1015 465//1015
f 462//1016 465//1016 464//1016
f 449//1017 458//1017 457//1017
f 449//1018 453//1018 458//1018
f 446//1019 454//1019 451//1019
f 446//1020 451//1020 447//1020
o geometry_9.004
v -0.002790 0.015418 -0.005992
v -0.003307 0.014517 -0.006193
v -0.003553 0.014072 -0.005821
v -0.003119 0.014486 -0.006837
v -0.002760 0.014545 -0.006613
v -0.001923 0.015671 -0.007999
v -0.001555 0.015771 -0.008825
v -0.000325 0.015917 -0.010770
v 0.000092 0.015337 -0.011930
v 0.000598 0.015931 -0.012089
v 0.000910 0.015936 -0.012344
v 0.014881 0.016733 -0.012989
v 0.016424 0.016425 -0.006928
v 0.016564 0.016776 -0.006810
v 0.018294 0.016853 -0.006986
v 0.018924 0.017644 -0.006928
v 0.019455 0.018701 -0.006870
v 0.020054 0.020320 -0.006755
v 0.018903 0.021094 -0.006849
v 0.018895 0.021653 -0.006716
v 0.018890 0.021775 -0.006703
v 0.019811 0.023279 -0.006573
v 0.019615 0.023512 -0.006441
v 0.018987 0.024411 -0.006454
v 0.017869 0.025207 -0.006396
v 0.017695 0.025301 -0.006243
v 0.017127 0.025549 -0.006326
v 0.016159 0.025859 -0.006281
v 0.016034 0.025899 -0.006218
v 0.014810 0.026124 -0.006180
v 0.014893 0.026012 -0.006302
v 0.013135 0.026124 -0.006140
v 0.013151 0.026065 -0.006243
v 0.011588 0.025807 -0.006114
v 0.011485 0.025804 -0.006050
v 0.010071 0.025411 -0.006079
v 0.009129 0.025162 -0.006058
v 0.009079 0.025159 -0.006033
v 0.008359 0.024933 -0.006036
v 0.008215 0.024946 -0.005819
v 0.007077 0.024436 -0.006028
v 0.003940 0.023236 -0.005956
v 0.003791 0.023196 -0.005898
v 0.002711 0.022639 -0.005972
v 0.002665 0.022598 -0.005999
v 0.001473 0.021948 -0.005964
v 0.000781 0.021557 -0.005955
v -0.000244 0.020918 -0.005969
v -0.000482 0.020781 -0.005851
v -0.000565 0.020341 -0.005980
v -0.000449 0.020048 -0.004991
v -0.001011 0.018693 -0.005957
v -0.001555 0.018152 -0.005952
v -0.003277 0.017712 -0.006067
v -0.003402 0.017491 -0.005355
v -0.002804 0.016709 -0.006116
v -0.003575 0.016266 -0.006339
v -0.002848 0.015726 -0.005153
v -0.002723 0.015491 -0.005222
v -0.002822 0.014135 -0.005408
v -0.002103 0.015995 -0.006468
v -0.002586 0.014116 -0.006860
v -0.002811 0.016129 -0.004634
v -0.002611 0.017189 -0.004454
v -0.001560 0.017256 -0.006505
v -0.001382 0.016866 -0.007884
v -0.001628 0.016106 -0.007866
v -0.001271 0.016706 -0.008433
v -0.001255 0.016248 -0.008539
v -0.001029 0.017430 -0.007783
v -0.000028 0.016613 -0.009812
v -0.000182 0.018064 -0.008500
v -0.000711 0.017197 -0.008606
v 0.000235 0.017418 -0.009467
v 0.000917 0.017461 -0.010110
v 0.001228 0.018233 -0.009803
v 0.002756 0.018284 -0.011258
v 0.001972 0.017683 -0.010968
v 0.003681 0.018787 -0.011662
v 0.002111 0.018806 -0.010093
v 0.002617 0.019532 -0.009877
v 0.004152 0.019635 -0.011246
v 0.001205 0.019308 -0.008514
v 0.003298 0.019726 -0.010250
v 0.004397 0.020730 -0.009621
v 0.003391 0.020335 -0.009177
v 0.002001 0.019518 -0.009093
v 0.003915 0.020846 -0.008724
v 0.008178 0.022593 -0.010257
v 0.007267 0.022277 -0.009750
v 0.001932 0.019933 -0.007885
v 0.006852 0.022355 -0.008828
v 0.003611 0.020901 -0.007917
v 0.002911 0.020511 -0.007879
v 0.002682 0.020562 -0.007157
v 0.000474 0.019346 -0.006447
v 0.001998 0.020260 -0.006604
v 0.000947 0.019324 -0.007881
v 0.002481 0.020590 -0.006234
v 0.003238 0.020957 -0.006626
v 0.004783 0.021488 -0.007975
v 0.004901 0.021782 -0.006474
v 0.003137 0.021795 -0.004396
v 0.004430 0.022413 -0.004427
v 0.001992 0.021148 -0.004385
v 0.001272 0.020769 -0.004372
v 0.000065 0.020031 -0.004406
v -0.000141 0.019059 -0.005802
v -0.001336 0.017804 -0.005928
v -0.000656 0.018360 -0.006463
v 0.000053 0.018992 -0.006856
v -0.001222 0.017672 -0.006924
v -0.000395 0.018176 -0.007807
v 0.000333 0.018873 -0.007790
v 0.007649 0.022820 -0.008075
v 0.007671 0.022940 -0.006661
v 0.009054 0.023365 -0.008097
v 0.009182 0.023502 -0.006750
v 0.007492 0.023474 -0.004524
v 0.008761 0.023963 -0.004552
v 0.009674 0.023667 -0.006341
v 0.009457 0.024142 -0.004585
v 0.011927 0.024272 -0.006784
v 0.010422 0.024385 -0.004613
v 0.011881 0.024755 -0.004661
v 0.013289 0.025075 -0.004702
v 0.014560 0.024623 -0.006909
v 0.013287 0.024545 -0.006813
v 0.014669 0.025085 -0.004783
v 0.015814 0.024467 -0.007072
v 0.015983 0.024721 -0.004918
v 0.016765 0.024202 -0.007181
v 0.016812 0.024440 -0.004998
v 0.017296 0.023975 -0.007236
v 0.017433 0.024095 -0.005088
v 0.018298 0.023565 -0.005141
v 0.018536 0.022736 -0.007355
v 0.017962 0.023470 -0.007291
v 0.019035 0.022335 -0.005405
v 0.018712 0.022177 -0.006577
v 0.018698 0.022373 -0.007350
v 0.018738 0.021701 -0.007392
v 0.018720 0.021621 -0.006344
v 0.018709 0.021072 -0.006599
v 0.018537 0.020614 -0.007354
v 0.018708 0.021117 -0.007429
v 0.019040 0.020634 -0.005496
v 0.018712 0.021257 -0.008085
v 0.018573 0.021891 -0.008806
v 0.018658 0.021790 -0.008404
v 0.018383 0.020919 -0.008446
v 0.017861 0.019243 -0.007280
v 0.017565 0.018532 -0.006844
v 0.018185 0.017994 -0.005343
v 0.018697 0.019074 -0.005352
v 0.018655 0.022408 -0.008315
v 0.017922 0.022949 -0.009630
v 0.018470 0.022691 -0.008584
v 0.017595 0.023395 -0.009751
v 0.017872 0.023551 -0.008501
v 0.017204 0.024046 -0.008450
v 0.016899 0.023886 -0.009517
v 0.016509 0.024284 -0.009101
v 0.016702 0.024269 -0.008484
v 0.015865 0.024465 -0.008367
v 0.015903 0.024300 -0.009305
v 0.014589 0.024539 -0.008220
v 0.014588 0.024294 -0.009343
v 0.013248 0.024411 -0.008151
v 0.011789 0.023996 -0.008920
v 0.011110 0.023891 -0.008797
v 0.013212 0.024178 -0.009162
v 0.011854 0.024145 -0.008156
v 0.010848 0.023894 -0.008162
v 0.010146 0.023702 -0.008109
v 0.009838 0.023699 -0.007259
v 0.010385 0.023861 -0.006802
v 0.010283 0.023082 -0.010906
v 0.011758 0.023784 -0.009593
v 0.013189 0.023940 -0.009823
v 0.011666 0.023308 -0.010862
v 0.014539 0.024105 -0.009882
v 0.015807 0.024141 -0.009778
v 0.011546 0.022936 -0.011674
v 0.010200 0.022795 -0.011625
v 0.009588 0.022710 -0.011520
v 0.010215 0.022306 -0.012346
v 0.009114 0.022003 -0.012206
v 0.010223 0.022354 -0.012285
v 0.011642 0.022573 -0.013312
v 0.011410 0.023764 -0.012400
v 0.013768 0.023026 -0.011382
v 0.012904 0.023008 -0.011500
v 0.015754 0.023647 -0.010433
v 0.017084 0.023429 -0.010195
v 0.014647 0.023087 -0.011223
v 0.011508 0.022612 -0.012171
v 0.012836 0.022520 -0.012137
v 0.012916 0.022503 -0.012133
v 0.015730 0.022771 -0.011100
v 0.015286 0.022449 -0.011456
v 0.016925 0.022982 -0.010509
v 0.017498 0.023359 -0.010118
v 0.017531 0.023120 -0.010141
v 0.015998 0.021742 -0.011253
v 0.017528 0.021900 -0.010257
v 0.018075 0.021933 -0.009574
v 0.015282 0.021700 -0.011675
v 0.014327 0.021664 -0.012194
v 0.005448 0.016948 -0.014842
v 0.014186 0.021782 -0.012182
v 0.005041 0.015686 -0.015490
v 0.005172 0.018747 -0.012891
v 0.005554 0.018965 -0.012945
v 0.008769 0.021776 -0.012262
v 0.008274 0.021495 -0.012264
v 0.009129 0.022050 -0.012111
v 0.007905 0.021574 -0.011802
v 0.008790 0.022493 -0.011138
v 0.005626 0.019555 -0.012444
v 0.005690 0.019672 -0.012360
v 0.005300 0.019431 -0.012324
v 0.004816 0.019069 -0.012314
v 0.004677 0.019202 -0.012084
v 0.004524 0.018809 -0.012326
v 0.004277 0.018269 -0.012634
v 0.004092 0.018419 -0.012340
v 0.009067 0.022738 -0.010850
v 0.008994 0.023114 -0.009484
v 0.007669 0.022591 -0.009389
v 0.010526 0.023606 -0.009320
v 0.006627 0.022360 -0.008054
vn 0.8098 -0.5244 0.2630
vn 0.8686 -0.4952 -0.0190
vn 0.8679 -0.4960 -0.0279
vn -0.3789 -0.5449 0.7480
vn 0.9041 -0.2273 0.3619
vn -0.3140 -0.9157 -0.2508
vn -0.2388 -0.9454 -0.2218
vn -0.8751 0.2265 -0.4277
vn 0.7529 -0.5423 0.3727
vn -0.0933 -0.9865 -0.1348
vn 0.0546 -0.9973 -0.0496
vn 0.0492 -0.9968 -0.0632
vn 0.0636 -0.3410 0.9379
vn -0.0810 0.9139 -0.3978
vn 0.0547 -0.1162 0.9917
vn 0.0512 -0.0805 0.9954
vn 0.0525 -0.0899 0.9946
vn 0.0057 0.1281 0.9917
vn 0.0978 -0.2276 0.9688
vn 0.0627 -0.1026 0.9927
vn 0.0702 -0.1287 0.9892
vn 0.1569 -0.3837 0.9100
vn 0.0120 0.0223 0.9997
vn 0.0323 -0.0269 0.9991
vn 0.3062 -0.6163 0.7256
vn -0.0700 0.1700 0.9830
vn 0.0355 -0.0367 0.9987
vn 0.2711 -0.4687 0.8407
vn 0.0265 -0.0260 0.9993
vn -0.3489 0.5604 -0.7512
vn 0.0843 -0.1117 0.9902
vn -0.4891 0.7208 -0.4912
vn 0.1029 -0.1308 0.9860
vn 0.4330 -0.5913 0.6804
vn -0.0350 0.0537 0.9979
vn 0.0295 -0.0293 0.9991
vn 0.4128 -0.4997 0.7615
vn -0.0100 0.0164 0.9998
vn 0.5873 -0.6861 0.4293
vn -0.3193 0.3528 0.8795
vn 0.0368 -0.0362 0.9987
vn 0.4213 -0.3664 0.8296
vn -0.1097 0.0809 0.9907
vn -0.7267 0.5525 0.4082
vn 0.0494 -0.0365 0.9981
vn 0.0232 -0.0194 0.9995
vn -0.0146 0.0025 0.9999
vn 0.5432 -0.2548 0.8000
vn -0.7026 0.3191 -0.6361
vn 0.8886 -0.4011 -0.2225
vn -0.8669 0.4725 -0.1588
vn 0.0421 -0.0335 0.9986
vn -0.0713 0.0176 0.9973
vn 0.9500 0.2095 0.2315
vn -0.8159 -0.0645 -0.5747
vn -0.3221 0.0875 0.9427
vn 0.7573 0.6283 -0.1779
vn 0.8611 0.4939 -0.1212
vn -0.8100 -0.2792 -0.5157
vn 0.4846 0.0843 -0.8706
vn -0.9074 0.1218 -0.4021
vn -0.7877 0.5127 -0.3414
vn -0.9479 0.2764 -0.1583
vn -0.9453 0.2782 -0.1704
vn -0.7769 0.5911 -0.2168
vn -0.7497 -0.6151 -0.2443
vn 0.6145 0.7389 -0.2763
vn 0.6082 0.7405 -0.2858
vn -0.8386 0.3490 -0.4183
vn -0.8977 0.3802 -0.2229
vn -0.9134 0.2885 -0.2873
vn -0.9177 0.2903 -0.2712
vn -0.7593 0.5941 -0.2656
vn -0.7308 0.6251 -0.2743
vn -0.8786 0.0780 -0.4712
vn -0.9228 0.0556 -0.3814
vn -0.6671 0.6445 -0.3736
vn 0.9050 -0.1476 0.3990
vn -0.7774 0.5435 -0.3168
vn -0.7352 0.5718 -0.3640
vn -0.3250 0.8777 -0.3522
vn -0.7278 0.4931 -0.4766
vn -0.6252 0.5022 -0.5974
vn -0.5974 0.4463 -0.6662
vn -0.6513 0.4706 -0.5953
vn -0.6518 0.4687 -0.5963
vn -0.4984 0.7227 -0.4788
vn -0.8323 0.4248 -0.3561
vn -0.6139 0.4930 -0.6165
vn -0.6183 0.5038 -0.6032
vn -0.5706 0.5823 -0.5791
vn -0.6082 0.4937 -0.6216
vn -0.6087 0.4930 -0.6216
vn -0.5694 0.5862 -0.5763
vn -0.5841 0.5925 -0.5548
vn -0.5654 0.5702 -0.5960
vn -0.5571 0.5943 -0.5801
vn -0.5759 0.5735 -0.5826
vn -0.4708 0.7453 -0.4721
vn -0.5823 0.6432 -0.4972
vn -0.4705 0.8082 -0.3542
vn -0.4587 0.7751 -0.4345
vn -0.4783 0.7923 -0.3789
vn -0.4876 0.7917 -0.3679
vn -0.4853 0.7863 -0.3825
vn -0.4740 0.8042 -0.3585
vn -0.4829 0.8037 -0.3476
vn -0.4476 0.8510 -0.2748
vn -0.4607 0.8145 -0.3527
vn -0.4474 0.8515 -0.2735
vn -0.4918 0.8316 -0.2580
vn -0.4908 0.8337 -0.2533
vn -0.4514 0.8622 -0.2298
vn -0.4826 0.8422 -0.2402
vn -0.4955 0.8412 -0.2167
vn -0.4845 0.8483 -0.2138
vn -0.5190 0.8347 -0.1841
vn -0.5192 0.8343 -0.1854
vn -0.4882 0.8628 -0.1315
vn -0.5170 0.8348 -0.1891
vn -0.4878 0.8630 -0.1315
vn -0.4577 0.8727 -0.1701
vn -0.4298 0.8922 -0.1390
vn -0.4329 0.8896 -0.1458
vn -0.4480 0.8782 -0.1676
vn -0.3929 0.8548 -0.3389
vn -0.5426 0.7780 -0.3168
vn -0.4608 0.8085 -0.3660
vn -0.4099 0.8410 -0.3532
vn 0.3482 -0.7564 -0.5537
vn 0.4175 -0.7478 -0.5162
vn 0.4025 -0.7656 -0.5019
vn 0.7224 -0.5091 -0.4679
vn 0.4208 -0.7476 -0.5139
vn 0.3949 -0.7678 -0.5044
vn 0.4168 -0.7483 -0.5161
vn -0.4383 0.8218 -0.3641
vn -0.4787 0.7990 -0.3639
vn 0.4606 -0.7295 -0.5057
vn -0.5083 0.7888 -0.3455
vn -0.3570 0.8788 -0.3167
vn -0.6734 0.6496 -0.3528
vn 0.9473 0.1801 -0.2649
vn 0.2233 -0.8279 -0.5144
vn 0.4610 -0.7294 -0.5054
vn -0.7037 0.6877 -0.1784
vn 0.2189 -0.1113 -0.9694
vn -0.1163 0.6078 -0.7855
vn -0.7071 0.6855 -0.1735
vn -0.9500 -0.3116 0.0185
vn 0.6360 0.1043 -0.7646
vn -0.5449 0.8245 -0.1526
vn -0.6883 0.6780 -0.2578
vn -0.7054 0.6897 -0.1638
vn -0.6592 0.6953 -0.2863
vn -0.5211 0.8333 -0.1848
vn -0.5807 0.7727 -0.2563
vn -0.6027 0.7487 -0.2762
vn -0.6301 0.6983 -0.3395
vn -0.6531 0.6896 -0.3129
vn -0.7236 0.6047 -0.3328
vn -0.7263 0.6073 -0.3221
vn -0.8577 0.4552 -0.2390
vn -0.8403 0.5167 -0.1641
vn -0.7016 0.6917 -0.1715
vn -0.7736 0.5429 -0.3267
vn -0.6942 0.6371 -0.3349
vn -0.5922 -0.4204 -0.6874
vn 0.0366 -0.0457 -0.9983
vn -0.2130 0.9738 -0.0793
vn -0.5050 0.7853 -0.3580
vn -0.1519 -0.8899 -0.4302
vn 0.0455 -0.8735 -0.4846
vn -0.3620 0.9293 -0.0732
vn -0.3516 0.9341 -0.0617
vn -0.3506 0.9008 -0.2561
vn 0.0316 0.9703 -0.2398
vn -0.3531 0.9003 -0.2546
vn 0.2843 -0.7700 -0.5712
vn -0.1332 0.9645 -0.2278
vn -0.2508 0.9262 -0.2815
vn 0.4039 -0.6304 -0.6629
vn -0.5713 -0.7493 -0.3349
vn 0.1782 -0.8008 -0.5717
vn -0.2448 0.9445 -0.2191
vn -0.3003 0.9108 -0.2834
vn 0.1823 -0.7887 -0.5871
vn 0.2423 -0.7628 -0.5995
vn -0.2182 -0.8242 -0.5225
vn -0.2463 0.9439 -0.2200
vn 0.1795 -0.7854 -0.5924
vn 0.1933 -0.7816 -0.5931
vn 0.1608 -0.7839 -0.5997
vn -0.2226 0.9496 -0.2208
vn -0.3036 -0.7999 -0.5176
vn 0.2206 -0.7470 -0.6271
vn -0.0191 0.9772 -0.2113
vn -0.0779 0.9669 -0.2431
vn -0.1957 0.9511 -0.2390
vn -0.0251 -0.8516 -0.5236
vn -0.1051 -0.8087 -0.5788
vn 0.0928 -0.8341 -0.5437
vn 0.9804 0.1936 0.0361
vn 0.2518 0.9586 -0.1328
vn 0.0929 0.9720 -0.2159
vn -0.2707 -0.7590 -0.5921
vn 0.8950 0.3097 0.3210
vn 0.3092 0.9446 -0.1097
vn 0.2516 0.9587 -0.1328
vn -0.3027 -0.7119 -0.6337
vn -0.4977 -0.6330 -0.5929
vn -0.1549 -0.7292 -0.6665
vn 0.4757 0.8760 -0.0793
vn 0.3819 0.9178 -0.1083
vn -0.4225 -0.5771 -0.6989
vn -0.2195 -0.7226 -0.6554
vn -0.2585 -0.7105 -0.6545
vn -0.4302 -0.6390 -0.6377
vn 0.5175 0.8519 -0.0807
vn -0.4584 -0.5956 -0.6596
vn -0.7175 -0.3940 -0.5745
vn 0.8426 0.5278 -0.1068
vn 0.7728 0.6173 -0.1478
vn 0.5923 0.7956 -0.1275
vn -0.6830 -0.2626 -0.6816
vn -0.6352 -0.4532 -0.6255
vn 0.9646 -0.0544 -0.2579
vn -0.7049 0.7023 0.0994
vn -0.7165 -0.2268 -0.6597
vn 0.9982 0.0598 -0.0033
vn 0.9091 0.4074 0.0865
vn 0.9996 0.0218 0.0189
vn -0.8434 -0.2177 -0.4912
vn -0.2073 0.2097 -0.9555
vn 0.9995 -0.0268 0.0152
vn -0.8925 0.2047 -0.4019
vn -0.9052 0.0048 -0.4251
vn 0.8648 0.3164 -0.3899
vn 0.9458 -0.3243 -0.0194
vn 0.9986 -0.0521 -0.0049
vn 0.9369 0.3124 -0.1566
vn -0.4772 -0.7625 -0.4369
vn -0.7887 0.1314 -0.6006
vn -0.4960 -0.8477 -0.1881
vn -0.7030 0.3055 -0.6422
vn 0.9419 -0.3297 -0.0644
vn 0.9986 -0.0522 -0.0043
vn 0.8310 -0.3283 -0.4491
vn 0.9763 -0.0291 -0.2144
vn 0.9956 0.0569 -0.0741
vn 0.8255 -0.4724 -0.3088
vn 0.8783 -0.4431 -0.1795
vn 0.8431 -0.4883 -0.2253
vn 0.8594 -0.4443 -0.2532
vn 0.6662 -0.5711 -0.4796
vn 0.8101 -0.4217 -0.4074
vn 0.7614 -0.4433 -0.4731
vn -0.0944 0.8145 -0.5724
vn -0.6836 0.5771 -0.4468
vn 0.8365 -0.4000 -0.3746
vn -0.8041 0.3779 -0.4589
vn -0.8291 -0.4733 -0.2976
vn -0.7702 0.4131 -0.4860
vn 0.8038 -0.4508 0.3881
vn 0.8573 -0.4546 -0.2414
vn 0.8695 -0.3114 -0.3834
vn 0.9794 0.0335 -0.1993
vn 0.9968 0.0162 -0.0777
vn 0.8868 0.2362 -0.3972
vn 0.8888 0.1829 -0.4202
vn 0.8621 0.5026 -0.0649
vn 0.9972 0.0622 -0.0426
vn 0.9128 0.4077 -0.0262
vn 0.8072 0.5101 -0.2970
vn 0.7851 0.5689 -0.2449
vn 0.8167 0.5735 -0.0650
vn 0.5684 0.7915 -0.2247
vn 0.5948 0.8039 0.0019
vn 0.7869 0.6169 -0.0168
vn 0.6043 0.7967 0.0087
vn 0.4943 0.8279 -0.2652
vn 0.5297 0.8035 -0.2717
vn 0.4096 0.9061 -0.1058
vn 0.4045 0.9142 0.0227
vn 0.2220 0.9740 -0.0454
vn 0.3960 0.9178 0.0276
vn 0.2292 0.9733 0.0076
vn 0.2718 0.9617 0.0360
vn 0.0829 0.9821 -0.1694
vn 0.0375 0.9844 -0.1716
vn 0.1240 0.9923 0.0033
vn 0.0508 0.9967 -0.0627
vn 0.0015 0.9769 -0.2137
vn -0.1042 0.9716 -0.2124
vn -0.0662 0.9957 -0.0652
vn -0.1000 0.9903 -0.0963
vn -0.1603 0.9632 -0.2155
vn -0.1815 0.9672 -0.1776
vn -0.1835 0.9680 -0.1714
vn -0.1100 0.9695 -0.2188
vn -0.1857 0.9782 -0.0926
vn -0.2408 0.9650 -0.1037
vn -0.2416 0.9674 -0.0764
vn -0.1975 0.9771 -0.0797
vn -0.2692 0.9561 -0.1154
vn -0.2682 0.9589 -0.0930
vn -0.2491 0.9659 -0.0701
vn -0.2946 0.9501 -0.1026
vn -0.3318 0.9412 -0.0643
vn -0.3016 0.9532 -0.0208
vn -0.2725 0.9620 -0.0152
vn -0.2570 0.9658 -0.0351
vn -0.2577 0.9662 0.0094
vn -0.2932 0.9438 -0.1525
vn -0.1519 0.9315 -0.3306
vn -0.1573 0.9333 -0.3228
vn -0.1700 0.9424 -0.2881
vn -0.1221 0.9350 -0.3329
vn -0.1401 0.9238 -0.3563
vn -0.1288 0.9199 -0.3705
vn -0.1289 0.9398 -0.3166
vn -0.0003 0.9477 -0.3191
vn 0.0243 0.8180 -0.5747
vn -0.1097 0.9062 -0.4084
vn 0.0050 0.9439 -0.3302
vn -0.1272 0.9186 -0.3742
vn -0.2060 0.8080 -0.5520
vn -0.1862 0.9197 -0.3457
vn -0.1404 0.9250 -0.3531
vn -0.1064 0.8220 -0.5595
vn 0.2845 -0.7708 0.5700
vn -0.2833 0.7587 -0.5866
vn 0.4766 -0.7191 0.5057
vn -0.3228 0.9199 -0.2228
vn 0.5726 -0.4249 0.7011
vn -0.4684 -0.5927 0.6552
vn 0.3807 -0.9011 -0.2076
vn -0.0243 0.9758 -0.2175
vn -0.1775 0.9778 -0.1113
vn 0.2325 0.7675 -0.5974
vn 0.2351 0.6068 -0.7593
vn 0.0607 0.7724 -0.6322
vn 0.0477 0.7957 -0.6038
vn 0.3075 -0.1609 -0.9379
vn -0.1860 0.5394 0.8213
vn 0.0696 0.7801 -0.6218
vn 0.1799 0.6357 -0.7507
vn 0.2468 0.5309 -0.8107
vn 0.2533 0.5620 -0.7874
vn 0.3272 0.4603 -0.8253
vn 0.2407 0.5507 -0.7992
vn 0.3695 0.3362 -0.8663
vn 0.2428 0.5750 -0.7813
vn 0.8093 0.1654 -0.5637
vn 0.4878 0.1496 -0.8600
vn 0.8109 0.5212 -0.2659
vn 0.5125 0.8308 -0.2171
vn 0.2338 0.8347 -0.4986
vn 0.6465 0.0705 -0.7597
vn 0.4499 0.2013 -0.8701
vn 0.4874 0.1515 -0.8600
vn 0.7774 0.0575 -0.6264
vn 0.8053 0.0895 -0.5860
vn 0.8261 -0.1510 -0.5429
vn 0.7797 -0.0704 -0.6222
vn 0.8379 0.0971 -0.5371
vn 0.4909 0.1856 -0.8512
vn 0.4964 0.1425 -0.8563
vn 0.4634 0.1916 -0.8652
vn 0.4632 0.1929 -0.8650
vn 0.1936 0.1773 -0.9649
vn 0.1414 0.2686 -0.9528
vn 0.3880 0.3337 -0.8591
vn 0.2936 0.4395 -0.8489
vn 0.1281 0.2902 -0.9483
vn 0.2489 0.4951 -0.8324
vn 0.0397 -0.9491 -0.3124
vn 0.4982 -0.5180 0.6953
vn -0.6649 0.4999 -0.5550
vn -0.4472 0.6251 -0.6397
vn -0.4163 0.6344 -0.6513
vn -0.2658 0.5902 -0.7623
vn -0.2387 0.5794 -0.7793
vn -0.7614 0.6459 0.0561
vn 0.4983 -0.1287 -0.8574
vn 0.0497 0.3820 -0.9228
vn 0.1189 0.3014 -0.9460
vn -0.3018 0.5367 -0.7879
vn -0.4808 0.8119 -0.3312
vn -0.4564 0.8056 -0.3778
vn -0.4206 0.7759 -0.4701
vn -0.6833 0.6898 -0.2392
vn -0.4207 0.7499 -0.5105
vn -0.4559 0.7414 -0.4925
vn -0.4599 0.7572 -0.4638
vn -0.4356 0.7636 -0.4767
vn -0.4588 0.7664 -0.4496
vn -0.4062 0.8328 -0.3761
vn -0.4579 0.7903 -0.4072
vn -0.4605 0.7755 -0.4319
vn -0.4076 0.6191 -0.6713
vn -0.4493 0.6686 -0.5926
vn -0.4478 0.6666 -0.5959
vn -0.4467 0.6686 -0.5945
vn -0.4416 0.6111 -0.6569
vn -0.4695 0.6142 -0.6343
vn -0.4697 0.6285 -0.6200
vn -0.4709 0.6139 -0.6336
vn -0.4688 0.6110 -0.6379
vn -0.4686 0.6301 -0.6192
vn -0.5105 0.5857 -0.6296
vn -0.5106 0.5905 -0.6250
vn -0.4960 0.5866 -0.6403
vn -0.4972 0.5906 -0.6355
vn -0.5130 0.5906 -0.6229
vn -0.5098 0.5874 -0.6286
vn -0.4982 0.5889 -0.6364
vn -0.5628 0.5381 -0.6274
vn -0.5654 0.5306 -0.6315
vn -0.4660 0.5905 -0.6589
vn -0.5031 0.6560 -0.5626
vn -0.4937 0.5751 -0.6523
vn 0.3058 0.8262 -0.4732
vn 0.0315 0.8099 -0.5857
vn -0.3516 0.8832 -0.3104
vn -0.2738 0.9282 -0.2518
vn -0.3263 0.9069 -0.2667
vn -0.2733 0.9237 -0.2684
vn -0.3717 0.9029 -0.2160
vn -0.3722 0.9134 -0.1646
vn -0.2694 0.9258 -0.2650
vn -0.2810 0.9392 -0.1971
vn -0.3599 0.9206 -0.1514
vn -0.2948 0.9424 -0.1582
vn -0.2007 0.9388 -0.2798
vn -0.1970 0.9367 -0.2896
vn -0.4197 0.8742 -0.2442
vn -0.3758 0.9120 -0.1644
vn 0.3075 0.8151 -0.4910
vn 0.1395 0.9295 -0.3413
vn -0.1926 0.9387 -0.2859
vn 0.2819 -0.7709 -0.5712
vn -0.4086 0.9041 -0.1249
vn -0.4089 0.9052 -0.1155
vn -0.4181 0.8994 -0.1276
vn -0.4467 0.8728 -0.1964
vn -0.5125 0.8273 -0.2299
vn -0.4471 0.8517 -0.2733
vn -0.6476 0.7001 -0.3007
vn -0.5274 0.7110 -0.4651
vn -0.4872 0.6520 -0.5810
vn -0.0234 -0.9539 -0.2993
vn 0.2526 -0.8850 -0.3910
vn 0.8566 0.3757 -0.3537
vn 0.5386 -0.7854 -0.3049
vn 0.5691 0.8125 0.1267
vn 0.5378 0.8396 0.0765
vn -0.3660 -0.5715 0.7345
vn 0.8428 0.0341 0.5371
vn -0.3935 0.7070 0.5876
s 0
f 517//1021 518//1021 520//1021
f 517//1022 519//1022 518//1022
f 517//1023 575//1023 519//1023
f 517//1024 520//1024 521//1024
f 517//1025 521//1025 522//1025
f 517//1026 522//1026 523//1026
f 517//1027 523//1027 524//1027
f 517//1028 524//1028 525//1028
f 517//1029 525//1029 526//1029
f 517//1030 526//1030 527//1030
f 517//1031 527//1031 528//1031
f 517//1032 528//1032 529//1032
f 517//1033 529//1033 530//1033
f 517//1034 530//1034 531//1034
f 517//1035 531//1035 532//1035
f 517//1036 532//1036 533//1036
f 517//1037 533//1037 534//1037
f 517//1038 534//1038 535//1038
f 517//1039 535//1039 536//1039
f 517//1040 536//1040 537//1040
f 517//1041 537//1041 538//1041
f 517//1042 538//1042 539//1042
f 517//1043 539//1043 540//1043
f 517//1044 540//1044 541//1044
f 517//1045 541//1045 542//1045
f 517//1046 542//1046 543//1046
f 517//1047 543//1047 544//1047
f 517//1048 544//1048 545//1048
f 517//1049 545//1049 546//1049
f 517//1050 546//1050 547//1050
f 517//1051 547//1051 548//1051
f 517//1052 548//1052 549//1052
f 517//1053 549//1053 550//1053
f 517//1054 550//1054 551//1054
f 517//1055 551//1055 552//1055
f 517//1056 552//1056 553//1056
f 517//1057 553//1057 554//1057
f 517//1058 554//1058 555//1058
f 517//1059 555//1059 556//1059
f 517//1060 556//1060 557//1060
f 517//1061 557//1061 558//1061
f 517//1062 558//1062 559//1062
f 517//1063 559//1063 560//1063
f 517//1064 560//1064 561//1064
f 517//1065 561//1065 562//1065
f 517//1066 562//1066 563//1066
f 517//1067 563//1067 564//1067
f 517//1068 564//1068 565//1068
f 517//1069 565//1069 566//1069
f 517//1070 566//1070 567//1070
f 517//1071 567//1071 568//1071
f 517//1072 568//1072 569//1072
f 517//1073 569//1073 570//1073
f 517//1074 570//1074 571//1074
f 517//1075 571//1075 572//1075
f 517//1076 572//1076 573//1076
f 517//1077 573//1077 574//1077
f 517//1078 574//1078 575//1078
f 575//1079 574//1079 577//1079
f 519//1080 575//1080 576//1080
f 575//1081 577//1081 576//1081
f 574//1082 579//1082 577//1082
f 576//1083 577//1083 578//1083
f 578//1084 577//1084 522//1084
f 577//1085 583//1085 522//1085
f 577//1086 579//1086 572//1086
f 577//1087 572//1087 571//1087
f 577//1088 571//1088 580//1088
f 577//1089 580//1089 581//1089
f 577//1090 581//1090 582//1090
f 577//1091 582//1091 583//1091
f 582//1092 584//1092 583//1092
f 522//1093 583//1093 523//1093
f 583//1094 585//1094 523//1094
f 583//1095 584//1095 585//1095
f 584//1096 525//1096 585//1096
f 523//1097 585//1097 524//1097
f 585//1098 525//1098 524//1098
f 582//1099 586//1099 584//1099
f 586//1100 588//1100 584//1100
f 526//1101 584//1101 587//1101
f 526//1102 525//1102 584//1102
f 584//1103 589//1103 587//1103
f 584//1104 588//1104 589//1104
f 590//1105 589//1105 588//1105
f 587//1106 589//1106 590//1106
f 526//1107 590//1107 591//1107
f 526//1108 587//1108 590//1108
f 591//1109 590//1109 592//1109
f 590//1110 588//1110 592//1110
f 593//1111 592//1111 595//1111
f 593//1112 594//1112 592//1112
f 591//1113 592//1113 594//1113
f 595//1114 592//1114 596//1114
f 592//1115 588//1115 597//1115
f 592//1116 597//1116 596//1116
f 595//1117 597//1117 598//1117
f 595//1118 596//1118 597//1118
f 598//1119 597//1119 600//1119
f 588//1120 599//1120 597//1120
f 597//1121 599//1121 603//1121
f 597//1122 601//1122 600//1122
f 597//1123 602//1123 601//1123
f 597//1124 603//1124 602//1124
f 599//1125 602//1125 603//1125
f 602//1126 604//1126 601//1126
f 599//1127 604//1127 602//1127
f 605//1128 604//1128 606//1128
f 605//1129 601//1129 604//1129
f 606//1130 604//1130 608//1130
f 599//1131 607//1131 604//1131
f 604//1132 607//1132 610//1132
f 608//1133 604//1133 609//1133
f 604//1134 610//1134 609//1134
f 611//1135 610//1135 607//1135
f 611//1136 609//1136 610//1136
f 612//1137 611//1137 614//1137
f 612//1138 613//1138 611//1138
f 613//1139 615//1139 611//1139
f 614//1140 611//1140 607//1140
f 611//1141 615//1141 616//1141
f 611//1142 616//1142 609//1142
f 608//1143 616//1143 618//1143
f 608//1144 617//1144 616//1144
f 609//1145 616//1145 617//1145
f 616//1146 619//1146 618//1146
f 616//1147 615//1147 619//1147
f 621//1148 619//1148 615//1148
f 618//1149 619//1149 620//1149
f 620//1150 619//1150 559//1150
f 562//1151 619//1151 621//1151
f 562//1152 561//1152 619//1152
f 619//1153 561//1153 560//1153
f 619//1154 560//1154 559//1154
f 563//1155 621//1155 622//1155
f 563//1156 562//1156 621//1156
f 622//1157 621//1157 615//1157
f 623//1158 622//1158 612//1158
f 623//1159 563//1159 622//1159
f 612//1160 622//1160 613//1160
f 622//1161 615//1161 613//1161
f 624//1162 623//1162 612//1162
f 624//1163 565//1163 623//1163
f 565//1164 564//1164 623//1164
f 623//1165 564//1165 563//1165
f 625//1166 624//1166 626//1166
f 625//1167 568//1167 624//1167
f 568//1168 567//1168 624//1168
f 624//1169 627//1169 626//1169
f 624//1170 567//1170 566//1170
f 624//1171 566//1171 565//1171
f 624//1172 612//1172 627//1172
f 628//1173 627//1173 629//1173
f 628//1174 626//1174 627//1174
f 627//1175 630//1175 629//1175
f 627//1176 612//1176 614//1176
f 627//1177 614//1177 599//1177
f 627//1178 599//1178 630//1178
f 588//1179 630//1179 599//1179
f 629//1180 630//1180 588//1180
f 628//1181 629//1181 586//1181
f 586//1182 629//1182 588//1182
f 581//1183 628//1183 582//1183
f 581//1184 625//1184 628//1184
f 625//1185 626//1185 628//1185
f 582//1186 628//1186 586//1186
f 580//1187 625//1187 581//1187
f 580//1188 569//1188 625//1188
f 569//1189 568//1189 625//1189
f 631//1190 620//1190 632//1190
f 631//1191 618//1191 620//1191
f 620//1192 558//1192 632//1192
f 620//1193 559//1193 558//1193
f 631//1194 632//1194 633//1194
f 633//1195 632//1195 634//1195
f 632//1196 636//1196 634//1196
f 632//1197 558//1197 635//1197
f 632//1198 635//1198 636//1198
f 635//1199 557//1199 636//1199
f 634//1200 636//1200 637//1200
f 636//1201 638//1201 637//1201
f 636//1202 557//1202 556//1202
f 636//1203 556//1203 555//1203
f 636//1204 555//1204 638//1204
f 639//1205 638//1205 640//1205
f 639//1206 637//1206 638//1206
f 638//1207 553//1207 640//1207
f 638//1208 555//1208 554//1208
f 638//1209 554//1209 553//1209
f 639//1210 640//1210 641//1210
f 641//1211 640//1211 552//1211
f 640//1212 553//1212 552//1212
f 642//1213 641//1213 550//1213
f 642//1214 639//1214 641//1214
f 641//1215 551//1215 550//1215
f 641//1216 552//1216 551//1216
f 643//1217 642//1217 645//1217
f 643//1218 644//1218 642//1218
f 644//1219 639//1219 642//1219
f 645//1220 642//1220 547//1220
f 642//1221 548//1221 547//1221
f 642//1222 550//1222 549//1222
f 642//1223 549//1223 548//1223
f 646//1224 645//1224 647//1224
f 646//1225 643//1225 645//1225
f 647//1226 645//1226 546//1226
f 645//1227 547//1227 546//1227
f 648//1228 647//1228 649//1228
f 648//1229 646//1229 647//1229
f 649//1230 647//1230 544//1230
f 647//1231 545//1231 544//1231
f 647//1232 546//1232 545//1232
f 650//1233 649//1233 651//1233
f 650//1234 648//1234 649//1234
f 651//1235 649//1235 542//1235
f 649//1236 543//1236 542//1236
f 649//1237 544//1237 543//1237
f 652//1238 651//1238 540//1238
f 652//1239 650//1239 651//1239
f 540//1240 651//1240 541//1240
f 651//1241 542//1241 541//1241
f 653//1242 652//1242 655//1242
f 653//1243 654//1243 652//1243
f 654//1244 650//1244 652//1244
f 652//1245 539//1245 655//1245
f 652//1246 540//1246 539//1246
f 653//1247 655//1247 656//1247
f 656//1248 655//1248 538//1248
f 655//1249 539//1249 538//1249
f 657//1250 656//1250 658//1250
f 657//1251 653//1251 656//1251
f 658//1252 656//1252 659//1252
f 656//1253 537//1253 659//1253
f 656//1254 538//1254 537//1254
f 658//1255 659//1255 660//1255
f 660//1256 659//1256 536//1256
f 659//1257 537//1257 536//1257
f 661//1258 660//1258 533//1258
f 661//1259 662//1259 660//1259
f 658//1260 660//1260 662//1260
f 660//1261 663//1261 533//1261
f 660//1262 535//1262 534//1262
f 660//1263 536//1263 535//1263
f 660//1264 534//1264 663//1264
f 533//1265 663//1265 534//1265
f 664//1266 662//1266 661//1266
f 664//1267 658//1267 662//1267
f 665//1268 664//1268 667//1268
f 665//1269 666//1269 664//1269
f 666//1270 658//1270 664//1270
f 667//1271 664//1271 668//1271
f 668//1272 664//1272 661//1272
f 528//1273 668//1273 669//1273
f 528//1274 667//1274 668//1274
f 669//1275 668//1275 670//1275
f 668//1276 661//1276 670//1276
f 669//1277 670//1277 530//1277
f 530//1278 670//1278 531//1278
f 670//1279 532//1279 531//1279
f 670//1280 661//1280 671//1280
f 670//1281 671//1281 532//1281
f 661//1282 533//1282 671//1282
f 532//1283 671//1283 533//1283
f 529//1284 669//1284 530//1284
f 529//1285 528//1285 669//1285
f 528//1286 665//1286 667//1286
f 665//1287 672//1287 666//1287
f 672//1288 658//1288 666//1288
f 665//1289 673//1289 672//1289
f 673//1290 674//1290 672//1290
f 672//1291 674//1291 653//1291
f 672//1292 657//1292 658//1292
f 672//1293 653//1293 657//1293
f 673//1294 675//1294 674//1294
f 675//1295 676//1295 674//1295
f 674//1296 676//1296 653//1296
f 675//1297 677//1297 676//1297
f 677//1298 650//1298 676//1298
f 653//1299 676//1299 654//1299
f 676//1300 650//1300 654//1300
f 675//1301 678//1301 677//1301
f 678//1302 679//1302 677//1302
f 677//1303 679//1303 680//1303
f 677//1304 680//1304 650//1304
f 679//1305 681//1305 680//1305
f 650//1306 680//1306 648//1306
f 680//1307 681//1307 646//1307
f 680//1308 646//1308 648//1308
f 679//1309 682//1309 681//1309
f 682//1310 683//1310 681//1310
f 681//1311 643//1311 646//1311
f 681//1312 683//1312 643//1312
f 682//1313 684//1313 683//1313
f 684//1314 685//1314 683//1314
f 683//1315 644//1315 643//1315
f 683//1316 685//1316 644//1316
f 686//1317 685//1317 688//1317
f 686//1318 687//1318 685//1318
f 687//1319 689//1319 685//1319
f 688//1320 685//1320 684//1320
f 685//1321 689//1321 644//1321
f 687//1322 690//1322 689//1322
f 690//1323 639//1323 689//1323
f 644//1324 689//1324 639//1324
f 687//1325 691//1325 690//1325
f 692//1326 690//1326 691//1326
f 692//1327 639//1327 690//1327
f 633//1328 692//1328 691//1328
f 633//1329 634//1329 692//1329
f 634//1330 637//1330 692//1330
f 692//1331 637//1331 693//1331
f 692//1332 693//1332 639//1332
f 639//1333 693//1333 637//1333
f 633//1334 691//1334 687//1334
f 694//1335 688//1335 696//1335
f 694//1336 695//1336 688//1336
f 686//1337 688//1337 695//1337
f 688//1338 684//1338 696//1338
f 694//1339 696//1339 697//1339
f 698//1340 697//1340 696//1340
f 698//1341 696//1341 684//1341
f 699//1342 698//1342 682//1342
f 699//1343 700//1343 698//1343
f 701//1344 698//1344 700//1344
f 698//1345 684//1345 682//1345
f 701//1346 697//1346 698//1346
f 702//1347 701//1347 703//1347
f 702//1348 694//1348 701//1348
f 694//1349 697//1349 701//1349
f 703//1350 701//1350 700//1350
f 704//1351 703//1351 705//1351
f 704//1352 702//1352 703//1352
f 705//1353 703//1353 706//1353
f 703//1354 700//1354 706//1354
f 705//1355 706//1355 707//1355
f 707//1356 706//1356 708//1356
f 706//1357 710//1357 708//1357
f 706//1358 700//1358 709//1358
f 706//1359 709//1359 710//1359
f 711//1360 710//1360 699//1360
f 711//1361 712//1361 710//1361
f 708//1362 710//1362 712//1362
f 710//1363 709//1363 699//1363
f 707//1364 712//1364 713//1364
f 707//1365 708//1365 712//1365
f 713//1366 712//1366 714//1366
f 714//1367 712//1367 715//1367
f 715//1368 712//1368 716//1368
f 716//1369 712//1369 711//1369
f 717//1370 716//1370 718//1370
f 717//1371 715//1371 716//1371
f 718//1372 716//1372 719//1372
f 719//1373 716//1373 711//1373
f 720//1374 719//1374 673//1374
f 720//1375 718//1375 719//1375
f 719//1376 675//1376 673//1376
f 719//1377 678//1377 675//1377
f 719//1378 711//1378 678//1378
f 528//1379 720//1379 722//1379
f 528//1380 721//1380 720//1380
f 721//1381 718//1381 720//1381
f 720//1382 723//1382 722//1382
f 720//1383 673//1383 723//1383
f 528//1384 723//1384 665//1384
f 528//1385 722//1385 723//1385
f 723//1386 673//1386 665//1386
f 528//1387 724//1387 721//1387
f 724//1388 718//1388 721//1388
f 528//1389 725//1389 724//1389
f 725//1390 718//1390 724//1390
f 528//1391 726//1391 725//1391
f 725//1392 726//1392 727//1392
f 725//1393 717//1393 718//1393
f 725//1394 727//1394 717//1394
f 726//1395 715//1395 727//1395
f 717//1396 727//1396 715//1396
f 528//1397 527//1397 726//1397
f 527//1398 728//1398 726//1398
f 726//1399 728//1399 729//1399
f 726//1400 729//1400 730//1400
f 726//1401 730//1401 731//1401
f 726//1402 731//1402 704//1402
f 726//1403 704//1403 705//1403
f 726//1404 705//1404 707//1404
f 726//1405 707//1405 713//1405
f 726//1406 713//1406 714//1406
f 726//1407 714//1407 715//1407
f 730//1408 732//1408 731//1408
f 731//1409 733//1409 704//1409
f 731//1410 732//1410 733//1410
f 732//1411 734//1411 733//1411
f 704//1412 733//1412 702//1412
f 733//1413 734//1413 702//1413
f 732//1414 598//1414 734//1414
f 598//1415 600//1415 734//1415
f 702//1416 734//1416 735//1416
f 734//1417 600//1417 735//1417
f 702//1418 735//1418 605//1418
f 735//1419 601//1419 605//1419
f 735//1420 600//1420 601//1420
f 730//1421 736//1421 732//1421
f 736//1422 737//1422 732//1422
f 732//1423 737//1423 598//1423
f 736//1424 598//1424 737//1424
f 729//1425 736//1425 730//1425
f 729//1426 738//1426 736//1426
f 738//1427 598//1427 736//1427
f 729//1428 739//1428 738//1428
f 738//1429 739//1429 740//1429
f 738//1430 740//1430 598//1430
f 595//1431 740//1431 741//1431
f 595//1432 598//1432 740//1432
f 741//1433 740//1433 739//1433
f 742//1434 741//1434 729//1434
f 742//1435 743//1435 741//1435
f 595//1436 741//1436 743//1436
f 729//1437 741//1437 739//1437
f 593//1438 743//1438 742//1438
f 593//1439 595//1439 743//1439
f 527//1440 742//1440 728//1440
f 527//1441 593//1441 742//1441
f 742//1442 729//1442 728//1442
f 711//1443 699//1443 678//1443
f 699//1444 709//1444 700//1444
f 702//1445 605//1445 744//1445
f 702//1446 744//1446 694//1446
f 605//1447 745//1447 744//1447
f 744//1448 745//1448 694//1448
f 605//1449 746//1449 745//1449
f 746//1450 631//1450 745//1450
f 694//1451 745//1451 747//1451
f 745//1452 687//1452 747//1452
f 745//1453 631//1453 633//1453
f 745//1454 633//1454 687//1454
f 694//1455 747//1455 686//1455
f 747//1456 687//1456 686//1456
f 605//1457 608//1457 746//1457
f 608//1458 631//1458 746//1458
f 678//1459 699//1459 679//1459
f 699//1460 682//1460 679//1460
f 694//1461 686//1461 695//1461
f 558//1462 557//1462 635//1462
f 608//1463 748//1463 631//1463
f 631//1464 748//1464 618//1464
f 608//1465 618//1465 748//1465
f 608//1466 609//1466 617//1466
f 614//1467 607//1467 599//1467
f 605//1468 606//1468 608//1468
f 526//1469 594//1469 593//1469
f 526//1470 591//1470 594//1470
f 527//1471 526//1471 593//1471
f 571//1472 570//1472 580//1472
f 580//1473 570//1473 569//1473
f 574//1474 573//1474 579//1474
f 573//1475 572//1475 579//1475
f 518//1476 578//1476 520//1476
f 518//1477 576//1477 578//1477
f 578//1478 521//1478 520//1478
f 578//1479 522//1479 521//1479
f 519//1480 576//1480 518//1480
o geometry_9.005
v 0.020084 0.021585 -0.005029
v 0.019277 0.021956 -0.006499
v 0.019877 0.022182 -0.005692
v 0.019737 0.020871 -0.004795
v 0.018700 0.020185 -0.005103
v 0.018288 0.018906 -0.005078
v 0.017971 0.018113 -0.005034
v 0.018347 0.016705 -0.005126
v 0.016840 0.016155 -0.005111
v -0.003791 0.015672 -0.005481
v -0.003141 0.014700 -0.004792
v -0.002863 0.015891 -0.004152
v -0.002831 0.016006 -0.004158
v -0.002842 0.016042 -0.004143
v -0.002366 0.017187 -0.004127
v -0.002411 0.017283 -0.004062
v -0.001818 0.018092 -0.004097
v -0.001165 0.018785 -0.004071
v -0.000939 0.019189 -0.004184
v -0.000291 0.019795 -0.005109
v 0.000322 0.019941 -0.004074
v 0.000368 0.019967 -0.004076
v 0.001313 0.020518 -0.004110
v 0.001367 0.020723 -0.003986
v 0.002037 0.020949 -0.004085
v 0.003163 0.021528 -0.004134
v 0.003255 0.021705 -0.004029
v 0.004376 0.022076 -0.004175
v 0.007537 0.023247 -0.004248
v 0.008708 0.023653 -0.004313
v 0.008876 0.023861 -0.004163
v 0.009463 0.023897 -0.004298
v 0.009543 0.024000 -0.004215
v 0.010432 0.024163 -0.004303
v 0.011866 0.024511 -0.004353
v 0.011923 0.024528 -0.004348
v 0.012984 0.024737 -0.004555
v 0.013751 0.025023 -0.004484
v 0.014190 0.025906 -0.004598
v 0.014965 0.025372 -0.005583
v 0.015775 0.024454 -0.004709
v 0.015877 0.024482 -0.004609
v 0.016604 0.024125 -0.004949
v 0.017248 0.023868 -0.004796
v 0.017244 0.023878 -0.004781
v 0.018030 0.023295 -0.004933
v 0.019490 0.023281 -0.004891
v 0.019050 0.023246 -0.005926
v 0.018259 0.021434 -0.004898
v 0.017923 0.022453 -0.004692
v 0.017655 0.022166 -0.003819
v 0.017729 0.021254 -0.003608
v 0.017538 0.022773 -0.004096
v 0.017275 0.022396 -0.003431
v 0.016187 0.021370 -0.001364
v 0.017424 0.021112 -0.002972
v 0.017419 0.019895 -0.002976
v 0.011831 0.015555 0.007715
v 0.011775 0.015280 0.007515
v 0.011828 0.015369 0.007456
v 0.012478 0.015792 0.006520
v 0.017043 0.016365 -0.001961
v 0.017498 0.018078 -0.004075
v 0.016503 0.015508 -0.001445
v 0.016828 0.016814 -0.002042
v 0.017317 0.016109 -0.000022
v 0.015331 0.016469 0.001417
v -0.005179 0.014798 0.008449
v -0.005954 0.014922 0.005204
v -0.005823 0.015057 0.004055
v 0.016855 0.016520 -0.006488
v 0.017147 0.017098 -0.004548
v 0.017089 0.016936 -0.003256
v 0.017568 0.018199 -0.004720
v -0.003865 0.017116 0.001860
v -0.003987 0.016321 0.001158
v -0.003661 0.017104 0.001192
v -0.003949 0.017032 0.002680
v -0.002719 0.018406 0.001573
v -0.002570 0.018429 0.000730
v -0.002205 0.018732 0.001048
v -0.001795 0.018861 -0.000395
v -0.001458 0.018882 -0.001440
v -0.000643 0.019591 -0.000375
v -0.000881 0.019565 0.000919
v -0.000159 0.019929 0.000107
v -0.000243 0.019886 0.000870
v 0.000564 0.020232 0.000879
v 0.004265 0.021708 -0.003727
v 0.002048 0.020739 0.002304
v 0.004242 0.021110 0.006659
v 0.002149 0.020661 0.003723
v 0.000660 0.020212 0.002279
v 0.000652 0.019980 0.003677
v -0.000861 0.019463 0.002257
v -0.002229 0.018442 0.003764
v -0.000558 0.019359 0.003676
v -0.002122 0.018738 0.002298
v -0.002750 0.018213 0.003353
v -0.002745 0.018335 0.002326
v -0.003993 0.016851 0.005235
v -0.003987 0.016970 0.003827
v -0.003908 0.016681 0.006645
v -0.004362 0.015983 0.008372
v -0.003833 0.016539 0.007443
v -0.003274 0.017171 0.006650
v -0.003314 0.017418 0.005183
v -0.003270 0.017146 0.008404
v -0.002263 0.017892 0.008426
v -0.002340 0.017831 0.006651
v -0.002583 0.017977 0.005171
v -0.002694 0.018077 0.004293
v -0.001583 0.018320 0.008423
v 0.009819 0.018716 0.007767
v -0.001381 0.018434 0.008421
v -0.000676 0.018809 0.008422
v -0.000381 0.018906 0.008467
v 0.000726 0.019180 0.008190
v 0.001371 0.019854 0.008419
v 0.000659 0.019451 0.008459
v 0.001569 0.019915 0.008440
v 0.004299 0.021017 0.007430
v 0.013213 0.024333 -0.004245
v 0.004909 0.021078 0.007526
v 0.002523 0.020367 0.008392
v 0.003599 0.020772 0.008333
v 0.003922 0.020868 0.008316
v 0.004921 0.020843 0.008208
v 0.006220 0.021159 0.007393
v 0.006206 0.020901 0.008062
v 0.004884 0.021007 0.008297
v 0.005232 0.021019 0.008278
v 0.006191 0.021028 0.008194
v 0.006370 0.020991 0.008171
v 0.006829 0.021210 0.007050
v 0.015323 0.023867 -0.003512
v 0.014434 0.023839 -0.002967
v 0.014697 0.023616 -0.002627
v 0.007298 0.020803 0.007522
v 0.007535 0.020697 0.008080
v 0.014521 0.024329 -0.004355
v 0.015755 0.024028 -0.004578
v 0.016129 0.023787 -0.004258
v 0.016477 0.024050 -0.005406
v 0.016993 0.023394 -0.004707
v 0.016774 0.022861 -0.003225
v 0.015711 0.023495 -0.003176
v 0.016431 0.022715 -0.002526
v 0.008512 0.019959 0.009148
v 0.008056 0.020510 0.008032
v 0.009073 0.021122 0.008406
v 0.008449 0.020200 0.007998
v 0.009207 0.019546 0.007845
v 0.009598 0.019085 0.007789
v 0.016560 0.022182 -0.002331
v 0.017765 0.023048 -0.005086
v 0.010198 0.018119 0.007712
v -0.003800 0.016652 0.008398
v -0.003866 0.016609 0.008385
v -0.004246 0.016065 0.008410
v -0.004872 0.015045 0.008295
v -0.005000 0.014674 0.008300
v 0.010879 0.016060 0.007977
v 0.010952 0.016812 0.007587
v 0.010776 0.017151 0.007620
v 0.016826 0.018416 -0.002107
v 0.016254 0.017119 -0.001278
v 0.017344 0.018574 -0.003259
v 0.018182 0.020143 -0.004951
v 0.017714 0.020002 -0.003644
v 0.017586 0.018670 -0.003931
v 0.017828 0.018930 -0.004703
vn -0.6966 0.5053 0.5093
vn -0.8049 0.2940 0.5155
vn -0.7049 -0.6223 -0.3402
vn 0.5282 -0.4850 -0.6970
vn -0.1069 0.0532 0.9928
vn -0.2641 0.1594 0.9512
vn 0.0730 -0.0458 0.9963
vn -0.0197 0.0269 -0.9994
vn 0.0178 0.0045 -0.9998
vn -0.1418 0.5074 0.8500
vn -0.1557 0.4959 -0.8543
vn -0.0256 -0.0506 -0.9984
vn -0.1205 0.3498 -0.9290
vn -0.0466 0.0333 -0.9984
vn -0.1346 0.5132 -0.8476
vn -0.0402 -0.0142 -0.9991
vn -0.0568 0.0907 -0.9943
vn -0.0085 -0.2654 -0.9641
vn 0.0774 -0.8580 -0.5078
vn -0.0868 0.9923 -0.0886
vn -0.0486 0.0036 -0.9988
vn -0.0503 0.0254 -0.9984
vn -0.0715 0.5281 -0.8461
vn -0.0391 -0.3034 -0.9521
vn -0.0529 0.0194 -0.9984
vn -0.0467 0.5258 -0.8493
vn -0.0595 -0.2033 -0.9773
vn -0.0517 0.0776 -0.9956
vn -0.0602 0.0143 -0.9981
vn 0.0490 0.5567 -0.8293
vn -0.1657 -0.4905 -0.8555
vn 0.0736 0.5920 -0.8025
vn -0.0894 -0.0550 -0.9945
vn -0.0535 0.0797 -0.9954
vn 0.0071 0.2440 -0.9698
vn -0.1511 -0.1947 -0.9692
vn 0.0196 0.1916 -0.9813
vn -0.1217 -0.0672 -0.9903
vn -0.5924 -0.8051 -0.0294
vn 0.5421 0.7789 0.3155
vn 0.4083 0.6810 -0.6078
vn -0.5471 -0.7372 -0.3965
vn 0.3981 0.5680 -0.7204
vn 0.5650 0.7392 -0.3666
vn -0.5903 -0.6849 -0.4271
vn 0.0297 0.0915 -0.9954
vn -0.8638 -0.3332 0.3780
vn 0.4453 -0.8810 -0.1595
vn 0.2535 0.3912 0.8847
vn 0.8482 -0.0727 0.5247
vn -0.4558 0.8777 0.1478
vn 0.8625 0.3383 0.3764
vn 0.9040 0.1652 0.3945
vn 0.8712 0.1772 0.4578
vn 0.7632 0.3844 0.5194
vn 0.7648 0.3177 0.5604
vn 0.7824 0.2770 0.5577
vn 0.7815 0.2828 0.5561
vn 0.9020 -0.0050 0.4318
vn 0.8823 -0.0050 0.4707
vn 0.8864 -0.3782 0.2672
vn -0.8931 0.3440 -0.2898
vn 0.8636 -0.2164 0.4553
vn -0.1063 0.9317 0.3472
vn 0.8374 -0.3403 0.4277
vn -0.7328 -0.4428 -0.5166
vn -0.6613 0.6460 0.3812
vn -0.7755 0.6023 0.1891
vn 0.8614 0.4529 0.2302
vn -0.2427 -0.9656 -0.0932
vn 0.8544 -0.2744 0.4413
vn -0.8005 0.4523 -0.3932
vn 0.0417 -0.9973 -0.0611
vn 0.0472 -0.9977 -0.0494
vn 0.0270 -0.9932 -0.1134
vn 0.0425 -0.9976 -0.0553
vn 0.0222 -0.9976 0.0650
vn 0.9739 -0.2218 -0.0480
vn 0.9489 -0.3117 -0.0501
vn 0.9984 0.0302 0.0487
vn 0.9506 -0.3071 0.0466
vn 0.9598 -0.2113 0.1847
vn 0.5968 0.5002 0.6273
vn 0.7649 -0.6425 -0.0459
vn 0.6836 -0.7273 -0.0616
vn 0.5791 -0.1873 0.7934
vn 0.7896 -0.6104 0.0629
vn -0.3306 0.9133 0.2380
vn -0.6423 -0.2201 0.7342
vn -0.7254 0.6884 -0.0016
vn 0.7434 0.6384 0.1996
vn -0.8355 0.4301 -0.3421
vn -0.8886 0.3602 -0.2839
vn -0.7453 0.6377 -0.1944
vn -0.9290 -0.1151 -0.3517
vn -0.9214 0.2364 -0.3084
vn -0.8835 0.3788 -0.2757
vn -0.9007 0.3778 -0.2144
vn -0.8990 0.3826 -0.2130
vn -0.6132 -0.7709 -0.1723
vn -0.9318 -0.2796 -0.2314
vn -0.7279 0.6856 -0.0050
vn -0.7486 0.6630 -0.0095
vn -0.7552 0.6451 -0.1160
vn -0.7689 0.6182 -0.1629
vn -0.7970 0.5767 -0.1794
vn -0.5937 0.8004 -0.0833
vn -0.7160 0.6797 -0.1590
vn -0.5868 0.8042 -0.0949
vn -0.6902 0.6928 -0.2089
vn -0.5200 0.8495 -0.0890
vn -0.5579 -0.8065 -0.1958
vn -0.8800 0.4609 -0.1149
vn -0.5326 0.8430 -0.0760
vn -0.5334 0.8438 -0.0593
vn -0.3479 0.9346 0.0741
vn -0.7622 0.6366 -0.1172
vn -0.5363 0.8400 -0.0819
vn -0.5167 0.8526 -0.0780
vn -0.4979 0.8659 -0.0480
vn -0.5242 0.8489 -0.0679
vn -0.2991 0.9453 0.1299
vn -0.8416 0.4229 -0.3358
vn -0.5041 0.8622 -0.0500
vn -0.4499 0.8931 -0.0005
vn -0.3938 0.9192 0.0072
vn -0.4580 0.8887 -0.0235
vn -0.3795 0.9251 -0.0085
vn 0.2796 0.7063 0.6504
vn -0.2907 0.9425 0.1649
vn -0.7304 0.5859 -0.3511
vn -0.4011 0.9160 -0.0004
vn -0.3441 0.9386 0.0242
vn -0.1769 0.6311 0.7553
vn -0.2739 0.7747 0.5699
vn -0.3406 0.9357 0.0919
vn -0.3073 0.9487 0.0740
vn -0.3553 0.9316 0.0765
vn -0.6195 0.7234 -0.3049
vn -0.3555 0.9339 0.0377
vn -0.4136 0.8985 0.1469
vn -0.4390 0.8868 0.1448
vn -0.4416 0.8940 0.0763
vn -0.3938 0.9183 0.0401
vn -0.4904 0.8605 0.1379
vn -0.4681 0.8684 0.1635
vn -0.4508 0.8781 0.1605
vn -0.4954 0.8655 0.0736
vn -0.4440 0.8929 0.0749
vn -0.5372 0.8378 0.0972
vn -0.4882 0.8617 0.1382
vn -0.5400 0.8395 0.0607
vn -0.5134 0.8576 0.0306
vn -0.5299 0.8475 0.0317
vn -0.7065 0.7054 0.0568
vn -0.6752 0.7328 0.0842
vn -0.7161 0.6968 0.0409
vn -0.7164 0.6976 0.0142
vn -0.7005 0.7113 0.0573
vn -0.7400 0.6725 0.0120
vn -0.6966 0.7062 0.1270
vn -0.6363 0.7604 0.1299
vn -0.6906 0.7152 0.1075
vn -0.5255 0.8278 0.1965
vn -0.6003 0.7758 0.1943
vn -0.6050 0.7823 0.1483
vn -0.5699 0.8033 0.1731
vn -0.6141 0.7754 0.1474
vn -0.7416 0.6708 0.0109
vn -0.5953 0.8034 0.0125
vn -0.5774 0.8164 -0.0029
vn -0.5690 0.8040 0.1726
vn -0.5804 0.7977 0.1638
vn -0.6108 0.7777 0.1487
vn -0.4912 0.8564 0.1592
vn -0.4967 0.8544 0.1530
vn -0.8035 0.5651 0.1874
vn -0.6112 0.7844 0.1053
vn 0.0604 -0.0893 0.9942
vn 0.0601 -0.0821 0.9948
vn -0.4892 0.8675 0.0905
vn -0.5323 0.8465 -0.0059
vn 0.0609 -0.1193 0.9910
vn -0.4675 0.8793 0.0903
vn -0.4757 0.8752 0.0881
vn 0.0482 -0.5309 0.8461
vn -0.2814 0.9394 -0.1959
vn -0.2381 0.9654 0.1060
vn -0.7381 0.6621 0.1295
vn -0.4506 0.8777 0.1630
vn -0.3809 0.6027 -0.7012
vn -0.3314 0.6226 -0.7089
vn 0.0660 -0.1113 0.9916
vn 0.0729 -0.0296 0.9969
vn 0.0187 -0.3887 0.9212
vn -0.3076 0.9330 0.1869
vn -0.3455 0.9352 0.0773
vn -0.1261 0.9754 0.1808
vn 0.7695 -0.4407 0.4623
vn -0.3525 0.9352 0.0348
vn -0.1448 0.9346 0.3248
vn -0.2290 0.9643 0.1333
vn -0.4134 0.8975 0.1536
vn -0.3897 0.9104 0.1386
vn -0.4283 0.8825 -0.1942
vn -0.3530 0.9354 -0.0194
vn -0.2836 0.9581 0.0406
vn 0.0447 0.9819 0.1841
vn -0.0008 0.9331 0.3595
vn -0.0245 0.9449 0.3263
vn -0.1213 0.4503 -0.8846
vn -0.0839 0.4586 -0.8847
vn 0.0403 -0.1420 0.9890
vn 0.0578 -0.1052 0.9928
vn -0.0624 0.7303 -0.6803
vn 0.0873 -0.0469 0.9951
vn -0.0677 0.7150 -0.6958
vn 0.1315 0.0232 0.9910
vn 0.2306 0.9327 0.2771
vn -0.8442 0.3353 -0.4181
vn 0.2842 0.8506 0.4424
vn 0.2172 0.8910 0.3987
vn 0.1216 0.9335 0.3373
vn 0.2882 0.8479 0.4450
vn 0.7488 0.6325 -0.1980
vn 0.2550 0.9239 0.2853
vn 0.1039 0.9393 0.3270
vn 0.1232 0.9251 0.3591
vn 0.2722 0.9289 0.2511
vn 0.1825 0.0183 0.9830
vn -0.1355 0.9816 -0.1346
vn 0.1787 0.9242 0.3376
vn 0.1150 0.7365 0.6666
vn 0.0574 0.7509 0.6579
vn 0.0262 0.9603 0.2777
vn 0.3204 0.8976 0.3027
vn 0.3438 0.8977 0.2754
vn 0.7469 -0.1560 0.6464
vn 0.0423 0.9710 0.2352
vn -0.4102 -0.8747 0.2581
vn -0.3334 -0.9110 0.2427
vn 0.4291 -0.0846 0.8993
vn -0.3386 0.7303 -0.5934
vn 0.5335 0.7676 0.3552
vn 0.4838 0.7799 0.3971
vn 0.4395 0.8101 0.3882
vn 0.4834 0.7788 0.3997
vn 0.4199 0.7774 0.4683
vn 0.1887 0.9092 0.3711
vn 0.3544 0.8033 0.4787
vn 0.3432 0.8224 0.4537
vn 0.3393 0.8252 0.4515
vn 0.0617 -0.0863 0.9944
vn -0.1647 -0.3006 0.9394
vn 0.5713 -0.6195 -0.5383
vn 0.6852 -0.6275 0.3698
vn -0.8319 0.0488 -0.5528
vn 0.1678 0.3014 -0.9386
vn 0.5947 0.5534 0.5832
vn 0.3094 0.1389 0.9407
vn 0.6467 0.4761 0.5959
vn 0.2364 0.0825 0.9681
vn 0.6991 0.3891 0.5999
vn 0.7022 0.3830 0.6002
vn 0.7673 0.3134 0.5595
vn 0.7391 0.3821 0.5546
vn 0.6960 0.3944 0.6000
vn 0.7313 0.4277 0.5313
vn 0.5657 0.7067 0.4250
vn 0.4987 0.7894 0.3579
vn 0.5178 0.7861 0.3375
vn 0.4120 -0.0744 0.9081
vn -0.1647 0.5140 0.8418
vn -0.0299 -0.5028 0.8639
vn -0.1337 -0.4142 0.9003
vn 0.8451 0.4324 0.3145
vn 0.0534 -0.0958 0.9940
vn -0.0737 0.9736 0.2160
vn -0.0344 0.9692 0.2437
vn 0.0695 -0.0636 0.9955
vn 0.0738 -0.0508 0.9960
vn 0.0742 -0.0492 0.9960
vn 0.6802 -0.2700 0.6815
vn -0.5959 0.1959 -0.7788
vn 0.6989 0.3887 0.6004
vn -0.0786 -0.1408 0.9869
vn 0.0619 -0.1138 0.9916
vn 0.0571 -0.0722 0.9958
vn 0.1082 -0.4413 0.8908
vn 0.0426 0.0165 0.9990
vn 0.1459 -0.5794 0.8019
vn 0.0646 -0.1158 0.9912
vn 0.0357 0.0010 0.9994
vn -0.1971 0.6224 -0.7575
vn 0.0426 0.0107 0.9990
vn -0.3643 -0.2171 -0.9056
vn 0.6301 0.3079 0.7128
vn -0.0208 -0.1061 0.9941
vn 0.7353 0.3242 0.5951
vn 0.7104 0.3674 0.6003
vn 0.7890 0.2204 0.5736
vn 0.4931 0.6057 0.6245
vn -0.8997 0.3149 0.3023
vn 0.5163 0.8516 -0.0907
vn -0.8526 0.4408 0.2808
vn -0.8188 0.5697 -0.0703
vn -0.6011 0.7886 0.1299
vn -0.5357 0.8405 -0.0805
vn -0.6804 0.7302 -0.0624
vn -0.1523 0.9690 0.1946
vn -0.2976 0.9507 0.0876
vn -0.2288 0.9635 0.1391
vn -0.1606 0.9705 0.1796
vn -0.7101 0.6846 -0.1643
vn -0.0039 0.9696 0.2447
vn 0.8610 0.1115 0.4962
vn 0.9364 -0.2108 0.2806
vn 0.9338 -0.2448 0.2608
vn -0.0823 0.9341 -0.3475
vn 0.9323 0.1079 0.3453
vn 0.7794 0.0554 0.6241
vn 0.9124 -0.0083 0.4091
vn 0.9104 -0.1357 0.3907
vn 0.9357 -0.1617 0.3136
vn 0.9351 -0.1569 0.3178
vn 0.9143 -0.1341 0.3822
vn 0.9419 -0.0633 0.3299
vn 0.9443 -0.2030 0.2590
vn 0.9653 -0.1875 0.1820
vn 0.9416 -0.0699 0.3294
vn 0.9258 -0.0220 0.3773
vn 0.9159 -0.0226 0.4008
vn 0.1876 0.5699 0.8000
vn 0.8522 -0.0723 0.5182
vn 0.2435 0.3094 0.9192
vn 0.6442 -0.5995 -0.4750
vn 0.6126 0.3006 0.7310
vn 0.6160 -0.1841 0.7659
vn 0.4022 -0.9146 -0.0420
vn -0.5694 0.6154 0.5451
s 0
f 749//1481 750//1481 752//1481
f 749//1482 751//1482 750//1482
f 749//1483 796//1483 751//1483
f 749//1484 752//1484 753//1484
f 749//1485 753//1485 754//1485
f 749//1486 754//1486 755//1486
f 749//1487 755//1487 756//1487
f 749//1488 756//1488 757//1488
f 749//1489 757//1489 758//1489
f 749//1490 758//1490 759//1490
f 749//1491 759//1491 760//1491
f 749//1492 760//1492 761//1492
f 749//1493 761//1493 762//1493
f 749//1494 762//1494 763//1494
f 749//1495 763//1495 764//1495
f 749//1496 764//1496 765//1496
f 749//1497 765//1497 766//1497
f 749//1498 766//1498 767//1498
f 749//1499 767//1499 768//1499
f 749//1500 768//1500 769//1500
f 749//1501 769//1501 770//1501
f 749//1502 770//1502 771//1502
f 749//1503 771//1503 772//1503
f 749//1504 772//1504 773//1504
f 749//1505 773//1505 774//1505
f 749//1506 774//1506 775//1506
f 749//1507 775//1507 776//1507
f 749//1508 776//1508 777//1508
f 749//1509 777//1509 778//1509
f 749//1510 778//1510 779//1510
f 749//1511 779//1511 780//1511
f 749//1512 780//1512 781//1512
f 749//1513 781//1513 782//1513
f 749//1514 782//1514 783//1514
f 749//1515 783//1515 784//1515
f 749//1516 784//1516 785//1516
f 749//1517 785//1517 786//1517
f 749//1518 786//1518 787//1518
f 749//1519 787//1519 788//1519
f 749//1520 788//1520 789//1520
f 749//1521 789//1521 790//1521
f 749//1522 790//1522 791//1522
f 749//1523 791//1523 792//1523
f 749//1524 792//1524 793//1524
f 749//1525 793//1525 794//1525
f 749//1526 794//1526 795//1526
f 749//1527 795//1527 796//1527
f 796//1528 795//1528 798//1528
f 751//1529 796//1529 797//1529
f 796//1530 799//1530 797//1530
f 796//1531 798//1531 799//1531
f 798//1532 801//1532 799//1532
f 797//1533 799//1533 800//1533
f 799//1534 804//1534 800//1534
f 799//1535 801//1535 802//1535
f 799//1536 802//1536 803//1536
f 799//1537 803//1537 804//1537
f 803//1538 806//1538 804//1538
f 800//1539 804//1539 805//1539
f 804//1540 808//1540 805//1540
f 804//1541 806//1541 807//1541
f 804//1542 807//1542 808//1542
f 810//1543 808//1543 807//1543
f 805//1544 808//1544 809//1544
f 810//1545 809//1545 808//1545
f 811//1546 810//1546 813//1546
f 811//1547 812//1547 810//1547
f 812//1548 814//1548 810//1548
f 810//1549 821//1549 813//1549
f 810//1550 814//1550 815//1550
f 810//1551 815//1551 809//1551
f 810//1552 807//1552 806//1552
f 810//1553 806//1553 816//1553
f 810//1554 816//1554 817//1554
f 810//1555 817//1555 818//1555
f 810//1556 818//1556 758//1556
f 810//1557 758//1557 757//1557
f 810//1558 757//1558 819//1558
f 810//1559 819//1559 820//1559
f 810//1560 820//1560 821//1560
f 811//1561 821//1561 822//1561
f 811//1562 813//1562 821//1562
f 822//1563 821//1563 755//1563
f 821//1564 820//1564 755//1564
f 811//1565 822//1565 754//1565
f 754//1566 822//1566 755//1566
f 755//1567 820//1567 819//1567
f 819//1568 757//1568 756//1568
f 755//1569 819//1569 756//1569
f 817//1570 823//1570 818//1570
f 758//1571 818//1571 759//1571
f 818//1572 823//1572 824//1572
f 818//1573 760//1573 759//1573
f 818//1574 824//1574 762//1574
f 818//1575 762//1575 761//1575
f 818//1576 761//1576 760//1576
f 823//1577 825//1577 824//1577
f 824//1578 763//1578 762//1578
f 824//1579 825//1579 763//1579
f 823//1580 764//1580 825//1580
f 825//1581 764//1581 763//1581
f 817//1582 826//1582 823//1582
f 826//1583 827//1583 823//1583
f 823//1584 827//1584 828//1584
f 823//1585 828//1585 765//1585
f 823//1586 765//1586 764//1586
f 827//1587 829//1587 828//1587
f 828//1588 766//1588 765//1588
f 828//1589 829//1589 830//1589
f 828//1590 830//1590 831//1590
f 828//1591 831//1591 766//1591
f 830//1592 767//1592 831//1592
f 831//1593 767//1593 766//1593
f 829//1594 832//1594 830//1594
f 830//1595 832//1595 769//1595
f 830//1596 769//1596 768//1596
f 830//1597 768//1597 767//1597
f 829//1598 833//1598 832//1598
f 833//1599 834//1599 832//1599
f 832//1600 770//1600 769//1600
f 832//1601 834//1601 773//1601
f 832//1602 773//1602 772//1602
f 832//1603 772//1603 771//1603
f 832//1604 771//1604 770//1604
f 833//1605 835//1605 834//1605
f 835//1606 836//1606 834//1606
f 834//1607 774//1607 773//1607
f 834//1608 836//1608 837//1608
f 834//1609 837//1609 776//1609
f 834//1610 776//1610 775//1610
f 834//1611 775//1611 774//1611
f 838//1612 778//1612 837//1612
f 838//1613 837//1613 836//1613
f 837//1614 778//1614 777//1614
f 837//1615 777//1615 776//1615
f 839//1616 779//1616 838//1616
f 839//1617 838//1617 840//1617
f 840//1618 838//1618 841//1618
f 838//1619 779//1619 778//1619
f 838//1620 836//1620 841//1620
f 840//1621 841//1621 842//1621
f 842//1622 841//1622 843//1622
f 843//1623 841//1623 835//1623
f 841//1624 836//1624 835//1624
f 844//1625 843//1625 846//1625
f 844//1626 845//1626 843//1626
f 842//1627 843//1627 845//1627
f 846//1628 843//1628 833//1628
f 843//1629 835//1629 833//1629
f 847//1630 846//1630 848//1630
f 847//1631 844//1631 846//1631
f 848//1632 846//1632 827//1632
f 827//1633 846//1633 829//1633
f 846//1634 833//1634 829//1634
f 849//1635 848//1635 850//1635
f 849//1636 847//1636 848//1636
f 850//1637 848//1637 827//1637
f 817//1638 850//1638 826//1638
f 817//1639 849//1639 850//1639
f 850//1640 827//1640 826//1640
f 817//1641 851//1641 849//1641
f 851//1642 847//1642 849//1642
f 817//1643 852//1643 851//1643
f 852//1644 853//1644 851//1644
f 851//1645 853//1645 854//1645
f 851//1646 854//1646 855//1646
f 851//1647 855//1647 847//1647
f 854//1648 847//1648 855//1648
f 853//1649 856//1649 854//1649
f 854//1650 856//1650 857//1650
f 854//1651 857//1651 858//1651
f 854//1652 858//1652 859//1652
f 854//1653 859//1653 860//1653
f 854//1654 860//1654 847//1654
f 859//1655 844//1655 860//1655
f 847//1656 860//1656 844//1656
f 858//1657 861//1657 859//1657
f 859//1658 861//1658 844//1658
f 862//1659 861//1659 857//1659
f 862//1660 863//1660 861//1660
f 844//1661 861//1661 863//1661
f 857//1662 861//1662 858//1662
f 862//1663 864//1663 863//1663
f 863//1664 864//1664 845//1664
f 844//1665 863//1665 845//1665
f 862//1666 865//1666 864//1666
f 866//1667 864//1667 865//1667
f 845//1668 864//1668 866//1668
f 842//1669 866//1669 867//1669
f 842//1670 845//1670 866//1670
f 867//1671 866//1671 868//1671
f 866//1672 865//1672 868//1672
f 862//1673 868//1673 865//1673
f 862//1674 867//1674 868//1674
f 862//1675 869//1675 867//1675
f 870//1676 867//1676 869//1676
f 870//1677 842//1677 867//1677
f 871//1678 870//1678 872//1678
f 871//1679 786//1679 870//1679
f 786//1680 785//1680 870//1680
f 870//1681 876//1681 872//1681
f 870//1682 785//1682 839//1682
f 870//1683 840//1683 842//1683
f 870//1684 839//1684 840//1684
f 870//1685 869//1685 873//1685
f 870//1686 873//1686 874//1686
f 870//1687 874//1687 875//1687
f 870//1688 875//1688 876//1688
f 877//1689 876//1689 878//1689
f 877//1690 872//1690 876//1690
f 878//1691 876//1691 879//1691
f 876//1692 875//1692 879//1692
f 862//1693 879//1693 875//1693
f 862//1694 880//1694 879//1694
f 878//1695 879//1695 880//1695
f 862//1696 881//1696 880//1696
f 878//1697 880//1697 881//1697
f 862//1698 882//1698 881//1698
f 883//1699 881//1699 882//1699
f 883//1700 878//1700 881//1700
f 884//1701 883//1701 886//1701
f 884//1702 885//1702 883//1702
f 889//1703 883//1703 885//1703
f 886//1704 883//1704 887//1704
f 888//1705 887//1705 883//1705
f 888//1706 883//1706 882//1706
f 889//1707 877//1707 883//1707
f 883//1708 877//1708 878//1708
f 890//1709 889//1709 884//1709
f 890//1710 790//1710 889//1710
f 790//1711 789//1711 889//1711
f 884//1712 889//1712 885//1712
f 889//1713 789//1713 788//1713
f 889//1714 788//1714 871//1714
f 889//1715 871//1715 877//1715
f 891//1716 892//1716 890//1716
f 891//1717 890//1717 884//1717
f 892//1718 790//1718 890//1718
f 792//1719 892//1719 891//1719
f 792//1720 791//1720 892//1720
f 791//1721 790//1721 892//1721
f 793//1722 891//1722 893//1722
f 793//1723 792//1723 891//1723
f 893//1724 891//1724 894//1724
f 894//1725 891//1725 895//1725
f 891//1726 884//1726 895//1726
f 894//1727 895//1727 896//1727
f 896//1728 895//1728 897//1728
f 895//1729 898//1729 897//1729
f 895//1730 884//1730 886//1730
f 895//1731 886//1731 888//1731
f 895//1732 888//1732 898//1732
f 862//1733 898//1733 888//1733
f 862//1734 899//1734 898//1734
f 897//1735 898//1735 899//1735
f 896//1736 899//1736 900//1736
f 896//1737 897//1737 899//1737
f 862//1738 900//1738 899//1738
f 896//1739 900//1739 901//1739
f 862//1740 901//1740 900//1740
f 896//1741 901//1741 902//1741
f 862//1742 902//1742 901//1742
f 896//1743 902//1743 903//1743
f 903//1744 902//1744 862//1744
f 802//1745 903//1745 803//1745
f 802//1746 896//1746 903//1746
f 803//1747 903//1747 862//1747
f 801//1748 896//1748 802//1748
f 801//1749 894//1749 896//1749
f 801//1750 893//1750 894//1750
f 904//1751 893//1751 801//1751
f 904//1752 793//1752 893//1752
f 795//1753 904//1753 798//1753
f 795//1754 794//1754 904//1754
f 794//1755 793//1755 904//1755
f 798//1756 904//1756 801//1756
f 862//1757 888//1757 882//1757
f 886//1758 887//1758 888//1758
f 871//1759 872//1759 877//1759
f 862//1760 875//1760 874//1760
f 862//1761 874//1761 873//1761
f 862//1762 873//1762 869//1762
f 788//1763 787//1763 871//1763
f 871//1764 787//1764 786//1764
f 803//1765 862//1765 905//1765
f 862//1766 913//1766 905//1766
f 862//1767 857//1767 856//1767
f 862//1768 856//1768 906//1768
f 862//1769 906//1769 907//1769
f 862//1770 907//1770 908//1770
f 862//1771 908//1771 852//1771
f 862//1772 852//1772 909//1772
f 862//1773 909//1773 910//1773
f 862//1774 910//1774 816//1774
f 862//1775 816//1775 806//1775
f 862//1776 806//1776 911//1776
f 862//1777 911//1777 912//1777
f 862//1778 912//1778 913//1778
f 803//1779 913//1779 912//1779
f 803//1780 905//1780 913//1780
f 803//1781 912//1781 911//1781
f 803//1782 911//1782 806//1782
f 910//1783 909//1783 817//1783
f 816//1784 910//1784 817//1784
f 817//1785 909//1785 852//1785
f 908//1786 907//1786 853//1786
f 852//1787 908//1787 853//1787
f 853//1788 907//1788 906//1788
f 853//1789 906//1789 856//1789
f 785//1790 784//1790 839//1790
f 839//1791 784//1791 783//1791
f 839//1792 783//1792 782//1792
f 839//1793 782//1793 781//1793
f 839//1794 781//1794 780//1794
f 839//1795 780//1795 779//1795
f 805//1796 809//1796 815//1796
f 805//1797 815//1797 914//1797
f 914//1798 815//1798 915//1798
f 812//1799 815//1799 814//1799
f 812//1800 915//1800 815//1800
f 812//1801 914//1801 915//1801
f 916//1802 914//1802 812//1802
f 916//1803 805//1803 914//1803
f 917//1804 916//1804 919//1804
f 917//1805 918//1805 916//1805
f 918//1806 805//1806 916//1806
f 916//1807 812//1807 919//1807
f 917//1808 919//1808 811//1808
f 811//1809 919//1809 812//1809
f 797//1810 918//1810 917//1810
f 797//1811 800//1811 918//1811
f 800//1812 805//1812 918//1812
f 750//1813 917//1813 753//1813
f 750//1814 797//1814 917//1814
f 753//1815 917//1815 811//1815
f 753//1816 811//1816 920//1816
f 811//1817 754//1817 920//1817
f 753//1818 920//1818 754//1818
f 751//1819 797//1819 750//1819
f 750//1820 753//1820 752//1820
o geometry_9.006
v -0.021823 -0.010605 -0.005566
v -0.022835 -0.008122 -0.001552
v -0.021640 -0.010617 -0.006241
v -0.022769 -0.008187 -0.003067
v -0.022342 -0.008707 -0.004568
v -0.022612 -0.008044 -0.004422
v -0.022544 -0.007938 -0.004956
v -0.021938 -0.009758 -0.005945
v -0.022178 -0.008937 -0.005454
v -0.023692 -0.008604 -0.005219
v -0.023691 -0.007389 -0.005096
v -0.023262 -0.006579 -0.005117
v -0.022281 -0.006097 -0.004849
v -0.022033 -0.005548 -0.004869
v -0.021522 -0.004508 -0.004984
v -0.020398 0.002047 -0.004709
v -0.019186 0.001680 -0.004541
v -0.018905 0.002352 -0.004477
v -0.019102 0.003958 -0.004304
v -0.018039 0.003751 -0.004542
v 0.015452 0.004980 -0.006251
v 0.015563 0.004879 -0.006261
v 0.016358 0.004235 -0.006374
v 0.016597 0.004016 -0.006405
v 0.017033 0.003561 -0.006461
v 0.017630 0.002852 -0.006546
v 0.017724 0.002739 -0.006556
v 0.018451 0.001443 -0.006667
v 0.019860 -0.001243 -0.006951
v 0.019902 -0.001562 -0.006966
v 0.020006 -0.002265 -0.007021
v 0.019922 -0.002423 -0.007022
v 0.019619 -0.003292 -0.006956
v 0.018138 -0.006274 -0.007032
v 0.017207 -0.007935 -0.007083
v 0.016651 -0.008999 -0.007165
v 0.012940 -0.009596 -0.003512
v -0.014576 -0.010514 -0.002368
v -0.019735 -0.010313 -0.003599
v -0.020970 -0.010323 -0.004231
v -0.020924 -0.010355 -0.004300
v -0.021590 -0.010835 -0.004597
v -0.021439 -0.011420 -0.004988
v -0.023191 -0.007985 -0.001781
v -0.023668 -0.007134 -0.001558
v -0.021916 -0.008888 -0.002136
v -0.022524 -0.008503 -0.002013
v 0.013214 -0.009995 -0.003741
v 0.013191 -0.009016 -0.003681
v 0.013459 -0.008275 -0.003647
v 0.013644 -0.007700 -0.003626
v 0.013757 -0.007283 -0.003608
v 0.013928 -0.006480 -0.003566
v 0.014053 -0.005800 -0.003526
v 0.014249 -0.004328 -0.003437
v 0.014279 -0.002965 -0.003344
v 0.013960 -0.001524 -0.003236
v 0.013519 -0.000465 -0.003137
v 0.013266 -0.000097 -0.003105
v 0.012235 0.001166 -0.002979
v 0.011897 0.001528 -0.002938
v 0.008316 0.004593 -0.002265
v -0.019674 0.003487 -0.000952
v -0.020219 0.003553 0.000036
v -0.020538 0.001720 -0.001182
v -0.021139 0.000455 -0.001241
v -0.021959 -0.001304 -0.001310
v -0.022558 -0.002642 -0.001356
v -0.024071 -0.002993 -0.001061
v -0.023987 -0.004744 -0.001136
v -0.023476 -0.005004 -0.001388
v -0.023786 -0.006261 -0.001405
v -0.023412 -0.007365 -0.001198
v -0.023132 -0.007272 -0.002771
v -0.023581 -0.006420 -0.000897
v -0.022714 -0.007393 -0.004290
v -0.022931 -0.006078 -0.002716
v -0.022720 -0.006392 -0.003737
v -0.022545 -0.007007 -0.004682
v -0.022482 -0.006069 -0.004055
v -0.022611 -0.005570 -0.003230
v -0.023129 -0.005066 -0.000913
v -0.018613 0.002584 -0.004883
v -0.023172 -0.003804 -0.000058
v -0.018704 0.004428 -0.003085
v -0.018831 0.002882 -0.003612
v -0.018472 0.003392 -0.003978
v -0.018648 0.003630 -0.003554
v -0.019175 0.003376 -0.002435
v -0.019205 0.003362 -0.002316
v -0.019688 0.003968 0.000195
v -0.017971 0.003742 -0.004517
v -0.018215 0.003557 -0.004492
v -0.018661 0.003503 -0.003812
v -0.021300 -0.003860 -0.004654
v -0.021431 -0.004624 -0.005258
v -0.022571 -0.007782 -0.004884
v -0.022429 -0.007217 -0.006225
v -0.022443 -0.008203 -0.006332
vn -0.9400 -0.3400 -0.0265
vn 0.9643 -0.0323 0.2629
vn 0.8164 0.5367 0.2133
vn -0.9637 -0.1452 -0.2240
vn -0.8297 -0.4199 0.3679
vn -0.9608 -0.2216 -0.1665
vn -0.9577 -0.2153 -0.1908
vn 0.9697 0.1965 0.1451
vn 0.1457 -0.0355 0.9887
vn -0.0766 0.1006 -0.9920
vn -0.1530 0.0554 -0.9867
vn 0.1800 0.1723 -0.9685
vn -0.3312 0.1153 -0.9365
vn -0.4204 0.1067 -0.9010
vn -0.3987 0.1066 -0.9109
vn 0.1517 0.0498 -0.9872
vn 0.0594 0.0703 -0.9958
vn 0.0682 -0.0988 0.9928
vn -0.1943 0.1207 -0.9735
vn -0.0539 0.0852 -0.9949
vn -0.0434 0.0599 -0.9973
vn -0.0597 0.0996 -0.9932
vn -0.0533 0.0829 -0.9951
vn -0.0501 0.0745 -0.9960
vn -0.0509 0.0767 -0.9958
vn -0.0420 0.0503 -0.9979
vn -0.0453 0.0603 -0.9972
vn -0.0508 0.0787 -0.9956
vn -0.0423 0.0406 -0.9983
vn -0.0487 0.0705 -0.9963
vn -0.0406 0.0293 -0.9987
vn -0.0214 -0.0682 -0.9974
vn -0.0416 0.0461 -0.9981
vn -0.0425 0.0542 -0.9976
vn -0.0455 0.1006 -0.9939
vn 0.0362 -0.9915 -0.1251
vn 0.0315 -0.9986 -0.0431
vn -0.0961 -0.9647 0.2452
vn -0.1413 -0.9464 0.2904
vn 0.1827 0.9317 -0.3139
vn 0.6436 -0.6954 -0.3197
vn 0.9304 0.3371 -0.1439
vn 0.7001 -0.2628 0.6640
vn -0.9409 -0.3330 -0.0627
vn 0.5571 0.7005 -0.4460
vn 0.5970 0.4994 -0.6278
vn 0.1968 -0.1439 0.9698
vn 0.1406 -0.6547 0.7427
vn -0.0718 -0.4510 0.8896
vn -0.2931 -0.6786 0.6735
vn -0.5250 -0.8027 0.2828
vn 0.0441 -0.0808 0.9958
vn -0.0202 0.4860 -0.8738
vn 0.0504 -0.0590 0.9970
vn 0.0502 -0.0646 0.9966
vn 0.0503 -0.0531 0.9973
vn 0.0504 -0.0551 0.9972
vn 0.0505 -0.0634 0.9967
vn 0.0506 -0.0673 0.9964
vn 0.0506 -0.0671 0.9965
vn 0.0508 -0.0689 0.9963
vn 0.0502 -0.0642 0.9967
vn 0.0515 -0.0717 0.9961
vn 0.0475 -0.0519 0.9975
vn 0.0492 -0.0598 0.9970
vn 0.0504 -0.0647 0.9966
vn 0.0694 -0.1359 0.9883
vn 0.0501 -0.0873 0.9949
vn 0.8299 -0.2889 0.4773
vn -0.9503 0.2694 -0.1563
vn 0.0763 -0.0822 0.9937
vn 0.1101 -0.0902 0.9898
vn 0.1354 -0.0946 0.9863
vn 0.2132 -0.1026 0.9716
vn 0.6201 -0.0038 0.7845
vn -0.4085 0.0807 -0.9092
vn 0.3270 -0.0926 0.9405
vn 0.8812 -0.2119 -0.4225
vn 0.8547 0.1997 -0.4791
vn -0.9201 -0.3457 -0.1841
vn 0.7621 0.6384 -0.1081
vn -0.9582 0.0918 -0.2710
vn -0.9464 0.1517 -0.2852
vn -0.9375 -0.0502 -0.3444
vn -0.9193 0.2809 -0.2757
vn -0.9147 0.2929 -0.2784
vn -0.9519 0.1436 -0.2706
vn -0.8844 0.2985 -0.3589
vn -0.8852 0.3234 -0.3343
vn -0.8877 0.1038 -0.4485
vn 0.3398 0.9319 -0.1268
vn -0.9609 0.1323 -0.2433
vn -0.8671 0.3543 -0.3501
vn -0.8894 0.3868 -0.2434
vn -0.8720 0.3458 -0.3465
vn -0.6969 0.2819 -0.6594
vn -0.9683 0.1481 -0.2011
vn 0.4030 -0.5005 -0.7662
vn 0.4172 0.6450 -0.6402
vn 0.8511 -0.2200 0.4766
vn 0.1545 0.1545 0.9758
vn -0.8334 0.5077 0.2185
vn 0.9063 -0.1647 0.3891
vn 0.7864 -0.5689 0.2407
vn -0.8715 0.4589 -0.1731
vn -0.9579 0.1760 -0.2266
vn 0.6979 -0.6574 0.2844
vn -0.0435 0.9950 -0.0897
vn -0.0444 0.9989 0.0175
vn -0.0280 0.9866 0.1605
vn -0.0471 -0.9787 -0.1996
vn -0.6031 0.7686 -0.2134
vn 0.0430 0.9932 0.1078
vn -0.7215 -0.4677 -0.5105
vn -0.1288 -0.8864 0.4447
vn -0.8380 0.4767 -0.2655
vn -0.1583 0.0782 -0.9843
vn 0.1687 -0.0853 0.9820
vn 0.1641 0.9790 -0.1209
vn -0.8307 0.4833 -0.2763
vn 0.5148 -0.7883 0.3369
vn -0.2026 0.5660 -0.7991
vn -0.8052 0.3763 -0.4582
vn -0.8242 0.3998 -0.4011
vn -0.8291 0.4114 -0.3786
vn 0.8160 -0.4884 0.3091
vn 0.3924 0.5250 -0.7552
vn 0.7679 0.0641 -0.6373
vn -0.8420 0.3362 -0.4220
vn 0.8018 -0.3164 0.5070
vn 0.8388 -0.3865 0.3836
vn -0.8726 0.3856 -0.2998
vn -0.9034 0.3499 -0.2478
vn 0.6881 -0.1502 0.7099
vn -0.8688 0.3136 -0.3831
vn 0.8280 -0.3590 0.4306
vn 0.9095 -0.1718 0.3785
vn -0.1539 -0.0573 0.9864
vn 0.3830 0.9096 -0.1613
vn -0.9471 0.1103 -0.3013
vn -0.9951 0.0548 -0.0821
vn -0.5436 -0.8362 0.0731
vn -0.6365 0.3133 0.7048
vn -0.3755 0.2711 0.8863
vn 0.2356 0.8865 0.3983
vn 0.6542 -0.3288 0.6811
vn 0.0338 -0.4164 0.9086
vn -0.9681 -0.0485 -0.2457
vn -0.9615 0.0559 -0.2691
vn -0.2181 -0.0982 0.9710
vn -0.9480 -0.2666 -0.1738
vn -0.9513 -0.2473 -0.1839
vn -0.9121 -0.3834 -0.1455
vn 0.7141 0.6974 -0.0608
vn 0.4403 0.3312 0.8345
vn 0.4328 0.3898 0.8128
vn 0.4325 0.3914 0.8123
vn 0.4370 0.3609 0.8239
vn 0.4458 0.3215 0.8354
vn 0.4449 0.3234 0.8352
vn 0.4618 0.2932 0.8371
vn 0.4632 0.2898 0.8375
vn 0.4819 0.2603 0.8367
vn 0.4534 0.3058 0.8372
vn 0.5229 0.1390 0.8410
vn 0.5231 0.1865 0.8316
vn 0.5119 0.2155 0.8316
vn 0.5303 0.0536 0.8461
vn 0.5449 -0.0691 0.8357
vn 0.5389 0.0146 0.8423
vn 0.5359 0.0303 0.8437
vn 0.5559 -0.1236 0.8220
vn 0.5657 -0.1514 0.8106
vn 0.5709 -0.1640 0.8045
vn 0.5844 -0.1916 0.7885
vn 0.5991 -0.2205 0.7697
vn 0.6210 -0.2592 0.7397
vn 0.6669 -0.3604 0.6522
vn 0.4768 -0.0419 0.8780
vn -0.5351 0.1112 -0.8374
vn -0.4459 -0.8195 0.3599
vn -0.8474 -0.0846 -0.5241
vn -0.1637 -0.8173 0.5524
vn -0.2362 -0.8481 0.4743
vn -0.7644 -0.6447 -0.0059
vn 0.6747 -0.4001 0.6202
vn 0.6749 -0.3974 0.6218
vn 0.6679 -0.3483 0.6577
vn 0.5477 -0.1286 0.8267
vn 0.2604 0.7779 0.5719
vn 0.4572 -0.8664 0.2007
vn -0.9395 -0.3426 -0.0031
vn 0.6930 0.5083 -0.5113
vn -0.9267 -0.3473 -0.1434
s 0
f 921//1821 922//1821 924//1821
f 921//1822 923//1822 922//1822
f 921//1823 963//1823 923//1823
f 921//1824 924//1824 925//1824
f 921//1825 925//1825 926//1825
f 921//1826 926//1826 927//1826
f 921//1827 927//1827 928//1827
f 921//1828 928//1828 929//1828
f 921//1829 929//1829 930//1829
f 921//1830 930//1830 931//1830
f 921//1831 931//1831 932//1831
f 921//1832 932//1832 933//1832
f 921//1833 933//1833 934//1833
f 921//1834 934//1834 935//1834
f 921//1835 935//1835 936//1835
f 921//1836 936//1836 937//1836
f 921//1837 937//1837 938//1837
f 921//1838 938//1838 939//1838
f 921//1839 939//1839 940//1839
f 921//1840 940//1840 941//1840
f 921//1841 941//1841 942//1841
f 921//1842 942//1842 943//1842
f 921//1843 943//1843 944//1843
f 921//1844 944//1844 945//1844
f 921//1845 945//1845 946//1845
f 921//1846 946//1846 947//1846
f 921//1847 947//1847 948//1847
f 921//1848 948//1848 949//1848
f 921//1849 949//1849 950//1849
f 921//1850 950//1850 951//1850
f 921//1851 951//1851 952//1851
f 921//1852 952//1852 953//1852
f 921//1853 953//1853 954//1853
f 921//1854 954//1854 955//1854
f 921//1855 955//1855 956//1855
f 921//1856 956//1856 957//1856
f 921//1857 957//1857 958//1857
f 921//1858 958//1858 959//1858
f 921//1859 959//1859 960//1859
f 921//1860 960//1860 961//1860
f 921//1861 961//1861 962//1861
f 921//1862 962//1862 963//1862
f 963//1863 962//1863 964//1863
f 923//1864 963//1864 922//1864
f 922//1865 963//1865 964//1865
f 922//1866 964//1866 965//1866
f 964//1867 992//1867 965//1867
f 964//1868 962//1868 961//1868
f 964//1869 966//1869 958//1869
f 964//1870 967//1870 966//1870
f 964//1871 961//1871 967//1871
f 964//1872 958//1872 957//1872
f 964//1873 957//1873 968//1873
f 964//1874 968//1874 969//1874
f 964//1875 969//1875 970//1875
f 964//1876 970//1876 971//1876
f 964//1877 971//1877 972//1877
f 964//1878 972//1878 973//1878
f 964//1879 973//1879 974//1879
f 964//1880 974//1880 975//1880
f 964//1881 975//1881 976//1881
f 964//1882 976//1882 977//1882
f 964//1883 977//1883 978//1883
f 964//1884 978//1884 979//1884
f 964//1885 979//1885 980//1885
f 964//1886 980//1886 981//1886
f 964//1887 981//1887 982//1887
f 964//1888 982//1888 983//1888
f 964//1889 983//1889 984//1889
f 964//1890 984//1890 985//1890
f 964//1891 985//1891 986//1891
f 964//1892 986//1892 987//1892
f 964//1893 987//1893 988//1893
f 964//1894 988//1894 989//1894
f 964//1895 989//1895 990//1895
f 964//1896 990//1896 991//1896
f 964//1897 991//1897 992//1897
f 992//1898 991//1898 995//1898
f 965//1899 992//1899 993//1899
f 993//1900 992//1900 994//1900
f 994//1901 992//1901 995//1901
f 994//1902 995//1902 996//1902
f 995//1903 998//1903 996//1903
f 995//1904 991//1904 997//1904
f 995//1905 997//1905 998//1905
f 997//1906 1001//1906 998//1906
f 996//1907 998//1907 999//1907
f 999//1908 998//1908 1000//1908
f 998//1909 1001//1909 1000//1909
f 991//1910 1001//1910 997//1910
f 991//1911 1002//1911 1001//1911
f 1002//1912 1004//1912 1001//1912
f 1000//1913 1001//1913 1003//1913
f 1001//1914 1006//1914 1003//1914
f 1001//1915 1004//1915 1005//1915
f 1001//1916 1005//1916 1006//1916
f 1003//1917 1006//1917 1005//1917
f 989//1918 1005//1918 1004//1918
f 1003//1919 1005//1919 1007//1919
f 1005//1920 1008//1920 1007//1920
f 989//1921 988//1921 1005//1921
f 1005//1922 988//1922 1009//1922
f 1005//1923 1009//1923 1008//1923
f 1009//1924 1014//1924 1008//1924
f 988//1925 1010//1925 1009//1925
f 1009//1926 1010//1926 1011//1926
f 1009//1927 1011//1927 983//1927
f 1009//1928 983//1928 982//1928
f 1009//1929 982//1929 941//1929
f 1009//1930 941//1930 940//1930
f 1009//1931 940//1931 1012//1931
f 1009//1932 1012//1932 1013//1932
f 1009//1933 1013//1933 1014//1933
f 1007//1934 1014//1934 1013//1934
f 1007//1935 1008//1935 1014//1935
f 1007//1936 1013//1936 938//1936
f 938//1937 1013//1937 1012//1937
f 938//1938 1012//1938 939//1938
f 1012//1939 940//1939 939//1939
f 1010//1940 985//1940 1011//1940
f 1011//1941 984//1941 983//1941
f 1011//1942 985//1942 984//1942
f 988//1943 987//1943 1010//1943
f 987//1944 986//1944 1010//1944
f 1010//1945 986//1945 985//1945
f 1003//1946 1007//1946 938//1946
f 990//1947 1004//1947 1002//1947
f 990//1948 989//1948 1004//1948
f 1000//1949 1003//1949 1015//1949
f 1003//1950 937//1950 1015//1950
f 1003//1951 938//1951 937//1951
f 1000//1952 1015//1952 1016//1952
f 1016//1953 1015//1953 937//1953
f 999//1954 1016//1954 934//1954
f 999//1955 1000//1955 1016//1955
f 1016//1956 935//1956 934//1956
f 1016//1957 936//1957 935//1957
f 1016//1958 937//1958 936//1958
f 991//1959 990//1959 1002//1959
f 1017//1960 996//1960 999//1960
f 1017//1961 999//1961 1018//1961
f 999//1962 932//1962 1018//1962
f 999//1963 934//1963 933//1963
f 999//1964 933//1964 932//1964
f 1017//1965 1018//1965 931//1965
f 1018//1966 932//1966 931//1966
f 927//1967 1017//1967 930//1967
f 927//1968 994//1968 1017//1968
f 994//1969 996//1969 1017//1969
f 1017//1970 931//1970 930//1970
f 926//1971 994//1971 927//1971
f 926//1972 993//1972 994//1972
f 924//1973 993//1973 926//1973
f 924//1974 965//1974 993//1974
f 982//1975 981//1975 944//1975
f 941//1976 982//1976 942//1976
f 982//1977 943//1977 942//1977
f 982//1978 944//1978 943//1978
f 980//1979 945//1979 981//1979
f 945//1980 944//1980 981//1980
f 979//1981 946//1981 980//1981
f 946//1982 945//1982 980//1982
f 978//1983 947//1983 979//1983
f 947//1984 946//1984 979//1984
f 949//1985 978//1985 977//1985
f 949//1986 948//1986 978//1986
f 948//1987 947//1987 978//1987
f 976//1988 949//1988 977//1988
f 951//1989 976//1989 975//1989
f 951//1990 950//1990 976//1990
f 950//1991 949//1991 976//1991
f 951//1992 975//1992 974//1992
f 951//1993 974//1993 973//1993
f 951//1994 973//1994 972//1994
f 951//1995 972//1995 971//1995
f 951//1996 971//1996 970//1996
f 952//1997 970//1997 969//1997
f 952//1998 951//1998 970//1998
f 952//1999 969//1999 968//1999
f 957//2000 952//2000 968//2000
f 967//2001 960//2001 966//2001
f 967//2002 961//2002 960//2002
f 958//2003 966//2003 959//2003
f 960//2004 959//2004 966//2004
f 922//2005 965//2005 924//2005
f 956//2006 955//2006 957//2006
f 955//2007 954//2007 957//2007
f 957//2008 954//2008 953//2008
f 957//2009 953//2009 952//2009
f 930//2010 929//2010 1019//2010
f 927//2011 930//2011 1019//2011
f 927//2012 1019//2012 929//2012
f 927//2013 929//2013 928//2013
f 924//2014 926//2014 925//2014
o geometry_9.007
v 0.016240 -0.010602 -0.007636
v 0.015513 -0.010833 -0.008032
v 0.017216 -0.009034 -0.007532
v 0.003223 -0.027434 -0.008657
v 0.003576 -0.027508 -0.007964
v 0.003414 -0.011372 -0.006583
v 0.003458 -0.011453 -0.005323
v 0.013160 -0.011151 -0.004802
v 0.012939 -0.009527 -0.005250
v 0.008303 -0.019169 -0.006456
v 0.007715 -0.020067 -0.006422
v 0.007216 -0.020817 -0.006458
v 0.006443 -0.021757 -0.006435
v 0.002882 -0.027097 -0.005580
v 0.002848 -0.027384 -0.008446
v 0.003504 -0.027985 -0.008131
v 0.004030 -0.028060 -0.005678
vn -0.5319 0.3650 0.7641
vn -0.5256 0.2736 0.8056
vn -0.5297 0.3798 -0.7584
vn -0.7277 0.5368 0.4270
vn -0.0866 0.0841 -0.9927
vn -0.0543 0.9963 0.0662
vn -0.0388 0.9880 0.1492
vn -0.6208 -0.2857 -0.7301
vn 0.4792 -0.3320 0.8125
vn 0.3403 -0.1884 0.9213
vn 0.8279 -0.5357 0.1662
vn 0.5525 -0.4024 0.7299
vn 0.7812 -0.5354 0.3210
vn 0.7387 -0.6448 -0.1961
vn 0.7720 -0.6336 0.0508
vn 0.6026 -0.4798 0.6377
vn 0.8352 -0.5427 0.0893
vn 0.8344 -0.5493 0.0450
vn 0.7571 -0.5866 0.2876
vn 0.4247 -0.3459 0.8367
vn 0.4065 0.7309 0.5481
vn 0.6938 0.7157 -0.0802
vn -0.9776 -0.0248 0.2090
vn 0.8534 0.0530 -0.5186
vn -0.8920 -0.0236 0.4514
vn 0.6330 0.7659 -0.1125
vn -0.9989 -0.0351 0.0325
vn -0.0529 -0.0231 0.9983
vn -0.0286 0.0671 -0.9973
vn 0.5384 -0.1553 -0.8283
s 0
f 1020//2015 1021//2015 1023//2015
f 1020//2016 1022//2016 1021//2016
f 1020//2017 1030//2017 1022//2017
f 1020//2018 1023//2018 1024//2018
f 1020//2019 1024//2019 1025//2019
f 1020//2020 1025//2020 1026//2020
f 1020//2021 1026//2021 1027//2021
f 1020//2022 1027//2022 1028//2022
f 1020//2023 1028//2023 1029//2023
f 1020//2024 1029//2024 1030//2024
f 1027//2025 1030//2025 1029//2025
f 1022//2026 1030//2026 1031//2026
f 1027//2027 1031//2027 1030//2027
f 1022//2028 1031//2028 1021//2028
f 1021//2029 1031//2029 1032//2029
f 1027//2030 1032//2030 1031//2030
f 1027//2031 1033//2031 1032//2031
f 1032//2032 1033//2032 1034//2032
f 1021//2033 1032//2033 1034//2033
f 1021//2034 1034//2034 1023//2034
f 1034//2035 1035//2035 1023//2035
f 1034//2036 1033//2036 1035//2036
f 1025//2037 1035//2037 1036//2037
f 1025//2038 1024//2038 1035//2038
f 1024//2039 1023//2039 1035//2039
f 1036//2040 1035//2040 1033//2040
f 1025//2041 1036//2041 1026//2041
f 1027//2042 1026//2042 1036//2042
f 1027//2043 1036//2043 1033//2043
f 1027//2044 1029//2044 1028//2044
o geometry_9.008
v 0.008050 -0.015547 0.005473
v 0.008595 -0.015293 0.005553
v 0.008299 -0.015632 0.005292
v 0.008665 -0.015305 0.005521
v 0.008905 -0.014925 0.005591
v 0.009433 -0.014184 0.005698
v 0.009555 -0.014119 0.005644
v 0.009692 -0.013886 0.005636
v 0.010235 -0.012449 0.005745
v 0.011945 -0.011152 0.006251
v 0.005337 -0.012151 0.006131
v 0.005982 -0.013103 0.005749
v 0.006481 -0.014155 0.005615
v 0.007010 -0.014934 0.005532
v 0.007077 -0.015031 0.005521
v 0.007879 -0.015523 0.005465
v 0.004270 -0.021099 0.001135
v 0.003092 -0.021426 0.001344
v 0.004242 -0.022261 0.000136
v 0.007574 -0.017208 0.003884
v 0.004121 -0.023825 -0.001610
v 0.004067 -0.024268 -0.002261
v 0.008005 -0.017077 0.004016
v 0.003938 -0.024721 -0.003006
v 0.004003 -0.024980 -0.003346
v 0.003844 -0.025653 -0.004632
v 0.004048 -0.027204 -0.004893
v 0.007928 -0.017308 0.003503
v 0.008580 -0.016591 0.003513
v 0.008914 -0.015718 0.004287
v 0.009055 -0.014257 0.006363
v 0.009016 -0.015949 0.003591
v 0.009651 -0.014793 0.003500
v 0.010143 -0.014151 0.003012
v 0.011631 -0.011718 0.004313
v 0.011288 -0.011827 0.005167
v 0.011757 -0.011680 0.003857
v 0.011758 -0.011668 0.003882
v 0.011869 -0.011340 0.002770
v 0.010175 -0.014359 0.002311
v 0.011546 -0.010942 0.003302
v 0.010290 -0.014598 0.000826
v 0.012006 -0.011549 0.002486
v 0.012190 -0.011521 0.001107
v 0.010310 -0.014827 -0.000450
v 0.010051 -0.015347 0.000048
v 0.010071 -0.015384 -0.000869
v 0.010432 -0.014555 -0.001943
v 0.010958 -0.013168 -0.000424
v 0.012178 -0.011495 0.001066
v 0.012278 -0.011400 -0.000330
v 0.012272 -0.011385 -0.000379
v 0.013237 -0.011179 -0.004889
v 0.011009 -0.013063 -0.001933
v 0.013194 -0.009471 -0.004361
v 0.004165 -0.026976 -0.005282
v 0.008046 -0.019134 -0.004245
v 0.009958 -0.015297 -0.002836
v 0.007617 -0.020129 -0.004227
v 0.010037 -0.015371 -0.001969
v 0.006899 -0.020676 -0.004758
v 0.006262 -0.021678 -0.005238
v 0.008841 -0.016958 0.000768
v 0.008918 -0.017032 -0.000741
v 0.009719 -0.015871 -0.000537
v 0.008787 -0.016919 0.001598
v 0.009464 -0.016071 0.000782
v 0.009136 -0.016306 0.002121
v 0.008741 -0.016823 0.002478
v 0.009873 -0.015049 0.002231
v 0.009993 -0.015272 0.000772
v 0.003617 -0.027058 -0.005025
v 0.003656 -0.026893 -0.005356
v 0.003529 -0.011566 -0.003688
v 0.004076 -0.012148 0.004088
v 0.004506 -0.020026 0.001768
v 0.003713 -0.020817 0.001311
v 0.011196 -0.011669 0.005187
v 0.011390 -0.011633 0.007318
vn -0.2101 0.6727 -0.7095
vn 0.2364 -0.7135 0.6596
vn 0.2595 -0.6869 0.6789
vn -0.0052 -0.1784 0.9840
vn -0.0649 -0.0981 0.9931
vn -0.5733 0.6614 -0.4836
vn -0.3077 0.2136 0.9272
vn -0.0346 -0.0631 0.9974
vn 0.4303 -0.2267 -0.8737
vn 0.0097 -0.1825 0.9832
vn -0.6792 -0.6190 0.3944
vn -0.0379 -0.1434 0.9889
vn -0.0109 -0.1134 0.9935
vn -0.0169 -0.1236 0.9922
vn -0.0805 -0.2413 0.9671
vn -0.1188 -0.5599 0.8200
vn -0.3093 0.7073 -0.6356
vn 0.2324 -0.6826 0.6928
vn -0.3016 0.6257 -0.7194
vn 0.4313 -0.7034 0.5649
vn 0.3864 -0.7001 0.6004
vn -0.9674 -0.1515 0.2029
vn -0.9852 -0.0920 0.1448
vn 0.5890 -0.6899 0.4208
vn -0.0518 -0.6218 0.7815
vn 0.1243 -0.6707 0.7312
vn -0.0321 -0.6577 0.7526
vn 0.2079 -0.6768 0.7062
vn 0.7789 -0.5483 0.3043
vn 0.7385 -0.6251 0.2527
vn 0.3074 -0.7273 0.6136
vn 0.7767 -0.5925 0.2138
vn -0.7893 -0.2017 0.5799
vn 0.9193 -0.3919 0.0371
vn 0.7253 -0.6622 0.1881
vn 0.7588 -0.5697 0.3158
vn 0.7458 -0.5676 0.3487
vn -0.7496 0.5653 -0.3443
vn 0.7357 -0.5764 0.3556
vn -0.7361 0.5758 -0.3559
vn 0.7711 -0.5612 0.3009
vn 0.8518 -0.4462 0.2745
vn 0.8411 -0.5039 0.1965
vn 0.5737 -0.6513 0.4966
vn 0.8527 -0.4470 0.2704
vn 0.7944 -0.5682 0.2146
vn 0.8249 -0.5568 0.0976
vn -0.0485 0.9964 0.0697
vn -0.0359 0.9930 0.1127
vn 0.7922 -0.5580 0.2470
vn 0.7971 -0.5791 0.1712
vn 0.7888 -0.4506 0.4180
vn 0.2118 -0.8850 0.4146
vn -0.7698 0.5879 -0.2487
vn 0.0276 0.9582 0.2849
vn -0.8784 -0.4275 -0.2134
vn 0.7844 -0.5837 0.2098
vn 0.8299 -0.1797 -0.5282
vn 0.9055 -0.4022 0.1349
vn 0.4132 -0.6036 0.6818
vn -0.1121 -0.8267 0.5514
vn -0.0852 0.9963 0.0087
vn -0.4169 0.6257 -0.6593
vn 0.8434 -0.5275 0.1019
vn 0.8400 -0.5316 0.1085
vn 0.9082 -0.4171 0.0363
vn 0.9215 -0.3795 0.0825
vn 0.9182 -0.3960 0.0026
vn 0.9315 -0.3637 0.0096
vn 0.8777 -0.3372 -0.3404
vn 0.8597 -0.2910 -0.4197
vn -0.0483 0.9968 0.0640
vn 0.2593 0.8491 0.4603
vn 0.8008 -0.5988 0.0164
vn 0.1501 0.9506 0.2718
vn 0.7808 -0.5692 -0.2578
vn -0.0841 0.9961 0.0276
vn 0.7328 -0.6687 0.1262
vn 0.8050 -0.5932 -0.0140
vn -0.8322 0.1444 -0.5353
vn 0.8921 -0.3472 0.2892
vn 0.9326 -0.3609 0.0067
vn 0.8607 -0.4559 0.2264
vn 0.4137 -0.2593 0.8727
vn 0.8801 -0.4680 0.0801
vn 0.8675 -0.4949 -0.0496
vn 0.9066 -0.4054 -0.1171
vn 0.9057 -0.3927 -0.1596
vn 0.8951 -0.4300 -0.1181
vn 0.8972 -0.4403 -0.0336
vn 0.8998 -0.4350 -0.0336
vn -0.6890 0.2423 0.6831
vn 0.8522 -0.3733 -0.3666
vn -0.2772 -0.4555 0.8460
vn -0.8411 0.3294 0.4291
vn 0.8195 -0.5656 0.0925
vn 0.8386 -0.5404 0.0689
vn 0.8071 -0.5783 0.1190
vn 0.8313 -0.5512 0.0720
vn 0.8230 -0.5667 0.0405
vn 0.8178 -0.5734 0.0494
vn 0.8123 -0.5791 0.0694
vn 0.8838 -0.4609 0.0800
vn 0.9244 -0.3650 -0.1102
vn 0.8152 -0.5735 0.0808
vn 0.8148 -0.5732 0.0867
vn 0.8234 -0.5579 0.1038
vn 0.8207 -0.5621 0.1024
vn 0.8394 -0.5086 0.1918
vn 0.8236 -0.5576 0.1034
vn 0.8393 -0.5087 0.1918
vn 0.8476 -0.5097 0.1479
vn 0.8367 -0.5337 0.1226
vn 0.9056 -0.4083 0.1151
vn 0.9013 -0.4109 0.1372
vn 0.9026 -0.4086 0.1357
vn 0.8561 -0.4608 0.2340
vn 0.8964 -0.4119 0.1639
vn 0.7485 -0.5813 0.3191
vn 0.7131 -0.6521 0.2574
vn 0.7863 -0.5653 0.2494
vn 0.8776 -0.4695 0.0966
vn 0.9175 -0.3955 0.0422
vn -0.1225 -0.8391 -0.5300
vn -0.0783 -0.8887 -0.4517
vn 0.1611 0.1081 -0.9810
vn -0.1260 0.0969 -0.9873
vn -0.9935 -0.0205 0.1122
vn -0.9968 -0.0436 0.0669
vn -0.1329 0.9876 0.0834
vn -0.0317 0.9974 0.0653
vn -0.7111 -0.2341 0.6630
vn -0.8344 -0.1972 0.5147
vn -0.0135 0.5102 -0.8600
vn 0.0229 0.4827 -0.8755
vn -0.0467 -0.5936 0.8034
vn -0.2345 -0.4792 0.8458
vn -0.4040 -0.3730 0.8353
vn -0.4113 -0.3679 0.8340
vn -0.4760 -0.3291 0.8155
vn -0.1565 -0.4575 0.8753
vn -0.9879 0.1500 -0.0405
vn -0.4142 -0.6318 0.6552
vn -0.1616 0.0332 -0.9863
vn 0.2539 0.0234 0.9670
vn -0.0835 0.9965 -0.0092
vn 0.6145 -0.7877 -0.0428
vn 0.6490 -0.2987 0.6997
vn 0.1465 -0.9283 -0.3418
vn -0.6109 0.7907 0.0386
vn 0.9668 0.1608 -0.1984
vn -0.9603 -0.1800 0.2130
vn -0.3009 0.7296 -0.6141
vn -0.8889 -0.3071 0.3398
s 0
f 1037//2045 1038//2045 1040//2045
f 1037//2046 1039//2046 1038//2046
f 1037//2047 1055//2047 1039//2047
f 1037//2048 1040//2048 1041//2048
f 1037//2049 1041//2049 1042//2049
f 1037//2050 1042//2050 1043//2050
f 1037//2051 1043//2051 1044//2051
f 1037//2052 1044//2052 1045//2052
f 1037//2053 1045//2053 1046//2053
f 1037//2054 1046//2054 1047//2054
f 1037//2055 1047//2055 1048//2055
f 1037//2056 1048//2056 1049//2056
f 1037//2057 1049//2057 1050//2057
f 1037//2058 1050//2058 1051//2058
f 1037//2059 1051//2059 1052//2059
f 1037//2060 1052//2060 1053//2060
f 1037//2061 1053//2061 1054//2061
f 1037//2062 1054//2062 1055//2062
f 1053//2063 1055//2063 1054//2063
f 1039//2064 1055//2064 1056//2064
f 1055//2065 1057//2065 1056//2065
f 1053//2066 1057//2066 1055//2066
f 1053//2067 1058//2067 1057//2067
f 1059//2068 1057//2068 1058//2068
f 1056//2069 1057//2069 1059//2069
f 1039//2070 1059//2070 1038//2070
f 1039//2071 1056//2071 1059//2071
f 1038//2072 1059//2072 1040//2072
f 1059//2073 1041//2073 1040//2073
f 1059//2074 1058//2074 1060//2074
f 1059//2075 1060//2075 1061//2075
f 1059//2076 1061//2076 1062//2076
f 1059//2077 1062//2077 1063//2077
f 1059//2078 1063//2078 1064//2078
f 1059//2079 1064//2079 1065//2079
f 1059//2080 1065//2080 1066//2080
f 1059//2081 1066//2081 1067//2081
f 1059//2082 1067//2082 1041//2082
f 1066//2083 1042//2083 1067//2083
f 1067//2084 1042//2084 1041//2084
f 1065//2085 1068//2085 1066//2085
f 1066//2086 1068//2086 1069//2086
f 1066//2087 1069//2087 1043//2087
f 1066//2088 1043//2088 1042//2088
f 1068//2089 1070//2089 1069//2089
f 1069//2090 1071//2090 1043//2090
f 1069//2091 1070//2091 1071//2091
f 1047//2092 1071//2092 1073//2092
f 1047//2093 1072//2093 1071//2093
f 1071//2094 1072//2094 1044//2094
f 1070//2095 1073//2095 1071//2095
f 1043//2096 1071//2096 1044//2096
f 1047//2097 1073//2097 1074//2097
f 1070//2098 1074//2098 1073//2098
f 1047//2099 1074//2099 1075//2099
f 1074//2100 1077//2100 1075//2100
f 1070//2101 1076//2101 1074//2101
f 1076//2102 1077//2102 1074//2102
f 1076//2103 1078//2103 1077//2103
f 1078//2104 1079//2104 1077//2104
f 1077//2105 1079//2105 1075//2105
f 1047//2106 1079//2106 1080//2106
f 1047//2107 1075//2107 1079//2107
f 1081//2108 1080//2108 1079//2108
f 1081//2109 1079//2109 1078//2109
f 1082//2110 1083//2110 1081//2110
f 1082//2111 1081//2111 1078//2111
f 1083//2112 1084//2112 1081//2112
f 1081//2113 1084//2113 1085//2113
f 1081//2114 1085//2114 1086//2114
f 1081//2115 1086//2115 1080//2115
f 1047//2116 1086//2116 1087//2116
f 1047//2117 1080//2117 1086//2117
f 1085//2118 1087//2118 1086//2118
f 1047//2119 1087//2119 1088//2119
f 1088//2120 1087//2120 1085//2120
f 1047//2121 1088//2121 1089//2121
f 1089//2122 1088//2122 1090//2122
f 1088//2123 1085//2123 1090//2123
f 1089//2124 1090//2124 1091//2124
f 1090//2125 1084//2125 1091//2125
f 1090//2126 1085//2126 1084//2126
f 1092//2127 1091//2127 1093//2127
f 1092//2128 1089//2128 1091//2128
f 1091//2129 1094//2129 1093//2129
f 1091//2130 1084//2130 1094//2130
f 1095//2131 1094//2131 1096//2131
f 1095//2132 1093//2132 1094//2132
f 1094//2133 1084//2133 1096//2133
f 1095//2134 1096//2134 1083//2134
f 1083//2135 1096//2135 1084//2135
f 1092//2136 1095//2136 1097//2136
f 1092//2137 1093//2137 1095//2137
f 1097//2138 1095//2138 1083//2138
f 1092//2139 1097//2139 1098//2139
f 1098//2140 1097//2140 1099//2140
f 1099//2141 1097//2141 1100//2141
f 1097//2142 1101//2142 1100//2142
f 1097//2143 1083//2143 1101//2143
f 1082//2144 1101//2144 1083//2144
f 1100//2145 1101//2145 1082//2145
f 1099//2146 1100//2146 1082//2146
f 1092//2147 1099//2147 1102//2147
f 1092//2148 1098//2148 1099//2148
f 1099//2149 1103//2149 1102//2149
f 1099//2150 1082//2150 1103//2150
f 1102//2151 1103//2151 1104//2151
f 1104//2152 1103//2152 1082//2152
f 1105//2153 1104//2153 1068//2153
f 1105//2154 1102//2154 1104//2154
f 1068//2155 1104//2155 1106//2155
f 1104//2156 1107//2156 1106//2156
f 1104//2157 1082//2157 1107//2157
f 1082//2158 1078//2158 1107//2158
f 1106//2159 1107//2159 1076//2159
f 1107//2160 1078//2160 1076//2160
f 1068//2161 1106//2161 1070//2161
f 1106//2162 1076//2162 1070//2162
f 1064//2163 1092//2163 1105//2163
f 1064//2164 1105//2164 1065//2164
f 1065//2165 1105//2165 1068//2165
f 1092//2166 1102//2166 1105//2166
f 1063//2167 1092//2167 1064//2167
f 1063//2168 1108//2168 1092//2168
f 1108//2169 1109//2169 1092//2169
f 1092//2170 1109//2170 1110//2170
f 1092//2171 1110//2171 1089//2171
f 1053//2172 1110//2172 1109//2172
f 1053//2173 1111//2173 1110//2173
f 1047//2174 1110//2174 1111//2174
f 1047//2175 1089//2175 1110//2175
f 1053//2176 1112//2176 1111//2176
f 1112//2177 1047//2177 1111//2177
f 1053//2178 1113//2178 1112//2178
f 1113//2179 1047//2179 1112//2179
f 1052//2180 1113//2180 1053//2180
f 1052//2181 1051//2181 1113//2181
f 1051//2182 1050//2182 1113//2182
f 1113//2183 1050//2183 1049//2183
f 1113//2184 1049//2184 1048//2184
f 1113//2185 1048//2185 1047//2185
f 1053//2186 1109//2186 1108//2186
f 1053//2187 1108//2187 1063//2187
f 1047//2188 1114//2188 1072//2188
f 1044//2189 1072//2189 1114//2189
f 1047//2190 1115//2190 1114//2190
f 1115//2191 1045//2191 1114//2191
f 1044//2192 1114//2192 1045//2192
f 1047//2193 1046//2193 1115//2193
f 1046//2194 1045//2194 1115//2194
f 1053//2195 1063//2195 1062//2195
f 1053//2196 1062//2196 1061//2196
f 1053//2197 1061//2197 1060//2197
f 1053//2198 1060//2198 1058//2198
o geometry_9.009
v -0.012377 0.005761 0.026940
v -0.005670 0.007479 0.020021
v -0.011526 0.005852 0.027685
v 0.006414 0.007518 0.019101
v 0.006205 0.008165 0.019220
v 0.003176 0.007679 0.024464
v 0.002832 0.007166 0.027021
v 0.003038 0.006551 0.026726
v 0.002760 0.006831 0.025817
v 0.001818 0.007559 0.025815
v 0.001630 0.008098 0.025910
v 0.001540 0.008581 0.025885
v 0.001172 0.009433 0.025973
v 0.001157 0.009510 0.025970
v 0.000543 0.010431 0.026090
v 0.000488 0.010559 0.026079
v -0.000072 0.011147 0.026170
v -0.000869 0.011837 0.026276
v -0.000922 0.011989 0.026236
v -0.001614 0.012551 0.026305
v -0.002251 0.012998 0.026375
v -0.002277 0.013013 0.026377
v -0.003557 0.013664 0.026500
v -0.003581 0.013697 0.026490
v -0.003623 0.013686 0.026506
v -0.004258 0.013860 0.026586
v -0.004877 0.013930 0.026638
v -0.004826 0.013857 0.026689
v -0.005610 0.014029 0.026936
v -0.006810 0.013893 0.027069
v -0.007236 0.014727 0.027198
v -0.006558 0.013972 0.028013
v -0.007429 0.013331 0.026845
v -0.008735 0.012710 0.026871
v -0.008728 0.012695 0.026887
v -0.009966 0.013262 0.027053
v -0.010974 0.012651 0.027035
v -0.012144 0.011678 0.027068
v -0.012260 0.011441 0.027595
v -0.011833 0.010216 0.026987
v -0.012257 0.009683 0.027078
v -0.013322 0.009536 0.027749
v -0.012728 0.008528 0.027526
v -0.012547 0.007911 0.027030
v -0.012416 0.007806 0.027065
v -0.012245 0.006327 0.027912
v -0.005594 0.007537 0.020003
v -0.006412 0.008055 0.020236
v -0.006661 0.008289 0.020282
v -0.007061 0.008661 0.020368
v -0.007763 0.009659 0.020477
v -0.008133 0.010239 0.020539
v -0.008399 0.011242 0.020602
v -0.008362 0.011494 0.020604
v -0.008146 0.012089 0.020610
v -0.007949 0.012416 0.020613
v -0.013158 0.009032 0.027338
v -0.011798 0.009655 0.027371
v -0.007770 0.012643 0.020593
v -0.007543 0.012896 0.020576
v -0.010539 0.010646 0.025560
v -0.010736 0.010656 0.026500
v -0.007199 0.013228 0.020567
v -0.006750 0.013607 0.020564
v -0.008982 0.011935 0.024689
v -0.009874 0.011390 0.026450
v -0.009140 0.011918 0.025649
v -0.006273 0.013980 0.020551
v -0.005941 0.014199 0.020541
v -0.005652 0.014298 0.020423
v -0.005128 0.014533 0.020351
v -0.009249 0.011870 0.026390
v -0.005773 0.014019 0.020071
v -0.009466 0.012525 0.028536
v -0.010387 0.011883 0.028596
v -0.011443 0.011029 0.028585
v -0.005626 0.013980 0.021785
v -0.003976 0.015182 0.020471
v -0.002845 0.015633 0.020435
v -0.004388 0.014556 0.021731
v -0.002559 0.015737 0.020418
v -0.002420 0.015789 0.020418
v -0.001828 0.015907 0.020379
v -0.001178 0.016000 0.020314
v -0.000650 0.016021 0.020256
v 0.000097 0.015950 0.020188
v 0.000462 0.015885 0.020151
v 0.001073 0.015710 0.020090
v 0.001177 0.015675 0.020076
v 0.001583 0.015522 0.020019
v 0.001853 0.015381 0.019990
v 0.002511 0.014999 0.019913
v 0.002783 0.014816 0.019868
v 0.003453 0.014174 0.019796
v -0.000156 0.011154 0.026013
v 0.001124 0.011324 0.024291
v 0.000790 0.010715 0.025281
v 0.001140 0.009884 0.025637
v 0.002620 0.008927 0.024079
v 0.005352 0.010458 0.019433
v 0.001238 0.009294 0.025756
v 0.005104 0.011185 0.019243
v 0.006014 0.012520 0.017913
v 0.004086 0.012043 0.019866
v 0.004073 0.013488 0.019711
v 0.004661 0.012870 0.019592
v 0.006358 0.012665 0.019722
v 0.006449 0.012531 0.019717
v 0.006965 0.011867 0.019487
v 0.006114 0.011483 0.018153
v 0.006237 0.010432 0.019344
v 0.006704 0.010941 0.019328
v 0.007089 0.010163 0.018812
v 0.007580 0.009857 0.017677
v 0.004787 0.007090 0.022666
v 0.007571 0.008742 0.017566
v 0.004736 0.007067 0.022580
v 0.002731 0.008141 0.024160
v 0.007945 0.008855 0.019429
v 0.007920 0.009879 0.018546
v 0.007069 0.007939 0.019215
v 0.006757 0.008383 0.019224
v 0.006624 0.007999 0.019227
v 0.002884 0.006826 0.026204
v 0.004102 0.006468 0.022332
v 0.001391 0.008123 0.026164
vn -0.0164 -0.9665 -0.2560
vn -0.1724 0.9820 0.0768
vn 0.3582 0.7851 -0.5053
vn 0.3881 -0.0437 0.9206
vn 0.1187 -0.9927 -0.0234
vn 0.0915 -0.9787 -0.1838
vn -0.0343 0.4232 -0.9054
vn -0.0445 0.9510 0.3060
vn 0.0674 0.0893 0.9937
vn 0.0958 -0.1398 0.9855
vn 0.0628 0.0628 0.9961
vn 0.0884 -0.0645 0.9940
vn 0.0561 0.0552 0.9969
vn 0.0904 -0.0693 0.9935
vn 0.0303 0.0973 0.9948
vn 0.0913 -0.0664 0.9936
vn 0.0859 -0.0540 0.9948
vn -0.0664 0.2318 0.9705
vn 0.0766 -0.0282 0.9967
vn 0.0827 -0.0380 0.9959
vn 0.0696 -0.0196 0.9974
vn 0.0791 -0.0329 0.9963
vn -0.1341 0.2037 0.9698
vn 0.4251 -0.4259 0.7987
vn 0.1076 -0.0646 0.9921
vn 0.0786 -0.0353 0.9963
vn 0.3547 -0.3576 -0.8639
vn 0.2525 -0.2062 0.9454
vn 0.1206 -0.0982 0.9878
vn 0.1147 -0.0942 0.9889
vn 0.5732 -0.3068 -0.7598
vn -0.7954 0.5237 0.3053
vn 0.0202 -0.0006 0.9998
vn 0.6822 -0.3639 -0.6341
vn 0.1105 -0.0505 0.9926
vn -0.0117 -0.0114 0.9999
vn 0.0484 -0.0236 0.9986
vn 0.9795 -0.0428 0.1968
vn -0.7143 0.0946 -0.6934
vn 0.2603 -0.0420 0.9646
vn 0.5368 -0.0461 0.8424
vn -0.0197 0.2048 -0.9786
vn -0.9609 -0.0647 -0.2691
vn 0.3096 0.0642 -0.9487
vn 0.9882 0.0282 -0.1504
vn -0.6721 -0.4249 -0.6064
vn -0.5704 -0.5912 -0.5701
vn -0.5515 -0.6196 -0.5585
vn -0.5520 -0.4497 -0.7022
vn 0.2583 -0.0274 0.9657
vn -0.6184 -0.5477 -0.5636
vn -0.4903 -0.3423 -0.8015
vn -0.6231 -0.5387 -0.5670
vn -0.3574 -0.1505 -0.9218
vn -0.6839 -0.4154 -0.5998
vn -0.3001 -0.0897 -0.9497
vn -0.6964 -0.3790 -0.6095
vn -0.4454 -0.7292 -0.5196
vn -0.1959 0.0091 -0.9806
vn -0.7850 -0.1714 -0.5953
vn -0.1620 0.0346 -0.9862
vn -0.8631 0.1338 -0.4871
vn -0.8633 0.1380 -0.4855
vn -0.1299 0.0566 -0.9899
vn -0.8579 0.3142 -0.4065
vn -0.1021 0.0719 -0.9922
vn -0.8061 0.4916 -0.3294
vn -0.4598 -0.6280 -0.6279
vn -0.8257 0.1698 -0.5379
vn 0.0125 0.9386 0.3447
vn 0.1187 -0.9529 -0.2791
vn 0.0380 -0.9870 -0.1561
vn -0.7732 -0.5323 0.3447
vn -0.1647 0.0421 -0.9854
vn -0.7692 0.5805 -0.2672
vn -0.1354 0.0545 -0.9893
vn -0.7410 0.6546 -0.1499
vn -0.3699 0.9149 0.1616
vn -0.5684 0.8128 -0.1278
vn -0.7443 0.6476 -0.1630
vn -0.6922 0.7157 -0.0929
vn -0.0705 0.0757 -0.9946
vn -0.0927 0.0697 -0.9933
vn -0.6452 0.7630 -0.0397
vn -0.5903 0.8072 -0.0020
vn -0.6487 0.7551 -0.0953
vn -0.6464 0.7573 -0.0935
vn -0.6941 0.7125 -0.1022
vn -0.6156 0.7880 -0.0135
vn -0.0793 0.0737 -0.9941
vn -0.0841 0.0732 -0.9938
vn -0.5505 0.8344 0.0279
vn -0.3928 0.0552 -0.9180
vn -0.2011 0.9351 0.2917
vn -0.1623 0.0585 -0.9850
vn 0.4136 -0.7777 0.4734
vn -0.6006 0.7987 -0.0371
vn -0.7913 0.5579 -0.2501
vn -0.3074 -0.8892 -0.3389
vn 0.6542 -0.6860 0.3185
vn -0.5590 0.7757 -0.2929
vn 0.4669 -0.7188 -0.5151
vn -0.6077 0.7543 -0.2483
vn 0.5381 -0.6586 -0.5261
vn 0.4486 -0.7236 -0.5245
vn 0.1856 0.9785 0.0899
vn -0.4689 0.8281 -0.3071
vn 0.7642 0.4804 -0.4305
vn 0.0309 -0.9137 -0.4053
vn -0.6217 0.7069 -0.3373
vn -0.7933 0.2935 -0.5335
vn 0.5335 -0.6600 -0.5290
vn 0.4292 0.8335 0.3481
vn -0.3128 0.9486 0.0487
vn 0.3723 -0.7589 0.5342
vn -0.5526 0.8308 0.0666
vn -0.0598 0.0713 -0.9957
vn 0.0811 0.0403 -0.9959
vn -0.3411 0.8816 0.3263
vn -0.3915 0.8687 0.3035
vn -0.4232 0.9055 -0.0326
vn -0.4301 0.9019 -0.0397
vn -0.5049 0.8580 -0.0947
vn -0.2966 0.8778 0.3762
vn -0.6044 0.7850 -0.1359
vn -0.0201 0.0555 -0.9983
vn -0.0898 0.0815 -0.9926
vn -0.3514 0.9357 0.0324
vn -0.0821 0.0796 -0.9934
vn -0.1944 0.9808 0.0157
vn -0.4057 -0.8139 -0.4158
vn -0.1110 0.0926 -0.9895
vn -0.1353 0.9887 0.0639
vn -0.1122 0.0932 -0.9893
vn -0.0066 0.9596 0.2812
vn -0.0844 0.9691 0.2319
vn 0.7017 0.2559 0.6649
vn -0.0838 0.0766 -0.9935
vn 0.1226 0.9162 0.3815
vn -0.4624 -0.7052 -0.5374
vn 0.3308 0.8085 0.4867
vn -0.0863 0.0783 -0.9932
vn 0.1991 0.8809 0.4294
vn -0.0791 0.0731 -0.9942
vn 0.2858 0.8340 0.4720
vn 0.1347 0.9126 0.3860
vn -0.0969 0.0876 -0.9914
vn 0.3333 0.7988 0.5009
vn -0.1044 0.0939 -0.9901
vn 0.3645 0.7726 0.5198
vn -0.0721 0.0647 -0.9953
vn 0.4329 0.7154 0.5485
vn 0.5495 0.5794 0.6020
vn 0.2882 0.8355 0.4678
vn -0.2159 0.9711 0.1017
vn -0.0767 0.0691 -0.9947
vn 0.4656 0.6883 0.5563
vn 0.4216 0.7269 0.5421
vn -0.1004 0.0950 -0.9904
vn 0.5174 0.6321 0.5769
vn 0.4501 0.7038 0.5496
vn -0.0602 0.0485 -0.9970
vn 0.5846 0.5427 0.6030
vn 0.6668 0.4551 0.5901
vn 0.5465 0.5999 0.5844
vn 0.5113 0.6393 0.5743
vn 0.7470 0.3139 0.5861
vn 0.6608 0.5188 0.5424
vn 0.3296 0.9345 -0.1347
vn 0.6038 0.7426 -0.2898
vn 0.6256 0.3953 0.6726
vn 0.7761 0.4948 0.3909
vn 0.6667 0.5129 0.5407
vn 0.6979 0.6054 0.3828
vn 0.7738 0.2458 0.5839
vn 0.7768 0.2977 0.5549
vn 0.7429 0.3946 0.5408
vn 0.9660 0.1946 0.1700
vn 0.8541 -0.0684 0.5156
vn 0.6757 0.5074 0.5348
vn 0.7531 0.3740 0.5413
vn 0.7633 0.4482 0.4652
vn 0.2359 0.8645 0.4438
vn 0.7159 -0.2863 0.6368
vn 0.8240 0.0678 0.5626
vn 0.3023 0.1042 0.9475
vn 0.0534 -0.1807 -0.9821
vn -0.0943 0.1019 -0.9903
vn -0.1268 -0.9865 0.1035
vn -0.0303 0.0125 -0.9995
vn -0.8087 -0.5538 0.1984
vn -0.1235 0.2383 -0.9633
vn -0.5633 -0.6256 0.5397
vn -0.9713 -0.0392 0.2346
vn 0.6204 0.3894 0.6807
vn 0.0880 0.7514 0.6539
vn -0.8260 0.3773 0.4187
vn 0.6832 0.2261 0.6943
vn 0.0635 -0.0270 0.9976
vn -0.0921 0.1452 -0.9851
vn -0.0988 0.0595 -0.9933
vn -0.1822 0.4792 -0.8586
vn -0.9140 -0.2315 -0.3333
vn 0.3045 -0.7141 0.6304
vn -0.5730 0.8095 0.1282
vn 0.8837 -0.0533 0.4651
vn -0.9802 -0.0113 0.1977
vn 0.6895 0.3803 0.6164
vn 0.7665 0.1721 0.6188
vn 0.5897 0.5973 0.5436
vn -0.8982 0.2741 0.3438
vn -0.2824 -0.9499 0.1340
vn 0.0330 -0.6525 -0.7571
vn -0.1650 0.3728 -0.9131
vn -0.0709 0.2906 -0.9542
vn -0.7309 0.6742 0.1059
vn 0.0624 0.0224 0.9978
vn -0.6809 -0.4661 -0.5649
vn 0.4853 0.7188 0.4978
vn -0.0651 0.0154 -0.9978
vn -0.0117 0.0113 0.9999
vn -0.7593 0.5819 -0.2915
vn -0.1168 -0.9706 -0.2103
vn 0.8084 -0.2871 0.5139
vn -0.8793 0.1006 -0.4655
vn 0.3579 -0.9000 -0.2490
vn -0.8581 0.1866 -0.4783
vn 0.7261 0.6500 -0.2241
vn -0.0727 0.9967 0.0351
vn -0.0737 0.2824 -0.9565
vn -0.0993 -0.2112 0.9724
vn 0.5203 0.6742 0.5241
vn 0.6712 0.5871 0.4525
vn 0.7983 0.2736 0.5366
vn 0.8180 0.1721 0.5488
vn -0.7274 -0.1356 -0.6727
vn -0.6594 -0.4837 -0.5755
vn -0.2676 0.9590 -0.0933
vn -0.0691 0.0607 -0.9958
vn 0.6170 0.4797 0.6239
vn 0.7457 0.4108 0.5246
vn 0.9188 0.3936 0.0285
vn 0.9661 0.1927 0.1720
vn 0.8281 0.1818 0.5302
vn -0.4931 -0.7241 -0.4823
vn -0.4701 0.2285 -0.8525
vn -0.6229 0.7116 -0.3249
vn -0.9101 -0.3821 0.1603
s 0
f 1116//2199 1117//2199 1119//2199
f 1116//2200 1118//2200 1117//2200
f 1116//2201 1161//2201 1118//2201
f 1116//2202 1119//2202 1120//2202
f 1116//2203 1120//2203 1121//2203
f 1116//2204 1121//2204 1122//2204
f 1116//2205 1122//2205 1123//2205
f 1116//2206 1123//2206 1124//2206
f 1116//2207 1124//2207 1125//2207
f 1116//2208 1125//2208 1126//2208
f 1116//2209 1126//2209 1127//2209
f 1116//2210 1127//2210 1128//2210
f 1116//2211 1128//2211 1129//2211
f 1116//2212 1129//2212 1130//2212
f 1116//2213 1130//2213 1131//2213
f 1116//2214 1131//2214 1132//2214
f 1116//2215 1132//2215 1133//2215
f 1116//2216 1133//2216 1134//2216
f 1116//2217 1134//2217 1135//2217
f 1116//2218 1135//2218 1136//2218
f 1116//2219 1136//2219 1137//2219
f 1116//2220 1137//2220 1138//2220
f 1116//2221 1138//2221 1139//2221
f 1116//2222 1139//2222 1140//2222
f 1116//2223 1140//2223 1141//2223
f 1116//2224 1141//2224 1142//2224
f 1116//2225 1142//2225 1143//2225
f 1116//2226 1143//2226 1144//2226
f 1116//2227 1144//2227 1145//2227
f 1116//2228 1145//2228 1146//2228
f 1116//2229 1146//2229 1147//2229
f 1116//2230 1147//2230 1148//2230
f 1116//2231 1148//2231 1149//2231
f 1116//2232 1149//2232 1150//2232
f 1116//2233 1150//2233 1151//2233
f 1116//2234 1151//2234 1152//2234
f 1116//2235 1152//2235 1153//2235
f 1116//2236 1153//2236 1154//2236
f 1116//2237 1154//2237 1155//2237
f 1116//2238 1155//2238 1156//2238
f 1116//2239 1156//2239 1157//2239
f 1116//2240 1157//2240 1158//2240
f 1116//2241 1158//2241 1159//2241
f 1116//2242 1159//2242 1160//2242
f 1116//2243 1160//2243 1161//2243
f 1161//2244 1160//2244 1163//2244
f 1118//2245 1161//2245 1162//2245
f 1161//2246 1163//2246 1162//2246
f 1117//2247 1163//2247 1164//2247
f 1117//2248 1162//2248 1163//2248
f 1160//2249 1164//2249 1163//2249
f 1117//2250 1164//2250 1165//2250
f 1160//2251 1165//2251 1164//2251
f 1117//2252 1165//2252 1166//2252
f 1160//2253 1166//2253 1165//2253
f 1117//2254 1166//2254 1167//2254
f 1159//2255 1167//2255 1166//2255
f 1160//2256 1159//2256 1166//2256
f 1117//2257 1167//2257 1168//2257
f 1159//2258 1168//2258 1167//2258
f 1117//2259 1168//2259 1169//2259
f 1158//2260 1169//2260 1168//2260
f 1159//2261 1158//2261 1168//2261
f 1117//2262 1169//2262 1170//2262
f 1158//2263 1170//2263 1169//2263
f 1117//2264 1170//2264 1171//2264
f 1170//2265 1156//2265 1171//2265
f 1158//2266 1172//2266 1170//2266
f 1157//2267 1170//2267 1172//2267
f 1157//2268 1173//2268 1170//2268
f 1170//2269 1173//2269 1156//2269
f 1157//2270 1156//2270 1173//2270
f 1158//2271 1157//2271 1172//2271
f 1117//2272 1171//2272 1174//2272
f 1156//2273 1174//2273 1171//2273
f 1117//2274 1174//2274 1175//2274
f 1176//2275 1175//2275 1174//2275
f 1156//2276 1176//2276 1174//2276
f 1156//2277 1177//2277 1176//2277
f 1177//2278 1178//2278 1176//2278
f 1176//2279 1178//2279 1175//2279
f 1117//2280 1178//2280 1179//2280
f 1117//2281 1175//2281 1178//2281
f 1180//2282 1179//2282 1178//2282
f 1177//2283 1180//2283 1178//2283
f 1177//2284 1181//2284 1180//2284
f 1181//2285 1182//2285 1180//2285
f 1180//2286 1182//2286 1183//2286
f 1180//2287 1183//2287 1179//2287
f 1117//2288 1183//2288 1184//2288
f 1117//2289 1179//2289 1183//2289
f 1182//2290 1184//2290 1183//2290
f 1117//2291 1184//2291 1185//2291
f 1182//2292 1185//2292 1184//2292
f 1117//2293 1185//2293 1186//2293
f 1185//2294 1188//2294 1186//2294
f 1182//2295 1187//2295 1185//2295
f 1189//2296 1185//2296 1187//2296
f 1151//2297 1185//2297 1189//2297
f 1151//2298 1188//2298 1185//2298
f 1190//2299 1189//2299 1187//2299
f 1190//2300 1151//2300 1189//2300
f 1191//2301 1190//2301 1182//2301
f 1191//2302 1152//2302 1190//2302
f 1190//2303 1152//2303 1151//2303
f 1190//2304 1187//2304 1182//2304
f 1155//2305 1191//2305 1177//2305
f 1155//2306 1154//2306 1191//2306
f 1154//2307 1153//2307 1191//2307
f 1177//2308 1191//2308 1181//2308
f 1191//2309 1182//2309 1181//2309
f 1191//2310 1153//2310 1152//2310
f 1151//2311 1150//2311 1188//2311
f 1150//2312 1192//2312 1188//2312
f 1188//2313 1193//2313 1186//2313
f 1188//2314 1192//2314 1193//2314
f 1117//2315 1193//2315 1194//2315
f 1117//2316 1186//2316 1193//2316
f 1193//2317 1195//2317 1194//2317
f 1192//2318 1195//2318 1193//2318
f 1149//2319 1195//2319 1192//2319
f 1149//2320 1148//2320 1195//2320
f 1148//2321 1147//2321 1195//2321
f 1195//2322 1196//2322 1194//2322
f 1195//2323 1147//2323 1196//2323
f 1117//2324 1196//2324 1197//2324
f 1117//2325 1194//2325 1196//2325
f 1147//2326 1197//2326 1196//2326
f 1117//2327 1197//2327 1198//2327
f 1146//2328 1198//2328 1197//2328
f 1147//2329 1146//2329 1197//2329
f 1117//2330 1198//2330 1199//2330
f 1199//2331 1198//2331 1146//2331
f 1117//2332 1199//2332 1200//2332
f 1200//2333 1199//2333 1144//2333
f 1144//2334 1199//2334 1145//2334
f 1199//2335 1146//2335 1145//2335
f 1117//2336 1200//2336 1201//2336
f 1142//2337 1201//2337 1200//2337
f 1142//2338 1200//2338 1143//2338
f 1143//2339 1200//2339 1144//2339
f 1117//2340 1201//2340 1202//2340
f 1142//2341 1202//2341 1201//2341
f 1117//2342 1202//2342 1203//2342
f 1141//2343 1203//2343 1202//2343
f 1141//2344 1202//2344 1142//2344
f 1117//2345 1203//2345 1204//2345
f 1204//2346 1203//2346 1141//2346
f 1117//2347 1204//2347 1205//2347
f 1205//2348 1204//2348 1141//2348
f 1117//2349 1205//2349 1206//2349
f 1206//2350 1205//2350 1138//2350
f 1205//2351 1139//2351 1138//2351
f 1205//2352 1141//2352 1140//2352
f 1205//2353 1140//2353 1139//2353
f 1117//2354 1206//2354 1207//2354
f 1207//2355 1206//2355 1137//2355
f 1206//2356 1138//2356 1137//2356
f 1117//2357 1207//2357 1208//2357
f 1208//2358 1207//2358 1136//2358
f 1207//2359 1137//2359 1136//2359
f 1117//2360 1208//2360 1209//2360
f 1210//2361 1209//2361 1208//2361
f 1210//2362 1208//2362 1134//2362
f 1134//2363 1208//2363 1135//2363
f 1208//2364 1136//2364 1135//2364
f 1211//2365 1209//2365 1210//2365
f 1211//2366 1210//2366 1212//2366
f 1212//2367 1210//2367 1132//2367
f 1210//2368 1133//2368 1132//2368
f 1210//2369 1134//2369 1133//2369
f 1213//2370 1212//2370 1131//2370
f 1213//2371 1211//2371 1212//2371
f 1212//2372 1132//2372 1131//2372
f 1214//2373 1213//2373 1216//2373
f 1214//2374 1215//2374 1213//2374
f 1215//2375 1217//2375 1213//2375
f 1213//2376 1129//2376 1216//2376
f 1213//2377 1217//2377 1218//2377
f 1213//2378 1219//2378 1211//2378
f 1213//2379 1131//2379 1130//2379
f 1213//2380 1130//2380 1129//2380
f 1213//2381 1218//2381 1219//2381
f 1218//2382 1221//2382 1219//2382
f 1211//2383 1219//2383 1220//2383
f 1219//2384 1221//2384 1220//2384
f 1117//2385 1221//2385 1222//2385
f 1117//2386 1220//2386 1221//2386
f 1218//2387 1222//2387 1221//2387
f 1117//2388 1222//2388 1223//2388
f 1218//2389 1223//2389 1222//2389
f 1117//2390 1223//2390 1224//2390
f 1225//2391 1224//2391 1223//2391
f 1225//2392 1223//2392 1218//2392
f 1215//2393 1225//2393 1217//2393
f 1215//2394 1226//2394 1225//2394
f 1226//2395 1224//2395 1225//2395
f 1225//2396 1218//2396 1217//2396
f 1117//2397 1226//2397 1227//2397
f 1117//2398 1224//2398 1226//2398
f 1227//2399 1226//2399 1215//2399
f 1117//2400 1227//2400 1228//2400
f 1229//2401 1228//2401 1227//2401
f 1229//2402 1227//2402 1215//2402
f 1230//2403 1229//2403 1232//2403
f 1230//2404 1231//2404 1229//2404
f 1231//2405 1234//2405 1229//2405
f 1232//2406 1229//2406 1233//2406
f 1233//2407 1229//2407 1214//2407
f 1229//2408 1215//2408 1214//2408
f 1229//2409 1234//2409 1235//2409
f 1229//2410 1235//2410 1228//2410
f 1117//2411 1235//2411 1234//2411
f 1117//2412 1228//2412 1235//2412
f 1117//2413 1234//2413 1236//2413
f 1236//2414 1234//2414 1231//2414
f 1117//2415 1236//2415 1237//2415
f 1237//2416 1236//2416 1230//2416
f 1230//2417 1236//2417 1231//2417
f 1117//2418 1237//2418 1238//2418
f 1238//2419 1237//2419 1120//2419
f 1122//2420 1237//2420 1239//2420
f 1122//2421 1121//2421 1237//2421
f 1121//2422 1240//2422 1237//2422
f 1239//2423 1237//2423 1230//2423
f 1120//2424 1237//2424 1240//2424
f 1120//2425 1240//2425 1121//2425
f 1122//2426 1239//2426 1124//2426
f 1124//2427 1239//2427 1230//2427
f 1117//2428 1238//2428 1119//2428
f 1119//2429 1238//2429 1120//2429
f 1124//2430 1233//2430 1125//2430
f 1124//2431 1232//2431 1233//2431
f 1125//2432 1233//2432 1241//2432
f 1233//2433 1214//2433 1241//2433
f 1125//2434 1241//2434 1126//2434
f 1126//2435 1241//2435 1214//2435
f 1124//2436 1230//2436 1232//2436
f 1117//2437 1209//2437 1220//2437
f 1211//2438 1220//2438 1209//2438
f 1214//2439 1216//2439 1127//2439
f 1127//2440 1216//2440 1128//2440
f 1216//2441 1129//2441 1128//2441
f 1126//2442 1214//2442 1127//2442
f 1150//2443 1149//2443 1192//2443
f 1156//2444 1155//2444 1177//2444
f 1118//2445 1162//2445 1117//2445
f 1123//2446 1122//2446 1124//2446
o geometry_9.010
v 0.015258 -0.002122 0.008102
v 0.013059 -0.001316 0.008068
v 0.013759 -0.001734 0.007820
v 0.014567 -0.002039 0.006688
v 0.013144 -0.003139 0.007868
v 0.013971 -0.003023 0.007992
v 0.013603 -0.005778 0.007936
v 0.014144 -0.006201 0.007854
v 0.013864 -0.006952 0.007861
v 0.011867 -0.008236 0.007770
v 0.009188 -0.013958 0.007401
v 0.009374 -0.013844 0.007477
v 0.008620 -0.014577 0.007093
v 0.008351 -0.014815 0.007053
v 0.008575 -0.014783 0.007417
v 0.008176 -0.014939 0.007511
v 0.008195 -0.014906 0.007512
v 0.007659 -0.014731 0.007762
v 0.007078 -0.014330 0.007595
v 0.006974 -0.014005 0.007990
v 0.004302 -0.009700 0.008296
v 0.003628 0.002258 0.008990
v 0.009078 0.002155 0.008692
v 0.009110 0.002053 0.008529
v 0.011745 0.000608 0.008432
v 0.012786 -0.000199 0.008231
v 0.014310 0.000450 0.008057
v 0.013682 -0.000714 0.007733
v 0.014733 -0.000296 0.008151
v 0.013774 -0.000520 0.007018
v 0.012949 -0.000709 0.007928
v 0.012567 -0.001072 0.008620
v 0.013975 -0.000177 0.006758
v 0.010427 0.000390 0.010074
v 0.011649 -0.000610 0.009664
v 0.011801 -0.001165 0.009731
v 0.011260 -0.001198 0.010409
v 0.010825 -0.000253 0.010301
v 0.010443 -0.000517 0.010996
v 0.010631 -0.001265 0.010987
v 0.010057 0.000110 0.010834
v 0.006341 -0.001271 0.014120
v 0.006798 -0.002008 0.014269
v 0.007605 -0.002281 0.013872
v 0.007734 -0.003020 0.013947
v 0.007882 -0.004321 0.013919
v 0.006664 -0.003103 0.014752
v 0.006125 -0.003579 0.015173
v 0.006009 -0.002833 0.015164
v 0.005467 -0.002005 0.015102
v 0.004030 -0.004714 0.017466
v 0.005079 -0.002417 0.015532
v 0.002973 -0.002711 0.017095
v 0.003996 -0.003511 0.017355
v 0.004021 -0.003554 0.017360
v 0.003884 -0.002158 0.017037
v 0.003932 -0.002663 0.017022
v 0.004614 -0.001722 0.015467
v 0.009309 0.000146 0.011208
v 0.005505 -0.001280 0.014562
v 0.003532 -0.001454 0.015787
v 0.003999 -0.001947 0.016640
v 0.003987 -0.002025 0.016676
v 0.003911 -0.001281 0.016065
v 0.003893 -0.001360 0.016105
v 0.003991 -0.000616 0.015378
v 0.003909 -0.000523 0.015194
v 0.004338 -0.000375 0.014057
v 0.003932 -0.000105 0.014680
v 0.003880 -0.000140 0.014673
v 0.003576 0.001488 0.011900
v 0.003073 0.001433 0.011727
v 0.003867 0.001530 0.010935
v 0.009793 0.000378 0.010547
v 0.003712 0.002227 0.010362
v 0.003449 0.001493 0.011841
v 0.003755 0.001828 0.011362
v 0.004063 -0.004816 0.017491
v 0.004077 -0.006124 0.017431
v 0.006897 -0.004460 0.014640
v 0.004135 -0.007457 0.017280
v 0.004110 -0.006169 0.017442
v 0.004147 -0.007554 0.017268
v 0.007832 -0.005591 0.013748
v 0.004162 -0.008575 0.017060
v 0.004120 -0.008683 0.017064
v 0.003116 -0.009809 0.016791
v 0.004131 -0.010524 0.016571
v 0.004329 -0.009908 0.016765
v 0.004704 -0.010309 0.014817
v 0.006225 -0.010531 0.013318
v 0.005625 -0.010690 0.013677
v 0.002819 -0.010403 0.016969
v 0.006572 -0.011704 0.011924
v 0.007351 -0.011336 0.011513
v 0.007927 -0.011872 0.010482
v 0.003680 -0.010936 0.015158
v 0.004267 -0.011589 0.015622
v 0.008189 -0.014287 0.007273
v 0.008219 -0.013029 0.008935
v 0.008880 -0.012770 0.008608
v 0.008557 -0.013488 0.007968
v 0.009032 -0.014080 0.006694
v 0.009110 -0.013207 0.007652
v 0.009027 -0.011975 0.009039
v 0.012896 -0.004801 0.007308
v 0.008906 -0.010356 0.010375
v 0.013205 -0.006429 0.006424
v 0.008726 -0.011247 0.009995
v 0.008179 -0.010858 0.010924
v 0.007607 -0.010508 0.011843
v 0.008439 -0.009695 0.011288
v 0.007757 -0.009790 0.012036
v 0.008871 -0.007453 0.011961
v 0.009030 -0.006528 0.012235
v 0.011865 -0.003601 0.009460
v 0.009100 -0.005476 0.012474
v 0.012651 -0.003548 0.008390
v 0.013023 -0.004028 0.007596
v 0.008994 -0.009669 0.010612
v 0.008488 -0.005532 0.013168
v 0.008300 -0.006991 0.012755
v 0.007653 -0.006527 0.013585
v 0.011973 -0.002328 0.009679
v 0.008515 -0.004238 0.013283
v 0.011316 -0.002458 0.010373
v 0.012644 -0.002253 0.008811
v 0.013133 -0.002197 0.008105
v 0.014057 -0.003506 0.006761
v 0.013846 -0.005074 0.006321
v 0.004767 -0.011083 0.014918
v 0.004524 -0.011097 0.017019
v 0.004827 -0.011357 0.013519
v 0.004822 -0.011279 0.012225
v 0.004767 -0.010776 0.010700
v 0.011364 0.000708 0.008014
v 0.010736 0.000456 0.009251
vn -0.3435 -0.9323 0.1134
vn 0.3044 0.8088 -0.5032
vn -0.2058 -0.0850 0.9749
vn -0.4417 0.8568 0.2660
vn -0.1626 0.1118 0.9803
vn -0.0790 -0.0096 0.9968
vn 0.0850 -0.0836 0.9929
vn -0.5618 0.2023 -0.8021
vn 0.0164 0.0453 -0.9988
vn 0.1150 -0.1174 0.9864
vn -0.4705 0.1902 0.8616
vn 0.6388 -0.2825 -0.7157
vn 0.1474 0.0016 -0.9891
vn -0.7971 0.3961 0.4558
vn -0.3025 0.2101 -0.9297
vn 0.7910 -0.4568 0.4070
vn -0.3475 0.2339 -0.9080
vn 0.2109 -0.1009 -0.9723
vn -0.6733 0.4747 -0.5668
vn -0.0467 0.0419 -0.9980
vn -0.0555 0.0547 -0.9970
vn -0.0533 0.0604 -0.9968
vn -0.5004 -0.7760 0.3840
vn 0.0956 0.2394 -0.9662
vn -0.6144 -0.7889 -0.0135
vn -0.0914 -0.0512 -0.9945
vn -0.3084 -0.0970 0.9463
vn 0.3257 0.1185 -0.9380
vn -0.1315 0.8463 -0.5163
vn -0.7427 0.3753 0.5546
vn 0.2255 -0.9742 0.0021
vn 0.7752 0.2712 0.5705
vn 0.6819 0.2789 0.6762
vn 0.7794 0.2632 0.5686
vn 0.1408 0.8488 0.5096
vn 0.6853 0.2115 0.6969
vn 0.6507 0.6098 0.4524
vn 0.6413 0.5758 0.5071
vn 0.7791 0.2812 0.5604
vn 0.7444 0.2773 0.6074
vn 0.7137 0.3185 0.6239
vn 0.6524 0.5167 0.5545
vn 0.6375 0.5359 0.5536
vn 0.6591 0.1566 0.7356
vn 0.6579 0.1563 0.7367
vn 0.4729 0.4820 0.7376
vn 0.4857 0.4533 0.7474
vn 0.5112 0.4094 0.7557
vn 0.6393 0.1872 0.7458
vn 0.6904 0.0629 0.7206
vn 0.6598 0.1518 0.7359
vn 0.5981 0.0508 0.7998
vn 0.5823 0.1820 0.7923
vn 0.5774 0.1896 0.7941
vn 0.5919 0.0411 0.8049
vn 0.5580 0.0965 0.8242
vn 0.5079 0.3618 0.7818
vn 0.4911 0.3801 0.7838
vn 0.4812 0.3742 0.7927
vn 0.7034 0.1178 0.7010
vn 0.7286 0.0675 0.6816
vn 0.4940 0.4418 0.7489
vn 0.4012 0.7037 0.5864
vn 0.5954 0.4286 0.6796
vn -0.8008 -0.5089 -0.3158
vn -0.9990 -0.0032 0.0448
vn -0.9962 -0.0859 -0.0154
vn 0.0732 -0.2228 -0.9721
vn 0.9955 0.0929 0.0193
vn -0.8968 -0.0717 -0.4367
vn 0.4442 0.7884 0.4256
vn 0.5026 -0.7911 0.3487
vn 0.3639 0.6371 0.6795
vn 0.3725 0.6259 0.6852
vn 0.3000 0.7067 0.6407
vn 0.4733 0.4500 0.7572
vn 0.3589 0.6492 0.6706
vn 0.3189 0.8857 0.3374
vn 0.8753 0.0880 0.4756
vn 0.8511 0.1911 0.4889
vn -0.9592 0.2256 0.1705
vn -0.9783 0.1580 0.1338
vn -0.9848 -0.1681 -0.0446
vn 0.6530 -0.4435 -0.6139
vn 0.9297 -0.3132 -0.1939
vn -0.6146 -0.2365 -0.7525
vn 0.3452 -0.9321 0.1099
vn -0.9305 0.3113 0.1929
vn 0.4399 0.5977 0.6703
vn -0.1330 -0.9066 -0.4004
vn 0.4015 0.8765 0.2655
vn -0.0002 0.9838 0.1795
vn 0.4026 -0.7147 0.5720
vn 0.8358 0.4074 0.3682
vn 0.5595 -0.7545 -0.3432
vn -0.9607 0.2346 0.1487
vn -0.4045 0.7111 -0.5751
vn -0.9242 -0.3648 -0.1129
vn 0.2639 -0.8190 -0.5096
vn 0.2169 0.8846 0.4129
vn 0.2271 0.7455 0.6266
vn -0.1172 0.9931 0.0042
vn 0.5220 0.6083 0.5980
vn 0.2160 0.8611 0.4603
vn 0.2588 -0.8828 -0.3920
vn 0.3196 -0.5865 -0.7442
vn -0.5905 0.7879 0.1745
vn 0.0789 -0.9640 -0.2539
vn 0.3779 -0.8544 -0.3567
vn -0.1251 -0.9236 -0.3624
vn 0.0283 0.9838 0.1768
vn 0.2341 0.6483 0.7245
vn 0.3298 0.8225 0.4634
vn 0.3966 0.7345 0.5507
vn 0.2879 0.8181 0.4978
vn 0.3709 0.6255 0.6865
vn 0.5380 0.3111 0.7835
vn -0.9022 -0.3532 -0.2477
vn 0.5886 0.3679 0.7199
vn -0.9991 -0.0126 0.0406
vn 0.7106 -0.0249 0.7032
vn 0.6872 0.1755 0.7050
vn 0.5621 0.1909 0.8047
vn 0.5880 0.0260 0.8084
vn 0.7286 -0.0713 0.6812
vn 0.4391 0.5036 0.7440
vn -0.6112 -0.5776 -0.5411
vn -0.9992 -0.0241 0.0329
vn 0.6710 -0.0070 0.7414
vn -0.9913 -0.1114 -0.0699
vn 0.7183 -0.1198 0.6853
vn 0.7199 -0.1284 0.6821
vn -0.9991 -0.0219 0.0367
vn 0.7571 -0.2722 0.5939
vn -0.8029 0.3301 0.4963
vn 0.7151 -0.6785 0.1680
vn -0.0271 0.2589 -0.9655
vn -0.9991 -0.0165 0.0385
vn 0.9145 -0.1792 -0.3628
vn -0.8968 0.3667 -0.2476
vn 0.5920 0.7537 0.2855
vn 0.5244 -0.5845 0.6192
vn 0.3837 -0.7735 0.5044
vn 0.5280 -0.5797 0.6206
vn 0.3315 -0.9096 0.2507
vn 0.7208 -0.3150 0.6175
vn 0.5779 -0.5481 0.6047
vn 0.5247 -0.5828 0.6206
vn 0.5779 -0.5461 0.6065
vn 0.1270 -0.9335 0.3352
vn 0.5288 -0.6288 0.5701
vn 0.5716 0.7499 0.3331
vn 0.7702 -0.4050 0.4927
vn 0.4042 -0.7327 0.5475
vn 0.5277 -0.6295 0.5704
vn 0.5194 -0.6870 0.5082
vn 0.5239 -0.6836 0.5082
vn 0.5150 -0.6879 0.5114
vn 0.5195 -0.6844 0.5115
vn 0.7415 -0.5249 0.4178
vn -0.7636 -0.4453 0.4675
vn -0.7206 0.6848 0.1087
vn 0.5848 -0.1527 0.7967
vn -0.6665 0.7169 0.2045
vn 0.6757 -0.5306 0.5117
vn 0.8574 -0.3583 0.3695
vn 0.0471 -0.0025 -0.9989
vn 0.1798 0.3292 -0.9270
vn 0.4140 -0.2503 0.8752
vn 0.7138 -0.2249 0.6633
vn 0.8186 -0.3277 0.4717
vn 0.7608 -0.3781 0.5275
vn -0.5631 0.6592 0.4984
vn 0.7130 -0.4312 0.5529
vn 0.7114 -0.3919 0.5833
vn 0.6898 -0.4265 0.5851
vn 0.6933 -0.4455 0.5665
vn 0.7108 -0.3855 0.5883
vn 0.6861 -0.4273 0.5889
vn 0.7246 -0.3270 0.6067
vn 0.7231 -0.3227 0.6107
vn 0.6944 -0.3174 0.6458
vn 0.6565 -0.4461 0.6082
vn 0.6629 -0.4455 0.6017
vn 0.7062 -0.3165 0.6333
vn 0.7690 -0.2995 0.5648
vn 0.6961 -0.3113 0.6470
vn 0.7283 -0.3219 0.6049
vn 0.7906 -0.2264 0.5690
vn 0.7791 -0.1875 0.5982
vn 0.7435 -0.1945 0.6398
vn 0.7970 -0.2735 0.5385
vn 0.7971 -0.2846 0.5326
vn 0.7931 -0.2869 0.5373
vn 0.6727 -0.2766 0.6863
vn 0.6687 -0.2824 0.6879
vn 0.6700 -0.2894 0.6836
vn 0.6941 -0.3107 0.6493
vn 0.6723 -0.2853 0.6831
vn 0.6544 -0.2498 0.7137
vn 0.6728 -0.2502 0.6962
vn 0.6828 -0.2882 0.6714
vn 0.7501 -0.1048 0.6529
vn 0.7391 -0.0748 0.6695
vn 0.7116 -0.0768 0.6984
vn 0.6640 -0.1246 0.7372
vn 0.7288 -0.0285 0.6841
vn 0.7168 0.0118 0.6972
vn 0.7063 0.0307 0.7072
vn 0.7252 0.0124 0.6884
vn 0.7844 0.0882 0.6140
vn 0.7869 -0.1684 0.5937
vn 0.7765 -0.1698 0.6069
vn 0.7767 0.0866 0.6239
vn 0.7973 0.1167 0.5922
vn 0.8150 0.0929 0.5720
vn 0.8197 -0.1304 0.5577
vn 0.7918 -0.1754 0.5851
vn 0.6952 0.0887 0.7133
vn 0.7024 -0.1657 0.6923
vn 0.7975 -0.2855 0.5315
vn 0.6861 -0.2972 0.6641
vn 0.7967 -0.2740 0.5387
vn -0.6215 0.7136 -0.3233
vn -0.0266 -0.3447 0.9383
vn 0.8137 -0.3148 0.4887
vn 0.0746 -0.9265 0.3687
vn 0.7903 -0.2278 0.5687
vn -0.7211 -0.4310 0.5424
vn -0.8170 0.3084 0.4873
vn 0.5142 -0.5604 0.6493
vn 0.6070 0.6912 0.3922
vn -0.6018 -0.6918 -0.3990
vn -0.9870 0.1335 -0.0898
vn 0.9129 0.1239 0.3889
vn 0.7479 0.4371 -0.4996
vn 0.0889 0.3405 0.9361
vn -0.9850 0.0355 0.1689
vn -0.6159 -0.3633 -0.6991
vn -0.8571 0.1722 -0.4855
vn 0.3599 0.8573 -0.3681
vn 0.6942 0.7095 0.1213
vn -0.7334 0.4263 -0.5295
vn -0.9496 -0.2058 -0.2363
vn -0.0602 -0.2175 -0.9742
vn -0.9951 -0.0955 -0.0237
vn -0.6509 -0.7497 0.1192
vn -0.0982 -0.9021 0.4202
vn -0.9961 -0.0882 -0.0016
vn -0.7931 -0.6082 -0.0337
vn -0.9963 -0.0862 0.0071
vn -0.8657 -0.4837 -0.1287
vn -0.4534 0.6266 -0.6338
vn -0.5966 -0.7723 0.2181
vn -0.9847 -0.0649 0.1616
vn -0.8498 -0.5226 -0.0693
vn 0.4747 0.4485 0.7573
vn 0.6322 0.5747 0.5196
vn 0.7745 0.2969 0.5586
vn 0.4413 0.8347 0.3294
vn -0.0601 -0.9820 -0.1788
vn -0.1226 0.9919 0.0336
vn 0.6037 0.7440 0.2865
vn 0.8400 0.5196 -0.1563
vn 0.3966 0.6816 0.6148
vn -0.0843 -0.8887 0.4507
vn -0.0070 -0.2428 -0.9700
vn -0.5443 -0.7792 0.3108
vn -0.8798 0.4753 -0.0024
vn 0.5281 0.4636 0.7114
s 0
f 1242//2447 1243//2447 1245//2447
f 1242//2448 1244//2448 1243//2448
f 1242//2449 1270//2449 1244//2449
f 1242//2450 1245//2450 1246//2450
f 1242//2451 1246//2451 1247//2451
f 1242//2452 1247//2452 1248//2452
f 1242//2453 1248//2453 1249//2453
f 1242//2454 1249//2454 1250//2454
f 1242//2455 1250//2455 1251//2455
f 1242//2456 1251//2456 1252//2456
f 1242//2457 1252//2457 1253//2457
f 1242//2458 1253//2458 1254//2458
f 1242//2459 1254//2459 1255//2459
f 1242//2460 1255//2460 1256//2460
f 1242//2461 1256//2461 1257//2461
f 1242//2462 1257//2462 1258//2462
f 1242//2463 1258//2463 1259//2463
f 1242//2464 1259//2464 1260//2464
f 1242//2465 1260//2465 1261//2465
f 1242//2466 1261//2466 1262//2466
f 1242//2467 1262//2467 1263//2467
f 1242//2468 1263//2468 1264//2468
f 1242//2469 1264//2469 1265//2469
f 1242//2470 1265//2470 1266//2470
f 1242//2471 1266//2471 1267//2471
f 1242//2472 1267//2472 1268//2472
f 1242//2473 1268//2473 1269//2473
f 1242//2474 1269//2474 1270//2474
f 1270//2475 1269//2475 1272//2475
f 1244//2476 1270//2476 1271//2476
f 1270//2477 1272//2477 1271//2477
f 1243//2478 1272//2478 1273//2478
f 1243//2479 1271//2479 1272//2479
f 1272//2480 1276//2480 1273//2480
f 1272//2481 1269//2481 1274//2481
f 1272//2482 1274//2482 1275//2482
f 1272//2483 1275//2483 1276//2483
f 1275//2484 1279//2484 1276//2484
f 1273//2485 1276//2485 1277//2485
f 1277//2486 1276//2486 1278//2486
f 1276//2487 1280//2487 1278//2487
f 1276//2488 1279//2488 1280//2488
f 1282//2489 1280//2489 1279//2489
f 1278//2490 1280//2490 1281//2490
f 1280//2491 1286//2491 1281//2491
f 1282//2492 1283//2492 1280//2492
f 1280//2493 1283//2493 1284//2493
f 1280//2494 1284//2494 1285//2494
f 1280//2495 1285//2495 1286//2495
f 1278//2496 1286//2496 1287//2496
f 1278//2497 1281//2497 1286//2497
f 1286//2498 1288//2498 1287//2498
f 1286//2499 1285//2499 1288//2499
f 1285//2500 1290//2500 1288//2500
f 1287//2501 1288//2501 1289//2501
f 1288//2502 1290//2502 1289//2502
f 1284//2503 1290//2503 1285//2503
f 1284//2504 1291//2504 1290//2504
f 1291//2505 1293//2505 1290//2505
f 1289//2506 1290//2506 1292//2506
f 1290//2507 1296//2507 1292//2507
f 1290//2508 1293//2508 1294//2508
f 1290//2509 1294//2509 1295//2509
f 1290//2510 1295//2510 1296//2510
f 1263//2511 1296//2511 1295//2511
f 1263//2512 1292//2512 1296//2512
f 1263//2513 1295//2513 1297//2513
f 1297//2514 1295//2514 1294//2514
f 1263//2515 1297//2515 1298//2515
f 1299//2516 1298//2516 1297//2516
f 1299//2517 1297//2517 1291//2517
f 1291//2518 1297//2518 1294//2518
f 1282//2519 1299//2519 1283//2519
f 1282//2520 1300//2520 1299//2520
f 1300//2521 1301//2521 1299//2521
f 1299//2522 1291//2522 1283//2522
f 1299//2523 1301//2523 1302//2523
f 1299//2524 1302//2524 1303//2524
f 1299//2525 1303//2525 1304//2525
f 1299//2526 1304//2526 1298//2526
f 1263//2527 1304//2527 1303//2527
f 1263//2528 1298//2528 1304//2528
f 1263//2529 1303//2529 1305//2529
f 1305//2530 1303//2530 1302//2530
f 1263//2531 1305//2531 1306//2531
f 1300//2532 1306//2532 1305//2532
f 1300//2533 1305//2533 1302//2533
f 1263//2534 1306//2534 1307//2534
f 1300//2535 1307//2535 1306//2535
f 1263//2536 1307//2536 1308//2536
f 1309//2537 1308//2537 1307//2537
f 1300//2538 1309//2538 1307//2538
f 1300//2539 1310//2539 1309//2539
f 1310//2540 1308//2540 1309//2540
f 1263//2541 1310//2541 1311//2541
f 1263//2542 1308//2542 1310//2542
f 1300//2543 1311//2543 1310//2543
f 1263//2544 1311//2544 1312//2544
f 1313//2545 1312//2545 1311//2545
f 1313//2546 1311//2546 1300//2546
f 1264//2547 1313//2547 1315//2547
f 1264//2548 1314//2548 1313//2548
f 1316//2549 1313//2549 1314//2549
f 1315//2550 1313//2550 1300//2550
f 1316//2551 1317//2551 1313//2551
f 1313//2552 1317//2552 1312//2552
f 1263//2553 1317//2553 1318//2553
f 1263//2554 1312//2554 1317//2554
f 1316//2555 1318//2555 1317//2555
f 1264//2556 1318//2556 1316//2556
f 1264//2557 1263//2557 1318//2557
f 1264//2558 1316//2558 1314//2558
f 1275//2559 1315//2559 1282//2559
f 1275//2560 1264//2560 1315//2560
f 1315//2561 1300//2561 1282//2561
f 1300//2562 1302//2562 1301//2562
f 1291//2563 1294//2563 1293//2563
f 1263//2564 1319//2564 1292//2564
f 1289//2565 1292//2565 1319//2565
f 1263//2566 1320//2566 1319//2566
f 1321//2567 1319//2567 1320//2567
f 1289//2568 1319//2568 1321//2568
f 1287//2569 1321//2569 1322//2569
f 1287//2570 1289//2570 1321//2570
f 1321//2571 1323//2571 1322//2571
f 1321//2572 1320//2572 1323//2572
f 1263//2573 1323//2573 1320//2573
f 1263//2574 1322//2574 1323//2574
f 1287//2575 1322//2575 1324//2575
f 1263//2576 1324//2576 1322//2576
f 1287//2577 1324//2577 1325//2577
f 1325//2578 1324//2578 1326//2578
f 1263//2579 1326//2579 1324//2579
f 1325//2580 1326//2580 1327//2580
f 1263//2581 1327//2581 1326//2581
f 1325//2582 1327//2582 1328//2582
f 1328//2583 1327//2583 1329//2583
f 1263//2584 1329//2584 1327//2584
f 1263//2585 1330//2585 1329//2585
f 1331//2586 1329//2586 1330//2586
f 1328//2587 1329//2587 1331//2587
f 1332//2588 1331//2588 1333//2588
f 1332//2589 1328//2589 1331//2589
f 1331//2590 1335//2590 1333//2590
f 1331//2591 1330//2591 1334//2591
f 1331//2592 1334//2592 1335//2592
f 1332//2593 1335//2593 1336//2593
f 1332//2594 1333//2594 1335//2594
f 1335//2595 1337//2595 1336//2595
f 1335//2596 1334//2596 1338//2596
f 1335//2597 1341//2597 1337//2597
f 1335//2598 1338//2598 1339//2598
f 1335//2599 1339//2599 1340//2599
f 1335//2600 1340//2600 1341//2600
f 1342//2601 1337//2601 1341//2601
f 1342//2602 1341//2602 1343//2602
f 1341//2603 1340//2603 1343//2603
f 1342//2604 1343//2604 1344//2604
f 1343//2605 1340//2605 1344//2605
f 1342//2606 1344//2606 1345//2606
f 1345//2607 1344//2607 1253//2607
f 1344//2608 1254//2608 1253//2608
f 1344//2609 1340//2609 1255//2609
f 1344//2610 1255//2610 1254//2610
f 1346//2611 1345//2611 1250//2611
f 1346//2612 1342//2612 1345//2612
f 1345//2613 1251//2613 1250//2613
f 1345//2614 1253//2614 1252//2614
f 1345//2615 1252//2615 1251//2615
f 1347//2616 1346//2616 1349//2616
f 1347//2617 1348//2617 1346//2617
f 1348//2618 1350//2618 1346//2618
f 1346//2619 1250//2619 1349//2619
f 1346//2620 1350//2620 1342//2620
f 1348//2621 1351//2621 1350//2621
f 1351//2622 1337//2622 1350//2622
f 1350//2623 1337//2623 1342//2623
f 1348//2624 1352//2624 1351//2624
f 1352//2625 1337//2625 1351//2625
f 1348//2626 1353//2626 1352//2626
f 1355//2627 1352//2627 1353//2627
f 1332//2628 1352//2628 1354//2628
f 1332//2629 1336//2629 1352//2629
f 1352//2630 1336//2630 1337//2630
f 1354//2631 1352//2631 1355//2631
f 1356//2632 1355//2632 1348//2632
f 1356//2633 1354//2633 1355//2633
f 1348//2634 1355//2634 1353//2634
f 1357//2635 1356//2635 1359//2635
f 1357//2636 1358//2636 1356//2636
f 1358//2637 1362//2637 1356//2637
f 1359//2638 1356//2638 1360//2638
f 1360//2639 1356//2639 1361//2639
f 1356//2640 1348//2640 1361//2640
f 1356//2641 1362//2641 1364//2641
f 1356//2642 1363//2642 1332//2642
f 1356//2643 1364//2643 1363//2643
f 1356//2644 1332//2644 1354//2644
f 1364//2645 1332//2645 1363//2645
f 1362//2646 1325//2646 1364//2646
f 1364//2647 1325//2647 1328//2647
f 1364//2648 1328//2648 1332//2648
f 1365//2649 1362//2649 1358//2649
f 1365//2650 1366//2650 1362//2650
f 1366//2651 1287//2651 1362//2651
f 1362//2652 1287//2652 1325//2652
f 1365//2653 1367//2653 1366//2653
f 1278//2654 1366//2654 1367//2654
f 1278//2655 1287//2655 1366//2655
f 1365//2656 1278//2656 1367//2656
f 1368//2657 1277//2657 1365//2657
f 1368//2658 1365//2658 1357//2658
f 1357//2659 1365//2659 1358//2659
f 1277//2660 1278//2660 1365//2660
f 1243//2661 1277//2661 1368//2661
f 1243//2662 1368//2662 1369//2662
f 1246//2663 1369//2663 1368//2663
f 1246//2664 1368//2664 1357//2664
f 1243//2665 1369//2665 1245//2665
f 1245//2666 1369//2666 1246//2666
f 1360//2667 1361//2667 1348//2667
f 1246//2668 1360//2668 1370//2668
f 1246//2669 1359//2669 1360//2669
f 1247//2670 1370//2670 1360//2670
f 1247//2671 1360//2671 1347//2671
f 1360//2672 1348//2672 1347//2672
f 1246//2673 1370//2673 1247//2673
f 1246//2674 1357//2674 1359//2674
f 1347//2675 1349//2675 1249//2675
f 1349//2676 1250//2676 1249//2676
f 1247//2677 1347//2677 1371//2677
f 1347//2678 1248//2678 1371//2678
f 1347//2679 1249//2679 1248//2679
f 1247//2680 1371//2680 1248//2680
f 1339//2681 1257//2681 1340//2681
f 1340//2682 1256//2682 1255//2682
f 1340//2683 1257//2683 1256//2683
f 1263//2684 1339//2684 1373//2684
f 1263//2685 1372//2685 1339//2685
f 1339//2686 1372//2686 1258//2686
f 1334//2687 1373//2687 1339//2687
f 1334//2688 1339//2688 1338//2688
f 1339//2689 1258//2689 1257//2689
f 1263//2690 1373//2690 1330//2690
f 1330//2691 1373//2691 1334//2691
f 1263//2692 1374//2692 1372//2692
f 1372//2693 1374//2693 1259//2693
f 1372//2694 1259//2694 1258//2694
f 1263//2695 1375//2695 1374//2695
f 1375//2696 1259//2696 1374//2696
f 1263//2697 1376//2697 1375//2697
f 1261//2698 1375//2698 1376//2698
f 1261//2699 1260//2699 1375//2699
f 1260//2700 1259//2700 1375//2700
f 1263//2701 1262//2701 1376//2701
f 1262//2702 1261//2702 1376//2702
f 1283//2703 1291//2703 1284//2703
f 1275//2704 1282//2704 1279//2704
f 1243//2705 1273//2705 1277//2705
f 1274//2706 1377//2706 1275//2706
f 1275//2707 1377//2707 1266//2707
f 1275//2708 1266//2708 1378//2708
f 1275//2709 1378//2709 1265//2709
f 1275//2710 1265//2710 1264//2710
f 1266//2711 1265//2711 1378//2711
f 1274//2712 1268//2712 1377//2712
f 1268//2713 1267//2713 1377//2713
f 1377//2714 1267//2714 1266//2714
f 1269//2715 1268//2715 1274//2715
f 1244//2716 1271//2716 1243//2716
o geometry_9.011
v 0.001990 0.002200 0.009052
v -0.005324 -0.005582 0.008908
v 0.002558 -0.009148 0.008367
v -0.005750 0.001893 0.009346
v -0.005428 0.001135 0.016703
v 0.001882 0.001890 0.011602
v 0.001917 0.001624 0.012143
v 0.001881 0.001647 0.012184
v 0.002068 -0.000013 0.014872
v 0.002037 -0.000014 0.014940
v 0.002043 -0.000313 0.015409
v 0.002333 -0.000106 0.016582
v 0.002094 -0.001161 0.016432
v 0.002078 -0.001191 0.016508
v 0.002087 -0.001772 0.017058
v 0.002085 -0.001873 0.017133
v 0.002106 -0.002496 0.017560
v 0.002116 -0.002586 0.017598
v 0.002136 -0.003338 0.017919
v 0.002161 -0.003586 0.017952
v 0.002192 -0.004718 0.018108
v 0.002193 -0.004890 0.018136
v 0.002233 -0.006219 0.018114
v 0.002237 -0.006315 0.018108
v 0.002297 -0.007458 0.017978
v 0.002773 -0.008315 0.018740
v 0.002328 -0.008752 0.017725
v 0.002373 -0.009145 0.017580
v 0.002476 -0.009885 0.017127
v 0.002414 -0.010468 0.016743
v 0.002429 -0.010601 0.016535
v 0.002971 -0.011872 0.016527
v 0.002806 -0.012020 0.015339
v 0.002746 -0.010827 0.013707
v 0.002730 -0.010629 0.012504
v 0.002617 -0.010111 0.011077
v -0.001344 -0.009052 0.017562
v 0.001701 -0.010201 0.016110
v 0.000907 -0.009973 0.016941
v 0.001626 -0.010254 0.016845
v 0.001336 -0.010239 0.017307
v -0.000526 -0.009561 0.018349
v -0.001405 -0.009179 0.018519
v -0.001477 -0.009138 0.019315
v -0.004543 -0.007636 0.021642
v -0.001070 -0.009025 0.019997
v -0.000671 -0.009248 0.019499
v -0.004596 -0.007383 0.022950
v -0.004781 -0.008082 0.024214
v -0.005023 -0.006382 0.024038
v 0.000229 -0.009498 0.020763
v -0.006180 -0.007534 0.023535
v -0.000779 -0.010439 0.019945
v -0.004601 -0.006850 0.023088
v -0.002344 -0.008315 0.021136
v -0.000631 -0.009111 0.019745
v -0.002274 -0.007702 0.021325
v -0.004240 -0.006791 0.022741
v -0.001755 -0.007965 0.020889
v -0.003303 -0.006704 0.022138
v -0.000500 -0.007928 0.020047
v 0.000052 -0.009088 0.019306
v 0.001242 -0.009135 0.018416
v 0.000180 -0.007904 0.019508
v -0.002361 -0.006747 0.021458
v -0.005093 -0.005549 0.024192
v 0.001694 -0.004274 0.018287
v -0.005087 -0.005549 0.024186
v -0.005070 -0.004763 0.023901
v -0.005201 -0.004789 0.023850
v -0.005078 -0.003910 0.023385
v -0.005093 -0.003469 0.023012
v 0.001751 -0.002002 0.017133
v -0.005078 -0.003263 0.022850
v -0.005113 -0.003227 0.022789
v -0.005118 -0.002500 0.022120
v -0.005142 -0.002134 0.021655
v 0.003336 -0.000605 0.015505
v -0.005175 -0.002060 0.021527
v -0.002437 -0.000858 0.017718
v 0.001543 -0.000772 0.015824
v -0.005231 -0.000772 0.019716
v 0.001094 -0.000376 0.015426
v -0.005189 -0.001274 0.020484
v 0.001792 -0.009391 0.017948
v 0.001825 -0.008659 0.018037
v 0.003487 -0.007632 0.017547
v 0.002541 -0.009268 0.017350
v 0.001022 -0.009696 0.018339
v 0.002360 -0.010339 0.016804
v 0.002885 -0.009773 0.016816
v 0.003762 -0.010535 0.016656
v 0.001886 -0.010250 0.017074
v -0.004547 -0.007538 0.020275
v -0.002066 -0.008769 0.018639
v 0.004095 -0.010976 0.015162
vn -0.0401 0.0562 -0.9976
vn -0.0421 0.0581 -0.9974
vn 0.9987 0.0503 -0.0039
vn -0.0355 0.9940 0.1039
vn -0.0186 0.9926 0.1201
vn 0.9576 0.2783 0.0745
vn -0.6495 -0.7446 -0.1542
vn 0.9704 0.2299 0.0743
vn -0.5843 -0.7611 -0.2815
vn 0.9998 0.0186 -0.0011
vn -0.9114 0.3801 0.1580
vn 0.9728 -0.2052 -0.1072
vn -0.2499 -0.8825 -0.3984
vn 0.9999 0.0066 -0.0089
vn 0.9988 -0.0388 -0.0314
vn 0.9993 0.0376 0.0071
vn 0.9894 0.1322 0.0595
vn 0.9996 0.0282 0.0011
vn 0.9934 0.1042 0.0487
vn 0.9996 0.0269 -0.0017
vn 0.9998 0.0035 -0.0196
vn 0.9995 0.0304 0.0014
vn 0.9992 0.0394 0.0098
vn 0.9985 0.0501 0.0198
vn 0.0472 0.6788 0.7328
vn 0.9251 -0.2178 -0.3112
vn 0.9939 0.0858 0.0696
vn 0.9927 0.0918 0.0776
vn 0.9933 -0.0338 -0.1104
vn 0.9977 0.0564 0.0379
vn 0.7858 0.3320 0.5218
vn 0.9906 -0.0037 -0.1371
vn 0.9982 0.0604 0.0070
vn 0.9984 0.0567 -0.0033
vn 0.9971 0.0402 -0.0645
vn -0.4162 -0.8646 -0.2814
vn -0.4104 -0.8621 -0.2974
vn -0.6845 -0.7207 -0.1096
vn -0.4871 -0.8647 -0.1227
vn -0.3478 -0.9375 0.0123
vn -0.7040 -0.6993 -0.1236
vn -0.4087 -0.9012 -0.1444
vn -0.3742 -0.9213 -0.1059
vn -0.4601 0.8299 -0.3156
vn -0.4542 -0.8533 -0.2562
vn -0.3746 -0.9205 -0.1114
vn -0.3963 -0.9181 0.0111
vn -0.4192 -0.8928 -0.1649
vn -0.2538 -0.9528 0.1667
vn -0.4360 -0.8999 0.0065
vn -0.3291 -0.9295 0.1665
vn -0.1877 -0.9481 0.2568
vn -0.2039 -0.9386 0.2783
vn -0.1903 -0.9436 0.2709
vn -0.4246 -0.7644 -0.4852
vn -0.9898 -0.1418 -0.0127
vn -0.6539 -0.6173 -0.4374
vn -0.9890 -0.1443 -0.0323
vn 0.4254 -0.0329 -0.9044
vn -0.3097 -0.9489 -0.0604
vn 0.3264 0.9411 0.0879
vn -0.0879 0.7055 -0.7032
vn 0.3887 -0.3370 0.8575
vn 0.4582 -0.6995 0.5484
vn 0.6889 0.1056 0.7172
vn -0.3250 -0.8975 0.2981
vn 0.6421 0.0441 0.7654
vn 0.5109 -0.3053 0.8036
vn 0.5945 -0.2973 0.7471
vn 0.3848 0.9212 -0.0585
vn 0.5447 -0.1158 0.8306
vn 0.5281 -0.2822 0.8009
vn 0.5451 -0.2484 0.8007
vn 0.5774 -0.0683 0.8136
vn 0.5447 -0.2516 0.8000
vn 0.5781 -0.2256 0.7842
vn 0.6169 -0.1530 0.7720
vn 0.5833 -0.0499 0.8107
vn 0.6194 -0.1117 0.7771
vn 0.5758 0.0038 0.8176
vn 0.5952 -0.0223 0.8033
vn 0.6648 -0.1524 0.7313
vn 0.4908 -0.5034 0.7111
vn 0.5169 0.2150 0.8286
vn -0.6641 0.2069 -0.7185
vn 0.6578 -0.0146 0.7530
vn 0.4074 0.1613 0.8989
vn 0.4480 0.1462 0.8820
vn 0.4396 0.1343 0.8881
vn -0.9966 0.0463 0.0678
vn 0.3175 0.8533 0.4137
vn 0.5898 0.2636 0.7633
vn 0.5551 0.3393 0.7595
vn 0.3309 -0.8523 -0.4052
vn -0.2303 0.9693 0.0859
vn 0.5446 0.3748 0.7503
vn -0.9698 0.2057 0.1315
vn 0.5695 0.3204 0.7570
vn 0.4628 0.5113 0.7241
vn -0.9987 0.0077 0.0510
vn 0.4521 0.5858 0.6726
vn -0.5748 0.7070 -0.4121
vn 0.4697 0.5254 0.7094
vn 0.5623 0.3506 0.7490
vn -0.2915 0.6551 0.6970
vn 0.4925 0.5147 0.7018
vn -0.3640 -0.8760 -0.3164
vn -0.9815 0.1575 0.1090
vn 0.1396 0.8839 0.4463
vn -0.9962 0.0550 0.0682
vn 0.4099 0.6190 0.6699
vn -0.9988 -0.0051 0.0477
vn 0.3108 0.7548 0.5776
vn 0.1627 0.8738 0.4583
vn 0.1356 0.9122 0.3866
vn 0.6279 -0.2479 0.7377
vn -0.6291 0.2911 -0.7207
vn -0.2301 -0.9471 0.2238
vn -0.7547 -0.6337 -0.1700
vn 0.2307 0.8680 0.4398
vn 0.1761 0.8945 0.4108
vn -0.6618 0.0446 -0.7484
vn 0.3262 0.6201 0.7135
vn -0.3071 0.8006 0.5145
vn 0.2903 0.7428 0.6033
vn 0.3679 0.7964 0.4799
vn 0.3766 0.7845 0.4926
vn -0.5366 0.4020 -0.7419
vn 0.4326 0.7227 0.5391
vn -0.9988 -0.0114 0.0471
vn -0.9942 0.0791 0.0726
vn 0.2895 0.7790 0.5563
vn -0.0180 0.8502 0.5261
vn -0.4302 0.8855 -0.1754
vn -0.9984 -0.0407 0.0396
vn -0.9964 -0.0844 0.0018
vn 0.8523 -0.0247 0.5224
vn 0.5038 -0.4872 0.7133
vn 0.5769 -0.2043 0.7909
vn 0.6300 -0.1216 0.7670
vn 0.4874 -0.4248 0.7629
vn 0.3374 0.6695 0.6618
vn 0.5931 -0.0606 0.8029
vn 0.5745 -0.0230 0.8182
vn -0.4679 0.8582 0.2108
vn -0.3260 -0.7233 -0.6087
vn 0.6315 -0.1216 0.7658
vn 0.4227 -0.4129 0.8067
vn 0.0588 -0.9258 0.3733
vn -0.6066 0.4244 -0.6723
vn -0.7567 0.1509 -0.6361
vn 0.5323 -0.3654 0.7636
vn 0.5390 -0.4431 0.7163
vn 0.6034 -0.3524 0.7154
vn 0.5839 -0.1875 0.7899
vn 0.6966 -0.1974 0.6898
vn -0.7543 -0.0022 -0.6565
vn 0.5538 -0.4502 0.7005
vn 0.6556 0.0409 0.7540
vn -0.6235 0.1370 -0.7698
vn 0.5027 -0.4092 0.7615
vn -0.6106 0.4812 -0.6289
vn 0.3239 -0.5710 0.7543
vn -0.0131 -0.6587 0.7523
vn -0.0836 0.1446 -0.9860
vn -0.3909 -0.8207 -0.4167
vn 0.9097 0.3888 -0.1457
vn -0.8528 -0.4660 0.2356
vn 0.3080 -0.5795 0.7545
vn 0.0792 -0.9692 0.2333
vn -0.4557 0.8097 -0.3698
vn -0.8619 0.5040 0.0569
vn 0.5244 -0.2866 0.8017
vn -0.3694 -0.9258 0.0803
vn -0.3906 -0.9154 0.0975
vn -0.9909 -0.1343 -0.0067
vn -0.4762 -0.8772 -0.0619
vn -0.5401 -0.8312 -0.1319
vn -0.5007 -0.8582 -0.1134
vn -0.5375 -0.8380 -0.0945
vn -0.9965 -0.0603 0.0577
vn -0.4508 -0.8806 -0.1458
vn -0.4090 -0.9008 -0.1458
vn -0.1968 -0.9770 0.0825
vn -0.4698 0.4509 -0.7590
vn -0.4909 0.6946 0.5259
vn -0.4748 0.5215 -0.7089
vn 0.2025 0.8842 0.4209
s 0
f 1379//2717 1380//2717 1382//2717
f 1379//2718 1381//2718 1380//2718
f 1379//2719 1414//2719 1381//2719
f 1379//2720 1382//2720 1383//2720
f 1379//2721 1383//2721 1384//2721
f 1379//2722 1384//2722 1385//2722
f 1379//2723 1385//2723 1386//2723
f 1379//2724 1386//2724 1387//2724
f 1379//2725 1387//2725 1388//2725
f 1379//2726 1388//2726 1389//2726
f 1379//2727 1389//2727 1390//2727
f 1379//2728 1390//2728 1391//2728
f 1379//2729 1391//2729 1392//2729
f 1379//2730 1392//2730 1393//2730
f 1379//2731 1393//2731 1394//2731
f 1379//2732 1394//2732 1395//2732
f 1379//2733 1395//2733 1396//2733
f 1379//2734 1396//2734 1397//2734
f 1379//2735 1397//2735 1398//2735
f 1379//2736 1398//2736 1399//2736
f 1379//2737 1399//2737 1400//2737
f 1379//2738 1400//2738 1401//2738
f 1379//2739 1401//2739 1402//2739
f 1379//2740 1402//2740 1403//2740
f 1379//2741 1403//2741 1404//2741
f 1379//2742 1404//2742 1405//2742
f 1379//2743 1405//2743 1406//2743
f 1379//2744 1406//2744 1407//2744
f 1379//2745 1407//2745 1408//2745
f 1379//2746 1408//2746 1409//2746
f 1379//2747 1409//2747 1410//2747
f 1379//2748 1410//2748 1411//2748
f 1379//2749 1411//2749 1412//2749
f 1379//2750 1412//2750 1413//2750
f 1379//2751 1413//2751 1414//2751
f 1380//2752 1414//2752 1413//2752
f 1381//2753 1414//2753 1380//2753
f 1413//2754 1412//2754 1416//2754
f 1380//2755 1413//2755 1415//2755
f 1413//2756 1416//2756 1415//2756
f 1412//2757 1418//2757 1416//2757
f 1415//2758 1416//2758 1417//2758
f 1416//2759 1418//2759 1417//2759
f 1412//2760 1419//2760 1418//2760
f 1420//2761 1418//2761 1419//2761
f 1417//2762 1418//2762 1420//2762
f 1421//2763 1420//2763 1422//2763
f 1421//2764 1417//2764 1420//2764
f 1420//2765 1419//2765 1422//2765
f 1421//2766 1422//2766 1423//2766
f 1422//2767 1426//2767 1423//2767
f 1422//2768 1419//2768 1425//2768
f 1422//2769 1424//2769 1426//2769
f 1422//2770 1425//2770 1424//2770
f 1382//2771 1426//2771 1427//2771
f 1382//2772 1423//2772 1426//2772
f 1424//2773 1427//2773 1426//2773
f 1382//2774 1427//2774 1428//2774
f 1427//2775 1430//2775 1428//2775
f 1424//2776 1429//2776 1427//2776
f 1429//2777 1430//2777 1427//2777
f 1429//2778 1431//2778 1430//2778
f 1431//2779 1432//2779 1430//2779
f 1430//2780 1432//2780 1428//2780
f 1431//2781 1433//2781 1432//2781
f 1428//2782 1432//2782 1433//2782
f 1431//2783 1434//2783 1433//2783
f 1434//2784 1435//2784 1433//2784
f 1428//2785 1433//2785 1435//2785
f 1428//2786 1435//2786 1436//2786
f 1435//2787 1438//2787 1436//2787
f 1434//2788 1437//2788 1435//2788
f 1435//2789 1437//2789 1439//2789
f 1435//2790 1439//2790 1438//2790
f 1440//2791 1439//2791 1437//2791
f 1440//2792 1441//2792 1439//2792
f 1442//2793 1439//2793 1441//2793
f 1439//2794 1443//2794 1438//2794
f 1442//2795 1401//2795 1439//2795
f 1439//2796 1401//2796 1400//2796
f 1439//2797 1400//2797 1443//2797
f 1444//2798 1443//2798 1445//2798
f 1444//2799 1438//2799 1443//2799
f 1443//2800 1400//2800 1445//2800
f 1444//2801 1445//2801 1446//2801
f 1446//2802 1445//2802 1397//2802
f 1445//2803 1398//2803 1397//2803
f 1445//2804 1400//2804 1399//2804
f 1445//2805 1399//2805 1398//2805
f 1382//2806 1446//2806 1447//2806
f 1382//2807 1444//2807 1446//2807
f 1446//2808 1396//2808 1447//2808
f 1446//2809 1397//2809 1396//2809
f 1382//2810 1447//2810 1448//2810
f 1448//2811 1447//2811 1395//2811
f 1395//2812 1447//2812 1396//2812
f 1382//2813 1448//2813 1449//2813
f 1449//2814 1448//2814 1394//2814
f 1394//2815 1448//2815 1395//2815
f 1382//2816 1449//2816 1450//2816
f 1451//2817 1450//2817 1449//2817
f 1451//2818 1449//2818 1393//2818
f 1393//2819 1449//2819 1394//2819
f 1392//2820 1452//2820 1451//2820
f 1392//2821 1451//2821 1393//2821
f 1452//2822 1450//2822 1451//2822
f 1382//2823 1452//2823 1453//2823
f 1382//2824 1450//2824 1452//2824
f 1453//2825 1452//2825 1392//2825
f 1382//2826 1453//2826 1454//2826
f 1454//2827 1453//2827 1392//2827
f 1382//2828 1454//2828 1455//2828
f 1455//2829 1454//2829 1389//2829
f 1454//2830 1456//2830 1389//2830
f 1454//2831 1392//2831 1391//2831
f 1454//2832 1391//2832 1390//2832
f 1454//2833 1390//2833 1456//2833
f 1389//2834 1456//2834 1390//2834
f 1382//2835 1455//2835 1457//2835
f 1458//2836 1457//2836 1455//2836
f 1458//2837 1455//2837 1459//2837
f 1455//2838 1389//2838 1459//2838
f 1458//2839 1459//2839 1388//2839
f 1459//2840 1389//2840 1388//2840
f 1383//2841 1458//2841 1461//2841
f 1383//2842 1460//2842 1458//2842
f 1460//2843 1462//2843 1458//2843
f 1458//2844 1388//2844 1461//2844
f 1458//2845 1462//2845 1457//2845
f 1382//2846 1462//2846 1460//2846
f 1382//2847 1457//2847 1462//2847
f 1383//2848 1461//2848 1386//2848
f 1461//2849 1387//2849 1386//2849
f 1461//2850 1388//2850 1387//2850
f 1382//2851 1460//2851 1383//2851
f 1382//2852 1428//2852 1444//2852
f 1428//2853 1436//2853 1444//2853
f 1436//2854 1438//2854 1444//2854
f 1463//2855 1442//2855 1441//2855
f 1463//2856 1464//2856 1442//2856
f 1464//2857 1465//2857 1442//2857
f 1442//2858 1465//2858 1403//2858
f 1442//2859 1403//2859 1402//2859
f 1442//2860 1402//2860 1401//2860
f 1464//2861 1404//2861 1465//2861
f 1404//2862 1403//2862 1465//2862
f 1463//2863 1466//2863 1464//2863
f 1466//2864 1405//2864 1464//2864
f 1464//2865 1405//2865 1404//2865
f 1463//2866 1406//2866 1466//2866
f 1406//2867 1405//2867 1466//2867
f 1467//2868 1463//2868 1440//2868
f 1467//2869 1407//2869 1463//2869
f 1407//2870 1406//2870 1463//2870
f 1463//2871 1441//2871 1440//2871
f 1468//2872 1467//2872 1431//2872
f 1468//2873 1408//2873 1467//2873
f 1408//2874 1469//2874 1467//2874
f 1467//2875 1434//2875 1431//2875
f 1467//2876 1469//2876 1407//2876
f 1467//2877 1440//2877 1434//2877
f 1408//2878 1407//2878 1469//2878
f 1411//2879 1468//2879 1471//2879
f 1411//2880 1470//2880 1468//2880
f 1410//2881 1468//2881 1470//2881
f 1468//2882 1431//2882 1471//2882
f 1410//2883 1409//2883 1468//2883
f 1468//2884 1409//2884 1408//2884
f 1411//2885 1471//2885 1419//2885
f 1419//2886 1471//2886 1429//2886
f 1471//2887 1431//2887 1429//2887
f 1411//2888 1410//2888 1470//2888
f 1440//2889 1437//2889 1434//2889
f 1419//2890 1429//2890 1425//2890
f 1425//2891 1429//2891 1424//2891
f 1382//2892 1472//2892 1423//2892
f 1473//2893 1423//2893 1472//2893
f 1421//2894 1423//2894 1473//2894
f 1380//2895 1473//2895 1472//2895
f 1380//2896 1421//2896 1473//2896
f 1382//2897 1380//2897 1472//2897
f 1380//2898 1415//2898 1421//2898
f 1415//2899 1417//2899 1421//2899
f 1412//2900 1474//2900 1419//2900
f 1411//2901 1419//2901 1474//2901
f 1412//2902 1411//2902 1474//2902
f 1383//2903 1386//2903 1385//2903
f 1384//2904 1383//2904 1385//2904
o geometry_9.012
v -0.005190 -0.000982 0.029947
v -0.004086 -0.000199 0.031327
v -0.004139 0.000698 0.030631
v -0.004013 -0.001001 0.029950
v -0.002949 -0.000703 0.029805
v -0.003024 0.000848 0.029985
v -0.002134 0.001451 0.029821
v -0.001448 0.002227 0.029713
v -0.000988 0.002762 0.029652
v -0.000622 0.003501 0.029544
v -0.000638 0.004780 0.029578
v -0.000248 0.008959 0.030259
v -0.001786 0.009187 0.030170
v -0.001753 0.009608 0.029961
v -0.002182 0.010141 0.030018
v -0.002098 0.011629 0.030586
v -0.002310 0.011805 0.030620
v -0.003637 0.011398 0.030201
v -0.004657 0.011763 0.030623
v -0.005057 0.011921 0.030868
v -0.005251 0.012296 0.030378
v -0.006302 0.012591 0.030436
v -0.007003 0.012645 0.030502
v -0.007525 0.012636 0.030541
v -0.008243 0.012494 0.030620
v -0.008760 0.012339 0.030659
v -0.009205 0.012142 0.030706
v -0.009580 0.011951 0.030718
v -0.009954 0.011711 0.030713
v -0.013490 0.009198 0.031099
v -0.014550 0.008549 0.030803
v -0.014625 0.008450 0.030824
v -0.014995 0.008054 0.030843
v -0.015037 0.007942 0.030962
v -0.016896 0.006813 0.031022
v -0.016566 0.007336 0.031909
v -0.015436 0.006433 0.031098
v -0.015840 0.004621 0.030650
v -0.011084 0.000380 0.030226
v -0.010423 0.000037 0.030244
v -0.009142 0.000483 0.030289
v -0.008192 0.000691 0.030239
v -0.008424 0.000228 0.030050
v -0.006872 0.000229 0.030115
v -0.007268 -0.000404 0.030039
v -0.005935 -0.000595 0.029726
v -0.005144 -0.000392 0.031368
v -0.002743 0.002312 0.028100
v -0.001487 0.002627 0.027992
v -0.004127 0.002330 0.028176
v -0.005594 0.002460 0.028254
v -0.006990 0.002593 0.028353
v -0.007242 0.002664 0.028371
v -0.008347 0.003302 0.028373
v -0.008633 0.003349 0.028459
v -0.012059 0.006391 0.028832
v -0.012941 0.007229 0.028946
v -0.013114 0.007531 0.028957
v -0.013503 0.009691 0.028343
v -0.013134 0.008498 0.027909
v -0.012593 0.009573 0.028885
v -0.011940 0.010279 0.028893
v -0.011282 0.010755 0.028708
v -0.011205 0.011007 0.028919
v -0.010302 0.011611 0.028829
v -0.010264 0.011638 0.028829
v -0.009581 0.012101 0.028818
v -0.008696 0.012588 0.028807
v -0.008688 0.012603 0.028820
v -0.007370 0.013176 0.028763
v -0.007019 0.014542 0.028810
v -0.006979 0.014010 0.027585
v -0.006281 0.013398 0.028382
v -0.006027 0.013448 0.028546
v -0.004927 0.013455 0.028370
v -0.004032 0.014718 0.028360
v -0.003641 0.013135 0.028387
v -0.003733 0.013164 0.028385
v -0.003651 0.013163 0.028440
v -0.002589 0.012520 0.028200
v -0.002402 0.012422 0.028248
v -0.001814 0.011980 0.028207
v -0.001181 0.011457 0.028157
v -0.001112 0.011394 0.028148
v -0.000374 0.010691 0.028050
v 0.000119 0.010097 0.027972
v 0.000163 0.010048 0.027978
v 0.000702 0.009113 0.027850
v 0.001041 0.008258 0.027777
v 0.002206 0.008485 0.027745
v 0.002663 0.007623 0.027433
v 0.002488 0.006009 0.027413
v 0.001200 0.005441 0.027686
v 0.001151 0.004889 0.027233
v 0.000633 0.004399 0.027776
v 0.000566 0.003685 0.027444
v 0.000042 0.003707 0.027860
v -0.000534 0.003187 0.027908
v -0.003015 -0.000099 0.031239
v -0.002208 0.001733 0.030059
v -0.000982 0.003128 0.028159
v -0.001649 0.002306 0.029851
v -0.001129 0.002975 0.029669
v 0.000120 0.004512 0.027965
v -0.000109 0.004321 0.028685
v 0.001591 0.006344 0.026520
v -0.000037 0.004924 0.028545
v -0.000553 0.004779 0.029290
v -0.001529 0.008511 0.031175
v 0.001491 0.008389 0.026515
v -0.001918 0.009187 0.030317
v -0.002966 0.010517 0.031275
v -0.003287 0.011852 0.028817
v -0.003072 0.012677 0.027670
v -0.004230 0.012104 0.029481
v -0.004639 0.011631 0.030911
v -0.005022 0.012153 0.030086
v -0.004663 0.013872 0.027243
v -0.005092 0.012955 0.028561
v -0.006292 0.012513 0.030226
v -0.007420 0.012484 0.030463
v -0.006139 0.012958 0.029007
v -0.005424 0.013327 0.028006
v -0.006106 0.013205 0.028194
v -0.006869 0.013172 0.028146
v -0.007342 0.012887 0.028808
v -0.008570 0.012159 0.030711
v -0.009490 0.011705 0.030824
v -0.008510 0.012321 0.029229
v -0.009484 0.011799 0.029270
v -0.010151 0.011323 0.029304
v -0.003780 0.012426 0.028426
v -0.013399 0.008769 0.030020
v -0.013104 0.008830 0.029164
v -0.014496 0.007674 0.030663
v -0.014802 0.007731 0.031444
v -0.015303 0.007194 0.031727
v -0.014523 0.007245 0.030735
v -0.013285 0.008450 0.029201
v -0.013279 0.007533 0.029207
v -0.013937 0.007346 0.030013
v -0.014566 0.006751 0.030755
v -0.015328 0.004976 0.032118
v -0.015027 0.006260 0.031570
v -0.014348 0.006102 0.031002
v -0.013298 0.007120 0.029307
v -0.013425 0.005713 0.030533
v -0.012662 0.006961 0.028986
v -0.010671 0.000659 0.031794
v -0.008765 0.003236 0.028806
v -0.007930 0.003120 0.028388
v -0.009431 0.000812 0.031412
v -0.006768 -0.000396 0.031526
v -0.008058 -0.000343 0.031852
vn 0.0148 0.8644 -0.5026
vn 0.8200 -0.3201 -0.4745
vn 0.8247 -0.5567 0.0998
vn 0.0043 0.4260 0.9047
vn 0.0767 -0.1118 0.9908
vn -0.5391 0.6495 -0.5362
vn -0.2178 0.3212 0.9216
vn -0.1276 0.2193 0.9673
vn -0.1039 0.1934 0.9756
vn 0.1116 -0.0245 0.9935
vn 0.3047 -0.1808 0.9351
vn -0.0583 -0.0024 0.9983
vn -0.8604 0.2787 0.4267
vn 0.0922 -0.0313 0.9952
vn 0.8454 -0.2317 0.4812
vn 0.0984 -0.0744 0.9924
vn -0.3061 0.0189 0.9518
vn 0.3615 -0.0645 0.9301
vn 0.5016 -0.0667 0.8625
vn -0.9334 -0.0159 0.3584
vn 0.0462 -0.0322 0.9984
vn 0.0909 -0.0285 0.9955
vn 0.0753 -0.0306 0.9967
vn 0.1146 -0.0237 0.9931
vn 0.0830 -0.0310 0.9961
vn 0.1155 -0.0221 0.9931
vn 0.0523 -0.0417 0.9978
vn 0.0203 -0.0526 0.9984
vn 0.1192 -0.0152 0.9928
vn -0.1352 -0.2196 0.9662
vn 0.1701 0.0788 0.9823
vn 0.0720 -0.0207 0.9972
vn 0.5354 0.5145 0.6698
vn 0.0606 -0.0466 0.9971
vn 0.4176 0.7060 -0.5721
vn -0.5757 -0.8113 0.1017
vn -0.0558 -0.2281 0.9720
vn 0.0325 -0.0633 0.9975
vn 0.1035 0.2507 0.9625
vn -0.0233 0.1675 -0.9856
vn -0.0651 0.0575 -0.9962
vn -0.0960 -0.3360 0.9369
vn 0.0410 0.1929 -0.9804
vn 0.0097 -0.1241 0.9922
vn -0.2449 -0.7901 -0.5619
vn 0.5117 0.7874 -0.3439
vn -0.8359 0.5161 -0.1870
vn -0.0458 -0.7528 -0.6566
vn -0.5514 -0.5316 -0.6429
vn 0.1549 -0.8100 -0.5656
vn -0.0830 -0.0088 -0.9965
vn -0.0550 -0.0201 -0.9983
vn -0.0308 0.3718 -0.9278
vn -0.0567 0.0430 -0.9975
vn -0.0688 -0.1164 -0.9908
vn 0.1760 0.9832 0.0482
vn -0.0489 0.0673 -0.9965
vn -0.0355 0.0975 -0.9946
vn -0.0893 -0.0138 -0.9959
vn -0.2294 -0.3040 -0.9246
vn -0.2536 -0.3988 0.8813
vn 0.3333 0.5360 -0.7756
vn -0.0422 0.0505 -0.9978
vn -0.1869 -0.1187 -0.9752
vn 0.4367 0.4957 -0.7507
vn -0.0980 -0.0016 -0.9952
vn -0.0401 0.0457 -0.9981
vn -0.0450 0.0417 -0.9981
vn -0.0377 0.0468 -0.9982
vn 0.5265 0.3581 -0.7711
vn -0.0585 0.0360 -0.9976
vn -0.0391 0.0443 -0.9983
vn -0.9357 -0.3337 0.1146
vn 0.8178 0.2738 -0.5062
vn 0.5082 0.1836 -0.8414
vn -0.1581 -0.0070 -0.9874
vn -0.0356 0.0173 -0.9992
vn 0.2549 0.0467 -0.9658
vn -0.0306 -0.0290 0.9991
vn 0.5604 0.0727 -0.8250
vn -0.2128 0.0128 -0.9770
vn 0.2520 0.0057 -0.9677
vn -0.0571 0.0166 -0.9982
vn -0.0646 0.0173 -0.9978
vn -0.1097 0.0250 -0.9936
vn -0.1087 0.0248 -0.9938
vn -0.1220 0.0286 -0.9921
vn 0.0761 -0.0443 -0.9961
vn -0.1576 0.0436 -0.9865
vn -0.1347 0.0319 -0.9904
vn -0.0191 -0.0422 -0.9989
vn -0.2954 0.1829 -0.9377
vn -0.1500 0.0285 -0.9883
vn 0.3148 -0.2767 0.9079
vn -0.5188 0.5696 -0.6375
vn 0.4839 -0.8273 -0.2853
vn -0.3417 0.4225 -0.8395
vn 0.4103 -0.7238 0.5548
vn -0.0892 0.0069 -0.9960
vn 0.6709 -0.7413 0.0209
vn 0.4194 -0.7826 -0.4600
vn -0.8733 0.4335 -0.2226
vn 0.8405 -0.3025 0.4496
vn 0.0337 -0.1141 0.9929
vn -0.4701 0.4945 -0.7311
vn -0.3668 0.8469 0.3850
vn -0.6436 0.3883 -0.6595
vn 0.7016 -0.7093 -0.0681
vn 0.1508 -0.9112 -0.3833
vn -0.7411 0.4383 -0.5086
vn 0.7847 -0.5179 0.3406
vn 0.7814 -0.3220 0.5345
vn -0.1758 0.0181 -0.9843
vn -0.1275 -0.0030 -0.9918
vn 0.3951 0.5192 0.7579
vn -0.5934 -0.3313 -0.7336
vn 0.3957 0.4610 0.7943
vn 0.9003 -0.3962 0.1804
vn 0.6105 -0.5343 0.5847
vn 0.6529 -0.7574 0.0055
vn 0.8960 -0.4242 0.1313
vn 0.8484 0.0227 0.5289
vn 0.2184 -0.7789 -0.5879
vn -0.2490 0.7973 0.5498
vn 0.7559 0.0621 0.6518
vn 0.8248 -0.1842 0.5346
vn 0.8139 0.0705 0.5767
vn 0.9592 0.0040 0.2827
vn 0.9537 0.1077 0.2809
vn 0.8098 -0.0815 0.5810
vn 0.8389 0.0426 0.5427
vn 0.0420 -0.9977 0.0533
vn -0.6132 0.1824 -0.7686
vn -0.1300 -0.8064 -0.5769
vn -0.1927 0.9570 -0.2170
vn 0.7795 0.2592 0.5702
vn 0.4288 0.7936 0.4316
vn -0.1384 -0.9826 -0.1239
vn 0.6610 0.2865 0.6935
vn -0.7181 -0.2626 -0.6445
vn 0.6401 0.3335 0.6922
vn -0.8626 -0.0408 0.5042
vn -0.6915 0.0659 0.7194
vn -0.2241 -0.4344 0.8724
vn -0.5051 0.5503 -0.6648
vn -0.1208 0.8550 -0.5044
vn 0.0187 -0.7699 -0.6379
vn -0.2969 0.8752 -0.3821
vn 0.5335 0.5550 0.6383
vn 0.6086 0.4162 0.6756
vn 0.6079 0.4185 0.6748
vn 0.6204 0.5783 0.5298
vn 0.7325 -0.3746 0.5685
vn -0.7826 0.2603 -0.5655
vn -0.3651 -0.2680 -0.8916
vn 0.6113 0.5898 0.5276
vn 0.4009 -0.5698 -0.7174
vn 0.4524 0.8072 0.3791
vn 0.1149 0.8793 0.4622
vn 0.5687 0.6389 0.5180
vn 0.4561 0.8050 0.3794
vn 0.1790 0.7823 0.5966
vn 0.5546 0.6227 0.5520
vn 0.4867 0.7785 0.3964
vn 0.3446 0.8575 0.3819
vn -0.4408 -0.8262 -0.3509
vn -0.5144 -0.7915 -0.3301
vn 0.6601 0.7344 0.1575
vn 0.4950 0.7734 0.3960
vn 0.5734 0.3930 0.7189
vn -0.2334 0.9032 0.3602
vn 0.2345 0.9328 -0.2738
vn -0.2258 -0.7525 -0.6187
vn 0.0333 0.8532 0.5204
vn -0.3707 0.8147 0.4460
vn 0.2899 0.8522 0.4355
vn 0.2654 0.8670 0.4218
vn 0.2386 0.9139 -0.3285
vn 0.0396 0.9374 -0.3460
vn 0.0492 0.9362 0.3481
vn -0.1751 0.6333 -0.7538
vn -0.0057 0.9395 0.3424
vn -0.0230 0.8242 0.5659
vn 0.6764 -0.7185 0.1623
vn 0.6020 -0.4317 -0.6718
vn -0.0933 0.9539 0.2852
vn 0.1965 -0.9778 0.0728
vn -0.0582 0.9607 0.2713
vn -0.0258 0.9570 0.2889
vn -0.0001 -0.8227 0.5685
vn 0.0934 -0.8288 0.5517
vn -0.2631 0.9401 0.2165
vn 0.5866 0.5023 0.6353
vn -0.4752 0.4460 0.7585
vn -0.4810 0.6967 0.5323
vn 0.8564 -0.1679 0.4883
vn -0.2209 0.9500 0.2209
vn 0.9750 -0.1906 0.1146
vn -0.4333 0.8976 0.0809
vn 0.0146 -0.2690 -0.9630
vn 0.0145 -0.2648 -0.9642
vn -0.8273 0.5610 0.0282
vn -0.0949 -0.3689 -0.9246
vn -0.4707 0.8808 0.0514
vn -0.3564 0.7111 0.6061
vn -0.8847 0.1033 0.4545
vn -0.4685 0.1503 -0.8706
vn -0.2886 0.7258 0.6244
vn -0.5734 0.7878 -0.2248
vn -0.5287 0.8474 0.0492
vn -0.4599 0.6862 0.5636
vn -0.4586 0.6900 0.5599
vn -0.3915 0.7239 0.5681
vn -0.2958 0.7726 0.5618
vn -0.4753 0.6774 0.5615
vn -0.5289 0.8479 0.0351
vn 0.2058 -0.4251 -0.8815
vn 0.2171 -0.3192 -0.9225
vn 0.1482 -0.3460 -0.9265
vn -0.1718 0.3469 -0.9220
vn -0.1715 0.3506 -0.9207
vn -0.0749 0.4112 -0.9085
vn -0.7890 -0.1851 0.5858
vn -0.0654 -0.9385 -0.3391
vn 0.2557 0.7742 0.5790
vn -0.0213 0.9586 0.2839
vn 0.9241 -0.1668 0.3439
vn 0.1905 -0.0509 0.9804
vn -0.5584 -0.7711 0.3061
vn -0.5436 0.8309 0.1191
vn -0.6794 0.5804 -0.4489
vn -0.4182 0.7672 0.4864
vn -0.5702 0.0674 -0.8187
vn -0.7797 0.5833 -0.2276
vn -0.4458 0.8906 -0.0906
vn -0.5630 0.4948 -0.6620
vn -0.5764 0.2760 -0.7692
vn -0.7264 0.6686 -0.1592
vn -0.7911 0.5044 -0.3460
vn 0.0327 -0.9096 -0.4143
vn -0.8386 0.5314 -0.1202
vn -0.6723 0.6165 0.4098
vn -0.3726 -0.6081 -0.7010
vn -0.3577 0.9109 -0.2055
vn 0.4276 -0.7326 -0.5296
vn -0.1685 -0.8440 -0.5092
vn 0.3624 -0.8556 0.3696
vn -0.7835 -0.0542 -0.6190
vn -0.7521 -0.0624 -0.6561
vn 0.5697 -0.8210 0.0361
vn -0.9707 -0.0045 0.2402
vn -0.7739 -0.0084 -0.6333
vn -0.7762 -0.0049 -0.6304
vn 0.9599 0.2526 0.1215
vn -0.7788 0.0429 -0.6258
vn -0.7791 0.0437 -0.6254
vn -0.4058 -0.4408 -0.8006
vn -0.8681 -0.0087 -0.4962
vn -0.5310 -0.5586 -0.6372
vn -0.6105 -0.4525 -0.6500
vn -0.7291 -0.1305 -0.6719
vn 0.0490 0.9227 -0.3825
vn -0.7864 0.0440 -0.6161
vn -0.4903 -0.4368 -0.7542
vn -0.5427 -0.5235 -0.6569
vn -0.5507 -0.5196 -0.6533
vn -0.4764 -0.5928 -0.6494
vn -0.6201 -0.3294 -0.7120
vn -0.8306 -0.0959 -0.5485
vn -0.6187 -0.7318 0.2857
vn -0.6904 -0.7229 -0.0286
vn -0.5132 -0.4604 -0.7243
vn -0.4654 -0.4447 -0.7653
vn -0.5322 -0.3158 -0.7855
vn -0.5432 -0.7160 -0.4386
vn -0.4387 -0.5230 -0.7308
vn -0.3194 -0.8590 -0.4002
vn -0.3208 -0.4526 -0.8320
vn -0.9301 0.2100 -0.3014
vn -0.1010 -0.7661 -0.6347
vn -0.1479 -0.2588 0.9545
vn -0.3016 -0.7431 -0.5974
vn -0.2988 0.8923 -0.3384
vn -0.2311 0.8895 -0.3941
vn 0.4494 0.8516 -0.2699
vn 0.6385 0.7110 -0.2947
vn 0.5987 -0.4292 -0.6763
vn 0.5403 0.8249 -0.1662
vn 0.5967 0.7072 -0.3793
vn 0.9452 -0.1372 -0.2963
vn -0.7988 -0.2930 -0.5255
vn -0.2078 -0.5378 -0.8170
vn -0.1173 -0.7268 -0.6767
vn 0.9165 -0.2572 -0.3065
vn -0.7266 0.3866 0.5679
vn -0.6445 -0.4774 -0.5973
vn 0.6730 -0.6547 -0.3441
vn -0.8771 0.4734 -0.0812
vn 0.1258 -0.7373 -0.6637
vn -0.0134 0.9524 0.3045
vn -0.0140 0.9932 -0.1160
vn 0.1300 0.9903 -0.0490
vn -0.0621 -0.7495 -0.6590
vn -0.1008 -0.7312 -0.6746
s 0
f 1475//2905 1476//2905 1478//2905
f 1475//2906 1477//2906 1476//2906
f 1475//2907 1522//2907 1477//2907
f 1475//2908 1478//2908 1479//2908
f 1475//2909 1479//2909 1480//2909
f 1475//2910 1480//2910 1481//2910
f 1475//2911 1481//2911 1482//2911
f 1475//2912 1482//2912 1483//2912
f 1475//2913 1483//2913 1484//2913
f 1475//2914 1484//2914 1485//2914
f 1475//2915 1485//2915 1486//2915
f 1475//2916 1486//2916 1487//2916
f 1475//2917 1487//2917 1488//2917
f 1475//2918 1488//2918 1489//2918
f 1475//2919 1489//2919 1490//2919
f 1475//2920 1490//2920 1491//2920
f 1475//2921 1491//2921 1492//2921
f 1475//2922 1492//2922 1493//2922
f 1475//2923 1493//2923 1494//2923
f 1475//2924 1494//2924 1495//2924
f 1475//2925 1495//2925 1496//2925
f 1475//2926 1496//2926 1497//2926
f 1475//2927 1497//2927 1498//2927
f 1475//2928 1498//2928 1499//2928
f 1475//2929 1499//2929 1500//2929
f 1475//2930 1500//2930 1501//2930
f 1475//2931 1501//2931 1502//2931
f 1475//2932 1502//2932 1503//2932
f 1475//2933 1503//2933 1504//2933
f 1475//2934 1504//2934 1505//2934
f 1475//2935 1505//2935 1506//2935
f 1475//2936 1506//2936 1507//2936
f 1475//2937 1507//2937 1508//2937
f 1475//2938 1508//2938 1509//2938
f 1475//2939 1509//2939 1510//2939
f 1475//2940 1510//2940 1511//2940
f 1475//2941 1511//2941 1512//2941
f 1475//2942 1512//2942 1513//2942
f 1475//2943 1513//2943 1514//2943
f 1475//2944 1514//2944 1515//2944
f 1475//2945 1515//2945 1516//2945
f 1475//2946 1516//2946 1517//2946
f 1475//2947 1517//2947 1518//2947
f 1475//2948 1518//2948 1519//2948
f 1475//2949 1519//2949 1520//2949
f 1475//2950 1520//2950 1521//2950
f 1475//2951 1521//2951 1522//2951
f 1521//2952 1524//2952 1522//2952
f 1477//2953 1522//2953 1476//2953
f 1476//2954 1522//2954 1523//2954
f 1522//2955 1572//2955 1523//2955
f 1522//2956 1524//2956 1525//2956
f 1522//2957 1525//2957 1526//2957
f 1522//2958 1526//2958 1527//2958
f 1522//2959 1527//2959 1528//2959
f 1522//2960 1528//2960 1529//2960
f 1522//2961 1529//2961 1530//2961
f 1522//2962 1530//2962 1531//2962
f 1522//2963 1531//2963 1532//2963
f 1522//2964 1532//2964 1533//2964
f 1522//2965 1533//2965 1534//2965
f 1522//2966 1534//2966 1535//2966
f 1522//2967 1535//2967 1536//2967
f 1522//2968 1536//2968 1537//2968
f 1522//2969 1537//2969 1538//2969
f 1522//2970 1538//2970 1539//2970
f 1522//2971 1539//2971 1540//2971
f 1522//2972 1540//2972 1541//2972
f 1522//2973 1541//2973 1542//2973
f 1522//2974 1542//2974 1543//2974
f 1522//2975 1543//2975 1544//2975
f 1522//2976 1544//2976 1545//2976
f 1522//2977 1545//2977 1546//2977
f 1522//2978 1546//2978 1547//2978
f 1522//2979 1547//2979 1548//2979
f 1522//2980 1548//2980 1549//2980
f 1522//2981 1549//2981 1550//2981
f 1522//2982 1550//2982 1551//2982
f 1522//2983 1551//2983 1552//2983
f 1522//2984 1552//2984 1553//2984
f 1522//2985 1553//2985 1554//2985
f 1522//2986 1554//2986 1555//2986
f 1522//2987 1555//2987 1556//2987
f 1522//2988 1556//2988 1557//2988
f 1522//2989 1557//2989 1558//2989
f 1522//2990 1558//2990 1559//2990
f 1522//2991 1559//2991 1560//2991
f 1522//2992 1560//2992 1561//2992
f 1522//2993 1561//2993 1562//2993
f 1522//2994 1562//2994 1563//2994
f 1522//2995 1563//2995 1564//2995
f 1522//2996 1564//2996 1565//2996
f 1522//2997 1565//2997 1566//2997
f 1522//2998 1566//2998 1567//2998
f 1522//2999 1567//2999 1568//2999
f 1522//3000 1568//3000 1569//3000
f 1522//3001 1569//3001 1570//3001
f 1522//3002 1570//3002 1571//3002
f 1522//3003 1571//3003 1572//3003
f 1572//3004 1571//3004 1574//3004
f 1523//3005 1572//3005 1573//3005
f 1573//3006 1572//3006 1479//3006
f 1479//3007 1572//3007 1574//3007
f 1479//3008 1574//3008 1480//3008
f 1574//3009 1481//3009 1480//3009
f 1574//3010 1571//3010 1575//3010
f 1574//3011 1576//3011 1481//3011
f 1574//3012 1575//3012 1576//3012
f 1575//3013 1570//3013 1576//3013
f 1481//3014 1576//3014 1577//3014
f 1576//3015 1569//3015 1577//3015
f 1576//3016 1570//3016 1569//3016
f 1481//3017 1577//3017 1482//3017
f 1577//3018 1483//3018 1482//3018
f 1577//3019 1569//3019 1578//3019
f 1577//3020 1578//3020 1483//3020
f 1569//3021 1568//3021 1578//3021
f 1483//3022 1578//3022 1579//3022
f 1578//3023 1568//3023 1567//3023
f 1578//3024 1567//3024 1579//3024
f 1483//3025 1579//3025 1484//3025
f 1579//3026 1581//3026 1484//3026
f 1579//3027 1567//3027 1566//3027
f 1579//3028 1566//3028 1580//3028
f 1579//3029 1580//3029 1581//3029
f 1580//3030 1582//3030 1581//3030
f 1484//3031 1581//3031 1582//3031
f 1484//3032 1582//3032 1485//3032
f 1582//3033 1583//3033 1485//3033
f 1580//3034 1583//3034 1582//3034
f 1580//3035 1584//3035 1583//3035
f 1564//3036 1583//3036 1584//3036
f 1485//3037 1583//3037 1486//3037
f 1583//3038 1585//3038 1486//3038
f 1564//3039 1563//3039 1583//3039
f 1583//3040 1563//3040 1562//3040
f 1583//3041 1562//3041 1585//3041
f 1486//3042 1585//3042 1487//3042
f 1585//3043 1562//3043 1561//3043
f 1585//3044 1488//3044 1487//3044
f 1585//3045 1561//3045 1488//3045
f 1580//3046 1564//3046 1584//3046
f 1566//3047 1565//3047 1580//3047
f 1580//3048 1565//3048 1564//3048
f 1571//3049 1570//3049 1575//3049
f 1476//3050 1573//3050 1478//3050
f 1476//3051 1523//3051 1573//3051
f 1478//3052 1573//3052 1479//3052
f 1488//3053 1561//3053 1560//3053
f 1489//3054 1560//3054 1559//3054
f 1488//3055 1560//3055 1489//3055
f 1559//3056 1558//3056 1586//3056
f 1489//3057 1559//3057 1586//3057
f 1489//3058 1586//3058 1490//3058
f 1586//3059 1491//3059 1490//3059
f 1586//3060 1558//3060 1557//3060
f 1586//3061 1492//3061 1491//3061
f 1586//3062 1587//3062 1492//3062
f 1586//3063 1556//3063 1587//3063
f 1586//3064 1557//3064 1556//3064
f 1587//3065 1590//3065 1492//3065
f 1587//3066 1556//3066 1588//3066
f 1587//3067 1588//3067 1589//3067
f 1587//3068 1589//3068 1590//3068
f 1589//3069 1591//3069 1590//3069
f 1492//3070 1590//3070 1493//3070
f 1590//3071 1494//3071 1493//3071
f 1590//3072 1591//3072 1495//3072
f 1590//3073 1495//3073 1494//3073
f 1589//3074 1553//3074 1591//3074
f 1591//3075 1553//3075 1552//3075
f 1591//3076 1594//3076 1495//3076
f 1591//3077 1552//3077 1551//3077
f 1591//3078 1551//3078 1592//3078
f 1591//3079 1592//3079 1593//3079
f 1591//3080 1593//3080 1594//3080
f 1593//3081 1597//3081 1594//3081
f 1495//3082 1594//3082 1496//3082
f 1594//3083 1497//3083 1496//3083
f 1595//3084 1594//3084 1596//3084
f 1595//3085 1497//3085 1594//3085
f 1594//3086 1597//3086 1596//3086
f 1592//3087 1597//3087 1593//3087
f 1592//3088 1550//3088 1597//3088
f 1550//3089 1549//3089 1597//3089
f 1596//3090 1597//3090 1598//3090
f 1598//3091 1597//3091 1549//3091
f 1595//3092 1598//3092 1599//3092
f 1595//3093 1596//3093 1598//3093
f 1598//3094 1548//3094 1599//3094
f 1598//3095 1549//3095 1548//3095
f 1595//3096 1599//3096 1600//3096
f 1600//3097 1599//3097 1546//3097
f 1599//3098 1547//3098 1546//3098
f 1599//3099 1548//3099 1547//3099
f 1601//3100 1600//3100 1545//3100
f 1601//3101 1595//3101 1600//3101
f 1600//3102 1546//3102 1545//3102
f 1602//3103 1601//3103 1603//3103
f 1602//3104 1501//3104 1601//3104
f 1501//3105 1500//3105 1601//3105
f 1601//3106 1545//3106 1603//3106
f 1601//3107 1500//3107 1595//3107
f 1602//3108 1603//3108 1604//3108
f 1604//3109 1603//3109 1542//3109
f 1603//3110 1543//3110 1542//3110
f 1603//3111 1545//3111 1544//3111
f 1603//3112 1544//3112 1543//3112
f 1505//3113 1604//3113 1605//3113
f 1505//3114 1602//3114 1604//3114
f 1604//3115 1540//3115 1605//3115
f 1604//3116 1541//3116 1540//3116
f 1604//3117 1542//3117 1541//3117
f 1505//3118 1605//3118 1539//3118
f 1605//3119 1540//3119 1539//3119
f 1505//3120 1504//3120 1602//3120
f 1504//3121 1503//3121 1602//3121
f 1602//3122 1503//3122 1502//3122
f 1602//3123 1502//3123 1501//3123
f 1500//3124 1499//3124 1595//3124
f 1595//3125 1499//3125 1498//3125
f 1595//3126 1498//3126 1497//3126
f 1551//3127 1550//3127 1592//3127
f 1588//3128 1555//3128 1589//3128
f 1589//3129 1555//3129 1554//3129
f 1589//3130 1554//3130 1606//3130
f 1589//3131 1606//3131 1553//3131
f 1554//3132 1553//3132 1606//3132
f 1556//3133 1555//3133 1588//3133
f 1505//3134 1539//3134 1538//3134
f 1537//3135 1505//3135 1538//3135
f 1536//3136 1607//3136 1537//3136
f 1607//3137 1505//3137 1537//3137
f 1608//3138 1607//3138 1536//3138
f 1608//3139 1507//3139 1607//3139
f 1507//3140 1506//3140 1607//3140
f 1607//3141 1506//3141 1505//3141
f 1609//3142 1608//3142 1534//3142
f 1609//3143 1610//3143 1608//3143
f 1508//3144 1608//3144 1610//3144
f 1534//3145 1608//3145 1535//3145
f 1608//3146 1536//3146 1535//3146
f 1508//3147 1507//3147 1608//3147
f 1509//3148 1610//3148 1609//3148
f 1509//3149 1508//3149 1610//3149
f 1510//3150 1609//3150 1611//3150
f 1510//3151 1509//3151 1609//3151
f 1611//3152 1609//3152 1612//3152
f 1612//3153 1609//3153 1613//3153
f 1613//3154 1609//3154 1534//3154
f 1614//3155 1613//3155 1533//3155
f 1614//3156 1615//3156 1613//3156
f 1615//3157 1612//3157 1613//3157
f 1533//3158 1613//3158 1534//3158
f 1616//3159 1612//3159 1615//3159
f 1616//3160 1615//3160 1614//3160
f 1617//3161 1616//3161 1619//3161
f 1617//3162 1618//3162 1616//3162
f 1618//3163 1510//3163 1616//3163
f 1620//3164 1619//3164 1616//3164
f 1620//3165 1616//3165 1614//3165
f 1616//3166 1510//3166 1611//3166
f 1616//3167 1611//3167 1612//3167
f 1529//3168 1620//3168 1622//3168
f 1529//3169 1621//3169 1620//3169
f 1621//3170 1619//3170 1620//3170
f 1620//3171 1531//3171 1622//3171
f 1620//3172 1532//3172 1531//3172
f 1620//3173 1614//3173 1532//3173
f 1529//3174 1622//3174 1530//3174
f 1622//3175 1531//3175 1530//3175
f 1623//3176 1621//3176 1624//3176
f 1623//3177 1617//3177 1621//3177
f 1617//3178 1619//3178 1621//3178
f 1624//3179 1621//3179 1529//3179
f 1625//3180 1623//3180 1624//3180
f 1625//3181 1624//3181 1529//3181
f 1515//3182 1625//3182 1527//3182
f 1515//3183 1626//3183 1625//3183
f 1626//3184 1623//3184 1625//3184
f 1527//3185 1625//3185 1528//3185
f 1625//3186 1529//3186 1528//3186
f 1515//3187 1514//3187 1626//3187
f 1514//3188 1623//3188 1626//3188
f 1514//3189 1513//3189 1623//3189
f 1513//3190 1617//3190 1623//3190
f 1617//3191 1511//3191 1618//3191
f 1511//3192 1510//3192 1618//3192
f 1513//3193 1512//3193 1617//3193
f 1512//3194 1511//3194 1617//3194
f 1532//3195 1614//3195 1533//3195
f 1526//3196 1515//3196 1527//3196
f 1627//3197 1526//3197 1525//3197
f 1519//3198 1526//3198 1627//3198
f 1519//3199 1518//3199 1526//3199
f 1518//3200 1628//3200 1526//3200
f 1526//3201 1628//3201 1517//3201
f 1526//3202 1517//3202 1516//3202
f 1526//3203 1516//3203 1515//3203
f 1518//3204 1517//3204 1628//3204
f 1520//3205 1627//3205 1521//3205
f 1520//3206 1519//3206 1627//3206
f 1521//3207 1627//3207 1524//3207
f 1627//3208 1525//3208 1524//3208
o geometry_9.013
v -0.010127 -0.006764 0.027220
v -0.011814 -0.004581 0.029087
v -0.010196 -0.005937 0.025979
v -0.011248 -0.005302 0.027389
v -0.012465 -0.004947 0.027465
v -0.013646 -0.004414 0.027468
v -0.019739 -0.001537 0.028124
v -0.019706 -0.000987 0.028331
v -0.020607 0.001635 0.027680
v -0.020102 0.002397 0.027712
v -0.019232 0.002997 0.028302
v -0.019545 0.002522 0.027263
v -0.017792 0.002822 0.028252
v -0.018225 0.002603 0.027314
v -0.017083 0.001138 0.027826
v -0.016425 0.000781 0.027980
v -0.008953 -0.003164 0.027167
v -0.009219 -0.004702 0.027039
v -0.007346 -0.005529 0.026767
v -0.008734 -0.006602 0.027017
v -0.010321 -0.004940 0.026728
v -0.008648 -0.005354 0.025748
v -0.009423 -0.004976 0.026295
v -0.012244 -0.005642 0.028171
v -0.011662 -0.004344 0.027626
v -0.009556 -0.004565 0.026336
v -0.012376 -0.003780 0.028024
v -0.012146 -0.004300 0.027834
v -0.017958 -0.000677 0.029369
v -0.009873 -0.004139 0.026270
v -0.011023 -0.004080 0.027016
v -0.013193 -0.003268 0.028111
v -0.017195 -0.000112 0.028767
v -0.018075 0.000107 0.029039
v -0.017376 0.001193 0.027273
v -0.018167 0.000654 0.028465
v -0.018936 0.000767 0.028762
v -0.018238 0.001173 0.027747
v -0.019814 0.000290 0.030047
v -0.019890 0.000778 0.028974
v -0.019382 0.001021 0.028373
v -0.021071 0.001435 0.029640
v -0.019267 -0.001151 0.030666
v -0.020110 0.001926 0.030260
v -0.019745 0.001352 0.028788
v -0.020846 0.002322 0.027042
v -0.019687 -0.001243 0.029499
v -0.019751 -0.002130 0.030536
v -0.019786 0.000062 0.030218
v -0.019787 0.000195 0.030161
v -0.019627 -0.000082 0.030365
v -0.013136 -0.004692 0.028017
v -0.012777 -0.003977 0.028106
v -0.019786 -0.001018 0.028472
v -0.013398 -0.004275 0.027035
v -0.012382 -0.004358 0.027583
vn -0.7937 -0.6083 -0.0063
vn 0.8578 0.4486 0.2509
vn -0.0161 0.8315 0.5552
vn 0.0363 -0.0877 0.9955
vn -0.1322 -0.2978 0.9454
vn 0.1907 0.1839 0.9643
vn 0.1000 0.3455 -0.9331
vn -0.3005 -0.3259 -0.8964
vn -0.0068 0.0463 -0.9989
vn 0.3165 0.3911 -0.8642
vn -0.6175 -0.6285 0.4730
vn 0.3956 0.4051 -0.8242
vn -0.6738 -0.5871 0.4486
vn 0.7455 0.6428 0.1762
vn 0.4207 0.4316 -0.7979
vn -0.0989 0.0177 -0.9949
vn -0.5302 0.1607 -0.8325
vn -0.1523 -0.0193 -0.9881
vn -0.1375 -0.0531 -0.9891
vn -0.4015 0.6666 0.6280
vn -0.6399 -0.5112 0.5738
vn 0.5109 0.5955 0.6200
vn -0.2973 -0.9290 0.2205
vn 0.3827 -0.4115 0.8272
vn 0.5314 0.1136 0.8395
vn -0.3918 -0.5056 -0.7687
vn 0.5272 0.0865 0.8453
vn -0.2626 -0.1779 0.9484
vn -0.4023 -0.9154 0.0141
vn -0.2931 -0.9550 -0.0458
vn 0.5266 0.0700 0.8472
vn 0.0471 -0.3249 0.9446
vn 0.3754 -0.1673 0.9116
vn 0.4017 0.3570 0.8434
vn 0.3586 0.8719 0.3334
vn -0.4741 0.4348 -0.7656
vn 0.5059 0.7285 0.4619
vn 0.1098 0.3337 -0.9362
vn 0.5155 0.5107 0.6881
vn 0.3610 0.4072 0.8390
vn 0.3640 0.7023 0.6117
vn -0.0837 -0.6306 0.7716
vn 0.3278 0.4498 0.8308
vn -0.1737 0.7313 0.6596
vn 0.3859 0.7175 0.5799
vn 0.2811 0.7909 0.5435
vn 0.3430 0.7065 0.6190
vn 0.3211 0.7825 0.5335
vn 0.4622 0.2536 0.8498
vn 0.7764 0.1767 0.6049
vn 0.3933 0.7409 0.5444
vn 0.1001 0.9082 0.4063
vn 0.1101 0.8851 0.4522
vn 0.8161 -0.5181 -0.2560
vn -0.4360 0.4382 0.7861
vn 0.5900 0.5207 0.6171
vn 0.6096 0.4064 0.6806
vn -0.4913 0.4829 0.7248
vn 0.5298 0.0333 -0.8475
vn 0.0938 0.4232 0.9012
vn 0.5875 0.7515 0.3001
vn 0.4938 -0.8660 -0.0790
vn -0.9521 -0.2778 -0.1275
vn -0.9302 0.1989 -0.3084
vn 0.8009 -0.5980 0.0322
vn -0.7000 0.3382 0.6290
vn -0.6623 0.3948 0.6367
vn -0.6835 0.3550 0.6379
vn 0.6366 -0.3944 -0.6627
vn 0.6599 -0.2651 -0.7030
vn -0.6443 0.7449 0.1732
vn -0.8741 0.3944 0.2837
vn 0.4749 -0.1190 -0.8720
vn -0.9453 -0.2856 0.1578
vn -0.1187 -0.3885 -0.9138
vn -0.9133 -0.3929 -0.1074
vn 0.5055 0.3394 0.7932
vn 0.5176 0.3966 0.7582
vn 0.3866 0.7546 0.5303
vn 0.5347 0.8156 0.2212
vn -0.6259 0.1023 0.7732
vn 0.5242 0.5747 0.6285
vn -0.2039 -0.5785 0.7898
vn 0.3591 0.7724 -0.5239
vn 0.2383 -0.1528 0.9591
vn 0.9982 -0.0594 0.0110
vn 0.5550 0.4030 -0.7277
vn 0.0855 0.2368 0.9678
vn -0.3922 -0.9038 -0.1713
vn -0.2668 -0.8774 0.3987
vn -0.9984 0.0501 0.0271
vn 0.9890 0.1327 -0.0659
vn -0.4751 -0.8680 -0.1443
vn 0.4795 0.7175 0.5052
vn -0.2906 -0.8650 0.4091
vn -0.4783 -0.1068 0.8717
vn 0.3646 0.8054 0.4674
vn -0.6233 -0.7727 0.1203
vn -0.6075 -0.7863 0.1123
vn 0.0034 -0.1969 0.9804
vn -0.1760 -0.5579 0.8111
vn -0.5013 -0.8461 0.1810
vn -0.7909 -0.4874 0.3700
vn 0.5227 0.3457 0.7793
vn -0.7340 0.0710 0.6754
vn 0.4009 0.1954 0.8950
vn 0.6383 -0.4101 0.6515
vn -0.4922 0.6744 -0.5504
s 0
f 1629//3209 1630//3209 1632//3209
f 1629//3210 1631//3210 1630//3210
f 1629//3211 1648//3211 1631//3211
f 1629//3212 1632//3212 1633//3212
f 1629//3213 1633//3213 1634//3213
f 1629//3214 1634//3214 1635//3214
f 1629//3215 1635//3215 1636//3215
f 1629//3216 1636//3216 1637//3216
f 1629//3217 1637//3217 1638//3217
f 1629//3218 1638//3218 1639//3218
f 1629//3219 1639//3219 1640//3219
f 1629//3220 1640//3220 1641//3220
f 1629//3221 1641//3221 1642//3221
f 1629//3222 1642//3222 1643//3222
f 1629//3223 1643//3223 1644//3223
f 1629//3224 1644//3224 1645//3224
f 1629//3225 1645//3225 1646//3225
f 1629//3226 1646//3226 1647//3226
f 1629//3227 1647//3227 1648//3227
f 1648//3228 1647//3228 1650//3228
f 1631//3229 1648//3229 1649//3229
f 1648//3230 1650//3230 1649//3230
f 1647//3231 1651//3231 1650//3231
f 1649//3232 1650//3232 1651//3232
f 1652//3233 1651//3233 1653//3233
f 1652//3234 1649//3234 1651//3234
f 1651//3235 1654//3235 1653//3235
f 1647//3236 1654//3236 1651//3236
f 1647//3237 1646//3237 1654//3237
f 1646//3238 1655//3238 1654//3238
f 1653//3239 1654//3239 1655//3239
f 1656//3240 1655//3240 1657//3240
f 1656//3241 1653//3241 1655//3241
f 1655//3242 1661//3242 1657//3242
f 1646//3243 1658//3243 1655//3243
f 1655//3244 1658//3244 1659//3244
f 1655//3245 1659//3245 1660//3245
f 1655//3246 1660//3246 1661//3246
f 1658//3247 1661//3247 1660//3247
f 1657//3248 1661//3248 1662//3248
f 1661//3249 1664//3249 1662//3249
f 1645//3250 1661//3250 1658//3250
f 1645//3251 1644//3251 1661//3251
f 1661//3252 1644//3252 1663//3252
f 1661//3253 1663//3253 1664//3253
f 1663//3254 1666//3254 1664//3254
f 1662//3255 1664//3255 1665//3255
f 1664//3256 1666//3256 1665//3256
f 1663//3257 1642//3257 1666//3257
f 1665//3258 1666//3258 1642//3258
f 1662//3259 1665//3259 1667//3259
f 1667//3260 1665//3260 1668//3260
f 1665//3261 1669//3261 1668//3261
f 1665//3262 1642//3262 1641//3262
f 1665//3263 1641//3263 1669//3263
f 1670//3264 1669//3264 1640//3264
f 1670//3265 1668//3265 1669//3265
f 1669//3266 1641//3266 1640//3266
f 1671//3267 1670//3267 1672//3267
f 1671//3268 1667//3268 1670//3268
f 1667//3269 1668//3269 1670//3269
f 1670//3270 1640//3270 1672//3270
f 1671//3271 1672//3271 1673//3271
f 1672//3272 1639//3272 1673//3272
f 1672//3273 1640//3273 1639//3273
f 1671//3274 1673//3274 1674//3274
f 1673//3275 1639//3275 1674//3275
f 1671//3276 1674//3276 1637//3276
f 1674//3277 1638//3277 1637//3277
f 1674//3278 1639//3278 1638//3278
f 1675//3279 1671//3279 1636//3279
f 1675//3280 1676//3280 1671//3280
f 1677//3281 1671//3281 1676//3281
f 1671//3282 1637//3282 1636//3282
f 1677//3283 1678//3283 1671//3283
f 1678//3284 1667//3284 1671//3284
f 1677//3285 1657//3285 1678//3285
f 1657//3286 1662//3286 1678//3286
f 1678//3287 1662//3287 1667//3287
f 1679//3288 1656//3288 1677//3288
f 1679//3289 1677//3289 1676//3289
f 1656//3290 1657//3290 1677//3290
f 1630//3291 1679//3291 1675//3291
f 1630//3292 1680//3292 1679//3292
f 1680//3293 1656//3293 1679//3293
f 1679//3294 1676//3294 1675//3294
f 1630//3295 1652//3295 1680//3295
f 1652//3296 1656//3296 1680//3296
f 1630//3297 1675//3297 1681//3297
f 1675//3298 1683//3298 1681//3298
f 1675//3299 1636//3299 1635//3299
f 1675//3300 1635//3300 1682//3300
f 1675//3301 1682//3301 1683//3301
f 1682//3302 1634//3302 1683//3302
f 1681//3303 1683//3303 1684//3303
f 1684//3304 1683//3304 1633//3304
f 1633//3305 1683//3305 1634//3305
f 1630//3306 1684//3306 1632//3306
f 1630//3307 1681//3307 1684//3307
f 1632//3308 1684//3308 1633//3308
f 1682//3309 1635//3309 1634//3309
f 1644//3310 1643//3310 1663//3310
f 1663//3311 1643//3311 1642//3311
f 1658//3312 1660//3312 1659//3312
f 1646//3313 1645//3313 1658//3313
f 1652//3314 1653//3314 1656//3314
f 1631//3315 1649//3315 1652//3315
f 1631//3316 1652//3316 1630//3316
o geometry_9.014
v 0.039134 -0.001305 -0.012741
v 0.039350 -0.007232 -0.013189
v 0.039294 -0.004392 -0.011523
v 0.039115 -0.009552 -0.022437
v 0.039452 -0.009569 -0.022646
v 0.038756 0.001100 -0.021701
v 0.039074 0.000182 -0.012655
v 0.039229 -0.002908 -0.011439
v 0.038943 0.001725 -0.014029
v 0.039078 0.000068 -0.011256
v 0.038995 0.001614 -0.012580
v 0.038780 0.003104 -0.013942
v 0.038947 0.001506 -0.011113
v 0.038832 0.002873 -0.012506
v 0.038856 0.002510 -0.011558
v 0.039039 0.000959 -0.010824
v 0.038919 0.001844 -0.010966
v 0.038694 0.003556 -0.012488
v 0.038543 0.004296 -0.012549
v 0.038742 0.002798 -0.011286
v 0.038323 0.004100 -0.011336
v 0.037979 0.004042 -0.010651
v 0.037914 0.005669 -0.012455
v 0.037791 0.005060 -0.011304
v 0.037822 0.004641 -0.010823
v 0.037306 0.003838 -0.010103
v 0.037374 0.004789 -0.010722
v 0.037590 0.005962 -0.012050
v 0.036899 0.006204 -0.011775
v 0.036056 0.007110 -0.012272
v 0.036310 0.005749 -0.010993
v 0.035308 0.007261 -0.012022
v 0.035558 0.005876 -0.010943
v 0.034198 0.009035 -0.014294
v 0.034584 0.007343 -0.011992
v 0.032751 0.009952 -0.015189
v 0.025030 0.011514 -0.015479
v 0.025357 0.011793 -0.015405
v 0.030654 0.011785 -0.017342
v 0.024991 0.011977 -0.016343
v 0.025247 0.012244 -0.016248
v 0.026311 -0.001527 -0.011808
v 0.025290 0.012971 -0.017649
v 0.025230 0.013555 -0.019107
v 0.026578 0.012445 -0.017820
v 0.026224 0.013241 -0.019643
v 0.030323 0.013662 -0.021659
v 0.025164 0.013912 -0.020436
v 0.030970 0.012634 -0.019425
v 0.025217 0.013676 -0.019536
v 0.031088 0.012007 -0.017927
v 0.031564 0.011742 -0.017509
v 0.032421 0.011978 -0.018517
v 0.032382 0.012337 -0.019460
v 0.033108 0.011927 -0.018858
v 0.032402 0.011660 -0.017864
v 0.033406 0.010356 -0.015998
v 0.034925 0.008901 -0.014527
v 0.033988 0.011880 -0.019403
v 0.032682 0.010429 -0.015883
v 0.034278 0.012148 -0.020241
v 0.034765 0.010885 -0.018255
v 0.036338 0.007391 -0.013080
v 0.037659 0.006280 -0.012816
v 0.035500 0.010755 -0.019202
v 0.037016 0.006623 -0.012539
v 0.035391 0.011055 -0.020001
v 0.034249 0.012315 -0.020942
v 0.037676 0.006624 -0.013865
v 0.038218 0.005741 -0.013880
v 0.038529 0.004518 -0.013869
v 0.038192 0.005888 -0.015231
v 0.038480 0.004640 -0.015315
v 0.038406 0.004714 -0.016777
v 0.038295 0.004737 -0.018251
v 0.038051 0.006005 -0.016633
v 0.035500 0.011629 -0.022296
v 0.035245 0.011291 -0.020764
v 0.035286 0.011765 -0.021065
v 0.035150 0.011916 -0.021040
v 0.034484 0.012633 -0.021076
v 0.033773 0.012915 -0.020991
v 0.032365 0.013260 -0.020950
v 0.030934 0.013526 -0.021144
v 0.030497 0.013618 -0.021110
v 0.029419 0.013702 -0.020921
v 0.025015 0.014163 -0.020674
v 0.025036 -0.011246 -0.022407
v 0.032536 -0.011157 -0.022584
v 0.025429 -0.010761 -0.023714
v 0.033050 -0.010832 -0.021720
v 0.032708 -0.010859 -0.022675
v 0.033638 -0.011276 -0.022569
v 0.035308 -0.011246 -0.022593
v 0.037419 -0.010740 -0.020269
v 0.033434 -0.010861 -0.022315
v 0.038133 -0.010521 -0.018153
v 0.037969 -0.010670 -0.019692
v 0.037434 -0.010736 -0.020222
v 0.038250 -0.010684 -0.020504
v 0.037961 -0.010703 -0.020930
v 0.036487 -0.010780 -0.022454
v 0.037952 -0.010699 -0.022464
v 0.038495 -0.010687 -0.021449
v 0.038495 -0.010652 -0.022397
v 0.038634 -0.011095 -0.024264
v 0.037879 -0.011026 -0.022725
v 0.036790 -0.011127 -0.022684
v 0.038798 -0.012102 -0.022837
v 0.038990 -0.012114 -0.022935
v 0.038808 -0.012011 -0.022708
v 0.039097 -0.010577 -0.022732
v 0.039436 -0.010229 -0.022737
v 0.038848 -0.010389 -0.022436
v 0.039157 -0.010145 -0.022449
v 0.039214 -0.010215 -0.020889
v 0.039356 -0.010185 -0.017946
v 0.038936 -0.010372 -0.019480
v 0.039288 -0.010217 -0.019406
v 0.038738 -0.010490 -0.020943
v 0.039267 -0.009905 -0.017865
v 0.039220 -0.009822 -0.019340
v 0.039165 -0.009723 -0.020834
v 0.039330 -0.008595 -0.014794
v 0.039250 -0.010141 -0.016280
v 0.039279 -0.009883 -0.014807
v 0.039394 -0.010115 -0.016830
v 0.039434 -0.009956 -0.016022
v 0.039173 -0.010202 -0.018064
v 0.039477 -0.009878 -0.016548
v 0.039225 -0.009813 -0.015818
v 0.039415 -0.009471 -0.015453
v 0.038999 -0.008500 -0.013184
v 0.038302 -0.010205 -0.016790
v 0.038417 -0.009851 -0.015804
v 0.038465 -0.009522 -0.015130
v 0.038997 -0.008494 -0.013209
v 0.037605 -0.009793 -0.016020
v 0.038638 -0.008838 -0.013912
v 0.038179 -0.008403 -0.013359
v 0.026380 -0.006662 -0.015017
v 0.038917 -0.007360 -0.011677
v 0.026378 -0.005070 -0.013509
v 0.026365 -0.008146 -0.017626
v 0.026327 -0.009080 -0.019387
v 0.026313 -0.009373 -0.020108
v 0.034651 -0.009747 -0.017395
v 0.035547 -0.009850 -0.017191
v 0.034069 -0.009935 -0.018187
v 0.026294 -0.009597 -0.020683
v 0.026273 -0.009834 -0.021348
v 0.026245 -0.010093 -0.022245
v 0.033920 -0.010423 -0.019641
v 0.035486 -0.010221 -0.018232
v 0.036919 -0.010415 -0.018202
v 0.032383 -0.010536 -0.021053
v 0.037050 -0.009973 -0.016751
v 0.039185 -0.006235 -0.010522
v 0.039039 -0.005766 -0.010413
v 0.038597 -0.005655 -0.010429
v 0.038984 -0.006247 -0.010512
v 0.037745 -0.005098 -0.010433
v 0.035399 -0.000010 -0.009519
v 0.026250 -0.001135 -0.011735
v 0.026300 -0.000290 -0.011408
v 0.033961 0.001261 -0.009675
v 0.026257 0.000167 -0.011423
v 0.026233 0.001002 -0.011386
v 0.026204 0.001620 -0.011446
v 0.034113 0.002570 -0.009678
v 0.035260 0.001240 -0.009416
v 0.035143 0.002565 -0.009520
v 0.034343 0.003252 -0.009737
v 0.026009 0.005417 -0.012074
v 0.025916 0.006846 -0.012522
v 0.025585 0.010671 -0.014233
v 0.032677 0.005946 -0.010932
v 0.036316 0.004045 -0.009937
v 0.033326 0.005888 -0.010903
v 0.036422 0.003496 -0.009689
v 0.035080 0.003352 -0.009680
v 0.033277 0.006577 -0.011356
v 0.034702 0.006599 -0.011428
v 0.034793 0.005909 -0.010940
v 0.033185 0.007413 -0.011976
v 0.025478 0.011630 -0.015153
v 0.037051 0.003419 -0.009722
v 0.036408 0.002627 -0.009539
v 0.037306 0.002706 -0.009737
v 0.036437 0.001216 -0.009411
v 0.037701 -0.000131 -0.009700
v 0.037716 0.001313 -0.009766
v 0.036580 -0.000097 -0.009391
v 0.038959 -0.004481 -0.010250
v 0.038285 -0.004364 -0.010211
v 0.036871 -0.001393 -0.009675
v 0.039170 -0.004494 -0.010428
v 0.039212 -0.005745 -0.010576
v 0.038162 0.000857 -0.009902
v 0.038564 0.001345 -0.010477
v 0.038305 0.002689 -0.010489
v 0.037726 0.002638 -0.009939
v 0.039311 -0.005872 -0.010822
v 0.039396 -0.006726 -0.011249
v 0.039431 -0.007369 -0.011680
v 0.039457 -0.008589 -0.011971
v 0.040098 -0.009879 -0.013585
v 0.039213 -0.007348 -0.011666
v 0.039299 -0.007781 -0.012464
v 0.039553 -0.008265 -0.013470
v 0.039176 -0.008794 -0.013978
v 0.039292 -0.008661 -0.013360
v 0.039310 -0.007340 -0.011687
v 0.039343 -0.005858 -0.011630
v 0.039249 -0.004465 -0.010669
v 0.039047 0.000012 -0.010714
v 0.036064 0.005253 -0.010631
v 0.035769 0.010894 -0.021259
v 0.038658 0.003669 -0.021636
v 0.038814 0.003127 -0.021694
v 0.038978 0.003034 -0.021602
v 0.038933 0.002372 -0.021770
v 0.038522 0.003146 -0.019930
v 0.038588 0.003227 -0.018404
v 0.038994 0.002271 -0.021738
v 0.038583 0.002311 -0.021583
v 0.038656 0.003244 -0.016908
v 0.038749 0.001956 -0.018510
v 0.038677 0.002032 -0.020002
v 0.038720 0.003215 -0.015417
v 0.038819 0.001869 -0.017017
v 0.039179 0.000861 -0.021804
v 0.039063 0.001021 -0.021878
vn 0.9986 0.0391 -0.0353
vn 0.9987 0.0389 -0.0324
vn 0.9988 0.0414 -0.0261
vn 0.3405 -0.7166 0.6088
vn 0.9974 0.0672 -0.0240
vn 0.9987 0.0417 -0.0309
vn 0.9978 0.0591 -0.0291
vn 0.9989 0.0442 -0.0148
vn 0.9987 0.0508 0.0019
vn 0.9979 0.0569 -0.0316
vn 0.9985 0.0552 0.0022
vn 0.9925 0.1189 -0.0267
vn 0.9955 0.0867 0.0392
vn 0.9915 0.1296 -0.0148
vn 0.9933 0.1082 0.0407
vn 0.9916 0.1274 0.0237
vn 0.9794 0.1956 0.0502
vn 0.7121 -0.2295 -0.6635
vn 0.9880 0.1438 0.0569
vn 0.9599 0.2312 0.1583
vn 0.9770 0.2043 0.0603
vn 0.9588 0.2463 0.1418
vn 0.9266 0.3064 0.2181
vn 0.8688 0.2947 0.3980
vn 0.8434 0.2962 0.4482
vn 0.8273 0.3441 0.4441
vn 0.8913 0.3933 0.2257
vn 0.8311 0.4498 0.3270
vn 0.8285 0.4481 0.3359
vn 0.7987 0.4788 0.3644
vn 0.5216 0.3588 0.7741
vn 0.3427 0.4953 0.7983
vn 0.3622 0.6317 0.6854
vn 0.4668 0.6447 0.6054
vn 0.4599 0.7161 0.5251
vn 0.3984 0.6299 0.6667
vn 0.3519 0.6802 0.6430
vn 0.3461 0.6738 0.6528
vn 0.1560 0.6244 0.7654
vn 0.1032 0.6228 0.7756
vn 0.3243 0.8158 0.4789
vn 0.1756 0.8156 0.5514
vn 0.1145 0.7783 0.6173
vn 0.1419 0.8079 0.5720
vn 0.1447 0.8187 0.5558
vn 0.3018 -0.1013 -0.9480
vn 0.6415 -0.6383 -0.4254
vn 0.1119 0.8781 0.4653
vn 0.7359 -0.5823 -0.3456
vn -0.9911 -0.1036 -0.0840
vn -0.9934 -0.0423 0.1067
vn 0.7403 -0.6059 -0.2913
vn -0.9978 -0.0642 0.0150
vn 0.4379 0.8405 0.3190
vn 0.3663 0.6982 0.6151
vn 0.3941 0.8680 0.3022
vn 0.0989 0.9146 0.3920
vn 0.1608 0.8486 0.5040
vn 0.4069 0.8892 0.2093
vn 0.1003 0.9205 0.3777
vn 0.4069 0.8822 0.2370
vn 0.0984 0.9190 0.3818
vn 0.1209 0.8950 0.4294
vn 0.1830 0.9112 0.3691
vn 0.1823 0.9119 0.3676
vn 0.1046 0.9015 0.4198
vn 0.0982 0.9133 0.3953
vn 0.2018 0.9182 0.3410
vn 0.2355 0.9116 0.3370
vn 0.2767 0.8606 0.4275
vn 0.2660 0.8634 0.4286
vn 0.2932 0.8506 0.4366
vn 0.2731 0.8513 0.4480
vn 0.3699 0.8228 0.4315
vn 0.3074 0.8161 0.4894
vn 0.1766 0.8161 0.5503
vn 0.3125 0.8460 0.4320
vn 0.1696 0.8200 0.5466
vn 0.1695 0.8205 0.5459
vn 0.1677 0.8202 0.5469
vn 0.4306 0.8057 0.4068
vn 0.2819 0.8812 0.3795
vn 0.4256 0.8063 0.4107
vn 0.4389 0.8010 0.4073
vn 0.5153 0.7748 0.3664
vn 0.5556 0.7469 0.3654
vn 0.5663 0.7526 0.3360
vn 0.5710 0.7500 0.3339
vn 0.5010 0.7479 0.4354
vn 0.4203 0.8013 0.4258
vn 0.5550 0.7496 0.3607
vn 0.5011 0.7523 0.4277
vn 0.8219 0.5610 0.0991
vn 0.6546 0.7327 0.1863
vn 0.6898 0.7102 0.1408
vn 0.7049 0.6705 0.2315
vn 0.8509 0.5220 0.0601
vn 0.8355 0.5101 0.2045
vn 0.8713 0.4619 0.1658
vn 0.9688 0.2460 0.0306
vn 0.9693 0.2459 0.0077
vn 0.8635 0.5029 0.0377
vn 0.8939 0.3955 0.2112
vn 0.9740 0.2260 -0.0136
vn 0.9731 0.2273 -0.0375
vn 0.9616 0.2659 -0.0684
vn 0.9576 0.2785 -0.0734
vn 0.9316 0.3577 -0.0642
vn 0.7077 0.6556 0.2632
vn 0.8904 0.4542 -0.0307
vn 0.9853 0.0226 0.1695
vn 0.9833 0.0767 -0.1651
vn 0.5787 0.4006 0.7103
vn -0.1323 0.0475 -0.9901
vn 0.1687 0.1071 -0.9798
vn 0.6696 0.6408 0.3755
vn -0.0993 0.0481 -0.9939
vn 0.2094 0.2444 0.9468
vn -0.1698 0.4862 0.8572
vn -0.0117 0.0705 -0.9974
vn 0.2025 0.7499 0.6298
vn 0.7729 0.6237 0.1168
vn 0.1549 0.1209 -0.9805
vn -0.1754 -0.9832 -0.0512
vn -0.3167 0.0591 0.9467
vn -0.0676 0.0399 -0.9969
vn -0.2083 -0.9780 -0.0108
vn -0.1728 -0.0015 -0.9850
vn -0.0862 -0.9950 -0.0510
vn -0.0506 0.0521 -0.9974
vn 0.1138 0.7195 0.6851
vn -0.0501 -0.9987 -0.0065
vn -0.0245 0.0680 -0.9974
vn -0.9917 -0.0096 0.1280
vn -0.5581 0.3728 0.7413
vn -0.0244 0.0674 -0.9974
vn 0.0194 0.2820 0.9592
vn 0.9371 -0.3061 0.1680
vn -0.0765 0.9422 0.3262
vn 0.0506 -0.9987 0.0103
vn -0.4186 -0.8910 0.1755
vn 0.0175 0.2830 0.9590
vn 0.0063 -0.0666 -0.9978
vn -0.0144 0.0038 -0.9999
vn 0.0200 -0.9805 0.1955
vn -0.3478 -0.6085 0.7133
vn 0.8392 0.0841 0.5373
vn 0.0042 -0.9987 0.0509
vn 0.0270 -0.9952 0.0938
vn -0.0148 -0.9941 0.1078
vn -0.0513 0.9962 -0.0708
vn -0.2180 0.9758 -0.0149
vn 0.0637 -0.9980 0.0013
vn 0.0782 -0.9960 0.0436
vn 0.0565 -0.9984 -0.0041
vn 0.3787 -0.9145 -0.1425
vn 0.0549 -0.9985 -0.0026
vn 0.0249 -0.3426 0.9391
vn 0.0915 -0.9951 -0.0370
vn 0.0107 -0.9999 0.0063
vn 0.0694 -0.9976 -0.0026
vn 0.0557 -0.9706 0.2343
vn 0.7715 -0.4942 0.4006
vn 0.0884 -0.6346 0.7678
vn 0.0983 -0.6529 0.7510
vn -0.0720 0.1467 -0.9865
vn -0.0478 0.1054 -0.9933
vn -0.0257 0.0817 -0.9963
vn 0.7338 0.5917 0.3336
vn -0.4360 0.1792 -0.8819
vn 0.3159 0.7918 0.5228
vn 0.7163 -0.2056 0.6668
vn -0.7201 -0.6301 -0.2904
vn -0.5508 0.1246 0.8253
vn -0.9551 0.1957 0.2223
vn -0.1591 0.1389 -0.9774
vn 0.5001 -0.4751 0.7240
vn -0.2359 -0.8969 0.3741
vn 0.4896 -0.5883 0.6436
vn 0.6157 -0.7859 -0.0576
vn 0.5199 -0.8538 -0.0273
vn 0.3281 -0.9446 0.0057
vn 0.4309 -0.9024 -0.0078
vn 0.5786 -0.8155 -0.0127
vn 0.5955 -0.8028 -0.0298
vn 0.6369 -0.7709 -0.0054
vn 0.5986 -0.7683 0.2267
vn 0.6674 -0.7440 -0.0305
vn 0.9845 0.1741 -0.0217
vn 0.9479 0.3144 -0.0507
vn 0.9827 0.1784 -0.0489
vn 0.9989 0.0321 -0.0347
vn 0.9993 0.0227 -0.0308
vn 0.9947 0.0981 -0.0302
vn 0.9936 0.1088 -0.0313
vn 0.9994 0.0159 -0.0294
vn 0.9971 0.0720 -0.0234
vn 0.9995 0.0177 -0.0279
vn 0.9985 -0.0542 0.0028
vn 0.9565 0.2870 0.0531
vn 0.9991 -0.0394 -0.0127
vn -0.6124 0.7806 -0.1249
vn -0.3425 0.9384 -0.0467
vn -0.6097 0.7827 -0.1249
vn -0.6884 -0.7045 0.1727
vn 0.2414 -0.9690 0.0522
vn -0.9572 -0.2208 0.1870
vn -0.7863 0.6173 0.0260
vn 0.2785 -0.9492 0.1467
vn 0.5738 -0.8190 0.0025
vn 0.2903 -0.9537 0.0786
vn 0.2859 -0.9549 0.0805
vn -0.6612 -0.7323 -0.1630
vn 0.2504 -0.9528 0.1718
vn 0.1164 -0.7541 0.6463
vn 0.5334 -0.7379 0.4136
vn 0.0660 -0.8907 0.4497
vn 0.1995 -0.9598 0.1977
vn 0.0507 -0.9420 0.3317
vn 0.0505 -0.8986 0.4359
vn -0.9567 0.2634 0.1240
vn -0.1811 -0.8783 0.4425
vn -0.1685 -0.8489 0.5010
vn -0.2007 -0.8662 0.4577
vn -0.1951 -0.8429 0.5014
vn -0.1948 -0.8430 0.5014
vn -0.1980 -0.7919 0.5777
vn -0.2257 -0.6700 0.7073
vn -0.9986 -0.0371 0.0379
vn -0.1943 -0.8523 0.4857
vn -0.9995 -0.0261 0.0203
vn -0.9975 -0.0514 0.0491
vn -0.1930 -0.8650 0.4632
vn -0.9988 -0.0361 0.0339
vn -0.1627 -0.9131 0.3740
vn -0.1413 -0.9519 0.2719
vn -0.1906 -0.9054 0.3793
vn -0.1863 -0.9162 0.3547
vn -0.1464 -0.9328 0.3294
vn -0.1591 -0.9183 0.3625
vn -0.9965 -0.0605 0.0569
vn -0.9975 -0.0515 0.0488
vn -0.1486 -0.9298 0.3367
vn -0.9978 -0.0479 0.0457
vn -0.1354 -0.9508 0.2787
vn -0.1451 -0.9335 0.3279
vn -0.1242 -0.9565 0.2641
vn -0.1480 -0.9426 0.2995
vn -0.1765 -0.9276 0.3291
vn -0.1109 -0.9653 0.2364
vn -0.1086 -0.9745 0.1966
vn -0.1653 -0.9523 0.2565
vn -0.1555 -0.8637 0.4794
vn -0.0934 -0.9415 0.3237
vn -0.0937 -0.9673 0.2357
vn -0.0933 -0.9715 0.2178
vn -0.1622 -0.9309 0.3272
vn -0.1749 -0.9242 0.3394
vn -0.1755 -0.9241 0.3394
vn -0.1601 -0.9232 0.3495
vn -0.1593 -0.9236 0.3486
vn -0.1809 -0.9142 0.3626
vn -0.4569 -0.6862 0.5660
vn -0.2257 -0.6713 0.7060
vn -0.2421 -0.4238 0.8728
vn -0.0623 0.2082 -0.9761
vn -0.0989 -0.2550 0.9619
vn -0.2826 -0.4249 0.8600
vn -0.0791 0.7232 -0.6861
vn -0.2180 -0.3471 0.9121
vn -0.1681 -0.2490 0.9538
vn -0.1969 -0.2607 0.9451
vn -0.1799 -0.2057 0.9619
vn -0.1806 -0.3454 0.9209
vn 0.6685 0.2337 -0.7061
vn -0.1991 -0.1053 0.9743
vn -0.2228 0.0110 0.9748
vn -0.9688 -0.0838 0.2331
vn -0.9995 -0.0282 -0.0163
vn -0.2142 -0.0503 0.9755
vn -0.9977 -0.0401 0.0551
vn -0.2270 0.0847 0.9702
vn -0.2169 0.0278 0.9758
vn -0.1948 0.0252 0.9805
vn -0.1519 0.0633 0.9864
vn -0.1504 0.1351 0.9793
vn -0.2279 0.1596 0.9605
vn -0.2326 0.1471 0.9614
vn -0.9960 -0.0402 0.0796
vn -0.9972 -0.0409 0.0627
vn -0.1904 0.2820 0.9403
vn -0.9935 -0.0377 0.1074
vn -0.1609 0.3915 0.9060
vn -0.1796 0.3039 0.9356
vn -0.0387 0.4044 0.9138
vn 0.0026 0.4679 0.8838
vn 0.0123 0.5502 0.8349
vn -0.0375 0.4059 0.9132
vn -0.1185 0.3404 0.9328
vn -0.0087 0.5640 0.8258
vn 0.0290 0.5759 0.8170
vn 0.0315 0.5816 0.8129
vn 0.0307 0.5972 0.8015
vn 0.0128 0.5503 0.8349
vn 0.0173 0.5965 0.8024
vn 0.0411 0.6480 0.7606
vn 0.0395 0.6078 0.7931
vn 0.0854 0.6943 0.7146
vn -0.8836 0.0621 0.4641
vn -0.9966 -0.0456 0.0690
vn 0.2562 0.8639 0.4337
vn 0.0148 0.4832 0.8754
vn 0.0255 0.4898 0.8715
vn 0.0685 0.6098 0.7896
vn -0.1015 0.1911 0.9763
vn -0.0149 0.1987 0.9800
vn 0.0720 0.1684 0.9831
vn 0.0990 0.4247 0.8999
vn 0.0068 0.1699 0.9854
vn 0.2098 0.0549 0.9762
vn 0.2060 0.0927 0.9742
vn 0.0109 0.0907 0.9958
vn 0.2664 0.0436 0.9629
vn 0.2645 0.0417 0.9635
vn 0.2632 0.0569 0.9631
vn -0.0044 0.0146 0.9999
vn -0.0031 0.0773 0.9970
vn 0.1420 -0.1156 0.9831
vn 0.2638 -0.0456 0.9635
vn -0.3126 -0.2981 0.9019
vn 0.1453 -0.1303 0.9808
vn -0.2187 -0.2552 0.9418
vn -0.1215 -0.2381 0.9636
vn -0.1136 -0.0935 0.9891
vn -0.0944 -0.2104 0.9731
vn -0.0819 -0.1851 0.9793
vn 0.6466 0.0470 0.7614
vn 0.6416 -0.0687 0.7639
vn 0.6886 -0.0488 0.7235
vn 0.4014 0.0002 0.9159
vn 0.7192 0.0675 0.6915
vn 0.6909 0.2361 0.6833
vn 0.7464 0.1494 0.6485
vn 0.3280 0.0402 0.9438
vn 0.6692 0.1788 0.7213
vn 0.4471 0.1278 0.8853
vn 0.3729 0.0901 0.9235
vn 0.6565 0.2437 0.7139
vn 0.4481 0.1420 0.8826
vn 0.5468 0.2981 0.7824
vn 0.5966 0.3098 0.7404
vn 0.6527 0.1323 0.7460
vn 0.7601 0.2028 0.6174
vn 0.7889 0.2571 0.5581
vn 0.9255 -0.0134 0.3785
vn 0.8975 -0.1222 0.4237
vn 0.0830 -0.5526 0.8293
vn 0.7761 -0.2797 0.5652
vn 0.6836 -0.2211 0.6955
vn -0.9972 -0.0039 -0.0744
vn -0.9023 0.0815 -0.4233
vn -0.8713 -0.4218 0.2508
vn -0.0254 -0.7260 0.6872
vn -0.0536 -0.8797 0.4725
vn 0.0967 -0.8872 0.4511
vn -0.7685 0.5494 -0.3279
vn 0.5387 -0.6980 0.4718
vn 0.4162 -0.7669 0.4884
vn 0.5235 -0.7545 0.3959
vn -0.9097 0.3011 -0.2860
vn 0.7711 -0.5219 0.3648
vn 0.5895 -0.6813 0.4339
vn 0.0037 -0.7233 0.6905
vn 0.0105 -0.8034 0.5953
vn -0.9937 0.0753 0.0831
vn 0.8162 0.5637 -0.1267
vn 0.6949 0.5464 -0.4675
vn 0.0721 0.9961 -0.0508
vn 0.9987 -0.0442 0.0243
vn 0.9816 0.1445 -0.1246
vn 0.9989 -0.0397 0.0245
vn 0.9988 -0.0434 0.0240
vn 0.9994 -0.0238 0.0254
vn 0.9849 -0.0159 -0.1725
vn 0.8634 0.2069 -0.4602
vn 0.9990 0.0359 -0.0273
vn 0.9980 0.0299 0.0549
vn 0.9984 0.0397 0.0407
vn 0.9960 0.0787 0.0413
vn 0.9976 0.0402 0.0558
vn 0.9966 0.0465 0.0687
vn 0.9971 0.0455 0.0606
vn 0.9501 0.0081 0.3120
vn 0.9478 0.0458 0.3156
vn 0.9982 0.0152 0.0575
vn -0.9420 -0.0468 -0.3324
vn 0.3781 0.4860 0.7879
vn 0.2687 0.5258 0.8071
vn 0.1975 0.5172 0.8327
vn 0.1838 0.5186 0.8350
vn 0.1040 0.5120 0.8526
vn 0.1455 0.5354 0.8320
vn -0.1958 -0.1015 0.9754
vn -0.1946 -0.7932 0.5770
vn -0.1871 -0.8415 0.5069
vn 0.5275 0.0206 0.8493
vn 0.6973 -0.1150 0.7075
vn 0.1746 -0.9816 0.0768
vn -0.3827 -0.0063 -0.9239
vn -0.8791 -0.4655 -0.1023
vn 0.0707 0.0801 -0.9943
vn 0.9256 0.3733 -0.0619
vn -0.8164 -0.5494 -0.1781
vn -0.1292 0.0678 -0.9893
vn 0.9613 0.2750 0.0163
vn 0.9926 0.0937 0.0768
vn 0.5258 0.0899 -0.8458
vn 0.5845 0.7652 -0.2697
vn -0.8471 -0.0755 0.5260
vn 0.9538 -0.1334 0.2692
vn 0.8461 -0.4643 0.2619
vn 0.8809 0.4696 -0.0592
vn 0.8070 0.5868 -0.0663
vn 0.9828 0.1771 -0.0522
vn 0.0096 -0.9609 0.2766
vn 0.8617 0.5059 -0.0402
vn 0.9864 0.1576 -0.0468
vn 0.9841 0.1715 -0.0469
vn 0.9919 0.1208 -0.0398
vn 0.9915 0.1230 -0.0417
vn 0.9927 0.1145 -0.0384
vn 0.9850 0.1684 -0.0386
vn 0.9844 0.1710 -0.0410
vn 0.9924 0.1192 -0.0316
vn 0.9927 0.1154 -0.0357
vn 0.9920 0.1197 -0.0394
vn 0.9855 0.1676 -0.0277
vn 0.9112 0.4116 -0.0181
vn 0.9103 0.4136 -0.0185
vn 0.1966 -0.0738 0.9777
vn 0.6075 0.0797 -0.7903
vn 0.8235 0.5617 -0.0791
vn -0.4741 -0.8766 0.0830
vn -0.9030 -0.0020 -0.4297
vn 0.3443 -0.0854 0.9350
vn 0.9180 0.3959 -0.0243
vn 0.9378 0.3472 0.0060
vn 0.5647 0.0849 -0.8209
vn 0.9842 0.1759 -0.0182
vn 0.9845 0.1753 -0.0072
vn 0.9803 0.1966 0.0194
vn 0.9792 0.2016 0.0230
vn 0.8139 0.5074 0.2832
vn 0.2293 0.9136 0.3357
vn 0.2314 0.9109 0.3415
vn 0.3080 0.8141 0.4923
vn 0.2007 0.9108 0.3608
vn 0.1409 0.8175 0.5585
vn -0.9978 -0.0484 0.0460
vn -0.9978 -0.0656 0.0121
vn 0.8263 0.4565 0.3300
vn 0.9872 0.1021 -0.1227
s 0
f 1685//3317 1686//3317 1688//3317
f 1685//3318 1687//3318 1686//3318
f 1685//3319 1691//3319 1687//3319
f 1685//3320 1688//3320 1689//3320
f 1685//3321 1689//3321 1690//3321
f 1685//3322 1690//3322 1691//3322
f 1690//3323 1693//3323 1691//3323
f 1687//3324 1691//3324 1692//3324
f 1691//3325 1694//3325 1692//3325
f 1691//3326 1693//3326 1695//3326
f 1691//3327 1695//3327 1694//3327
f 1693//3328 1696//3328 1695//3328
f 1694//3329 1695//3329 1697//3329
f 1695//3330 1696//3330 1698//3330
f 1695//3331 1699//3331 1697//3331
f 1695//3332 1698//3332 1699//3332
f 1698//3333 1702//3333 1699//3333
f 1697//3334 1699//3334 1700//3334
f 1700//3335 1699//3335 1701//3335
f 1699//3336 1704//3336 1701//3336
f 1699//3337 1702//3337 1703//3337
f 1699//3338 1703//3338 1704//3338
f 1703//3339 1705//3339 1704//3339
f 1701//3340 1704//3340 1705//3340
f 1701//3341 1705//3341 1706//3341
f 1705//3342 1709//3342 1706//3342
f 1703//3343 1707//3343 1705//3343
f 1705//3344 1707//3344 1708//3344
f 1705//3345 1708//3345 1709//3345
f 1708//3346 1712//3346 1709//3346
f 1706//3347 1709//3347 1710//3347
f 1710//3348 1709//3348 1711//3348
f 1709//3349 1713//3349 1711//3349
f 1709//3350 1712//3350 1713//3350
f 1712//3351 1714//3351 1713//3351
f 1711//3352 1713//3352 1715//3352
f 1713//3353 1714//3353 1716//3353
f 1715//3354 1713//3354 1716//3354
f 1715//3355 1716//3355 1717//3355
f 1717//3356 1716//3356 1719//3356
f 1714//3357 1718//3357 1716//3357
f 1716//3358 1718//3358 1720//3358
f 1716//3359 1721//3359 1719//3359
f 1716//3360 1720//3360 1721//3360
f 1720//3361 1723//3361 1721//3361
f 1719//3362 1721//3362 1722//3362
f 1721//3363 1725//3363 1722//3363
f 1721//3364 1723//3364 1724//3364
f 1721//3365 1724//3365 1725//3365
f 1726//3366 1725//3366 1727//3366
f 1726//3367 1722//3367 1725//3367
f 1724//3368 1727//3368 1725//3368
f 1726//3369 1727//3369 1728//3369
f 1730//3370 1728//3370 1727//3370
f 1724//3371 1729//3371 1727//3371
f 1730//3372 1727//3372 1729//3372
f 1731//3373 1730//3373 1733//3373
f 1731//3374 1732//3374 1730//3374
f 1732//3375 1734//3375 1730//3375
f 1730//3376 1735//3376 1733//3376
f 1730//3377 1734//3377 1728//3377
f 1730//3378 1729//3378 1735//3378
f 1736//3379 1735//3379 1723//3379
f 1736//3380 1737//3380 1735//3380
f 1733//3381 1735//3381 1737//3381
f 1723//3382 1735//3382 1724//3382
f 1724//3383 1735//3383 1729//3383
f 1738//3384 1733//3384 1737//3384
f 1738//3385 1737//3385 1739//3385
f 1739//3386 1737//3386 1740//3386
f 1736//3387 1740//3387 1737//3387
f 1739//3388 1740//3388 1741//3388
f 1741//3389 1740//3389 1736//3389
f 1742//3390 1743//3390 1741//3390
f 1742//3391 1741//3391 1718//3391
f 1718//3392 1741//3392 1720//3392
f 1739//3393 1741//3393 1743//3393
f 1720//3394 1741//3394 1744//3394
f 1741//3395 1736//3395 1744//3395
f 1720//3396 1744//3396 1736//3396
f 1745//3397 1743//3397 1746//3397
f 1745//3398 1739//3398 1743//3398
f 1746//3399 1743//3399 1742//3399
f 1747//3400 1746//3400 1742//3400
f 1747//3401 1745//3401 1746//3401
f 1748//3402 1747//3402 1750//3402
f 1748//3403 1749//3403 1747//3403
f 1749//3404 1745//3404 1747//3404
f 1747//3405 1714//3405 1750//3405
f 1747//3406 1742//3406 1714//3406
f 1748//3407 1750//3407 1712//3407
f 1712//3408 1750//3408 1714//3408
f 1751//3409 1749//3409 1753//3409
f 1751//3410 1752//3410 1749//3410
f 1752//3411 1745//3411 1749//3411
f 1753//3412 1749//3412 1748//3412
f 1754//3413 1751//3413 1753//3413
f 1754//3414 1753//3414 1707//3414
f 1707//3415 1753//3415 1748//3415
f 1755//3416 1754//3416 1703//3416
f 1755//3417 1756//3417 1754//3417
f 1756//3418 1751//3418 1754//3418
f 1703//3419 1754//3419 1707//3419
f 1757//3420 1756//3420 1755//3420
f 1757//3421 1758//3421 1756//3421
f 1758//3422 1759//3422 1756//3422
f 1756//3423 1759//3423 1760//3423
f 1756//3424 1760//3424 1761//3424
f 1756//3425 1761//3425 1762//3425
f 1756//3426 1762//3426 1751//3426
f 1761//3427 1763//3427 1762//3427
f 1762//3428 1764//3428 1751//3428
f 1762//3429 1763//3429 1764//3429
f 1689//3430 1764//3430 1763//3430
f 1689//3431 1765//3431 1764//3431
f 1751//3432 1764//3432 1765//3432
f 1689//3433 1766//3433 1765//3433
f 1765//3434 1766//3434 1752//3434
f 1751//3435 1765//3435 1752//3435
f 1689//3436 1767//3436 1766//3436
f 1766//3437 1767//3437 1745//3437
f 1752//3438 1766//3438 1745//3438
f 1689//3439 1768//3439 1767//3439
f 1767//3440 1768//3440 1731//3440
f 1745//3441 1767//3441 1731//3441
f 1689//3442 1769//3442 1768//3442
f 1731//3443 1768//3443 1769//3443
f 1689//3444 1770//3444 1769//3444
f 1731//3445 1769//3445 1770//3445
f 1689//3446 1771//3446 1770//3446
f 1771//3447 1732//3447 1770//3447
f 1731//3448 1770//3448 1732//3448
f 1689//3449 1772//3449 1771//3449
f 1726//3450 1771//3450 1772//3450
f 1726//3451 1732//3451 1771//3451
f 1689//3452 1773//3452 1772//3452
f 1776//3453 1772//3453 1773//3453
f 1726//3454 1772//3454 1774//3454
f 1775//3455 1774//3455 1772//3455
f 1775//3456 1772//3456 1776//3456
f 1775//3457 1776//3457 1777//3457
f 1777//3458 1776//3458 1773//3458
f 1689//3459 1777//3459 1773//3459
f 1689//3460 1778//3460 1777//3460
f 1778//3461 1779//3461 1777//3461
f 1779//3462 1780//3462 1777//3462
f 1775//3463 1777//3463 1780//3463
f 1775//3464 1780//3464 1779//3464
f 1781//3465 1779//3465 1782//3465
f 1781//3466 1775//3466 1779//3466
f 1782//3467 1779//3467 1783//3467
f 1783//3468 1779//3468 1778//3468
f 1784//3469 1783//3469 1785//3469
f 1784//3470 1782//3470 1783//3470
f 1783//3471 1786//3471 1785//3471
f 1783//3472 1778//3472 1786//3472
f 1787//3473 1785//3473 1786//3473
f 1787//3474 1786//3474 1778//3474
f 1788//3475 1787//3475 1789//3475
f 1788//3476 1784//3476 1787//3476
f 1784//3477 1785//3477 1787//3477
f 1789//3478 1787//3478 1790//3478
f 1790//3479 1787//3479 1791//3479
f 1787//3480 1792//3480 1791//3480
f 1787//3481 1778//3481 1792//3481
f 1689//3482 1792//3482 1778//3482
f 1689//3483 1791//3483 1792//3483
f 1689//3484 1793//3484 1791//3484
f 1790//3485 1791//3485 1793//3485
f 1689//3486 1794//3486 1793//3486
f 1790//3487 1793//3487 1794//3487
f 1689//3488 1795//3488 1794//3488
f 1790//3489 1794//3489 1795//3489
f 1689//3490 1796//3490 1795//3490
f 1796//3491 1790//3491 1795//3491
f 1689//3492 1797//3492 1796//3492
f 1797//3493 1798//3493 1796//3493
f 1798//3494 1790//3494 1796//3494
f 1799//3495 1798//3495 1797//3495
f 1799//3496 1800//3496 1798//3496
f 1803//3497 1798//3497 1800//3497
f 1801//3498 1798//3498 1803//3498
f 1801//3499 1802//3499 1798//3499
f 1798//3500 1802//3500 1804//3500
f 1798//3501 1788//3501 1789//3501
f 1798//3502 1804//3502 1788//3502
f 1798//3503 1789//3503 1790//3503
f 1802//3504 1788//3504 1804//3504
f 1805//3505 1803//3505 1806//3505
f 1805//3506 1801//3506 1803//3506
f 1806//3507 1803//3507 1800//3507
f 1686//3508 1806//3508 1807//3508
f 1686//3509 1805//3509 1806//3509
f 1806//3510 1799//3510 1807//3510
f 1806//3511 1800//3511 1799//3511
f 1686//3512 1807//3512 1688//3512
f 1688//3513 1807//3513 1799//3513
f 1686//3514 1808//3514 1805//3514
f 1808//3515 1809//3515 1805//3515
f 1805//3516 1809//3516 1801//3516
f 1808//3517 1810//3517 1809//3517
f 1810//3518 1811//3518 1809//3518
f 1809//3519 1811//3519 1801//3519
f 1810//3520 1812//3520 1811//3520
f 1812//3521 1813//3521 1811//3521
f 1801//3522 1811//3522 1802//3522
f 1811//3523 1813//3523 1802//3523
f 1812//3524 1814//3524 1813//3524
f 1814//3525 1781//3525 1813//3525
f 1802//3526 1813//3526 1788//3526
f 1788//3527 1813//3527 1784//3527
f 1813//3528 1781//3528 1784//3528
f 1812//3529 1815//3529 1814//3529
f 1815//3530 1781//3530 1814//3530
f 1812//3531 1816//3531 1815//3531
f 1816//3532 1817//3532 1815//3532
f 1815//3533 1817//3533 1820//3533
f 1815//3534 1818//3534 1781//3534
f 1815//3535 1819//3535 1818//3535
f 1815//3536 1820//3536 1819//3536
f 1817//3537 1821//3537 1820//3537
f 1819//3538 1820//3538 1822//3538
f 1820//3539 1821//3539 1823//3539
f 1820//3540 1825//3540 1822//3540
f 1820//3541 1823//3541 1824//3541
f 1820//3542 1824//3542 1825//3542
f 1826//3543 1825//3543 1824//3543
f 1826//3544 1827//3544 1825//3544
f 1726//3545 1825//3545 1827//3545
f 1825//3546 1828//3546 1822//3546
f 1726//3547 1828//3547 1825//3547
f 1726//3548 1829//3548 1828//3548
f 1822//3549 1828//3549 1829//3549
f 1726//3550 1830//3550 1829//3550
f 1831//3551 1829//3551 1830//3551
f 1822//3552 1829//3552 1831//3552
f 1822//3553 1831//3553 1832//3553
f 1831//3554 1833//3554 1832//3554
f 1831//3555 1834//3555 1833//3555
f 1831//3556 1830//3556 1834//3556
f 1726//3557 1834//3557 1830//3557
f 1726//3558 1835//3558 1834//3558
f 1833//3559 1834//3559 1835//3559
f 1726//3560 1836//3560 1835//3560
f 1837//3561 1835//3561 1836//3561
f 1837//3562 1833//3562 1835//3562
f 1818//3563 1837//3563 1839//3563
f 1818//3564 1838//3564 1837//3564
f 1838//3565 1833//3565 1837//3565
f 1837//3566 1775//3566 1839//3566
f 1837//3567 1836//3567 1840//3567
f 1837//3568 1840//3568 1775//3568
f 1836//3569 1774//3569 1840//3569
f 1775//3570 1840//3570 1774//3570
f 1818//3571 1839//3571 1781//3571
f 1781//3572 1839//3572 1775//3572
f 1818//3573 1841//3573 1838//3573
f 1841//3574 1832//3574 1838//3574
f 1838//3575 1832//3575 1833//3575
f 1819//3576 1841//3576 1818//3576
f 1819//3577 1822//3577 1841//3577
f 1822//3578 1832//3578 1841//3578
f 1726//3579 1774//3579 1836//3579
f 1842//3580 1827//3580 1826//3580
f 1842//3581 1726//3581 1827//3581
f 1843//3582 1842//3582 1845//3582
f 1843//3583 1844//3583 1842//3583
f 1844//3584 1846//3584 1842//3584
f 1845//3585 1842//3585 1826//3585
f 1842//3586 1846//3586 1726//3586
f 1844//3587 1847//3587 1846//3587
f 1847//3588 1848//3588 1846//3588
f 1846//3589 1848//3589 1726//3589
f 1847//3590 1849//3590 1848//3590
f 1726//3591 1848//3591 1849//3591
f 1847//3592 1850//3592 1849//3592
f 1850//3593 1851//3593 1849//3593
f 1726//3594 1849//3594 1851//3594
f 1726//3595 1851//3595 1852//3595
f 1850//3596 1852//3596 1851//3596
f 1726//3597 1852//3597 1853//3597
f 1854//3598 1853//3598 1852//3598
f 1850//3599 1854//3599 1852//3599
f 1855//3600 1854//3600 1850//3600
f 1855//3601 1856//3601 1854//3601
f 1856//3602 1857//3602 1854//3602
f 1854//3603 1857//3603 1858//3603
f 1854//3604 1858//3604 1853//3604
f 1726//3605 1858//3605 1859//3605
f 1726//3606 1853//3606 1858//3606
f 1857//3607 1859//3607 1858//3607
f 1726//3608 1859//3608 1860//3608
f 1861//3609 1860//3609 1859//3609
f 1857//3610 1861//3610 1859//3610
f 1862//3611 1861//3611 1864//3611
f 1862//3612 1863//3612 1861//3612
f 1863//3613 1866//3613 1861//3613
f 1864//3614 1861//3614 1865//3614
f 1865//3615 1861//3615 1857//3615
f 1861//3616 1866//3616 1860//3616
f 1717//3617 1866//3617 1868//3617
f 1717//3618 1867//3618 1866//3618
f 1867//3619 1869//3619 1866//3619
f 1868//3620 1866//3620 1863//3620
f 1866//3621 1869//3621 1860//3621
f 1719//3622 1870//3622 1869//3622
f 1719//3623 1869//3623 1867//3623
f 1860//3624 1869//3624 1870//3624
f 1726//3625 1870//3625 1722//3625
f 1726//3626 1860//3626 1870//3626
f 1719//3627 1722//3627 1870//3627
f 1862//3628 1868//3628 1863//3628
f 1862//3629 1717//3629 1868//3629
f 1717//3630 1719//3630 1867//3630
f 1856//3631 1865//3631 1857//3631
f 1856//3632 1864//3632 1865//3632
f 1871//3633 1864//3633 1872//3633
f 1871//3634 1862//3634 1864//3634
f 1872//3635 1864//3635 1856//3635
f 1873//3636 1871//3636 1872//3636
f 1873//3637 1872//3637 1874//3637
f 1874//3638 1872//3638 1856//3638
f 1875//3639 1874//3639 1877//3639
f 1875//3640 1876//3640 1874//3640
f 1873//3641 1874//3641 1876//3641
f 1877//3642 1874//3642 1855//3642
f 1874//3643 1856//3643 1855//3643
f 1878//3644 1877//3644 1843//3644
f 1878//3645 1875//3645 1877//3645
f 1843//3646 1877//3646 1879//3646
f 1877//3647 1844//3647 1879//3647
f 1877//3648 1880//3648 1844//3648
f 1877//3649 1847//3649 1880//3649
f 1877//3650 1855//3650 1847//3650
f 1844//3651 1880//3651 1847//3651
f 1843//3652 1879//3652 1844//3652
f 1881//3653 1883//3653 1878//3653
f 1881//3654 1878//3654 1882//3654
f 1878//3655 1843//3655 1882//3655
f 1878//3656 1883//3656 1875//3656
f 1881//3657 1700//3657 1883//3657
f 1700//3658 1884//3658 1883//3658
f 1883//3659 1884//3659 1885//3659
f 1883//3660 1876//3660 1875//3660
f 1883//3661 1885//3661 1886//3661
f 1883//3662 1886//3662 1873//3662
f 1883//3663 1873//3663 1876//3663
f 1885//3664 1706//3664 1886//3664
f 1886//3665 1871//3665 1873//3665
f 1886//3666 1706//3666 1710//3666
f 1886//3667 1710//3667 1871//3667
f 1700//3668 1885//3668 1884//3668
f 1700//3669 1701//3669 1885//3669
f 1701//3670 1706//3670 1885//3670
f 1881//3671 1882//3671 1887//3671
f 1887//3672 1882//3672 1888//3672
f 1888//3673 1882//3673 1889//3673
f 1882//3674 1845//3674 1889//3674
f 1882//3675 1843//3675 1845//3675
f 1888//3676 1889//3676 1890//3676
f 1890//3677 1889//3677 1891//3677
f 1889//3678 1812//3678 1891//3678
f 1889//3679 1845//3679 1892//3679
f 1889//3680 1892//3680 1893//3680
f 1889//3681 1893//3681 1894//3681
f 1889//3682 1894//3682 1812//3682
f 1893//3683 1817//3683 1894//3683
f 1812//3684 1894//3684 1895//3684
f 1894//3685 1817//3685 1895//3685
f 1812//3686 1895//3686 1816//3686
f 1895//3687 1817//3687 1816//3687
f 1892//3688 1817//3688 1893//3688
f 1845//3689 1826//3689 1892//3689
f 1892//3690 1826//3690 1821//3690
f 1892//3691 1821//3691 1817//3691
f 1890//3692 1891//3692 1896//3692
f 1896//3693 1891//3693 1810//3693
f 1810//3694 1891//3694 1812//3694
f 1897//3695 1896//3695 1808//3695
f 1897//3696 1890//3696 1896//3696
f 1808//3697 1896//3697 1810//3697
f 1686//3698 1897//3698 1808//3698
f 1686//3699 1898//3699 1897//3699
f 1898//3700 1888//3700 1897//3700
f 1897//3701 1888//3701 1890//3701
f 1687//3702 1898//3702 1686//3702
f 1687//3703 1899//3703 1898//3703
f 1899//3704 1887//3704 1898//3704
f 1898//3705 1887//3705 1888//3705
f 1687//3706 1692//3706 1899//3706
f 1692//3707 1694//3707 1899//3707
f 1899//3708 1694//3708 1900//3708
f 1899//3709 1881//3709 1887//3709
f 1899//3710 1900//3710 1881//3710
f 1694//3711 1700//3711 1900//3711
f 1881//3712 1900//3712 1700//3712
f 1710//3713 1711//3713 1871//3713
f 1871//3714 1711//3714 1715//3714
f 1871//3715 1715//3715 1862//3715
f 1715//3716 1901//3716 1862//3716
f 1862//3717 1901//3717 1717//3717
f 1715//3718 1717//3718 1901//3718
f 1847//3719 1855//3719 1850//3719
f 1826//3720 1824//3720 1821//3720
f 1824//3721 1823//3721 1821//3721
f 1688//3722 1799//3722 1689//3722
f 1689//3723 1799//3723 1797//3723
f 1784//3724 1781//3724 1782//3724
f 1689//3725 1763//3725 1902//3725
f 1761//3726 1902//3726 1763//3726
f 1689//3727 1902//3727 1903//3727
f 1760//3728 1903//3728 1902//3728
f 1760//3729 1902//3729 1761//3729
f 1689//3730 1903//3730 1904//3730
f 1759//3731 1904//3731 1903//3731
f 1759//3732 1903//3732 1760//3732
f 1689//3733 1904//3733 1905//3733
f 1905//3734 1904//3734 1759//3734
f 1689//3735 1905//3735 1906//3735
f 1906//3736 1905//3736 1907//3736
f 1758//3737 1907//3737 1905//3737
f 1758//3738 1905//3738 1759//3738
f 1906//3739 1907//3739 1908//3739
f 1908//3740 1907//3740 1758//3740
f 1909//3741 1908//3741 1910//3741
f 1909//3742 1906//3742 1908//3742
f 1910//3743 1908//3743 1911//3743
f 1911//3744 1908//3744 1758//3744
f 1912//3745 1911//3745 1914//3745
f 1912//3746 1913//3746 1911//3746
f 1910//3747 1911//3747 1913//3747
f 1914//3748 1911//3748 1757//3748
f 1911//3749 1758//3749 1757//3749
f 1693//3750 1914//3750 1696//3750
f 1693//3751 1915//3751 1914//3751
f 1912//3752 1914//3752 1915//3752
f 1914//3753 1757//3753 1696//3753
f 1916//3754 1915//3754 1693//3754
f 1916//3755 1912//3755 1915//3755
f 1689//3756 1916//3756 1690//3756
f 1689//3757 1917//3757 1916//3757
f 1916//3758 1917//3758 1912//3758
f 1690//3759 1916//3759 1693//3759
f 1689//3760 1909//3760 1917//3760
f 1917//3761 1909//3761 1910//3761
f 1917//3762 1913//3762 1912//3762
f 1917//3763 1910//3763 1913//3763
f 1689//3764 1906//3764 1909//3764
f 1696//3765 1757//3765 1755//3765
f 1696//3766 1755//3766 1698//3766
f 1698//3767 1755//3767 1702//3767
f 1755//3768 1703//3768 1702//3768
f 1707//3769 1748//3769 1712//3769
f 1745//3770 1731//3770 1738//3770
f 1745//3771 1738//3771 1739//3771
f 1714//3772 1742//3772 1718//3772
f 1731//3773 1733//3773 1738//3773
f 1720//3774 1736//3774 1723//3774
f 1726//3775 1734//3775 1732//3775
f 1726//3776 1728//3776 1734//3776
f 1707//3777 1712//3777 1708//3777
f 1694//3778 1697//3778 1700//3778
o geometry_9.015
v -0.006831 -0.002498 0.034446
v -0.005704 -0.002171 0.034315
v -0.005640 -0.002016 0.034766
v -0.004902 -0.001730 0.034168
v -0.003764 -0.000495 0.034011
v -0.003437 0.000132 0.033884
v -0.003356 0.001400 0.033913
v -0.003673 0.002937 0.033979
v -0.004399 0.005723 0.034183
v -0.004836 0.007202 0.034288
v -0.005225 0.008149 0.034359
v -0.005848 0.008666 0.034506
v -0.006354 0.009126 0.034489
v -0.006516 0.009221 0.034502
v -0.007071 0.009503 0.034547
v -0.007507 0.009657 0.034590
v -0.007952 0.009805 0.034632
v -0.008822 0.009912 0.034686
v -0.009191 0.009902 0.034706
v -0.012544 0.009587 0.034824
v -0.013939 0.009274 0.034973
v -0.014419 0.009081 0.035078
v -0.015271 0.008518 0.035258
v -0.015809 0.008031 0.035240
v -0.016098 0.007576 0.035214
v -0.016228 0.007181 0.035113
v -0.016288 0.006828 0.035081
v -0.016190 0.006122 0.035033
v -0.016099 0.005719 0.035012
v -0.015655 0.004804 0.034958
v -0.015446 0.004530 0.034954
v -0.013699 0.000093 0.034588
v -0.011373 -0.000772 0.034612
v -0.011318 -0.000841 0.034704
v -0.010836 -0.002972 0.034424
v -0.009941 -0.003255 0.034647
v -0.009374 -0.002073 0.034553
v -0.008562 -0.002314 0.034536
v -0.008012 -0.002471 0.034470
v -0.006781 -0.002425 0.034990
v -0.005555 -0.001390 0.033555
v -0.008047 -0.002381 0.035086
v -0.006766 -0.001583 0.033744
v -0.005463 -0.000997 0.032939
v -0.004135 -0.000195 0.031766
v -0.005526 -0.000325 0.031986
v -0.005453 -0.000404 0.031883
v -0.006733 -0.001069 0.033084
v -0.006148 -0.000368 0.031925
v -0.006576 -0.000376 0.031965
v -0.007306 -0.000244 0.032011
v -0.008096 -0.001598 0.034010
v -0.008094 -0.001044 0.033360
v -0.008991 -0.001525 0.034207
v -0.008279 -0.000032 0.032065
v -0.007853 -0.000122 0.032039
v -0.009772 0.000431 0.032135
v -0.009566 -0.000120 0.032826
v -0.009698 0.000628 0.032035
v -0.010192 -0.000054 0.032995
v -0.009785 -0.001407 0.034471
v -0.010599 -0.000391 0.033804
v -0.010220 0.000605 0.032178
v -0.010595 0.000825 0.032184
v -0.011275 -0.000267 0.034238
v -0.010985 0.000170 0.033482
v -0.010573 0.000778 0.032448
v -0.011528 0.001137 0.032980
v -0.014991 0.005065 0.032489
v -0.015644 0.005924 0.032634
v -0.014784 0.005175 0.032264
v -0.015585 0.006218 0.032409
v -0.015584 0.005646 0.033839
v -0.015801 0.006303 0.032890
v -0.015798 0.006101 0.033784
v -0.015977 0.006929 0.033853
v -0.015934 0.007281 0.031492
v -0.015828 0.006966 0.032899
v -0.015887 0.007329 0.033168
v -0.015918 0.007452 0.033907
v -0.016745 0.007604 0.032581
v -0.015593 0.007799 0.034018
v -0.015545 0.007488 0.032289
v -0.015276 0.007859 0.032532
v -0.015427 0.007880 0.032780
v -0.014537 0.008705 0.032715
v -0.014547 0.008704 0.031493
v -0.014809 0.008254 0.033163
v -0.015023 0.008238 0.033991
v -0.009525 0.011798 0.032584
v -0.010791 0.011646 0.032287
v -0.013739 0.009181 0.032725
v -0.009366 0.011813 0.032371
v -0.015128 0.008294 0.035563
v -0.015644 0.007859 0.035478
v -0.015879 0.007474 0.035397
v -0.009163 0.013350 0.032182
v -0.008853 0.012060 0.031458
v -0.007509 0.012319 0.031297
v -0.008820 0.011419 0.032525
v -0.007611 0.013606 0.032125
v -0.009438 0.011289 0.032572
v -0.007978 0.012150 0.032038
v -0.006801 0.012173 0.032183
v -0.006860 0.012872 0.032213
v -0.006917 0.011594 0.032143
v -0.006091 0.011481 0.031855
v -0.006702 0.012273 0.031325
v -0.006367 0.010857 0.032728
v -0.006651 0.010239 0.033572
v -0.007592 0.010308 0.033874
v -0.007538 0.011530 0.032373
v -0.007562 0.011059 0.032982
v -0.008840 0.010232 0.034126
v -0.008850 0.011020 0.033112
v -0.007670 0.009621 0.034561
v -0.005761 0.010120 0.033274
v -0.004281 0.010456 0.031928
v -0.004948 0.010513 0.032304
v -0.004954 0.009917 0.032932
v -0.004877 0.009210 0.033516
v -0.006272 0.009502 0.034029
v -0.005914 0.008557 0.034596
v -0.004311 0.009172 0.033227
v -0.003618 0.008771 0.032527
v -0.003017 0.009304 0.031726
v -0.004301 0.008686 0.033304
v -0.003881 0.009526 0.032394
v -0.002913 0.008844 0.031716
v -0.001783 0.008299 0.031663
v -0.002058 0.008951 0.031720
v -0.003101 0.010507 0.030858
v -0.003314 0.010543 0.031939
v -0.002103 0.009081 0.031743
v -0.002577 0.009680 0.030876
v -0.001497 0.010626 0.031658
v -0.003311 0.010458 0.031919
v -0.003847 0.010880 0.031989
v -0.003953 0.011507 0.031910
v -0.004453 0.012767 0.032224
v -0.004690 0.011561 0.031049
v -0.005055 0.012608 0.030620
v -0.004844 0.012939 0.032362
v -0.001196 0.004614 0.031354
v -0.002848 0.002531 0.032894
v -0.001664 0.003202 0.031108
v -0.000661 0.003106 0.030082
v -0.002834 0.001570 0.032893
v -0.003330 0.001475 0.033661
v -0.002907 0.001020 0.032961
v -0.000874 0.002377 0.029978
v 0.000235 0.003022 0.031298
v -0.000120 0.001984 0.031425
v -0.001622 0.002144 0.031049
v -0.003883 -0.000260 0.034168
v -0.002416 0.001109 0.030746
v -0.001476 0.000591 0.032296
v -0.003716 -0.000075 0.032748
v -0.002298 0.001104 0.031390
v -0.004563 -0.001029 0.034198
v -0.002962 0.000594 0.031500
v -0.003017 0.000794 0.031231
v -0.004862 -0.001487 0.034544
v -0.003766 0.000220 0.031285
v -0.004950 -0.001236 0.033537
v -0.003522 0.000026 0.031664
v -0.004344 -0.000067 0.031753
v -0.017159 0.007059 0.032325
v -0.011293 -0.000562 0.034988
v -0.012968 0.000576 0.036185
v -0.010286 -0.002262 0.035693
v -0.009371 -0.001918 0.035041
vn 0.0397 0.2501 0.9674
vn -0.2976 0.9154 -0.2711
vn -0.3518 0.9314 -0.0935
vn 0.1463 -0.0096 0.9892
vn 0.0132 0.1925 0.9812
vn 0.1892 -0.0346 0.9813
vn 0.1615 -0.0092 0.9868
vn 0.1854 -0.0235 0.9824
vn 0.1720 -0.0194 0.9849
vn 0.1466 -0.0141 0.9891
vn 0.2107 -0.0239 0.9773
vn -0.0354 -0.0023 0.9994
vn 0.0713 -0.0067 0.9974
vn 0.0774 -0.0068 0.9970
vn 0.0976 -0.0064 0.9952
vn 0.0902 -0.0068 0.9959
vn 0.0607 -0.0096 0.9981
vn 0.0562 -0.0103 0.9984
vn 0.0365 -0.0141 0.9992
vn 0.1019 0.0170 0.9946
vn 0.1879 0.0696 0.9797
vn 0.1697 0.0574 0.9838
vn 0.0198 -0.0584 0.9981
vn 0.0117 -0.0653 0.9978
vn -0.1393 -0.2020 0.9694
vn -0.0197 -0.0878 0.9959
vn 0.0010 -0.0670 0.9978
vn 0.0187 -0.0478 0.9987
vn 0.0158 -0.0510 0.9986
vn 0.1170 0.0717 0.9905
vn -0.0120 -0.0867 0.9962
vn 0.3449 0.9234 -0.1688
vn 0.3350 0.8402 0.4264
vn 0.0097 -0.1281 0.9917
vn -0.0627 0.4896 0.8697
vn -0.0514 -0.0547 -0.9972
vn 0.0693 0.1648 0.9839
vn 0.0106 -0.3596 0.9330
vn 0.0204 0.9905 -0.1358
vn 0.0236 0.9894 -0.1431
vn 0.2267 -0.8716 -0.4347
vn 0.0994 -0.8455 -0.5247
vn -0.0712 -0.8260 -0.5591
vn 0.0268 -0.8284 -0.5595
vn 0.0106 -0.8166 -0.5771
vn 0.0390 -0.8450 -0.5334
vn -0.0152 -0.8174 -0.5759
vn 0.8170 0.0004 0.5767
vn 0.1736 -0.7203 0.6716
vn -0.1718 -0.7729 -0.6108
vn -0.0756 -0.8361 -0.5433
vn -0.0667 -0.1322 -0.9890
vn -0.0960 0.2268 -0.9692
vn -0.0343 -0.8477 -0.5294
vn -0.0757 -0.0748 -0.9943
vn -0.1802 -0.7964 -0.5773
vn -0.0301 -0.8481 -0.5290
vn -0.2536 -0.7357 -0.6281
vn -0.2008 -0.7452 -0.6359
vn -0.1398 -0.7901 -0.5968
vn -0.2005 -0.7859 -0.5849
vn -0.2052 -0.7847 -0.5849
vn -0.0744 -0.0681 -0.9949
vn -0.0749 -0.1081 -0.9913
vn -0.0752 -0.0920 -0.9929
vn 0.1653 0.3962 0.9032
vn -0.3119 -0.7279 -0.6107
vn -0.3195 -0.7149 -0.6220
vn -0.2491 -0.7244 -0.6428
vn 0.9200 -0.1676 0.3543
vn -0.2483 -0.7288 -0.6381
vn -0.3081 -0.7422 -0.5951
vn -0.4593 -0.7144 -0.5279
vn -0.4690 -0.7068 -0.5296
vn -0.3433 -0.7365 -0.5829
vn -0.4257 -0.7111 -0.5596
vn -0.9097 -0.4153 0.0014
vn -0.5280 -0.6313 -0.5681
vn -0.5305 -0.6212 -0.5768
vn -0.5479 -0.6072 -0.5754
vn -0.4088 -0.9039 -0.1256
vn -0.5959 -0.5929 -0.5417
vn -0.5576 -0.6075 -0.5657
vn -0.6222 -0.6098 -0.4910
vn 0.0241 0.1848 -0.9825
vn -0.0636 0.0058 -0.9980
vn 0.6456 0.3786 0.6633
vn 0.4618 0.5501 0.6958
vn 0.5936 0.3558 0.7218
vn -0.7869 -0.5731 -0.2287
vn -0.7653 -0.5978 -0.2387
vn 0.9134 0.1149 0.3906
vn -0.8963 -0.4332 -0.0948
vn -0.9774 -0.2067 -0.0436
vn -0.9871 -0.0377 -0.1553
vn -0.9434 -0.3069 -0.1253
vn -0.9970 -0.0410 0.0660
vn -0.9822 -0.1848 0.0326
vn -0.9868 -0.0458 -0.1556
vn -0.9913 0.1168 -0.0613
vn -0.6983 0.7008 -0.1458
vn -0.3273 -0.9442 0.0360
vn -0.2471 0.6876 0.6828
vn -0.6988 0.7004 -0.1454
vn 0.7409 -0.6495 0.1710
vn 0.8009 -0.3055 0.5150
vn -0.5742 -0.7669 -0.2867
vn 0.0929 0.2510 -0.9635
vn 0.0531 0.1670 -0.9845
vn 0.7537 -0.6572 -0.0056
vn 0.7897 -0.6108 0.0574
vn -0.8057 0.5787 -0.1264
vn -0.3204 0.9261 0.1991
vn -0.8528 0.5222 0.0065
vn -0.6085 0.7807 -0.1421
vn -0.5620 0.8169 -0.1295
vn -0.2541 0.5129 0.8200
vn -0.6309 0.7707 0.0895
vn -0.4547 0.7512 0.4784
vn -0.1250 -0.0265 -0.9918
vn -0.0300 0.0712 -0.9970
vn 0.2072 0.1590 -0.9653
vn -0.7550 -0.2995 -0.5833
vn 0.5862 -0.7124 0.3858
vn 0.1447 -0.7650 -0.6276
vn -0.5542 0.8297 -0.0668
vn -0.6394 0.7670 -0.0537
vn 0.5525 -0.5282 -0.6448
vn -0.6110 0.7886 -0.0691
vn -0.8550 0.5184 0.0150
vn 0.6852 -0.2764 -0.6739
vn 0.4872 -0.5121 -0.7074
vn -0.7202 0.6917 -0.0534
vn -0.9938 0.1082 0.0249
vn -0.4841 0.8343 -0.2636
vn 0.6380 -0.0135 -0.7699
vn 0.5304 -0.2914 -0.7961
vn -0.2916 -0.0790 -0.9533
vn 0.8770 -0.0573 0.4770
vn -0.5699 0.7702 -0.2863
vn 0.4925 -0.8693 0.0418
vn 0.1992 -0.5191 0.8312
vn -0.1026 0.8513 0.5145
vn -0.1383 0.8471 0.5131
vn 0.5569 -0.0908 -0.8256
vn -0.1095 0.8436 0.5257
vn -0.4352 -0.5180 0.7364
vn 0.0669 0.0428 -0.9968
vn -0.1430 -0.0227 -0.9895
vn -0.1455 0.8677 0.4754
vn 0.2061 0.0773 -0.9755
vn -0.7469 -0.4010 0.5304
vn 0.0670 0.0480 -0.9966
vn 0.0892 0.0498 -0.9948
vn -0.7676 0.1105 0.6313
vn 0.3137 0.7227 0.6159
vn 0.3216 0.6859 0.6528
vn 0.9759 -0.0551 0.2109
vn 0.2971 0.7196 0.6276
vn 0.2582 0.7243 0.6393
vn 0.2062 0.7450 0.6344
vn 0.1358 0.7975 0.5879
vn 0.1457 0.7792 0.6096
vn 0.0384 0.7892 0.6130
vn 0.0841 0.7608 0.6435
vn 0.0478 0.8671 0.4958
vn 0.0067 0.8675 0.4973
vn 0.0373 0.7896 0.6125
vn -0.0221 0.7897 0.6132
vn -0.0670 0.8842 0.4622
vn -0.0055 0.8270 0.5622
vn -0.0794 0.8261 0.5579
vn -0.1576 0.8978 0.4112
vn -0.0004 0.8067 0.5910
vn 0.2720 0.6648 0.6958
vn 0.5299 0.5689 0.6289
vn 0.1341 0.7951 0.5914
vn -0.2601 0.9162 0.3048
vn 0.0638 0.4430 -0.8943
vn 0.3113 0.6893 0.6542
vn 0.3060 0.7157 0.6278
vn 0.3096 0.6901 0.6541
vn 0.4300 0.6431 0.6337
vn 0.4036 0.6787 0.6136
vn 0.3686 0.7120 0.5977
vn 0.4349 0.6012 0.6704
vn 0.3860 0.5686 0.7265
vn 0.4722 0.4982 0.7272
vn 0.3212 0.7194 0.6159
vn 0.3854 0.5777 0.7195
vn 0.5960 0.5670 0.5686
vn 0.4327 0.6594 0.6149
vn 0.3975 0.6842 0.6115
vn 0.5008 0.4014 0.7669
vn 0.4078 0.5533 0.7263
vn -0.4860 -0.3593 -0.7967
vn -0.3748 -0.4422 -0.8149
vn 0.7394 0.1206 0.6623
vn 0.7434 0.1434 0.6533
vn 0.5813 0.5966 0.5533
vn 0.7925 0.1118 0.5996
vn 0.6559 0.2149 0.7236
vn 0.6261 0.5472 0.5555
vn 0.4414 0.6330 0.6360
vn 0.3920 0.6109 0.6878
vn 0.5950 0.5494 0.5866
vn 0.8458 0.1524 0.5113
vn 0.7347 0.1506 0.6615
vn 0.7735 0.1566 0.6142
vn 0.7347 0.1704 0.6566
vn 0.7383 0.1542 0.6566
vn 0.0413 -0.0115 0.9991
vn -0.0310 -0.0999 0.9945
vn -0.0654 -0.1934 0.9789
vn 0.5667 0.5074 0.6492
vn -0.9626 -0.1992 -0.1837
vn 0.8587 0.1203 0.4982
vn 0.1993 0.8537 0.4810
vn -0.7222 0.3172 0.6147
vn 0.1380 -0.7197 0.6805
vn 0.2890 -0.0609 0.9554
vn -0.1537 0.0276 -0.9877
vn -0.2991 0.0632 -0.9521
vn 0.8701 -0.0743 0.4873
vn -0.0089 0.2209 -0.9752
vn 0.0883 -0.9948 0.0504
vn -0.1117 0.0229 -0.9935
vn 0.0089 -0.1528 0.9882
vn 0.6000 0.0005 -0.8000
vn -0.2212 0.0852 0.9715
vn -0.4988 0.0184 -0.8665
vn -0.7018 -0.4214 0.5744
vn -0.7306 0.2382 0.6399
vn 0.4123 0.6557 0.6325
vn 0.3314 0.6895 0.6441
vn -0.9166 -0.1716 0.3612
vn 0.4210 0.4663 0.7780
vn -0.3277 -0.9201 0.2143
vn 0.1873 0.6427 0.7428
vn 0.0186 -0.9827 0.1842
vn 0.3894 -0.7296 0.5621
vn -0.3224 0.0256 -0.9463
vn 0.0723 0.0491 -0.9962
vn -0.1408 0.0270 -0.9897
vn -0.2144 0.0476 -0.9756
vn -0.1808 -0.1107 0.9773
vn 0.1741 0.2692 0.9472
vn 0.9291 -0.0953 0.3574
vn 0.8395 -0.0394 0.5419
vn 0.7073 0.2255 0.6699
vn 0.6579 -0.3356 0.6742
vn 0.8406 -0.0105 0.5416
vn 0.8281 0.0285 0.5598
vn 0.9944 -0.0650 0.0828
vn 0.8384 0.0240 0.5445
vn 0.8982 -0.4379 -0.0378
vn 0.8898 -0.0609 0.4523
vn 0.7988 -0.0307 0.6008
vn 0.8904 -0.4480 0.0800
vn 0.8445 -0.1149 0.5231
vn 0.5267 -0.8496 -0.0277
vn -0.3737 0.8649 0.3351
vn -0.0224 -0.1140 -0.9932
vn -0.0797 -0.0365 -0.9962
vn -0.6589 -0.6079 0.4430
vn -0.7957 0.3339 0.5053
vn -0.1714 0.4525 0.8751
vn 0.2513 0.0891 -0.9638
vn -0.6398 0.1520 -0.7534
vn 0.3979 -0.8978 -0.1887
vn -0.4800 0.7507 0.4540
vn -0.6420 0.1717 -0.7473
vn 0.0992 0.7756 0.6234
vn -0.5341 -0.5286 -0.6597
vn -0.5697 0.8142 0.1119
vn -0.8050 0.5732 0.1529
vn 0.7490 -0.6601 0.0569
vn -0.2011 0.1395 -0.9696
vn 0.8732 -0.4316 0.2261
vn -0.4814 0.4659 -0.7424
vn 0.0468 -0.3385 -0.9398
vn -0.4252 0.6833 0.5935
vn 0.4317 -0.8540 -0.2905
vn 0.7684 -0.6398 -0.0127
vn 0.5844 -0.7829 -0.2135
vn -0.4651 0.6629 0.5867
vn 0.5271 -0.8127 -0.2484
vn -0.0983 0.8584 0.5036
vn -0.4607 0.6330 0.6221
vn 0.2104 -0.8775 -0.4310
vn 0.0289 -0.8147 -0.5791
vn 0.0801 0.2250 0.9710
vn -0.0945 -0.1883 -0.9776
vn 0.3458 0.6300 0.6953
vn 0.4949 -0.8321 -0.2504
vn 0.2094 -0.8745 -0.4375
vn -0.5884 0.7868 -0.1862
vn -0.4938 0.7536 -0.4339
vn -0.8695 0.4519 -0.1993
vn -0.4594 0.3185 -0.8292
vn 0.7390 0.1498 0.6568
vn -0.3600 0.9308 0.0627
vn 0.1433 0.3293 -0.9333
vn 0.5044 -0.6500 0.5684
vn -0.4222 -0.7151 -0.5571
vn 0.3457 0.6464 0.6803
vn -0.9399 -0.1779 -0.2916
vn -0.9603 -0.1168 -0.2535
vn -0.9562 0.1837 -0.2278
vn -0.8200 -0.4313 -0.3761
vn -0.8556 -0.3963 -0.3330
vn -0.9368 -0.1953 -0.2904
vn -0.7819 -0.5819 -0.2236
vn -0.6983 -0.5642 -0.4405
vn -0.6641 -0.5678 -0.4864
vn -0.7153 -0.5361 -0.4483
vn 0.2041 0.8360 -0.5093
vn 0.3219 0.8551 -0.4064
vn 0.8042 0.3559 -0.4761
vn -0.7881 -0.5664 -0.2409
vn 0.8509 0.3360 -0.4037
vn 0.9015 0.2669 -0.3406
vn -0.7706 -0.5869 -0.2486
vn -0.1368 -0.7845 -0.6049
vn -0.6242 0.4532 -0.6364
vn 0.3740 0.7310 -0.5707
vn -0.4074 -0.6614 -0.6298
vn 0.8284 0.2528 -0.4999
vn 0.3292 0.9239 -0.1952
vn 0.2661 0.9185 -0.2924
vn -0.8982 0.4205 -0.1280
vn -0.2682 -0.8182 -0.5085
vn -0.2906 -0.8073 -0.5136
vn -0.4653 -0.7151 -0.5216
vn -0.0820 -0.1137 -0.9901
vn -0.0527 0.1103 -0.9925
vn -0.1910 -0.7979 -0.5717
vn -0.1072 -0.8063 -0.5817
vn -0.1140 -0.7809 -0.6141
vn 0.2591 0.9577 -0.1254
s 0
f 1918//3779 1919//3779 1921//3779
f 1918//3780 1920//3780 1919//3780
f 1918//3781 1957//3781 1920//3781
f 1918//3782 1921//3782 1922//3782
f 1918//3783 1922//3783 1923//3783
f 1918//3784 1923//3784 1924//3784
f 1918//3785 1924//3785 1925//3785
f 1918//3786 1925//3786 1926//3786
f 1918//3787 1926//3787 1927//3787
f 1918//3788 1927//3788 1928//3788
f 1918//3789 1928//3789 1929//3789
f 1918//3790 1929//3790 1930//3790
f 1918//3791 1930//3791 1931//3791
f 1918//3792 1931//3792 1932//3792
f 1918//3793 1932//3793 1933//3793
f 1918//3794 1933//3794 1934//3794
f 1918//3795 1934//3795 1935//3795
f 1918//3796 1935//3796 1936//3796
f 1918//3797 1936//3797 1937//3797
f 1918//3798 1937//3798 1938//3798
f 1918//3799 1938//3799 1939//3799
f 1918//3800 1939//3800 1940//3800
f 1918//3801 1940//3801 1941//3801
f 1918//3802 1941//3802 1942//3802
f 1918//3803 1942//3803 1943//3803
f 1918//3804 1943//3804 1944//3804
f 1918//3805 1944//3805 1945//3805
f 1918//3806 1945//3806 1946//3806
f 1918//3807 1946//3807 1947//3807
f 1918//3808 1947//3808 1948//3808
f 1918//3809 1948//3809 1949//3809
f 1918//3810 1949//3810 1950//3810
f 1918//3811 1950//3811 1951//3811
f 1918//3812 1951//3812 1952//3812
f 1918//3813 1952//3813 1953//3813
f 1918//3814 1953//3814 1954//3814
f 1918//3815 1954//3815 1955//3815
f 1918//3816 1955//3816 1956//3816
f 1918//3817 1956//3817 1957//3817
f 1956//3818 1959//3818 1957//3818
f 1920//3819 1957//3819 1958//3819
f 1957//3820 1961//3820 1958//3820
f 1957//3821 1959//3821 1960//3821
f 1957//3822 1960//3822 1961//3822
f 1960//3823 1963//3823 1961//3823
f 1958//3824 1961//3824 1962//3824
f 1961//3825 1963//3825 1962//3825
f 1960//3826 1964//3826 1963//3826
f 1962//3827 1963//3827 1964//3827
f 1960//3828 1965//3828 1964//3828
f 1965//3829 1966//3829 1964//3829
f 1962//3830 1964//3830 1966//3830
f 1962//3831 1966//3831 1967//3831
f 1965//3832 1967//3832 1966//3832
f 1962//3833 1967//3833 1968//3833
f 1970//3834 1968//3834 1967//3834
f 1969//3835 1967//3835 1965//3835
f 1969//3836 1970//3836 1967//3836
f 1971//3837 1970//3837 1969//3837
f 1971//3838 1972//3838 1970//3838
f 1972//3839 1973//3839 1970//3839
f 1970//3840 1973//3840 1968//3840
f 1962//3841 1973//3841 1972//3841
f 1962//3842 1968//3842 1973//3842
f 1962//3843 1972//3843 1974//3843
f 1972//3844 1976//3844 1974//3844
f 1971//3845 1975//3845 1972//3845
f 1972//3846 1975//3846 1976//3846
f 1977//3847 1976//3847 1975//3847
f 1977//3848 1974//3848 1976//3848
f 1971//3849 1977//3849 1975//3849
f 1971//3850 1978//3850 1977//3850
f 1978//3851 1979//3851 1977//3851
f 1977//3852 1979//3852 1982//3852
f 1977//3853 1980//3853 1974//3853
f 1977//3854 1981//3854 1980//3854
f 1977//3855 1984//3855 1981//3855
f 1977//3856 1982//3856 1983//3856
f 1977//3857 1983//3857 1984//3857
f 1983//3858 1985//3858 1984//3858
f 1981//3859 1984//3859 1985//3859
f 1982//3860 1986//3860 1985//3860
f 1982//3861 1985//3861 1983//3861
f 1981//3862 1985//3862 1986//3862
f 1962//3863 1986//3863 1987//3863
f 1962//3864 1981//3864 1986//3864
f 1986//3865 1989//3865 1987//3865
f 1982//3866 1988//3866 1986//3866
f 1988//3867 1989//3867 1986//3867
f 1990//3868 1989//3868 1988//3868
f 1990//3869 1991//3869 1989//3869
f 1991//3870 1987//3870 1989//3870
f 1990//3871 1992//3871 1991//3871
f 1992//3872 1993//3872 1991//3872
f 1991//3873 1993//3873 1995//3873
f 1991//3874 1994//3874 1987//3874
f 1991//3875 1995//3875 1994//3875
f 1995//3876 1996//3876 1994//3876
f 1993//3877 1996//3877 1995//3877
f 1993//3878 1997//3878 1996//3878
f 1997//3879 1999//3879 1996//3879
f 1994//3880 1996//3880 1998//3880
f 1996//3881 2002//3881 1998//3881
f 1996//3882 1999//3882 2000//3882
f 1996//3883 2000//3883 2001//3883
f 1996//3884 2001//3884 2002//3884
f 1962//3885 2002//3885 2001//3885
f 1962//3886 1998//3886 2002//3886
f 1962//3887 2001//3887 2003//3887
f 2001//3888 2004//3888 2003//3888
f 2000//3889 2004//3889 2001//3889
f 1999//3890 2004//3890 2000//3890
f 1999//3891 2005//3891 2004//3891
f 2005//3892 2003//3892 2004//3892
f 1999//3893 2006//3893 2005//3893
f 2006//3894 2007//3894 2005//3894
f 2005//3895 2007//3895 2008//3895
f 2005//3896 2008//3896 2009//3896
f 2005//3897 2009//3897 2003//3897
f 1962//3898 2009//3898 2008//3898
f 1962//3899 2003//3899 2009//3899
f 1962//3900 2008//3900 2007//3900
f 1962//3901 2007//3901 2010//3901
f 1940//3902 2010//3902 2007//3902
f 1940//3903 2007//3903 2011//3903
f 2011//3904 2007//3904 2006//3904
f 2012//3905 2011//3905 1999//3905
f 2012//3906 1940//3906 2011//3906
f 1999//3907 2011//3907 2006//3907
f 2013//3908 2012//3908 1997//3908
f 2013//3909 1941//3909 2012//3909
f 1941//3910 1940//3910 2012//3910
f 1997//3911 2012//3911 1999//3911
f 1993//3912 2013//3912 1997//3912
f 1993//3913 1943//3913 2013//3913
f 1943//3914 1942//3914 2013//3914
f 2013//3915 1942//3915 1941//3915
f 1962//3916 2010//3916 2014//3916
f 2010//3917 2015//3917 2014//3917
f 1940//3918 1939//3918 2010//3918
f 1939//3919 2015//3919 2010//3919
f 2016//3920 2018//3920 2015//3920
f 2016//3921 2015//3921 2017//3921
f 2015//3922 2019//3922 2017//3922
f 2018//3923 2020//3923 2015//3923
f 1939//3924 2019//3924 2015//3924
f 2015//3925 2020//3925 2014//3925
f 1962//3926 2020//3926 2018//3926
f 1962//3927 2014//3927 2020//3927
f 1939//3928 2017//3928 2019//3928
f 1962//3929 2018//3929 2021//3929
f 2021//3930 2018//3930 2016//3930
f 1962//3931 2021//3931 2022//3931
f 2022//3932 2021//3932 2023//3932
f 2023//3933 2021//3933 2016//3933
f 2024//3934 2023//3934 2026//3934
f 2024//3935 2025//3935 2023//3935
f 2022//3936 2023//3936 2025//3936
f 2026//3937 2023//3937 2027//3937
f 2027//3938 2023//3938 2028//3938
f 2023//3939 2030//3939 2028//3939
f 2023//3940 2016//3940 2029//3940
f 2023//3941 2029//3941 2030//3941
f 2029//3942 2031//3942 2030//3942
f 2028//3943 2030//3943 2031//3943
f 2028//3944 2031//3944 1935//3944
f 2031//3945 1936//3945 1935//3945
f 2029//3946 2032//3946 2031//3946
f 2031//3947 2032//3947 1937//3947
f 2031//3948 1937//3948 1936//3948
f 2029//3949 2017//3949 2032//3949
f 2017//3950 1938//3950 2032//3950
f 2032//3951 1938//3951 1937//3951
f 2016//3952 2017//3952 2029//3952
f 2027//3953 2028//3953 2033//3953
f 2028//3954 1934//3954 2033//3954
f 2028//3955 1935//3955 1934//3955
f 2027//3956 2033//3956 1933//3956
f 2033//3957 1934//3957 1933//3957
f 2034//3958 2027//3958 1932//3958
f 2034//3959 2026//3959 2027//3959
f 2027//3960 1933//3960 1932//3960
f 2035//3961 2034//3961 2037//3961
f 2035//3962 2036//3962 2034//3962
f 2036//3963 2024//3963 2034//3963
f 2037//3964 2034//3964 2038//3964
f 2038//3965 2034//3965 2039//3965
f 2034//3966 1932//3966 2039//3966
f 2034//3967 2024//3967 2026//3967
f 2038//3968 2039//3968 2040//3968
f 2040//3969 2039//3969 1930//3969
f 2039//3970 1931//3970 1930//3970
f 2039//3971 1932//3971 1931//3971
f 2041//3972 2040//3972 1928//3972
f 2041//3973 2038//3973 2040//3973
f 2040//3974 1929//3974 1928//3974
f 2040//3975 1930//3975 1929//3975
f 2042//3976 2041//3976 2044//3976
f 2042//3977 2043//3977 2041//3977
f 2043//3978 2045//3978 2041//3978
f 2044//3979 2041//3979 1927//3979
f 2041//3980 1928//3980 1927//3980
f 2041//3981 2045//3981 2035//3981
f 2041//3982 2035//3982 2037//3982
f 2041//3983 2037//3983 2038//3983
f 2043//3984 2035//3984 2045//3984
f 1924//3985 2044//3985 1925//3985
f 1924//3986 2042//3986 2044//3986
f 2044//3987 1926//3987 1925//3987
f 2044//3988 1927//3988 1926//3988
f 2042//3989 2046//3989 2043//3989
f 2047//3990 2043//3990 2046//3990
f 2047//3991 2048//3991 2043//3991
f 2043//3992 2048//3992 2051//3992
f 2043//3993 2049//3993 2035//3993
f 2043//3994 2050//3994 2049//3994
f 2043//3995 2052//3995 2050//3995
f 2043//3996 2051//3996 2052//3996
f 2051//3997 2053//3997 2052//3997
f 2050//3998 2052//3998 2053//3998
f 1962//3999 2053//3999 2051//3999
f 1962//4000 2050//4000 2053//4000
f 1962//4001 2051//4001 2048//4001
f 1962//4002 2054//4002 2050//4002
f 2050//4003 2054//4003 2035//4003
f 2050//4004 2035//4004 2049//4004
f 1962//4005 2055//4005 2054//4005
f 2035//4006 2054//4006 2055//4006
f 1962//4007 2056//4007 2055//4007
f 2035//4008 2055//4008 2056//4008
f 1962//4009 2057//4009 2056//4009
f 2056//4010 2057//4010 2058//4010
f 2035//4011 2056//4011 2058//4011
f 2035//4012 2058//4012 2036//4012
f 2058//4013 2024//4013 2036//4013
f 2058//4014 2057//4014 2059//4014
f 2058//4015 2059//4015 2024//4015
f 2057//4016 2060//4016 2059//4016
f 2059//4017 2025//4017 2024//4017
f 2059//4018 2060//4018 2022//4018
f 2059//4019 2022//4019 2025//4019
f 1962//4020 2060//4020 2057//4020
f 1962//4021 2022//4021 2060//4021
f 1962//4022 2048//4022 2047//4022
f 1962//4023 2047//4023 2061//4023
f 2061//4024 2047//4024 2063//4024
f 1924//4025 2047//4025 2046//4025
f 1924//4026 2062//4026 2047//4026
f 2063//4027 2047//4027 2062//4027
f 2064//4028 2063//4028 2065//4028
f 2064//4029 2061//4029 2063//4029
f 2065//4030 2063//4030 2066//4030
f 2066//4031 2063//4031 2062//4031
f 1923//4032 2066//4032 1924//4032
f 1923//4033 2065//4033 2066//4033
f 2066//4034 2062//4034 1924//4034
f 2067//4035 2065//4035 1923//4035
f 2067//4036 2064//4036 2065//4036
f 1922//4037 2067//4037 1923//4037
f 1922//4038 2068//4038 2067//4038
f 2068//4039 2069//4039 2067//4039
f 2067//4040 2069//4040 2064//4040
f 1962//4041 2069//4041 2070//4041
f 1962//4042 2061//4042 2069//4042
f 2069//4043 2061//4043 2064//4043
f 2070//4044 2069//4044 2068//4044
f 1962//4045 2070//4045 2071//4045
f 2073//4046 2071//4046 2070//4046
f 2072//4047 2070//4047 2074//4047
f 2072//4048 2073//4048 2070//4048
f 2070//4049 2068//4049 2074//4049
f 2072//4050 2074//4050 1922//4050
f 1922//4051 2074//4051 2068//4051
f 2075//4052 2073//4052 2077//4052
f 2075//4053 2076//4053 2073//4053
f 2076//4054 2071//4054 2073//4054
f 2077//4055 2073//4055 2072//4055
f 1921//4056 2077//4056 2072//4056
f 1921//4057 2075//4057 2077//4057
f 1962//4058 2076//4058 2078//4058
f 1962//4059 2071//4059 2076//4059
f 2079//4060 2078//4060 2076//4060
f 2079//4061 2076//4061 2075//4061
f 2080//4062 2079//4062 2075//4062
f 2080//4063 2081//4063 2079//4063
f 2081//4064 2078//4064 2079//4064
f 2082//4065 2081//4065 2080//4065
f 2082//4066 2083//4066 2081//4066
f 2083//4067 2078//4067 2081//4067
f 1958//4068 2083//4068 2082//4068
f 1958//4069 2084//4069 2083//4069
f 1962//4070 2083//4070 2084//4070
f 1962//4071 2078//4071 2083//4071
f 1958//4072 1962//4072 2084//4072
f 1920//4073 2082//4073 2080//4073
f 1920//4074 1958//4074 2082//4074
f 1920//4075 2080//4075 1919//4075
f 1919//4076 2080//4076 1921//4076
f 2080//4077 2075//4077 1921//4077
f 1921//4078 2072//4078 1922//4078
f 1924//4079 2046//4079 2042//4079
f 1939//4080 1938//4080 2017//4080
f 1962//4081 2085//4081 1998//4081
f 1994//4082 1998//4082 2085//4082
f 1962//4083 1987//4083 2085//4083
f 1987//4084 1994//4084 2085//4084
f 1992//4085 1945//4085 1993//4085
f 1945//4086 1944//4086 1993//4086
f 1993//4087 1944//4087 1943//4087
f 1990//4088 1947//4088 1992//4088
f 1947//4089 1946//4089 1992//4089
f 1992//4090 1946//4090 1945//4090
f 2086//4091 1990//4091 1988//4091
f 2086//4092 2087//4092 1990//4092
f 2087//4093 1948//4093 1990//4093
f 1990//4094 1948//4094 1947//4094
f 2086//4095 1950//4095 2087//4095
f 1950//4096 1949//4096 2087//4096
f 2087//4097 1949//4097 1948//4097
f 2088//4098 2086//4098 1982//4098
f 2088//4099 1951//4099 2086//4099
f 1951//4100 1950//4100 2086//4100
f 2086//4101 1988//4101 1982//4101
f 2089//4102 2088//4102 1978//4102
f 2089//4103 1953//4103 2088//4103
f 1953//4104 1952//4104 2088//4104
f 2088//4105 1982//4105 1978//4105
f 2088//4106 1952//4106 1951//4106
f 1955//4107 2089//4107 1959//4107
f 1955//4108 1954//4108 2089//4108
f 1954//4109 1953//4109 2089//4109
f 1959//4110 2089//4110 1971//4110
f 2089//4111 1978//4111 1971//4111
f 1978//4112 1982//4112 1979//4112
f 1962//4113 1980//4113 1981//4113
f 1962//4114 1974//4114 1980//4114
f 1959//4115 1971//4115 1969//4115
f 1959//4116 1969//4116 1960//4116
f 1960//4117 1969//4117 1965//4117
f 1956//4118 1955//4118 1959//4118
o geometry_9.016
v -0.006114 -0.008366 -0.000726
v -0.005467 -0.010452 0.002011
v -0.005961 -0.008499 0.001221
v -0.004956 -0.011040 0.001534
v -0.006035 -0.010453 -0.000895
v -0.013961 -0.011668 -0.000702
v -0.013177 -0.008634 -0.000466
v -0.013090 -0.008556 -0.000183
v -0.013786 -0.011306 -0.002055
v -0.010289 -0.010310 -0.000567
v -0.004823 -0.010955 0.002496
vn 0.8166 0.5355 0.2154
vn 0.9732 0.2215 -0.0610
vn -0.0217 0.9973 0.0702
vn 0.9177 0.0663 -0.3917
vn -0.0364 0.0793 -0.9962
vn -0.0400 0.0880 -0.9953
vn -0.0462 0.9657 -0.2556
vn -0.9583 0.0511 0.2812
vn -0.1850 0.3281 0.9264
vn -0.3529 -0.6995 0.6214
vn -0.2077 -0.5139 0.8323
vn 0.0128 -0.8445 0.5354
vn -0.0435 -0.9904 -0.1312
vn -0.4511 0.2482 0.8573
vn -0.7233 -0.6720 0.1589
vn 0.6788 0.7173 -0.1568
vn -0.1415 0.9608 0.2385
vn 0.9655 -0.2541 0.0573
s 0
f 2090//4119 2091//4119 2093//4119
f 2090//4120 2092//4120 2091//4120
f 2090//4121 2097//4121 2092//4121
f 2090//4122 2093//4122 2094//4122
f 2090//4123 2094//4123 2095//4123
f 2090//4124 2095//4124 2096//4124
f 2090//4125 2096//4125 2097//4125
f 2096//4126 2098//4126 2097//4126
f 2092//4127 2097//4127 2091//4127
f 2091//4128 2097//4128 2099//4128
f 2097//4129 2098//4129 2099//4129
f 2094//4130 2099//4130 2098//4130
f 2094//4131 2100//4131 2099//4131
f 2091//4132 2099//4132 2100//4132
f 2094//4133 2093//4133 2100//4133
f 2091//4134 2100//4134 2093//4134
f 2094//4135 2098//4135 2095//4135
f 2096//4136 2095//4136 2098//4136
o geometry_9.017
v 0.038065 -0.000953 -0.041226
v 0.037918 -0.000847 -0.042240
v 0.038113 -0.002354 -0.041264
v 0.037868 0.000034 -0.042071
v 0.037914 0.000175 -0.041153
v 0.037937 0.000279 -0.039627
v 0.038098 -0.001072 -0.039725
v 0.038544 -0.003876 -0.039905
v 0.038238 -0.003828 -0.039800
v 0.038366 -0.002526 -0.039574
v 0.038298 -0.001039 -0.039588
v 0.038275 -0.000205 -0.039632
v 0.038194 0.000218 -0.039546
v 0.038154 0.000665 -0.039566
v 0.038170 0.000715 -0.039595
v 0.034640 0.008978 -0.038971
v 0.033944 0.010463 -0.038838
v 0.032113 0.014196 -0.038478
v 0.031437 0.014708 -0.038434
v 0.030822 0.014998 -0.038332
v 0.030093 0.015208 -0.038297
v 0.029135 0.015492 -0.038297
v 0.028661 0.015605 -0.038287
v 0.027737 0.015785 -0.038291
v 0.027254 0.015852 -0.038282
v 0.024270 0.016025 -0.038193
v 0.022774 0.015988 -0.038097
v 0.022925 0.016114 -0.037952
v 0.023082 -0.011814 -0.039275
v 0.036817 -0.005691 -0.039859
v 0.037815 -0.005310 -0.039890
v 0.038267 -0.005014 -0.039919
v 0.038501 -0.004791 -0.039924
v 0.038094 -0.003783 -0.041398
v 0.038161 -0.004930 -0.039822
v 0.038235 -0.003933 -0.041744
v 0.038423 -0.005168 -0.041788
v 0.038004 -0.003816 -0.042107
v 0.037913 -0.002097 -0.042266
v 0.038065 -0.003775 -0.041809
v 0.037748 -0.003412 -0.042167
v 0.037484 -0.003123 -0.042493
v 0.036785 -0.003804 -0.042447
v 0.036715 -0.003951 -0.042162
v 0.037015 -0.003543 -0.042382
v 0.028822 -0.006890 -0.041587
v 0.023838 -0.009159 -0.041432
v 0.023895 -0.008623 -0.041640
v 0.034865 -0.004437 -0.042257
v 0.036940 -0.002123 -0.042520
v 0.036844 -0.000624 -0.042657
v 0.027229 0.014566 -0.043741
v 0.023439 -0.006744 -0.041771
v 0.023774 -0.007055 -0.041926
v 0.034929 -0.005238 -0.042845
v 0.023813 -0.005722 -0.042123
v 0.023600 -0.010962 -0.038470
v 0.022697 0.015431 -0.043909
v 0.022504 0.015487 -0.043668
v 0.028706 0.014610 -0.043789
v 0.024205 0.015622 -0.043718
v 0.022801 0.016157 -0.044019
v 0.022774 0.016694 -0.043974
v 0.030096 0.015185 -0.044284
v 0.029561 0.014846 -0.043865
v 0.031197 0.013774 -0.043528
v 0.029963 0.014147 -0.043745
v 0.031185 0.014143 -0.043290
v 0.029818 0.014317 -0.043697
v 0.024035 0.016174 -0.043629
v 0.022444 0.017151 -0.043691
v 0.022447 0.017636 -0.044994
v 0.021287 0.017033 -0.044411
v 0.029052 0.014995 -0.043021
v 0.022574 0.017994 -0.044133
v 0.022116 0.016783 -0.043298
v 0.023417 0.016354 -0.043301
v 0.022560 0.016920 -0.043575
v 0.022605 0.017024 -0.042244
v 0.022077 0.016814 -0.042161
v 0.030435 0.014872 -0.041786
v 0.030619 0.014885 -0.040938
v 0.030000 0.014994 -0.039843
v 0.030716 0.014849 -0.039892
v 0.029988 0.014927 -0.038300
v 0.030776 0.014707 -0.038383
v 0.030969 0.014644 -0.041369
v 0.031222 0.014518 -0.039923
v 0.031800 0.014126 -0.041424
v 0.031943 0.013517 -0.042785
v 0.031670 0.014044 -0.042798
v 0.032153 0.013396 -0.041504
v 0.037762 0.000718 -0.041058
v 0.037713 0.000382 -0.042240
v 0.037943 0.000474 -0.039505
v 0.037890 -0.000787 -0.042452
v 0.037379 0.000574 -0.042651
v 0.031742 0.013689 -0.043240
v 0.031642 0.014035 -0.043176
v 0.031121 0.014368 -0.042619
v 0.029884 0.014859 -0.042616
v 0.037681 -0.000692 -0.042550
v 0.036619 0.000801 -0.042774
v 0.031452 0.012615 -0.043505
v 0.037587 -0.002121 -0.042523
v 0.030271 0.012739 -0.043653
v 0.037982 -0.002266 -0.042144
v 0.022864 0.016913 -0.041129
v 0.022968 0.016581 -0.039720
v 0.023008 0.016260 -0.038750
v 0.036640 -0.004664 -0.040836
v 0.023823 -0.009495 -0.040840
vn 0.9875 0.0816 -0.1346
vn 0.9895 0.0378 -0.1396
vn 0.9646 0.0402 -0.2607
vn 0.9881 0.1371 -0.0699
vn 0.9906 0.1345 -0.0242
vn 0.9927 0.1197 -0.0126
vn 0.9875 0.1575 -0.0095
vn 0.9757 0.1643 -0.1447
vn -0.3299 -0.6792 -0.6557
vn -0.3181 0.0349 -0.9474
vn -0.9457 -0.0461 -0.3218
vn -0.9404 -0.0439 -0.3373
vn 0.7384 0.0041 0.6743
vn -0.9958 -0.0876 0.0273
vn -0.8416 -0.0322 -0.5392
vn 0.0233 -0.0654 0.9976
vn 0.1003 -0.0418 0.9941
vn 0.1299 -0.0320 0.9910
vn 0.0054 -0.0768 0.9970
vn 0.1556 -0.0186 0.9876
vn 0.0270 -0.0720 0.9970
vn -0.0287 -0.0965 0.9949
vn 0.0020 -0.0818 0.9967
vn -0.0232 -0.0944 0.9953
vn 0.0085 -0.0772 0.9970
vn 0.0260 -0.0672 0.9974
vn 0.0645 -0.0395 0.9971
vn 0.4280 0.4130 -0.8039
vn 0.0646 -0.0469 0.9968
vn 0.0540 -0.0259 0.9982
vn 0.0338 -0.0067 0.9994
vn 0.0876 -0.0341 0.9956
vn 0.0423 -0.0231 0.9988
vn 0.6246 -0.6670 -0.4062
vn 0.9590 0.2722 -0.0788
vn 0.1478 -0.7966 -0.5861
vn -0.4140 0.8955 -0.1635
vn -0.9856 -0.1531 0.0723
vn 0.9370 0.1314 0.3237
vn 0.9738 0.2017 0.1055
vn 0.5850 0.8033 -0.1116
vn -0.8440 0.0047 0.5363
vn 0.5670 -0.1320 -0.8131
vn 0.4661 -0.7576 -0.4570
vn -0.4090 -0.6859 -0.6019
vn -0.6232 -0.7531 -0.2106
vn 0.4098 -0.4346 -0.8020
vn 0.7046 -0.1405 -0.6956
vn 0.4196 -0.4826 -0.7688
vn 0.2217 -0.8875 -0.4039
vn 0.2985 -0.8759 -0.3791
vn -0.6749 0.6721 -0.3046
vn -0.2257 0.4209 -0.8786
vn 0.3408 -0.7065 0.6202
vn 0.0799 -0.3689 -0.9260
vn -0.2750 0.6112 -0.7422
vn -0.0271 -0.0761 -0.9967
vn -0.0168 -0.0977 -0.9951
vn -0.0227 -0.0925 -0.9955
vn -0.0288 -0.0893 -0.9956
vn 0.8789 0.3260 -0.3481
vn 0.1095 -0.3461 0.9318
vn 0.1598 -0.5754 0.8022
vn -0.0579 -0.1440 -0.9879
vn -0.0617 -0.0690 -0.9957
vn -0.9994 0.0259 -0.0210
vn -0.9865 -0.0647 -0.1502
vn 0.7876 0.0930 0.6092
vn -0.0300 -0.0744 -0.9968
vn -0.0301 -0.0749 -0.9967
vn -0.0260 -0.0460 -0.9986
vn 0.0109 -0.4682 -0.8835
vn 0.7787 -0.0152 0.6272
vn -0.2880 0.1838 0.9398
vn -0.9969 -0.0430 -0.0665
vn 0.0393 0.0859 -0.9955
vn 0.1182 0.6934 0.7108
vn -0.0982 -0.5026 -0.8590
vn -0.1913 -0.8122 -0.5512
vn 0.4719 0.4891 -0.7336
vn 0.1481 -0.0839 -0.9854
vn 0.4100 0.3785 0.8298
vn -0.2603 0.1756 0.9494
vn 0.0199 0.3122 0.9498
vn 0.2256 0.8561 0.4649
vn -0.0927 -0.2126 -0.9727
vn -0.2979 -0.8945 -0.3335
vn 0.1014 0.5845 0.8051
vn 0.5431 -0.8005 0.2535
vn 0.3021 0.8223 -0.4823
vn 0.2482 0.9681 0.0333
vn 0.5697 -0.6012 -0.5603
vn -0.3805 -0.4227 -0.8225
vn -0.1614 -0.4939 0.8544
vn -0.2247 -0.6782 -0.6997
vn -0.9869 -0.0640 -0.1481
vn -0.9989 -0.0306 0.0363
vn 0.3768 -0.9244 0.0589
vn 0.4847 0.8441 0.2293
vn 0.2286 0.9714 -0.0644
vn 0.2297 0.9659 -0.1197
vn 0.2166 0.9759 0.0258
vn 0.2625 0.9534 -0.1487
vn 0.2121 -0.7707 -0.6009
vn 0.1996 0.9798 0.0158
vn 0.2012 0.9786 0.0437
vn 0.5523 0.8327 0.0401
vn 0.2235 0.9572 -0.1838
vn 0.2759 0.9580 0.0789
vn -0.0529 0.1814 -0.9820
vn -0.0404 0.0258 -0.9988
vn 0.0029 0.0096 -1.0000
vn -0.0762 0.1847 -0.9798
vn 0.0051 0.9956 0.0932
vn 0.5459 0.8375 -0.0220
vn 0.5479 0.8363 -0.0215
vn 0.5299 0.8282 -0.1827
vn 0.4341 0.8983 -0.0677
vn 0.5290 0.8484 -0.0181
vn 0.5861 0.7887 -0.1858
vn 0.8904 0.4431 -0.1042
vn 0.8837 0.4549 -0.1101
vn 0.5225 0.8468 -0.0994
vn 0.8902 0.4432 -0.1054
vn 0.8984 0.3903 -0.2012
vn 0.9103 0.3987 -0.1116
vn 0.8938 0.4301 -0.1273
vn 0.8886 0.4462 -0.1062
vn 0.9547 0.2834 -0.0907
vn 0.9277 0.3474 -0.1368
vn 0.9076 0.3925 -0.1488
vn 0.9575 0.2802 -0.0680
vn 0.9298 0.3644 -0.0516
vn -0.7430 0.6608 -0.1068
vn -0.3118 -0.0616 -0.9482
vn 0.8950 0.2070 -0.3952
vn 0.8049 0.2215 -0.5505
vn 0.8027 0.3225 -0.5017
vn 0.8904 0.3808 -0.2495
vn 0.4805 0.1679 -0.8608
vn 0.9064 0.3153 -0.2812
vn 0.4816 0.2925 -0.8261
vn 0.3196 0.5214 -0.7912
vn 0.8861 0.4569 -0.0781
vn 0.4938 0.8676 -0.0581
vn 0.2856 0.9160 -0.2816
vn 0.3542 0.8958 -0.2683
vn 0.4711 0.8717 -0.1351
vn 0.4753 0.8696 -0.1341
vn 0.3560 0.9002 -0.2509
vn 0.3115 0.8869 -0.3412
vn 0.2389 0.9563 -0.1687
vn 0.2393 0.9552 -0.1744
vn 0.4395 0.0335 -0.8976
vn 0.1475 -0.0432 -0.9881
vn 0.1633 0.0104 -0.9865
vn 0.1849 0.0213 -0.9825
vn 0.1747 0.0155 -0.9845
vn 0.1792 0.0200 -0.9836
vn 0.1659 -0.0297 -0.9857
vn 0.1283 -0.0426 -0.9908
vn -0.1697 -0.1076 -0.9796
vn -0.0236 -0.0859 -0.9960
vn -0.3594 -0.2571 -0.8971
vn 0.5480 0.3292 0.7690
vn -0.0056 -0.0771 -0.9970
vn -0.2275 -0.2585 -0.9388
vn 0.4105 -0.0443 -0.9108
vn 0.6208 -0.0992 -0.7776
vn 0.6210 -0.0870 -0.7790
vn 0.9909 0.0771 -0.1101
vn 0.9919 0.0367 -0.1216
vn 0.9673 0.0077 -0.2536
vn -0.8106 -0.0962 -0.5777
vn 0.9890 0.0351 -0.1437
vn 0.9892 0.0105 -0.1462
vn 0.4635 0.8787 -0.1139
vn -0.9741 -0.0041 0.2262
vn 0.2040 0.9777 0.0496
vn 0.1909 0.9798 0.0592
vn 0.1392 0.9821 0.1269
vn -0.9974 -0.0198 0.0688
vn 0.1584 0.9636 0.2156
vn 0.0635 0.9633 0.2609
vn -0.9992 -0.0214 0.0344
vn 0.1976 -0.9282 -0.3153
vn -0.0013 0.9394 0.3429
vn -0.9940 -0.0227 -0.1071
vn 0.6722 -0.7374 -0.0655
vn -0.9890 -0.0062 0.1476
vn 0.2593 0.8129 -0.5215
vn 0.9988 0.0446 0.0190
vn -0.7548 -0.1496 -0.6387
vn 0.4405 0.6802 -0.5859
vn -0.0296 -0.0898 -0.9955
vn 0.2443 -0.7672 -0.5931
vn 0.3840 -0.8889 -0.2498
vn 0.1867 -0.6599 -0.7277
vn 0.3522 -0.8102 -0.4685
vn -0.3567 0.7468 -0.5613
vn 0.8249 0.0314 -0.5644
vn -0.9796 -0.1068 -0.1700
vn -0.9949 0.0993 -0.0194
vn 0.5454 -0.7346 -0.4036
vn 0.3573 -0.8159 -0.4546
vn -0.0581 -0.6932 -0.7184
vn 0.5532 0.1908 0.8109
vn -0.1337 -0.0988 -0.9861
vn -0.1420 -0.1033 -0.9845
vn 0.2508 -0.7847 -0.5669
vn 0.2757 -0.7679 -0.5782
vn 0.9921 -0.0015 -0.1257
vn 0.9959 -0.0050 -0.0899
vn 0.9422 -0.3327 -0.0397
vn 0.8706 -0.4916 0.0202
vn 0.2959 -0.0172 -0.9551
vn 0.3208 0.1067 -0.9411
vn -0.2377 0.1506 -0.9596
vn 0.5701 -0.0287 -0.8211
vn 0.5649 0.0184 -0.8249
s 0
f 2101//4137 2102//4137 2104//4137
f 2101//4138 2103//4138 2102//4138
f 2101//4139 2108//4139 2103//4139
f 2101//4140 2104//4140 2105//4140
f 2101//4141 2105//4141 2106//4141
f 2101//4142 2106//4142 2107//4142
f 2101//4143 2107//4143 2108//4143
f 2107//4144 2110//4144 2108//4144
f 2103//4145 2108//4145 2109//4145
f 2108//4146 2133//4146 2109//4146
f 2108//4147 2110//4147 2111//4147
f 2108//4148 2111//4148 2112//4148
f 2108//4149 2112//4149 2113//4149
f 2108//4150 2113//4150 2114//4150
f 2108//4151 2114//4151 2115//4151
f 2108//4152 2115//4152 2116//4152
f 2108//4153 2116//4153 2117//4153
f 2108//4154 2117//4154 2118//4154
f 2108//4155 2118//4155 2119//4155
f 2108//4156 2119//4156 2120//4156
f 2108//4157 2120//4157 2121//4157
f 2108//4158 2121//4158 2122//4158
f 2108//4159 2122//4159 2123//4159
f 2108//4160 2123//4160 2124//4160
f 2108//4161 2124//4161 2125//4161
f 2108//4162 2125//4162 2126//4162
f 2108//4163 2126//4163 2127//4163
f 2108//4164 2127//4164 2128//4164
f 2108//4165 2128//4165 2129//4165
f 2108//4166 2129//4166 2130//4166
f 2108//4167 2130//4167 2131//4167
f 2108//4168 2131//4168 2132//4168
f 2108//4169 2132//4169 2133//4169
f 2133//4170 2132//4170 2136//4170
f 2109//4171 2133//4171 2134//4171
f 2134//4172 2133//4172 2135//4172
f 2133//4173 2137//4173 2135//4173
f 2133//4174 2136//4174 2137//4174
f 2134//4175 2137//4175 2136//4175
f 2134//4176 2135//4176 2137//4176
f 2134//4177 2136//4177 2138//4177
f 2138//4178 2136//4178 2139//4178
f 2136//4179 2141//4179 2139//4179
f 2136//4180 2132//4180 2131//4180
f 2136//4181 2131//4181 2140//4181
f 2136//4182 2140//4182 2141//4182
f 2140//4183 2143//4183 2141//4183
f 2139//4184 2141//4184 2142//4184
f 2141//4185 2143//4185 2142//4185
f 2140//4186 2144//4186 2143//4186
f 2144//4187 2146//4187 2143//4187
f 2142//4188 2143//4188 2145//4188
f 2143//4189 2149//4189 2145//4189
f 2143//4190 2146//4190 2147//4190
f 2143//4191 2147//4191 2148//4191
f 2143//4192 2148//4192 2149//4192
f 2148//4193 2153//4193 2149//4193
f 2145//4194 2149//4194 2150//4194
f 2150//4195 2149//4195 2151//4195
f 2151//4196 2149//4196 2152//4196
f 2149//4197 2155//4197 2152//4197
f 2149//4198 2153//4198 2154//4198
f 2149//4199 2154//4199 2155//4199
f 2154//4200 2156//4200 2155//4200
f 2152//4201 2155//4201 2156//4201
f 2157//4202 2156//4202 2154//4202
f 2157//4203 2158//4203 2156//4203
f 2159//4204 2156//4204 2158//4204
f 2152//4205 2156//4205 2159//4205
f 2152//4206 2159//4206 2160//4206
f 2160//4207 2159//4207 2161//4207
f 2162//4208 2161//4208 2159//4208
f 2162//4209 2159//4209 2158//4209
f 2157//4210 2162//4210 2158//4210
f 2157//4211 2163//4211 2162//4211
f 2165//4212 2162//4212 2163//4212
f 2164//4213 2162//4213 2165//4213
f 2164//4214 2160//4214 2162//4214
f 2160//4215 2161//4215 2162//4215
f 2166//4216 2165//4216 2168//4216
f 2166//4217 2167//4217 2165//4217
f 2164//4218 2165//4218 2167//4218
f 2165//4219 2169//4219 2168//4219
f 2165//4220 2173//4220 2169//4220
f 2165//4221 2163//4221 2170//4221
f 2165//4222 2170//4222 2171//4222
f 2165//4223 2171//4223 2172//4223
f 2165//4224 2172//4224 2173//4224
f 2172//4225 2175//4225 2173//4225
f 2169//4226 2173//4226 2174//4226
f 2173//4227 2176//4227 2174//4227
f 2173//4228 2175//4228 2176//4228
f 2175//4229 2178//4229 2176//4229
f 2174//4230 2176//4230 2177//4230
f 2176//4231 2178//4231 2177//4231
f 2157//4232 2178//4232 2175//4232
f 2157//4233 2179//4233 2178//4233
f 2180//4234 2178//4234 2179//4234
f 2177//4235 2178//4235 2180//4235
f 2181//4236 2180//4236 2182//4236
f 2181//4237 2177//4237 2180//4237
f 2182//4238 2180//4238 2183//4238
f 2180//4239 2123//4239 2183//4239
f 2180//4240 2179//4240 2123//4240
f 2182//4241 2183//4241 2184//4241
f 2184//4242 2183//4242 2185//4242
f 2183//4243 2122//4243 2185//4243
f 2183//4244 2123//4244 2122//4244
f 2184//4245 2185//4245 2186//4245
f 2186//4246 2185//4246 2120//4246
f 2120//4247 2185//4247 2121//4247
f 2185//4248 2122//4248 2121//4248
f 2119//4249 2186//4249 2120//4249
f 2119//4250 2184//4250 2186//4250
f 2187//4251 2184//4251 2188//4251
f 2187//4252 2182//4252 2184//4252
f 2188//4253 2184//4253 2119//4253
f 2189//4254 2188//4254 2118//4254
f 2189//4255 2187//4255 2188//4255
f 2118//4256 2188//4256 2119//4256
f 2190//4257 2189//4257 2192//4257
f 2190//4258 2191//4258 2189//4258
f 2191//4259 2187//4259 2189//4259
f 2192//4260 2189//4260 2118//4260
f 2193//4261 2192//4261 2116//4261
f 2193//4262 2190//4262 2192//4262
f 2192//4263 2117//4263 2116//4263
f 2192//4264 2118//4264 2117//4264
f 2104//4265 2193//4265 2105//4265
f 2104//4266 2194//4266 2193//4266
f 2194//4267 2190//4267 2193//4267
f 2105//4268 2193//4268 2195//4268
f 2193//4269 2116//4269 2195//4269
f 2105//4270 2195//4270 2115//4270
f 2195//4271 2116//4271 2115//4271
f 2104//4272 2196//4272 2194//4272
f 2196//4273 2197//4273 2194//4273
f 2194//4274 2197//4274 2198//4274
f 2194//4275 2198//4275 2190//4275
f 2197//4276 2166//4276 2198//4276
f 2198//4277 2199//4277 2190//4277
f 2198//4278 2166//4278 2199//4278
f 2166//4279 2168//4279 2199//4279
f 2190//4280 2199//4280 2191//4280
f 2199//4281 2200//4281 2191//4281
f 2199//4282 2168//4282 2200//4282
f 2168//4283 2201//4283 2200//4283
f 2191//4284 2200//4284 2187//4284
f 2200//4285 2181//4285 2187//4285
f 2200//4286 2201//4286 2181//4286
f 2168//4287 2174//4287 2201//4287
f 2174//4288 2177//4288 2201//4288
f 2201//4289 2177//4289 2181//4289
f 2196//4290 2202//4290 2197//4290
f 2202//4291 2203//4291 2197//4291
f 2197//4292 2203//4292 2204//4292
f 2197//4293 2204//4293 2166//4293
f 2203//4294 2167//4294 2204//4294
f 2204//4295 2167//4295 2166//4295
f 2202//4296 2205//4296 2203//4296
f 2205//4297 2142//4297 2203//4297
f 2142//4298 2151//4298 2203//4298
f 2203//4299 2151//4299 2206//4299
f 2203//4300 2206//4300 2164//4300
f 2203//4301 2164//4301 2167//4301
f 2151//4302 2160//4302 2206//4302
f 2206//4303 2160//4303 2164//4303
f 2196//4304 2205//4304 2202//4304
f 2196//4305 2139//4305 2205//4305
f 2139//4306 2142//4306 2205//4306
f 2102//4307 2196//4307 2104//4307
f 2102//4308 2207//4308 2196//4308
f 2138//4309 2196//4309 2207//4309
f 2138//4310 2139//4310 2196//4310
f 2103//4311 2207//4311 2102//4311
f 2103//4312 2138//4312 2207//4312
f 2187//4313 2181//4313 2182//4313
f 2157//4314 2208//4314 2179//4314
f 2179//4315 2208//4315 2125//4315
f 2179//4316 2124//4316 2123//4316
f 2179//4317 2125//4317 2124//4317
f 2157//4318 2209//4318 2208//4318
f 2126//4319 2208//4319 2209//4319
f 2126//4320 2125//4320 2208//4320
f 2157//4321 2210//4321 2209//4321
f 2127//4322 2209//4322 2210//4322
f 2127//4323 2126//4323 2209//4323
f 2157//4324 2128//4324 2210//4324
f 2128//4325 2127//4325 2210//4325
f 2157//4326 2175//4326 2172//4326
f 2168//4327 2169//4327 2174//4327
f 2157//4328 2172//4328 2171//4328
f 2157//4329 2171//4329 2163//4329
f 2163//4330 2171//4330 2170//4330
f 2151//4331 2152//4331 2160//4331
f 2140//4332 2157//4332 2146//4332
f 2140//4333 2211//4333 2157//4333
f 2130//4334 2157//4334 2211//4334
f 2157//4335 2212//4335 2146//4335
f 2130//4336 2129//4336 2157//4336
f 2157//4337 2129//4337 2128//4337
f 2157//4338 2154//4338 2148//4338
f 2157//4339 2148//4339 2147//4339
f 2157//4340 2147//4340 2212//4340
f 2146//4341 2212//4341 2147//4341
f 2140//4342 2130//4342 2211//4342
f 2148//4343 2154//4343 2153//4343
f 2142//4344 2150//4344 2151//4344
f 2142//4345 2145//4345 2150//4345
f 2140//4346 2146//4346 2144//4346
f 2131//4347 2130//4347 2140//4347
f 2103//4348 2134//4348 2138//4348
f 2103//4349 2109//4349 2134//4349
f 2105//4350 2115//4350 2114//4350
f 2105//4351 2114//4351 2106//4351
f 2106//4352 2114//4352 2113//4352
f 2106//4353 2113//4353 2107//4353
f 2107//4354 2113//4354 2112//4354
f 2107//4355 2112//4355 2111//4355
f 2107//4356 2111//4356 2110//4356
o geometry_9.018
v 0.020810 0.017221 -0.042379
v 0.018565 0.017353 -0.041999
v 0.021090 0.017046 -0.042780
v 0.020880 0.016972 -0.041051
v 0.020937 0.016619 -0.039638
v 0.021248 0.016123 -0.038713
v 0.021247 0.016084 -0.037904
v 0.023269 -0.011671 -0.039646
v 0.022606 -0.011378 -0.038287
v 0.021829 -0.011120 -0.039131
v 0.021739 -0.010089 -0.041036
v 0.021831 -0.009573 -0.041508
v 0.021852 -0.008779 -0.041716
v 0.021845 -0.007295 -0.041950
v 0.021812 -0.005804 -0.042063
v 0.020903 0.015347 -0.043978
v 0.020893 0.016035 -0.043988
v 0.020978 0.016654 -0.043873
v 0.020929 0.017130 -0.043778
v 0.020854 0.017091 -0.043885
v 0.021075 0.016757 -0.044041
v 0.020829 0.017067 -0.043596
v 0.018652 0.017448 -0.042853
v 0.018657 0.017438 -0.042932
v 0.019217 0.017277 -0.042464
v 0.011996 0.018164 -0.042238
v 0.017643 0.017375 -0.041528
v 0.011912 0.018244 -0.043131
v 0.010682 0.018264 -0.043090
v 0.010688 0.018155 -0.042201
v 0.012129 0.017590 -0.041123
v 0.016541 0.017145 -0.040654
v 0.018675 0.017786 -0.041468
v 0.010697 0.017578 -0.041115
v 0.009304 0.017405 -0.041019
v 0.009299 0.017102 -0.040516
v 0.021701 0.016267 -0.038226
v 0.007921 0.016976 -0.040568
v 0.009365 0.016497 -0.039897
v 0.009436 0.015887 -0.039269
v 0.009497 0.015252 -0.038949
v 0.008743 0.015824 -0.039319
v 0.006559 0.016173 -0.040172
v 0.005186 0.011910 -0.037949
v 0.005462 0.015924 -0.040296
v 0.003884 0.011219 -0.037921
v 0.000441 0.009304 -0.037682
v 0.004634 0.015642 -0.040482
v 0.003796 0.015719 -0.041259
v 0.003343 0.015672 -0.041515
v 0.005106 0.016128 -0.040812
v 0.004007 0.015399 -0.040811
v 0.003310 0.014274 -0.040456
v 0.001545 0.008788 -0.037500
v 0.002308 -0.017608 -0.039339
v 0.003060 0.015303 -0.041889
v 0.001674 0.003848 -0.042318
v 0.001655 0.008668 -0.036748
v 0.002696 0.014033 -0.041747
v 0.003230 0.015547 -0.042953
v 0.002930 0.014253 -0.042864
v 0.001798 0.006159 -0.041633
v 0.001790 0.007855 -0.040167
v 0.001814 0.008254 -0.039170
v 0.001814 0.008262 -0.039169
v 0.001840 0.008608 -0.038077
v 0.001801 0.005226 -0.042195
v 0.001027 0.004185 -0.042064
v 0.003036 0.015359 -0.043018
v 0.003903 0.016200 -0.043099
v 0.003025 0.016169 -0.042874
v 0.003346 0.015813 -0.043040
v 0.002923 0.014488 -0.042985
v 0.004717 0.016063 -0.043094
v 0.003251 0.014645 -0.042921
v 0.002539 0.013665 -0.042803
v 0.000952 0.002738 -0.041969
v 0.001731 0.002438 -0.042516
v 0.001780 0.001110 -0.042429
v 0.002342 -0.015617 -0.041492
v 0.000890 -0.016060 -0.040581
v 0.002247 -0.016290 -0.041033
v 0.013562 -0.016388 -0.040293
v 0.002359 -0.017054 -0.040046
v 0.001652 -0.018454 -0.039788
v 0.001882 -0.017323 -0.039753
v 0.013591 -0.016902 -0.040074
v 0.014994 -0.016307 -0.040352
v 0.015002 -0.016840 -0.040123
v 0.013630 -0.017253 -0.039271
v 0.015036 -0.017182 -0.039333
v 0.013725 -0.017530 -0.039652
v 0.013195 -0.018946 -0.039769
v 0.015047 -0.017447 -0.039670
v 0.002409 -0.017504 -0.039430
v 0.002396 -0.017384 -0.039998
v 0.015924 -0.017294 -0.039700
v 0.016280 -0.017218 -0.039707
v 0.016326 -0.016794 -0.039547
v 0.017058 -0.016859 -0.038938
v 0.016659 -0.016502 -0.039948
v 0.015984 -0.016710 -0.040080
v 0.018379 -0.013900 -0.040946
v 0.016452 -0.016276 -0.040141
v 0.015122 0.016669 -0.043506
v 0.007630 0.016373 -0.043232
v 0.018494 -0.015039 -0.041324
v 0.017955 -0.015146 -0.040036
v 0.015001 -0.015037 -0.040577
v 0.017714 -0.016313 -0.039716
v 0.017299 -0.016150 -0.039486
v 0.019247 -0.013574 -0.040122
v 0.017322 -0.016621 -0.039486
v 0.017120 -0.016800 -0.039509
v 0.010592 0.017744 -0.043436
v 0.006140 0.016285 -0.043168
v 0.010645 0.018168 -0.043428
v 0.012026 0.017736 -0.043468
v 0.004488 0.017669 -0.043473
v 0.019590 0.016617 -0.043644
v 0.018112 0.016704 -0.043601
v 0.021215 0.016580 -0.043661
v 0.021135 0.017688 -0.043606
v 0.019612 0.018323 -0.043929
v 0.011933 0.018169 -0.043442
v 0.019236 0.017239 -0.043156
v 0.021047 0.017114 -0.043110
v 0.009266 0.017806 -0.044522
v 0.005164 0.016677 -0.042711
v 0.005717 0.016961 -0.042395
v 0.003649 0.015954 -0.042995
v 0.003780 0.016035 -0.041944
v 0.003256 0.015847 -0.042657
v 0.003299 0.015751 -0.041933
v 0.005296 0.016743 -0.041903
v 0.005881 0.016911 -0.041583
v 0.009385 0.017821 -0.042040
v 0.005695 0.016934 -0.042329
v 0.006759 0.017003 -0.041191
v 0.006446 0.016806 -0.040939
v 0.007894 0.017164 -0.041017
v 0.006595 0.012379 -0.037984
v 0.012545 0.013921 -0.038071
vn 0.0881 0.9799 0.1791
vn -0.0153 0.9124 -0.4091
vn -0.0527 -0.9281 0.3685
vn 0.9779 -0.1899 -0.0869
vn 0.7309 0.6729 0.1140
vn -0.8996 -0.4361 -0.0229
vn 0.9940 0.0773 -0.0775
vn -0.9021 -0.1161 -0.4157
vn 0.7267 -0.0524 -0.6849
vn 0.9990 0.0325 -0.0297
vn 0.9702 0.0447 0.2380
vn 0.9619 0.0454 0.2698
vn 0.9655 0.0452 0.2564
vn 0.9449 0.0455 0.3242
vn 0.9990 0.0436 0.0073
vn 0.9991 0.0164 0.0392
vn 0.9711 -0.1656 0.1718
vn 0.9931 0.0866 0.0786
vn -0.3573 0.9296 -0.0903
vn -0.8289 -0.5588 0.0238
vn 0.7271 0.6825 -0.0745
vn 0.1307 0.9839 -0.1221
vn -0.1303 -0.9841 0.1205
vn 0.0173 0.9516 0.3069
vn 0.1905 0.9757 0.1078
vn 0.1249 0.9921 0.0130
vn -0.0948 -0.9879 0.1231
vn 0.1182 0.9878 0.1017
vn 0.1141 0.9774 0.1780
vn 0.0857 0.9316 0.3532
vn 0.1137 0.9904 0.0783
vn 0.0192 0.9960 0.0876
vn -0.0033 0.9925 0.1219
vn 0.0067 0.8896 0.4568
vn -0.0152 0.8884 0.4588
vn 0.2167 0.9762 0.0059
vn -0.0812 0.8753 0.4767
vn -0.3521 0.9134 -0.2041
vn 0.3283 -0.7380 -0.5895
vn -0.0048 0.8833 0.4688
vn -0.0051 0.9001 0.4357
vn -0.0774 0.8804 0.4679
vn -0.0711 0.8549 0.5139
vn -0.0490 0.8343 0.5492
vn 0.0263 -0.8848 -0.4653
vn -0.0818 0.7082 0.7012
vn -0.0975 0.8531 0.5125
vn -0.0913 0.7071 0.7012
vn -0.0893 0.7098 0.6988
vn -0.0814 0.7107 0.6988
vn -0.0896 0.4412 0.8929
vn -0.1050 0.4394 0.8921
vn -0.1151 0.6913 0.7133
vn -0.1781 0.6622 0.7279
vn -0.2191 0.5670 0.7940
vn -0.1199 0.4235 0.8979
vn -0.2588 0.5202 0.8139
vn -0.2332 0.4994 0.8344
vn -0.0702 0.2470 0.9665
vn -0.0255 0.0876 0.9958
vn -0.2300 0.5166 0.8247
vn -0.3508 0.5131 0.7834
vn -0.4111 0.7500 0.5182
vn -0.3412 0.8251 0.4503
vn -0.5457 0.4673 0.6956
vn -0.3769 0.7416 0.5549
vn -0.5453 0.5399 0.6412
vn -0.5324 0.5278 0.6617
vn -0.0296 -0.3876 -0.9214
vn 0.0457 -0.0681 0.9966
vn -0.0598 0.2154 0.9747
vn -0.9996 -0.0291 0.0031
vn -0.5014 0.5299 0.6840
vn -0.8771 0.3914 0.2784
vn -0.9545 0.2838 0.0920
vn 0.9823 0.1433 -0.1207
vn 0.9153 -0.3549 -0.1903
vn -0.9598 0.2647 -0.0932
vn -0.9639 0.2129 -0.1600
vn -0.9770 0.1088 -0.1833
vn -0.9849 0.1104 -0.1332
vn -0.9882 0.0609 -0.1404
vn -0.9900 0.1372 -0.0312
vn -0.9841 0.0796 -0.1586
vn -0.9897 0.1418 -0.0211
vn -0.9997 0.0189 0.0180
vn -0.9764 0.1618 -0.1433
vn 0.9963 -0.0685 0.0515
vn -0.9997 0.0204 0.0157
vn -0.9913 0.0835 -0.1022
vn -0.9772 0.1069 -0.1837
vn -0.9766 0.1083 -0.1859
vn 0.3115 -0.1136 0.9434
vn 0.0822 0.0635 0.9946
vn -0.3676 -0.0044 -0.9300
vn -0.4539 0.1659 0.8755
vn -0.9540 0.1293 0.2706
vn -0.1388 0.0478 -0.9892
vn 0.2509 -0.1669 0.9535
vn 0.8302 -0.0867 0.5506
vn -0.6559 0.4747 0.5869
vn -0.8753 0.1319 0.4652
vn -0.1244 0.0729 -0.9896
vn 0.3885 -0.4966 -0.7762
vn 0.3373 -0.3504 -0.8738
vn 0.4275 0.0065 0.9040
vn 0.4114 0.0098 0.9114
vn -0.5696 0.0200 -0.8217
vn 0.5477 -0.0945 0.8313
vn -0.9991 -0.0379 -0.0189
vn 0.3478 -0.0489 -0.9363
vn -0.1354 -0.0213 -0.9906
vn 0.1364 -0.0508 -0.9893
vn -0.9979 -0.0365 -0.0533
vn 0.5263 0.0243 0.8500
vn 0.3491 0.4943 0.7961
vn -0.9635 -0.0443 -0.2640
vn 0.0325 0.9268 -0.3742
vn 0.0333 -0.7886 -0.6140
vn -0.9951 -0.0222 0.0960
vn -0.1372 -0.1115 -0.9842
vn -0.0113 -0.1752 -0.9845
vn -0.5780 0.0926 0.8108
vn 0.0287 -0.0369 0.9989
vn 0.0288 -0.3911 -0.9199
vn -0.0158 -0.3933 -0.9193
vn -0.0150 -0.3948 -0.9186
vn 0.0259 -0.9153 -0.4020
vn 0.0220 -0.9154 -0.4019
vn -0.0668 0.7986 -0.5981
vn 0.0288 -0.9169 -0.3980
vn 0.0192 0.8105 -0.5854
vn 0.0170 -0.0557 0.9983
vn -0.1993 -0.0064 0.9799
vn -0.0194 0.0896 -0.9958
vn -0.0576 0.7832 -0.6191
vn -0.0064 -0.9786 -0.2055
vn 0.0189 0.9787 -0.2045
vn -0.9993 -0.0320 0.0178
vn 0.4384 0.1124 0.8917
vn -0.5853 -0.1285 -0.8006
vn -0.1046 -0.5946 -0.7972
vn 0.0440 -0.0607 0.9972
vn -0.1560 0.7733 -0.6145
vn 0.0322 -0.0588 0.9978
vn -0.0953 0.3610 -0.9277
vn -0.2817 0.4814 -0.8300
vn 0.2668 -0.8709 -0.4128
vn 0.6358 0.2102 -0.7427
vn 0.3375 -0.8719 -0.3549
vn 0.2298 -0.9276 -0.2945
vn -0.4717 0.6010 0.6452
vn 0.3141 -0.5139 -0.7983
vn 0.1431 -0.2885 -0.9467
vn 0.1376 -0.9068 -0.3984
vn 0.0924 -0.3918 -0.9154
vn 0.1388 -0.4168 -0.8983
vn -0.0329 -0.0869 -0.9957
vn -0.1023 -0.0938 -0.9903
vn -0.1006 -0.0940 -0.9905
vn 0.8208 0.2528 -0.5122
vn 0.0580 -0.3091 0.9493
vn 0.6472 -0.5806 -0.4940
vn 0.5880 -0.5976 -0.5450
vn 0.1625 -0.2535 -0.9536
vn -0.1380 -0.0777 -0.9874
vn 0.0117 -0.1563 -0.9876
vn -0.0490 -0.1739 -0.9836
vn 0.0280 -0.3830 -0.9233
vn -0.0309 -0.1741 -0.9842
vn 0.0164 -0.2225 -0.9748
vn 0.3209 -0.3121 -0.8942
vn -0.5180 -0.1255 -0.8461
vn 0.6476 -0.6455 -0.4049
vn 0.6916 -0.5907 -0.4156
vn 0.6629 -0.4587 -0.5918
vn 0.7115 -0.6034 -0.3601
vn 0.6266 -0.5837 -0.5164
vn -0.5577 -0.3808 -0.7375
vn 0.6609 -0.5864 -0.4683
vn 0.0374 -0.0599 0.9975
vn 0.5647 -0.1074 0.8183
vn -0.5949 0.8015 0.0609
vn -0.5753 0.6951 -0.4313
vn 0.6078 -0.4047 -0.6832
vn -0.0775 -0.0389 0.9962
vn -0.6626 0.7489 0.0055
vn -0.2198 -0.0200 0.9753
vn -0.4531 0.8904 0.0428
vn -0.0378 -0.0736 -0.9966
vn -0.0393 -0.0636 -0.9972
vn -0.0334 -0.0763 -0.9965
vn -0.0382 -0.0825 -0.9959
vn -0.0420 -0.0727 -0.9965
vn -0.0437 -0.0503 -0.9978
vn -0.0388 -0.0814 -0.9959
vn 0.0057 0.0185 -0.9998
vn -0.0217 0.0220 -0.9995
vn -0.0217 0.0103 -0.9997
vn 0.0086 -0.2283 -0.9736
vn -0.0334 -0.0839 -0.9959
vn -0.0310 -0.0662 -0.9973
vn -0.0135 0.2414 -0.9703
vn -0.0336 0.2025 -0.9787
vn -0.0084 0.0996 -0.9950
vn 0.0025 0.5133 -0.8582
vn -0.2636 -0.0188 -0.9645
vn 0.2327 0.0646 -0.9704
vn -0.5032 -0.0787 0.8606
vn -0.6866 -0.2089 0.6963
vn -0.0448 -0.1920 -0.9804
vn -0.6730 -0.0454 0.7382
vn -0.0642 0.0462 -0.9969
vn 0.0430 0.5326 0.8453
vn 0.1317 0.9659 -0.2230
vn 0.0082 0.9725 -0.2329
vn -0.0038 0.9620 -0.2731
vn 0.1232 0.9898 0.0719
vn -0.0058 -0.4211 0.9070
vn -0.0104 0.0578 -0.9983
vn 0.1238 0.9122 -0.3905
vn 0.0727 0.8810 -0.4676
vn 0.0734 0.9319 -0.3552
vn 0.3933 -0.1619 0.9051
vn -0.4908 -0.8183 0.2992
vn -0.1210 -0.9814 0.1493
vn -0.8360 0.1464 0.5289
vn -0.0278 0.2567 0.9661
vn -0.0333 -0.2338 -0.9717
vn -0.0389 0.9623 -0.2693
vn 0.2785 -0.9599 -0.0335
vn -0.2783 0.9600 -0.0319
vn -0.3156 0.9401 -0.1289
vn -0.2821 0.9044 -0.3201
vn -0.4157 0.9053 -0.0872
vn -0.4383 0.6945 0.5706
vn -0.4059 0.6788 0.6120
vn -0.4343 0.9006 -0.0153
vn -0.2921 0.9557 -0.0373
vn -0.3933 0.9032 -0.1717
vn -0.9168 0.3175 -0.2423
vn -0.5007 0.8538 0.1427
vn -0.8719 0.4761 0.1144
vn -0.9746 0.1939 -0.1118
vn -0.4931 0.8436 0.2124
vn -0.8602 0.4765 0.1818
vn -0.4237 0.9049 0.0389
vn -0.4106 0.8620 0.2973
vn -0.4108 0.8243 0.3896
vn -0.3181 0.8581 0.4030
vn -0.2118 0.9438 0.2539
vn -0.2394 0.9669 0.0882
vn -0.3300 0.9375 0.1099
vn -0.2601 0.8899 0.3748
vn -0.3666 0.8113 0.4554
vn -0.3988 0.8128 0.4246
vn -0.2093 0.8787 0.4290
vn -0.2441 0.7343 0.6334
vn -0.3382 0.7710 0.5397
vn -0.1828 0.9223 0.3404
vn -0.2093 0.9426 0.2603
vn -0.1874 0.9019 0.3892
vn -0.1542 0.9060 0.3942
vn -0.1545 0.9079 0.3897
vn -0.2405 0.9644 0.1098
vn -0.1964 0.9240 0.3280
vn -0.0298 0.9228 0.3841
vn -0.2324 0.9652 0.1201
vn 0.0320 -0.0605 0.9977
vn -0.1281 -0.7828 -0.6089
vn -0.5060 0.5283 0.6818
vn -0.2383 0.7244 0.6468
vn -0.0945 0.3535 0.9307
vn -0.1177 0.4210 0.8994
vn -0.2362 0.9278 0.2889
vn -0.0895 0.3972 0.9133
vn -0.2399 0.9497 0.2014
vn -0.0873 0.4012 0.9118
vn 0.1178 0.9756 0.1852
vn -0.0834 0.8666 0.4921
vn 0.2944 0.9545 0.0473
vn 0.0615 0.9689 0.2396
s 0
f 2213//4357 2214//4357 2216//4357
f 2213//4358 2215//4358 2214//4358
f 2213//4359 2237//4359 2215//4359
f 2213//4360 2216//4360 2217//4360
f 2213//4361 2217//4361 2218//4361
f 2213//4362 2218//4362 2219//4362
f 2213//4363 2219//4363 2220//4363
f 2213//4364 2220//4364 2221//4364
f 2213//4365 2221//4365 2222//4365
f 2213//4366 2222//4366 2223//4366
f 2213//4367 2223//4367 2224//4367
f 2213//4368 2224//4368 2225//4368
f 2213//4369 2225//4369 2226//4369
f 2213//4370 2226//4370 2227//4370
f 2213//4371 2227//4371 2228//4371
f 2213//4372 2228//4372 2229//4372
f 2213//4373 2229//4373 2230//4373
f 2213//4374 2230//4374 2231//4374
f 2213//4375 2231//4375 2232//4375
f 2213//4376 2232//4376 2233//4376
f 2213//4377 2233//4377 2234//4377
f 2213//4378 2234//4378 2235//4378
f 2213//4379 2235//4379 2236//4379
f 2213//4380 2236//4380 2237//4380
f 2214//4381 2237//4381 2236//4381
f 2215//4382 2237//4382 2214//4382
f 2235//4383 2238//4383 2236//4383
f 2214//4384 2236//4384 2238//4384
f 2214//4385 2238//4385 2239//4385
f 2238//4386 2244//4386 2239//4386
f 2235//4387 2240//4387 2238//4387
f 2238//4388 2240//4388 2241//4388
f 2238//4389 2241//4389 2242//4389
f 2238//4390 2242//4390 2243//4390
f 2238//4391 2243//4391 2219//4391
f 2238//4392 2219//4392 2244//4392
f 2219//4393 2245//4393 2244//4393
f 2239//4394 2244//4394 2245//4394
f 2239//4395 2245//4395 2219//4395
f 2242//4396 2246//4396 2243//4396
f 2243//4397 2246//4397 2219//4397
f 2242//4398 2247//4398 2246//4398
f 2247//4399 2248//4399 2246//4399
f 2219//4400 2246//4400 2248//4400
f 2219//4401 2248//4401 2249//4401
f 2248//4402 2251//4402 2249//4402
f 2247//4403 2250//4403 2248//4403
f 2248//4404 2250//4404 2251//4404
f 2250//4405 2252//4405 2251//4405
f 2249//4406 2251//4406 2252//4406
f 2249//4407 2252//4407 2253//4407
f 2253//4408 2252//4408 2254//4408
f 2250//4409 2254//4409 2252//4409
f 2250//4410 2255//4410 2254//4410
f 2257//4411 2254//4411 2255//4411
f 2253//4412 2254//4412 2256//4412
f 2254//4413 2258//4413 2256//4413
f 2257//4414 2258//4414 2254//4414
f 2219//4415 2258//4415 2259//4415
f 2219//4416 2256//4416 2258//4416
f 2260//4417 2259//4417 2258//4417
f 2257//4418 2260//4418 2258//4418
f 2261//4419 2260//4419 2263//4419
f 2261//4420 2262//4420 2260//4420
f 2262//4421 2264//4421 2260//4421
f 2263//4422 2260//4422 2257//4422
f 2260//4423 2264//4423 2265//4423
f 2260//4424 2265//4424 2266//4424
f 2260//4425 2266//4425 2259//4425
f 2219//4426 2266//4426 2267//4426
f 2219//4427 2259//4427 2266//4427
f 2269//4428 2267//4428 2266//4428
f 2262//4429 2266//4429 2265//4429
f 2262//4430 2268//4430 2266//4430
f 2268//4431 2271//4431 2266//4431
f 2269//4432 2266//4432 2270//4432
f 2266//4433 2271//4433 2270//4433
f 2272//4434 2271//4434 2268//4434
f 2272//4435 2273//4435 2271//4435
f 2273//4436 2274//4436 2271//4436
f 2271//4437 2274//4437 2275//4437
f 2271//4438 2278//4438 2270//4438
f 2271//4439 2275//4439 2276//4439
f 2271//4440 2276//4440 2277//4440
f 2271//4441 2277//4441 2278//4441
f 2269//4442 2278//4442 2277//4442
f 2269//4443 2270//4443 2278//4443
f 2269//4444 2277//4444 2276//4444
f 2269//4445 2276//4445 2275//4445
f 2269//4446 2275//4446 2274//4446
f 2269//4447 2274//4447 2279//4447
f 2273//4448 2279//4448 2274//4448
f 2269//4449 2279//4449 2280//4449
f 2273//4450 2280//4450 2279//4450
f 2269//4451 2280//4451 2273//4451
f 2281//4452 2273//4452 2272//4452
f 2281//4453 2269//4453 2273//4453
f 2282//4454 2281//4454 2284//4454
f 2282//4455 2283//4455 2281//4455
f 2283//4456 2285//4456 2281//4456
f 2281//4457 2272//4457 2284//4457
f 2281//4458 2285//4458 2269//4458
f 2286//4459 2285//4459 2283//4459
f 2286//4460 2287//4460 2285//4460
f 2287//4461 2288//4461 2285//4461
f 2285//4462 2289//4462 2269//4462
f 2285//4463 2288//4463 2289//4463
f 2288//4464 2290//4464 2289//4464
f 2269//4465 2289//4465 2290//4465
f 2269//4466 2290//4466 2291//4466
f 2288//4467 2291//4467 2290//4467
f 2287//4468 2291//4468 2288//4468
f 2287//4469 2292//4469 2291//4469
f 2269//4470 2291//4470 2292//4470
f 2287//4471 2293//4471 2292//4471
f 2293//4472 2294//4472 2292//4472
f 2269//4473 2292//4473 2294//4473
f 2293//4474 2295//4474 2294//4474
f 2295//4475 2296//4475 2294//4475
f 2269//4476 2294//4476 2296//4476
f 2269//4477 2296//4477 2297//4477
f 2295//4478 2297//4478 2296//4478
f 2269//4479 2297//4479 2298//4479
f 2299//4480 2298//4480 2297//4480
f 2295//4481 2299//4481 2297//4481
f 2300//4482 2299//4482 2295//4482
f 2300//4483 2301//4483 2299//4483
f 2301//4484 2302//4484 2299//4484
f 2299//4485 2302//4485 2298//4485
f 2303//4486 2304//4486 2302//4486
f 2303//4487 2302//4487 2301//4487
f 2302//4488 2304//4488 2298//4488
f 2219//4489 2304//4489 2306//4489
f 2219//4490 2305//4490 2304//4490
f 2307//4491 2304//4491 2305//4491
f 2303//4492 2306//4492 2304//4492
f 2307//4493 2308//4493 2304//4493
f 2304//4494 2308//4494 2298//4494
f 2269//4495 2308//4495 2307//4495
f 2269//4496 2298//4496 2308//4496
f 2269//4497 2307//4497 2267//4497
f 2267//4498 2307//4498 2305//4498
f 2219//4499 2306//4499 2309//4499
f 2309//4500 2306//4500 2303//4500
f 2219//4501 2309//4501 2310//4501
f 2310//4502 2309//4502 2311//4502
f 2311//4503 2309//4503 2303//4503
f 2312//4504 2311//4504 2313//4504
f 2312//4505 2310//4505 2311//4505
f 2311//4506 2314//4506 2313//4506
f 2311//4507 2303//4507 2314//4507
f 2315//4508 2314//4508 2316//4508
f 2315//4509 2313//4509 2314//4509
f 2314//4510 2300//4510 2316//4510
f 2314//4511 2303//4511 2301//4511
f 2314//4512 2301//4512 2300//4512
f 2315//4513 2316//4513 2300//4513
f 2317//4514 2315//4514 2318//4514
f 2317//4515 2228//4515 2315//4515
f 2228//4516 2227//4516 2315//4516
f 2318//4517 2315//4517 2319//4517
f 2315//4518 2293//4518 2319//4518
f 2320//4519 2315//4519 2224//4519
f 2320//4520 2313//4520 2315//4520
f 2315//4521 2225//4521 2224//4521
f 2315//4522 2227//4522 2226//4522
f 2315//4523 2226//4523 2225//4523
f 2315//4524 2300//4524 2321//4524
f 2315//4525 2321//4525 2293//4525
f 2300//4526 2295//4526 2321//4526
f 2293//4527 2321//4527 2295//4527
f 2322//4528 2320//4528 2324//4528
f 2322//4529 2323//4529 2320//4529
f 2323//4530 2313//4530 2320//4530
f 2320//4531 2224//4531 2324//4531
f 2322//4532 2324//4532 2222//4532
f 2324//4533 2223//4533 2222//4533
f 2324//4534 2224//4534 2223//4534
f 2322//4535 2312//4535 2323//4535
f 2312//4536 2313//4536 2323//4536
f 2219//4537 2322//4537 2220//4537
f 2219//4538 2325//4538 2322//4538
f 2322//4539 2325//4539 2312//4539
f 2220//4540 2322//4540 2221//4540
f 2322//4541 2222//4541 2221//4541
f 2219//4542 2326//4542 2325//4542
f 2325//4543 2326//4543 2312//4543
f 2219//4544 2310//4544 2326//4544
f 2312//4545 2326//4545 2310//4545
f 2318//4546 2319//4546 2293//4546
f 2327//4547 2318//4547 2328//4547
f 2327//4548 2317//4548 2318//4548
f 2318//4549 2287//4549 2328//4549
f 2318//4550 2293//4550 2287//4550
f 2327//4551 2328//4551 2286//4551
f 2328//4552 2287//4552 2286//4552
f 2329//4553 2327//4553 2331//4553
f 2329//4554 2330//4554 2327//4554
f 2330//4555 2332//4555 2327//4555
f 2327//4556 2286//4556 2331//4556
f 2327//4557 2332//4557 2333//4557
f 2327//4558 2333//4558 2317//4558
f 2332//4559 2228//4559 2333//4559
f 2333//4560 2228//4560 2317//4560
f 2330//4561 2334//4561 2332//4561
f 2334//4562 2229//4562 2332//4562
f 2332//4563 2229//4563 2228//4563
f 2335//4564 2334//4564 2336//4564
f 2335//4565 2231//4565 2334//4565
f 2231//4566 2230//4566 2334//4566
f 2336//4567 2334//4567 2330//4567
f 2334//4568 2230//4568 2229//4568
f 2337//4569 2336//4569 2330//4569
f 2337//4570 2335//4570 2336//4570
f 2240//4571 2338//4571 2337//4571
f 2240//4572 2337//4572 2241//4572
f 2241//4573 2337//4573 2329//4573
f 2338//4574 2232//4574 2337//4574
f 2232//4575 2335//4575 2337//4575
f 2337//4576 2330//4576 2329//4576
f 2235//4577 2338//4577 2240//4577
f 2235//4578 2339//4578 2338//4578
f 2339//4579 2233//4579 2338//4579
f 2233//4580 2232//4580 2338//4580
f 2234//4581 2233//4581 2339//4581
f 2234//4582 2339//4582 2235//4582
f 2232//4583 2231//4583 2335//4583
f 2329//4584 2331//4584 2282//4584
f 2331//4585 2286//4585 2282//4585
f 2241//4586 2329//4586 2340//4586
f 2329//4587 2282//4587 2340//4587
f 2241//4588 2340//4588 2341//4588
f 2340//4589 2282//4589 2341//4589
f 2241//4590 2341//4590 2342//4590
f 2341//4591 2343//4591 2342//4591
f 2341//4592 2282//4592 2343//4592
f 2282//4593 2284//4593 2343//4593
f 2342//4594 2343//4594 2344//4594
f 2343//4595 2345//4595 2344//4595
f 2343//4596 2284//4596 2345//4596
f 2284//4597 2272//4597 2345//4597
f 2344//4598 2345//4598 2346//4598
f 2345//4599 2268//4599 2346//4599
f 2345//4600 2272//4600 2268//4600
f 2344//4601 2346//4601 2262//4601
f 2346//4602 2268//4602 2262//4602
f 2342//4603 2344//4603 2347//4603
f 2348//4604 2347//4604 2344//4604
f 2348//4605 2344//4605 2261//4605
f 2344//4606 2262//4606 2261//4606
f 2349//4607 2348//4607 2351//4607
f 2349//4608 2350//4608 2348//4608
f 2350//4609 2347//4609 2348//4609
f 2351//4610 2348//4610 2352//4610
f 2348//4611 2263//4611 2352//4611
f 2348//4612 2261//4612 2263//4612
f 2351//4613 2352//4613 2250//4613
f 2352//4614 2257//4614 2250//4614
f 2352//4615 2263//4615 2257//4615
f 2242//4616 2351//4616 2353//4616
f 2242//4617 2349//4617 2351//4617
f 2351//4618 2250//4618 2353//4618
f 2242//4619 2353//4619 2247//4619
f 2353//4620 2250//4620 2247//4620
f 2241//4621 2350//4621 2349//4621
f 2241//4622 2342//4622 2350//4622
f 2342//4623 2347//4623 2350//4623
f 2241//4624 2349//4624 2242//4624
f 2219//4625 2267//4625 2305//4625
f 2282//4626 2286//4626 2283//4626
f 2262//4627 2265//4627 2264//4627
f 2250//4628 2257//4628 2255//4628
f 2219//4629 2354//4629 2256//4629
f 2253//4630 2256//4630 2354//4630
f 2219//4631 2355//4631 2354//4631
f 2253//4632 2354//4632 2355//4632
f 2219//4633 2249//4633 2355//4633
f 2249//4634 2253//4634 2355//4634
f 2214//4635 2239//4635 2217//4635
f 2239//4636 2218//4636 2217//4636
f 2239//4637 2219//4637 2218//4637
f 2214//4638 2217//4638 2216//4638
o geometry_9.019
v 0.038528 -0.004057 -0.039070
v 0.038751 -0.002277 -0.034280
v 0.038632 -0.004022 -0.038099
v 0.038692 -0.003761 -0.034195
v 0.038620 -0.005878 -0.033749
v 0.038452 -0.005760 -0.035581
v 0.038341 -0.005568 -0.037078
v 0.038707 -0.007320 -0.034300
v 0.039968 -0.007877 -0.034520
v 0.038717 -0.005837 -0.034135
v 0.038404 -0.006721 -0.035528
v 0.038691 -0.005096 -0.038052
v 0.038643 -0.006963 -0.037423
v 0.039493 -0.007709 -0.033053
v 0.038445 -0.005607 -0.037535
v 0.038631 -0.007079 -0.034453
v 0.038163 -0.008157 -0.034256
v 0.038491 -0.007422 -0.033696
v 0.038048 -0.006989 -0.035266
v 0.037321 -0.007997 -0.034285
v 0.024473 -0.011537 -0.034315
v 0.037485 -0.008089 -0.033421
v 0.024998 -0.010213 -0.038021
v 0.024393 -0.009990 -0.038143
v 0.024624 -0.011700 -0.032950
v 0.025295 -0.011111 -0.033800
v 0.025020 -0.010753 -0.034980
v 0.037014 -0.006166 -0.037930
v 0.024036 0.015949 -0.036298
v 0.037738 -0.006826 -0.036004
v 0.024165 0.015285 -0.032420
v 0.024304 0.015495 -0.033707
v 0.024243 0.015661 -0.035156
v 0.024356 0.015346 -0.035173
v 0.024444 0.015207 -0.033755
v 0.025881 0.015274 -0.035228
v 0.023774 0.015134 -0.032471
v 0.027372 0.015177 -0.035299
v 0.024593 0.015213 -0.032604
v 0.030522 0.015005 -0.032785
v 0.032017 0.014899 -0.032837
v 0.032434 0.014738 -0.032762
v 0.027331 0.015506 -0.037197
v 0.027949 0.015555 -0.036351
v 0.028779 0.015493 -0.036301
v 0.029244 0.015409 -0.036313
v 0.030207 0.015188 -0.036350
v 0.032865 0.015955 -0.032438
v 0.032998 0.014205 -0.032834
v 0.032350 0.015091 -0.031413
v 0.030948 0.014974 -0.036403
v 0.031549 0.014651 -0.036437
v 0.032051 0.014482 -0.032977
v 0.032267 0.014114 -0.036512
v 0.033934 0.010519 -0.036942
v 0.033524 0.013680 -0.032890
v 0.038159 0.001989 -0.033937
v 0.038298 0.000700 -0.037679
v 0.034933 0.008339 -0.035772
v 0.034524 0.008771 -0.037747
v 0.033759 0.010366 -0.037456
v 0.034800 0.008188 -0.036875
v 0.034587 0.008809 -0.037332
v 0.038335 0.000551 -0.037687
v 0.038380 0.001196 -0.034005
v 0.038427 0.000978 -0.034025
v 0.038545 0.000068 -0.034093
v 0.038371 0.000115 -0.037745
v 0.038456 -0.000307 -0.037743
v 0.038466 -0.001147 -0.037861
v 0.038620 -0.000816 -0.034148
v 0.038688 -0.001386 -0.034215
v 0.038454 -0.002629 -0.038131
v 0.027310 0.015492 -0.036697
v 0.024266 0.015748 -0.036176
v 0.038004 -0.005749 -0.037959
v 0.038513 -0.005373 -0.037973
v 0.038702 -0.005306 -0.033873
vn 0.9987 -0.0412 -0.0311
vn -0.9782 -0.1757 0.1107
vn -0.9669 0.2369 0.0944
vn 0.9987 -0.0408 -0.0311
vn 0.9606 -0.2574 -0.1046
vn 0.9921 0.0925 -0.0849
vn 0.9629 -0.2492 -0.1032
vn 0.9918 0.1138 -0.0588
vn -0.9997 0.0088 -0.0213
vn -0.1690 0.0055 -0.9856
vn 0.4287 0.8491 0.3085
vn -0.9702 0.0330 -0.2399
vn 0.6983 -0.5603 -0.4454
vn 0.4657 0.7190 0.5159
vn 0.9923 0.0157 0.1228
vn 0.6812 0.7320 -0.0075
vn -0.5560 -0.8268 -0.0854
vn -0.1749 0.9702 -0.1679
vn -0.9773 -0.1287 0.1681
vn 0.0443 -0.9004 -0.4327
vn 0.0033 -0.9111 -0.4123
vn 0.5750 0.3177 -0.7540
vn 0.1347 0.5617 -0.8163
vn 0.3339 -0.8802 -0.3372
vn 0.5515 -0.7510 -0.3630
vn -0.0329 0.0073 0.9994
vn -0.0022 -0.0004 1.0000
vn -0.2632 0.9540 0.1436
vn -0.6880 0.6960 0.2054
vn -0.2174 0.9653 0.1445
vn -0.2566 -0.1757 0.9504
vn 0.2250 -0.9360 -0.2706
vn 0.2083 -0.8731 -0.4409
vn 0.2241 -0.9169 -0.3302
vn 0.4794 0.8646 0.1502
vn 0.3122 0.9357 0.1641
vn 0.4764 -0.8526 -0.2150
vn 0.6761 -0.7190 -0.1610
vn -0.0350 0.0644 -0.9973
vn 0.0456 -0.1128 -0.9926
vn 0.2943 -0.8647 -0.4071
vn -0.9848 -0.0472 0.1670
vn 0.2940 -0.8697 -0.3965
vn -0.9900 -0.0014 -0.1408
vn -0.9940 -0.0085 -0.1090
vn -0.9987 -0.0333 0.0382
vn 0.9007 0.4342 0.0117
vn 0.9367 0.3396 -0.0846
vn 0.9408 0.3379 -0.0252
vn 0.0506 0.9943 0.0943
vn 0.8983 0.4076 0.1639
vn 0.0693 0.9912 0.1124
vn 0.3436 -0.9306 0.1260
vn -0.0955 0.9954 0.0071
vn 0.0349 0.9983 0.0470
vn 0.0348 0.9993 -0.0098
vn 0.0629 0.9799 -0.1894
vn 0.0293 -0.0723 0.9970
vn -0.2378 -0.1735 0.9557
vn 0.3843 0.9002 -0.2047
vn -0.0316 0.9848 0.1710
vn -0.4593 -0.8019 0.3820
vn 0.0669 0.9919 0.1077
vn -0.0097 0.0869 -0.9962
vn 0.0691 0.1261 -0.9896
vn 0.1784 0.9836 0.0258
vn -0.0196 0.0821 -0.9964
vn 0.2004 0.9267 -0.3179
vn -0.7339 0.0803 0.6745
vn -0.2334 -0.1720 0.9570
vn 0.4408 0.2299 -0.8677
vn -0.9025 0.0288 -0.4298
vn 0.7282 -0.6588 -0.1890
vn 0.2389 0.9093 -0.3406
vn -0.0120 0.0841 -0.9964
vn -0.0514 0.0682 -0.9963
vn 0.4715 0.8815 -0.0253
vn 0.9356 0.2297 -0.2682
vn -0.7448 0.6574 -0.1140
vn 0.5952 0.8022 -0.0471
vn -0.2726 -0.0115 -0.9621
vn -0.0526 0.0687 -0.9962
vn 0.8669 0.4318 -0.2492
vn 0.6892 0.7079 -0.1545
vn 0.6671 0.7295 -0.1506
vn 0.0285 -0.0774 0.9966
vn 0.0355 -0.0752 0.9965
vn 0.9225 0.3742 -0.0948
vn 0.7619 0.4515 -0.4644
vn 0.9308 0.3301 -0.1569
vn 0.9495 0.2960 -0.1038
vn 0.8423 0.4559 -0.2876
vn -0.6721 -0.6153 0.4121
vn 0.8866 0.4318 -0.1655
vn 0.9059 0.4236 -0.0046
vn -0.7935 -0.4540 0.4053
vn -0.8924 -0.4158 0.1753
vn -0.9060 -0.3857 0.1746
vn 0.1184 0.0964 -0.9883
vn -0.8978 -0.2619 -0.3540
vn 0.1710 0.0994 -0.9802
vn 0.9677 0.2461 -0.0549
vn 0.9605 0.2722 -0.0582
vn 0.0412 -0.0743 0.9964
vn 0.1033 -0.0674 0.9924
vn 0.9754 0.2148 -0.0495
vn -0.1085 -0.0883 0.9902
vn 0.9902 0.1320 -0.0454
vn 0.9956 0.0871 -0.0351
vn 0.5463 0.1056 -0.8309
vn -0.9223 -0.0251 -0.3857
vn 0.9794 0.1969 -0.0441
vn -0.7756 -0.0966 0.6239
vn 0.9989 0.0175 -0.0430
vn 0.9957 0.0863 -0.0331
vn -0.9804 -0.0716 -0.1834
vn 0.6750 -0.0059 0.7378
vn 0.9907 0.1253 -0.0523
vn 0.9957 0.0741 -0.0559
vn -0.8299 -0.0936 0.5500
vn 0.9970 0.0063 -0.0774
vn 0.9884 0.1243 -0.0876
vn 0.4291 0.3099 -0.8484
vn 0.1108 -0.9936 -0.0235
vn -0.1711 -0.0285 -0.9848
vn -0.0893 -0.9955 -0.0318
vn 0.7118 0.5587 -0.4256
vn 0.5485 0.7920 0.2682
vn 0.1893 0.9172 0.3505
vn 0.0525 0.9865 0.1549
vn 0.0715 0.9831 0.1685
vn 0.0279 -0.0729 0.9969
vn 0.1565 0.0321 0.9872
vn 0.0673 0.1602 -0.9848
vn 0.0429 -0.0699 0.9966
vn 0.5662 -0.7521 -0.3373
vn 0.4769 -0.7816 -0.4021
vn 0.3263 -0.8850 -0.3322
vn 0.3422 -0.8419 -0.4173
vn 0.4290 -0.8273 -0.3626
vn 0.0048 -0.0824 -0.9966
vn 0.0440 -0.0965 -0.9944
vn 0.5566 -0.7656 -0.3227
vn -0.3261 -0.0592 -0.9435
vn 0.8038 -0.5675 -0.1784
vn 0.1463 -0.0106 0.9892
vn -0.8172 -0.1650 -0.5523
vn 0.9282 0.0671 0.3660
vn -0.9975 0.0068 -0.0703
vn -0.9683 0.0882 -0.2335
vn 0.9564 -0.0541 -0.2871
vn -0.0479 -0.2042 -0.9778
s 0
f 2356//4639 2357//4639 2359//4639
f 2356//4640 2358//4640 2357//4640
f 2356//4641 2361//4641 2358//4641
f 2356//4642 2359//4642 2360//4642
f 2356//4643 2360//4643 2361//4643
f 2360//4644 2363//4644 2361//4644
f 2358//4645 2361//4645 2362//4645
f 2361//4646 2363//4646 2362//4646
f 2357//4647 2363//4647 2365//4647
f 2357//4648 2364//4648 2363//4648
f 2363//4649 2364//4649 2366//4649
f 2360//4650 2365//4650 2363//4650
f 2362//4651 2363//4651 2366//4651
f 2362//4652 2366//4652 2367//4652
f 2367//4653 2366//4653 2368//4653
f 2366//4654 2369//4654 2368//4654
f 2366//4655 2364//4655 2369//4655
f 2364//4656 2372//4656 2369//4656
f 2368//4657 2369//4657 2370//4657
f 2370//4658 2369//4658 2371//4658
f 2369//4659 2373//4659 2371//4659
f 2369//4660 2372//4660 2373//4660
f 2372//4661 2375//4661 2373//4661
f 2371//4662 2373//4662 2374//4662
f 2373//4663 2375//4663 2374//4663
f 2357//4664 2375//4664 2372//4664
f 2357//4665 2376//4665 2375//4665
f 2375//4666 2376//4666 2380//4666
f 2374//4667 2375//4667 2377//4667
f 2377//4668 2375//4668 2378//4668
f 2378//4669 2375//4669 2379//4669
f 2375//4670 2382//4670 2379//4670
f 2375//4671 2380//4671 2381//4671
f 2375//4672 2381//4672 2382//4672
f 2378//4673 2382//4673 2381//4673
f 2378//4674 2379//4674 2382//4674
f 2378//4675 2381//4675 2380//4675
f 2378//4676 2380//4676 2376//4676
f 2358//4677 2378//4677 2384//4677
f 2358//4678 2383//4678 2378//4678
f 2385//4679 2378//4679 2383//4679
f 2378//4680 2388//4680 2384//4680
f 2385//4681 2377//4681 2378//4681
f 2378//4682 2376//4682 2386//4682
f 2378//4683 2386//4683 2387//4683
f 2378//4684 2387//4684 2388//4684
f 2388//4685 2387//4685 2390//4685
f 2384//4686 2388//4686 2389//4686
f 2388//4687 2390//4687 2389//4687
f 2389//4688 2390//4688 2391//4688
f 2386//4689 2390//4689 2387//4689
f 2390//4690 2393//4690 2391//4690
f 2386//4691 2392//4691 2390//4691
f 2390//4692 2392//4692 2394//4692
f 2390//4693 2396//4693 2393//4693
f 2390//4694 2394//4694 2395//4694
f 2390//4695 2395//4695 2396//4695
f 2357//4696 2396//4696 2395//4696
f 2357//4697 2397//4697 2396//4697
f 2396//4698 2397//4698 2400//4698
f 2398//4699 2393//4699 2396//4699
f 2398//4700 2396//4700 2399//4700
f 2396//4701 2400//4701 2399//4701
f 2358//4702 2400//4702 2401//4702
f 2358//4703 2399//4703 2400//4703
f 2397//4704 2401//4704 2400//4704
f 2358//4705 2401//4705 2402//4705
f 2403//4706 2402//4706 2401//4706
f 2403//4707 2401//4707 2397//4707
f 2357//4708 2403//4708 2397//4708
f 2357//4709 2404//4709 2403//4709
f 2404//4710 2405//4710 2403//4710
f 2405//4711 2406//4711 2403//4711
f 2403//4712 2406//4712 2402//4712
f 2358//4713 2406//4713 2407//4713
f 2358//4714 2402//4714 2406//4714
f 2407//4715 2406//4715 2408//4715
f 2408//4716 2406//4716 2405//4716
f 2409//4717 2408//4717 2405//4717
f 2409//4718 2407//4718 2408//4718
f 2358//4719 2409//4719 2410//4719
f 2358//4720 2407//4720 2409//4720
f 2411//4721 2410//4721 2409//4721
f 2411//4722 2409//4722 2404//4722
f 2409//4723 2405//4723 2404//4723
f 2357//4724 2411//4724 2404//4724
f 2357//4725 2412//4725 2411//4725
f 2413//4726 2411//4726 2412//4726
f 2413//4727 2414//4727 2411//4727
f 2417//4728 2411//4728 2414//4728
f 2415//4729 2411//4729 2417//4729
f 2415//4730 2416//4730 2411//4730
f 2411//4731 2416//4731 2410//4731
f 2413//4732 2417//4732 2414//4732
f 2413//4733 2415//4733 2417//4733
f 2415//4734 2410//4734 2416//4734
f 2413//4735 2418//4735 2415//4735
f 2418//4736 2410//4736 2415//4736
f 2358//4737 2418//4737 2413//4737
f 2358//4738 2410//4738 2418//4738
f 2358//4739 2413//4739 2419//4739
f 2419//4740 2413//4740 2420//4740
f 2413//4741 2412//4741 2420//4741
f 2357//4742 2420//4742 2412//4742
f 2357//4743 2421//4743 2420//4743
f 2419//4744 2420//4744 2421//4744
f 2357//4745 2422//4745 2421//4745
f 2423//4746 2421//4746 2422//4746
f 2423//4747 2419//4747 2421//4747
f 2358//4748 2423//4748 2424//4748
f 2358//4749 2419//4749 2423//4749
f 2424//4750 2423//4750 2422//4750
f 2358//4751 2424//4751 2425//4751
f 2425//4752 2424//4752 2426//4752
f 2424//4753 2422//4753 2426//4753
f 2357//4754 2426//4754 2422//4754
f 2357//4755 2427//4755 2426//4755
f 2425//4756 2426//4756 2427//4756
f 2357//4757 2425//4757 2427//4757
f 2358//4758 2425//4758 2428//4758
f 2357//4759 2428//4759 2425//4759
f 2358//4760 2428//4760 2357//4760
f 2358//4761 2429//4761 2399//4761
f 2398//4762 2399//4762 2429//4762
f 2358//4763 2430//4763 2429//4763
f 2430//4764 2398//4764 2429//4764
f 2358//4765 2384//4765 2430//4765
f 2384//4766 2389//4766 2430//4766
f 2389//4767 2398//4767 2430//4767
f 2389//4768 2391//4768 2398//4768
f 2391//4769 2393//4769 2398//4769
f 2357//4770 2395//4770 2394//4770
f 2357//4771 2394//4771 2392//4771
f 2357//4772 2392//4772 2386//4772
f 2357//4773 2386//4773 2376//4773
f 2370//4774 2385//4774 2431//4774
f 2370//4775 2371//4775 2385//4775
f 2371//4776 2374//4776 2385//4776
f 2431//4777 2385//4777 2383//4777
f 2385//4778 2374//4778 2377//4778
f 2358//4779 2431//4779 2383//4779
f 2358//4780 2432//4780 2431//4780
f 2370//4781 2431//4781 2432//4781
f 2358//4782 2367//4782 2432//4782
f 2367//4783 2370//4783 2432//4783
f 2357//4784 2372//4784 2364//4784
f 2367//4785 2368//4785 2370//4785
f 2358//4786 2362//4786 2367//4786
f 2357//4787 2365//4787 2433//4787
f 2360//4788 2433//4788 2365//4788
f 2357//4789 2433//4789 2359//4789
f 2359//4790 2433//4790 2360//4790
o geometry_9.020
v 0.022252 0.016003 -0.036824
v 0.023551 0.016129 -0.035050
v 0.023550 0.016187 -0.036917
v 0.022360 0.016511 -0.033609
v 0.022540 0.015128 -0.031745
v 0.024623 -0.012372 -0.034059
v 0.023785 -0.012088 -0.032890
v 0.023156 -0.011772 -0.033827
v 0.023094 -0.011509 -0.035066
v 0.022987 -0.010720 -0.038575
v 0.023101 -0.010772 -0.038168
v 0.017806 -0.016607 -0.038151
v 0.017578 -0.016775 -0.038217
v 0.017301 -0.017027 -0.038201
v 0.016395 -0.017459 -0.038172
v 0.016024 -0.017536 -0.038173
v 0.015126 -0.017696 -0.038133
v 0.013719 -0.017957 -0.037868
v 0.013255 -0.017960 -0.037840
v 0.001453 -0.018581 -0.037923
v 0.001486 0.008648 -0.035708
v 0.001475 0.008553 -0.035645
v 0.004085 0.010785 -0.035500
v 0.005370 0.011368 -0.035546
v 0.006811 0.011756 -0.035623
v 0.012753 0.013309 -0.035846
v 0.021636 0.015426 -0.036379
v 0.023716 0.015726 -0.035116
v 0.023812 0.015636 -0.033685
v 0.001486 0.010957 -0.031620
v 0.007401 0.011852 -0.031654
v 0.002045 -0.017958 -0.038995
v 0.002727 -0.016817 -0.033785
v 0.002193 -0.017326 -0.032276
v 0.001569 -0.017700 -0.033578
v 0.012411 -0.018845 -0.034332
v 0.013985 -0.018925 -0.034098
v 0.014402 -0.018892 -0.034079
v 0.015245 -0.018800 -0.034090
v 0.015600 -0.018716 -0.034084
v 0.016238 -0.018530 -0.034085
v 0.016788 -0.018299 -0.034109
v 0.017680 -0.017615 -0.034127
v 0.018304 -0.017067 -0.034128
v 0.023794 0.015312 -0.031773
v 0.022638 0.015053 -0.032542
v 0.018250 -0.017016 -0.033672
v 0.018106 -0.016800 -0.035502
v 0.017595 -0.017607 -0.033661
v 0.018073 -0.016727 -0.036265
v 0.017482 -0.017309 -0.035475
v 0.016773 -0.018276 -0.033609
v 0.017614 -0.016996 -0.036778
v 0.016470 -0.017948 -0.035379
v 0.016233 -0.018520 -0.033578
v 0.015883 -0.018165 -0.035363
v 0.015229 -0.018800 -0.033579
v 0.015131 -0.018402 -0.035309
v 0.016183 -0.017782 -0.036657
v 0.016293 -0.017311 -0.038510
v 0.015154 -0.018122 -0.036205
v 0.013862 -0.018538 -0.035253
v 0.013812 -0.018201 -0.036287
v 0.013973 -0.018890 -0.033601
v 0.015070 -0.017511 -0.038441
v 0.017238 -0.016863 -0.038554
v 0.017998 -0.016625 -0.037143
v 0.017746 -0.016417 -0.038461
vn -0.1221 -0.9797 0.1589
vn 0.1385 -0.9899 -0.0313
vn -0.0346 0.6334 0.7731
vn 0.9966 0.0696 -0.0446
vn 0.9959 0.0790 -0.0430
vn -0.8205 -0.1230 -0.5582
vn 0.8242 -0.0342 -0.5653
vn 0.9986 0.0277 -0.0441
vn 0.9993 0.0291 -0.0237
vn -0.9636 -0.0438 0.2639
vn -0.0564 0.0483 -0.9972
vn 0.2786 0.0011 -0.9604
vn -0.1115 0.0581 -0.9921
vn -0.0559 0.0500 -0.9972
vn -0.0058 0.0413 -0.9991
vn -0.0532 0.0500 -0.9973
vn -0.1990 0.0800 -0.9767
vn -0.0590 0.0455 -0.9972
vn 0.0055 0.0285 -0.9996
vn -0.0820 0.0809 -0.9933
vn -0.1544 0.5595 0.8143
vn -0.1333 0.2188 -0.9666
vn -0.1327 0.2165 -0.9672
vn -0.2412 0.9425 0.2315
vn -0.2294 0.9220 0.3119
vn -0.1197 0.6834 0.7202
vn -0.2360 0.9675 -0.0906
vn -0.2921 0.9197 0.2625
vn -0.1867 0.9796 0.0748
vn -0.1970 0.9769 0.0833
vn -0.2554 0.9553 -0.1492
vn -0.1215 0.8241 0.5532
vn 0.0961 -0.6632 -0.7422
vn -0.2645 0.9507 -0.1621
vn -0.4022 0.8623 -0.3077
vn -0.5770 0.7020 -0.4176
vn 0.9950 -0.0871 0.0492
vn -1.0000 0.0013 -0.0007
vn 0.8937 -0.0946 0.4386
vn -0.9884 -0.0552 0.1415
vn -0.9409 -0.0157 -0.3383
vn 0.8978 0.0326 -0.4393
vn 0.0621 -0.0679 0.9958
vn -0.1528 -0.1450 0.9776
vn -0.0367 -0.0978 0.9945
vn 0.0205 -0.0733 0.9971
vn 0.0017 -0.0819 0.9966
vn 0.0228 -0.0719 0.9971
vn 0.0653 -0.0506 0.9966
vn 0.0604 -0.0532 0.9968
vn 0.0527 -0.0576 0.9969
vn 0.0383 -0.0662 0.9971
vn 0.0222 -0.0821 0.9964
vn -0.0650 0.2996 -0.9519
vn -0.1917 0.9806 -0.0414
vn -0.3130 0.9369 0.1557
vn -0.1802 0.9389 0.2933
vn 0.1393 -0.9766 -0.1641
vn -0.6515 0.7416 -0.1600
vn -0.5878 0.7934 -0.1583
vn 0.5776 -0.8042 -0.1404
vn 0.6619 -0.7366 -0.1390
vn -0.6648 0.7348 -0.1342
vn 0.5689 -0.8051 -0.1678
vn 0.7251 -0.6817 -0.0974
vn 0.6162 -0.7701 -0.1650
vn -0.6324 0.7728 -0.0538
vn -0.6050 0.7865 -0.1242
vn 0.4354 -0.8689 -0.2354
vn 0.7031 -0.7043 -0.0979
vn 0.3891 -0.8916 -0.2316
vn -0.4133 0.9090 -0.0538
vn -0.3879 0.9215 -0.0220
vn 0.3292 -0.9117 -0.2459
vn 0.2771 -0.9305 -0.2394
vn -0.2812 0.9594 -0.0217
vn -0.2684 0.9625 -0.0390
vn 0.2616 -0.9374 -0.2300
vn 0.2680 -0.9374 -0.2224
vn 0.2808 -0.9361 -0.2118
vn 0.0807 -0.9520 -0.2953
vn 0.0888 -0.9514 -0.2950
vn 0.0936 -0.9692 -0.2279
vn 0.0488 -0.9762 -0.2113
vn 0.0705 -0.9473 -0.3124
vn -0.0087 -0.9508 -0.3097
vn 0.0739 -0.9743 -0.2126
vn 0.1120 -0.9574 -0.2661
vn -0.1141 0.8654 0.4880
vn 0.1410 -0.9536 -0.2661
vn -0.1257 0.8406 0.5269
vn -0.0596 0.8512 0.5214
vn 0.2466 -0.9555 -0.1621
vn 0.0125 0.9993 0.0352
vn 0.0610 0.9958 -0.0686
vn -0.0739 0.9947 -0.0717
vn -0.0704 0.9952 -0.0685
vn 0.0530 -0.9837 -0.1718
vn -0.0026 -0.9883 -0.1526
vn -0.3667 0.8174 0.4444
vn 0.4118 -0.8887 -0.2015
vn -0.3694 0.8047 0.4647
vn -0.1839 0.8784 0.4411
vn 0.6652 -0.7072 -0.2394
vn 0.5868 -0.7887 -0.1834
vn 0.4997 -0.8495 -0.1695
vn -0.6427 0.6450 0.4134
vn 0.4042 -0.8910 -0.2068
vn -0.6465 0.5882 0.4859
vn 0.7103 -0.6614 -0.2408
vn -0.6039 0.6221 0.4983
vn -0.5410 0.6315 0.5555
vn -0.6989 0.6582 0.2796
vn 0.7319 -0.6597 -0.1706
vn 0.7323 -0.6579 -0.1760
vn 0.6142 -0.7763 -0.1419
vn 0.7247 -0.6748 -0.1395
vn 0.3343 -0.9220 -0.1952
vn -0.2299 0.9732 -0.0089
vn -0.1087 0.9941 -0.0051
vn 0.6042 -0.7865 -0.1276
vn 0.6872 -0.4098 -0.5999
vn 0.6623 -0.7425 -0.1004
vn -0.4155 0.7695 -0.4849
vn 0.0785 0.9476 -0.3096
vn -0.2101 -0.9015 -0.3784
vn -0.1247 0.8864 0.4457
vn -0.1866 -0.9543 0.2334
vn -0.5169 -0.8558 -0.0195
vn -0.4668 -0.7312 -0.4974
vn -0.9261 -0.3772 -0.0111
vn -0.7797 -0.2240 -0.5848
s 0
f 2434//4791 2435//4791 2437//4791
f 2434//4792 2436//4792 2435//4792
f 2434//4793 2460//4793 2436//4793
f 2434//4794 2437//4794 2438//4794
f 2434//4795 2438//4795 2439//4795
f 2434//4796 2439//4796 2440//4796
f 2434//4797 2440//4797 2441//4797
f 2434//4798 2441//4798 2442//4798
f 2434//4799 2442//4799 2443//4799
f 2434//4800 2443//4800 2444//4800
f 2434//4801 2444//4801 2445//4801
f 2434//4802 2445//4802 2446//4802
f 2434//4803 2446//4803 2447//4803
f 2434//4804 2447//4804 2448//4804
f 2434//4805 2448//4805 2449//4805
f 2434//4806 2449//4806 2450//4806
f 2434//4807 2450//4807 2451//4807
f 2434//4808 2451//4808 2452//4808
f 2434//4809 2452//4809 2453//4809
f 2434//4810 2453//4810 2454//4810
f 2434//4811 2454//4811 2455//4811
f 2434//4812 2455//4812 2456//4812
f 2434//4813 2456//4813 2457//4813
f 2434//4814 2457//4814 2458//4814
f 2434//4815 2458//4815 2459//4815
f 2434//4816 2459//4816 2460//4816
f 2460//4817 2459//4817 2463//4817
f 2436//4818 2460//4818 2461//4818
f 2461//4819 2460//4819 2462//4819
f 2460//4820 2463//4820 2462//4820
f 2459//4821 2458//4821 2463//4821
f 2462//4822 2463//4822 2464//4822
f 2463//4823 2479//4823 2464//4823
f 2463//4824 2458//4824 2457//4824
f 2463//4825 2457//4825 2456//4825
f 2463//4826 2456//4826 2455//4826
f 2463//4827 2455//4827 2454//4827
f 2463//4828 2454//4828 2453//4828
f 2463//4829 2453//4829 2465//4829
f 2463//4830 2465//4830 2466//4830
f 2463//4831 2466//4831 2467//4831
f 2463//4832 2467//4832 2468//4832
f 2463//4833 2468//4833 2469//4833
f 2463//4834 2469//4834 2470//4834
f 2463//4835 2470//4835 2471//4835
f 2463//4836 2471//4836 2472//4836
f 2463//4837 2472//4837 2473//4837
f 2463//4838 2473//4838 2474//4838
f 2463//4839 2474//4839 2475//4839
f 2463//4840 2475//4840 2476//4840
f 2463//4841 2476//4841 2477//4841
f 2463//4842 2477//4842 2439//4842
f 2463//4843 2439//4843 2438//4843
f 2463//4844 2438//4844 2478//4844
f 2463//4845 2478//4845 2479//4845
f 2462//4846 2479//4846 2478//4846
f 2462//4847 2464//4847 2479//4847
f 2462//4848 2478//4848 2438//4848
f 2477//4849 2476//4849 2480//4849
f 2439//4850 2477//4850 2480//4850
f 2439//4851 2480//4851 2481//4851
f 2481//4852 2480//4852 2482//4852
f 2482//4853 2480//4853 2476//4853
f 2483//4854 2482//4854 2484//4854
f 2483//4855 2481//4855 2482//4855
f 2482//4856 2485//4856 2484//4856
f 2482//4857 2475//4857 2485//4857
f 2482//4858 2476//4858 2475//4858
f 2486//4859 2485//4859 2487//4859
f 2486//4860 2484//4860 2485//4860
f 2485//4861 2488//4861 2487//4861
f 2485//4862 2475//4862 2488//4862
f 2475//4863 2474//4863 2488//4863
f 2487//4864 2488//4864 2489//4864
f 2488//4865 2491//4865 2489//4865
f 2488//4866 2474//4866 2473//4866
f 2488//4867 2473//4867 2490//4867
f 2488//4868 2490//4868 2491//4868
f 2492//4869 2491//4869 2493//4869
f 2492//4870 2489//4870 2491//4870
f 2493//4871 2491//4871 2494//4871
f 2491//4872 2495//4872 2494//4872
f 2491//4873 2490//4873 2495//4873
f 2453//4874 2495//4874 2497//4874
f 2453//4875 2496//4875 2495//4875
f 2498//4876 2495//4876 2496//4876
f 2495//4877 2490//4877 2497//4877
f 2494//4878 2495//4878 2498//4878
f 2493//4879 2498//4879 2449//4879
f 2493//4880 2494//4880 2498//4880
f 2498//4881 2450//4881 2449//4881
f 2498//4882 2451//4882 2450//4882
f 2498//4883 2496//4883 2451//4883
f 2453//4884 2497//4884 2469//4884
f 2469//4885 2497//4885 2470//4885
f 2497//4886 2471//4886 2470//4886
f 2497//4887 2490//4887 2471//4887
f 2453//4888 2452//4888 2496//4888
f 2452//4889 2451//4889 2496//4889
f 2499//4890 2493//4890 2447//4890
f 2499//4891 2492//4891 2493//4891
f 2447//4892 2493//4892 2448//4892
f 2493//4893 2449//4893 2448//4893
f 2500//4894 2499//4894 2501//4894
f 2500//4895 2486//4895 2499//4895
f 2486//4896 2487//4896 2499//4896
f 2501//4897 2499//4897 2447//4897
f 2499//4898 2487//4898 2492//4898
f 2444//4899 2501//4899 2445//4899
f 2444//4900 2500//4900 2501//4900
f 2501//4901 2446//4901 2445//4901
f 2501//4902 2447//4902 2446//4902
f 2444//4903 2443//4903 2500//4903
f 2443//4904 2442//4904 2500//4904
f 2500//4905 2442//4905 2441//4905
f 2500//4906 2483//4906 2486//4906
f 2500//4907 2441//4907 2483//4907
f 2487//4908 2489//4908 2492//4908
f 2473//4909 2472//4909 2490//4909
f 2490//4910 2472//4910 2471//4910
f 2483//4911 2484//4911 2486//4911
f 2483//4912 2441//4912 2440//4912
f 2483//4913 2440//4913 2481//4913
f 2439//4914 2481//4914 2440//4914
f 2468//4915 2467//4915 2469//4915
f 2467//4916 2466//4916 2469//4916
f 2453//4917 2469//4917 2465//4917
f 2469//4918 2466//4918 2465//4918
f 2461//4919 2462//4919 2437//4919
f 2437//4920 2462//4920 2438//4920
f 2436//4921 2461//4921 2435//4921
f 2435//4922 2461//4922 2437//4922
o geometry_9.021
v 0.001206 0.014811 -0.021198
v -0.000359 0.014533 -0.019902
v 0.001811 0.014563 -0.021602
v -0.000456 0.014870 -0.020104
v -0.001361 0.014579 -0.020456
v -0.002323 0.015341 -0.021233
v -0.004266 0.014945 -0.021212
v -0.005044 0.014900 -0.020964
v -0.005320 0.014784 -0.021028
v -0.006565 0.014348 -0.020956
v -0.007607 0.013686 -0.020902
v -0.008328 0.012621 -0.021007
v -0.008783 0.011773 -0.021020
v -0.009063 0.011009 -0.021075
v -0.009542 0.009555 -0.021148
v -0.009606 0.009281 -0.021175
v -0.009894 0.007956 -0.021225
v -0.011923 -0.007060 -0.022146
v -0.012012 -0.008603 -0.022250
v -0.010759 -0.019547 -0.023368
v -0.011059 -0.019999 -0.022653
v 0.000534 -0.019633 -0.023505
v 0.002090 -0.016342 -0.023408
v 0.001708 -0.015799 -0.025659
v 0.002001 -0.015672 -0.025728
v 0.001104 0.014699 -0.023660
v 0.001637 0.014469 -0.023586
v 0.001355 0.014464 -0.023056
v -0.001877 0.013835 -0.022012
v -0.001861 0.014357 -0.019870
v -0.001388 0.013846 -0.022829
v -0.002328 0.013725 -0.022409
v -0.002790 0.013703 -0.021517
v -0.003091 0.014104 -0.019845
v -0.004602 0.013205 -0.021724
v -0.004716 0.013870 -0.019722
v -0.006125 0.013416 -0.019680
v -0.006053 0.012608 -0.021798
v -0.006427 0.012487 -0.021440
v -0.006924 0.012943 -0.019692
v -0.007425 0.012029 -0.019744
v -0.006619 0.012027 -0.021842
v -0.007294 0.010904 -0.021836
v -0.007832 0.011239 -0.019802
v -0.007567 0.010249 -0.021936
v -0.008012 0.009128 -0.022058
v -0.007975 0.010557 -0.019898
v -0.008449 0.009167 -0.019986
v -0.008763 0.007659 -0.020085
v -0.008343 0.007758 -0.022202
v -0.011115 -0.007029 -0.024684
v -0.008254 0.007813 -0.023667
v -0.008737 0.006464 -0.023679
v -0.007780 0.009245 -0.023556
v -0.008465 0.007892 -0.023594
v -0.008049 0.009130 -0.023513
v -0.008863 0.010471 -0.023648
v -0.007758 0.010051 -0.024707
v -0.006414 0.011731 -0.023210
v -0.007197 0.010454 -0.023306
v -0.007540 0.010007 -0.022975
v -0.006335 0.012388 -0.022247
v -0.005689 0.012534 -0.022683
v -0.005285 0.012607 -0.024489
v -0.005961 0.012179 -0.023011
v -0.006711 0.011588 -0.023293
v -0.007278 0.010719 -0.023334
v -0.006097 0.012145 -0.023223
v -0.005726 0.013785 -0.023518
v -0.004398 0.014295 -0.023556
v -0.002511 0.013692 -0.023328
v -0.001868 0.013859 -0.023375
v -0.001815 0.013680 -0.023307
v -0.001076 0.014046 -0.023404
v -0.007611 0.010078 -0.023450
v -0.011151 -0.007668 -0.024732
v -0.010868 -0.007039 -0.024983
v -0.010763 -0.008522 -0.023466
v -0.010643 -0.007173 -0.023381
v -0.010933 -0.008404 -0.025024
v -0.010832 -0.009833 -0.025160
v -0.011088 -0.009861 -0.024853
v -0.011174 -0.008413 -0.024762
v -0.010992 -0.011197 -0.024667
v -0.010635 -0.012323 -0.024592
v -0.010241 -0.019577 -0.021653
v -0.010164 -0.013046 -0.024612
v -0.008958 -0.018795 -0.022928
v -0.007943 -0.018691 -0.023514
v -0.009865 -0.013421 -0.024632
v -0.008330 -0.015005 -0.024796
v -0.006950 -0.016378 -0.024946
v -0.005111 -0.017759 -0.025110
v -0.004832 -0.017909 -0.025137
v -0.006163 -0.018546 -0.024385
v -0.005185 -0.018471 -0.024809
v -0.003876 -0.018335 -0.024976
v -0.003834 -0.018045 -0.025220
v -0.002600 -0.017786 -0.025336
v -0.001625 -0.017059 -0.025601
v -0.001217 -0.018365 -0.023564
v -0.002433 -0.018327 -0.024248
v -0.000812 -0.019012 -0.022800
v 0.000356 -0.019095 -0.021972
v -0.010636 -0.007266 -0.021234
v -0.010719 -0.008655 -0.021355
vn -0.4725 -0.5498 -0.6888
vn -0.6013 -0.2093 -0.7711
vn -0.2860 -0.9458 0.1538
vn 0.1759 -0.9320 0.3170
vn -0.1102 -0.7743 -0.6232
vn -0.0010 0.0582 0.9983
vn 0.0231 0.9682 0.2492
vn 0.0244 -0.5257 0.8503
vn 0.0255 0.0919 0.9954
vn 0.0290 0.0351 0.9990
vn 0.0499 -0.1307 0.9902
vn 0.0272 -0.0309 0.9992
vn 0.0444 -0.0877 0.9952
vn 0.0347 -0.0615 0.9975
vn 0.0576 -0.1084 0.9924
vn 0.0241 -0.0430 0.9988
vn 0.0386 -0.0664 0.9970
vn 0.0443 -0.0698 0.9966
vn 0.0836 -0.0918 0.9923
vn -0.9259 0.3336 -0.1774
vn 0.0752 -0.0681 0.9948
vn 0.0821 -0.0682 0.9943
vn 0.9867 0.0392 -0.1581
vn 0.2819 -0.1338 0.9501
vn 0.9986 0.0324 -0.0429
vn -0.4008 -0.9143 0.0586
vn -0.3907 0.8987 -0.1993
vn -0.2240 0.9684 -0.1099
vn -0.0534 0.9973 -0.0507
vn -0.2350 0.9606 -0.1487
vn -0.1178 0.9650 -0.2345
vn -0.2586 0.9389 -0.2271
vn -0.2298 0.9653 -0.1240
vn -0.1647 0.9827 -0.0848
vn -0.1788 0.9815 -0.0685
vn -0.2524 0.9617 -0.1071
vn -0.2002 0.9441 -0.2620
vn -0.1565 0.9538 -0.2565
vn -0.2174 0.9225 -0.3190
vn 0.0607 -0.7602 -0.6468
vn -0.2994 0.9002 -0.3162
vn 0.4186 -0.6414 -0.6429
vn 0.2221 -0.7474 -0.6261
vn -0.3420 0.8740 -0.3453
vn -0.5487 0.7746 -0.3144
vn 0.2258 -0.7478 -0.6244
vn -0.4743 0.8097 -0.3457
vn 0.4035 -0.6668 -0.6265
vn -0.8118 0.4661 -0.3519
vn 0.3921 -0.6687 -0.6318
vn 0.7058 -0.3522 -0.6147
vn -0.7637 0.5746 -0.2943
vn -0.8146 0.4879 -0.3137
vn 0.6576 -0.3818 -0.6495
vn -0.8401 0.4538 -0.2970
vn 0.6976 -0.3117 -0.6452
vn -0.8650 0.4055 -0.2956
vn 0.6615 -0.3434 -0.6667
vn -0.8796 0.3804 -0.2858
vn 0.7707 -0.0722 -0.6331
vn -0.9668 0.2204 -0.1291
vn -0.9232 0.3276 -0.2008
vn 0.6873 -0.1903 -0.7010
vn 0.6935 -0.0972 -0.7139
vn 0.7047 -0.1267 -0.6981
vn 0.7082 -0.0994 -0.6990
vn -0.9605 0.2118 -0.1803
vn 0.6830 -0.1898 -0.7054
vn -0.9464 0.2504 -0.2042
vn 0.6750 -0.1959 -0.7113
vn -0.9799 0.1924 -0.0522
vn -0.9608 0.2104 -0.1805
vn -0.9695 0.2398 -0.0498
vn 0.3378 -0.1290 0.9323
vn 0.2901 -0.1121 0.9504
vn -0.9394 0.3209 -0.1207
vn 0.2702 -0.1635 0.9488
vn -0.0328 0.0757 -0.9966
vn -0.0484 0.0688 -0.9965
vn 0.2089 -0.1331 0.9688
vn -0.6477 -0.3240 0.6896
vn 0.6958 0.4767 0.5373
vn -0.2532 0.7947 0.5517
vn -0.8429 0.5022 0.1931
vn 0.2818 -0.7542 0.5931
vn 0.0374 0.9563 -0.2901
vn -0.9859 0.1086 0.1271
vn -0.9697 0.2082 0.1276
vn -0.9205 0.3746 -0.1113
vn -0.9104 0.3970 -0.1163
vn -0.8598 0.4795 -0.1756
vn -0.8071 0.5165 -0.2859
vn -0.8386 0.5030 -0.2091
vn -0.3544 0.9086 -0.2211
vn -0.2275 0.9737 -0.0114
vn -0.9026 -0.0512 -0.4275
vn -0.4360 0.8858 -0.1588
vn -0.8547 0.4943 -0.1588
vn -0.4515 0.7795 -0.4342
vn 0.2422 -0.8105 0.5333
vn 0.0253 0.0970 -0.9950
vn -0.0430 0.0753 -0.9962
vn -0.3436 0.1806 0.9216
vn -0.6574 0.6861 0.3115
vn -0.4624 -0.0549 -0.8850
vn 0.8540 -0.1013 0.5104
vn -0.3789 0.9207 0.0935
vn -0.0518 0.0612 -0.9968
vn 0.2389 -0.5631 0.7911
vn 0.1520 0.1037 -0.9829
vn -0.2288 -0.3763 0.8978
vn -0.0902 0.0674 -0.9936
vn -0.0219 0.3494 0.9367
vn 0.0074 0.9541 0.2994
vn -0.3720 0.9041 -0.2103
vn -0.3492 0.9362 -0.0402
vn -0.3327 0.9425 -0.0312
vn -0.1968 0.9671 -0.1610
vn -0.2767 0.9388 -0.2053
vn 0.0961 0.0690 0.9930
vn -0.0467 0.3427 0.9383
vn -0.1352 0.0633 -0.9888
vn -0.0537 0.0723 -0.9959
vn 0.1021 0.1254 -0.9868
vn 0.1664 -0.2584 0.9516
vn 0.2040 0.1616 -0.9655
vn 0.1642 0.0241 -0.9861
vn -0.3611 0.9053 -0.2236
vn -0.9192 0.3772 -0.1131
vn -0.0272 0.0790 -0.9965
vn -0.0296 0.0755 -0.9967
vn 0.7655 -0.0908 0.6370
vn 0.7504 -0.2061 0.6281
vn 0.7190 0.1002 -0.6878
vn -0.9928 0.0441 0.1116
vn -0.9862 0.0789 0.1452
vn -0.9895 0.0288 0.1415
vn 0.7277 -0.0553 0.6836
vn 0.7687 -0.0067 0.6396
vn -0.9916 -0.0797 0.1022
vn 0.7366 0.0010 0.6764
vn 0.7365 -0.0491 0.6746
vn -0.0503 0.0416 -0.9979
vn -0.0399 0.0603 -0.9974
vn -0.7381 -0.1451 -0.6589
vn 0.7542 0.1413 0.6412
vn -0.1304 -0.1459 -0.9807
vn -0.4394 -0.1971 -0.8764
vn -0.1159 -0.1020 -0.9880
vn 0.7979 -0.1887 -0.5725
vn -0.5510 -0.3389 -0.7626
vn -0.0994 -0.0377 -0.9943
vn -0.5528 -0.3390 -0.7612
vn -0.1033 -0.9333 -0.3440
vn -0.1065 -0.7962 -0.5956
vn -0.4484 -0.3234 -0.8333
vn -0.4771 -0.3378 -0.8113
vn -0.4378 -0.3381 -0.8331
vn -0.4301 -0.3408 -0.8360
vn -0.0886 0.0198 -0.9959
vn -0.0872 0.0022 -0.9962
vn -0.3582 -0.3755 -0.8548
vn -0.0897 0.0106 -0.9959
vn -0.2978 -0.4000 -0.8668
vn -0.4069 -0.2621 -0.8751
vn -0.0977 -0.9164 -0.3881
vn -0.1025 -0.9259 -0.3636
vn -0.3623 -0.2885 -0.8863
vn -0.0046 -0.7565 -0.6539
vn -0.0310 -0.6412 -0.7668
vn -0.1335 -0.4349 -0.8905
vn -0.0838 -0.0077 -0.9965
vn -0.1022 0.0382 -0.9940
vn 0.0644 -0.6482 -0.7587
vn -0.1769 0.5378 0.8243
vn 0.3978 -0.7343 -0.5501
vn 0.2335 -0.8558 -0.4616
vn 0.2370 -0.8548 -0.4617
vn 0.4227 0.5506 -0.7198
vn 0.3993 0.4537 -0.7967
vn 0.5392 0.7616 0.3595
vn 0.1409 -0.7171 -0.6826
vn 0.2797 -0.7820 -0.5570
vn 0.2709 0.9178 -0.2904
vn 0.3356 -0.7648 -0.5500
vn -0.9503 0.2422 -0.1954
vn -0.0888 0.0168 -0.9959
vn -0.0963 -0.0232 -0.9951
vn -0.0552 0.9353 -0.3496
vn 0.8980 0.0864 0.4314
vn -0.9992 -0.0000 0.0409
vn -0.9961 0.0884 0.0070
vn -0.9988 0.0487 0.0052
vn -0.9981 0.0572 0.0247
vn 0.5816 0.0358 -0.8127
vn 0.5750 -0.0275 -0.8177
vn -0.9998 -0.0002 0.0211
vn 0.5672 0.1477 -0.8102
vn 0.5699 0.0226 -0.8214
vn 0.1481 -0.7773 -0.6114
vn 0.1520 -0.7779 -0.6097
vn -0.0954 -0.8822 -0.4612
vn 0.1046 0.5206 0.8474
vn 0.0406 -0.5059 -0.8616
vn 0.3307 -0.9408 -0.0740
vn -0.2371 -0.8240 -0.5146
vn -0.0083 0.4918 0.8707
vn 0.8787 -0.4081 -0.2477
s 0
f 2502//4923 2503//4923 2505//4923
f 2502//4924 2504//4924 2503//4924
f 2502//4925 2529//4925 2504//4925
f 2502//4926 2505//4926 2506//4926
f 2502//4927 2506//4927 2507//4927
f 2502//4928 2507//4928 2508//4928
f 2502//4929 2508//4929 2509//4929
f 2502//4930 2509//4930 2510//4930
f 2502//4931 2510//4931 2511//4931
f 2502//4932 2511//4932 2512//4932
f 2502//4933 2512//4933 2513//4933
f 2502//4934 2513//4934 2514//4934
f 2502//4935 2514//4935 2515//4935
f 2502//4936 2515//4936 2516//4936
f 2502//4937 2516//4937 2517//4937
f 2502//4938 2517//4938 2518//4938
f 2502//4939 2518//4939 2519//4939
f 2502//4940 2519//4940 2520//4940
f 2502//4941 2520//4941 2521//4941
f 2502//4942 2521//4942 2522//4942
f 2502//4943 2522//4943 2523//4943
f 2502//4944 2523//4944 2524//4944
f 2502//4945 2524//4945 2525//4945
f 2502//4946 2525//4946 2526//4946
f 2502//4947 2526//4947 2527//4947
f 2502//4948 2527//4948 2528//4948
f 2502//4949 2528//4949 2529//4949
f 2529//4950 2528//4950 2530//4950
f 2504//4951 2529//4951 2503//4951
f 2503//4952 2529//4952 2530//4952
f 2503//4953 2530//4953 2531//4953
f 2530//4954 2534//4954 2531//4954
f 2530//4955 2528//4955 2532//4955
f 2530//4956 2532//4956 2533//4956
f 2530//4957 2533//4957 2534//4957
f 2533//4958 2536//4958 2534//4958
f 2531//4959 2534//4959 2535//4959
f 2534//4960 2537//4960 2535//4960
f 2534//4961 2536//4961 2537//4961
f 2535//4962 2537//4962 2509//4962
f 2536//4963 2538//4963 2537//4963
f 2537//4964 2510//4964 2509//4964
f 2537//4965 2538//4965 2510//4965
f 2536//4966 2539//4966 2538//4966
f 2539//4967 2540//4967 2538//4967
f 2538//4968 2511//4968 2510//4968
f 2538//4969 2540//4969 2541//4969
f 2538//4970 2541//4970 2511//4970
f 2540//4971 2542//4971 2541//4971
f 2511//4972 2541//4972 2512//4972
f 2541//4973 2542//4973 2512//4973
f 2540//4974 2543//4974 2542//4974
f 2543//4975 2544//4975 2542//4975
f 2542//4976 2513//4976 2512//4976
f 2542//4977 2544//4977 2545//4977
f 2542//4978 2545//4978 2513//4978
f 2544//4979 2546//4979 2545//4979
f 2513//4980 2545//4980 2514//4980
f 2545//4981 2546//4981 2547//4981
f 2545//4982 2548//4982 2514//4982
f 2545//4983 2547//4983 2548//4983
f 2549//4984 2548//4984 2547//4984
f 2549//4985 2514//4985 2548//4985
f 2518//4986 2549//4986 2550//4986
f 2518//4987 2517//4987 2549//4987
f 2517//4988 2516//4988 2549//4988
f 2549//4989 2551//4989 2550//4989
f 2549//4990 2516//4990 2515//4990
f 2549//4991 2547//4991 2551//4991
f 2549//4992 2515//4992 2514//4992
f 2552//4993 2551//4993 2553//4993
f 2552//4994 2550//4994 2551//4994
f 2551//4995 2547//4995 2553//4995
f 2552//4996 2553//4996 2554//4996
f 2553//4997 2556//4997 2554//4997
f 2553//4998 2547//4998 2555//4998
f 2553//4999 2555//4999 2556//4999
f 2526//5000 2556//5000 2557//5000
f 2526//5001 2554//5001 2556//5001
f 2557//5002 2556//5002 2555//5002
f 2526//5003 2557//5003 2558//5003
f 2558//5004 2557//5004 2559//5004
f 2559//5005 2557//5005 2555//5005
f 2560//5006 2559//5006 2561//5006
f 2560//5007 2558//5007 2559//5007
f 2561//5008 2559//5008 2544//5008
f 2559//5009 2562//5009 2544//5009
f 2559//5010 2555//5010 2562//5010
f 2555//5011 2546//5011 2562//5011
f 2544//5012 2562//5012 2546//5012
f 2563//5013 2561//5013 2543//5013
f 2563//5014 2560//5014 2561//5014
f 2561//5015 2544//5015 2543//5015
f 2564//5016 2563//5016 2539//5016
f 2564//5017 2565//5017 2563//5017
f 2565//5018 2566//5018 2563//5018
f 2539//5019 2563//5019 2540//5019
f 2563//5020 2543//5020 2540//5020
f 2563//5021 2566//5021 2567//5021
f 2563//5022 2567//5022 2560//5022
f 2526//5023 2567//5023 2569//5023
f 2526//5024 2568//5024 2567//5024
f 2567//5025 2568//5025 2560//5025
f 2569//5026 2567//5026 2566//5026
f 2526//5027 2569//5027 2570//5027
f 2565//5028 2570//5028 2569//5028
f 2565//5029 2569//5029 2566//5029
f 2526//5030 2570//5030 2571//5030
f 2571//5031 2570//5031 2565//5031
f 2526//5032 2571//5032 2572//5032
f 2572//5033 2571//5033 2565//5033
f 2526//5034 2572//5034 2573//5034
f 2574//5035 2573//5035 2572//5035
f 2574//5036 2572//5036 2536//5036
f 2536//5037 2572//5037 2564//5037
f 2572//5038 2565//5038 2564//5038
f 2532//5039 2527//5039 2574//5039
f 2532//5040 2574//5040 2533//5040
f 2533//5041 2574//5041 2536//5041
f 2527//5042 2575//5042 2574//5042
f 2574//5043 2575//5043 2573//5043
f 2526//5044 2575//5044 2527//5044
f 2526//5045 2573//5045 2575//5045
f 2526//5046 2576//5046 2568//5046
f 2560//5047 2568//5047 2576//5047
f 2526//5048 2558//5048 2576//5048
f 2560//5049 2576//5049 2558//5049
f 2536//5050 2564//5050 2539//5050
f 2555//5051 2547//5051 2546//5051
f 2526//5052 2552//5052 2554//5052
f 2526//5053 2577//5053 2552//5053
f 2578//5054 2552//5054 2577//5054
f 2578//5055 2518//5055 2552//5055
f 2518//5056 2550//5056 2552//5056
f 2579//5057 2578//5057 2581//5057
f 2579//5058 2580//5058 2578//5058
f 2580//5059 2518//5059 2578//5059
f 2581//5060 2578//5060 2577//5060
f 2582//5061 2581//5061 2583//5061
f 2582//5062 2579//5062 2581//5062
f 2583//5063 2581//5063 2584//5063
f 2581//5064 2577//5064 2584//5064
f 2526//5065 2584//5065 2577//5065
f 2526//5066 2583//5066 2584//5066
f 2522//5067 2583//5067 2585//5067
f 2522//5068 2582//5068 2583//5068
f 2526//5069 2585//5069 2583//5069
f 2522//5070 2585//5070 2586//5070
f 2526//5071 2586//5071 2585//5071
f 2522//5072 2586//5072 2587//5072
f 2586//5073 2589//5073 2587//5073
f 2526//5074 2588//5074 2586//5074
f 2586//5075 2588//5075 2589//5075
f 2523//5076 2589//5076 2590//5076
f 2523//5077 2587//5077 2589//5077
f 2589//5078 2593//5078 2590//5078
f 2588//5079 2591//5079 2589//5079
f 2589//5080 2591//5080 2592//5080
f 2589//5081 2592//5081 2593//5081
f 2526//5082 2593//5082 2592//5082
f 2526//5083 2594//5083 2593//5083
f 2590//5084 2593//5084 2594//5084
f 2526//5085 2595//5085 2594//5085
f 2594//5086 2595//5086 2596//5086
f 2590//5087 2594//5087 2596//5087
f 2523//5088 2596//5088 2597//5088
f 2523//5089 2590//5089 2596//5089
f 2596//5090 2595//5090 2597//5090
f 2523//5091 2597//5091 2598//5091
f 2598//5092 2597//5092 2599//5092
f 2599//5093 2597//5093 2595//5093
f 2526//5094 2599//5094 2595//5094
f 2526//5095 2600//5095 2599//5095
f 2600//5096 2598//5096 2599//5096
f 2526//5097 2601//5097 2600//5097
f 2602//5098 2600//5098 2601//5098
f 2602//5099 2603//5099 2600//5099
f 2603//5100 2598//5100 2600//5100
f 2523//5101 2603//5101 2602//5101
f 2523//5102 2598//5102 2603//5102
f 2523//5103 2602//5103 2604//5103
f 2526//5104 2604//5104 2602//5104
f 2526//5105 2602//5105 2601//5105
f 2523//5106 2604//5106 2605//5106
f 2605//5107 2604//5107 2526//5107
f 2523//5108 2605//5108 2526//5108
f 2526//5109 2592//5109 2591//5109
f 2526//5110 2591//5110 2588//5110
f 2523//5111 2522//5111 2587//5111
f 2522//5112 2521//5112 2582//5112
f 2521//5113 2579//5113 2582//5113
f 2579//5114 2606//5114 2580//5114
f 2606//5115 2518//5115 2580//5115
f 2607//5116 2606//5116 2579//5116
f 2607//5117 2519//5117 2606//5117
f 2519//5118 2518//5118 2606//5118
f 2521//5119 2607//5119 2579//5119
f 2521//5120 2520//5120 2607//5120
f 2520//5121 2519//5121 2607//5121
f 2531//5122 2535//5122 2507//5122
f 2535//5123 2508//5123 2507//5123
f 2535//5124 2509//5124 2508//5124
f 2528//5125 2527//5125 2532//5125
f 2503//5126 2531//5126 2505//5126
f 2505//5127 2531//5127 2506//5127
f 2531//5128 2507//5128 2506//5128
f 2523//5129 2526//5129 2525//5129
f 2524//5130 2523//5130 2525//5130
o geometry_9.022
v -0.003511 -0.025896 -0.023687
v -0.003323 -0.025760 -0.021901
v -0.004095 -0.025519 -0.023018
v -0.003236 -0.025985 -0.023169
v -0.002570 -0.025032 -0.022701
v -0.002277 -0.025853 -0.023407
v -0.000634 -0.024842 -0.023289
v -0.001549 -0.025211 -0.023455
v -0.000248 -0.024887 -0.023708
v -0.000331 -0.023299 -0.023323
v -0.000492 -0.024435 -0.023352
v 0.000511 -0.023660 -0.023746
v 0.000702 -0.023094 -0.023740
v 0.000727 -0.021592 -0.023698
v 0.000467 -0.019466 -0.023373
v -0.009614 -0.020555 -0.022615
v -0.010062 -0.020690 -0.021905
v -0.009078 -0.021057 -0.022836
v -0.008643 -0.021554 -0.022792
v -0.007345 -0.022716 -0.023019
v -0.005563 -0.024023 -0.023214
v -0.005285 -0.025672 -0.023273
v -0.005065 -0.024645 -0.022262
v -0.005696 -0.023660 -0.022619
v -0.004892 -0.023718 -0.022718
v -0.006554 -0.023360 -0.022380
v -0.004793 -0.020650 -0.023904
v -0.005570 -0.020555 -0.023761
v -0.007252 -0.022398 -0.022593
v -0.008176 -0.022100 -0.022319
v -0.008516 -0.021289 -0.022459
v -0.007764 -0.021611 -0.022644
v -0.006102 -0.019149 -0.024385
v -0.007813 -0.019735 -0.023230
v -0.008768 -0.019867 -0.022729
v -0.009665 -0.020133 -0.021879
v -0.009816 -0.020230 -0.022990
v -0.004966 -0.020359 -0.024454
v -0.008642 -0.020421 -0.022716
v -0.007721 -0.020218 -0.023207
v -0.006439 -0.020688 -0.025185
v -0.005228 -0.019521 -0.024346
v -0.003883 -0.020424 -0.024527
v 0.000477 -0.019839 -0.021938
v -0.000220 -0.020729 -0.022394
v -0.000816 -0.020636 -0.022849
v -0.001378 -0.020582 -0.023363
v -0.002577 -0.020524 -0.023904
v -0.000857 -0.021619 -0.022663
v -0.000829 -0.023030 -0.022599
v 0.000498 -0.023259 -0.021982
v 0.000364 -0.021688 -0.021961
v -0.001435 -0.023661 -0.022766
v -0.001385 -0.022940 -0.022825
v -0.002149 -0.023711 -0.022803
v -0.002066 -0.024558 -0.022406
v -0.004089 -0.020601 -0.023933
v -0.000688 -0.024540 -0.022105
v -0.003524 -0.023797 -0.022773
v -0.003418 -0.024358 -0.022502
vn 0.5001 0.8579 -0.1181
vn 0.4432 0.8891 -0.1145
vn -0.0058 0.8686 -0.4954
vn -0.8100 0.3285 0.4858
vn 0.1407 0.6736 -0.7255
vn -0.2219 0.2506 0.9423
vn -0.1833 0.7424 -0.6444
vn -0.2845 0.9133 -0.2914
vn 0.0777 -0.2309 0.9699
vn 0.1054 0.0101 -0.9944
vn -0.4292 0.7837 0.4490
vn 0.0257 -0.0196 0.9995
vn 0.0315 -0.0283 0.9991
vn 0.1379 -0.1331 0.9815
vn 0.0855 -0.1011 0.9912
vn 0.6171 0.6039 0.5044
vn -0.6332 -0.6564 -0.4101
vn 0.5756 0.5571 0.5986
vn 0.1653 -0.0077 0.9862
vn 0.3036 0.5318 -0.7906
vn 0.2275 0.0038 0.9738
vn 0.9795 0.1612 0.1209
vn -0.1901 0.9244 0.3307
vn 0.4938 0.5542 -0.6702
vn 0.7974 0.3280 -0.5065
vn 0.1650 0.8582 -0.4860
vn -0.1410 -0.4160 -0.8984
vn -0.1397 -0.3530 -0.9251
vn -0.3840 -0.4566 -0.8025
vn -0.2095 -0.3301 -0.9204
vn -0.2763 -0.3219 -0.9056
vn -0.3855 -0.4575 -0.8013
vn -0.3287 -0.2732 -0.9041
vn -0.3599 -0.3040 -0.8821
vn -0.3410 -0.2807 -0.8972
vn -0.3348 -0.2616 -0.9052
vn 0.5838 0.1052 -0.8050
vn 0.3682 0.9295 0.0223
vn -0.2556 -0.4713 -0.8441
vn -0.5038 -0.1900 -0.8427
vn -0.2511 0.2229 -0.9420
vn -0.4245 -0.2408 -0.8728
vn -0.6253 -0.2510 -0.7389
vn 0.7493 -0.5505 0.3682
vn 0.3179 -0.9473 0.0393
vn 0.9094 0.3851 -0.1569
vn 0.1961 0.7905 0.5802
vn -0.0996 -0.9644 -0.2450
vn -0.2318 -0.0312 0.9723
vn 0.4093 0.2589 0.8749
vn 0.4458 0.1219 0.8868
vn -0.0765 0.9577 -0.2775
vn 0.8442 0.1849 0.5032
vn 0.4469 0.1272 0.8855
vn 0.5988 -0.4686 0.6495
vn -0.3444 -0.3726 0.8617
vn 0.7264 0.1410 0.6727
vn -0.5756 -0.5039 -0.6440
vn -0.9411 -0.3112 0.1321
vn -0.0834 -0.8914 -0.4454
vn 0.0618 0.9976 0.0310
vn -0.1201 0.9724 -0.1998
vn 0.2048 -0.9470 -0.2474
vn 0.4035 0.1464 -0.9032
vn -0.0232 0.9733 0.2284
vn 0.0447 0.9974 0.0568
vn 0.0901 0.9915 -0.0939
vn 0.3632 -0.3893 -0.8465
vn 0.3761 -0.3717 -0.8487
vn 0.5162 -0.0283 -0.8560
vn 0.4167 -0.0327 -0.9085
vn 0.4998 0.0542 -0.8645
vn 0.6568 -0.1668 -0.7354
vn 0.5806 -0.1749 -0.7952
vn 0.4923 -0.0904 -0.8657
vn 0.5686 -0.0244 -0.8223
vn -0.9890 -0.0824 -0.1227
vn -0.9789 0.0217 -0.2031
vn -0.9979 0.0605 0.0223
vn -0.9742 -0.0870 -0.2081
vn 0.4341 0.5041 -0.7466
vn -0.6443 0.7447 -0.1741
vn -0.9440 0.3200 -0.0797
vn -0.2000 0.4248 -0.8829
vn 0.3602 -0.1013 -0.9273
vn 0.3185 -0.2935 -0.9013
vn 0.4854 -0.1051 -0.8679
vn 0.0708 -0.3015 -0.9508
vn 0.0766 -0.4173 -0.9055
vn -0.5216 0.0249 -0.8528
vn -0.6042 -0.6816 -0.4128
vn -0.0014 -0.4064 0.9137
vn 0.4722 -0.0888 0.8770
vn -0.1469 -0.6708 -0.7269
vn 0.7740 0.2089 -0.5977
vn -0.9635 0.0145 -0.2673
vn -0.2829 0.9185 -0.2764
vn 0.0009 -0.3411 -0.9400
vn -0.0153 -0.3436 -0.9390
vn 0.0559 -0.9620 -0.2674
vn -0.0613 -0.4429 -0.8945
vn 0.0075 -0.4332 -0.9013
vn -0.0579 -0.3582 -0.9318
vn -0.4822 -0.3729 -0.7927
vn -0.0644 -0.3973 -0.9154
vn -0.0560 -0.4326 -0.8999
vn -0.3901 -0.6762 0.6250
vn 0.0021 -0.4245 -0.9054
vn 0.1436 0.5904 -0.7942
vn -0.3246 0.6109 -0.7221
vn -0.2136 -0.4268 -0.8788
vn 0.6126 0.7835 0.1044
vn 0.5911 0.8065 -0.0075
vn 0.6734 0.7205 0.1657
vn 0.7515 0.6594 0.0182
vn -0.7694 0.6177 -0.1623
s 0
f 2608//5131 2609//5131 2611//5131
f 2608//5132 2610//5132 2609//5132
f 2608//5133 2629//5133 2610//5133
f 2608//5134 2611//5134 2612//5134
f 2608//5135 2612//5135 2613//5135
f 2608//5136 2613//5136 2614//5136
f 2608//5137 2614//5137 2615//5137
f 2608//5138 2615//5138 2616//5138
f 2608//5139 2616//5139 2617//5139
f 2608//5140 2617//5140 2618//5140
f 2608//5141 2618//5141 2619//5141
f 2608//5142 2619//5142 2620//5142
f 2608//5143 2620//5143 2621//5143
f 2608//5144 2621//5144 2622//5144
f 2608//5145 2622//5145 2623//5145
f 2608//5146 2623//5146 2624//5146
f 2608//5147 2624//5147 2625//5147
f 2608//5148 2625//5148 2626//5148
f 2608//5149 2626//5149 2627//5149
f 2608//5150 2627//5150 2628//5150
f 2608//5151 2628//5151 2629//5151
f 2629//5152 2628//5152 2631//5152
f 2610//5153 2629//5153 2609//5153
f 2609//5154 2629//5154 2630//5154
f 2629//5155 2631//5155 2630//5155
f 2628//5156 2633//5156 2631//5156
f 2630//5157 2631//5157 2632//5157
f 2631//5158 2634//5158 2632//5158
f 2631//5159 2633//5159 2636//5159
f 2631//5160 2635//5160 2634//5160
f 2631//5161 2636//5161 2635//5161
f 2633//5162 2637//5162 2636//5162
f 2635//5163 2636//5163 2639//5163
f 2637//5164 2638//5164 2636//5164
f 2636//5165 2638//5165 2639//5165
f 2635//5166 2639//5166 2638//5166
f 2637//5167 2625//5167 2638//5167
f 2625//5168 2624//5168 2638//5168
f 2635//5169 2638//5169 2640//5169
f 2638//5170 2641//5170 2640//5170
f 2638//5171 2624//5171 2643//5171
f 2638//5172 2642//5172 2641//5172
f 2638//5173 2643//5173 2642//5173
f 2624//5174 2623//5174 2643//5174
f 2642//5175 2643//5175 2644//5175
f 2643//5176 2623//5176 2644//5176
f 2645//5177 2644//5177 2623//5177
f 2645//5178 2646//5178 2644//5178
f 2642//5179 2644//5179 2646//5179
f 2645//5180 2647//5180 2646//5180
f 2642//5181 2646//5181 2647//5181
f 2645//5182 2648//5182 2647//5182
f 2641//5183 2647//5183 2648//5183
f 2642//5184 2647//5184 2641//5184
f 2640//5185 2641//5185 2648//5185
f 2640//5186 2648//5186 2645//5186
f 2635//5187 2645//5187 2649//5187
f 2635//5188 2640//5188 2645//5188
f 2634//5189 2649//5189 2645//5189
f 2634//5190 2645//5190 2650//5190
f 2645//5191 2655//5191 2650//5191
f 2645//5192 2623//5192 2622//5192
f 2645//5193 2622//5193 2651//5193
f 2645//5194 2651//5194 2652//5194
f 2645//5195 2652//5195 2653//5195
f 2645//5196 2653//5196 2654//5196
f 2645//5197 2654//5197 2655//5197
f 2655//5198 2654//5198 2656//5198
f 2650//5199 2655//5199 2656//5199
f 2650//5200 2656//5200 2657//5200
f 2657//5201 2656//5201 2658//5201
f 2656//5202 2659//5202 2658//5202
f 2656//5203 2654//5203 2653//5203
f 2656//5204 2653//5204 2652//5204
f 2656//5205 2652//5205 2659//5205
f 2652//5206 2651//5206 2659//5206
f 2658//5207 2659//5207 2620//5207
f 2659//5208 2621//5208 2620//5208
f 2659//5209 2651//5209 2622//5209
f 2659//5210 2622//5210 2621//5210
f 2657//5211 2658//5211 2618//5211
f 2618//5212 2658//5212 2619//5212
f 2658//5213 2620//5213 2619//5213
f 2660//5214 2657//5214 2618//5214
f 2660//5215 2661//5215 2657//5215
f 2650//5216 2657//5216 2661//5216
f 2660//5217 2650//5217 2661//5217
f 2662//5218 2664//5218 2660//5218
f 2662//5219 2660//5219 2663//5219
f 2663//5220 2660//5220 2614//5220
f 2664//5221 2650//5221 2660//5221
f 2660//5222 2615//5222 2614//5222
f 2660//5223 2618//5223 2617//5223
f 2660//5224 2617//5224 2665//5224
f 2660//5225 2665//5225 2615//5225
f 2617//5226 2616//5226 2665//5226
f 2665//5227 2616//5227 2615//5227
f 2666//5228 2664//5228 2662//5228
f 2666//5229 2634//5229 2664//5229
f 2634//5230 2650//5230 2664//5230
f 2667//5231 2632//5231 2666//5231
f 2667//5232 2666//5232 2662//5232
f 2632//5233 2634//5233 2666//5233
f 2609//5234 2667//5234 2612//5234
f 2609//5235 2630//5235 2667//5235
f 2630//5236 2632//5236 2667//5236
f 2667//5237 2613//5237 2612//5237
f 2667//5238 2662//5238 2663//5238
f 2667//5239 2663//5239 2613//5239
f 2663//5240 2614//5240 2613//5240
f 2635//5241 2649//5241 2634//5241
f 2628//5242 2637//5242 2633//5242
f 2628//5243 2627//5243 2637//5243
f 2627//5244 2626//5244 2637//5244
f 2637//5245 2626//5245 2625//5245
f 2609//5246 2612//5246 2611//5246
o geometry_9.023
v 0.023258 0.014350 -0.020528
v 0.015267 0.017600 -0.019692
v 0.015514 0.018122 -0.019613
v 0.015949 0.017302 -0.019815
v 0.023552 0.013829 -0.020335
v 0.023451 0.013637 -0.019469
v 0.023221 0.013653 -0.018986
v 0.024017 0.013159 -0.016723
v 0.023743 0.013288 -0.018107
v 0.024186 -0.007559 -0.019532
v 0.024808 -0.009656 -0.018352
v 0.024009 -0.009309 -0.019229
v 0.023941 -0.009702 -0.019924
v 0.023929 -0.009934 -0.020504
v 0.023917 -0.010178 -0.021183
v 0.023894 -0.010446 -0.022086
v 0.024512 -0.011060 -0.023683
v 0.025226 -0.011480 -0.022446
v 0.016874 -0.015484 -0.022229
v 0.016943 -0.015532 -0.022151
v 0.015548 -0.015928 -0.022122
v 0.009620 -0.016309 -0.022255
v 0.008745 -0.016295 -0.022240
v 0.007108 -0.016249 -0.021949
v 0.005886 0.016057 -0.019608
v 0.005994 0.016044 -0.019403
v 0.010513 0.017799 -0.019406
v 0.011385 0.018015 -0.019427
v 0.011548 0.018072 -0.019420
v 0.012965 0.018197 -0.019511
v 0.014306 0.018169 -0.019647
v 0.015219 0.017927 -0.019804
v 0.010087 0.019028 -0.016889
v 0.010415 0.018947 -0.016351
v 0.009467 0.018958 -0.016965
v 0.009073 0.018759 -0.016959
v 0.008626 0.018448 -0.016957
v 0.006049 0.016195 -0.017040
v 0.007109 -0.016888 -0.019239
v 0.008286 -0.016669 -0.019495
v 0.011390 -0.016456 -0.019610
v 0.012695 -0.016270 -0.019525
v 0.012883 -0.016343 -0.019664
v 0.014257 -0.016099 -0.019705
v 0.015672 -0.015751 -0.019748
v 0.017074 -0.015289 -0.019772
v 0.017122 -0.015288 -0.019789
v 0.017616 -0.015051 -0.019766
v 0.018191 -0.014702 -0.019765
v 0.018284 -0.014655 -0.019773
v 0.019448 -0.013850 -0.019790
v 0.025755 -0.009888 -0.019553
v 0.011064 0.018767 -0.017076
v 0.015035 0.017416 -0.018335
v 0.014797 0.017298 -0.017718
v 0.010563 -0.016235 -0.020791
v 0.010502 -0.016180 -0.021620
v 0.009764 -0.016283 -0.020682
v 0.009725 -0.016243 -0.021599
v 0.010423 -0.016150 -0.022172
v 0.009671 -0.016327 -0.022765
v 0.008951 -0.016299 -0.022616
v 0.008783 -0.016267 -0.021573
v 0.008841 -0.016314 -0.020674
v 0.007248 -0.016134 -0.022034
vn -0.3209 -0.8794 0.3517
vn 0.0355 -0.1659 0.9855
vn 0.1689 0.5458 -0.8207
vn 0.2696 0.4638 0.8440
vn -0.8150 -0.5385 -0.2143
vn -0.6964 -0.6475 -0.3094
vn -0.4945 0.7965 0.3480
vn 0.9810 0.0049 -0.1942
vn 0.9827 0.0333 -0.1821
vn -0.8972 -0.0179 0.4412
vn 0.7367 -0.0137 -0.6761
vn 0.9935 0.0254 -0.1111
vn 0.9991 0.0276 -0.0317
vn 0.9992 0.0276 -0.0288
vn 0.9991 0.0277 -0.0329
vn 0.9328 0.0013 0.3605
vn -0.8761 -0.1017 0.4713
vn -0.0593 0.0695 -0.9958
vn -0.7100 0.1123 0.6952
vn -0.0379 0.0622 -0.9973
vn 0.0193 0.0477 -0.9987
vn -0.0161 0.0634 -0.9979
vn -0.1700 0.1350 -0.9762
vn -0.0458 0.0705 -0.9965
vn 0.0983 0.9951 0.0101
vn -0.0516 0.1313 -0.9900
vn -0.0541 0.1223 -0.9910
vn -0.0299 0.1974 -0.9799
vn -0.0703 0.0747 -0.9947
vn -0.1011 -0.0076 -0.9949
vn -0.2562 -0.3975 -0.8811
vn 0.2737 0.9541 0.1215
vn -0.1564 0.8010 -0.5779
vn 0.3840 -0.3126 0.8688
vn 0.2595 0.9657 -0.0124
vn -0.2565 -0.9665 0.0105
vn -0.0122 0.9493 -0.3142
vn -0.1061 0.9084 -0.4043
vn -0.0577 0.9225 -0.3817
vn -0.1527 0.3315 0.9310
vn -0.1126 0.1676 0.9794
vn -0.0591 0.0309 0.9978
vn 0.0089 -0.0660 0.9978
vn 0.2261 -0.0823 0.9706
vn 0.0423 -0.0749 0.9963
vn -0.0540 -0.0783 0.9955
vn 0.5908 -0.0166 0.8066
vn 0.0427 -0.0748 0.9963
vn 0.0490 -0.0740 0.9961
vn 0.0419 -0.0752 0.9963
vn 0.3180 -0.0149 0.9480
vn -0.0048 -0.0852 0.9964
vn 0.0431 -0.0746 0.9963
vn 0.1159 -0.0567 0.9916
vn 0.0629 -0.0699 0.9956
vn 0.0152 -0.0836 0.9964
vn 0.4988 0.3436 -0.7957
vn 0.0608 -0.0668 0.9959
vn 0.2939 0.5304 0.7952
vn 0.3690 0.9104 0.1868
vn -0.2677 -0.9635 -0.0003
vn 0.3939 0.8631 0.3161
vn 0.3946 0.8450 0.3610
vn 0.3620 0.8802 0.3070
vn -0.4092 -0.9124 -0.0032
vn 0.4219 0.8860 0.1925
vn 0.4186 0.8880 0.1904
vn 0.4244 0.8722 0.2431
vn 0.4226 0.8901 0.1706
vn 0.4204 0.9060 0.0499
vn -0.4482 0.7431 -0.4969
vn -0.7290 -0.4868 -0.4812
vn 0.5096 -0.7274 0.4596
vn -0.1796 0.8952 0.4079
vn 0.6762 -0.5610 0.4776
vn 0.6585 -0.7258 0.1991
vn 0.6600 -0.7110 0.2427
vn 0.6578 -0.7039 0.2681
vn 0.6463 -0.6895 0.3269
vn 0.5524 -0.4699 -0.6885
vn 0.4328 -0.8998 0.0554
vn 0.4574 -0.8885 0.0375
vn 0.5189 -0.8548 -0.0060
vn 0.4294 -0.9011 0.0603
vn 0.7601 0.5612 -0.3275
vn 0.0422 -0.9942 0.0993
vn 0.3134 -0.9463 0.0794
vn 0.2402 -0.9689 0.0596
vn 0.2737 -0.9601 0.0572
vn 0.1752 -0.9842 0.0238
vn -0.1720 -0.9491 0.2637
vn 0.0232 -0.9896 -0.1420
vn 0.0430 -0.9967 -0.0694
vn 0.0784 -0.9943 -0.0718
vn 0.1534 -0.9464 -0.2844
vn 0.0537 -0.9975 -0.0462
vn 0.0183 -0.9575 -0.2879
vn 0.0584 -0.9731 -0.2228
vn 0.0333 -0.9984 -0.0454
vn 0.0786 -0.9948 -0.0654
vn 0.1815 -0.9814 0.0621
vn -0.0241 -0.9970 0.0729
vn 0.0263 -0.9991 0.0346
vn 0.0239 -0.9982 -0.0544
vn 0.0286 -0.9396 -0.3410
vn 0.2624 -0.9626 -0.0680
vn 0.4682 -0.8777 0.1022
vn 0.3347 0.2622 0.9051
vn 0.0286 0.9996 0.0054
vn 0.0167 0.9999 -0.0011
vn -0.1820 -0.9470 -0.2645
vn 0.0329 0.9990 -0.0310
vn -0.9975 -0.0377 -0.0598
vn 0.5444 -0.0401 0.8378
vn -0.0633 0.9972 -0.0405
vn 0.0398 -0.9703 0.2385
vn 0.0439 -0.9972 -0.0606
vn 0.1553 -0.9800 -0.1248
vn -0.9972 -0.0363 0.0656
vn -0.6584 0.7527 0.0016
vn -0.5647 0.8118 -0.1485
vn -0.4291 0.8376 -0.3380
vn -0.2635 0.8143 -0.5171
vn -0.2206 0.8410 -0.4940
vn -0.3110 0.7999 -0.5132
vn 0.7381 -0.5246 -0.4242
s 0
f 2668//5247 2669//5247 2671//5247
f 2668//5248 2670//5248 2669//5248
f 2668//5249 2699//5249 2670//5249
f 2668//5250 2671//5250 2672//5250
f 2668//5251 2672//5251 2673//5251
f 2668//5252 2673//5252 2674//5252
f 2668//5253 2674//5253 2675//5253
f 2668//5254 2675//5254 2676//5254
f 2668//5255 2676//5255 2677//5255
f 2668//5256 2677//5256 2678//5256
f 2668//5257 2678//5257 2679//5257
f 2668//5258 2679//5258 2680//5258
f 2668//5259 2680//5259 2681//5259
f 2668//5260 2681//5260 2682//5260
f 2668//5261 2682//5261 2683//5261
f 2668//5262 2683//5262 2684//5262
f 2668//5263 2684//5263 2685//5263
f 2668//5264 2685//5264 2686//5264
f 2668//5265 2686//5265 2687//5265
f 2668//5266 2687//5266 2688//5266
f 2668//5267 2688//5267 2689//5267
f 2668//5268 2689//5268 2690//5268
f 2668//5269 2690//5269 2691//5269
f 2668//5270 2691//5270 2692//5270
f 2668//5271 2692//5271 2693//5271
f 2668//5272 2693//5272 2694//5272
f 2668//5273 2694//5273 2695//5273
f 2668//5274 2695//5274 2696//5274
f 2668//5275 2696//5275 2697//5275
f 2668//5276 2697//5276 2698//5276
f 2668//5277 2698//5277 2699//5277
f 2699//5278 2698//5278 2700//5278
f 2670//5279 2699//5279 2700//5279
f 2670//5280 2700//5280 2669//5280
f 2669//5281 2700//5281 2701//5281
f 2700//5282 2720//5282 2701//5282
f 2700//5283 2698//5283 2697//5283
f 2700//5284 2697//5284 2696//5284
f 2700//5285 2696//5285 2702//5285
f 2700//5286 2702//5286 2703//5286
f 2700//5287 2703//5287 2704//5287
f 2700//5288 2704//5288 2705//5288
f 2700//5289 2705//5289 2706//5289
f 2700//5290 2706//5290 2707//5290
f 2700//5291 2707//5291 2708//5291
f 2700//5292 2708//5292 2709//5292
f 2700//5293 2709//5293 2710//5293
f 2700//5294 2710//5294 2711//5294
f 2700//5295 2711//5295 2712//5295
f 2700//5296 2712//5296 2713//5296
f 2700//5297 2713//5297 2714//5297
f 2700//5298 2714//5298 2715//5298
f 2700//5299 2715//5299 2716//5299
f 2700//5300 2716//5300 2717//5300
f 2700//5301 2717//5301 2718//5301
f 2700//5302 2718//5302 2719//5302
f 2700//5303 2719//5303 2677//5303
f 2700//5304 2677//5304 2676//5304
f 2700//5305 2676//5305 2720//5305
f 2669//5306 2720//5306 2721//5306
f 2669//5307 2701//5307 2720//5307
f 2721//5308 2720//5308 2722//5308
f 2720//5309 2676//5309 2722//5309
f 2721//5310 2722//5310 2675//5310
f 2722//5311 2676//5311 2675//5311
f 2669//5312 2721//5312 2671//5312
f 2671//5313 2721//5313 2672//5313
f 2672//5314 2721//5314 2673//5314
f 2721//5315 2674//5315 2673//5315
f 2721//5316 2675//5316 2674//5316
f 2718//5317 2678//5317 2719//5317
f 2678//5318 2677//5318 2719//5318
f 2685//5319 2718//5319 2717//5319
f 2685//5320 2684//5320 2718//5320
f 2684//5321 2683//5321 2718//5321
f 2718//5322 2683//5322 2682//5322
f 2718//5323 2682//5323 2681//5323
f 2718//5324 2681//5324 2680//5324
f 2718//5325 2680//5325 2679//5325
f 2718//5326 2679//5326 2678//5326
f 2685//5327 2717//5327 2686//5327
f 2717//5328 2716//5328 2686//5328
f 2686//5329 2716//5329 2715//5329
f 2715//5330 2714//5330 2687//5330
f 2686//5331 2715//5331 2687//5331
f 2687//5332 2714//5332 2713//5332
f 2687//5333 2713//5333 2712//5333
f 2712//5334 2711//5334 2688//5334
f 2687//5335 2712//5335 2688//5335
f 2688//5336 2711//5336 2710//5336
f 2710//5337 2709//5337 2723//5337
f 2688//5338 2710//5338 2723//5338
f 2688//5339 2723//5339 2724//5339
f 2723//5340 2726//5340 2724//5340
f 2723//5341 2709//5341 2708//5341
f 2723//5342 2725//5342 2726//5342
f 2723//5343 2707//5343 2725//5343
f 2723//5344 2708//5344 2707//5344
f 2725//5345 2731//5345 2726//5345
f 2724//5346 2726//5346 2727//5346
f 2727//5347 2726//5347 2728//5347
f 2728//5348 2726//5348 2729//5348
f 2729//5349 2726//5349 2730//5349
f 2726//5350 2731//5350 2730//5350
f 2706//5351 2731//5351 2725//5351
f 2706//5352 2730//5352 2731//5352
f 2706//5353 2729//5353 2730//5353
f 2691//5354 2729//5354 2732//5354
f 2691//5355 2690//5355 2729//5355
f 2689//5356 2729//5356 2690//5356
f 2706//5357 2732//5357 2729//5357
f 2728//5358 2729//5358 2689//5358
f 2692//5359 2732//5359 2706//5359
f 2692//5360 2691//5360 2732//5360
f 2688//5361 2728//5361 2689//5361
f 2688//5362 2727//5362 2728//5362
f 2688//5363 2724//5363 2727//5363
f 2706//5364 2725//5364 2707//5364
f 2692//5365 2706//5365 2705//5365
f 2692//5366 2705//5366 2704//5366
f 2703//5367 2692//5367 2704//5367
f 2702//5368 2692//5368 2703//5368
f 2696//5369 2695//5369 2702//5369
f 2702//5370 2695//5370 2694//5370
f 2702//5371 2694//5371 2693//5371
f 2702//5372 2693//5372 2692//5372
o geometry_9.024
v 0.016844 0.014991 -0.002514
v 0.014986 0.011611 0.000593
v 0.016527 0.015605 -0.002162
v 0.015027 0.011732 -0.000352
v 0.017372 0.016280 -0.002523
v 0.016452 0.015049 -0.003039
v 0.016409 0.015036 -0.002973
v 0.015961 0.014247 -0.002789
v 0.015365 0.012942 -0.002451
v 0.015092 0.012203 -0.002249
v 0.014265 0.011257 -0.002389
v 0.010520 0.006705 -0.002497
v -0.019980 0.005226 -0.002395
v -0.019732 0.003721 -0.002127
v -0.018695 0.004820 -0.001390
v -0.018198 0.005656 -0.001349
v -0.018921 0.006909 -0.001464
v -0.018627 0.007364 -0.001384
v -0.018374 0.007648 -0.001345
v -0.017501 0.008641 -0.001365
v -0.017218 0.008941 -0.001334
v -0.014384 0.011118 -0.001357
v -0.013210 0.011604 -0.002117
v -0.012655 0.011449 -0.001191
v -0.011315 0.012216 -0.001153
v -0.011228 0.012267 -0.001170
v -0.010311 0.013126 -0.001357
v -0.010054 0.012637 -0.001151
v -0.004262 0.013793 -0.001355
v -0.006896 0.012941 0.003699
v -0.007054 0.012838 0.005130
v -0.005805 0.013065 0.008296
v 0.012118 0.013867 0.007630
v 0.011938 0.013963 0.007565
v 0.012545 0.014107 0.006420
v 0.015322 0.014349 0.001240
v 0.015522 0.014450 0.000710
v 0.016076 0.014665 -0.000663
v 0.016310 0.014962 -0.001565
v 0.013699 0.009545 0.005852
v 0.013635 0.011851 0.005793
v 0.013679 0.011044 0.005887
v 0.013701 0.010057 0.005849
v 0.013381 0.009993 0.006501
v 0.013212 0.009955 0.007100
v 0.013130 0.011293 0.007182
v 0.012615 0.012147 0.008489
v 0.013356 0.011381 0.006424
v 0.013918 0.012532 0.007660
v 0.013793 0.012872 0.007695
v 0.012276 0.012984 0.007592
v 0.012162 0.013153 0.007518
v 0.012806 0.012628 0.006764
v 0.013512 0.012607 0.005521
v 0.012392 0.014276 0.006466
v 0.013717 0.009322 0.006956
v -0.011880 0.010653 0.008313
v -0.012170 0.010540 0.008308
v -0.012612 0.010242 0.008343
v -0.012762 0.010071 0.008418
v -0.013482 0.009726 0.008306
v -0.014392 0.009086 0.008295
v -0.015182 0.008468 0.008296
v -0.016098 0.007731 0.008291
v -0.016840 0.007070 0.008298
v -0.016939 0.006938 0.008330
v -0.017590 0.006306 0.008337
v -0.018310 0.005606 0.008327
v -0.018459 0.005451 0.008326
v -0.019043 0.004844 0.008320
v -0.019766 0.004128 0.008265
v -0.021111 0.003010 0.008801
v -0.021500 0.004175 0.009310
v 0.010041 0.006050 0.007218
v 0.010999 0.005026 0.007323
v 0.012105 0.005512 0.007431
v 0.012863 0.006130 0.007338
v 0.012490 0.007874 0.007337
v 0.014139 0.008298 0.007308
v 0.012851 0.008547 0.008304
v 0.012671 0.008018 0.007113
v 0.013328 0.009009 0.006319
v 0.012781 0.007870 0.006549
v 0.012423 0.007339 0.006455
v 0.011824 0.006743 0.008173
v 0.011890 0.006940 0.006586
v 0.011437 0.006391 0.007109
v 0.010327 0.006212 0.008011
v 0.011055 0.006419 0.006731
v 0.012597 0.007243 0.005791
v 0.011416 0.006538 0.005425
v -0.020170 0.004405 0.008533
v -0.021189 0.004711 0.006676
v -0.021185 0.004693 0.006375
v -0.019876 0.004617 0.005258
v -0.019845 0.004623 0.005015
v -0.019721 0.004744 0.003785
v -0.019484 0.004708 0.002384
v -0.019307 0.004840 0.001098
v -0.019117 0.004952 -0.000192
v -0.018497 0.004738 -0.001501
v -0.018155 0.005395 -0.000824
v -0.018575 0.004752 -0.000422
v -0.017732 0.006752 -0.002632
v -0.016339 0.008169 -0.002490
v -0.016898 0.007252 -0.000650
v -0.017420 0.006575 -0.000701
v -0.016941 0.007264 0.000732
v -0.020847 0.002770 0.006565
v -0.016275 0.008022 0.000761
v -0.018288 0.005357 0.006597
v -0.018377 0.005364 0.005053
v -0.015564 0.008702 0.002208
v -0.016220 0.007987 0.002185
v -0.017586 0.006095 0.006579
v -0.018246 0.005222 0.008133
v -0.017533 0.005942 0.008141
v -0.016718 0.006730 0.008152
v -0.016830 0.006855 0.006578
v -0.015490 0.008581 0.003632
v -0.014790 0.009255 0.003647
v -0.013980 0.009991 0.003699
v -0.013372 0.010468 0.003719
v -0.013968 0.010042 0.002268
v -0.013261 0.010379 0.005126
v -0.013849 0.009863 0.005121
v -0.014905 0.009284 0.002245
v -0.015551 0.008742 0.000794
v -0.016231 0.007969 -0.000615
v -0.012308 0.010895 0.005137
v -0.012267 0.010702 0.006516
v -0.013063 0.010198 0.006518
v -0.012924 0.010016 0.007507
v -0.012268 0.010292 0.008000
v -0.012701 0.009838 0.008630
v -0.010829 0.010909 0.007964
v -0.009581 0.012456 0.003573
v -0.009702 0.012623 0.002206
v -0.009805 0.012614 0.000821
v -0.008442 0.012780 0.002216
v -0.010760 0.012208 0.000762
v -0.008346 0.012754 0.003663
v -0.010857 0.012172 -0.000657
v -0.011431 0.011871 -0.000723
v -0.012429 0.011213 -0.000769
v -0.010875 0.012508 -0.002386
v -0.009892 0.012484 -0.000622
v 0.012247 0.007092 0.005485
v 0.012593 0.007346 0.004729
v 0.014667 0.011111 -0.000308
v 0.012824 0.007643 0.005404
v 0.014042 0.010244 -0.000269
v 0.012605 0.007328 0.005008
v 0.014605 0.011521 -0.001660
v 0.013849 0.010501 -0.001615
v 0.013663 0.010706 -0.002470
v 0.014906 0.012220 -0.002249
v 0.014998 0.011935 -0.001313
v 0.013532 0.008946 0.003963
v 0.013554 0.008933 0.005310
v 0.013738 0.009533 0.005329
vn 0.8657 -0.5000 -0.0261
vn 0.8105 0.0867 0.5793
vn -0.8576 -0.1636 -0.4876
vn -0.9063 0.3702 -0.2037
vn -0.7456 0.3100 0.5899
vn -0.0558 0.9872 0.1493
vn -0.6081 0.4904 0.6243
vn -0.5855 0.4433 0.6787
vn -0.5199 0.3983 0.7557
vn 0.6265 -0.4538 -0.6337
vn 0.3787 -0.2908 -0.8786
vn -0.0034 0.0006 -1.0000
vn -0.0415 0.1685 0.9848
vn -0.2157 0.6758 -0.7048
vn -0.0548 0.0814 -0.9952
vn -0.0075 -0.0959 -0.9954
vn -0.0786 0.2215 -0.9720
vn -0.0745 0.2019 -0.9766
vn -0.0355 0.0110 -0.9993
vn -0.0628 0.1618 -0.9848
vn -0.0425 0.0447 -0.9981
vn 0.0957 -0.8992 -0.4268
vn -0.1062 0.9684 0.2255
vn -0.0633 0.1597 -0.9851
vn -0.0190 -0.2778 -0.9604
vn -0.0293 -0.1833 -0.9826
vn 0.0120 0.3943 0.9189
vn -0.0620 0.1359 -0.9888
vn -0.0484 0.9888 0.1415
vn -0.0693 0.9955 0.0640
vn -0.0998 0.9945 -0.0319
vn -0.0412 0.9950 0.0911
vn -0.3750 -0.8859 -0.2729
vn -0.4759 0.8678 -0.1431
vn 0.6400 0.6709 0.3744
vn -0.5513 -0.7560 -0.3530
vn 0.8361 -0.4820 0.2620
vn -0.6485 -0.6566 -0.3852
vn 0.6653 -0.7431 -0.0723
vn -0.9496 0.0307 -0.3119
vn 0.9438 -0.0022 0.3306
vn 0.9220 0.0949 0.3754
vn 0.9416 0.0078 0.3366
vn 0.8978 0.0028 0.4404
vn 0.8980 -0.0013 0.4401
vn 0.9264 0.2547 0.2775
vn 0.9608 0.0426 0.2739
vn 0.9181 -0.0293 0.3953
vn 0.9424 -0.2152 0.2561
vn 0.9359 0.0272 0.3511
vn -0.5518 0.5817 -0.5976
vn 0.8816 0.3602 0.3049
vn 0.4203 0.0812 -0.9037
vn -0.1749 -0.1630 0.9710
vn -0.5124 -0.1013 -0.8528
vn -0.0799 -0.1837 0.9797
vn -0.0082 -0.7328 -0.6804
vn -0.6742 -0.0894 -0.7331
vn 0.3836 0.1076 -0.9172
vn -0.7260 -0.6177 -0.3022
vn 0.7588 0.2458 -0.6031
vn 0.7710 0.5863 0.2487
vn 0.8088 0.1923 0.5558
vn 0.7991 0.5504 0.2419
vn 0.8308 0.3027 0.4670
vn 0.8331 0.2941 0.4684
vn 0.8516 0.2926 0.4349
vn 0.8324 0.2922 0.4709
vn -0.7267 -0.5473 -0.4151
vn -0.7189 -0.5315 -0.4480
vn 0.8267 0.3043 0.4733
vn 0.8793 0.1030 0.4651
vn 0.7892 0.6044 0.1092
vn 0.7318 0.4710 0.4925
vn 0.0424 -0.1223 0.9916
vn 0.0450 -0.1065 0.9933
vn 0.0434 -0.1551 0.9870
vn 0.0485 0.0456 0.9978
vn 0.0488 0.3613 0.9312
vn 0.0449 -0.3900 0.9197
vn 0.0457 -0.0820 0.9956
vn 0.0449 -0.0558 0.9974
vn 0.0453 -0.0627 0.9970
vn 0.0436 -0.0394 0.9983
vn 0.0175 0.2220 0.9749
vn 0.0441 -0.0336 0.9985
vn 0.0476 -0.0638 0.9968
vn 0.0456 -0.0495 0.9977
vn 0.0463 -0.0540 0.9975
vn 0.0589 -0.1359 0.9890
vn -0.0548 0.4847 0.8730
vn -0.1194 0.3638 -0.9238
vn 0.0676 -0.0248 0.9974
vn -0.0410 0.0634 0.9971
vn -0.1439 0.1090 0.9836
vn 0.0779 0.0546 0.9955
vn -0.1987 -0.0425 -0.9791
vn -0.0124 0.1174 0.9930
vn 0.2224 -0.8914 -0.3949
vn -0.5951 -0.4697 -0.6521
vn -0.1230 0.9140 -0.3866
vn 0.8618 -0.4990 0.0907
vn 0.8879 -0.3714 0.2715
vn 0.7658 -0.5690 0.2995
vn 0.8759 -0.4601 0.1456
vn 0.7743 0.0123 0.6327
vn -0.6707 -0.1434 -0.7278
vn 0.5849 -0.8075 -0.0763
vn 0.7457 -0.6643 -0.0518
vn 0.3086 -0.9309 0.1952
vn -0.4227 0.3958 -0.8152
vn -0.1317 0.4902 -0.8616
vn -0.0713 0.4701 -0.8797
vn 0.3661 -0.9287 0.0586
vn 0.0557 -0.9902 -0.1279
vn 0.6955 0.6123 -0.3760
vn 0.4983 -0.8650 0.0587
vn 0.5433 -0.8221 0.1703
vn 0.4077 -0.7834 -0.4690
vn 0.1772 -0.9833 -0.0408
vn 0.0086 -0.8055 -0.5925
vn 0.0515 -0.9782 -0.2010
vn 0.0523 -0.9804 -0.1899
vn 0.0527 -0.9968 0.0604
vn 0.0516 -0.9905 0.1275
vn 0.0590 -0.9981 -0.0181
vn 0.0628 -0.9938 -0.0913
vn 0.0510 -0.9981 0.0343
vn 0.0688 -0.9933 -0.0924
vn 0.0659 -0.9949 -0.0764
vn 0.0835 -0.9843 -0.1554
vn 0.0483 -0.9983 -0.0338
vn 0.6007 0.7840 0.1565
vn 0.9310 0.0905 -0.3536
vn -0.4790 0.8017 -0.3576
vn 0.6228 0.7650 0.1641
vn 0.1519 -0.6452 0.7488
vn 0.3829 -0.2709 0.8832
vn -0.3666 0.9264 -0.0860
vn -0.9157 0.3935 0.0813
vn -0.8540 0.5158 -0.0685
vn -0.0756 0.9970 -0.0187
vn 0.7036 0.1256 0.6994
vn 0.2738 0.0696 -0.9593
vn -0.8431 0.5058 0.1826
vn 0.5778 -0.4883 0.6540
vn -0.7138 0.6889 0.1265
vn 0.5094 -0.5660 0.6481
vn 0.5225 -0.5552 0.6471
vn -0.7854 0.5918 0.1812
vn -0.8214 0.5326 -0.2040
vn -0.6007 0.7993 0.0181
vn -0.7906 0.6116 -0.0300
vn -0.7249 0.6849 -0.0737
vn -0.7480 0.6603 -0.0676
vn -0.8491 0.5112 -0.1328
vn 0.8425 0.1978 0.5010
vn -0.4165 -0.7988 -0.4342
vn 0.8746 0.1798 -0.4503
vn 0.9848 0.1734 0.0017
vn -0.7512 0.6588 0.0418
vn -0.7502 0.6606 -0.0292
vn -0.7437 0.6669 0.0461
vn 0.3285 0.8195 0.4697
vn -0.0509 -0.9307 -0.3622
vn -0.6203 0.7834 0.0394
vn 0.8051 0.0094 0.5931
vn -0.7217 0.6880 0.0763
vn -0.7360 0.6746 0.0573
vn -0.7476 0.6627 0.0448
vn -0.7215 0.6878 0.0799
vn -0.6390 0.7692 0.0003
vn -0.5770 0.8121 0.0869
vn -0.4078 0.4725 -0.7813
vn -0.7080 0.7001 0.0925
vn -0.3643 0.3703 -0.8545
vn -0.3766 0.3664 -0.8508
vn -0.3746 0.3683 -0.8509
vn -0.3719 0.3961 -0.8395
vn -0.6917 0.7144 0.1059
vn -0.7057 0.7024 0.0926
vn -0.7057 0.7024 0.0924
vn -0.6999 0.7077 0.0963
vn -0.6910 0.7152 0.1047
vn -0.6901 0.7159 0.1059
vn -0.6718 0.7306 0.1220
vn -0.6732 0.7352 0.0792
vn -0.6915 0.7159 0.0965
vn -0.6160 0.7817 0.0977
vn -0.6172 0.7864 0.0228
vn -0.6291 0.7770 0.0223
vn -0.6551 0.7448 0.1275
vn -0.6669 0.7341 0.1276
vn -0.6629 0.7464 0.0586
vn -0.6228 0.7648 0.1647
vn -0.7335 0.6756 0.0743
vn -0.6626 0.7488 0.0153
vn 0.2658 0.5720 0.7760
vn -0.8437 0.5232 0.1202
vn -0.7054 0.7086 0.0138
vn -0.7032 0.7093 -0.0498
vn -0.8469 0.5213 0.1044
vn -0.7302 0.6737 0.1140
vn -0.7300 0.6816 -0.0496
vn -0.6595 0.7507 0.0390
vn -0.7999 0.5243 -0.2921
vn -0.6751 -0.0902 -0.7322
vn -0.4726 0.8707 0.1361
vn -0.4746 0.8753 0.0925
vn -0.5252 0.8311 0.1829
vn -0.5529 0.8126 0.1845
vn -0.6642 0.7470 0.0299
vn -0.5205 0.8237 0.2249
vn -0.4340 0.8732 0.2218
vn -0.6272 0.7788 0.0102
vn -0.6157 0.7873 0.0322
vn -0.5179 0.8247 0.2272
vn -0.5213 0.8207 0.2340
vn -0.5712 0.8143 -0.1032
vn -0.2176 0.9564 0.1950
vn -0.6366 -0.3488 -0.6878
vn 0.3838 -0.5639 -0.7313
vn 0.3098 -0.5938 -0.7426
vn -0.3766 0.8930 0.2462
vn -0.3549 0.8003 -0.4833
vn -0.2991 0.7881 -0.5381
vn -0.5286 0.7360 -0.4229
vn -0.3975 0.8950 0.2024
vn -0.3528 0.9094 0.2202
vn -0.3393 0.8521 -0.3986
vn -0.4233 0.8940 0.1466
vn -0.3294 0.9333 0.1431
vn -0.1234 0.9832 0.1345
vn -0.2045 0.9788 0.0091
vn -0.3926 0.9194 0.0235
vn -0.1237 0.9920 0.0260
vn -0.4735 0.8756 0.0953
vn -0.0594 0.9976 -0.0343
vn -0.4352 0.8897 0.1377
vn -0.1296 0.9866 0.0988
vn -0.2100 0.9772 0.0314
vn -0.1290 0.9900 0.0570
vn 0.0296 0.9961 -0.0831
vn -0.3917 0.9201 0.0034
vn -0.4655 0.8850 0.0093
vn -0.4762 0.8743 0.0940
vn -0.5209 0.8526 0.0417
vn -0.4501 0.7517 0.4820
vn -0.4449 0.7532 0.4846
vn -0.5507 0.8344 0.0229
vn -0.4563 0.6507 0.6069
vn -0.8388 0.1401 0.5262
vn 0.1518 0.9694 0.1929
vn -0.5681 0.8067 0.1628
vn -0.0139 0.9815 0.1907
vn -0.3904 0.8129 0.4322
vn 0.2044 0.9737 -0.1005
vn -0.8735 -0.0130 0.4867
vn 0.6891 -0.7225 0.0562
vn -0.2350 0.9692 -0.0737
vn -0.1741 0.9300 0.3236
vn 0.9000 0.4062 -0.1583
vn -0.7395 0.6643 0.1088
vn -0.3577 0.3589 -0.8621
vn -0.3699 0.3929 -0.8419
vn -0.7363 0.6752 0.0446
vn 0.4355 -0.5596 0.7051
vn 0.4746 -0.5213 0.7092
vn 0.5228 -0.4450 0.7271
vn -0.8743 0.4233 -0.2375
vn 0.5509 -0.8008 -0.2351
vn 0.5560 -0.8308 -0.0245
vn 0.5325 -0.8428 -0.0780
vn 0.8042 -0.5848 -0.1060
vn 0.8427 -0.5357 -0.0534
vn 0.8562 -0.5122 -0.0683
vn 0.7478 -0.6450 -0.1573
vn 0.4765 -0.8759 -0.0759
vn 0.8468 -0.5296 -0.0493
vn 0.4605 -0.8829 -0.0915
vn 0.7883 -0.5779 -0.2111
vn 0.7780 -0.5871 -0.2237
vn 0.7579 -0.6121 -0.2256
vn 0.7590 -0.5765 -0.3027
vn 0.7503 -0.5874 -0.3034
vn 0.7584 -0.5788 -0.2997
vn -0.0110 -0.1358 0.9907
vn 0.0113 -0.1566 0.9876
vn -0.3944 0.3039 0.8672
vn 0.8357 -0.4972 -0.2334
vn 0.7979 -0.5504 -0.2458
vn 0.1153 0.1994 0.9731
vn 0.0257 0.2545 0.9667
vn 0.8539 -0.5035 -0.1321
vn 0.8534 -0.5041 -0.1322
vn 0.7913 -0.5742 -0.2101
vn 0.8231 -0.5159 -0.2372
vn -0.8420 0.0991 -0.5303
vn 0.7994 -0.5225 -0.2967
vn 0.8640 -0.5027 -0.0265
vn 0.8728 -0.4879 -0.0127
vn 0.8697 -0.4932 -0.0190
vn 0.8706 -0.4921 0.0033
vn 0.8675 -0.4971 -0.0190
vn 0.9480 -0.2946 0.1205
vn 0.9524 -0.2946 0.0781
vn 0.8915 -0.3997 0.2130
vn 0.8778 -0.4515 0.1601
vn 0.9230 -0.3769 0.0778
vn 0.8629 -0.5046 -0.0268
vn 0.7711 -0.5698 0.2841
vn 0.6181 -0.7388 0.2685
vn 0.8862 -0.3689 0.2801
vn 0.8524 -0.5161 0.0844
vn 0.4838 -0.8562 -0.1815
vn 0.9197 0.0828 0.3839
vn 0.9344 0.0172 0.3558
vn 0.9513 -0.2835 0.1214
s 0
f 2733//5373 2734//5373 2736//5373
f 2733//5374 2735//5374 2734//5374
f 2733//5375 2771//5375 2735//5375
f 2733//5376 2736//5376 2737//5376
f 2733//5377 2737//5377 2738//5377
f 2733//5378 2738//5378 2739//5378
f 2733//5379 2739//5379 2740//5379
f 2733//5380 2740//5380 2741//5380
f 2733//5381 2741//5381 2742//5381
f 2733//5382 2742//5382 2743//5382
f 2733//5383 2743//5383 2744//5383
f 2733//5384 2744//5384 2745//5384
f 2733//5385 2745//5385 2746//5385
f 2733//5386 2746//5386 2747//5386
f 2733//5387 2747//5387 2748//5387
f 2733//5388 2748//5388 2749//5388
f 2733//5389 2749//5389 2750//5389
f 2733//5390 2750//5390 2751//5390
f 2733//5391 2751//5391 2752//5391
f 2733//5392 2752//5392 2753//5392
f 2733//5393 2753//5393 2754//5393
f 2733//5394 2754//5394 2755//5394
f 2733//5395 2755//5395 2756//5395
f 2733//5396 2756//5396 2757//5396
f 2733//5397 2757//5397 2758//5397
f 2733//5398 2758//5398 2759//5398
f 2733//5399 2759//5399 2760//5399
f 2733//5400 2760//5400 2761//5400
f 2733//5401 2761//5401 2762//5401
f 2733//5402 2762//5402 2763//5402
f 2733//5403 2763//5403 2764//5403
f 2733//5404 2764//5404 2765//5404
f 2733//5405 2765//5405 2766//5405
f 2733//5406 2766//5406 2767//5406
f 2733//5407 2767//5407 2768//5407
f 2733//5408 2768//5408 2769//5408
f 2733//5409 2769//5409 2770//5409
f 2733//5410 2770//5410 2771//5410
f 2771//5411 2770//5411 2773//5411
f 2735//5412 2771//5412 2772//5412
f 2771//5413 2775//5413 2772//5413
f 2771//5414 2773//5414 2774//5414
f 2771//5415 2774//5415 2775//5415
f 2774//5416 2776//5416 2775//5416
f 2772//5417 2775//5417 2776//5417
f 2772//5418 2776//5418 2777//5418
f 2776//5419 2778//5419 2777//5419
f 2774//5420 2778//5420 2776//5420
f 2773//5421 2778//5421 2780//5421
f 2773//5422 2779//5422 2778//5422
f 2779//5423 2781//5423 2778//5423
f 2774//5424 2780//5424 2778//5424
f 2777//5425 2778//5425 2781//5425
f 2777//5426 2781//5426 2782//5426
f 2779//5427 2782//5427 2781//5427
f 2777//5428 2782//5428 2783//5428
f 2779//5429 2783//5429 2782//5429
f 2777//5430 2783//5430 2765//5430
f 2765//5431 2783//5431 2766//5431
f 2779//5432 2784//5432 2783//5432
f 2766//5433 2783//5433 2784//5433
f 2785//5434 2784//5434 2779//5434
f 2785//5435 2766//5435 2784//5435
f 2773//5436 2785//5436 2779//5436
f 2773//5437 2786//5437 2785//5437
f 2786//5438 2787//5438 2785//5438
f 2785//5439 2787//5439 2766//5439
f 2786//5440 2768//5440 2787//5440
f 2768//5441 2767//5441 2787//5441
f 2787//5442 2767//5442 2766//5442
f 2773//5443 2768//5443 2786//5443
f 2773//5444 2780//5444 2774//5444
f 2772//5445 2777//5445 2788//5445
f 2777//5446 2811//5446 2788//5446
f 2777//5447 2765//5447 2764//5447
f 2777//5448 2764//5448 2789//5448
f 2777//5449 2789//5449 2790//5449
f 2777//5450 2790//5450 2791//5450
f 2777//5451 2791//5451 2792//5451
f 2777//5452 2792//5452 2793//5452
f 2777//5453 2793//5453 2794//5453
f 2777//5454 2794//5454 2795//5454
f 2777//5455 2795//5455 2796//5455
f 2777//5456 2796//5456 2797//5456
f 2777//5457 2797//5457 2798//5457
f 2777//5458 2798//5458 2799//5458
f 2777//5459 2799//5459 2800//5459
f 2777//5460 2800//5460 2801//5460
f 2777//5461 2801//5461 2802//5461
f 2777//5462 2802//5462 2803//5462
f 2777//5463 2803//5463 2804//5463
f 2777//5464 2804//5464 2805//5464
f 2777//5465 2805//5465 2806//5465
f 2777//5466 2806//5466 2807//5466
f 2777//5467 2807//5467 2808//5467
f 2777//5468 2808//5468 2809//5468
f 2777//5469 2809//5469 2810//5469
f 2777//5470 2810//5470 2811//5470
f 2811//5471 2810//5471 2813//5471
f 2788//5472 2811//5472 2812//5472
f 2812//5473 2811//5473 2813//5473
f 2812//5474 2813//5474 2814//5474
f 2814//5475 2813//5475 2815//5475
f 2815//5476 2813//5476 2816//5476
f 2813//5477 2817//5477 2816//5477
f 2813//5478 2810//5478 2817//5478
f 2810//5479 2809//5479 2817//5479
f 2816//5480 2817//5480 2818//5480
f 2818//5481 2817//5481 2819//5481
f 2817//5482 2820//5482 2819//5482
f 2817//5483 2809//5483 2808//5483
f 2817//5484 2808//5484 2807//5484
f 2817//5485 2807//5485 2820//5485
f 2821//5486 2820//5486 2806//5486
f 2821//5487 2819//5487 2820//5487
f 2807//5488 2806//5488 2820//5488
f 2822//5489 2821//5489 2823//5489
f 2822//5490 2818//5490 2821//5490
f 2818//5491 2819//5491 2821//5491
f 2821//5492 2744//5492 2823//5492
f 2821//5493 2806//5493 2805//5493
f 2821//5494 2805//5494 2824//5494
f 2821//5495 2824//5495 2825//5495
f 2821//5496 2825//5496 2826//5496
f 2821//5497 2826//5497 2827//5497
f 2821//5498 2827//5498 2828//5498
f 2821//5499 2828//5499 2829//5499
f 2821//5500 2829//5500 2830//5500
f 2821//5501 2830//5501 2831//5501
f 2821//5502 2831//5502 2832//5502
f 2821//5503 2832//5503 2745//5503
f 2821//5504 2745//5504 2744//5504
f 2832//5505 2831//5505 2833//5505
f 2745//5506 2832//5506 2746//5506
f 2832//5507 2833//5507 2746//5507
f 2831//5508 2830//5508 2833//5508
f 2746//5509 2833//5509 2747//5509
f 2833//5510 2748//5510 2747//5510
f 2833//5511 2830//5511 2829//5511
f 2833//5512 2834//5512 2836//5512
f 2833//5513 2835//5513 2834//5513
f 2833//5514 2829//5514 2835//5514
f 2833//5515 2836//5515 2749//5515
f 2833//5516 2749//5516 2748//5516
f 2834//5517 2839//5517 2836//5517
f 2836//5518 2750//5518 2749//5518
f 2837//5519 2836//5519 2838//5519
f 2837//5520 2751//5520 2836//5520
f 2836//5521 2751//5521 2750//5521
f 2836//5522 2839//5522 2838//5522
f 2834//5523 2829//5523 2839//5523
f 2829//5524 2828//5524 2839//5524
f 2838//5525 2839//5525 2840//5525
f 2839//5526 2828//5526 2827//5526
f 2840//5527 2839//5527 2824//5527
f 2824//5528 2839//5528 2841//5528
f 2839//5529 2826//5529 2841//5529
f 2839//5530 2827//5530 2826//5530
f 2824//5531 2841//5531 2825//5531
f 2841//5532 2826//5532 2825//5532
f 2842//5533 2840//5533 2843//5533
f 2842//5534 2838//5534 2840//5534
f 2843//5535 2840//5535 2844//5535
f 2805//5536 2844//5536 2840//5536
f 2805//5537 2840//5537 2824//5537
f 2843//5538 2844//5538 2804//5538
f 2805//5539 2804//5539 2844//5539
f 2845//5540 2843//5540 2847//5540
f 2845//5541 2846//5541 2843//5541
f 2842//5542 2843//5542 2846//5542
f 2843//5543 2848//5543 2847//5543
f 2843//5544 2804//5544 2803//5544
f 2843//5545 2803//5545 2848//5545
f 2803//5546 2802//5546 2848//5546
f 2847//5547 2848//5547 2849//5547
f 2849//5548 2848//5548 2800//5548
f 2800//5549 2848//5549 2801//5549
f 2848//5550 2802//5550 2801//5550
f 2850//5551 2849//5551 2800//5551
f 2850//5552 2851//5552 2849//5552
f 2851//5553 2847//5553 2849//5553
f 2845//5554 2847//5554 2851//5554
f 2845//5555 2851//5555 2852//5555
f 2853//5556 2852//5556 2851//5556
f 2853//5557 2851//5557 2850//5557
f 2854//5558 2853//5558 2850//5558
f 2854//5559 2845//5559 2853//5559
f 2845//5560 2852//5560 2853//5560
f 2855//5561 2854//5561 2857//5561
f 2855//5562 2856//5562 2854//5562
f 2856//5563 2859//5563 2854//5563
f 2857//5564 2854//5564 2858//5564
f 2854//5565 2850//5565 2858//5565
f 2854//5566 2859//5566 2845//5566
f 2856//5567 2755//5567 2859//5567
f 2755//5568 2860//5568 2859//5568
f 2859//5569 2860//5569 2845//5569
f 2755//5570 2754//5570 2860//5570
f 2754//5571 2861//5571 2860//5571
f 2845//5572 2860//5572 2842//5572
f 2860//5573 2861//5573 2842//5573
f 2754//5574 2837//5574 2861//5574
f 2837//5575 2838//5575 2861//5575
f 2842//5576 2861//5576 2838//5576
f 2857//5577 2858//5577 2797//5577
f 2858//5578 2798//5578 2797//5578
f 2858//5579 2850//5579 2798//5579
f 2862//5580 2857//5580 2863//5580
f 2862//5581 2855//5581 2857//5581
f 2863//5582 2857//5582 2864//5582
f 2857//5583 2796//5583 2864//5583
f 2857//5584 2797//5584 2796//5584
f 2863//5585 2864//5585 2865//5585
f 2864//5586 2794//5586 2865//5586
f 2864//5587 2796//5587 2795//5587
f 2864//5588 2795//5588 2794//5588
f 2863//5589 2865//5589 2866//5589
f 2865//5590 2867//5590 2866//5590
f 2865//5591 2794//5591 2793//5591
f 2865//5592 2793//5592 2867//5592
f 2866//5593 2867//5593 2791//5593
f 2867//5594 2793//5594 2792//5594
f 2867//5595 2792//5595 2791//5595
f 2863//5596 2866//5596 2868//5596
f 2868//5597 2866//5597 2789//5597
f 2789//5598 2866//5598 2790//5598
f 2866//5599 2791//5599 2790//5599
f 2869//5600 2868//5600 2764//5600
f 2869//5601 2863//5601 2868//5601
f 2764//5602 2868//5602 2789//5602
f 2870//5603 2863//5603 2869//5603
f 2870//5604 2869//5604 2764//5604
f 2761//5605 2870//5605 2872//5605
f 2761//5606 2871//5606 2870//5606
f 2871//5607 2873//5607 2870//5607
f 2870//5608 2874//5608 2872//5608
f 2870//5609 2873//5609 2862//5609
f 2870//5610 2764//5610 2874//5610
f 2870//5611 2862//5611 2863//5611
f 2761//5612 2874//5612 2762//5612
f 2761//5613 2872//5613 2874//5613
f 2874//5614 2763//5614 2762//5614
f 2874//5615 2764//5615 2763//5615
f 2871//5616 2875//5616 2873//5616
f 2875//5617 2876//5617 2873//5617
f 2873//5618 2855//5618 2862//5618
f 2873//5619 2876//5619 2855//5619
f 2875//5620 2757//5620 2876//5620
f 2757//5621 2756//5621 2876//5621
f 2876//5622 2877//5622 2855//5622
f 2876//5623 2756//5623 2877//5623
f 2756//5624 2755//5624 2877//5624
f 2855//5625 2877//5625 2755//5625
f 2871//5626 2878//5626 2875//5626
f 2878//5627 2758//5627 2875//5627
f 2875//5628 2758//5628 2757//5628
f 2879//5629 2878//5629 2871//5629
f 2879//5630 2759//5630 2878//5630
f 2759//5631 2758//5631 2878//5631
f 2761//5632 2879//5632 2871//5632
f 2761//5633 2760//5633 2879//5633
f 2760//5634 2759//5634 2879//5634
f 2855//5635 2755//5635 2856//5635
f 2850//5636 2799//5636 2798//5636
f 2850//5637 2800//5637 2799//5637
f 2845//5638 2842//5638 2846//5638
f 2754//5639 2753//5639 2837//5639
f 2753//5640 2752//5640 2837//5640
f 2837//5641 2752//5641 2751//5641
f 2835//5642 2829//5642 2834//5642
f 2822//5643 2823//5643 2880//5643
f 2881//5644 2880//5644 2823//5644
f 2881//5645 2823//5645 2744//5645
f 2882//5646 2881//5646 2884//5646
f 2882//5647 2883//5647 2881//5647
f 2883//5648 2885//5648 2881//5648
f 2884//5649 2881//5649 2744//5649
f 2881//5650 2885//5650 2880//5650
f 2883//5651 2822//5651 2885//5651
f 2822//5652 2880//5652 2885//5652
f 2882//5653 2884//5653 2886//5653
f 2884//5654 2887//5654 2886//5654
f 2884//5655 2744//5655 2887//5655
f 2886//5656 2887//5656 2888//5656
f 2887//5657 2744//5657 2888//5657
f 2886//5658 2888//5658 2889//5658
f 2889//5659 2888//5659 2742//5659
f 2888//5660 2743//5660 2742//5660
f 2744//5661 2743//5661 2888//5661
f 2890//5662 2889//5662 2740//5662
f 2890//5663 2886//5663 2889//5663
f 2740//5664 2889//5664 2741//5664
f 2889//5665 2742//5665 2741//5665
f 2736//5666 2890//5666 2737//5666
f 2736//5667 2882//5667 2890//5667
f 2882//5668 2886//5668 2890//5668
f 2737//5669 2890//5669 2738//5669
f 2890//5670 2739//5670 2738//5670
f 2890//5671 2740//5671 2739//5671
f 2736//5672 2883//5672 2882//5672
f 2736//5673 2891//5673 2883//5673
f 2892//5674 2883//5674 2891//5674
f 2892//5675 2822//5675 2883//5675
f 2734//5676 2892//5676 2891//5676
f 2734//5677 2893//5677 2892//5677
f 2772//5678 2892//5678 2893//5678
f 2772//5679 2815//5679 2892//5679
f 2892//5680 2815//5680 2822//5680
f 2734//5681 2772//5681 2893//5681
f 2734//5682 2891//5682 2736//5682
f 2815//5683 2816//5683 2822//5683
f 2822//5684 2816//5684 2818//5684
f 2772//5685 2814//5685 2815//5685
f 2772//5686 2812//5686 2814//5686
f 2772//5687 2788//5687 2812//5687
f 2770//5688 2769//5688 2773//5688
f 2773//5689 2769//5689 2768//5689
f 2735//5690 2772//5690 2734//5690
o geometry_9.025
v -0.000218 0.010740 -0.031524
v -0.006233 0.007459 -0.040727
v -0.000665 0.007117 -0.039695
v -0.007014 0.007416 -0.040867
v -0.008478 0.007358 -0.040866
v -0.000659 0.010419 -0.031006
v -0.002106 0.010370 -0.031587
v -0.003288 0.010181 -0.031640
v -0.004048 0.009983 -0.031645
v -0.004905 0.009735 -0.031659
v -0.006296 0.009251 -0.031694
v -0.007168 0.008815 -0.031730
v -0.007854 0.008392 -0.031752
v -0.008956 0.007620 -0.031772
v -0.010586 0.007511 -0.031466
v -0.010071 0.006534 -0.031892
v -0.010842 0.005430 -0.031967
v -0.011256 0.004727 -0.032008
v -0.011700 0.003778 -0.032055
v -0.011848 0.003224 -0.032093
v -0.012011 0.002476 -0.032128
v -0.012050 0.002109 -0.032159
v -0.012122 0.001046 -0.032224
v -0.012135 0.000796 -0.032243
v -0.012167 -0.000436 -0.032324
v -0.012172 -0.000539 -0.032333
v -0.012117 -0.002093 -0.032441
v -0.011758 -0.009318 -0.032912
v -0.011659 -0.009875 -0.032927
v -0.011497 -0.010642 -0.032931
v -0.011003 -0.012008 -0.033079
v -0.010595 -0.012804 -0.033207
v -0.010051 -0.013498 -0.033330
v -0.009284 -0.014324 -0.033423
v -0.008587 -0.015036 -0.033502
v -0.007840 -0.015755 -0.033579
v -0.006941 -0.016454 -0.033673
v -0.006250 -0.016874 -0.033735
v -0.006061 -0.016960 -0.033750
v -0.005518 -0.017147 -0.033777
v -0.004964 -0.017271 -0.033802
v -0.004123 -0.017375 -0.033813
v -0.003610 -0.017365 -0.033820
v -0.002738 -0.017297 -0.033836
v 0.001699 -0.017711 -0.033619
v 0.000985 -0.017617 -0.032315
v 0.000467 -0.016947 -0.033700
v 0.000307 -0.017627 -0.038258
v 0.000298 -0.017759 -0.039426
v 0.000757 -0.018742 -0.040409
v 0.000703 -0.017313 -0.040282
v 0.000336 -0.017175 -0.040042
v 0.000321 -0.015720 -0.040435
v 0.000343 -0.015703 -0.040415
v -0.000401 0.001061 -0.041927
v -0.000462 0.002365 -0.042034
v -0.000445 0.002518 -0.042023
v -0.000572 0.003681 -0.042005
v -0.000571 0.003795 -0.041978
v -0.000721 0.004862 -0.041639
v -0.000740 0.005671 -0.041086
v -0.002026 0.005461 -0.041755
v -0.004784 0.006675 -0.041775
v -0.002652 0.005881 -0.041703
v -0.001531 0.005114 -0.041719
v -0.002527 0.005142 -0.041801
v -0.001326 0.004181 -0.041781
v -0.003947 0.005243 -0.041819
v -0.002372 0.004158 -0.041768
v -0.013014 -0.006458 -0.040484
v -0.001448 -0.017184 -0.039865
v -0.007301 -0.018861 -0.039482
v -0.002918 -0.017359 -0.039790
v -0.000041 -0.016980 -0.039901
v -0.013143 -0.006450 -0.040481
v -0.009957 0.006392 -0.041738
v -0.014339 0.003693 -0.041330
v -0.008803 -0.017482 -0.039577
v -0.010813 -0.015317 -0.039791
v -0.015454 0.000300 -0.040982
v -0.014997 0.003685 -0.041316
v -0.015343 -0.001157 -0.040819
v -0.015820 -0.001136 -0.040770
v -0.016025 0.000199 -0.040839
v -0.015406 0.001746 -0.041116
v -0.014845 0.004628 -0.041372
v -0.015972 0.001482 -0.040918
v -0.014562 0.004960 -0.041578
v -0.015619 0.002727 -0.040978
v -0.016087 0.001305 -0.040462
v -0.016113 0.000110 -0.040502
v -0.015734 0.000001 -0.039558
v -0.015807 -0.001142 -0.040575
v -0.015474 -0.001292 -0.039540
v -0.010457 -0.016997 -0.039365
v -0.010805 -0.016001 -0.038919
v -0.015550 -0.002105 -0.040705
v -0.014431 -0.005028 -0.040452
v -0.010308 -0.017196 -0.039047
v -0.010198 -0.016964 -0.038296
v -0.009734 -0.017301 -0.038036
v -0.008993 -0.018212 -0.038120
v -0.009979 -0.017683 -0.039044
v -0.009370 -0.018276 -0.039272
v -0.009297 -0.018329 -0.039090
v -0.008627 -0.018949 -0.039117
v -0.007809 -0.019150 -0.038121
v -0.008301 -0.018825 -0.038180
v -0.008164 -0.019205 -0.039183
v -0.008080 -0.019296 -0.039338
v -0.007259 -0.019458 -0.039158
v -0.007302 -0.019396 -0.039394
v -0.008652 -0.018974 -0.039176
v -0.010056 -0.017495 -0.039223
v -0.006034 -0.019090 -0.039472
v -0.001283 -0.019229 -0.039785
v -0.000167 -0.017728 -0.039710
v -0.001652 -0.018345 -0.039222
v 0.001711 -0.017590 -0.040229
v -0.000313 -0.017882 -0.039323
v -0.001623 -0.018159 -0.038180
v -0.002981 -0.018095 -0.036708
v -0.005956 -0.018997 -0.038043
v -0.003014 -0.018439 -0.037830
v -0.006294 -0.018915 -0.037404
v -0.007217 -0.019259 -0.038134
v -0.007191 -0.018990 -0.037524
v -0.007549 -0.019053 -0.037615
v -0.008746 -0.017968 -0.037457
v -0.015704 0.001298 -0.039467
v -0.015248 0.001331 -0.038588
v -0.014876 0.001295 -0.037856
v -0.014862 -0.000142 -0.037863
v -0.014285 -0.000206 -0.036743
v -0.012672 0.001084 -0.033693
v -0.013301 0.002606 -0.034898
v -0.014161 0.002665 -0.036538
v -0.013659 0.003303 -0.035660
v -0.012620 0.002496 -0.033628
v -0.012066 0.003214 -0.032762
v -0.012398 0.003712 -0.033544
v -0.013221 0.003705 -0.035068
v -0.012363 0.004505 -0.033912
v -0.013877 0.004421 -0.036904
v -0.013911 0.003768 -0.036485
v -0.012700 0.004604 -0.034793
v -0.012122 0.005324 -0.034729
v -0.012382 0.005533 -0.035732
v -0.009602 0.006848 -0.030540
v -0.009486 0.007006 -0.032268
v -0.012805 0.005847 -0.037516
v -0.012609 0.005716 -0.036678
v -0.011013 0.006968 -0.036027
v -0.009748 0.007037 -0.033052
v -0.011251 0.007049 -0.036905
v -0.011432 0.007087 -0.037790
v -0.013068 0.005961 -0.038863
v -0.013238 0.005953 -0.040174
v -0.013863 0.005488 -0.040217
v -0.011924 0.006812 -0.038845
v -0.011516 0.007084 -0.038311
v -0.013706 0.005385 -0.038951
v -0.014483 0.004886 -0.040289
v -0.014304 0.004754 -0.039004
v -0.013472 0.005160 -0.037581
v -0.014061 0.004521 -0.037614
v -0.014953 0.003689 -0.039105
v -0.014462 0.003836 -0.037755
v -0.015298 0.003260 -0.039593
v -0.015148 0.003023 -0.038775
v -0.015377 0.002610 -0.039239
v -0.015201 0.002214 -0.038581
v -0.014899 0.002637 -0.038030
v -0.015713 0.002566 -0.040436
v -0.015408 0.003407 -0.040941
v -0.015381 0.003352 -0.040414
v -0.015072 0.003983 -0.040351
v -0.014462 0.004839 -0.041527
v -0.013191 0.005923 -0.041109
v -0.013649 0.005477 -0.041469
v -0.013008 0.005887 -0.041689
v -0.012265 0.006442 -0.041605
v -0.012480 0.006252 -0.041437
v -0.011073 0.006986 -0.041162
v -0.011433 0.007074 -0.040010
v -0.010647 0.007257 -0.040771
v -0.010849 0.007242 -0.040092
v -0.011568 0.007078 -0.039215
v -0.012240 0.006618 -0.040064
v -0.011684 0.007406 -0.038246
v -0.009932 0.007298 -0.040833
v -0.009917 0.007145 -0.041339
v -0.008498 0.007196 -0.041389
v -0.009953 0.006947 -0.041702
v -0.011295 0.006744 -0.041670
v -0.011389 0.006278 -0.041658
v -0.014698 0.006287 -0.041639
v -0.014315 0.004758 -0.041429
v -0.008502 0.007007 -0.041749
v -0.008473 0.006453 -0.041790
v -0.006998 0.006490 -0.041835
v -0.007073 0.007024 -0.041799
v -0.005572 0.006455 -0.041822
v -0.005708 0.006866 -0.041812
v -0.004126 0.006414 -0.041706
v -0.005810 0.007169 -0.041186
v -0.007090 0.007239 -0.041399
vn 0.0097 0.9399 -0.3413
vn 0.1310 0.9037 -0.4077
vn 0.9985 0.0013 -0.0551
vn -0.0384 0.9500 -0.3099
vn -0.4887 0.8643 0.1191
vn 0.1894 -0.8990 -0.3948
vn 0.0905 -0.2994 -0.9498
vn -0.1034 0.3761 0.9208
vn -0.0623 0.1580 0.9855
vn -0.0354 0.0304 0.9989
vn -0.0151 -0.0522 0.9985
vn -0.0270 -0.0093 0.9996
vn -0.0387 0.0289 0.9988
vn -0.1875 0.5880 -0.7868
vn 0.1131 -0.3464 0.9312
vn -0.0118 -0.0598 0.9981
vn -0.0173 -0.0488 0.9987
vn -0.0230 -0.0383 0.9990
vn -0.0056 -0.0669 0.9977
vn -0.0213 -0.0427 0.9989
vn 0.0083 -0.0847 0.9964
vn -0.0099 -0.0600 0.9982
vn 0.0024 -0.0749 0.9972
vn -0.0057 -0.0654 0.9978
vn 0.0153 -0.0876 0.9960
vn -0.0015 -0.0699 0.9976
vn -0.0066 -0.0653 0.9978
vn -0.0556 -0.0370 0.9978
vn -0.0804 -0.0232 0.9965
vn 0.0468 -0.0902 0.9948
vn 0.0938 -0.1121 0.9893
vn 0.0856 -0.1085 0.9904
vn 0.0276 -0.0854 0.9960
vn 0.0260 -0.0849 0.9961
vn 0.0227 -0.0838 0.9962
vn 0.0362 -0.0876 0.9955
vn 0.0354 -0.0874 0.9955
vn 0.0399 -0.0884 0.9953
vn 0.0210 -0.0845 0.9962
vn 0.0253 -0.0853 0.9960
vn 0.0029 -0.0816 0.9967
vn 0.0150 -0.0832 0.9964
vn 0.0253 -0.0844 0.9961
vn -0.0559 -0.0771 0.9955
vn -0.8777 -0.0239 -0.4786
vn 0.9431 0.0492 -0.3288
vn 0.9988 0.0278 -0.0391
vn 0.9997 0.0210 -0.0105
vn 0.8424 -0.1297 0.5230
vn 0.9990 0.0396 -0.0216
vn -0.4619 0.2505 -0.8508
vn 0.9997 0.0147 0.0169
vn -0.5122 -0.2835 0.8107
vn 0.9978 0.0394 -0.0541
vn 0.9975 0.0420 -0.0566
vn 0.9908 -0.1160 0.0695
vn 0.9881 0.1101 -0.1075
vn 0.9995 -0.0040 -0.0311
vn 0.9702 0.1856 -0.1560
vn 0.9901 0.0942 -0.1039
vn 0.3171 0.5404 -0.7794
vn 0.2575 0.6626 -0.7033
vn 0.2886 0.6438 -0.7087
vn -0.1646 -0.3586 0.9189
vn -0.5606 -0.8156 -0.1434
vn 0.2299 0.3238 -0.9178
vn -0.3555 -0.4222 0.8339
vn 0.0526 0.2289 -0.9720
vn 0.0851 0.1457 -0.9857
vn 0.0840 0.0841 -0.9929
vn -0.2841 0.0010 -0.9588
vn -0.2952 -0.0174 -0.9553
vn 0.0121 -0.0060 -0.9999
vn -0.0110 -0.0629 -0.9980
vn -0.1182 0.0815 -0.9896
vn -0.0151 0.1307 -0.9913
vn -0.2191 -0.0896 -0.9716
vn -0.0300 -0.0904 -0.9955
vn -0.0303 -0.0901 -0.9955
vn -0.2294 -0.0963 -0.9686
vn -0.2179 -0.0972 -0.9711
vn -0.0242 -0.0836 -0.9962
vn 0.0150 -0.2722 -0.9621
vn -0.0405 -0.0859 -0.9955
vn -0.0389 -0.0994 -0.9943
vn 0.0344 -0.3983 -0.9166
vn -0.6299 0.7757 0.0377
vn -0.0387 -0.0879 -0.9954
vn -0.0247 -0.0914 -0.9955
vn -0.0421 -0.0882 -0.9952
vn -0.0342 -0.0950 -0.9949
vn 0.0319 -0.0692 -0.9971
vn -0.0452 -0.0893 -0.9950
vn -0.1562 -0.1212 -0.9803
vn -0.0196 -0.0956 -0.9952
vn -0.0594 -0.0902 -0.9942
vn -0.1070 -0.1182 -0.9872
vn -0.2276 -0.0848 -0.9700
vn -0.2281 -0.0824 -0.9701
vn -0.3208 -0.0215 -0.9469
vn -0.6714 0.0654 -0.7382
vn -0.3103 -0.0459 -0.9495
vn -0.7458 0.1807 -0.6412
vn 0.6884 -0.1442 0.7109
vn -0.9546 0.2640 -0.1379
vn -0.9720 0.0292 -0.2332
vn -0.9684 0.0243 -0.2481
vn -0.9435 -0.1593 -0.2904
vn -0.9276 0.0080 0.3734
vn -0.9198 -0.1801 0.3485
vn -0.9689 -0.2404 0.0583
vn -0.9330 -0.2437 0.2646
vn -0.9397 -0.2074 0.2720
vn -0.9352 -0.1839 0.3026
vn -0.9096 -0.2838 0.3035
vn -0.9467 -0.3213 -0.0230
vn -0.9409 -0.2990 0.1589
vn -0.9626 -0.2648 0.0571
vn -0.7454 -0.3081 -0.5911
vn 0.5747 0.1504 -0.8044
vn 0.1828 -0.0152 -0.9830
vn -0.2533 -0.1504 -0.9556
vn -0.1070 -0.1189 -0.9871
vn -0.9020 -0.3945 0.1757
vn -0.8837 -0.3949 0.2511
vn -0.8837 -0.3999 0.2435
vn -0.9118 -0.3527 0.2103
vn -0.6766 -0.5951 0.4337
vn -0.6767 -0.5916 0.4384
vn -0.6900 -0.6118 0.3868
vn -0.8202 -0.4726 0.3223
vn -0.7966 -0.5349 0.2817
vn -0.7210 -0.6330 -0.2819
vn -0.6843 -0.7267 0.0606
vn -0.6481 -0.7046 0.2889
vn -0.8288 -0.5581 0.0387
vn -0.6437 -0.7090 0.2881
vn -0.6765 -0.7344 0.0553
vn -0.4530 -0.8696 0.1965
vn -0.5507 -0.7809 0.2948
vn -0.6156 -0.7246 0.3099
vn -0.4365 -0.8586 0.2688
vn -0.5972 -0.7342 -0.3231
vn -0.1407 -0.9638 -0.2265
vn -0.2589 -0.8872 0.3819
vn -0.0918 -0.1613 -0.9826
vn 0.5140 0.6110 0.6020
vn -0.2269 0.0845 -0.9702
vn 0.6440 0.5962 -0.4794
vn -0.1908 -0.2723 -0.9431
vn -0.3339 -0.3448 -0.8773
vn -0.1927 -0.2723 -0.9427
vn 0.7459 0.6456 0.1638
vn 0.0509 -0.2354 -0.9706
vn 0.2089 -0.9363 -0.2823
vn -0.1903 0.8915 0.4111
vn -0.0150 -0.1620 -0.9867
vn -0.0643 -0.0161 -0.9978
vn 0.0671 -0.0989 0.9928
vn -0.2531 -0.1473 -0.9562
vn 0.1714 -0.8310 -0.5292
vn -0.1486 -0.6786 -0.7193
vn -0.5480 -0.0031 -0.8365
vn 0.4479 -0.2913 -0.8453
vn -0.4169 -0.1575 -0.8952
vn -0.4168 0.4667 -0.7801
vn 0.3218 -0.8333 0.4496
vn -0.0770 -0.0910 0.9929
vn 0.0460 0.9979 -0.0462
vn 0.1785 -0.9834 -0.0334
vn 0.3331 -0.9298 0.1567
vn 0.9244 0.3343 -0.1838
vn 0.2505 -0.6235 0.7406
vn 0.2134 -0.9710 0.1082
vn 0.1610 -0.9770 0.1402
vn 0.0330 -0.9967 0.0739
vn 0.1920 -0.9567 0.2189
vn -0.1886 0.9814 0.0359
vn 0.2131 -0.9748 0.0666
vn 0.1938 -0.9667 0.1673
vn 0.1683 -0.9648 0.2022
vn 0.1900 -0.9561 0.2230
vn 0.1835 -0.9581 0.2198
vn 0.1880 -0.9656 0.1796
vn 0.0229 -0.9151 0.4026
vn 0.0595 -0.9143 0.4007
vn -0.1693 -0.9484 0.2682
vn -0.1740 -0.9653 0.1945
vn 0.0781 -0.9361 0.3430
vn -0.1012 -0.8732 0.4767
vn -0.5353 -0.7356 0.4153
vn -0.1668 -0.8450 0.5080
vn -0.5591 -0.6847 0.4676
vn -0.5405 -0.6701 0.5087
vn -0.2511 -0.8074 0.5339
vn -0.3127 -0.7796 0.5426
vn -0.3988 -0.7361 0.5470
vn -0.4838 -0.6944 0.5326
vn -0.5656 -0.6832 0.4619
vn -0.5712 -0.6484 0.5034
vn -0.6658 -0.5850 0.4631
vn -0.6650 -0.6020 0.4421
vn -0.5936 -0.6350 0.4944
vn -0.6143 -0.6246 0.4823
vn -0.6674 -0.6010 0.4399
vn 0.0268 -0.9246 0.3799
vn 0.0229 -0.9234 0.3830
vn 0.2919 -0.8975 -0.3307
vn -0.1047 -0.8624 0.4954
vn 0.0791 -0.9352 0.3452
vn 0.1760 -0.9087 -0.3785
vn -0.2705 -0.9526 0.1396
vn -0.9333 -0.0034 0.3591
vn -0.8875 -0.0116 0.4607
vn -0.8914 -0.0046 0.4531
vn -0.8895 -0.0108 0.4568
vn -0.8897 -0.0565 0.4531
vn -0.9389 -0.1990 0.2807
vn -0.9336 -0.1754 0.3125
vn -0.8892 -0.0108 0.4575
vn -0.8889 -0.0553 0.4548
vn -0.8838 -0.0010 0.4678
vn -0.9031 -0.0724 0.4234
vn -0.8972 0.2290 0.3776
vn -0.9020 -0.0620 0.4274
vn -0.9016 0.0088 0.4325
vn -0.9019 -0.0051 0.4319
vn -0.8837 0.0054 0.4680
vn -0.9316 -0.1110 0.3460
vn -0.9361 0.0229 0.3511
vn -0.8835 0.0545 0.4652
vn -0.8853 0.0149 0.4647
vn -0.8767 0.0696 0.4759
vn -0.8633 0.1651 0.4769
vn -0.8715 0.0915 0.4819
vn -0.8962 0.2481 0.3677
vn -0.9276 0.0408 0.3714
vn -0.9241 0.0656 0.3766
vn -0.8600 0.1784 0.4782
vn -0.9048 0.0594 0.4216
vn -0.9344 0.1889 0.3020
vn -0.9267 0.2276 0.2989
vn -0.8517 0.2529 0.4589
vn -0.8523 0.2505 0.4592
vn -0.8857 0.2269 0.4052
vn -0.7041 0.6240 0.3389
vn -0.8506 0.3139 0.4218
vn -0.8536 0.2960 0.4287
vn -0.7461 0.5673 0.3486
vn -0.8994 0.4116 0.1475
vn -0.2764 -0.5030 0.8189
vn -0.8230 0.3637 0.4364
vn -0.7961 0.4438 0.4114
vn -0.7760 0.5176 0.3605
vn -0.8146 0.4887 0.3124
vn -0.7125 0.6271 0.3148
vn -0.7418 0.5624 0.3653
vn 0.7546 0.3226 -0.5714
vn -0.7606 0.6491 0.0084
vn -0.4963 0.8669 0.0461
vn -0.0467 -0.8352 -0.5480
vn -0.6582 0.7064 0.2603
vn -0.6624 0.7010 0.2641
vn -0.6889 0.6624 0.2942
vn -0.5567 0.8016 0.2180
vn -0.8284 0.4753 0.2964
vn -0.6748 0.6886 0.2655
vn -0.5864 0.7763 0.2313
vn -0.5733 0.8191 -0.0185
vn -0.4481 0.8926 0.0491
vn -0.5230 0.8404 0.1423
vn -0.6288 0.7608 0.1606
vn -0.5235 0.8427 0.1256
vn -0.6465 0.7391 0.1891
vn -0.6518 0.7182 0.2436
vn -0.5961 0.7997 0.0719
vn -0.5978 0.7984 0.0722
vn -0.6742 0.7246 0.1428
vn -0.5967 0.8010 0.0480
vn -0.6054 0.7904 0.0940
vn -0.6723 0.7149 0.1921
vn -0.6981 0.7014 0.1439
vn -0.7224 0.6703 0.1696
vn -0.7088 0.6667 0.2305
vn -0.7159 0.6591 0.2304
vn -0.7205 0.6524 0.2350
vn -0.7037 0.6583 0.2671
vn -0.7162 0.6325 0.2950
vn -0.7137 0.6440 0.2754
vn -0.7055 0.6487 0.2854
vn -0.8408 0.4904 0.2291
vn -0.8555 0.4464 0.2624
vn -0.8522 0.4404 0.2825
vn -0.8776 0.3916 0.2764
vn -0.8768 0.3943 0.2752
vn -0.8839 0.2476 0.3968
vn -0.8701 0.2968 0.3935
vn -0.9382 0.2461 0.2435
vn -0.9365 0.1816 0.3000
vn -0.9181 0.1487 0.3674
vn -0.9114 0.1519 0.3824
vn -0.8852 0.2344 0.4019
vn -0.8892 0.2115 0.4058
vn -0.8949 0.0631 0.4417
vn -0.8928 0.0964 0.4400
vn -0.8950 0.0643 0.4414
vn -0.9294 0.2706 0.2512
vn -0.9196 0.1679 0.3551
vn -0.9343 0.2509 0.2533
vn -0.9184 0.3856 0.0885
vn -0.9533 0.2850 -0.0998
vn -0.9141 0.3824 0.1350
vn -0.8978 0.4306 0.0921
vn -0.8948 0.4246 0.1377
vn -0.8363 0.5472 -0.0350
vn -0.8418 0.5379 -0.0446
vn -0.8310 0.5296 0.1703
vn -0.8454 0.4962 0.1976
vn -0.8601 0.4721 0.1933
vn -0.6274 0.7728 -0.0961
vn -0.5943 0.7770 -0.2076
vn -0.2339 0.2118 0.9489
vn -0.6940 0.7190 -0.0390
vn -0.0112 0.3847 0.9230
vn -0.5799 0.7812 -0.2312
vn -0.5005 0.8548 0.1372
vn 0.4537 -0.6935 0.5596
vn -0.6022 0.7890 0.1219
vn -0.4871 0.8487 -0.2061
vn -0.4222 0.8842 -0.1998
vn -0.4867 0.8188 0.3045
vn -0.4720 0.8680 -0.1540
vn -0.2852 0.9563 -0.0650
vn -0.3950 0.8983 -0.1924
vn -0.2839 0.9574 -0.0533
vn -0.4858 0.8697 -0.0872
vn -0.4804 0.8661 -0.1385
vn -0.5497 0.8336 -0.0539
vn -0.5536 0.8327 -0.0135
vn -0.5674 0.7573 -0.3234
vn 0.0389 -0.9452 0.3241
vn -0.2753 0.9568 -0.0936
vn -0.3858 0.9224 0.0159
vn -0.5695 0.8216 0.0272
vn -0.1819 0.9689 -0.1679
vn -0.2946 0.9532 -0.0678
vn -0.2497 0.9619 -0.1110
vn 0.1444 0.8885 -0.4355
vn -0.0761 0.9688 -0.2359
vn -0.0800 0.9533 -0.2911
vn -0.1467 0.9703 -0.1925
vn -0.1860 0.8906 -0.4151
vn -0.0458 0.9557 -0.2908
vn -0.0452 0.9552 -0.2926
vn -0.0488 0.8792 -0.4739
vn -0.1433 0.8750 -0.4624
vn -0.1807 0.9165 -0.3569
vn -0.0211 -0.0198 -0.9996
vn -0.3023 0.9053 -0.2984
vn -0.0330 0.3106 0.9500
vn -0.0061 -0.0228 -0.9997
vn -0.0064 -0.1370 -0.9905
vn -0.0167 0.0435 0.9989
vn 0.5266 0.0156 -0.8500
vn -0.0517 -0.0508 -0.9974
vn -0.0360 -0.0923 -0.9951
vn -0.0196 -0.0927 -0.9955
vn 0.0455 -0.5563 -0.8298
vn -0.0982 -0.0426 -0.9943
vn -0.0609 0.0660 -0.9960
vn -0.0515 0.8837 -0.4652
vn -0.0353 0.0717 -0.9968
vn -0.0372 0.0659 -0.9971
vn -0.0326 0.0718 -0.9969
vn -0.0286 -0.0829 -0.9961
vn -0.0308 -0.0912 -0.9954
vn -0.0355 0.0634 -0.9974
vn 0.0109 0.0699 -0.9975
vn 0.0094 0.0099 -0.9999
vn -0.0065 0.0240 -0.9997
vn 0.0813 0.0528 -0.9953
vn 0.0842 0.2261 -0.9705
vn 0.0686 0.1432 -0.9873
vn 0.0137 0.0156 -0.9998
vn -0.2293 -0.6298 0.7422
vn 0.0468 0.0348 -0.9983
vn 0.2012 0.8938 -0.4009
vn 0.1180 0.9008 -0.4179
vn 0.0969 0.8783 -0.4683
vn 0.0049 0.9482 -0.3176
vn 0.1220 0.8864 -0.4466
vn -0.0307 0.9493 -0.3129
vn -0.0298 0.8798 -0.4745
vn 0.1354 0.8895 -0.4363
vn 0.1463 0.8679 -0.4747
vn -0.0268 0.8844 -0.4659
vn -0.0386 0.9553 -0.2929
vn -0.0455 0.9637 -0.2631
vn -0.5928 0.8035 -0.0551
vn -0.8541 0.2880 -0.4332
vn -0.9536 0.2979 -0.0435
vn 0.5224 -0.8520 0.0347
vn -0.3271 0.9436 -0.0509
vn -0.4562 0.8871 0.0695
vn -0.8527 0.2989 0.4284
vn -0.8878 0.0169 0.4598
vn -0.8905 0.0276 0.4542
vn -0.0339 -0.1049 -0.9939
vn -0.0305 -0.0900 -0.9955
vn -0.4462 -0.2377 -0.8628
s 0
f 2894//5691 2895//5691 2897//5691
f 2894//5692 2896//5692 2895//5692
f 2894//5693 2954//5693 2896//5693
f 2894//5694 2897//5694 2898//5694
f 2894//5695 2898//5695 2899//5695
f 2894//5696 2899//5696 2900//5696
f 2894//5697 2900//5697 2901//5697
f 2894//5698 2901//5698 2902//5698
f 2894//5699 2902//5699 2903//5699
f 2894//5700 2903//5700 2904//5700
f 2894//5701 2904//5701 2905//5701
f 2894//5702 2905//5702 2906//5702
f 2894//5703 2906//5703 2907//5703
f 2894//5704 2907//5704 2908//5704
f 2894//5705 2908//5705 2909//5705
f 2894//5706 2909//5706 2910//5706
f 2894//5707 2910//5707 2911//5707
f 2894//5708 2911//5708 2912//5708
f 2894//5709 2912//5709 2913//5709
f 2894//5710 2913//5710 2914//5710
f 2894//5711 2914//5711 2915//5711
f 2894//5712 2915//5712 2916//5712
f 2894//5713 2916//5713 2917//5713
f 2894//5714 2917//5714 2918//5714
f 2894//5715 2918//5715 2919//5715
f 2894//5716 2919//5716 2920//5716
f 2894//5717 2920//5717 2921//5717
f 2894//5718 2921//5718 2922//5718
f 2894//5719 2922//5719 2923//5719
f 2894//5720 2923//5720 2924//5720
f 2894//5721 2924//5721 2925//5721
f 2894//5722 2925//5722 2926//5722
f 2894//5723 2926//5723 2927//5723
f 2894//5724 2927//5724 2928//5724
f 2894//5725 2928//5725 2929//5725
f 2894//5726 2929//5726 2930//5726
f 2894//5727 2930//5727 2931//5727
f 2894//5728 2931//5728 2932//5728
f 2894//5729 2932//5729 2933//5729
f 2894//5730 2933//5730 2934//5730
f 2894//5731 2934//5731 2935//5731
f 2894//5732 2935//5732 2936//5732
f 2894//5733 2936//5733 2937//5733
f 2894//5734 2937//5734 2938//5734
f 2894//5735 2938//5735 2939//5735
f 2894//5736 2939//5736 2940//5736
f 2894//5737 2940//5737 2941//5737
f 2894//5738 2941//5738 2942//5738
f 2894//5739 2942//5739 2943//5739
f 2894//5740 2943//5740 2944//5740
f 2894//5741 2944//5741 2945//5741
f 2894//5742 2945//5742 2946//5742
f 2894//5743 2946//5743 2947//5743
f 2894//5744 2947//5744 2948//5744
f 2894//5745 2948//5745 2949//5745
f 2894//5746 2949//5746 2950//5746
f 2894//5747 2950//5747 2951//5747
f 2894//5748 2951//5748 2952//5748
f 2894//5749 2952//5749 2953//5749
f 2894//5750 2953//5750 2954//5750
f 2954//5751 2953//5751 2955//5751
f 2896//5752 2954//5752 2955//5752
f 2896//5753 2955//5753 2956//5753
f 2956//5754 2955//5754 2957//5754
f 2955//5755 2958//5755 2957//5755
f 2955//5756 2953//5756 2952//5756
f 2955//5757 2952//5757 2958//5757
f 2952//5758 2951//5758 2958//5758
f 2957//5759 2958//5759 2959//5759
f 2958//5760 2960//5760 2959//5760
f 2958//5761 2951//5761 2960//5761
f 2951//5762 2950//5762 2960//5762
f 2959//5763 2960//5763 2961//5763
f 2960//5764 2962//5764 2961//5764
f 2960//5765 2950//5765 2949//5765
f 2960//5766 2949//5766 2962//5766
f 2949//5767 2948//5767 2962//5767
f 2961//5768 2962//5768 2963//5768
f 2962//5769 2964//5769 2963//5769
f 2962//5770 2948//5770 2964//5770
f 2948//5771 2947//5771 2964//5771
f 2963//5772 2964//5772 2968//5772
f 2965//5773 2964//5773 2967//5773
f 2965//5774 2966//5774 2964//5774
f 2964//5775 2966//5775 2968//5775
f 2967//5776 2964//5776 2946//5776
f 2964//5777 2947//5777 2946//5777
f 2969//5778 2968//5778 2970//5778
f 2969//5779 2963//5779 2968//5779
f 2968//5780 2973//5780 2970//5780
f 2968//5781 2966//5781 2971//5781
f 2968//5782 2971//5782 2972//5782
f 2968//5783 2972//5783 2973//5783
f 2972//5784 2975//5784 2973//5784
f 2970//5785 2973//5785 2974//5785
f 2973//5786 2978//5786 2974//5786
f 2973//5787 2975//5787 2976//5787
f 2973//5788 2976//5788 2977//5788
f 2973//5789 2977//5789 2978//5789
f 2979//5790 2978//5790 2980//5790
f 2979//5791 2974//5791 2978//5791
f 2980//5792 2978//5792 2977//5792
f 2981//5793 2980//5793 2982//5793
f 2981//5794 2979//5794 2980//5794
f 2980//5795 2983//5795 2982//5795
f 2980//5796 2984//5796 2983//5796
f 2980//5797 2977//5797 2984//5797
f 2977//5798 2976//5798 2984//5798
f 2983//5799 2984//5799 2985//5799
f 2984//5800 2987//5800 2985//5800
f 2984//5801 2976//5801 2986//5801
f 2984//5802 2986//5802 2987//5802
f 2986//5803 2923//5803 2987//5803
f 2985//5804 2987//5804 2923//5804
f 2988//5805 2986//5805 2990//5805
f 2988//5806 2989//5806 2986//5806
f 2989//5807 2923//5807 2986//5807
f 2986//5808 2976//5808 2990//5808
f 2988//5809 2990//5809 2972//5809
f 2972//5810 2990//5810 2991//5810
f 2990//5811 2976//5811 2991//5811
f 2972//5812 2991//5812 2975//5812
f 2991//5813 2976//5813 2975//5813
f 2988//5814 2992//5814 2989//5814
f 2993//5815 2989//5815 2992//5815
f 2993//5816 2924//5816 2989//5816
f 2924//5817 2923//5817 2989//5817
f 2994//5818 2925//5818 2993//5818
f 2994//5819 2993//5819 2995//5819
f 2995//5820 2993//5820 2996//5820
f 2925//5821 2924//5821 2993//5821
f 2996//5822 2993//5822 2992//5822
f 2997//5823 2996//5823 2988//5823
f 2997//5824 2998//5824 2996//5824
f 2995//5825 2996//5825 2998//5825
f 2996//5826 2992//5826 2988//5826
f 2999//5827 2995//5827 2998//5827
f 2999//5828 2998//5828 2997//5828
f 3000//5829 2999//5829 3002//5829
f 3000//5830 3001//5830 2999//5830
f 3001//5831 2995//5831 2999//5831
f 3002//5832 2999//5832 3003//5832
f 3003//5833 2999//5833 2997//5833
f 3004//5834 3003//5834 3005//5834
f 3004//5835 3002//5835 3003//5835
f 3003//5836 2965//5836 3005//5836
f 3003//5837 2997//5837 3006//5837
f 3003//5838 3006//5838 2965//5838
f 2997//5839 3007//5839 3006//5839
f 3006//5840 2971//5840 2965//5840
f 3006//5841 3007//5841 2972//5841
f 3006//5842 2972//5842 2971//5842
f 2997//5843 2988//5843 3007//5843
f 2988//5844 2972//5844 3007//5844
f 3004//5845 3005//5845 3008//5845
f 3005//5846 3010//5846 3008//5846
f 3005//5847 2965//5847 2967//5847
f 3005//5848 2967//5848 3009//5848
f 3005//5849 3009//5849 3010//5849
f 3011//5850 3010//5850 3012//5850
f 3011//5851 3008//5851 3010//5851
f 3012//5852 3010//5852 2944//5852
f 3010//5853 2945//5853 2944//5853
f 3010//5854 3009//5854 2967//5854
f 3010//5855 2967//5855 2945//5855
f 3013//5856 3012//5856 2943//5856
f 3013//5857 3011//5857 3012//5857
f 3012//5858 2944//5858 2943//5858
f 2938//5859 3013//5859 2939//5859
f 2938//5860 3014//5860 3013//5860
f 3014//5861 3011//5861 3013//5861
f 3013//5862 2940//5862 2939//5862
f 3013//5863 2943//5863 2942//5863
f 3013//5864 2942//5864 2941//5864
f 3013//5865 2941//5865 2940//5865
f 2938//5866 3015//5866 3014//5866
f 3015//5867 3016//5867 3014//5867
f 3014//5868 3016//5868 3017//5868
f 3014//5869 3017//5869 3004//5869
f 3014//5870 3004//5870 3011//5870
f 3016//5871 3004//5871 3017//5871
f 3018//5872 3016//5872 3015//5872
f 3018//5873 3019//5873 3016//5873
f 3019//5874 3004//5874 3016//5874
f 3018//5875 3020//5875 3019//5875
f 3020//5876 3021//5876 3019//5876
f 3019//5877 3021//5877 3000//5877
f 3019//5878 3000//5878 3004//5878
f 3020//5879 2935//5879 3021//5879
f 2935//5880 2934//5880 3021//5880
f 3021//5881 3001//5881 3000//5881
f 3021//5882 2934//5882 2933//5882
f 3021//5883 3022//5883 3001//5883
f 3021//5884 2929//5884 3022//5884
f 3021//5885 2933//5885 2932//5885
f 3021//5886 2932//5886 2931//5886
f 3021//5887 2931//5887 2930//5887
f 3021//5888 2930//5888 2929//5888
f 3022//5889 2995//5889 3001//5889
f 3022//5890 2929//5890 2928//5890
f 3022//5891 2994//5891 2995//5891
f 3022//5892 2925//5892 2994//5892
f 3022//5893 2928//5893 2927//5893
f 3022//5894 2927//5894 2926//5894
f 3022//5895 2926//5895 2925//5895
f 3018//5896 2936//5896 3020//5896
f 2936//5897 2935//5897 3020//5897
f 2938//5898 3018//5898 3015//5898
f 2938//5899 2937//5899 3018//5899
f 2937//5900 2936//5900 3018//5900
f 3004//5901 3008//5901 3011//5901
f 3004//5902 3000//5902 3002//5902
f 2983//5903 2985//5903 3023//5903
f 3023//5904 2985//5904 3024//5904
f 2985//5905 3025//5905 3024//5905
f 2985//5906 3026//5906 3025//5906
f 2985//5907 2921//5907 3026//5907
f 2985//5908 2923//5908 2922//5908
f 2985//5909 2922//5909 2921//5909
f 3026//5910 3027//5910 3025//5910
f 3026//5911 2921//5911 3027//5911
f 3025//5912 3027//5912 3028//5912
f 2921//5913 2920//5913 3027//5913
f 3027//5914 2917//5914 3028//5914
f 3027//5915 2920//5915 2919//5915
f 3027//5916 2919//5916 2918//5916
f 3027//5917 2918//5917 2917//5917
f 3025//5918 3028//5918 3029//5918
f 3029//5919 3028//5919 2916//5919
f 3028//5920 2917//5920 2916//5920
f 3030//5921 3029//5921 3031//5921
f 3030//5922 3025//5922 3029//5922
f 3031//5923 3029//5923 3032//5923
f 3029//5924 2916//5924 3032//5924
f 3031//5925 3032//5925 3033//5925
f 3032//5926 2914//5926 3033//5926
f 3032//5927 2916//5927 2915//5927
f 3032//5928 2915//5928 2914//5928
f 3031//5929 3033//5929 3034//5929
f 3033//5930 2912//5930 3034//5930
f 3033//5931 2914//5931 2913//5931
f 3033//5932 2913//5932 2912//5932
f 3031//5933 3034//5933 3035//5933
f 3036//5934 3035//5934 3034//5934
f 3036//5935 3034//5935 2912//5935
f 3037//5936 3036//5936 3039//5936
f 3037//5937 3038//5937 3036//5937
f 3038//5938 3035//5938 3036//5938
f 3040//5939 3039//5939 3036//5939
f 3040//5940 3036//5940 2908//5940
f 3036//5941 2909//5941 2908//5941
f 3036//5942 2912//5942 2911//5942
f 3036//5943 2911//5943 2910//5943
f 3036//5944 2910//5944 2909//5944
f 3041//5945 3040//5945 3042//5945
f 3041//5946 3037//5946 3040//5946
f 3037//5947 3039//5947 3040//5947
f 3042//5948 3040//5948 2908//5948
f 3043//5949 3042//5949 2907//5949
f 3043//5950 3041//5950 3042//5950
f 2907//5951 3042//5951 2908//5951
f 3044//5952 3043//5952 3046//5952
f 3044//5953 3045//5953 3043//5953
f 3045//5954 3041//5954 3043//5954
f 3046//5955 3043//5955 3047//5955
f 3047//5956 3043//5956 2907//5956
f 3048//5957 3047//5957 2906//5957
f 3048//5958 3046//5958 3047//5958
f 2906//5959 3047//5959 2907//5959
f 2904//5960 3048//5960 2905//5960
f 2904//5961 3049//5961 3048//5961
f 3050//5962 3048//5962 3049//5962
f 2905//5963 3048//5963 2906//5963
f 3050//5964 3044//5964 3048//5964
f 3048//5965 3044//5965 3046//5965
f 3051//5966 3050//5966 3053//5966
f 3051//5967 3052//5967 3050//5967
f 3052//5968 3055//5968 3050//5968
f 3054//5969 3053//5969 3050//5969
f 3054//5970 3050//5970 3049//5970
f 3050//5971 3055//5971 3044//5971
f 3052//5972 3056//5972 3055//5972
f 3056//5973 3057//5973 3055//5973
f 3055//5974 3058//5974 3044//5974
f 3055//5975 3057//5975 3058//5975
f 3057//5976 3059//5976 3058//5976
f 3044//5977 3058//5977 3045//5977
f 3058//5978 3041//5978 3045//5978
f 3058//5979 3059//5979 3037//5979
f 3058//5980 3037//5980 3041//5980
f 3060//5981 3059//5981 3057//5981
f 3060//5982 3061//5982 3059//5982
f 3061//5983 3037//5983 3059//5983
f 3060//5984 3062//5984 3061//5984
f 3062//5985 3063//5985 3061//5985
f 3061//5986 3063//5986 3038//5986
f 3061//5987 3038//5987 3037//5987
f 3062//5988 3064//5988 3063//5988
f 3023//5989 3063//5989 3064//5989
f 3023//5990 3065//5990 3063//5990
f 3063//5991 3065//5991 3066//5991
f 3063//5992 3031//5992 3038//5992
f 3063//5993 3066//5993 3031//5993
f 3030//5994 3066//5994 3065//5994
f 3030//5995 3031//5995 3066//5995
f 3023//5996 3030//5996 3065//5996
f 2983//5997 3064//5997 3067//5997
f 2983//5998 3023//5998 3064//5998
f 3067//5999 3064//5999 3062//5999
f 3068//6000 3067//6000 3069//6000
f 3068//6001 2983//6001 3067//6001
f 3067//6002 3062//6002 3069//6002
f 3068//6003 3069//6003 3070//6003
f 3070//6004 3069//6004 3062//6004
f 3071//6005 3070//6005 3056//6005
f 3071//6006 3068//6006 3070//6006
f 3070//6007 3057//6007 3056//6007
f 3070//6008 3060//6008 3057//6008
f 3070//6009 3062//6009 3060//6009
f 3072//6010 3071//6010 3052//6010
f 3072//6011 3073//6011 3071//6011
f 2981//6012 3071//6012 3073//6012
f 3071//6013 3056//6013 3052//6013
f 2981//6014 3068//6014 3071//6014
f 3072//6015 3074//6015 3073//6015
f 3074//6016 2981//6016 3073//6016
f 3075//6017 2981//6017 3074//6017
f 3075//6018 3074//6018 3076//6018
f 3076//6019 3074//6019 3072//6019
f 3077//6020 3076//6020 3078//6020
f 3077//6021 3075//6021 3076//6021
f 3078//6022 3076//6022 3072//6022
f 3079//6023 3078//6023 3080//6023
f 3079//6024 3077//6024 3078//6024
f 3078//6025 3081//6025 3080//6025
f 3078//6026 3082//6026 3081//6026
f 3078//6027 3072//6027 3082//6027
f 3072//6028 3051//6028 3082//6028
f 3081//6029 3082//6029 3051//6029
f 3080//6030 3081//6030 3083//6030
f 2902//6031 3083//6031 3081//6031
f 2902//6032 3081//6032 2903//6032
f 3081//6033 3054//6033 2903//6033
f 3081//6034 3051//6034 3054//6034
f 3080//6035 3083//6035 2902//6035
f 3079//6036 3080//6036 2901//6036
f 2901//6037 3080//6037 2902//6037
f 2899//6038 3079//6038 2900//6038
f 2899//6039 3084//6039 3079//6039
f 3084//6040 3085//6040 3079//6040
f 2900//6041 3079//6041 2901//6041
f 3079//6042 3085//6042 3077//6042
f 2898//6043 3085//6043 3084//6043
f 2898//6044 3086//6044 3085//6044
f 3086//6045 3087//6045 3085//6045
f 3085//6046 3087//6046 3088//6046
f 3085//6047 3088//6047 3077//6047
f 3087//6048 3089//6048 3088//6048
f 3077//6049 3088//6049 3075//6049
f 3088//6050 3090//6050 3075//6050
f 3088//6051 3089//6051 3090//6051
f 3089//6052 3091//6052 3090//6052
f 3075//6053 3090//6053 2981//6053
f 3090//6054 3091//6054 2981//6054
f 2969//6055 3091//6055 3089//6055
f 2969//6056 2970//6056 3091//6056
f 2970//6057 2974//6057 3091//6057
f 2981//6058 3091//6058 2979//6058
f 3091//6059 2974//6059 2979//6059
f 3087//6060 2969//6060 3089//6060
f 3086//6061 3092//6061 3087//6061
f 3092//6062 3093//6062 3087//6062
f 3093//6063 2969//6063 3087//6063
f 3092//6064 3094//6064 3093//6064
f 3094//6065 2961//6065 3093//6065
f 3093//6066 2961//6066 2969//6066
f 3095//6067 3094//6067 3092//6067
f 3095//6068 3096//6068 3094//6068
f 3096//6069 2961//6069 3094//6069
f 3097//6070 3096//6070 3095//6070
f 3097//6071 3098//6071 3096//6071
f 2957//6072 3096//6072 3098//6072
f 2957//6073 2959//6073 3096//6073
f 3096//6074 2959//6074 2961//6074
f 3097//6075 2957//6075 3098//6075
f 2956//6076 2957//6076 3097//6076
f 2956//6077 3097//6077 3099//6077
f 3099//6078 3097//6078 3100//6078
f 3100//6079 3097//6079 3095//6079
f 2895//6080 3100//6080 2897//6080
f 2895//6081 3099//6081 3100//6081
f 2897//6082 3100//6082 3086//6082
f 3100//6083 3095//6083 3086//6083
f 2896//6084 3099//6084 2895//6084
f 2896//6085 2956//6085 3099//6085
f 3086//6086 3095//6086 3092//6086
f 2897//6087 3086//6087 2898//6087
f 2898//6088 3084//6088 2899//6088
f 3072//6089 3052//6089 3051//6089
f 2981//6090 2982//6090 3068//6090
f 2982//6091 2983//6091 3068//6091
f 3051//6092 3053//6092 3054//6092
f 2903//6093 3054//6093 2904//6093
f 3054//6094 3049//6094 2904//6094
f 3038//6095 3031//6095 3035//6095
f 3023//6096 3024//6096 3030//6096
f 3024//6097 3025//6097 3030//6097
f 2965//6098 2971//6098 2966//6098
f 2961//6099 2963//6099 2969//6099
f 2967//6100 2946//6100 2945//6100
o geometry_9.026
v -0.022150 0.001966 0.014019
v -0.018283 0.005488 0.010266
v -0.021722 0.001468 0.014621
v -0.018336 0.005265 0.010055
v -0.019016 0.004749 0.010247
v -0.019750 0.004041 0.010275
v -0.022511 0.001897 0.015548
v -0.022045 0.001478 0.012977
v -0.021945 0.001558 0.012828
v -0.021660 0.001905 0.011487
v -0.022562 0.001736 0.009899
v -0.022570 0.002781 0.009153
v -0.008749 0.003402 0.009573
v -0.008589 0.003121 0.013645
v -0.008847 0.005439 0.013638
v -0.009086 0.006023 0.013447
v -0.009757 0.006789 0.013506
v -0.009882 0.008289 0.014005
v -0.010137 0.007042 0.014659
v -0.011205 0.007688 0.013652
v -0.011804 0.007796 0.013700
v -0.012426 0.007798 0.013755
v -0.013187 0.007717 0.013795
v -0.013722 0.007564 0.013831
v -0.014301 0.007362 0.013853
v -0.015281 0.006834 0.013899
v -0.015532 0.006706 0.013895
v -0.015980 0.006457 0.013893
v -0.016331 0.006087 0.013983
v -0.016893 0.005725 0.013964
v -0.017267 0.005294 0.014111
v -0.017681 0.004960 0.014144
v -0.018559 0.004207 0.014297
v -0.019347 0.003549 0.014535
v -0.019647 0.003360 0.014754
v -0.020275 0.002838 0.014799
v -0.021189 0.002009 0.014793
v -0.016853 0.006740 0.010205
v -0.017525 0.006169 0.010243
v -0.016758 0.006920 0.010305
v -0.016132 0.007324 0.010180
v -0.016872 0.008378 0.010139
v -0.015022 0.008225 0.010212
v -0.016526 0.007371 0.008948
v -0.014241 0.008846 0.010253
v -0.015954 0.006880 0.010774
v -0.013321 0.009478 0.010238
v -0.012672 0.009894 0.010235
v -0.012522 0.009959 0.010202
v -0.012902 0.011028 0.010166
v -0.011454 0.010524 0.010061
v -0.012147 0.010602 0.008805
v -0.011724 0.009838 0.010026
v -0.011333 0.011072 0.008750
v -0.011531 0.011745 0.010114
v -0.011121 0.009914 0.010099
v -0.013045 0.008018 0.012865
v -0.010286 0.010022 0.009900
v -0.011182 0.009523 0.010737
v -0.012367 0.007717 0.013606
v -0.011223 0.008798 0.011836
v -0.011220 0.008222 0.012690
v -0.010663 0.008273 0.012489
v -0.009179 0.008626 0.011089
v -0.010236 0.008675 0.011693
v -0.010025 0.009622 0.010314
v -0.009477 0.010010 0.009477
v -0.008352 0.011045 0.008964
v -0.009144 0.011065 0.009007
v -0.008846 0.010463 0.008832
v -0.009251 0.009348 0.010487
v -0.008955 0.010473 0.009804
v -0.010070 0.010861 0.008810
v -0.010372 0.011347 0.010063
v -0.010335 0.011482 0.010004
v -0.009245 0.008811 0.011104
v -0.009271 0.008190 0.011768
v -0.008981 0.010683 0.009532
v -0.008577 0.010559 0.010310
v -0.017618 0.005933 0.010026
v -0.022469 0.001180 0.009658
v -0.022032 0.001843 0.010400
v -0.021265 0.002299 0.010237
v -0.021206 0.002549 0.010331
v -0.020415 0.003270 0.010242
vn -0.7916 0.5091 -0.3380
vn -0.0476 0.7525 0.6569
vn 0.5949 -0.3581 -0.7196
vn -0.5801 0.8067 0.1131
vn -0.6945 0.7179 -0.0475
vn 0.7728 -0.6155 0.1544
vn 0.9454 -0.2478 0.2119
vn 0.8317 -0.4656 0.3025
vn 0.9793 -0.0669 0.1912
vn -0.1075 0.9932 -0.0449
vn 0.9935 -0.0616 -0.0959
vn 0.0494 -0.9844 -0.1690
vn 0.0827 -0.9940 -0.0717
vn 0.0271 0.0057 0.9996
vn -0.0492 0.2933 0.9547
vn 0.0533 -0.0306 0.9981
vn 0.1558 -0.3002 0.9411
vn 0.2511 -0.4892 -0.8352
vn -0.3020 0.6241 0.7206
vn 0.0678 -0.0657 0.9955
vn 0.0887 -0.1031 0.9907
vn 0.0576 -0.0510 0.9970
vn 0.0996 -0.1167 0.9882
vn 0.0532 -0.0465 0.9975
vn 0.1365 -0.1684 0.9762
vn -0.1005 0.1662 0.9810
vn -0.0811 0.1392 0.9869
vn 0.3803 -0.5436 -0.7482
vn -0.3530 0.5054 0.7874
vn 0.4214 -0.5996 -0.6804
vn 0.3989 -0.5655 -0.7219
vn 0.4534 -0.6515 -0.6083
vn 0.5036 -0.7553 -0.4194
vn 0.4994 -0.8641 -0.0628
vn 0.5279 -0.6805 -0.5081
vn 0.5276 -0.5762 -0.6242
vn -0.6675 0.7339 0.1260
vn -0.7176 0.6954 0.0389
vn -0.6267 0.7515 0.2061
vn -0.4077 0.4268 -0.8072
vn 0.5554 -0.6069 0.5685
vn -0.8311 0.5298 -0.1692
vn -0.4840 0.5344 -0.6929
vn -0.4548 0.8157 0.3575
vn -0.6155 0.7600 0.2086
vn 0.0045 0.0415 0.9991
vn -0.5268 -0.3989 -0.7506
vn 0.0343 -0.0603 -0.9976
vn -0.0885 -0.7732 0.6280
vn 0.9099 -0.1462 0.3881
vn -0.1784 0.8518 0.4925
vn -0.6116 0.7621 0.2124
vn 0.5698 -0.6875 -0.4502
vn -0.5151 0.6085 0.6036
vn 0.8273 -0.4148 0.3789
vn -0.6085 0.7807 0.1423
vn -0.6363 0.7637 0.1089
vn -0.7558 0.6547 -0.0144
vn -0.0795 0.0921 -0.9926
vn -0.5400 0.7933 0.2812
vn -0.5997 0.7652 0.2340
vn -0.7513 0.6597 0.0179
vn -0.0062 0.0009 -1.0000
vn -0.5152 0.8060 0.2913
vn -0.5246 0.7969 0.2997
vn -0.7172 0.6949 0.0525
vn -0.3793 0.4775 -0.7925
vn -0.2306 0.8045 0.5473
vn -0.0119 0.0295 0.9995
vn -0.5879 -0.2352 -0.7740
vn -0.0589 0.0392 -0.9975
vn -0.3191 -0.9404 0.1173
vn -0.4066 0.7260 0.5547
vn 0.8591 -0.0880 0.5041
vn -0.0174 0.8447 0.5350
vn -0.8264 0.3019 0.4753
vn -0.4312 0.8316 0.3500
vn -0.4281 0.8322 0.3523
vn -0.1720 0.7338 0.6572
vn 0.9750 -0.1079 0.1945
vn 0.0134 0.0448 -0.9989
vn -0.1666 0.8634 0.4761
vn -0.0242 0.8466 0.5316
vn -0.5458 0.8181 0.1812
vn -0.2484 0.9322 0.2633
vn -0.3161 0.9246 0.2124
vn 0.0150 0.8521 0.5232
vn 0.0557 0.7618 0.6454
vn -0.0465 0.8539 0.5184
vn 0.1291 0.8191 0.5590
vn -0.1175 0.8545 -0.5060
vn -0.9281 0.0187 -0.3718
vn 0.0525 0.8325 0.5516
vn 0.1930 0.8155 0.5457
vn 0.0727 0.8268 0.5578
vn 0.1989 0.8126 0.5479
vn 0.1300 0.8127 0.5679
vn 0.0686 0.9044 0.4212
vn 0.0404 0.9120 0.4081
vn 0.2112 0.8712 0.4432
vn 0.3586 0.7416 0.5669
vn 0.3531 0.7452 0.5657
vn 0.0795 0.8751 0.4773
vn 0.1914 0.8381 0.5108
vn 0.2899 0.7729 0.5644
vn 0.3339 0.7525 0.5677
vn 0.3025 0.7735 0.5570
vn 0.7140 -0.6592 0.2359
vn 0.0585 0.3909 0.9186
vn 0.7275 -0.4576 -0.5113
vn -0.0320 0.8325 0.5531
vn -0.9303 0.1749 0.3224
vn -0.6246 0.1633 0.7637
vn 0.3325 0.7143 0.6158
vn 0.3597 0.7396 0.5688
vn -0.4846 -0.8487 0.2119
vn 0.9746 0.0365 0.2210
vn -0.1098 0.1141 -0.9874
vn 0.3117 -0.4498 -0.8370
vn -0.8546 0.0079 -0.5192
vn -0.0788 0.0610 -0.9950
vn -0.1580 -0.8945 0.4183
vn -0.7689 -0.0711 0.6354
vn -0.3499 0.7110 0.6099
vn 0.9738 0.1764 0.1437
vn 0.8596 0.3008 0.4130
vn -0.9157 -0.3076 -0.2587
vn 0.9466 0.2160 0.2395
vn 0.9426 0.2244 0.2472
vn -0.9757 0.0967 -0.1967
vn -0.8851 -0.2881 -0.3654
vn 0.9919 0.1100 -0.0634
vn 0.7169 0.4643 0.5201
vn 0.6315 0.5079 0.5859
vn 0.9647 -0.0074 0.2634
vn -0.6470 0.4020 0.6479
vn 0.3449 -0.7051 -0.6196
vn -0.0505 -0.8153 -0.5769
vn 0.4340 -0.8274 -0.3565
vn 0.2712 -0.9189 -0.2865
vn -0.0495 0.1035 -0.9934
vn 0.9990 -0.0198 -0.0405
vn -0.9772 -0.0855 -0.1944
vn 0.0596 -0.0402 0.9974
vn -0.8207 0.5267 -0.2212
vn 0.6028 -0.6556 0.4548
vn -0.3813 0.8097 0.4462
vn 0.0119 0.3638 -0.9314
vn 0.9848 0.1055 0.1381
vn -0.3904 0.2546 0.8848
vn -0.6843 0.6957 -0.2185
vn 0.5839 0.4036 -0.7044
vn 0.4063 -0.3874 0.8275
vn -0.4894 0.8641 0.1179
vn -0.2124 0.9770 0.0165
vn -0.4249 0.4046 -0.8098
vn -0.9337 0.2960 -0.2014
vn 0.5827 -0.5667 0.5825
vn -0.6645 0.7409 0.0975
vn -0.8559 0.5148 -0.0489
vn -0.3035 0.3016 -0.9038
vn -0.7561 0.6541 -0.0217
vn -0.6674 -0.3750 -0.6433
vn -0.8336 0.5009 -0.2329
vn 0.6356 -0.6414 0.4297
vn 0.6090 -0.6168 0.4987
s 0
f 3101//6101 3102//6101 3104//6101
f 3101//6102 3103//6102 3102//6102
f 3101//6103 3137//6103 3103//6103
f 3101//6104 3104//6104 3105//6104
f 3101//6105 3105//6105 3106//6105
f 3101//6106 3106//6106 3107//6106
f 3101//6107 3107//6107 3108//6107
f 3101//6108 3108//6108 3109//6108
f 3101//6109 3109//6109 3110//6109
f 3101//6110 3110//6110 3111//6110
f 3101//6111 3111//6111 3112//6111
f 3101//6112 3112//6112 3113//6112
f 3101//6113 3113//6113 3114//6113
f 3101//6114 3114//6114 3115//6114
f 3101//6115 3115//6115 3116//6115
f 3101//6116 3116//6116 3117//6116
f 3101//6117 3117//6117 3118//6117
f 3101//6118 3118//6118 3119//6118
f 3101//6119 3119//6119 3120//6119
f 3101//6120 3120//6120 3121//6120
f 3101//6121 3121//6121 3122//6121
f 3101//6122 3122//6122 3123//6122
f 3101//6123 3123//6123 3124//6123
f 3101//6124 3124//6124 3125//6124
f 3101//6125 3125//6125 3126//6125
f 3101//6126 3126//6126 3127//6126
f 3101//6127 3127//6127 3128//6127
f 3101//6128 3128//6128 3129//6128
f 3101//6129 3129//6129 3130//6129
f 3101//6130 3130//6130 3131//6130
f 3101//6131 3131//6131 3132//6131
f 3101//6132 3132//6132 3133//6132
f 3101//6133 3133//6133 3134//6133
f 3101//6134 3134//6134 3135//6134
f 3101//6135 3135//6135 3136//6135
f 3101//6136 3136//6136 3137//6136
f 3137//6137 3136//6137 3138//6137
f 3103//6138 3137//6138 3138//6138
f 3103//6139 3138//6139 3139//6139
f 3102//6140 3139//6140 3138//6140
f 3102//6141 3138//6141 3140//6141
f 3138//6142 3136//6142 3140//6142
f 3102//6143 3140//6143 3141//6143
f 3140//6144 3135//6144 3141//6144
f 3136//6145 3135//6145 3140//6145
f 3102//6146 3141//6146 3142//6146
f 3135//6147 3142//6147 3141//6147
f 3102//6148 3142//6148 3143//6148
f 3144//6149 3143//6149 3142//6149
f 3135//6150 3144//6150 3142//6150
f 3135//6151 3134//6151 3144//6151
f 3134//6152 3143//6152 3144//6152
f 3102//6153 3143//6153 3145//6153
f 3146//6154 3145//6154 3143//6154
f 3134//6155 3146//6155 3143//6155
f 3134//6156 3133//6156 3146//6156
f 3133//6157 3132//6157 3146//6157
f 3146//6158 3132//6158 3145//6158
f 3102//6159 3145//6159 3147//6159
f 3145//6160 3130//6160 3147//6160
f 3132//6161 3131//6161 3145//6161
f 3145//6162 3131//6162 3130//6162
f 3102//6163 3147//6163 3148//6163
f 3147//6164 3128//6164 3148//6164
f 3130//6165 3129//6165 3147//6165
f 3147//6166 3129//6166 3128//6166
f 3102//6167 3148//6167 3149//6167
f 3148//6168 3128//6168 3149//6168
f 3102//6169 3149//6169 3150//6169
f 3128//6170 3150//6170 3149//6170
f 3102//6171 3150//6171 3151//6171
f 3151//6172 3150//6172 3152//6172
f 3128//6173 3127//6173 3150//6173
f 3152//6174 3150//6174 3127//6174
f 3153//6175 3152//6175 3125//6175
f 3153//6176 3151//6176 3152//6176
f 3152//6177 3126//6177 3125//6177
f 3152//6178 3127//6178 3126//6178
f 3154//6179 3153//6179 3156//6179
f 3154//6180 3155//6180 3153//6180
f 3155//6181 3151//6181 3153//6181
f 3156//6182 3153//6182 3157//6182
f 3153//6183 3125//6183 3157//6183
f 3156//6184 3157//6184 3123//6184
f 3157//6185 3124//6185 3123//6185
f 3157//6186 3125//6186 3124//6186
f 3158//6187 3156//6187 3159//6187
f 3158//6188 3154//6188 3156//6188
f 3156//6189 3160//6189 3159//6189
f 3156//6190 3123//6190 3160//6190
f 3123//6191 3122//6191 3160//6191
f 3159//6192 3160//6192 3122//6192
f 3158//6193 3159//6193 3161//6193
f 3159//6194 3122//6194 3161//6194
f 3158//6195 3161//6195 3162//6195
f 3161//6196 3122//6196 3162//6196
f 3158//6197 3162//6197 3163//6197
f 3163//6198 3162//6198 3121//6198
f 3162//6199 3122//6199 3121//6199
f 3164//6200 3163//6200 3119//6200
f 3164//6201 3165//6201 3163//6201
f 3166//6202 3163//6202 3165//6202
f 3119//6203 3163//6203 3120//6203
f 3163//6204 3121//6204 3120//6204
f 3158//6205 3163//6205 3166//6205
f 3167//6206 3166//6206 3165//6206
f 3167//6207 3158//6207 3166//6207
f 3168//6208 3167//6208 3170//6208
f 3168//6209 3169//6209 3167//6209
f 3169//6210 3172//6210 3167//6210
f 3170//6211 3167//6211 3171//6211
f 3167//6212 3164//6212 3171//6212
f 3167//6213 3172//6213 3173//6213
f 3167//6214 3173//6214 3158//6214
f 3167//6215 3165//6215 3164//6215
f 3172//6216 3174//6216 3173//6216
f 3173//6217 3174//6217 3158//6217
f 3102//6218 3174//6218 3172//6218
f 3102//6219 3175//6219 3174//6219
f 3158//6220 3174//6220 3175//6220
f 3102//6221 3155//6221 3175//6221
f 3175//6222 3155//6222 3154//6222
f 3158//6223 3175//6223 3154//6223
f 3102//6224 3172//6224 3169//6224
f 3114//6225 3171//6225 3176//6225
f 3114//6226 3170//6226 3171//6226
f 3176//6227 3171//6227 3164//6227
f 3114//6228 3176//6228 3177//6228
f 3177//6229 3176//6229 3118//6229
f 3176//6230 3119//6230 3118//6230
f 3176//6231 3164//6231 3119//6231
f 3114//6232 3177//6232 3115//6232
f 3115//6233 3177//6233 3116//6233
f 3177//6234 3117//6234 3116//6234
f 3177//6235 3118//6235 3117//6235
f 3114//6236 3168//6236 3170//6236
f 3102//6237 3169//6237 3178//6237
f 3168//6238 3178//6238 3169//6238
f 3102//6239 3178//6239 3179//6239
f 3179//6240 3178//6240 3168//6240
f 3102//6241 3179//6241 3113//6241
f 3114//6242 3113//6242 3179//6242
f 3114//6243 3179//6243 3168//6243
f 3102//6244 3151//6244 3155//6244
f 3103//6245 3139//6245 3180//6245
f 3102//6246 3180//6246 3139//6246
f 3103//6247 3180//6247 3102//6247
f 3102//6248 3113//6248 3112//6248
f 3112//6249 3111//6249 3181//6249
f 3102//6250 3112//6250 3181//6250
f 3102//6251 3181//6251 3182//6251
f 3111//6252 3182//6252 3181//6252
f 3102//6253 3182//6253 3183//6253
f 3183//6254 3182//6254 3110//6254
f 3110//6255 3182//6255 3111//6255
f 3102//6256 3183//6256 3184//6256
f 3184//6257 3183//6257 3110//6257
f 3102//6258 3184//6258 3185//6258
f 3185//6259 3184//6259 3109//6259
f 3184//6260 3110//6260 3109//6260
f 3102//6261 3185//6261 3106//6261
f 3106//6262 3185//6262 3108//6262
f 3185//6263 3109//6263 3108//6263
f 3106//6264 3108//6264 3107//6264
f 3102//6265 3106//6265 3105//6265
f 3102//6266 3105//6266 3104//6266
o geometry_9.027
v -0.004126 0.002729 0.014660
v -0.010396 0.007672 0.013845
v -0.010037 0.007766 0.015731
v -0.016248 0.001304 0.026186
v -0.015187 0.000313 0.026977
v -0.015066 0.001852 0.027412
v -0.026929 0.001243 0.027340
v -0.025612 0.000277 0.027830
v -0.022088 0.001957 0.015864
v -0.021787 0.001523 0.015891
v -0.020363 0.002894 0.016015
v -0.019739 0.003425 0.016021
v -0.019460 0.003649 0.016021
v -0.018643 0.004282 0.016026
v -0.017723 0.004974 0.016029
v -0.016837 0.005609 0.016023
v -0.016276 0.005976 0.016015
v -0.015861 0.006226 0.015989
v -0.015408 0.006458 0.015960
v -0.015163 0.006579 0.015947
v -0.014181 0.006986 0.015861
v -0.013608 0.007143 0.015810
v -0.013101 0.007232 0.015755
v -0.012406 0.007261 0.015680
v -0.011840 0.007201 0.015618
v -0.011563 0.007197 0.015545
v -0.016833 0.001752 0.026195
v -0.017732 0.001874 0.026540
v -0.017925 0.002119 0.026290
v -0.018624 0.002437 0.026812
v -0.017980 0.002204 0.025603
v -0.019497 0.002106 0.026491
v -0.019446 0.001966 0.027877
v -0.020647 0.001862 0.026468
v -0.023421 0.000840 0.026972
v -0.023776 0.000915 0.026569
v -0.024724 0.000378 0.026789
v -0.024977 0.000250 0.027585
vn 0.4619 0.6797 0.5698
vn -0.6240 -0.7655 0.1572
vn 0.0287 0.2401 -0.9703
vn 0.3720 0.7891 0.4888
vn -0.7457 0.2346 -0.6236
vn 0.0514 -0.9984 -0.0245
vn 0.2989 0.7236 0.6222
vn 0.0339 -0.9910 -0.1292
vn 0.0620 0.1060 0.9924
vn -0.0802 0.1721 -0.9818
vn -0.0817 0.1061 -0.9910
vn -0.0818 0.1045 -0.9912
vn -0.0812 0.1118 -0.9904
vn -0.0811 0.1126 -0.9903
vn -0.0824 0.1057 -0.9910
vn -0.0825 0.1049 -0.9910
vn -0.0960 0.0559 -0.9938
vn -0.0946 0.0603 -0.9937
vn -0.0900 0.0741 -0.9932
vn -0.1029 0.0374 -0.9940
vn -0.1002 0.0437 -0.9940
vn -0.1116 0.0193 -0.9936
vn -0.1076 0.0273 -0.9938
vn -0.1050 0.0320 -0.9940
vn -0.2525 -0.2343 -0.9388
vn 0.1453 0.8561 0.4959
vn 0.3518 -0.9359 -0.0201
vn 0.6292 0.5204 0.5774
vn 0.3163 0.7721 0.5512
vn -0.4120 -0.7889 -0.4559
vn 0.3713 0.4678 0.8020
vn 0.2955 0.7861 0.5429
vn 0.4390 0.8975 0.0415
vn 0.4574 0.8863 0.0729
vn -0.4707 0.8701 0.1460
vn 0.8695 -0.1035 0.4830
vn -0.0707 -0.5920 0.8028
vn 0.3872 -0.9158 -0.1066
vn 0.1426 0.8767 0.4595
vn -0.0408 0.9249 0.3780
vn 0.0048 0.9163 0.4005
vn -0.5088 0.8545 0.1049
vn 0.0318 -0.2404 0.9702
vn -0.2019 0.9251 0.3215
vn 0.0914 0.2297 0.9690
vn -0.2913 0.9197 0.2632
vn -0.1210 0.9190 0.3753
vn 0.0393 -0.9753 -0.2173
vn -0.1970 0.9177 0.3450
vn 0.0308 0.3318 0.9428
vn -0.4804 0.8746 0.0654
vn -0.2225 0.9201 0.3223
vn -0.0988 0.9870 0.1266
vn 0.5888 -0.8062 0.0581
vn -0.3594 0.9106 0.2039
vn -0.0956 -0.4116 -0.9063
vn -0.2801 -0.7101 -0.6460
vn 0.2632 0.7575 0.5974
vn -0.4469 0.8882 0.1064
vn -0.4366 0.8920 0.1169
vn 0.5045 0.6462 0.5727
vn -0.5154 0.8569 0.0061
vn -0.5481 0.8359 -0.0299
vn -0.5815 0.8109 -0.0661
vn -0.5987 0.7966 -0.0832
vn -0.6098 0.7871 -0.0930
vn -0.6232 0.7752 -0.1034
vn -0.6423 0.7573 -0.1177
vn -0.6801 0.7190 -0.1429
vn 0.7731 0.5557 0.3057
vn -0.0454 0.9276 -0.3709
vn 0.6772 0.1504 -0.7203
s 0
f 3186//6267 3187//6267 3189//6267
f 3186//6268 3188//6268 3187//6268
f 3186//6269 3211//6269 3188//6269
f 3186//6270 3189//6270 3190//6270
f 3186//6271 3190//6271 3191//6271
f 3186//6272 3191//6272 3192//6272
f 3186//6273 3192//6273 3193//6273
f 3186//6274 3193//6274 3194//6274
f 3186//6275 3194//6275 3195//6275
f 3186//6276 3195//6276 3196//6276
f 3186//6277 3196//6277 3197//6277
f 3186//6278 3197//6278 3198//6278
f 3186//6279 3198//6279 3199//6279
f 3186//6280 3199//6280 3200//6280
f 3186//6281 3200//6281 3201//6281
f 3186//6282 3201//6282 3202//6282
f 3186//6283 3202//6283 3203//6283
f 3186//6284 3203//6284 3204//6284
f 3186//6285 3204//6285 3205//6285
f 3186//6286 3205//6286 3206//6286
f 3186//6287 3206//6287 3207//6287
f 3186//6288 3207//6288 3208//6288
f 3186//6289 3208//6289 3209//6289
f 3186//6290 3209//6290 3210//6290
f 3186//6291 3210//6291 3211//6291
f 3211//6292 3210//6292 3213//6292
f 3188//6293 3211//6293 3187//6293
f 3187//6294 3211//6294 3212//6294
f 3211//6295 3213//6295 3212//6295
f 3189//6296 3213//6296 3214//6296
f 3189//6297 3212//6297 3213//6297
f 3210//6298 3214//6298 3213//6298
f 3189//6299 3214//6299 3215//6299
f 3215//6300 3214//6300 3216//6300
f 3210//6301 3216//6301 3214//6301
f 3210//6302 3215//6302 3216//6302
f 3189//6303 3215//6303 3217//6303
f 3215//6304 3218//6304 3217//6304
f 3210//6305 3209//6305 3215//6305
f 3209//6306 3218//6306 3215//6306
f 3209//6307 3208//6307 3218//6307
f 3208//6308 3217//6308 3218//6308
f 3189//6309 3217//6309 3219//6309
f 3208//6310 3219//6310 3217//6310
f 3189//6311 3219//6311 3220//6311
f 3207//6312 3220//6312 3219//6312
f 3208//6313 3207//6313 3219//6313
f 3189//6314 3220//6314 3221//6314
f 3221//6315 3220//6315 3207//6315
f 3189//6316 3221//6316 3222//6316
f 3222//6317 3221//6317 3206//6317
f 3221//6318 3207//6318 3206//6318
f 3189//6319 3222//6319 3223//6319
f 3223//6320 3222//6320 3205//6320
f 3222//6321 3206//6321 3205//6321
f 3189//6322 3223//6322 3192//6322
f 3192//6323 3223//6323 3193//6323
f 3193//6324 3223//6324 3203//6324
f 3223//6325 3204//6325 3203//6325
f 3223//6326 3205//6326 3204//6326
f 3187//6327 3212//6327 3189//6327
f 3193//6328 3203//6328 3202//6328
f 3193//6329 3202//6329 3201//6329
f 3193//6330 3201//6330 3200//6330
f 3193//6331 3200//6331 3199//6331
f 3193//6332 3199//6332 3198//6332
f 3193//6333 3198//6333 3197//6333
f 3193//6334 3197//6334 3196//6334
f 3193//6335 3196//6335 3195//6335
f 3194//6336 3193//6336 3195//6336
f 3189//6337 3192//6337 3191//6337
f 3189//6338 3191//6338 3190//6338
o geometry_9.028
v 0.016124 0.010864 -0.013495
v 0.009431 0.010169 -0.007018
v 0.009188 0.010587 -0.013226
v 0.013452 0.010196 -0.007340
v 0.015989 0.010601 -0.011153
v 0.015788 0.010215 -0.010628
v 0.015813 0.009817 -0.010337
v 0.015884 0.008731 -0.009581
v 0.015900 0.008493 -0.009422
v 0.015957 0.007592 -0.008873
v 0.016007 0.006810 -0.008421
v 0.016097 0.005422 -0.007677
v 0.016469 0.005274 -0.007949
v 0.016394 0.004995 -0.007817
v 0.016940 -0.008575 -0.008537
v 0.017281 -0.009952 -0.007939
v 0.016868 -0.009207 -0.008807
v 0.016862 -0.009615 -0.008968
v 0.016860 -0.010600 -0.009403
v 0.017215 -0.010801 -0.008811
v 0.017193 -0.011883 -0.008749
v 0.016833 -0.012423 -0.010412
v 0.016853 -0.013207 -0.010946
v 0.016836 -0.013889 -0.011604
v 0.016855 -0.014540 -0.012322
v 0.016843 -0.014932 -0.012914
v 0.016884 -0.015511 -0.013990
v 0.016880 -0.015546 -0.014049
v 0.016873 -0.015664 -0.014613
v 0.016896 -0.015744 -0.015439
v 0.017407 -0.016464 -0.016654
v 0.018049 -0.016882 -0.015732
v 0.017498 -0.016967 -0.015307
v 0.017157 -0.017116 -0.015473
v 0.009356 -0.018339 -0.015455
v 0.009898 -0.017584 -0.016320
v 0.010351 -0.017366 -0.014123
v 0.010389 -0.017364 -0.012793
v 0.017402 -0.015734 -0.016520
v 0.010380 -0.017237 -0.011534
v 0.010207 -0.016889 -0.009191
v 0.009584 -0.016630 -0.008600
v 0.009442 -0.017780 -0.008707
v 0.012373 -0.014337 -0.009312
v 0.014210 -0.012736 -0.009267
v 0.016325 -0.011685 -0.009818
v 0.018131 -0.011098 -0.009911
v 0.016898 -0.010728 -0.009660
v 0.016004 -0.011069 -0.009235
v 0.015672 -0.011422 -0.009247
v 0.017230 -0.010542 -0.008704
v 0.017918 -0.009704 -0.008469
vn 0.0022 0.9940 0.1089
vn -0.0372 0.9970 0.0685
vn -0.0417 0.0765 -0.9962
vn 0.0103 0.9936 0.1124
vn 0.8856 -0.4645 -0.0011
vn 0.9730 0.1725 0.1532
vn 0.9734 0.1708 0.1527
vn 0.9759 0.1609 0.1475
vn 0.9793 0.1469 0.1395
vn 0.9807 0.1412 0.1355
vn 0.9827 0.1328 0.1288
vn 0.6199 0.5716 0.5376
vn 0.7618 -0.4321 -0.4827
vn 0.9992 0.0405 -0.0056
vn -0.6476 0.1627 0.7444
vn 0.8711 -0.0809 -0.4843
vn 0.9966 0.0181 -0.0803
vn 0.9980 0.0231 -0.0583
vn -0.8441 0.0724 0.5313
vn 0.9128 -0.0419 -0.4062
vn 0.9773 0.0017 -0.2119
vn 0.9995 0.0295 -0.0073
vn 0.9984 0.0248 -0.0507
vn 0.9996 0.0288 0.0009
vn 0.9989 0.0270 -0.0382
vn 0.9993 0.0284 0.0226
vn 0.9954 0.0304 -0.0903
vn 0.9994 0.0290 -0.0182
vn 0.9993 0.0271 0.0257
vn 0.9215 -0.0016 0.3883
vn -0.8375 -0.1014 0.5369
vn -0.6122 0.0212 -0.7904
vn 0.4081 0.0793 -0.9095
vn -0.0133 0.0700 -0.9975
vn -0.1215 0.7840 0.6088
vn 0.8600 -0.0342 0.5091
vn -0.9774 -0.0473 0.2059
vn 0.0538 -0.9947 0.0873
vn -0.9987 -0.0425 0.0291
vn 0.2239 -0.9746 -0.0048
vn 0.1374 0.5826 0.8011
vn 0.9980 0.0183 -0.0601
vn -0.9038 0.0710 -0.4220
vn 0.2942 -0.9470 0.1288
vn -0.5482 0.5647 0.6169
vn 0.2745 -0.9566 0.0982
vn -0.9967 -0.0467 -0.0664
vn -0.9991 -0.0430 -0.0031
vn 0.3067 -0.9379 0.1619
vn 0.2794 -0.9548 0.1011
vn 0.3155 -0.9297 0.1902
vn -0.7091 -0.1281 -0.6933
vn -0.6461 0.1493 -0.7485
vn 0.7629 -0.6463 0.0177
vn 0.4659 -0.7758 0.4254
vn 0.4696 -0.7699 0.4322
vn 0.4838 -0.7343 0.4762
vn 0.5014 -0.6340 0.5888
vn 0.4998 -0.6079 0.6170
vn 0.3918 -0.2908 0.8729
vn 0.0517 -0.0869 0.9949
vn 0.2667 -0.0580 0.9620
vn 0.4524 -0.5387 0.7107
vn 0.4040 -0.4503 0.7963
vn 0.1511 -0.5544 0.8184
vn 0.2117 -0.5199 0.8275
vn 0.4434 -0.5050 0.7405
vn 0.1261 -0.2348 0.9638
vn 0.5156 -0.4314 0.7403
vn 0.4681 -0.4660 0.7508
vn 0.0553 -0.0867 0.9947
vn 0.0623 -0.0847 0.9945
vn -0.3181 -0.1953 0.9277
vn 0.3757 -0.9254 0.0502
vn -0.0156 -0.0869 0.9961
vn -0.9693 -0.1586 0.1878
vn 0.9403 0.2359 -0.2454
vn -0.3108 -0.0108 0.9504
vn 0.7844 -0.6007 -0.1547
vn 0.4262 0.3275 -0.8432
vn -0.2970 0.8346 -0.4640
vn 0.4229 0.3649 -0.8295
vn -0.2829 -0.9589 0.0239
vn -0.7280 -0.6506 0.2161
vn -0.6966 0.7129 -0.0810
vn -0.7711 -0.0209 -0.6364
vn 0.2527 0.0585 -0.9658
vn -0.9992 -0.0080 0.0386
vn 0.1186 0.9328 0.3403
vn 0.0772 -0.0497 0.9958
vn 0.5459 0.2350 0.8042
vn 0.0799 -0.0462 0.9957
vn -0.6383 -0.3036 -0.7074
vn 0.7262 0.3609 0.5852
vn 0.7350 0.3739 0.5656
vn 0.7386 0.3842 0.5539
vn 0.7394 0.4056 0.5374
vn 0.7388 0.4174 0.5290
vn 0.7353 0.4287 0.5248
vn 0.7646 0.3440 0.5451
s 0
f 3224//6339 3225//6339 3227//6339
f 3224//6340 3226//6340 3225//6340
f 3224//6341 3258//6341 3226//6341
f 3224//6342 3227//6342 3228//6342
f 3224//6343 3228//6343 3229//6343
f 3224//6344 3229//6344 3230//6344
f 3224//6345 3230//6345 3231//6345
f 3224//6346 3231//6346 3232//6346
f 3224//6347 3232//6347 3233//6347
f 3224//6348 3233//6348 3234//6348
f 3224//6349 3234//6349 3235//6349
f 3224//6350 3235//6350 3236//6350
f 3224//6351 3236//6351 3237//6351
f 3224//6352 3237//6352 3238//6352
f 3224//6353 3238//6353 3239//6353
f 3224//6354 3239//6354 3240//6354
f 3224//6355 3240//6355 3241//6355
f 3224//6356 3241//6356 3242//6356
f 3224//6357 3242//6357 3243//6357
f 3224//6358 3243//6358 3244//6358
f 3224//6359 3244//6359 3245//6359
f 3224//6360 3245//6360 3246//6360
f 3224//6361 3246//6361 3247//6361
f 3224//6362 3247//6362 3248//6362
f 3224//6363 3248//6363 3249//6363
f 3224//6364 3249//6364 3250//6364
f 3224//6365 3250//6365 3251//6365
f 3224//6366 3251//6366 3252//6366
f 3224//6367 3252//6367 3253//6367
f 3224//6368 3253//6368 3254//6368
f 3224//6369 3254//6369 3255//6369
f 3224//6370 3255//6370 3256//6370
f 3224//6371 3256//6371 3257//6371
f 3224//6372 3257//6372 3258//6372
f 3258//6373 3257//6373 3259//6373
f 3226//6374 3258//6374 3259//6374
f 3226//6375 3259//6375 3260//6375
f 3257//6376 3260//6376 3259//6376
f 3226//6377 3260//6377 3261//6377
f 3262//6378 3261//6378 3260//6378
f 3257//6379 3262//6379 3260//6379
f 3254//6380 3262//6380 3256//6380
f 3254//6381 3253//6381 3262//6381
f 3253//6382 3263//6382 3262//6382
f 3256//6383 3262//6383 3257//6383
f 3262//6384 3263//6384 3261//6384
f 3226//6385 3263//6385 3264//6385
f 3226//6386 3261//6386 3263//6386
f 3264//6387 3263//6387 3251//6387
f 3253//6388 3252//6388 3263//6388
f 3252//6389 3251//6389 3263//6389
f 3226//6390 3264//6390 3265//6390
f 3265//6391 3264//6391 3266//6391
f 3264//6392 3267//6392 3266//6392
f 3264//6393 3251//6393 3250//6393
f 3264//6394 3250//6394 3249//6394
f 3264//6395 3249//6395 3248//6395
f 3264//6396 3248//6396 3247//6396
f 3264//6397 3247//6397 3246//6397
f 3264//6398 3246//6398 3267//6398
f 3225//6399 3267//6399 3268//6399
f 3225//6400 3266//6400 3267//6400
f 3267//6401 3269//6401 3268//6401
f 3246//6402 3269//6402 3267//6402
f 3246//6403 3245//6403 3269//6403
f 3245//6404 3270//6404 3269//6404
f 3269//6405 3273//6405 3268//6405
f 3269//6406 3270//6406 3271//6406
f 3269//6407 3271//6407 3272//6407
f 3269//6408 3272//6408 3273//6408
f 3225//6409 3273//6409 3272//6409
f 3225//6410 3268//6410 3273//6410
f 3225//6411 3272//6411 3274//6411
f 3274//6412 3272//6412 3271//6412
f 3225//6413 3274//6413 3238//6413
f 3238//6414 3274//6414 3239//6414
f 3274//6415 3240//6415 3239//6415
f 3274//6416 3275//6416 3240//6416
f 3274//6417 3271//6417 3275//6417
f 3275//6418 3241//6418 3240//6418
f 3275//6419 3271//6419 3242//6419
f 3275//6420 3242//6420 3241//6420
f 3271//6421 3270//6421 3243//6421
f 3271//6422 3243//6422 3242//6422
f 3245//6423 3244//6423 3270//6423
f 3244//6424 3243//6424 3270//6424
f 3225//6425 3265//6425 3266//6425
f 3226//6426 3265//6426 3225//6426
f 3255//6427 3254//6427 3256//6427
f 3225//6428 3238//6428 3237//6428
f 3227//6429 3237//6429 3236//6429
f 3225//6430 3237//6430 3227//6430
f 3227//6431 3236//6431 3235//6431
f 3227//6432 3235//6432 3234//6432
f 3227//6433 3234//6433 3233//6433
f 3227//6434 3233//6434 3232//6434
f 3227//6435 3232//6435 3231//6435
f 3227//6436 3231//6436 3230//6436
f 3227//6437 3230//6437 3229//6437
f 3228//6438 3227//6438 3229//6438
o geometry_9.029
v 0.004167 0.015456 -0.015978
v 0.004975 0.015668 -0.015169
v 0.005622 0.015784 -0.015978
v 0.003220 0.015527 -0.013847
v 0.001703 0.015150 -0.014264
v 0.004349 0.015554 -0.014330
v 0.005221 -0.007826 -0.015949
v 0.005155 -0.007712 -0.017660
v 0.004162 0.015683 -0.016882
v 0.005591 0.015680 -0.016433
v -0.004433 0.013170 -0.015791
v -0.005696 0.012674 -0.015857
v -0.006164 0.013321 -0.015858
v -0.005405 0.012008 -0.014813
v -0.005566 0.012516 -0.016393
v -0.005987 0.011968 -0.015681
v -0.006544 0.012686 -0.017157
v -0.007249 0.013229 -0.015905
v -0.006400 0.011651 -0.016418
v -0.006750 0.011530 -0.015998
v -0.007280 0.010430 -0.015849
v -0.008103 0.007398 -0.014643
v -0.006273 0.011200 -0.014461
v -0.009340 0.004206 -0.014768
v -0.006063 0.011325 -0.014842
v -0.010388 0.001026 -0.014793
v -0.010689 -0.000329 -0.014784
v -0.008132 0.008007 -0.015850
v -0.008350 0.007400 -0.015843
v -0.008566 0.006600 -0.015831
v -0.010968 -0.001772 -0.014813
v -0.011363 -0.005506 -0.015015
v -0.009904 -0.001517 -0.016256
v -0.010010 -0.002958 -0.016318
v -0.011423 -0.006165 -0.015034
v -0.011452 -0.007676 -0.015116
v -0.011667 -0.008588 -0.015057
v -0.010036 -0.003776 -0.016362
v -0.010036 -0.005667 -0.016479
v -0.010014 -0.005944 -0.016509
v -0.010110 -0.008300 -0.016914
v -0.006238 0.011231 -0.014453
v -0.005802 0.011796 -0.014467
v -0.005788 0.011782 -0.014972
v -0.005231 0.012271 -0.014419
vn 0.1560 -0.9825 0.1021
vn 0.2198 -0.9749 0.0364
vn -0.1072 0.4751 0.8734
vn 0.2073 -0.9703 0.1245
vn -0.1520 0.9875 -0.0420
vn 0.9927 0.0448 -0.1122
vn 0.9984 0.0451 -0.0353
vn 0.9991 0.0422 0.0052
vn 0.0745 -0.9670 -0.2436
vn -0.2491 0.9100 -0.3314
vn -0.1702 0.8196 0.5470
vn -0.2522 0.9656 -0.0636
vn -0.2375 0.9475 -0.2140
vn -0.3023 0.8319 -0.4654
vn -0.3614 0.8776 0.3149
vn 0.3249 -0.3212 -0.8895
vn 0.0844 0.0620 0.9945
vn -0.8102 -0.5856 -0.0251
vn -0.3684 0.7338 0.5708
vn -0.8700 -0.4883 -0.0682
vn -0.5085 -0.7058 0.4933
vn -0.5164 0.7983 0.3099
vn -0.2442 0.8325 0.4973
vn 0.0586 -0.9037 0.4242
vn 0.8868 0.2389 0.3957
vn -0.8891 0.1777 0.4219
vn 0.5725 0.5274 0.6278
vn -0.0913 0.0282 -0.9954
vn -0.0355 -0.1178 -0.9924
vn -0.7070 0.4185 0.5701
vn 0.7744 -0.0466 0.6309
vn 0.0008 -0.0396 0.9992
vn 0.0090 -0.0520 0.9986
vn -0.8452 0.4223 -0.3276
vn -0.9079 0.3424 0.2418
vn -0.8474 0.4541 0.2752
vn -0.5898 -0.6139 -0.5246
vn -0.8444 0.4594 0.2756
vn -0.0352 0.0038 0.9994
vn -0.9497 0.3131 -0.0064
vn -0.0489 0.0178 0.9986
vn -0.8353 0.1816 -0.5189
vn -0.9291 0.3265 0.1734
vn -0.9126 0.3312 0.2396
vn -0.0989 0.0247 -0.9948
vn -0.0887 0.0090 -0.9960
vn -0.9546 0.2552 -0.1535
vn -0.8116 0.1689 -0.5593
vn 0.0335 -0.0574 0.9978
vn -0.0107 -0.0185 0.9998
vn -0.8090 0.1165 -0.5762
vn -0.8075 0.1628 -0.5670
vn -0.1343 0.0739 -0.9882
vn -0.1053 0.0500 -0.9932
vn -0.7677 0.0838 -0.6353
vn -0.7753 0.0889 -0.6253
vn 0.0301 -0.0542 0.9981
vn -0.0046 -0.0291 0.9996
vn -0.7325 0.0509 -0.6789
vn -0.2130 0.1120 0.9706
vn -0.8796 0.1786 -0.4409
vn -0.7463 0.0592 -0.6629
vn -0.1153 0.0577 -0.9917
vn -0.1203 0.0613 -0.9908
vn -0.7005 0.0442 -0.7123
vn -0.1667 0.0924 -0.9817
vn -0.6821 0.0250 -0.7308
vn -0.2898 0.1737 -0.9412
vn -0.7695 0.1386 -0.6234
vn -0.0500 0.0311 -0.9983
vn 0.0351 -0.9971 -0.0679
vn 0.0383 -0.9919 -0.1214
vn 0.0556 -0.0669 0.9962
vn -0.1071 0.0379 -0.9935
vn 0.1633 -0.4250 0.8903
vn -0.6645 0.6928 0.2801
vn -0.0317 0.0492 0.9983
vn -0.7913 0.6103 -0.0381
vn -0.5345 0.7684 0.3520
vn -0.6376 0.7694 -0.0384
vn -0.7906 0.5000 0.3535
vn 0.0430 -0.1521 0.9874
vn 0.0512 -0.1760 0.9831
vn -0.3411 0.8439 -0.4140
vn 0.7883 0.2912 -0.5421
vn -0.0900 0.7003 0.7082
s 0
f 3276//6439 3277//6439 3279//6439
f 3276//6440 3278//6440 3277//6440
f 3276//6441 3286//6441 3278//6441
f 3276//6442 3279//6442 3280//6442
f 3276//6443 3280//6443 3281//6443
f 3276//6444 3281//6444 3282//6444
f 3276//6445 3282//6445 3283//6445
f 3276//6446 3283//6446 3284//6446
f 3276//6447 3284//6447 3285//6447
f 3276//6448 3285//6448 3286//6448
f 3284//6449 3286//6449 3285//6449
f 3278//6450 3286//6450 3277//6450
f 3286//6451 3279//6451 3277//6451
f 3284//6452 3287//6452 3286//6452
f 3286//6453 3287//6453 3280//6453
f 3286//6454 3280//6454 3279//6454
f 3284//6455 3288//6455 3287//6455
f 3287//6456 3288//6456 3290//6456
f 3280//6457 3287//6457 3289//6457
f 3287//6458 3290//6458 3289//6458
f 3288//6459 3292//6459 3290//6459
f 3289//6460 3290//6460 3291//6460
f 3290//6461 3292//6461 3291//6461
f 3288//6462 3293//6462 3292//6462
f 3293//6463 3295//6463 3292//6463
f 3291//6464 3292//6464 3294//6464
f 3292//6465 3295//6465 3294//6465
f 3284//6466 3295//6466 3293//6466
f 3284//6467 3296//6467 3295//6467
f 3295//6468 3296//6468 3297//6468
f 3294//6469 3295//6469 3297//6469
f 3281//6470 3297//6470 3299//6470
f 3281//6471 3298//6471 3297//6471
f 3300//6472 3297//6472 3298//6472
f 3297//6473 3296//6473 3299//6473
f 3294//6474 3297//6474 3300//6474
f 3291//6475 3300//6475 3298//6475
f 3291//6476 3294//6476 3300//6476
f 3281//6477 3299//6477 3301//6477
f 3296//6478 3301//6478 3299//6478
f 3281//6479 3301//6479 3302//6479
f 3301//6480 3304//6480 3302//6480
f 3296//6481 3303//6481 3301//6481
f 3303//6482 3304//6482 3301//6482
f 3284//6483 3304//6483 3303//6483
f 3284//6484 3305//6484 3304//6484
f 3306//6485 3304//6485 3305//6485
f 3306//6486 3302//6486 3304//6486
f 3281//6487 3306//6487 3307//6487
f 3281//6488 3302//6488 3306//6488
f 3307//6489 3306//6489 3308//6489
f 3308//6490 3306//6490 3305//6490
f 3284//6491 3308//6491 3305//6491
f 3284//6492 3309//6492 3308//6492
f 3310//6493 3308//6493 3309//6493
f 3310//6494 3307//6494 3308//6494
f 3281//6495 3310//6495 3311//6495
f 3281//6496 3307//6496 3310//6496
f 3311//6497 3310//6497 3309//6497
f 3281//6498 3311//6498 3312//6498
f 3312//6499 3311//6499 3313//6499
f 3311//6500 3309//6500 3313//6500
f 3284//6501 3313//6501 3309//6501
f 3284//6502 3314//6502 3313//6502
f 3312//6503 3313//6503 3314//6503
f 3284//6504 3315//6504 3314//6504
f 3312//6505 3314//6505 3315//6505
f 3284//6506 3316//6506 3315//6506
f 3312//6507 3315//6507 3316//6507
f 3284//6508 3283//6508 3316//6508
f 3282//6509 3316//6509 3283//6509
f 3282//6510 3312//6510 3316//6510
f 3281//6511 3312//6511 3282//6511
f 3284//6512 3303//6512 3296//6512
f 3281//6513 3317//6513 3298//6513
f 3291//6514 3298//6514 3317//6514
f 3281//6515 3318//6515 3317//6515
f 3319//6516 3317//6516 3318//6516
f 3291//6517 3317//6517 3319//6517
f 3320//6518 3319//6518 3318//6518
f 3320//6519 3291//6519 3319//6519
f 3281//6520 3320//6520 3318//6520
f 3281//6521 3280//6521 3320//6521
f 3280//6522 3289//6522 3320//6522
f 3289//6523 3291//6523 3320//6523
f 3284//6524 3293//6524 3288//6524
o geometry_9.030
v -0.015062 -0.011276 -0.000851
v -0.014265 -0.010484 -0.001011
v -0.014178 -0.011819 -0.000642
v -0.014709 -0.011012 -0.001175
v -0.022554 -0.007350 0.000870
v -0.023831 -0.007407 0.000795
v -0.021803 -0.008634 -0.000142
v -0.022370 -0.008313 -0.000151
v -0.024060 -0.007891 -0.000813
v -0.024354 -0.008768 -0.000804
v -0.014855 -0.008711 -0.000417
v -0.014975 -0.008655 -0.000032
v -0.024114 -0.009044 -0.000085
v -0.023788 -0.009027 0.000854
v -0.023147 -0.009002 0.001213
v -0.022435 -0.008830 0.001507
v -0.018064 -0.008603 0.001314
v -0.017064 -0.008682 0.001197
v -0.016946 -0.008274 0.001165
v -0.023749 -0.007470 -0.000516
vn -0.7091 0.6663 -0.2305
vn -0.0671 0.2614 0.9629
vn 0.3056 0.1349 -0.9426
vn 0.4113 0.4333 0.8019
vn -0.0318 -0.4515 0.8917
vn -0.2720 -0.8264 0.4931
vn -0.2959 -0.5441 -0.7851
vn -0.3362 -0.8970 0.2869
vn 0.0073 0.0082 0.9999
vn 0.0391 0.1637 -0.9857
vn -0.0204 0.9312 0.3640
vn 0.9457 0.1869 0.2659
vn 0.1259 0.9863 -0.1066
vn -0.0361 0.9993 -0.0056
vn -0.0960 0.9425 -0.3202
vn -0.0585 0.9837 -0.1699
vn 0.0907 0.9902 0.1061
vn -0.5859 0.1053 -0.8035
vn 0.5751 -0.1016 0.8118
vn 0.4597 -0.2740 0.8448
vn 0.0146 -0.7656 0.6431
vn 0.0678 -0.7187 0.6920
vn -0.3982 -0.3893 -0.8306
vn 0.1854 -0.4295 0.8838
vn 0.0713 -0.3895 -0.9182
vn 0.3946 -0.0713 -0.9161
vn 0.4899 -0.0187 -0.8716
vn 0.9978 0.0284 0.0607
vn 0.9047 -0.2939 -0.3084
vn -0.5229 -0.8523 0.0083
vn -0.4124 -0.3031 0.8591
vn 0.8440 -0.3143 -0.4345
vn 0.8663 -0.2953 -0.4029
vn -0.9173 -0.1607 -0.3644
vn -0.4923 -0.8676 0.0702
s 0
f 3321//6525 3322//6525 3324//6525
f 3321//6526 3323//6526 3322//6526
f 3321//6527 3331//6527 3323//6527
f 3321//6528 3324//6528 3325//6528
f 3321//6529 3325//6529 3326//6529
f 3321//6530 3326//6530 3327//6530
f 3321//6531 3327//6531 3328//6531
f 3321//6532 3328//6532 3329//6532
f 3321//6533 3329//6533 3330//6533
f 3321//6534 3330//6534 3331//6534
f 3331//6535 3330//6535 3333//6535
f 3323//6536 3331//6536 3332//6536
f 3331//6537 3339//6537 3332//6537
f 3331//6538 3333//6538 3334//6538
f 3331//6538 3334//6538 3335//6538
f 3331//6539 3335//6539 3336//6539
f 3331//6540 3336//6540 3337//6540
f 3331//6541 3337//6541 3338//6541
f 3331//6542 3338//6542 3339//6542
f 3322//6543 3339//6543 3338//6543
f 3322//6544 3332//6544 3339//6544
f 3322//6545 3338//6545 3337//6545
f 3322//6546 3337//6546 3336//6546
f 3324//6547 3336//6547 3325//6547
f 3324//6548 3322//6548 3336//6548
f 3325//6549 3336//6549 3326//6549
f 3326//6550 3336//6550 3335//6550
f 3326//6551 3335//6551 3334//6551
f 3326//6552 3334//6552 3340//6552
f 3334//6553 3333//6553 3340//6553
f 3326//6554 3340//6554 3328//6554
f 3340//6555 3329//6555 3328//6555
f 3340//6556 3333//6556 3329//6556
f 3330//6557 3329//6557 3333//6557
f 3323//6558 3332//6558 3322//6558
f 3326//6559 3328//6559 3327//6559
o geometry_9.031
v 0.023461 0.013028 -0.016382
v 0.023877 0.012279 -0.016241
v 0.015504 0.016662 -0.016650
v 0.023670 0.011733 -0.015181
v 0.023545 0.012144 -0.015498
v 0.024216 -0.007882 -0.016845
v 0.023933 -0.008576 -0.017361
v 0.024493 -0.009248 -0.019088
v 0.024386 -0.007697 -0.018688
v 0.025334 -0.009978 -0.018141
v 0.019573 -0.014074 -0.017607
v 0.019500 -0.014136 -0.017604
v 0.018435 -0.014916 -0.017602
v 0.018372 -0.014908 -0.017633
v 0.017694 -0.015032 -0.017957
v 0.017076 -0.015458 -0.017716
v 0.017181 -0.015679 -0.017969
v 0.015800 0.016670 -0.015966
v 0.015014 0.016661 -0.016118
v 0.017179 -0.015515 -0.018231
v 0.017202 -0.015673 -0.017256
v 0.017291 -0.015782 -0.016579
v 0.017155 -0.015878 -0.016887
v 0.015887 0.015518 -0.015114
v 0.015374 0.015329 -0.013849
v 0.015900 0.015718 -0.015399
v 0.015564 0.016296 -0.016073
v 0.016723 -0.015875 -0.017090
v 0.017142 -0.015713 -0.017067
v 0.018520 -0.015279 -0.017060
v 0.016892 -0.015436 -0.017120
v 0.017772 -0.014864 -0.018279
v 0.019374 -0.015625 -0.015873
v 0.018390 -0.015531 -0.016777
v 0.018411 -0.014943 -0.016943
v 0.020417 -0.015743 -0.016981
v 0.019699 -0.016051 -0.016338
v 0.020122 -0.015775 -0.016180
v 0.020526 -0.013815 -0.016929
v 0.020393 -0.013668 -0.016555
v 0.022128 -0.013648 -0.016944
v 0.020149 -0.013416 -0.017508
v 0.019533 -0.014210 -0.016909
v 0.018665 -0.014736 -0.017203
vn -0.7642 -0.5006 -0.4068
vn 0.0677 0.2201 0.9731
vn -0.4133 -0.8909 0.1884
vn -0.5890 -0.5985 -0.5430
vn 0.9977 0.0373 -0.0573
vn 0.8508 0.0423 -0.5238
vn 0.9518 0.0069 0.3065
vn -0.9858 -0.0255 -0.1658
vn -0.6832 -0.1108 0.7218
vn -0.1374 0.0644 -0.9884
vn -0.1000 0.0593 -0.9932
vn -0.0391 0.0506 -0.9980
vn 0.4361 -0.0392 -0.8991
vn 0.4372 -0.0394 -0.8985
vn -0.4432 0.1408 -0.8853
vn 0.8247 -0.2095 0.5253
vn -0.0252 0.0607 -0.9978
vn 0.9990 0.0416 0.0173
vn 0.0102 -0.9999 0.0065
vn 0.1850 0.1608 -0.9695
vn -0.9989 -0.0439 0.0159
vn -0.9913 -0.0479 0.1230
vn 0.9085 0.0496 -0.4149
vn -0.9981 -0.0428 0.0437
vn -0.8462 -0.3565 -0.3960
vn 0.8717 0.3155 0.3751
vn 0.7357 -0.2881 -0.6130
vn 0.3899 0.7863 0.4793
vn -0.2547 -0.2711 0.9282
vn 0.4006 0.8472 0.3489
vn -0.3076 -0.6382 -0.7057
vn -0.3979 -0.8700 -0.2911
vn 0.0257 -0.0553 0.9981
vn -0.1756 -0.9153 0.3624
vn 0.4242 -0.0519 -0.9041
vn -0.0357 -0.0480 0.9982
vn -0.3616 0.9018 0.2364
vn 0.0130 -0.0592 0.9982
vn 0.0501 -0.1412 -0.9887
vn -0.7491 -0.6480 0.1378
vn 0.7374 -0.6274 0.2502
vn 0.5522 -0.8094 0.1997
vn 0.6353 0.7644 0.1098
vn 0.3240 -0.9226 -0.2093
vn 0.6203 0.7831 0.0435
vn 0.2953 -0.6627 -0.6882
vn 0.0528 0.9975 0.0462
vn -0.0973 0.7639 0.6379
vn -0.7625 -0.5555 0.3317
vn 0.0931 -0.0633 0.9936
vn -0.9450 0.1884 -0.2674
vn 0.1414 0.8219 0.5518
vn 0.4521 0.7926 -0.4091
vn -0.1651 0.6674 -0.7262
vn -0.5010 0.8523 -0.1506
vn 0.9720 -0.1240 0.1997
vn -0.9330 0.1227 -0.3382
vn -0.4105 -0.2506 -0.8768
vn -0.3000 0.6080 0.7351
vn 0.7719 -0.4662 0.4321
vn -0.0008 -0.0817 -0.9967
vn -0.6202 0.6290 -0.4687
vn -0.8560 0.2987 -0.4219
vn 0.0153 -0.0568 0.9983
vn 0.1250 -0.0624 0.9902
vn 0.9389 -0.3390 -0.0602
vn 0.4911 -0.8029 -0.3380
vn 0.5977 -0.7240 -0.3445
vn 0.5841 -0.5212 -0.6222
vn 0.5435 -0.5348 -0.6470
vn 0.5705 -0.7287 -0.3788
vn 0.6495 -0.6324 0.4221
vn 0.6383 -0.7350 0.2287
vn 0.5909 -0.8064 0.0231
vn 0.7543 -0.2843 -0.5918
vn -0.6950 -0.3649 0.6196
vn -0.3661 -0.7511 0.5494
vn 0.4113 -0.4773 0.7766
vn -0.4484 0.8330 0.3240
vn -0.3347 0.8669 0.3695
vn -0.9500 -0.2681 -0.1601
vn 0.4135 0.8258 0.3835
vn 0.3940 0.7835 0.4806
vn -0.8042 -0.2000 0.5598
s 0
f 3341//6560 3342//6560 3344//6560
f 3341//6561 3343//6561 3342//6561
f 3341//6562 3358//6562 3343//6562
f 3341//6563 3344//6563 3345//6563
f 3341//6564 3345//6564 3346//6564
f 3341//6565 3346//6565 3347//6565
f 3341//6566 3347//6566 3348//6566
f 3341//6567 3348//6567 3349//6567
f 3341//6568 3349//6568 3350//6568
f 3341//6569 3350//6569 3351//6569
f 3341//6570 3351//6570 3352//6570
f 3341//6571 3352//6571 3353//6571
f 3341//6572 3353//6572 3354//6572
f 3341//6573 3354//6573 3355//6573
f 3341//6574 3355//6574 3356//6574
f 3341//6575 3356//6575 3357//6575
f 3341//6576 3357//6576 3358//6576
f 3358//6577 3357//6577 3360//6577
f 3343//6578 3358//6578 3359//6578
f 3358//6579 3367//6579 3359//6579
f 3358//6580 3360//6580 3361//6580
f 3358//6581 3361//6581 3362//6581
f 3358//6582 3362//6582 3363//6582
f 3358//6583 3363//6583 3364//6583
f 3358//6584 3364//6584 3365//6584
f 3358//6585 3365//6585 3366//6585
f 3358//6586 3366//6586 3367//6586
f 3344//6587 3367//6587 3366//6587
f 3359//6588 3367//6588 3344//6588
f 3345//6589 3366//6589 3365//6589
f 3344//6590 3366//6590 3345//6590
f 3345//6591 3365//6591 3364//6591
f 3345//6592 3364//6592 3363//6592
f 3363//6593 3362//6593 3368//6593
f 3345//6594 3363//6594 3368//6594
f 3345//6595 3368//6595 3369//6595
f 3369//6596 3368//6596 3362//6596
f 3345//6597 3369//6597 3370//6597
f 3371//6598 3370//6598 3369//6598
f 3371//6599 3369//6599 3362//6599
f 3356//6600 3372//6600 3371//6600
f 3356//6601 3371//6601 3360//6601
f 3360//6602 3371//6602 3361//6602
f 3371//6603 3372//6603 3375//6603
f 3371//6604 3362//6604 3361//6604
f 3373//6605 3371//6605 3375//6605
f 3373//6606 3374//6606 3371//6606
f 3371//6607 3374//6607 3370//6607
f 3373//6608 3375//6608 3372//6608
f 3345//6609 3374//6609 3376//6609
f 3345//6610 3370//6610 3374//6610
f 3376//6611 3374//6611 3377//6611
f 3373//6612 3377//6612 3374//6612
f 3378//6613 3377//6613 3373//6613
f 3378//6614 3376//6614 3377//6614
f 3345//6615 3378//6615 3379//6615
f 3345//6616 3376//6616 3378//6616
f 3379//6617 3378//6617 3373//6617
f 3348//6618 3379//6618 3350//6618
f 3348//6619 3347//6619 3379//6619
f 3347//6620 3381//6620 3379//6620
f 3350//6621 3379//6621 3380//6621
f 3379//6622 3373//6622 3380//6622
f 3345//6623 3379//6623 3381//6623
f 3345//6624 3381//6624 3346//6624
f 3347//6625 3346//6625 3381//6625
f 3350//6626 3380//6626 3382//6626
f 3380//6627 3383//6627 3382//6627
f 3380//6628 3373//6628 3383//6628
f 3373//6629 3384//6629 3383//6629
f 3382//6630 3383//6630 3384//6630
f 3382//6631 3384//6631 3351//6631
f 3351//6632 3384//6632 3352//6632
f 3384//6633 3353//6633 3352//6633
f 3373//6634 3372//6634 3384//6634
f 3384//6635 3372//6635 3354//6635
f 3384//6636 3354//6636 3353//6636
f 3350//6637 3382//6637 3351//6637
f 3356//6638 3355//6638 3372//6638
f 3355//6639 3354//6639 3372//6639
f 3357//6640 3356//6640 3360//6640
f 3343//6641 3359//6641 3342//6641
f 3342//6642 3359//6642 3344//6642
f 3349//6643 3348//6643 3350//6643
o geometry_9.032
v 0.014941 0.017067 -0.015617
v 0.012451 0.022313 -0.012708
v 0.011327 0.019225 -0.014831
v 0.013567 0.022239 -0.012657
v 0.014506 0.021319 -0.013956
v 0.013684 0.021283 -0.014079
v 0.013756 0.020342 -0.014326
v 0.014351 0.017682 -0.017097
v 0.013923 0.017150 -0.015793
v 0.013897 0.016957 -0.015420
v 0.013924 0.016333 -0.014661
v 0.014545 0.015494 -0.013457
v 0.014232 0.015924 -0.014810
v 0.015571 -0.016173 -0.016816
v 0.015465 -0.016098 -0.016537
v 0.015430 -0.016068 -0.016817
v 0.015446 -0.015996 -0.017223
v 0.015405 -0.015850 -0.018337
v 0.015591 -0.015942 -0.017882
v 0.015901 -0.015752 -0.017793
v 0.014314 -0.016217 -0.017660
v 0.013141 -0.016598 -0.017551
v 0.013042 -0.017757 -0.017956
v 0.011495 -0.016846 -0.017388
v 0.008388 -0.017064 -0.017281
v 0.007199 -0.017242 -0.017477
v 0.006097 0.016407 -0.015155
v 0.008317 0.018882 -0.014726
v 0.008866 0.019261 -0.014718
v 0.009326 0.019494 -0.014716
v 0.010041 0.019645 -0.014741
v 0.010384 0.019533 -0.014764
v 0.010697 0.020340 -0.014220
v 0.011190 0.020934 -0.013730
v 0.011433 0.022205 -0.012796
v 0.010051 0.020257 -0.014236
v 0.009473 0.020227 -0.014231
v 0.010068 0.020924 -0.013672
v 0.010122 0.022105 -0.012753
v 0.009220 0.022050 -0.012635
v 0.009042 0.019588 -0.014533
v 0.008730 0.019969 -0.014115
v 0.008222 0.021970 -0.012422
v 0.008000 0.019069 -0.014433
v 0.007566 0.019397 -0.013877
v 0.007619 0.020349 -0.013080
v 0.006833 0.019998 -0.012878
v 0.006208 0.019300 -0.013388
v 0.007192 -0.018116 -0.016511
v 0.005250 0.019635 -0.013414
v 0.005028 0.020063 -0.012466
v 0.005906 0.020463 -0.013120
v 0.007713 0.022460 -0.013922
v 0.005454 0.019545 -0.013256
v 0.008337 0.022838 -0.013830
v 0.008655 0.023046 -0.013690
v 0.010025 0.023504 -0.013545
v 0.011396 0.023631 -0.013577
v 0.011395 0.022555 -0.012935
v 0.013095 0.023313 -0.013732
v 0.012588 0.023263 -0.013895
v 0.016045 -0.015724 -0.017021
vn 0.0724 0.5098 -0.8573
vn 0.1330 0.5282 -0.8386
vn 0.0933 0.4750 -0.8750
vn -0.7315 0.1817 -0.6572
vn -0.1213 -0.3719 0.9203
vn 0.4101 -0.2021 0.8894
vn -0.8963 -0.3999 0.1915
vn 0.0088 0.9247 0.3806
vn -0.0075 0.8892 0.4575
vn 0.0382 0.7722 0.6342
vn -0.0368 0.8109 0.5840
vn 0.6558 -0.6623 -0.3623
vn 0.7573 -0.0092 0.6530
vn -0.9342 -0.0048 -0.3567
vn 0.9927 0.0190 -0.1193
vn 0.9991 0.0132 0.0415
vn 0.9992 0.0170 -0.0351
vn -0.9274 -0.0438 0.3715
vn -0.2338 -0.0712 0.9697
vn -0.1017 0.0629 -0.9928
vn -0.1126 0.0630 -0.9916
vn 0.9929 -0.0468 -0.1089
vn -0.3011 0.0803 -0.9502
vn -0.0383 0.0560 -0.9977
vn 0.1596 0.0175 -0.9870
vn -0.0570 0.0669 -0.9961
vn -0.0678 0.2291 -0.9710
vn -0.0908 0.1515 -0.9843
vn -0.0827 0.1730 -0.9814
vn -0.0747 0.1905 -0.9788
vn 0.0983 0.4825 -0.8703
vn 0.1138 0.5245 -0.8438
vn 0.1119 0.5251 -0.8436
vn 0.1644 0.5435 -0.8232
vn 0.1154 0.5739 -0.8108
vn -0.0628 0.6354 -0.7696
vn -0.0606 0.6210 -0.7815
vn -0.0393 0.6120 -0.7899
vn -0.0404 0.6359 -0.7707
vn -0.3209 0.7435 -0.5867
vn 0.0219 0.6135 -0.7894
vn -0.1479 0.5661 -0.8109
vn -0.3041 0.5672 -0.7654
vn -0.1376 0.6414 -0.7548
vn -0.3220 0.5977 -0.7342
vn -0.3165 0.5716 -0.7570
vn -0.3470 0.5497 -0.7598
vn -0.2134 0.5989 -0.7719
vn -0.5045 0.4796 -0.7180
vn -0.4300 0.5900 -0.6834
vn -0.4308 0.5928 -0.6805
vn -0.3042 0.6208 -0.7225
vn -0.4114 0.4704 -0.7807
vn -0.4586 0.7543 -0.4699
vn -0.9919 -0.0362 0.1216
vn 0.0564 0.0845 -0.9948
vn 0.3193 0.8894 -0.3272
vn -0.3908 0.4906 -0.7788
vn -0.2814 0.7144 -0.6407
vn -0.1435 0.6645 -0.7334
vn 0.5045 -0.8489 0.1576
vn -0.1966 0.3503 -0.9158
vn 0.6226 -0.6479 0.4388
vn 0.1145 -0.2000 0.9731
vn 0.0593 0.3254 0.9437
vn 0.5800 -0.6955 -0.4242
vn -0.5619 0.1562 0.8123
vn 0.0927 -0.0815 0.9923
vn -0.6360 -0.0955 0.7657
vn -0.0274 -0.1924 0.9809
vn 0.5150 -0.7477 -0.4192
vn -0.0942 -0.4557 0.8851
vn 0.5805 -0.4137 -0.7013
vn -0.0438 -0.8488 -0.5268
vn -0.0245 -0.2328 0.9722
vn 0.2838 -0.6168 -0.7342
vn 0.0340 -0.1168 0.9926
vn 0.0250 -0.4910 -0.8708
vn -0.0834 -0.4952 -0.8648
vn -0.0671 0.5114 0.8567
vn 0.1254 -0.4745 -0.8713
vn 0.0084 -0.4805 -0.8769
vn -0.4367 -0.4608 -0.7726
vn -0.0121 -0.7117 -0.7024
vn 0.3627 0.1537 0.9191
vn -0.2630 0.7677 0.5844
vn 0.2651 0.2906 -0.9194
vn -0.0227 -0.7792 -0.6264
vn -0.7119 -0.7021 -0.0169
vn 0.0535 -0.0744 0.9958
vn -0.2246 0.9162 -0.3318
vn 0.2346 -0.9630 -0.1327
vn -0.2601 0.8764 -0.4053
vn 0.2326 -0.9592 -0.1608
vn 0.2625 -0.9644 0.0328
vn 0.2940 -0.7271 0.6204
vn 0.2452 -0.3384 0.9085
vn 0.0147 -0.6013 -0.7989
vn 0.2162 -0.7245 -0.6545
vn -0.9989 -0.0303 -0.0346
vn -0.2462 0.1755 -0.9532
vn -0.3833 0.1671 0.9084
vn -0.3541 0.5671 -0.7437
vn -0.4106 0.5003 -0.7623
vn -0.2924 0.5851 -0.7564
vn -0.4078 0.6058 -0.6831
vn -0.0722 0.6147 -0.7855
vn 0.0071 0.5913 -0.8064
vn 0.0815 0.5444 -0.8349
vn -0.2745 0.9585 0.0770
vn 0.2399 -0.9615 -0.1343
vn 0.5605 -0.7366 -0.3784
vn 0.7179 0.0732 -0.6923
vn -0.9746 -0.1254 0.1858
vn 0.2909 0.1352 -0.9471
vn 0.9060 0.0728 -0.4171
vn 0.9991 0.0418 -0.0000
vn 0.9969 0.0171 0.0763
vn 0.9563 -0.0793 0.2813
vn 0.1317 0.2610 -0.9563
s 0
f 3385//6644 3386//6644 3388//6644
f 3385//6645 3387//6645 3386//6645
f 3385//6646 3416//6646 3387//6646
f 3385//6647 3388//6647 3389//6647
f 3385//6648 3389//6648 3390//6648
f 3385//6649 3390//6649 3391//6649
f 3385//6650 3391//6650 3392//6650
f 3385//6651 3392//6651 3393//6651
f 3385//6652 3393//6652 3394//6652
f 3385//6653 3394//6653 3395//6653
f 3385//6654 3395//6654 3396//6654
f 3385//6655 3396//6655 3397//6655
f 3385//6656 3397//6656 3398//6656
f 3385//6657 3398//6657 3399//6657
f 3385//6658 3399//6658 3400//6658
f 3385//6659 3400//6659 3401//6659
f 3385//6660 3401//6660 3402//6660
f 3385//6661 3402//6661 3403//6661
f 3385//6662 3403//6662 3404//6662
f 3385//6663 3404//6663 3405//6663
f 3385//6664 3405//6664 3406//6664
f 3385//6665 3406//6665 3407//6665
f 3385//6666 3407//6666 3408//6666
f 3385//6667 3408//6667 3409//6667
f 3385//6668 3409//6668 3410//6668
f 3385//6669 3410//6669 3411//6669
f 3385//6670 3411//6670 3412//6670
f 3385//6671 3412//6671 3413//6671
f 3385//6672 3413//6672 3414//6672
f 3385//6673 3414//6673 3415//6673
f 3385//6674 3415//6674 3416//6674
f 3416//6675 3415//6675 3417//6675
f 3387//6676 3416//6676 3417//6676
f 3387//6677 3417//6677 3418//6677
f 3417//6678 3419//6678 3418//6678
f 3417//6679 3415//6679 3420//6679
f 3417//6680 3420//6680 3419//6680
f 3419//6681 3420//6681 3421//6681
f 3415//6682 3421//6682 3420//6682
f 3419//6683 3421//6683 3422//6683
f 3423//6684 3422//6684 3421//6684
f 3415//6685 3414//6685 3421//6685
f 3421//6686 3414//6686 3425//6686
f 3423//6687 3421//6687 3424//6687
f 3421//6688 3426//6688 3424//6688
f 3421//6689 3425//6689 3426//6689
f 3425//6690 3428//6690 3426//6690
f 3424//6691 3426//6691 3427//6691
f 3426//6692 3430//6692 3427//6692
f 3426//6693 3428//6693 3429//6693
f 3426//6694 3429//6694 3430//6694
f 3429//6695 3432//6695 3430//6695
f 3427//6696 3430//6696 3431//6696
f 3430//6697 3432//6697 3431//6697
f 3433//6698 3432//6698 3411//6698
f 3433//6699 3434//6699 3432//6699
f 3435//6700 3432//6700 3434//6700
f 3428//6701 3411//6701 3432//6701
f 3428//6702 3432//6702 3429//6702
f 3431//6703 3432//6703 3435//6703
f 3427//6704 3435//6704 3436//6704
f 3427//6705 3431//6705 3435//6705
f 3435//6706 3434//6706 3436//6706
f 3389//6707 3436//6707 3438//6707
f 3389//6708 3437//6708 3436//6708
f 3427//6709 3436//6709 3437//6709
f 3438//6710 3436//6710 3434//6710
f 3389//6711 3438//6711 3433//6711
f 3433//6712 3438//6712 3434//6712
f 3389//6713 3439//6713 3437//6713
f 3427//6714 3437//6714 3439//6714
f 3389//6715 3440//6715 3439//6715
f 3424//6716 3439//6716 3440//6716
f 3424//6717 3427//6717 3439//6717
f 3389//6718 3441//6718 3440//6718
f 3441//6719 3424//6719 3440//6719
f 3389//6720 3442//6720 3441//6720
f 3442//6721 3423//6721 3441//6721
f 3423//6722 3424//6722 3441//6722
f 3386//6723 3442//6723 3443//6723
f 3386//6724 3419//6724 3442//6724
f 3419//6725 3423//6725 3442//6725
f 3389//6726 3443//6726 3442//6726
f 3386//6727 3443//6727 3444//6727
f 3389//6728 3444//6728 3443//6728
f 3386//6729 3444//6729 3445//6729
f 3389//6730 3445//6730 3444//6730
f 3386//6731 3445//6731 3388//6731
f 3388//6732 3445//6732 3389//6732
f 3389//6733 3433//6733 3398//6733
f 3398//6734 3433//6734 3399//6734
f 3433//6735 3400//6735 3399//6735
f 3401//6736 3433//6736 3446//6736
f 3401//6737 3400//6737 3433//6737
f 3405//6738 3446//6738 3433//6738
f 3405//6739 3433//6739 3406//6739
f 3433//6740 3407//6740 3406//6740
f 3433//6741 3409//6741 3408//6741
f 3433//6742 3410//6742 3409//6742
f 3433//6743 3411//6743 3410//6743
f 3433//6744 3408//6744 3407//6744
f 3401//6745 3446//6745 3405//6745
f 3425//6746 3412//6746 3428//6746
f 3412//6747 3411//6747 3428//6747
f 3414//6748 3413//6748 3425//6748
f 3425//6749 3413//6749 3412//6749
f 3419//6750 3422//6750 3423//6750
f 3386//6751 3418//6751 3419//6751
f 3387//6752 3418//6752 3386//6752
f 3402//6753 3405//6753 3404//6753
f 3402//6754 3401//6754 3405//6754
f 3403//6755 3402//6755 3404//6755
f 3389//6756 3398//6756 3397//6756
f 3391//6757 3397//6757 3396//6757
f 3389//6758 3397//6758 3391//6758
f 3391//6759 3396//6759 3395//6759
f 3391//6760 3395//6760 3394//6760
f 3391//6761 3394//6761 3393//6761
f 3391//6762 3393//6762 3392//6762
f 3389//6763 3391//6763 3390//6763
o geometry_9.033
v 0.004206 0.015630 -0.019698
v -0.004584 0.013277 -0.019176
v -0.004693 0.013674 -0.019238
v 0.005575 0.015924 -0.017284
v 0.004405 0.016337 -0.016742
v 0.005282 -0.012747 -0.019651
v 0.005204 -0.012615 -0.021606
v -0.009499 -0.013074 -0.021005
v -0.009380 -0.013141 -0.020883
v -0.010332 -0.009957 -0.020606
v -0.010449 -0.008953 -0.020733
v -0.010619 -0.008511 -0.020567
v -0.010474 -0.007262 -0.020539
v -0.008552 0.007660 -0.019615
v -0.008309 0.008894 -0.019506
v -0.008244 0.009074 -0.019527
v -0.007791 0.010494 -0.019437
v -0.007563 0.011175 -0.019402
v -0.007195 0.011891 -0.019362
v -0.006669 0.012690 -0.019351
v -0.005954 0.013136 -0.019345
v -0.004872 0.013507 -0.019372
v -0.005814 0.012877 -0.019143
v -0.004507 0.013053 -0.017556
v -0.006455 0.012475 -0.019145
v -0.006295 0.012308 -0.017561
v -0.005749 0.012639 -0.017574
v -0.004593 0.013304 -0.017629
v -0.005956 0.012807 -0.017632
v -0.006387 0.012454 -0.017540
v -0.006444 0.012506 -0.017608
v -0.006821 0.011902 -0.017654
v -0.006680 0.011653 -0.017619
v -0.006914 0.011728 -0.019202
v -0.007253 0.011056 -0.019260
v -0.007097 0.010734 -0.017682
v -0.007873 0.008946 -0.019425
v -0.007391 0.010628 -0.017729
v -0.008292 0.007569 -0.017880
v -0.008099 0.008128 -0.017812
v -0.008415 0.006736 -0.017894
v -0.008010 0.007555 -0.017737
v -0.009739 -0.001391 -0.018478
v -0.008175 0.007625 -0.019447
v -0.009864 -0.002816 -0.018632
v -0.009906 -0.003622 -0.018713
v -0.009912 -0.005507 -0.018857
v -0.009909 -0.005765 -0.018874
v -0.009730 -0.011731 -0.019240
v -0.009660 -0.013302 -0.019086
v -0.009421 -0.012934 -0.021089
vn -0.2570 0.9660 0.0284
vn 0.0161 0.1590 0.9872
vn -0.1948 0.7325 -0.6523
vn -0.2222 -0.9448 0.2408
vn 0.9964 0.0377 -0.0761
vn 0.9986 0.0378 -0.0369
vn -0.0428 0.0658 -0.9969
vn -0.6174 0.2610 0.7421
vn -0.0593 0.0690 -0.9959
vn 0.2287 -0.0956 -0.9688
vn -0.3139 0.2260 -0.9222
vn 0.0282 0.0186 -0.9994
vn -0.0490 0.0680 -0.9965
vn -0.0696 0.1011 -0.9924
vn 0.0553 -0.1310 -0.9898
vn -0.0563 0.0809 -0.9951
vn -0.0504 0.0670 -0.9965
vn -0.0574 0.0856 -0.9947
vn -0.0434 0.0426 -0.9982
vn -0.0617 0.1112 -0.9919
vn -0.0596 0.1022 -0.9930
vn -0.1674 0.5483 0.8194
vn -0.5820 -0.0318 0.8126
vn -0.1496 0.5277 0.8361
vn -0.3027 0.9421 0.1445
vn -0.3148 0.9364 0.1551
vn -0.3045 0.4779 0.8240
vn -0.3048 0.4826 0.8211
vn -0.5254 0.8390 0.1417
vn -0.5094 0.8474 0.1496
vn -0.0807 0.0941 -0.9923
vn 0.0964 -0.2465 -0.9643
vn 0.0851 -0.2274 -0.9701
vn 0.0318 -0.2887 -0.9569
vn 0.2141 -0.6869 -0.6945
vn -0.1361 0.4025 0.9052
vn 0.7999 0.5413 -0.2591
vn -0.0067 -0.0713 0.9974
vn 0.1769 -0.0361 -0.9836
vn 0.2376 -0.0532 -0.9699
vn -0.8578 0.4916 0.1500
vn -0.8879 0.4343 0.1517
vn -0.9017 0.3976 0.1699
vn 0.1982 -0.0235 -0.9799
vn -0.9519 0.2682 0.1484
vn 0.1661 -0.0158 -0.9860
vn -0.9352 0.3495 0.0575
vn 0.1656 -0.0145 -0.9861
vn -0.8294 0.3409 -0.4426
vn 0.0386 -0.1347 0.9901
vn -0.0236 -0.0262 0.9994
vn -0.0362 -0.0113 0.9993
vn 0.4498 -0.0516 -0.8917
vn 0.2678 -0.7542 -0.5996
vn -0.9783 0.1806 0.1018
vn 0.3396 0.0122 -0.9405
vn -0.9908 -0.0997 0.0917
vn 0.0891 0.7651 0.6377
vn -0.8447 0.3485 0.4062
vn -0.3889 0.1649 0.9064
vn -0.4074 -0.0003 0.9132
vn 0.0492 -0.1120 0.9925
vn 0.0039 -0.0722 0.9974
vn -0.9799 0.0658 0.1885
vn -0.9930 0.1146 0.0275
vn -0.9916 0.1285 -0.0125
vn 0.0366 -0.1017 0.9941
vn -0.9478 0.0174 0.3184
vn 0.0040 -0.0761 0.9971
vn -0.9040 -0.0299 0.4264
vn -0.0069 -0.0682 0.9976
vn -0.8969 -0.0396 0.4405
vn -0.0162 -0.0616 0.9980
vn -0.8860 -0.0547 0.4604
vn -0.2704 0.0818 0.9593
vn -0.8054 0.0219 0.5923
vn 0.0407 -0.0826 0.9957
vn 0.0344 -0.9970 -0.0687
vn 0.0151 -0.9837 -0.1791
vn -0.9506 -0.2647 -0.1621
vn -0.9652 -0.0810 0.2488
vn -0.9314 -0.2639 -0.2506
vn 0.0195 0.5036 0.8637
vn 0.3684 -0.6184 -0.6942
vn 0.9563 0.2781 0.0902
vn -0.0125 -0.0535 0.9985
vn -0.2631 0.0020 0.9648
vn -0.3786 0.1107 0.9189
vn -0.3883 0.0838 0.9177
vn -0.3649 0.0577 0.9292
vn -0.8484 0.5105 0.1397
vn -0.4059 0.1819 0.8956
vn -0.4160 0.1634 0.8946
vn -0.1050 0.2822 0.9536
vn 0.0962 -0.2466 -0.9643
vn -0.4819 0.3058 0.8211
vn -0.2746 0.9507 0.1443
vn -0.3956 0.0796 -0.9150
s 0
f 3447//6764 3448//6764 3450//6764
f 3447//6765 3449//6765 3448//6765
f 3447//6766 3468//6766 3449//6766
f 3447//6767 3450//6767 3451//6767
f 3447//6768 3451//6768 3452//6768
f 3447//6769 3452//6769 3453//6769
f 3447//6770 3453//6770 3454//6770
f 3447//6771 3454//6771 3455//6771
f 3447//6772 3455//6772 3456//6772
f 3447//6773 3456//6773 3457//6773
f 3447//6774 3457//6774 3458//6774
f 3447//6775 3458//6775 3459//6775
f 3447//6776 3459//6776 3460//6776
f 3447//6777 3460//6777 3461//6777
f 3447//6778 3461//6778 3462//6778
f 3447//6779 3462//6779 3463//6779
f 3447//6780 3463//6780 3464//6780
f 3447//6781 3464//6781 3465//6781
f 3447//6782 3465//6782 3466//6782
f 3447//6783 3466//6783 3467//6783
f 3447//6784 3467//6784 3468//6784
f 3468//6785 3467//6785 3469//6785
f 3449//6786 3468//6786 3448//6786
f 3448//6787 3468//6787 3469//6787
f 3448//6788 3469//6788 3470//6788
f 3469//6789 3473//6789 3470//6789
f 3469//6790 3467//6790 3466//6790
f 3469//6791 3466//6791 3471//6791
f 3469//6792 3471//6792 3472//6792
f 3469//6793 3472//6793 3473//6793
f 3472//6794 3476//6794 3473//6794
f 3470//6795 3473//6795 3474//6795
f 3474//6796 3473//6796 3475//6796
f 3473//6797 3476//6797 3475//6797
f 3450//6798 3476//6798 3477//6798
f 3450//6799 3475//6799 3476//6799
f 3472//6800 3477//6800 3476//6800
f 3450//6801 3477//6801 3478//6801
f 3479//6802 3478//6802 3477//6802
f 3472//6803 3479//6803 3477//6803
f 3472//6804 3480//6804 3479//6804
f 3480//6805 3481//6805 3479//6805
f 3479//6806 3481//6806 3482//6806
f 3479//6807 3482//6807 3478//6807
f 3481//6808 3483//6808 3482//6808
f 3478//6809 3482//6809 3484//6809
f 3482//6810 3483//6810 3485//6810
f 3482//6811 3486//6811 3484//6811
f 3482//6812 3485//6812 3486//6812
f 3450//6813 3486//6813 3485//6813
f 3450//6814 3484//6814 3486//6814
f 3450//6815 3485//6815 3487//6815
f 3485//6816 3488//6816 3487//6816
f 3483//6817 3488//6817 3485//6817
f 3489//6818 3488//6818 3490//6818
f 3489//6819 3487//6819 3488//6819
f 3488//6820 3461//6820 3490//6820
f 3462//6821 3488//6821 3483//6821
f 3462//6822 3461//6822 3488//6822
f 3489//6823 3490//6823 3460//6823
f 3460//6824 3490//6824 3461//6824
f 3450//6825 3489//6825 3491//6825
f 3450//6826 3487//6826 3489//6826
f 3458//6827 3491//6827 3489//6827
f 3458//6828 3489//6828 3459//6828
f 3489//6829 3460//6829 3459//6829
f 3450//6830 3491//6830 3492//6830
f 3458//6831 3492//6831 3491//6831
f 3450//6832 3492//6832 3493//6832
f 3458//6833 3493//6833 3492//6833
f 3450//6834 3493//6834 3494//6834
f 3458//6835 3494//6835 3493//6835
f 3450//6836 3494//6836 3495//6836
f 3495//6837 3494//6837 3458//6837
f 3450//6838 3495//6838 3496//6838
f 3496//6839 3495//6839 3458//6839
f 3450//6840 3496//6840 3452//6840
f 3453//6841 3452//6841 3496//6841
f 3453//6842 3496//6842 3497//6842
f 3496//6843 3456//6843 3497//6843
f 3496//6844 3457//6844 3456//6844
f 3496//6845 3458//6845 3457//6845
f 3453//6846 3497//6846 3454//6846
f 3454//6847 3497//6847 3455//6847
f 3497//6848 3456//6848 3455//6848
f 3450//6849 3478//6849 3484//6849
f 3481//6850 3462//6850 3483//6850
f 3480//6851 3464//6851 3481//6851
f 3464//6852 3463//6852 3481//6852
f 3481//6853 3463//6853 3462//6853
f 3471//6854 3480//6854 3472//6854
f 3471//6855 3465//6855 3480//6855
f 3465//6856 3464//6856 3480//6856
f 3450//6857 3474//6857 3475//6857
f 3450//6858 3470//6858 3474//6858
f 3466//6859 3465//6859 3471//6859
f 3448//6860 3470//6860 3450//6860
f 3450//6861 3452//6861 3451//6861
o geometry_9.034
v 0.001035 -0.028470 -0.017149
v 0.002344 -0.028195 -0.017095
v 0.001294 -0.028531 -0.017286
v 0.002520 -0.028196 -0.017197
v 0.003198 -0.027865 -0.017117
v 0.003564 -0.027506 -0.017120
v 0.003737 -0.027323 -0.017114
v 0.004297 -0.026700 -0.017116
v 0.004615 -0.026072 -0.017040
v 0.004729 -0.025901 -0.017116
v 0.005069 -0.025007 -0.017036
v 0.006556 -0.024636 -0.016849
v 0.006388 -0.022997 -0.016770
v 0.005449 -0.019180 -0.016898
v 0.005283 -0.009464 -0.016064
v -0.012316 -0.010461 -0.015424
v -0.013976 -0.011416 -0.015325
v -0.014560 -0.011919 -0.015162
v -0.014759 -0.012130 -0.015142
v -0.014965 -0.012484 -0.015117
v -0.015455 -0.013441 -0.015132
v -0.015670 -0.014225 -0.015204
v -0.015876 -0.015445 -0.015319
v -0.015908 -0.016755 -0.015443
v -0.015749 -0.017974 -0.015578
v -0.016597 -0.019905 -0.015654
v -0.015587 -0.021309 -0.015849
v -0.014744 -0.020558 -0.015932
v -0.014008 -0.021634 -0.016072
v -0.013451 -0.022289 -0.016164
v -0.012760 -0.022989 -0.016275
v -0.011975 -0.023671 -0.016376
v -0.011248 -0.024226 -0.016458
v -0.010275 -0.024938 -0.016578
v -0.009533 -0.025462 -0.016657
v -0.008647 -0.026013 -0.016729
v -0.007668 -0.026582 -0.016807
v -0.007090 -0.026866 -0.016843
v -0.005936 -0.027420 -0.016910
v -0.004974 -0.027844 -0.016951
v -0.004779 -0.027893 -0.016930
v -0.004222 -0.028089 -0.016980
v -0.004122 -0.028099 -0.016958
v -0.003118 -0.028312 -0.017001
v -0.002931 -0.028400 -0.017099
v -0.001510 -0.028478 -0.017070
v -0.000084 -0.028512 -0.017123
v -0.000097 -0.028162 -0.017090
v 0.001225 -0.028100 -0.017118
v -0.001566 -0.027664 -0.018309
v -0.001498 -0.028107 -0.017034
v -0.000181 -0.027630 -0.018595
v 0.001130 -0.027622 -0.018378
v -0.001648 -0.027659 -0.019804
v -0.000587 -0.027720 -0.018722
v -0.000194 -0.028334 -0.018361
v -0.000124 -0.027871 -0.018510
v 0.001070 -0.027545 -0.019859
v 0.000589 -0.028870 -0.019506
v 0.001361 -0.028855 -0.018742
v 0.001433 -0.028888 -0.018884
v 0.002473 -0.027195 -0.018500
v 0.003192 -0.026766 -0.018488
v 0.002351 -0.027226 -0.018375
v 0.002096 -0.027565 -0.018071
v 0.002799 -0.027492 -0.017705
v 0.002537 -0.027736 -0.017248
v 0.003051 -0.027741 -0.016720
v 0.003089 -0.026577 -0.018493
v 0.003910 -0.026380 -0.017725
v 0.003429 -0.026985 -0.017387
v 0.004115 -0.026539 -0.016818
v 0.004210 -0.026021 -0.017197
v 0.004016 -0.025706 -0.017871
v 0.005706 -0.024022 -0.015772
v 0.005351 -0.017659 -0.018155
v 0.005216 -0.009348 -0.017772
v 0.003533 -0.026159 -0.018410
v 0.003292 -0.026670 -0.018459
v 0.003593 -0.026011 -0.018245
v -0.010328 -0.010148 -0.017030
v -0.013578 -0.016731 -0.017012
v -0.014406 -0.017410 -0.017528
v -0.014828 -0.019206 -0.017676
v -0.013538 -0.017779 -0.018156
v -0.013374 -0.020757 -0.017489
v -0.013620 -0.019094 -0.018387
v -0.013956 -0.019317 -0.016827
v -0.013235 -0.020594 -0.017644
v -0.015432 -0.019106 -0.014678
v -0.015502 -0.020266 -0.014510
v -0.013674 -0.020709 -0.016754
v -0.013528 -0.021251 -0.016695
v -0.012279 -0.022566 -0.017378
v -0.013695 -0.021409 -0.016004
v -0.012512 -0.022357 -0.019121
v -0.013289 -0.023146 -0.018724
v -0.013350 -0.023403 -0.018044
v -0.012912 -0.021958 -0.017531
v -0.011052 -0.023917 -0.017861
v -0.010908 -0.024031 -0.017880
v -0.010859 -0.023789 -0.017791
v -0.009320 -0.025071 -0.017553
v -0.011007 -0.023985 -0.016523
v -0.011735 -0.023413 -0.016404
v -0.012475 -0.022775 -0.016279
v -0.013185 -0.022026 -0.016118
v -0.010073 -0.024674 -0.016637
v -0.009350 -0.025199 -0.016744
v -0.008478 -0.025752 -0.016804
v -0.007545 -0.026307 -0.016839
v -0.006697 -0.026464 -0.017880
v -0.006846 -0.026643 -0.016888
v -0.008605 -0.025312 -0.018099
v -0.007179 -0.026055 -0.018232
v -0.008541 -0.025601 -0.018046
v -0.009303 -0.025013 -0.019174
v -0.009942 -0.026194 -0.018318
v -0.010202 -0.026026 -0.018311
v -0.007944 -0.025854 -0.018149
v -0.006826 -0.026834 -0.018048
v -0.006530 -0.026464 -0.019599
v -0.005802 -0.026631 -0.018373
v -0.005674 -0.026998 -0.018187
v -0.007374 -0.027374 -0.018375
v -0.005201 -0.027071 -0.018262
v -0.004440 -0.027302 -0.018285
v -0.004209 -0.027262 -0.018200
v -0.003686 -0.027630 -0.017732
v -0.003028 -0.027308 -0.018855
v -0.003611 -0.027475 -0.018357
v -0.003054 -0.027406 -0.018649
v -0.001848 -0.028972 -0.018685
v -0.001708 -0.028979 -0.018652
v -0.002997 -0.027636 -0.017951
v -0.002925 -0.027944 -0.016991
v -0.003903 -0.027768 -0.016984
v -0.004540 -0.027615 -0.016913
v -0.005622 -0.027207 -0.016893
vn -0.1818 0.9290 -0.3223
vn 0.1383 -0.7784 0.6124
vn -0.2644 -0.9621 -0.0662
vn 0.1101 -0.4408 0.8908
vn -0.0237 0.0320 0.9992
vn -0.0007 -0.0282 0.9996
vn -0.0227 0.0236 0.9995
vn 0.0756 -0.1574 0.9846
vn -0.4125 0.5841 0.6991
vn 0.0712 -0.1151 0.9908
vn 0.1617 -0.1567 -0.9743
vn -0.0192 -0.0503 0.9985
vn -0.0836 0.0128 0.9964
vn 0.1182 -0.0829 0.9895
vn 0.0400 -0.0658 0.9970
vn 0.0803 -0.0359 0.9961
vn 0.2056 0.0766 0.9756
vn 0.1141 -0.0118 0.9934
vn 0.1248 -0.0012 0.9922
vn 0.0727 -0.0538 0.9959
vn 0.0314 -0.0990 0.9946
vn 0.0312 -0.0993 0.9946
vn 0.0342 -0.0953 0.9949
vn 0.0262 -0.1068 0.9939
vn 0.0539 -0.0628 0.9966
vn 0.0266 -0.1185 0.9926
vn -0.0843 -0.0149 -0.9963
vn 0.0177 -0.1174 0.9929
vn 0.0129 -0.1279 0.9917
vn 0.0007 -0.1559 0.9878
vn 0.0075 -0.1389 0.9903
vn 0.0097 -0.1331 0.9911
vn -0.0042 -0.1724 0.9850
vn 0.0069 -0.1378 0.9904
vn 0.0171 -0.1027 0.9946
vn 0.0149 -0.1113 0.9937
vn 0.0213 -0.0823 0.9964
vn 0.0232 -0.0726 0.9971
vn 0.0302 -0.0268 0.9992
vn 0.0952 0.6862 0.7212
vn 0.0170 -0.2001 0.9796
vn 0.0756 0.9897 0.1219
vn 0.0340 -0.0398 0.9986
vn -0.0050 -0.7511 0.6602
vn 0.0209 0.6607 0.7504
vn 0.0307 -0.2065 0.9780
vn -0.0268 0.0914 -0.9955
vn -0.0341 0.0911 -0.9953
vn -0.0366 0.3569 -0.9334
vn 0.0370 -0.9414 -0.3352
vn -0.0356 0.0977 -0.9946
vn -0.0449 -0.9426 -0.3310
vn -0.0506 -0.9444 -0.3248
vn 0.0239 -0.9997 -0.0050
vn 0.0649 -0.9313 -0.3585
vn -0.1576 0.2943 0.9426
vn -0.3077 0.8839 0.3521
vn -0.3460 0.3011 0.8886
vn -0.0744 0.3155 0.9460
vn 0.3009 -0.3330 -0.8936
vn 0.2007 -0.9779 -0.0588
vn 0.7571 -0.1030 0.6451
vn -0.4556 -0.7701 0.4466
vn 0.4423 0.7679 -0.4634
vn -0.6465 0.4065 0.6456
vn -0.5029 -0.8627 -0.0533
vn 0.8329 0.4545 0.3156
vn 0.0369 0.1991 -0.9793
vn -0.7024 0.2842 0.6526
vn 0.0936 -0.1281 -0.9873
vn 0.4892 -0.8282 0.2735
vn 0.2431 -0.9700 -0.0012
vn 0.3615 -0.7583 -0.5426
vn 0.5791 -0.7407 -0.3406
vn 0.3476 -0.7684 -0.5373
vn 0.2666 -0.9054 -0.3305
vn 0.3056 -0.9016 -0.3061
vn 0.6877 -0.6424 -0.3382
vn 0.6440 0.3723 0.6683
vn 0.6104 -0.6191 -0.4941
vn 0.6812 -0.6856 -0.2568
vn 0.6731 -0.6877 -0.2720
vn 0.6925 -0.6401 -0.3328
vn -0.6571 0.5385 -0.5274
vn -0.5156 0.5085 -0.6896
vn 0.8957 -0.3574 -0.2644
vn 0.2576 -0.6007 -0.7568
vn -0.0817 -0.3553 -0.9312
vn -0.6624 0.4106 -0.6266
vn -0.5777 0.5166 -0.6319
vn 0.9053 -0.2201 -0.3632
vn 0.8467 -0.3452 -0.4049
vn 0.1473 0.0319 -0.9886
vn -0.3153 0.6959 -0.6452
vn -0.1085 -0.0653 0.9920
vn 0.8268 -0.1563 -0.5404
vn -0.6078 -0.3080 -0.7319
vn -0.7984 -0.0526 -0.5998
vn 0.0699 0.0150 -0.9974
vn 0.0169 0.0463 -0.9988
vn 0.9991 0.0180 -0.0380
vn 0.7965 -0.1528 -0.5849
vn 0.9984 0.0216 -0.0520
vn 0.9463 0.2400 0.2164
vn 0.0480 0.0723 -0.9962
vn 0.9012 -0.4297 0.0563
vn -0.0723 -0.7308 0.6787
vn 0.7854 -0.1644 -0.5967
vn 0.7365 -0.2507 -0.6282
vn -0.0171 0.3019 -0.9532
vn 0.7028 -0.6210 -0.3471
vn -0.0511 0.0677 -0.9964
vn -0.0443 0.9895 0.1378
vn -0.0539 0.9961 0.0697
vn -0.0940 0.0437 -0.9946
vn -0.4624 0.2259 -0.8574
vn -0.4693 0.7708 -0.4309
vn -0.4769 0.2585 -0.8401
vn -0.4600 0.2055 -0.8638
vn -0.5053 0.4026 -0.7632
vn -0.4877 0.3011 -0.8194
vn 0.2234 0.4023 -0.8878
vn 0.0889 0.5318 -0.8422
vn -0.0210 0.0872 -0.9960
vn 0.5211 -0.1910 0.8319
vn -0.6689 0.2464 -0.7013
vn -0.7336 0.1860 -0.6536
vn 0.2643 -0.6266 0.7332
vn -0.6384 0.3453 -0.6880
vn -0.7351 0.0818 -0.6730
vn -0.2913 -0.3793 -0.8783
vn 0.4116 0.4796 0.7749
vn 0.4810 -0.4650 0.7433
vn -0.9332 -0.2676 -0.2396
vn -0.8038 -0.0391 -0.5936
vn -0.6852 -0.6856 -0.2460
vn 0.7466 -0.0038 0.6653
vn -0.8243 -0.1106 -0.5552
vn -0.7142 -0.5470 -0.4368
vn -0.7789 -0.0441 -0.6256
vn 0.6918 -0.1444 -0.7075
vn 0.7241 -0.2933 -0.6242
vn -0.8305 -0.3256 -0.4520
vn -0.8464 -0.2786 -0.4538
vn -0.7718 -0.2716 -0.5749
vn -0.7215 -0.6922 0.0135
vn -0.7644 -0.5629 -0.3142
vn -0.6800 -0.6615 -0.3162
vn 0.7267 -0.4571 0.5128
vn 0.9950 0.0211 0.0975
vn -0.5220 0.4217 -0.7414
vn -0.8676 -0.2415 -0.4347
vn -0.0977 -0.0031 -0.9952
vn 0.0576 0.3187 -0.9461
vn 0.6103 0.2081 0.7644
vn 0.3161 0.8780 0.3594
vn -0.3386 -0.9402 0.0375
vn -0.1312 0.5456 0.8277
vn -0.0416 0.1104 -0.9930
vn -0.1308 -0.3192 0.9386
vn -0.0730 -0.3941 0.9162
vn -0.7374 -0.6753 0.0176
vn -0.3544 -0.2587 0.8986
vn -0.6109 -0.7686 -0.1900
vn -0.6251 -0.7571 -0.1899
vn -0.6579 -0.7200 -0.2207
vn -0.6727 -0.6953 -0.2531
vn -0.0864 0.0949 -0.9917
vn -0.7293 -0.6362 -0.2519
vn -0.0766 0.0818 -0.9937
vn -0.0200 0.1926 -0.9811
vn 0.0190 0.1544 -0.9878
vn -0.7613 -0.5741 -0.3015
vn 0.0525 0.2230 -0.9734
vn -0.1419 0.0239 -0.9896
vn -0.1232 0.0062 -0.9924
vn -0.5989 -0.7863 -0.1517
vn -0.1708 -0.0682 -0.9829
vn -0.5953 -0.7899 -0.1472
vn -0.1556 -0.0131 -0.9877
vn -0.1880 -0.1025 -0.9768
vn -0.5367 -0.8301 -0.1513
vn -0.1871 -0.1906 -0.9637
vn -0.2194 -0.1672 -0.9612
vn -0.2076 -0.1196 -0.9709
vn -0.5071 -0.8399 -0.1934
vn -0.1467 -0.1864 -0.9715
vn -0.1806 -0.1639 -0.9698
vn -0.4767 -0.8392 -0.2617
vn -0.4350 -0.8724 -0.2228
vn -0.1288 -0.1229 -0.9840
vn -0.4800 -0.8384 -0.2583
vn -0.0888 -0.0644 -0.9940
vn -0.0963 -0.0705 -0.9929
vn -0.1154 -0.0618 -0.9914
vn -0.4605 -0.8250 -0.3276
vn 0.2032 0.2193 0.9543
vn -0.3445 -0.9381 -0.0370
vn -0.8462 -0.0890 0.5253
vn -0.4042 0.6701 0.6226
vn -0.5421 -0.8395 -0.0355
vn 0.6507 0.0669 0.7564
vn 0.3089 0.4430 0.8416
vn -0.0048 0.2098 -0.9777
vn -0.0491 -0.0362 -0.9981
vn -0.0211 -0.3748 0.9269
vn 0.0534 0.4797 -0.8758
vn 0.0075 -0.3590 0.9333
vn -0.1400 -0.2579 -0.9560
vn 0.6155 0.7320 0.2921
vn -0.2323 -0.9566 0.1761
vn -0.8614 -0.0412 0.5062
vn -0.1933 -0.9810 -0.0186
vn -0.6198 -0.7824 -0.0601
vn -0.2401 0.8511 0.4669
vn 0.7113 -0.7022 -0.0313
vn -0.0164 0.5301 -0.8478
vn 0.0179 -0.5109 0.8595
vn 0.1161 0.9713 -0.2077
vn 0.2111 0.5006 0.8396
vn -0.1458 -0.3919 -0.9084
vn -0.1691 -0.6282 0.7595
vn -0.0192 0.2200 0.9753
vn -0.2580 -0.8778 -0.4036
vn -0.3122 -0.8840 -0.3479
vn 0.3990 0.6195 0.6760
vn -0.1024 -0.7607 0.6410
vn -0.1359 -0.2483 -0.9591
vn 0.1259 0.8850 0.4482
vn 0.1219 0.8889 0.4415
vn 0.6123 0.4568 0.6453
vn 0.4876 0.7616 0.4269
vn -0.0296 -0.0000 -0.9996
vn -0.1424 0.6545 0.7425
vn 0.2112 -0.2411 -0.9473
vn -0.5802 0.5503 0.6005
vn -0.1151 -0.9348 -0.3360
vn -0.4225 -0.8563 -0.2972
vn -0.0988 -0.9418 -0.3213
vn -0.1068 -0.9448 -0.3097
vn -0.0203 -0.9998 -0.0026
vn -0.1167 -0.9519 -0.2834
vn -0.1746 -0.9582 -0.2267
vn -0.2524 -0.9360 -0.2452
vn -0.3236 -0.8904 -0.3202
vn -0.0918 0.0774 -0.9928
vn -0.3362 -0.8897 -0.3088
vn -0.0520 0.1042 -0.9932
vn 0.0992 -0.0256 -0.9947
vn 0.0247 0.1147 -0.9931
vn -0.3417 -0.8912 -0.2984
vn 0.0694 0.1594 -0.9848
vn -0.4087 -0.8855 -0.2212
vn 0.0348 0.2312 -0.9723
vn -0.5407 -0.7698 -0.3392
vn -0.0515 -0.0431 -0.9977
vn 0.1836 -0.1952 -0.9634
vn -0.0033 0.2318 -0.9727
vn -0.0608 -0.0430 -0.9972
vn 0.0820 0.1839 -0.9795
vn 0.0823 0.0172 0.9965
vn -0.0088 0.7890 -0.6143
vn 0.6812 0.5558 -0.4765
vn -0.6078 -0.3122 0.7302
vn 0.7121 -0.1029 -0.6945
vn -0.3637 0.8419 -0.3986
vn -0.6320 0.6414 -0.4349
vn -0.0069 -0.3124 -0.9499
vn 0.2256 -0.9228 -0.3122
vn -0.4982 -0.0776 -0.8636
vn 0.1688 -0.9172 -0.3610
vn 0.0760 -0.9956 -0.0546
vn 0.0255 0.0958 -0.9951
vn 0.0501 0.3688 -0.9282
s 0
f 3498//6862 3499//6862 3501//6862
f 3498//6863 3500//6863 3499//6863
f 3498//6864 3545//6864 3500//6864
f 3498//6865 3501//6865 3502//6865
f 3498//6866 3502//6866 3503//6866
f 3498//6867 3503//6867 3504//6867
f 3498//6868 3504//6868 3505//6868
f 3498//6869 3505//6869 3506//6869
f 3498//6870 3506//6870 3507//6870
f 3498//6871 3507//6871 3508//6871
f 3498//6872 3508//6872 3509//6872
f 3498//6873 3509//6873 3510//6873
f 3498//6874 3510//6874 3511//6874
f 3498//6875 3511//6875 3512//6875
f 3498//6876 3512//6876 3513//6876
f 3498//6877 3513//6877 3514//6877
f 3498//6878 3514//6878 3515//6878
f 3498//6879 3515//6879 3516//6879
f 3498//6880 3516//6880 3517//6880
f 3498//6881 3517//6881 3518//6881
f 3498//6882 3518//6882 3519//6882
f 3498//6883 3519//6883 3520//6883
f 3498//6884 3520//6884 3521//6884
f 3498//6885 3521//6885 3522//6885
f 3498//6886 3522//6886 3523//6886
f 3498//6887 3523//6887 3524//6887
f 3498//6888 3524//6888 3525//6888
f 3498//6889 3525//6889 3526//6889
f 3498//6890 3526//6890 3527//6890
f 3498//6891 3527//6891 3528//6891
f 3498//6892 3528//6892 3529//6892
f 3498//6893 3529//6893 3530//6893
f 3498//6894 3530//6894 3531//6894
f 3498//6895 3531//6895 3532//6895
f 3498//6896 3532//6896 3533//6896
f 3498//6897 3533//6897 3534//6897
f 3498//6898 3534//6898 3535//6898
f 3498//6899 3535//6899 3536//6899
f 3498//6900 3536//6900 3537//6900
f 3498//6901 3537//6901 3538//6901
f 3498//6902 3538//6902 3539//6902
f 3498//6903 3539//6903 3540//6903
f 3498//6904 3540//6904 3541//6904
f 3498//6905 3541//6905 3542//6905
f 3498//6906 3542//6906 3543//6906
f 3498//6907 3543//6907 3544//6907
f 3498//6908 3544//6908 3545//6908
f 3544//6909 3543//6909 3545//6909
f 3500//6910 3545//6910 3546//6910
f 3545//6911 3549//6911 3546//6911
f 3545//6912 3543//6912 3548//6912
f 3545//6913 3547//6913 3549//6913
f 3545//6914 3548//6914 3547//6914
f 3547//6915 3551//6915 3549//6915
f 3546//6916 3549//6916 3550//6916
f 3549//6917 3554//6917 3550//6917
f 3549//6918 3551//6918 3552//6918
f 3549//6919 3552//6919 3553//6919
f 3549//6920 3553//6920 3554//6920
f 3552//6921 3554//6921 3553//6921
f 3550//6922 3554//6922 3555//6922
f 3554//6923 3556//6923 3555//6923
f 3552//6924 3556//6924 3554//6924
f 3552//6925 3557//6925 3556//6925
f 3555//6926 3556//6926 3557//6926
f 3552//6927 3558//6927 3557//6927
f 3555//6928 3557//6928 3558//6928
f 3552//6929 3559//6929 3558//6929
f 3555//6930 3558//6930 3559//6930
f 3552//6931 3560//6931 3559//6931
f 3561//6932 3559//6932 3560//6932
f 3555//6933 3559//6933 3561//6933
f 3562//6934 3561//6934 3563//6934
f 3562//6935 3555//6935 3561//6935
f 3561//6936 3560//6936 3563//6936
f 3562//6937 3563//6937 3564//6937
f 3564//6938 3563//6938 3565//6938
f 3563//6939 3568//6939 3565//6939
f 3563//6940 3560//6940 3566//6940
f 3563//6941 3566//6941 3567//6941
f 3563//6942 3567//6942 3568//6942
f 3567//6943 3569//6943 3568//6943
f 3565//6944 3568//6944 3569//6944
f 3565//6945 3569//6945 3503//6945
f 3569//6946 3504//6946 3503//6946
f 3567//6947 3570//6947 3569//6947
f 3569//6948 3570//6948 3507//6948
f 3569//6949 3507//6949 3506//6949
f 3569//6950 3506//6950 3505//6950
f 3569//6951 3505//6951 3504//6951
f 3567//6952 3571//6952 3570//6952
f 3571//6953 3572//6953 3570//6953
f 3570//6954 3508//6954 3507//6954
f 3570//6955 3572//6955 3509//6955
f 3570//6956 3509//6956 3508//6956
f 3571//6957 3573//6957 3572//6957
f 3573//6958 3510//6958 3572//6958
f 3572//6959 3510//6959 3509//6959
f 3552//6960 3573//6960 3575//6960
f 3552//6961 3574//6961 3573//6961
f 3573//6962 3574//6962 3512//6962
f 3571//6963 3575//6963 3573//6963
f 3573//6964 3512//6964 3511//6964
f 3573//6965 3511//6965 3510//6965
f 3552//6966 3575//6966 3576//6966
f 3576//6967 3575//6967 3577//6967
f 3577//6968 3575//6968 3571//6968
f 3567//6969 3576//6969 3577//6969
f 3567//6970 3577//6970 3571//6970
f 3552//6971 3576//6971 3560//6971
f 3560//6972 3576//6972 3567//6972
f 3552//6973 3578//6973 3574//6973
f 3574//6974 3578//6974 3513//6974
f 3574//6975 3513//6975 3512//6975
f 3552//6976 3579//6976 3578//6976
f 3578//6977 3579//6977 3518//6977
f 3578//6978 3514//6978 3513//6978
f 3578//6979 3518//6979 3517//6979
f 3578//6980 3517//6980 3516//6980
f 3578//6981 3516//6981 3515//6981
f 3578//6982 3515//6982 3514//6982
f 3552//6983 3580//6983 3579//6983
f 3579//6984 3580//6984 3518//6984
f 3552//6985 3581//6985 3580//6985
f 3580//6986 3581//6986 3582//6986
f 3518//6987 3580//6987 3519//6987
f 3580//6988 3520//6988 3519//6988
f 3580//6989 3582//6989 3520//6989
f 3581//6990 3521//6990 3582//6990
f 3582//6991 3521//6991 3520//6991
f 3552//6992 3583//6992 3581//6992
f 3581//6993 3583//6993 3584//6993
f 3581//6994 3584//6994 3521//6994
f 3583//6995 3585//6995 3584//6995
f 3584//6996 3522//6996 3521//6996
f 3585//6997 3522//6997 3584//6997
f 3586//6998 3585//6998 3583//6998
f 3586//6999 3587//6999 3585//6999
f 3587//7000 3522//7000 3585//7000
f 3588//7001 3587//7001 3589//7001
f 3588//7002 3523//7002 3587//7002
f 3523//7003 3522//7003 3587//7003
f 3589//7004 3587//7004 3586//7004
f 3590//7005 3589//7005 3586//7005
f 3590//7006 3588//7006 3589//7006
f 3591//7007 3590//7007 3593//7007
f 3591//7008 3592//7008 3590//7008
f 3592//7009 3588//7009 3590//7009
f 3593//7010 3590//7010 3594//7010
f 3594//7011 3590//7011 3595//7011
f 3590//7012 3596//7012 3595//7012
f 3590//7013 3586//7013 3596//7013
f 3552//7014 3596//7014 3583//7014
f 3552//7015 3595//7015 3596//7015
f 3586//7016 3583//7016 3596//7016
f 3552//7017 3594//7017 3595//7017
f 3552//7018 3597//7018 3594//7018
f 3597//7019 3593//7019 3594//7019
f 3552//7020 3598//7020 3597//7020
f 3599//7021 3597//7021 3598//7021
f 3599//7022 3591//7022 3597//7022
f 3597//7023 3591//7023 3593//7023
f 3600//7024 3599//7024 3598//7024
f 3600//7025 3601//7025 3599//7025
f 3601//7026 3602//7026 3599//7026
f 3599//7027 3602//7027 3603//7027
f 3599//7028 3603//7028 3591//7028
f 3602//7029 3528//7029 3603//7029
f 3603//7030 3604//7030 3591//7030
f 3603//7031 3528//7031 3527//7031
f 3603//7032 3527//7032 3604//7032
f 3527//7033 3526//7033 3604//7033
f 3591//7034 3604//7034 3592//7034
f 3604//7035 3526//7035 3592//7035
f 3601//7036 3529//7036 3602//7036
f 3529//7037 3528//7037 3602//7037
f 3600//7038 3605//7038 3601//7038
f 3605//7039 3529//7039 3601//7039
f 3600//7040 3606//7040 3605//7040
f 3606//7041 3530//7041 3605//7041
f 3605//7042 3530//7042 3529//7042
f 3607//7043 3606//7043 3600//7043
f 3607//7044 3532//7044 3606//7044
f 3532//7045 3531//7045 3606//7045
f 3606//7046 3531//7046 3530//7046
f 3608//7047 3607//7047 3600//7047
f 3608//7048 3533//7048 3607//7048
f 3533//7049 3532//7049 3607//7049
f 3609//7050 3608//7050 3611//7050
f 3609//7051 3610//7051 3608//7051
f 3536//7052 3608//7052 3610//7052
f 3608//7053 3600//7053 3611//7053
f 3536//7054 3535//7054 3608//7054
f 3608//7055 3535//7055 3534//7055
f 3608//7056 3534//7056 3533//7056
f 3609//7057 3611//7057 3612//7057
f 3611//7058 3613//7058 3612//7058
f 3611//7059 3600//7059 3614//7059
f 3611//7060 3614//7060 3613//7060
f 3614//7061 3615//7061 3613//7061
f 3600//7062 3598//7062 3614//7062
f 3614//7063 3598//7063 3616//7063
f 3614//7064 3616//7064 3615//7064
f 3552//7065 3616//7065 3598//7065
f 3552//7066 3615//7066 3616//7066
f 3552//7067 3613//7067 3615//7067
f 3552//7068 3617//7068 3613//7068
f 3612//7069 3613//7069 3617//7069
f 3552//7070 3618//7070 3617//7070
f 3619//7071 3617//7071 3618//7071
f 3619//7072 3612//7072 3617//7072
f 3620//7073 3619//7073 3621//7073
f 3620//7074 3609//7074 3619//7074
f 3609//7075 3612//7075 3619//7075
f 3619//7076 3622//7076 3621//7076
f 3619//7077 3618//7077 3622//7077
f 3552//7078 3622//7078 3618//7078
f 3552//7079 3621//7079 3622//7079
f 3552//7080 3623//7080 3621//7080
f 3620//7081 3621//7081 3623//7081
f 3552//7082 3624//7082 3623//7082
f 3625//7083 3623//7083 3624//7083
f 3620//7084 3623//7084 3625//7084
f 3626//7085 3625//7085 3627//7085
f 3626//7086 3620//7086 3625//7086
f 3625//7087 3628//7087 3627//7087
f 3625//7088 3624//7088 3628//7088
f 3552//7089 3628//7089 3624//7089
f 3552//7090 3629//7090 3628//7090
f 3627//7091 3628//7091 3629//7091
f 3551//7092 3629//7092 3630//7092
f 3551//7093 3627//7093 3629//7093
f 3552//7094 3630//7094 3629//7094
f 3551//7095 3630//7095 3631//7095
f 3552//7096 3631//7096 3630//7096
f 3551//7097 3631//7097 3552//7097
f 3626//7098 3627//7098 3632//7098
f 3632//7099 3627//7099 3551//7099
f 3548//7100 3632//7100 3547//7100
f 3548//7101 3626//7101 3632//7101
f 3547//7102 3632//7102 3551//7102
f 3548//7103 3633//7103 3626//7103
f 3633//7104 3634//7104 3626//7104
f 3626//7105 3634//7105 3635//7105
f 3626//7106 3635//7106 3620//7106
f 3634//7107 3539//7107 3635//7107
f 3635//7108 3609//7108 3620//7108
f 3635//7109 3539//7109 3538//7109
f 3635//7110 3538//7110 3537//7110
f 3635//7111 3537//7111 3636//7111
f 3635//7112 3636//7112 3609//7112
f 3537//7113 3610//7113 3636//7113
f 3636//7114 3610//7114 3609//7114
f 3542//7115 3634//7115 3633//7115
f 3542//7116 3541//7116 3634//7116
f 3541//7117 3540//7117 3634//7117
f 3634//7118 3540//7118 3539//7118
f 3548//7119 3542//7119 3633//7119
f 3537//7120 3536//7120 3610//7120
f 3592//7121 3526//7121 3525//7121
f 3592//7122 3525//7122 3524//7122
f 3592//7123 3524//7123 3588//7123
f 3524//7124 3523//7124 3588//7124
f 3560//7125 3567//7125 3566//7125
f 3564//7126 3565//7126 3501//7126
f 3501//7127 3565//7127 3502//7127
f 3565//7128 3503//7128 3502//7128
f 3546//7129 3564//7129 3499//7129
f 3546//7130 3562//7130 3564//7130
f 3499//7131 3564//7131 3501//7131
f 3546//7132 3550//7132 3562//7132
f 3550//7133 3555//7133 3562//7133
f 3543//7134 3542//7134 3548//7134
f 3500//7135 3546//7135 3499//7135
o geometry_9.035
v 0.018595 -0.008738 -0.009051
v 0.019140 -0.007452 -0.009598
v 0.018219 -0.008900 -0.009184
v 0.017374 -0.008401 -0.008412
v 0.018425 -0.006361 -0.008234
v 0.020249 -0.003447 -0.008834
v 0.020756 -0.002598 -0.008867
v 0.020931 -0.002198 -0.008860
v 0.020857 -0.001292 -0.008805
v 0.020769 -0.000848 -0.008767
v 0.019254 0.002038 -0.008511
v 0.018428 0.003364 -0.008369
v 0.018276 0.003559 -0.008349
v 0.017643 0.004285 -0.008273
v 0.016650 0.005112 -0.007432
v 0.018195 0.005400 -0.007042
v 0.018171 0.004998 -0.008154
v 0.018109 0.006610 -0.009011
v 0.018070 0.007382 -0.009455
v 0.018032 0.008271 -0.009983
v 0.018015 0.008502 -0.010139
v 0.017952 0.009579 -0.010881
v 0.017928 0.009956 -0.011152
v 0.017853 0.011066 -0.011994
v 0.017805 0.011529 -0.012406
v 0.017424 0.013737 -0.013748
v 0.017946 -0.016808 -0.015531
v 0.018097 -0.016226 -0.016816
v 0.018652 -0.015438 -0.016045
v 0.018457 -0.015356 -0.015572
v 0.018626 -0.016399 -0.015166
v 0.018901 -0.016353 -0.013779
v 0.018762 -0.016249 -0.013460
v 0.018519 -0.015705 -0.012419
v 0.018435 -0.013999 -0.011989
v 0.018570 -0.014685 -0.011229
v 0.018752 -0.013823 -0.010400
v 0.018773 -0.012818 -0.009731
v 0.018663 -0.010993 -0.010148
v 0.018375 -0.011822 -0.009120
v 0.018739 -0.010935 -0.008646
v 0.018491 -0.009039 -0.008437
v 0.018669 -0.008989 -0.009127
v 0.017595 -0.009330 -0.009272
v 0.017232 -0.010498 -0.009199
v 0.018630 -0.012142 -0.011653
v 0.019306 -0.013124 -0.012710
v 0.017391 -0.013388 -0.011001
v 0.018976 -0.013831 -0.013013
v 0.019753 -0.013501 -0.013538
v 0.018559 -0.014253 -0.013442
v 0.017834 -0.014189 -0.012626
v 0.019528 -0.014011 -0.013832
v 0.020196 -0.013771 -0.014257
v 0.020408 -0.013052 -0.013970
v 0.019842 -0.014088 -0.014639
v 0.023974 -0.007081 -0.014694
v 0.020451 -0.013335 -0.014561
v 0.020270 -0.013834 -0.014935
v 0.019099 -0.015024 -0.016175
v 0.025440 -0.008186 -0.015270
v 0.019711 -0.015006 -0.016766
v 0.020705 -0.014160 -0.016607
v 0.021123 -0.013252 -0.016535
v 0.021521 -0.014897 -0.015501
v 0.024663 0.012312 -0.013894
v 0.019604 -0.016114 -0.015575
v 0.019702 -0.016085 -0.015973
v 0.019562 -0.016352 -0.015517
v 0.019007 -0.016480 -0.015271
v 0.018898 -0.015438 -0.016750
v 0.017978 -0.015249 -0.015027
v 0.017237 -0.015728 -0.013872
v 0.018559 -0.014872 -0.014735
v 0.023649 0.006804 -0.012317
v 0.024318 0.012175 -0.015297
v 0.023492 0.010694 -0.014035
v 0.023702 0.005343 -0.011847
v 0.023830 0.001542 -0.011151
v 0.023846 0.000902 -0.011067
v 0.023874 0.000046 -0.011083
v 0.023887 -0.000441 -0.011094
v 0.023899 -0.001329 -0.011310
v 0.023911 -0.001736 -0.011441
v 0.023980 -0.005378 -0.013142
v 0.024605 -0.007661 -0.016441
v 0.023143 -0.005787 -0.012325
v 0.022973 -0.006662 -0.012574
v 0.020113 -0.012313 -0.013052
v 0.022455 -0.006212 -0.011812
v 0.021874 -0.005730 -0.010973
v 0.019568 -0.007801 -0.010142
v 0.020098 -0.006292 -0.009797
v 0.022693 -0.004659 -0.011324
v 0.021698 -0.002768 -0.009446
v 0.019478 -0.006420 -0.009424
v 0.021785 -0.002062 -0.009343
v 0.021053 -0.002144 -0.008934
v 0.021086 -0.003305 -0.009288
v 0.021799 -0.000789 -0.009297
v 0.021044 -0.000892 -0.008913
v 0.021713 -0.000080 -0.009344
vn 0.4912 0.1562 0.8569
vn 0.4740 -0.5069 -0.7200
vn 0.1830 0.3349 -0.9243
vn -0.3847 0.2753 -0.8810
vn -0.6037 0.2202 -0.7662
vn -0.2701 0.1236 -0.9549
vn -0.1203 0.0720 -0.9901
vn 0.0704 -0.0543 0.9960
vn 0.1052 -0.0648 0.9923
vn 0.0655 -0.0540 0.9964
vn 0.0827 -0.0549 0.9951
vn 0.0582 -0.0554 0.9968
vn 0.0565 -0.0554 0.9969
vn 0.6472 0.0018 0.7623
vn 0.2171 0.1434 -0.9656
vn -0.9989 -0.0329 0.0326
vn -0.9994 -0.0317 0.0136
vn -0.9990 -0.0318 0.0309
vn -0.9993 -0.0321 0.0192
vn -0.9974 -0.0294 0.0662
vn -0.9988 -0.0312 0.0381
vn -0.9983 -0.0300 0.0501
vn -0.9983 -0.0301 0.0491
vn -0.9959 -0.0244 0.0872
vn -0.9572 0.0106 0.2892
vn -0.9912 -0.0245 0.1299
vn 0.9901 -0.1272 0.0591
vn 0.0645 -0.7204 0.6906
vn -0.8124 0.4178 -0.4068
vn -0.9852 -0.1092 0.1318
vn -0.9672 -0.1609 0.1966
vn -0.8566 0.2469 -0.4531
vn -0.9409 0.1556 -0.3008
vn 0.9616 0.1108 -0.2509
vn -0.9898 -0.0454 0.1352
vn -0.9382 -0.1156 0.3264
vn -0.9900 -0.0640 0.1260
vn 0.9979 0.0503 -0.0416
vn -0.9741 0.0745 -0.2134
vn -0.8327 0.0472 0.5517
vn -0.9711 -0.1032 -0.2151
vn 0.9452 0.1998 0.2580
vn -0.9482 0.2206 -0.2285
vn -0.0592 0.3087 0.9493
vn 0.3784 0.1502 -0.9134
vn 0.6383 -0.6072 -0.4732
vn 0.7022 -0.2601 -0.6627
vn 0.6927 -0.3514 0.6299
vn 0.2108 -0.0039 0.9775
vn 0.7572 0.6532 -0.0062
vn 0.4034 0.2971 -0.8654
vn 0.5779 -0.3795 0.7225
vn 0.6589 -0.2921 0.6931
vn -0.9746 0.1878 -0.1221
vn 0.7467 -0.5365 0.3932
vn 0.6981 -0.1193 -0.7060
vn 0.6024 -0.5350 0.5923
vn 0.2954 0.9551 0.0222
vn 0.4780 0.4800 -0.7356
vn 0.6172 -0.5353 0.5767
vn 0.6176 -0.5312 0.5799
vn 0.3075 -0.9511 0.0294
vn 0.3788 -0.8172 0.4344
vn 0.3970 -0.8176 0.4170
vn 0.5616 -0.6440 0.5195
vn 0.4700 -0.8424 0.2636
vn 0.6843 -0.4353 0.5850
vn 0.7869 -0.4145 0.4572
vn 0.5741 -0.8071 0.1379
vn 0.8712 -0.4903 0.0264
vn 0.8941 -0.4263 0.1371
vn 0.5943 -0.7817 0.1891
vn 0.6690 -0.5851 0.4584
vn 0.4107 -0.8198 0.3991
vn 0.7337 -0.6627 0.1501
vn 0.5898 -0.7499 0.2997
vn 0.8559 -0.4181 0.3043
vn -0.6856 0.2613 0.6795
vn -0.5929 0.3208 0.7386
vn 0.0011 0.0589 -0.9983
vn -0.0524 0.0649 -0.9965
vn -0.4045 0.5950 0.6945
vn 0.9578 -0.1835 0.2213
vn -0.8948 0.4040 -0.1899
vn -0.9652 0.1824 -0.1875
vn 0.7055 0.4967 0.5056
vn 0.6077 0.4670 0.6424
vn -0.5360 0.5028 0.6782
vn -0.4248 0.1263 -0.8964
vn 0.0647 0.8181 0.5715
vn -0.9080 -0.1174 0.4022
vn 0.5275 -0.7668 0.3657
vn 0.5034 0.8460 0.1759
vn 0.6724 -0.7021 0.2344
vn -0.6370 0.6072 0.4749
vn 0.5434 -0.8394 -0.0000
vn 0.7236 0.3354 0.6032
vn 0.7376 0.3461 0.5799
vn 0.4326 -0.8651 0.2538
vn 0.0526 0.9875 -0.1488
vn 0.4875 -0.8306 0.2693
vn 0.5940 -0.7953 0.1213
vn 0.4872 -0.8303 0.2706
vn 0.4244 -0.5823 0.6934
vn 0.2722 0.0363 -0.9616
vn 0.3549 0.9234 -0.1464
vn 0.3546 0.9296 -0.1007
vn 0.2377 -0.0002 -0.9713
vn -0.3537 0.8672 0.3506
vn -0.9490 0.2349 0.2104
vn 0.8468 -0.0036 0.5319
vn -0.1885 -0.9719 0.1412
vn -0.0087 0.0581 -0.9983
vn 0.5279 0.3608 0.7688
vn 0.3052 0.5133 0.8021
vn 0.2987 0.5327 0.7918
vn -0.8064 0.5614 -0.1859
vn 0.6065 0.3415 0.7180
vn 0.4108 0.4405 0.7982
vn 0.2958 0.6518 0.6983
vn 0.3093 0.5879 0.7474
vn 0.3184 0.5672 0.7596
vn 0.3276 0.5487 0.7692
vn 0.3300 0.5451 0.7707
vn 0.3714 0.4861 0.7911
vn 0.3802 0.4750 0.7936
vn 0.1969 -0.9788 -0.0569
vn 0.5868 -0.1113 0.8020
vn 0.4440 0.2981 0.8450
vn 0.4592 0.2733 0.8453
vn 0.4492 0.2887 0.8455
vn 0.9993 0.0293 -0.0227
vn 0.9954 0.0132 -0.0947
vn 0.9995 0.0325 -0.0044
vn 0.9993 0.0286 -0.0254
vn 0.9986 0.0249 -0.0474
vn 0.9995 0.0299 -0.0070
vn 0.9994 0.0285 -0.0204
vn 0.9989 0.0296 -0.0360
vn 0.9358 -0.0381 0.3504
vn -0.8381 -0.2001 0.5075
vn 0.7904 -0.4362 0.4301
vn -0.5137 0.5843 0.6282
vn 0.7366 -0.2746 0.6181
vn 0.7875 -0.4166 0.4541
vn 0.7369 -0.3127 0.5994
vn 0.6446 -0.3798 0.6635
vn 0.6630 -0.3897 0.6392
vn 0.7180 -0.4110 0.5618
vn 0.6853 -0.3184 0.6549
vn 0.7881 -0.4156 0.4542
vn 0.6443 -0.3797 0.6638
vn 0.6851 -0.3168 0.6560
vn 0.5916 -0.3651 0.7188
vn 0.5949 -0.3776 0.7096
vn 0.5926 -0.3734 0.7137
vn 0.5917 -0.3412 0.7304
vn 0.6868 -0.3101 0.6573
vn 0.6813 -0.3029 0.6664
vn 0.5028 -0.3007 0.8104
vn 0.5565 -0.3285 0.7631
vn 0.4601 -0.2745 0.8444
vn 0.7111 -0.2702 0.6492
vn 0.7057 -0.1989 0.6800
vn 0.7032 -0.1876 0.6858
vn 0.4948 -0.1858 0.8489
vn 0.4880 -0.1945 0.8509
vn 0.4740 -0.2495 0.8444
vn 0.4929 -0.3227 0.8080
vn 0.4895 -0.1289 0.8624
vn 0.6834 -0.3801 0.6233
vn 0.4903 -0.0366 0.8708
vn 0.5853 -0.2710 0.7642
vn 0.4549 -0.0118 0.8905
vn 0.5245 -0.0107 0.8514
vn 0.4386 0.1116 0.8917
vn 0.5146 -0.0096 0.8574
vn 0.4182 0.1322 0.8987
vn 0.4715 0.0172 0.8817
vn 0.4841 0.1782 0.8567
vn 0.4795 0.2166 0.8504
vn 0.4604 0.1939 0.8663
vn 0.5633 0.1669 0.8092
vn 0.5880 0.1236 0.7993
vn 0.6550 -0.0343 0.7549
vn 0.6520 0.0011 0.7582
vn 0.6506 0.0072 0.7594
vn 0.5903 0.1208 0.7981
vn 0.7016 -0.1599 0.6944
vn 0.6975 -0.3347 0.6336
vn 0.7224 -0.2755 0.6343
vn 0.5992 -0.3716 0.7092
vn 0.6889 -0.4432 0.5735
vn 0.6852 -0.4437 0.5776
vn 0.7483 0.0703 0.6597
vn 0.8945 0.1970 -0.4014
vn -0.7116 0.4540 0.5363
vn 0.9113 0.4117 -0.0028
vn 0.6790 0.2109 -0.7032
vn 0.6484 -0.3912 0.6531
s 0
f 3637//7136 3638//7136 3640//7136
f 3637//7137 3639//7137 3638//7137
f 3637//7138 3679//7138 3639//7138
f 3637//7139 3640//7139 3641//7139
f 3637//7140 3641//7140 3642//7140
f 3637//7141 3642//7141 3643//7141
f 3637//7142 3643//7142 3644//7142
f 3637//7143 3644//7143 3645//7143
f 3637//7144 3645//7144 3646//7144
f 3637//7145 3646//7145 3647//7145
f 3637//7146 3647//7146 3648//7146
f 3637//7147 3648//7147 3649//7147
f 3637//7148 3649//7148 3650//7148
f 3637//7149 3650//7149 3651//7149
f 3637//7150 3651//7150 3652//7150
f 3637//7151 3652//7151 3653//7151
f 3637//7152 3653//7152 3654//7152
f 3637//7153 3654//7153 3655//7153
f 3637//7154 3655//7154 3656//7154
f 3637//7155 3656//7155 3657//7155
f 3637//7156 3657//7156 3658//7156
f 3637//7157 3658//7157 3659//7157
f 3637//7158 3659//7158 3660//7158
f 3637//7159 3660//7159 3661//7159
f 3637//7160 3661//7160 3662//7160
f 3637//7161 3662//7161 3663//7161
f 3637//7162 3663//7162 3664//7162
f 3637//7163 3664//7163 3665//7163
f 3637//7164 3665//7164 3666//7164
f 3637//7165 3666//7165 3667//7165
f 3637//7166 3667//7166 3668//7166
f 3637//7167 3668//7167 3669//7167
f 3637//7168 3669//7168 3670//7168
f 3637//7169 3670//7169 3671//7169
f 3637//7170 3671//7170 3672//7170
f 3637//7171 3672//7171 3673//7171
f 3637//7172 3673//7172 3674//7172
f 3637//7173 3674//7173 3675//7173
f 3637//7174 3675//7174 3676//7174
f 3637//7175 3676//7175 3677//7175
f 3637//7176 3677//7176 3678//7176
f 3637//7177 3678//7177 3679//7177
f 3638//7178 3679//7178 3678//7178
f 3639//7179 3679//7179 3638//7179
f 3678//7180 3677//7180 3681//7180
f 3638//7181 3678//7181 3680//7181
f 3678//7182 3681//7182 3680//7182
f 3638//7183 3681//7183 3682//7183
f 3638//7184 3680//7184 3681//7184
f 3681//7185 3676//7185 3682//7185
f 3681//7186 3677//7186 3676//7186
f 3638//7187 3682//7187 3683//7187
f 3682//7188 3684//7188 3683//7188
f 3682//7189 3676//7189 3675//7189
f 3682//7190 3675//7190 3684//7190
f 3675//7191 3674//7191 3684//7191
f 3683//7192 3684//7192 3685//7192
f 3684//7193 3673//7193 3685//7193
f 3684//7194 3674//7194 3673//7194
f 3683//7195 3685//7195 3686//7195
f 3685//7196 3690//7196 3686//7196
f 3685//7197 3673//7197 3688//7197
f 3685//7198 3687//7198 3689//7198
f 3685//7199 3688//7199 3687//7199
f 3685//7200 3689//7200 3690//7200
f 3689//7201 3692//7201 3690//7201
f 3686//7202 3690//7202 3691//7202
f 3690//7203 3693//7203 3691//7203
f 3690//7204 3692//7204 3695//7204
f 3690//7205 3694//7205 3693//7205
f 3690//7206 3695//7206 3694//7206
f 3692//7207 3696//7207 3695//7207
f 3694//7208 3695//7208 3697//7208
f 3695//7209 3696//7209 3698//7209
f 3695//7210 3700//7210 3697//7210
f 3695//7211 3698//7211 3699//7211
f 3695//7212 3699//7212 3700//7212
f 3699//7213 3701//7213 3700//7213
f 3697//7214 3700//7214 3701//7214
f 3702//7215 3701//7215 3703//7215
f 3702//7216 3697//7216 3701//7216
f 3699//7217 3703//7217 3701//7217
f 3702//7218 3703//7218 3704//7218
f 3699//7219 3704//7219 3703//7219
f 3702//7220 3704//7220 3705//7220
f 3696//7221 3705//7221 3704//7221
f 3696//7222 3704//7222 3698//7222
f 3698//7223 3704//7223 3699//7223
f 3702//7224 3705//7224 3706//7224
f 3706//7225 3705//7225 3707//7225
f 3696//7226 3707//7226 3705//7226
f 3708//7227 3707//7227 3696//7227
f 3708//7228 3665//7228 3707//7228
f 3664//7229 3707//7229 3665//7229
f 3706//7230 3707//7230 3664//7230
f 3709//7231 3708//7231 3710//7231
f 3709//7232 3667//7232 3708//7232
f 3667//7233 3666//7233 3708//7233
f 3710//7234 3708//7234 3696//7234
f 3708//7235 3666//7235 3665//7235
f 3689//7236 3710//7236 3692//7236
f 3689//7237 3709//7237 3710//7237
f 3710//7238 3696//7238 3692//7238
f 3687//7239 3709//7239 3689//7239
f 3687//7240 3669//7240 3709//7240
f 3669//7241 3668//7241 3709//7241
f 3709//7242 3668//7242 3667//7242
f 3702//7243 3706//7243 3663//7243
f 3663//7244 3706//7244 3664//7244
f 3711//7245 3702//7245 3712//7245
f 3711//7246 3697//7246 3702//7246
f 3712//7247 3702//7247 3662//7247
f 3702//7248 3663//7248 3662//7248
f 3711//7249 3712//7249 3713//7249
f 3713//7250 3712//7250 3661//7250
f 3712//7251 3662//7251 3661//7251
f 3652//7252 3713//7252 3653//7252
f 3652//7253 3711//7253 3713//7253
f 3713//7254 3654//7254 3653//7254
f 3713//7255 3661//7255 3660//7255
f 3713//7256 3660//7256 3659//7256
f 3713//7257 3659//7257 3658//7257
f 3713//7258 3658//7258 3657//7258
f 3713//7259 3657//7259 3656//7259
f 3713//7260 3656//7260 3655//7260
f 3713//7261 3655//7261 3654//7261
f 3652//7262 3651//7262 3711//7262
f 3651//7263 3650//7263 3711//7263
f 3711//7264 3650//7264 3649//7264
f 3711//7265 3649//7265 3648//7265
f 3711//7266 3648//7266 3714//7266
f 3711//7267 3714//7267 3715//7267
f 3711//7268 3715//7268 3716//7268
f 3711//7269 3716//7269 3717//7269
f 3711//7270 3717//7270 3718//7270
f 3711//7271 3718//7271 3719//7271
f 3711//7272 3719//7272 3720//7272
f 3711//7273 3720//7273 3721//7273
f 3711//7274 3721//7274 3693//7274
f 3711//7275 3693//7275 3722//7275
f 3711//7276 3722//7276 3697//7276
f 3693//7277 3694//7277 3722//7277
f 3694//7278 3697//7278 3722//7278
f 3723//7279 3721//7279 3720//7279
f 3724//7280 3693//7280 3721//7280
f 3723//7281 3724//7281 3721//7281
f 3683//7282 3724//7282 3726//7282
f 3683//7283 3725//7283 3724//7283
f 3725//7284 3691//7284 3724//7284
f 3726//7285 3724//7285 3723//7285
f 3724//7286 3691//7286 3693//7286
f 3727//7287 3683//7287 3726//7287
f 3727//7288 3726//7288 3723//7288
f 3638//7289 3727//7289 3729//7289
f 3638//7290 3728//7290 3727//7290
f 3728//7291 3683//7291 3727//7291
f 3727//7292 3731//7292 3729//7292
f 3727//7293 3723//7293 3730//7293
f 3727//7294 3730//7294 3731//7294
f 3638//7295 3731//7295 3732//7295
f 3638//7296 3729//7296 3731//7296
f 3731//7297 3735//7297 3732//7297
f 3731//7298 3730//7298 3720//7298
f 3731//7299 3720//7299 3719//7299
f 3731//7300 3719//7300 3733//7300
f 3731//7301 3733//7301 3734//7301
f 3731//7302 3734//7302 3643//7302
f 3731//7303 3643//7303 3642//7303
f 3731//7304 3642//7304 3735//7304
f 3641//7305 3735//7305 3642//7305
f 3732//7306 3735//7306 3641//7306
f 3733//7307 3736//7307 3734//7307
f 3734//7308 3644//7308 3643//7308
f 3734//7309 3736//7309 3737//7309
f 3734//7310 3737//7310 3644//7310
f 3736//7311 3738//7311 3737//7311
f 3737//7312 3645//7312 3644//7312
f 3737//7313 3738//7313 3647//7313
f 3737//7314 3646//7314 3645//7314
f 3737//7315 3647//7315 3646//7315
f 3648//7316 3738//7316 3714//7316
f 3648//7317 3647//7317 3738//7317
f 3714//7318 3738//7318 3715//7318
f 3736//7319 3715//7319 3738//7319
f 3733//7320 3718//7320 3736//7320
f 3718//7321 3717//7321 3736//7321
f 3736//7322 3717//7322 3716//7322
f 3736//7323 3716//7323 3715//7323
f 3719//7324 3718//7324 3733//7324
f 3638//7325 3732//7325 3641//7325
f 3723//7326 3720//7326 3730//7326
f 3638//7327 3683//7327 3728//7327
f 3683//7328 3686//7328 3725//7328
f 3686//7329 3691//7329 3725//7329
f 3688//7330 3669//7330 3687//7330
f 3673//7331 3672//7331 3688//7331
f 3688//7332 3672//7332 3671//7332
f 3688//7333 3670//7333 3669//7333
f 3688//7334 3671//7334 3670//7334
f 3638//7335 3641//7335 3640//7335
o geometry_9.036
v 0.000332 -0.028496 -0.007744
v 0.001002 -0.028182 -0.008107
v 0.000410 -0.028477 -0.008258
v 0.000248 -0.028202 -0.008052
v -0.000515 -0.028247 -0.008217
v -0.000995 -0.028392 -0.007814
v -0.000447 -0.028912 -0.007922
v -0.002173 -0.028496 -0.007587
v -0.002442 -0.028224 -0.007481
v -0.003845 -0.027766 -0.007359
v -0.004795 -0.027318 -0.007321
v -0.005472 -0.026973 -0.007230
v -0.008219 -0.025342 -0.007159
v -0.008281 -0.025408 -0.006999
v -0.009321 -0.024751 -0.006927
v -0.019784 -0.017983 -0.007071
v -0.020262 -0.017833 -0.006334
v -0.019714 -0.016409 -0.006401
v -0.020119 -0.015678 -0.006162
v -0.020205 -0.015463 -0.006236
v -0.020794 -0.013933 -0.005788
v -0.020952 -0.013317 -0.005732
v -0.021458 -0.012264 -0.005761
v 0.001766 -0.011436 -0.006515
v 0.002681 -0.027821 -0.008350
v 0.002124 -0.028577 -0.008151
v 0.002332 -0.028448 -0.007561
v 0.002465 -0.027850 -0.007791
v 0.001880 -0.029690 -0.007962
v 0.001183 -0.029591 -0.008257
v 0.001850 -0.028415 -0.008854
v 0.001374 -0.027894 -0.007454
v 0.001316 -0.027529 -0.005895
v 0.001235 -0.027173 -0.004448
v 0.001745 -0.027113 -0.005020
v 0.000870 -0.027082 -0.003499
v 0.001499 -0.026907 -0.004090
v 0.002536 -0.028972 -0.009160
v 0.001925 -0.027789 -0.007344
v 0.001930 -0.026902 -0.005013
v 0.001873 -0.026595 -0.004434
v 0.001702 -0.026250 -0.003138
v 0.001582 -0.025940 -0.002213
v 0.000689 -0.025966 -0.000823
v 0.000724 -0.026208 -0.001440
v 0.001354 -0.025674 -0.001565
v 0.001592 -0.024714 -0.000763
v 0.001978 -0.025445 -0.002720
v 0.001963 -0.024936 -0.001772
v 0.001978 -0.024440 -0.001155
v 0.002017 -0.022690 0.000493
v 0.002032 -0.021537 0.001371
v 0.000676 -0.024864 0.000331
v 0.002388 -0.022312 0.001701
v 0.002202 -0.021421 0.001145
v 0.002207 -0.020067 0.001506
v 0.002299 -0.012044 0.003499
v 0.000057 -0.024996 0.000321
v -0.000168 -0.025043 0.000349
v -0.000084 -0.024725 0.000322
v -0.005590 -0.014362 0.000236
v -0.002916 -0.011166 0.002072
v -0.005541 -0.015831 0.000060
v -0.021314 -0.012313 -0.005859
v -0.021161 -0.012279 -0.005140
v -0.020712 -0.012351 -0.004992
v -0.020910 -0.011299 -0.004146
v -0.019357 -0.012372 -0.004292
v -0.004134 -0.012222 0.001169
v -0.002854 -0.012063 0.001557
v -0.006680 -0.014400 -0.000119
v -0.006542 -0.015821 -0.000261
v -0.019918 -0.016395 -0.007071
v -0.019805 -0.015602 -0.006649
v -0.005875 -0.024897 -0.003571
v -0.008855 -0.024441 -0.006103
v -0.005364 -0.025708 -0.003995
v -0.004484 -0.026019 -0.003546
v -0.005878 -0.025878 -0.004757
v -0.005096 -0.026020 -0.004219
v -0.005166 -0.026378 -0.005483
v -0.006159 -0.025867 -0.005376
v -0.009047 -0.024482 -0.006696
v -0.008137 -0.025058 -0.006753
v -0.007277 -0.025542 -0.006786
v -0.006556 -0.025925 -0.006871
v -0.004557 -0.027032 -0.007521
v -0.005074 -0.026660 -0.006876
v -0.004358 -0.026942 -0.006459
v -0.003347 -0.027087 -0.005604
v -0.004065 -0.026861 -0.005591
v -0.003078 -0.027023 -0.004919
v -0.003594 -0.026649 -0.004372
v -0.002240 -0.026929 -0.003995
v -0.001476 -0.027036 -0.003656
v -0.000634 -0.027104 -0.003370
v -0.000903 -0.026869 -0.002958
v -0.001034 -0.027229 -0.004128
v -0.000669 -0.026186 -0.001412
v -0.002383 -0.027087 -0.004588
v -0.002412 -0.027330 -0.005675
v -0.000996 -0.027607 -0.005762
v -0.001646 -0.028474 -0.008755
v -0.002609 -0.027655 -0.007289
v -0.000292 -0.026005 -0.000750
v 0.000293 -0.026855 -0.002654
v 0.000293 -0.026338 -0.001503
v 0.000302 -0.025970 -0.000767
v -0.000391 -0.025376 -0.000231
v -0.000975 -0.025901 -0.001128
v -0.004969 -0.025407 -0.003385
v 0.000379 -0.025199 -0.000004
v 0.000299 -0.027096 -0.003313
v 0.000283 -0.027385 -0.004335
v 0.000294 -0.027729 -0.005834
v 0.000266 -0.027994 -0.007127
v 0.000899 -0.025298 -0.000524
v 0.001977 -0.025415 -0.002548
v 0.001955 -0.025717 -0.002915
v 0.001933 -0.026448 -0.004151
vn 0.0311 0.7266 0.6864
vn 0.4390 -0.8979 0.0340
vn 0.8126 0.5647 0.1442
vn -0.1933 0.6824 0.7049
vn 0.0512 0.9188 0.3913
vn -0.0716 -0.2756 0.9586
vn -0.0550 0.4773 -0.8770
vn -0.0595 0.3102 -0.9488
vn -0.0975 -0.0326 -0.9947
vn -0.1203 -0.1723 -0.9777
vn -0.0387 0.1845 -0.9821
vn -0.1350 -0.1854 -0.9734
vn 0.3342 0.8198 0.4650
vn -0.1092 -0.0650 -0.9919
vn -0.2120 -0.3471 -0.9136
vn 0.4629 0.8781 0.1210
vn -0.0774 -0.0176 -0.9968
vn 0.1764 0.3928 -0.9025
vn -0.3279 -0.4187 -0.8469
vn 0.1389 0.3271 -0.9347
vn -0.0372 0.0799 -0.9961
vn -0.1697 -0.1081 -0.9795
vn -0.0350 0.0748 -0.9966
vn -0.2733 0.0920 -0.9575
vn -0.2242 -0.0905 -0.9703
vn 0.0040 -0.9772 0.2123
vn -0.0933 0.3741 0.9227
vn -0.0549 0.1100 -0.9924
vn 0.3800 0.6181 -0.6882
vn -0.2575 0.5497 0.7947
vn -0.1850 -0.1276 0.9744
vn 0.6615 0.0052 0.7499
vn 0.0691 -0.9270 0.3686
vn -0.4054 -0.8932 0.1944
vn -0.8901 0.2473 0.3829
vn -0.3871 -0.9001 0.1998
vn 0.4356 -0.8486 0.3002
vn 0.2876 -0.9044 0.3151
vn 0.5164 -0.7968 0.3136
vn 0.3572 -0.9067 0.2242
vn 0.6511 -0.6860 0.3246
vn -0.9551 0.1065 -0.2765
vn 0.4371 0.8339 -0.3370
vn 0.2298 -0.8707 0.4348
vn 0.8078 0.5799 -0.1060
vn 0.7272 -0.6419 0.2432
vn 0.6875 -0.6120 0.3908
vn 0.8447 -0.4790 0.2389
vn 0.7186 -0.6258 0.3034
vn 0.7339 -0.4975 0.4625
vn 0.5422 -0.7709 0.3342
vn 0.5583 -0.7473 0.3603
vn 0.6805 -0.5621 0.4702
vn 0.8654 -0.4302 0.2568
vn 0.7678 -0.4920 0.4103
vn 0.8641 -0.4377 0.2485
vn 0.8113 -0.4645 0.3551
vn 0.8994 -0.3505 0.2612
vn 0.7747 -0.4428 0.4514
vn 0.9681 -0.1831 0.1712
vn 0.4923 -0.5312 0.6895
vn 0.9871 -0.1045 0.1210
vn 0.6478 -0.0259 -0.7614
vn 0.7115 -0.4570 0.5338
vn -0.9199 -0.3398 0.1958
vn -0.7798 0.2057 0.5913
vn 0.9845 0.1552 -0.0817
vn 0.0649 -0.2569 0.9642
vn 0.9989 -0.0153 0.0436
vn 0.0109 -0.2412 0.9704
vn 0.9984 -0.0242 0.0511
vn 0.0370 -0.2442 0.9690
vn 0.1730 -0.2628 0.9492
vn 0.9974 0.0514 -0.0501
vn -0.0336 0.9975 0.0623
vn -0.9488 0.2320 -0.2142
vn -0.3249 -0.1719 0.9300
vn -0.3481 -0.1232 0.9293
vn -0.2966 -0.2768 0.9140
vn 0.3058 0.4900 -0.8163
vn -0.1095 -0.9465 0.3035
vn 0.0080 0.9988 -0.0488
vn -0.3353 -0.2180 0.9165
vn 0.2601 0.6345 -0.7279
vn -0.2825 -0.5184 0.8071
vn -0.3305 -0.1808 0.9263
vn 0.3083 -0.4933 -0.8134
vn -0.2507 -0.2587 0.9329
vn 0.0724 0.5004 -0.8628
vn -0.3044 -0.1240 0.9444
vn -0.3040 -0.1236 0.9446
vn -0.2886 -0.2837 0.9144
vn -0.3282 -0.1255 0.9362
vn -0.3318 -0.1618 0.9294
vn -0.3374 -0.1719 0.9255
vn -0.3037 -0.1476 0.9413
vn 0.5620 0.8237 -0.0750
vn -0.4883 -0.5039 0.7125
vn -0.1091 0.4787 -0.8712
vn -0.8826 -0.3843 0.2710
vn -0.3411 -0.5006 0.7956
vn 0.8078 -0.3622 0.4650
vn 0.7994 0.2337 0.5535
vn -0.8700 -0.4483 0.2053
vn -0.4910 -0.5247 0.6954
vn -0.5242 -0.6298 0.5733
vn 0.8143 0.5297 -0.2375
vn 0.8916 -0.3564 -0.2794
vn 0.8438 0.0709 0.5319
vn -0.0928 -0.0079 0.9957
vn -0.5419 -0.6869 0.4843
vn -0.5036 -0.7064 0.4973
vn -0.5182 -0.6292 0.5793
vn -0.5504 -0.6552 0.5175
vn -0.4058 -0.8358 0.3698
vn -0.3501 -0.8961 0.2729
vn -0.5034 -0.8352 0.2215
vn -0.4340 -0.8825 0.1812
vn -0.4910 -0.8461 0.2077
vn -0.5086 -0.8283 0.2350
vn -0.2472 -0.4753 0.8444
vn -0.4776 -0.8599 0.1804
vn -0.2431 -0.4877 0.8385
vn -0.2489 -0.4851 0.8383
vn -0.0595 -0.3634 0.9297
vn -0.1411 -0.4612 0.8760
vn -0.4488 -0.8805 0.1528
vn -0.3898 -0.6832 0.6174
vn -0.0400 -0.9192 -0.3918
vn 0.4239 0.2552 0.8690
vn -0.4382 -0.8846 0.1595
vn -0.4388 -0.8859 0.1504
vn -0.4403 -0.8839 0.1573
vn -0.4374 -0.8866 0.1504
vn -0.4390 -0.8858 0.1502
vn -0.2015 -0.7769 0.5965
vn -0.3988 -0.8569 0.3267
vn -0.2911 -0.9385 0.1855
vn -0.7254 -0.6611 0.1918
vn -0.3757 -0.9025 0.2107
vn -0.2900 -0.9358 0.2004
vn -0.3426 -0.8943 0.2877
vn -0.3449 -0.8932 0.2884
vn -0.3644 -0.8906 0.2721
vn -0.3403 -0.8876 0.3103
vn -0.2851 -0.8851 0.3678
vn -0.2811 -0.8950 0.3463
vn -0.2789 -0.8964 0.3445
vn -0.2862 -0.8862 0.3642
vn -0.1588 -0.9570 0.2427
vn -0.2016 -0.9021 0.3816
vn -0.2619 -0.8675 0.4228
vn -0.1781 -0.9579 0.2250
vn -0.2757 -0.8618 0.4257
vn -0.2060 -0.9456 0.2516
vn -0.1917 -0.9566 0.2195
vn -0.1764 -0.9595 0.2197
vn -0.1642 -0.9373 0.3073
vn -0.1742 -0.9603 0.2178
vn 0.8267 -0.4285 0.3646
vn -0.8370 -0.5075 0.2048
vn -0.1950 -0.9566 0.2166
vn 0.0682 -0.3024 0.9508
vn 0.9623 0.2412 0.1257
vn -0.4586 0.3205 0.8288
vn 0.0671 -0.9621 0.2642
vn 0.2565 0.9573 0.1336
vn -0.1404 -0.9644 0.2241
vn -0.1142 -0.9686 0.2210
vn -0.3376 -0.8411 0.4226
vn -0.2558 -0.8854 0.3882
vn -0.0573 -0.9180 0.3924
vn -0.1721 -0.9002 0.3999
vn 0.0090 -0.9120 0.4101
vn 0.0644 -0.8933 0.4449
vn 0.0625 -0.7545 0.6533
vn -0.4531 -0.6091 0.6510
vn -0.6154 -0.5572 0.5575
vn -0.4734 -0.5179 0.7125
vn -0.4241 -0.6340 0.6467
vn -0.3860 -0.7275 0.5672
vn -0.4704 -0.5526 0.6880
vn -0.4671 -0.5905 0.6581
vn -0.4504 -0.5423 0.7092
vn 0.0755 -0.8926 0.4444
vn 0.1106 -0.7045 0.7010
vn 0.2450 -0.6940 0.6770
vn 0.2308 -0.6983 0.6776
vn 0.0379 -0.7225 0.6903
vn 0.1526 -0.7626 0.6286
vn 0.2357 -0.8863 0.3986
vn 0.1807 -0.9033 0.3891
vn 0.1352 -0.9300 0.3417
vn -0.0139 -0.9390 0.3436
vn 0.1118 -0.9569 0.2679
vn -0.0094 -0.9624 0.2714
vn 0.0972 -0.9698 0.2235
vn 0.1618 -0.9588 0.2335
vn -0.0634 -0.9727 0.2231
vn 0.0179 -0.9795 0.2007
vn 0.0376 -0.9790 0.2002
vn -0.0493 -0.9724 0.2283
vn 0.0420 -0.9750 0.2180
vn 0.0107 -0.9757 0.2187
vn -0.4874 -0.8309 0.2683
vn 0.2331 0.4200 0.8771
vn -0.5104 -0.8304 0.2235
vn -0.2929 -0.4348 0.8515
vn 0.6009 0.3093 0.7371
vn -0.9354 -0.3405 0.0957
vn 0.9348 0.3077 0.1773
vn 0.8690 0.2604 -0.4209
vn 0.0616 0.0672 0.9958
vn 0.7876 -0.4412 0.4301
vn 0.6577 -0.5880 0.4708
vn 0.6169 -0.4758 0.6270
vn -0.9996 -0.0282 -0.0005
vn 0.7086 -0.5947 0.3798
vn 0.8461 -0.4364 0.3062
vn -0.9944 0.1029 -0.0233
vn 0.4833 -0.7571 0.4396
vn 0.8150 -0.5048 0.2845
vn 0.5210 -0.5271 0.6713
vn 0.1556 -0.8745 0.4593
vn 0.7839 -0.5508 0.2864
vn 0.7206 -0.5412 0.4333
vn -0.4522 0.8209 -0.3487
vn 0.5444 -0.7605 0.3541
vn -0.9785 0.1270 -0.1627
vn -0.5986 -0.7483 0.2860
vn -0.7613 0.4345 -0.4812
vn -0.9527 -0.0859 0.2917
vn 0.3108 -0.9225 0.2291
vn 0.2966 -0.9273 0.2283
vn 0.4042 -0.8826 0.2400
vn -0.5202 -0.3910 -0.7593
s 0
f 3739//7336 3740//7336 3742//7336
f 3739//7337 3741//7337 3740//7337
f 3739//7338 3768//7338 3741//7338
f 3739//7339 3742//7339 3743//7339
f 3739//7340 3743//7340 3744//7340
f 3739//7341 3744//7341 3745//7341
f 3739//7342 3745//7342 3746//7342
f 3739//7343 3746//7343 3747//7343
f 3739//7344 3747//7344 3748//7344
f 3739//7345 3748//7345 3749//7345
f 3739//7346 3749//7346 3750//7346
f 3739//7347 3750//7347 3751//7347
f 3739//7348 3751//7348 3752//7348
f 3739//7349 3752//7349 3753//7349
f 3739//7350 3753//7350 3754//7350
f 3739//7351 3754//7351 3755//7351
f 3739//7352 3755//7352 3756//7352
f 3739//7353 3756//7353 3757//7353
f 3739//7354 3757//7354 3758//7354
f 3739//7355 3758//7355 3759//7355
f 3739//7356 3759//7356 3760//7356
f 3739//7357 3760//7357 3761//7357
f 3739//7358 3761//7358 3762//7358
f 3739//7359 3762//7359 3763//7359
f 3739//7360 3763//7360 3764//7360
f 3739//7361 3764//7361 3765//7361
f 3739//7362 3765//7362 3766//7362
f 3739//7363 3766//7363 3767//7363
f 3739//7364 3767//7364 3768//7364
f 3768//7365 3767//7365 3769//7365
f 3741//7366 3768//7366 3740//7366
f 3740//7367 3768//7367 3769//7367
f 3740//7368 3769//7368 3770//7368
f 3769//7369 3771//7369 3770//7369
f 3769//7370 3767//7370 3766//7370
f 3769//7371 3772//7371 3771//7371
f 3769//7372 3773//7372 3772//7372
f 3769//7373 3766//7373 3773//7373
f 3774//7374 3773//7374 3775//7374
f 3774//7375 3772//7375 3773//7375
f 3773//7376 3781//7376 3775//7376
f 3773//7377 3766//7377 3765//7377
f 3773//7378 3765//7378 3764//7378
f 3773//7379 3764//7379 3776//7379
f 3773//7380 3776//7380 3777//7380
f 3773//7381 3777//7381 3778//7381
f 3773//7382 3778//7382 3779//7382
f 3773//7383 3779//7383 3780//7383
f 3773//7384 3780//7384 3781//7384
f 3782//7385 3781//7385 3784//7385
f 3782//7386 3783//7386 3781//7386
f 3775//7387 3781//7387 3783//7387
f 3781//7388 3785//7388 3784//7388
f 3781//7389 3780//7389 3786//7389
f 3781//7390 3788//7390 3785//7390
f 3781//7391 3786//7391 3787//7391
f 3781//7392 3787//7392 3788//7392
f 3776//7393 3788//7393 3787//7393
f 3785//7394 3788//7394 3789//7394
f 3776//7395 3789//7395 3788//7395
f 3785//7396 3789//7396 3790//7396
f 3776//7397 3790//7397 3789//7397
f 3791//7398 3790//7398 3792//7398
f 3791//7399 3785//7399 3790//7399
f 3776//7400 3792//7400 3790//7400
f 3791//7401 3792//7401 3793//7401
f 3776//7402 3793//7402 3792//7402
f 3791//7403 3793//7403 3794//7403
f 3776//7404 3794//7404 3793//7404
f 3791//7405 3794//7405 3795//7405
f 3776//7406 3795//7406 3794//7406
f 3791//7407 3795//7407 3796//7407
f 3797//7408 3796//7408 3795//7408
f 3776//7409 3762//7409 3795//7409
f 3795//7410 3762//7410 3761//7410
f 3797//7411 3795//7411 3798//7411
f 3795//7412 3801//7412 3798//7412
f 3795//7413 3799//7413 3801//7413
f 3795//7414 3800//7414 3799//7414
f 3795//7415 3808//7415 3800//7415
f 3795//7416 3761//7416 3802//7416
f 3795//7417 3802//7417 3803//7417
f 3795//7418 3803//7418 3804//7418
f 3795//7419 3804//7419 3805//7419
f 3795//7420 3805//7420 3806//7420
f 3795//7421 3806//7421 3807//7421
f 3795//7422 3807//7422 3808//7422
f 3809//7423 3808//7423 3807//7423
f 3800//7424 3808//7424 3809//7424
f 3801//7425 3809//7425 3810//7425
f 3801//7426 3799//7426 3809//7426
f 3800//7427 3809//7427 3799//7427
f 3810//7428 3809//7428 3806//7428
f 3806//7429 3809//7429 3807//7429
f 3797//7430 3810//7430 3806//7430
f 3797//7431 3801//7431 3810//7431
f 3797//7432 3806//7432 3805//7432
f 3797//7433 3805//7433 3811//7433
f 3805//7434 3812//7434 3811//7434
f 3805//7435 3804//7435 3812//7435
f 3804//7436 3803//7436 3812//7436
f 3811//7437 3812//7437 3757//7437
f 3812//7438 3802//7438 3757//7438
f 3812//7439 3803//7439 3802//7439
f 3797//7440 3811//7440 3813//7440
f 3811//7441 3815//7441 3813//7441
f 3811//7442 3757//7442 3756//7442
f 3811//7443 3756//7443 3755//7443
f 3811//7444 3755//7444 3754//7444
f 3811//7445 3754//7445 3814//7445
f 3811//7446 3814//7446 3815//7446
f 3816//7447 3815//7447 3817//7447
f 3816//7448 3813//7448 3815//7448
f 3815//7449 3814//7449 3817//7449
f 3816//7450 3817//7450 3818//7450
f 3817//7451 3819//7451 3818//7451
f 3817//7452 3814//7452 3821//7452
f 3817//7453 3820//7453 3819//7453
f 3817//7454 3822//7454 3820//7454
f 3817//7455 3821//7455 3822//7455
f 3821//7456 3753//7456 3822//7456
f 3820//7457 3822//7457 3823//7457
f 3822//7458 3752//7458 3823//7458
f 3822//7459 3753//7459 3752//7459
f 3749//7460 3823//7460 3750//7460
f 3749//7461 3824//7461 3823//7461
f 3820//7462 3823//7462 3824//7462
f 3823//7463 3751//7463 3750//7463
f 3823//7464 3752//7464 3751//7464
f 3825//7465 3824//7465 3749//7465
f 3825//7466 3826//7466 3824//7466
f 3826//7467 3820//7467 3824//7467
f 3827//7468 3826//7468 3825//7468
f 3827//7469 3819//7469 3826//7469
f 3819//7470 3820//7470 3826//7470
f 3747//7471 3827//7471 3748//7471
f 3747//7472 3828//7472 3827//7472
f 3828//7473 3829//7473 3827//7473
f 3827//7474 3825//7474 3748//7474
f 3827//7475 3829//7475 3819//7475
f 3830//7476 3829//7476 3828//7476
f 3830//7477 3831//7477 3829//7477
f 3831//7478 3818//7478 3829//7478
f 3818//7479 3819//7479 3829//7479
f 3816//7480 3818//7480 3831//7480
f 3816//7481 3831//7481 3832//7481
f 3832//7482 3831//7482 3830//7482
f 3833//7483 3832//7483 3830//7483
f 3833//7484 3816//7484 3832//7484
f 3834//7485 3833//7485 3836//7485
f 3834//7486 3835//7486 3833//7486
f 3835//7487 3837//7487 3833//7487
f 3833//7488 3838//7488 3836//7488
f 3833//7489 3837//7489 3816//7489
f 3833//7490 3830//7490 3838//7490
f 3839//7491 3838//7491 3830//7491
f 3836//7492 3838//7492 3839//7492
f 3840//7493 3839//7493 3841//7493
f 3840//7494 3836//7494 3839//7494
f 3841//7495 3839//7495 3746//7495
f 3746//7496 3839//7496 3842//7496
f 3839//7497 3830//7497 3842//7497
f 3746//7498 3842//7498 3747//7498
f 3842//7499 3830//7499 3747//7499
f 3743//7500 3841//7500 3745//7500
f 3743//7501 3840//7501 3841//7501
f 3745//7502 3841//7502 3746//7502
f 3743//7503 3834//7503 3840//7503
f 3834//7504 3836//7504 3840//7504
f 3843//7505 3837//7505 3835//7505
f 3843//7506 3816//7506 3837//7506
f 3834//7507 3844//7507 3843//7507
f 3834//7508 3843//7508 3835//7508
f 3845//7509 3843//7509 3844//7509
f 3845//7510 3846//7510 3843//7510
f 3843//7511 3846//7511 3797//7511
f 3843//7512 3847//7512 3848//7512
f 3843//7513 3797//7513 3847//7513
f 3843//7514 3848//7514 3816//7514
f 3847//7515 3816//7515 3848//7515
f 3797//7516 3849//7516 3847//7516
f 3847//7517 3849//7517 3816//7517
f 3797//7518 3813//7518 3849//7518
f 3816//7519 3849//7519 3813//7519
f 3782//7520 3846//7520 3845//7520
f 3782//7521 3850//7521 3846//7521
f 3850//7522 3796//7522 3846//7522
f 3846//7523 3796//7523 3797//7523
f 3782//7524 3791//7524 3850//7524
f 3791//7525 3796//7525 3850//7525
f 3774//7526 3845//7526 3844//7526
f 3774//7527 3782//7527 3845//7527
f 3774//7528 3844//7528 3851//7528
f 3834//7529 3851//7529 3844//7529
f 3774//7530 3851//7530 3852//7530
f 3852//7531 3851//7531 3834//7531
f 3740//7532 3852//7532 3853//7532
f 3740//7533 3774//7533 3852//7533
f 3852//7534 3834//7534 3853//7534
f 3740//7535 3853//7535 3854//7535
f 3743//7536 3854//7536 3853//7536
f 3743//7537 3853//7537 3834//7537
f 3740//7538 3854//7538 3742//7538
f 3742//7539 3854//7539 3743//7539
f 3747//7540 3830//7540 3828//7540
f 3748//7541 3825//7541 3749//7541
f 3754//7542 3821//7542 3814//7542
f 3754//7543 3753//7543 3821//7543
f 3761//7544 3760//7544 3802//7544
f 3757//7545 3802//7545 3758//7545
f 3802//7546 3759//7546 3758//7546
f 3802//7547 3760//7547 3759//7547
f 3797//7548 3798//7548 3801//7548
f 3782//7549 3855//7549 3791//7549
f 3791//7550 3855//7550 3785//7550
f 3782//7551 3785//7551 3855//7551
f 3786//7552 3856//7552 3787//7552
f 3776//7553 3787//7553 3856//7553
f 3776//7554 3856//7554 3857//7554
f 3786//7555 3857//7555 3856//7555
f 3776//7556 3857//7556 3858//7556
f 3780//7557 3858//7557 3857//7557
f 3780//7558 3857//7558 3786//7558
f 3776//7559 3858//7559 3778//7559
f 3778//7560 3858//7560 3780//7560
f 3782//7561 3784//7561 3785//7561
f 3782//7562 3775//7562 3783//7562
f 3774//7563 3775//7563 3782//7563
f 3778//7564 3780//7564 3779//7564
f 3776//7565 3778//7565 3777//7565
f 3764//7566 3763//7566 3776//7566
f 3776//7567 3763//7567 3762//7567
f 3740//7568 3770//7568 3774//7568
f 3774//7569 3770//7569 3771//7569
f 3774//7570 3771//7570 3772//7570
f 3743//7571 3745//7571 3744//7571
o geometry_9.037
v 0.007397 0.014679 -0.012878
v -0.000101 0.014237 -0.013620
v 0.000199 0.015473 -0.012802
v 0.000022 0.013833 -0.012842
v -0.000951 0.013719 -0.011234
v -0.001428 0.013934 -0.011382
v 0.007440 0.014601 -0.011708
v 0.008398 -0.018238 -0.014001
v 0.008124 -0.018240 -0.013988
v 0.008496 -0.018114 -0.016321
v 0.009628 -0.018264 -0.015324
v 0.006041 -0.026644 -0.015597
v 0.005972 -0.026804 -0.015679
v 0.005530 -0.027597 -0.015747
v 0.004837 -0.028426 -0.015715
v 0.004624 -0.028636 -0.015729
v 0.004076 -0.029136 -0.015803
v 0.003077 -0.029615 -0.015752
v 0.002728 -0.029707 -0.015729
v 0.001515 -0.029948 -0.015714
v 0.001197 -0.029969 -0.015684
v -0.000023 -0.030004 -0.015647
v -0.001539 -0.029967 -0.015587
v -0.003080 -0.029818 -0.015506
v -0.003305 -0.029777 -0.015513
v -0.004407 -0.029524 -0.015423
v -0.004557 -0.029483 -0.015438
v -0.005180 -0.029260 -0.015361
v -0.005433 -0.029160 -0.015389
v -0.006410 -0.028688 -0.015302
v -0.007572 -0.028102 -0.015197
v -0.008193 -0.027786 -0.015150
v -0.009220 -0.027192 -0.015059
v -0.010156 -0.026617 -0.014996
v -0.010931 -0.026095 -0.014924
v -0.011952 -0.025384 -0.014827
v -0.012737 -0.024808 -0.014756
v -0.013605 -0.024090 -0.014675
v -0.014416 -0.023336 -0.014599
v -0.015179 -0.022477 -0.014558
v -0.016011 -0.021315 -0.014399
v -0.015088 -0.020483 -0.014131
v -0.015644 -0.019783 -0.013940
v -0.015623 -0.019427 -0.014103
v -0.016256 -0.018228 -0.013726
v -0.017562 -0.016663 -0.014058
v -0.017423 -0.014931 -0.013947
v -0.016409 -0.014124 -0.013356
v -0.016209 -0.013175 -0.013281
v -0.011002 0.001034 -0.012518
v -0.009773 0.004235 -0.012361
v -0.008449 0.007402 -0.012215
v -0.006545 0.010654 -0.012668
v -0.006241 0.011234 -0.012202
v -0.005668 0.011548 -0.012401
v -0.004992 0.012089 -0.012464
v -0.004253 0.012435 -0.012409
v -0.010450 0.007280 -0.011639
v -0.010885 0.006909 -0.010946
v -0.012234 0.007112 -0.011434
v -0.011086 0.006383 -0.011231
v -0.011595 0.005788 -0.011206
v -0.011888 0.005301 -0.011229
v -0.014068 0.001004 -0.011396
v -0.014950 -0.000863 -0.011394
v -0.018438 -0.005473 -0.011918
v -0.018006 -0.005827 -0.010347
v -0.018030 -0.006784 -0.010475
v -0.018946 -0.006602 -0.011818
v -0.018772 -0.006279 -0.011924
v -0.019121 -0.007643 -0.012079
v -0.019215 -0.008096 -0.012156
v -0.019173 -0.008152 -0.010280
v -0.017694 -0.008332 -0.010891
v -0.019516 -0.009768 -0.012169
v -0.019215 -0.009923 -0.010496
v -0.018339 -0.010347 -0.012004
v -0.019750 -0.011438 -0.012211
v -0.019091 -0.011833 -0.010701
v -0.018455 -0.012592 -0.012168
v -0.016156 -0.015193 -0.014498
v -0.017099 -0.015662 -0.012786
v -0.018370 -0.013972 -0.012306
v -0.016224 -0.016570 -0.014707
v -0.016805 -0.016836 -0.013042
v -0.016652 -0.017655 -0.013122
v -0.018163 -0.015699 -0.012475
v -0.018130 -0.016247 -0.012598
v -0.019045 -0.017246 -0.012768
v -0.018594 -0.017053 -0.010973
v -0.017431 -0.017967 -0.012770
v -0.016457 -0.018618 -0.012970
v -0.017364 -0.019951 -0.012779
v -0.016801 -0.018993 -0.011953
v -0.015465 -0.019824 -0.014567
v -0.015028 -0.020499 -0.015364
v -0.016443 -0.019470 -0.013158
v -0.014271 -0.021649 -0.015511
v -0.013670 -0.022430 -0.015706
v -0.015717 -0.020266 -0.013300
v -0.012960 -0.023174 -0.015846
v -0.012135 -0.023878 -0.015946
v -0.012433 -0.022810 -0.013796
v -0.013178 -0.022145 -0.013615
v -0.011611 -0.023475 -0.013947
v -0.012565 -0.022972 -0.013677
v -0.011817 -0.025071 -0.013631
v -0.010894 -0.024289 -0.012443
v -0.008634 -0.025679 -0.014022
v -0.009702 -0.026427 -0.013793
v -0.008892 -0.025175 -0.013782
v -0.009795 -0.024728 -0.014268
v -0.010881 -0.024000 -0.014035
v -0.011415 -0.025351 -0.013665
v -0.011599 -0.025234 -0.013655
v -0.009202 -0.025220 -0.014785
v -0.010382 -0.025126 -0.016127
v -0.011392 -0.024419 -0.016026
v -0.009626 -0.025640 -0.016198
v -0.008743 -0.026203 -0.016283
v -0.007705 -0.026787 -0.016360
v -0.003980 -0.028333 -0.014267
v -0.004468 -0.028152 -0.014320
v -0.004492 -0.027807 -0.014195
v -0.005688 -0.027740 -0.016454
v -0.004781 -0.027996 -0.014317
v -0.008463 -0.025544 -0.014317
v -0.004796 -0.028146 -0.016478
v -0.003809 -0.028099 -0.014261
v -0.004129 -0.028336 -0.016477
v -0.002743 -0.028386 -0.014267
v -0.002909 -0.028586 -0.016514
v -0.001510 -0.028710 -0.016578
v -0.000069 -0.028753 -0.016652
v -0.001404 -0.028499 -0.014318
v 0.000012 -0.028504 -0.014395
v -0.001424 -0.028797 -0.014361
v -0.001869 -0.028759 -0.014339
v 0.000007 -0.028800 -0.014432
v 0.001400 -0.028737 -0.014490
v 0.001374 -0.028461 -0.014472
v 0.002600 -0.028241 -0.014503
v 0.001338 -0.028732 -0.016708
v 0.002628 -0.028469 -0.016727
v 0.003404 -0.028122 -0.016747
v 0.003297 -0.027938 -0.014484
v 0.003780 -0.027461 -0.014466
v 0.004001 -0.027644 -0.014525
v 0.003780 -0.027837 -0.014507
v 0.003264 -0.028251 -0.014529
v 0.003456 -0.028169 -0.014529
v 0.002708 -0.028486 -0.014525
v 0.004353 -0.027192 -0.014478
v 0.004534 -0.026995 -0.014499
v 0.005048 -0.026030 -0.014446
v 0.004813 -0.025874 -0.014397
v 0.004272 -0.026853 -0.014448
v 0.004506 -0.026900 -0.016705
v 0.005002 -0.025920 -0.016623
v 0.003933 -0.027536 -0.016695
v 0.005619 -0.024263 -0.014255
v 0.005269 -0.024978 -0.014320
v 0.005808 -0.024560 -0.014361
v 0.005907 -0.024346 -0.014349
v -0.002791 -0.028670 -0.014305
v -0.003121 -0.028590 -0.014293
v -0.003808 -0.028401 -0.014269
vn -0.0983 0.8769 0.4706
vn -0.0509 -0.5427 0.8384
vn -0.0213 -0.0975 -0.9950
vn -0.1140 0.9935 0.0016
vn -0.0697 -0.6655 -0.7431
vn -0.0723 0.9950 0.0693
vn 0.9989 0.0316 -0.0346
vn -0.0459 0.0327 -0.9984
vn 0.9872 0.0164 0.1584
vn -0.6648 -0.1000 0.7403
vn -0.0836 0.0682 -0.9942
vn 0.7480 0.0191 -0.6634
vn 0.0334 0.0662 -0.9972
vn -0.1320 0.0729 -0.9886
vn -0.0033 0.0659 -0.9978
vn 0.0800 0.0604 -0.9950
vn -0.0859 0.0728 -0.9936
vn -0.0839 0.0727 -0.9938
vn -0.0259 0.0668 -0.9974
vn -0.0985 0.0760 -0.9922
vn -0.0319 0.0671 -0.9972
vn -0.0379 0.0681 -0.9970
vn -0.0457 0.0696 -0.9965
vn 0.0404 0.0494 -0.9980
vn -0.0638 0.0744 -0.9952
vn 0.1065 0.0288 -0.9939
vn -0.0931 0.0827 -0.9922
vn 0.1185 0.0222 -0.9927
vn -0.0541 0.0729 -0.9959
vn -0.0532 0.0726 -0.9959
vn -0.0398 0.0680 -0.9969
vn -0.0479 0.0709 -0.9963
vn -0.0286 0.0633 -0.9976
vn -0.0451 0.0703 -0.9965
vn -0.0454 0.0704 -0.9965
vn -0.0401 0.0679 -0.9969
vn -0.0379 0.0668 -0.9970
vn -0.0338 0.0645 -0.9973
vn -0.0014 0.0460 -0.9989
vn -0.0687 0.0867 -0.9939
vn -0.4992 0.2902 0.8165
vn -0.1614 0.1380 -0.9772
vn 0.5817 -0.3665 -0.7261
vn -0.2216 0.1840 -0.9576
vn 0.1507 -0.0830 -0.9851
vn -0.0369 0.0669 -0.9971
vn -0.7021 0.5733 0.4222
vn -0.1010 0.0999 -0.9899
vn -0.0810 0.0830 -0.9933
vn -0.0778 0.0786 -0.9939
vn -0.0774 0.0780 -0.9939
vn 0.0299 -0.1550 -0.9875
vn -0.2058 0.6758 -0.7078
vn 0.1430 -0.7027 -0.6969
vn -0.0124 -0.1000 -0.9949
vn -0.1107 0.3830 -0.9171
vn -0.4036 0.8940 -0.1947
vn 0.4478 -0.5667 0.6916
vn -0.2292 0.8487 0.4766
vn -0.3199 0.9389 -0.1268
vn 0.3170 0.0510 -0.9470
vn -0.5635 0.7453 0.3563
vn -0.5104 0.6714 0.5373
vn 0.6624 -0.7490 0.0154
vn 0.2040 -0.5652 -0.7993
vn -0.3659 0.8965 0.2499
vn -0.2232 0.5113 0.8299
vn -0.0565 0.1844 0.9812
vn 0.0193 -0.2401 -0.9706
vn 0.0116 0.0319 0.9994
vn -0.6010 0.4869 -0.6338
vn 0.0657 -0.0853 0.9942
vn -0.5756 0.3797 -0.7243
vn 0.4514 -0.2893 0.8441
vn -0.7030 0.6311 -0.3278
vn 0.0574 -0.0680 0.9960
vn -0.5088 0.2898 -0.8107
vn 0.0196 -0.0081 0.9998
vn -0.2954 0.1383 -0.9453
vn 0.0377 -0.1595 -0.9865
vn 0.1845 -0.2478 0.9511
vn 0.7695 -0.5443 -0.3343
vn 0.4862 -0.4564 -0.7452
vn -0.3625 0.1316 -0.9226
vn 0.8283 0.0540 -0.5577
vn 0.8170 -0.5208 -0.2476
vn 0.8755 -0.3604 -0.3220
vn -0.3778 0.4660 0.8001
vn -0.0031 -0.0064 1.0000
vn 0.2141 -0.2713 0.9384
vn 0.8262 0.0027 -0.5633
vn 0.1506 -0.1959 0.9690
vn 0.9795 -0.1994 -0.0280
vn 0.7459 -0.6463 -0.1611
vn -0.3585 0.1693 -0.9181
vn -0.3312 0.3063 -0.8925
vn -0.6248 0.1089 -0.7731
vn 0.9839 -0.1766 -0.0274
vn 0.9842 -0.0018 -0.1770
vn 0.9039 0.4092 -0.1245
vn 0.0218 0.5725 -0.8196
vn -0.0960 0.0874 0.9915
vn -0.0119 -0.0057 0.9999
vn -0.3271 -0.4234 0.8448
vn 0.4882 -0.4960 -0.7181
vn 0.5893 -0.6803 -0.4358
vn -0.8786 0.0265 -0.4768
vn 0.7751 0.6057 -0.1799
vn -0.0261 0.0080 0.9996
vn -0.3138 -0.3188 0.8943
vn 0.3507 -0.2189 0.9105
vn -0.4247 0.1385 -0.8947
vn -0.6324 -0.4798 0.6081
vn 0.6916 0.4233 -0.5852
vn 0.3815 -0.0896 0.9200
vn 0.0817 -0.0946 0.9922
vn -0.3064 0.0764 -0.9488
vn 0.4334 -0.2996 0.8500
vn -0.8936 -0.2740 -0.3556
vn -0.9172 -0.1896 -0.3504
vn -0.8784 -0.1191 -0.4628
vn -0.3699 0.0215 -0.9288
vn -0.3492 0.0497 -0.9357
vn 0.2108 -0.2023 0.9564
vn 0.0747 -0.0883 0.9933
vn -0.1439 0.2087 -0.9673
vn 0.7024 -0.5699 -0.4264
vn 0.7426 -0.6597 -0.1154
vn -0.6904 -0.5502 -0.4697
vn 0.1459 0.9790 -0.1424
vn -0.0103 -0.0247 0.9996
vn -0.2892 -0.6492 0.7035
vn -0.1747 -0.1877 -0.9666
vn -0.8675 -0.2442 -0.4334
vn 0.3732 0.7333 -0.5683
vn -0.0350 -0.0058 0.9994
vn 0.8090 0.0300 -0.5870
vn -0.7590 -0.6213 -0.1947
vn -0.7911 -0.5643 -0.2361
vn 0.7809 0.5875 0.2122
vn 0.0839 0.6214 -0.7790
vn -0.8985 -0.0985 -0.4277
vn 0.4865 -0.2716 -0.8304
vn 0.7689 -0.2132 0.6028
vn -0.9054 -0.0992 -0.4129
vn 0.5434 0.2809 0.7911
vn 0.5186 -0.3958 0.7579
vn 0.4825 -0.2664 0.8344
vn 0.6848 0.0826 0.7240
vn -0.7196 -0.4151 -0.5567
vn 0.6425 0.3209 0.6958
vn -0.7413 -0.6706 -0.0279
vn 0.5045 0.4696 0.7245
vn -0.7237 -0.6901 0.0046
vn 0.5951 0.4406 0.6721
vn 0.5248 0.5209 0.6732
vn -0.6009 -0.7460 0.2870
vn -0.5990 -0.7476 0.2868
vn 0.5001 0.5269 0.6873
vn -0.5406 -0.7826 0.3086
vn 0.3311 0.5733 -0.7495
vn -0.5650 -0.7676 0.3027
vn -0.4038 -0.3037 -0.8630
vn -0.3815 -0.3240 -0.8657
vn -0.0830 -0.0080 0.9965
vn 0.0509 -0.0793 0.9956
vn 0.6891 0.2310 -0.6869
vn -0.5021 -0.8379 -0.2141
vn -0.5050 0.1455 -0.8508
vn -0.4050 0.3160 -0.8579
vn 0.3439 0.6310 -0.6954
vn -0.4265 -0.9036 -0.0394
vn -0.5725 -0.8059 -0.1510
vn -0.5890 -0.7943 -0.1490
vn 0.3623 0.6213 -0.6948
vn 0.3789 0.6101 -0.6958
vn 0.0143 -0.0556 0.9983
vn 0.0539 -0.0744 0.9958
vn 0.0341 -0.0649 0.9973
vn -0.4501 -0.8268 0.3375
vn -0.5151 -0.8330 0.2020
vn -0.5255 -0.7952 0.3024
vn -0.5318 -0.7908 0.3031
vn 0.4709 0.5775 0.6669
vn -0.5406 -0.7860 0.3000
vn 0.4500 0.5738 0.6843
vn 0.4626 0.5725 0.6769
vn 0.4807 0.5597 0.6751
vn -0.4955 -0.7807 0.3807
vn 0.4582 0.5804 0.6732
vn -0.4717 -0.7965 0.3782
vn 0.4415 0.5914 0.6748
vn 0.4001 0.6211 0.6739
vn -0.4264 -0.8106 0.4014
vn 0.4178 0.6201 0.6640
vn 0.4238 0.6166 0.6635
vn 0.5636 0.6221 -0.5435
vn -0.3357 -0.9372 -0.0945
vn -0.4435 -0.8897 0.1082
vn -0.4120 -0.8907 0.1919
vn 0.3357 0.6431 0.6882
vn 0.3739 0.6357 0.6754
vn -0.5309 -0.7969 0.2883
vn -0.0179 -0.0560 0.9983
vn 0.0337 -0.0707 0.9969
vn -0.4529 -0.6800 -0.5767
vn -0.5311 -0.7974 0.2866
vn -0.0939 -0.8823 -0.4611
vn 0.3072 0.6314 0.7120
vn -0.4029 -0.8959 0.1870
vn 0.3645 0.5940 0.7172
vn -0.3716 -0.9098 0.1849
vn -0.2702 -0.9525 0.1406
vn 0.1757 0.6240 0.7614
vn 0.3098 0.6179 0.7226
vn 0.3454 0.5776 0.7396
vn 0.1827 0.6641 0.7250
vn -0.1970 -0.9752 0.1011
vn -0.2570 -0.9564 0.1391
vn 0.1482 0.6070 0.7807
vn 0.2040 0.6222 0.7558
vn 0.1052 0.6457 0.7563
vn 0.0906 0.6155 0.7829
vn -0.0841 -0.9920 0.0943
vn 0.1010 0.6216 0.7768
vn 0.0896 0.6233 0.7769
vn 0.0583 0.6265 0.7772
vn -0.0243 -0.9953 0.0942
vn -0.0799 -0.9921 0.0965
vn 0.0461 0.6180 0.7848
vn 0.0022 -0.9940 0.1092
vn -0.0532 0.1461 -0.9878
vn -0.0256 0.1445 -0.9892
vn 0.0495 -0.0710 0.9962
vn 0.0431 -0.0697 0.9966
vn -0.0406 0.0973 -0.9944
vn -0.0492 0.1259 -0.9908
vn 0.0443 -0.0701 0.9966
vn -0.0438 0.0590 -0.9973
vn -0.0602 0.1261 -0.9902
vn 0.1785 -0.9772 0.1153
vn -0.0356 0.0598 -0.9976
vn 0.0381 -0.9921 0.1193
vn -0.1140 0.6187 0.7773
vn 0.1995 -0.9745 0.1026
vn 0.0306 0.6352 0.7718
vn 0.0191 -0.9939 0.1086
vn 0.0214 0.6266 0.7791
vn 0.0049 0.6372 0.7707
vn -0.2369 0.5731 0.7845
vn 0.4089 -0.9078 0.0930
vn 0.3940 -0.9138 0.0988
vn -0.2353 0.5751 0.7835
vn -0.1134 0.6180 0.7779
vn -0.1127 0.6181 0.7780
vn 0.6988 -0.7095 0.0906
vn -0.1254 0.1647 -0.9784
vn -0.0362 -0.0516 -0.9980
vn -0.0763 0.1417 -0.9870
vn -0.0366 0.1452 -0.9887
vn -0.0669 0.1481 -0.9867
vn -0.0024 -0.0656 0.9978
vn 0.0328 -0.0688 0.9971
vn 0.0359 -0.0691 0.9970
vn -0.0380 0.0740 -0.9965
vn 0.0403 -0.0696 0.9968
vn -0.0409 0.0727 -0.9965
vn 0.1479 -0.0778 0.9859
vn -0.0534 -0.0621 0.9966
vn -0.1080 0.1852 -0.9768
vn 0.2029 -0.0797 0.9760
vn 0.0521 -0.1560 -0.9864
vn 0.0253 -0.0687 0.9973
vn -0.1238 0.1205 -0.9850
vn -0.1263 0.1211 -0.9846
vn -0.1229 0.1273 -0.9842
vn 0.8684 -0.4857 0.1001
vn 0.7727 -0.6279 0.0931
vn -0.5685 0.2221 0.7921
vn 0.8859 -0.4561 0.0846
vn -0.5660 0.2485 0.7861
vn 0.7418 -0.6666 0.0734
vn -0.4515 0.4190 0.7878
vn 0.7374 -0.6714 0.0732
vn -0.4538 0.4099 0.7912
vn -0.5036 0.3859 0.7730
vn -0.4535 0.4103 0.7912
vn -0.4698 0.3974 0.7883
vn -0.5977 0.2308 0.7678
vn 0.8340 -0.5300 0.1537
vn 0.8929 -0.4435 0.0778
vn -0.7185 -0.0475 0.6939
vn 0.8851 -0.4577 0.0845
vn -0.2244 0.1954 -0.9547
vn -0.2265 0.1982 -0.9536
vn 0.0328 -0.0689 0.9971
vn 0.0203 -0.0684 0.9974
vn -0.1234 0.1210 -0.9849
vn -0.2597 0.1714 -0.9504
vn 0.0291 -0.0688 0.9972
vn -0.0461 0.0757 -0.9961
vn -0.2656 0.1527 -0.9519
vn -0.5411 0.4841 0.6876
vn 0.9141 -0.3857 0.1250
vn 0.0306 -0.0671 0.9973
vn -0.0237 0.1362 -0.9904
vn 0.0191 -0.0644 0.9977
vn -0.0024 0.1326 -0.9912
vn 0.0175 -0.0640 0.9978
vn -0.0277 0.0273 -0.9992
vn 0.0194 0.0929 -0.9955
vn -0.0089 -0.0571 0.9983
vn -0.0029 0.0274 -0.9996
vn -0.0644 0.0725 -0.9953
vn -0.1184 -0.0276 0.9926
vn -0.7988 -0.5374 0.2705
vn -0.5184 -0.8321 0.1974
vn 0.3273 -0.1839 0.9269
vn 0.4730 0.5616 0.6789
vn 0.0838 -0.1010 0.9914
vn 0.4772 0.3859 0.7895
vn -0.8913 -0.4090 -0.1960
vn -0.8295 -0.1911 -0.5248
vn 0.3586 0.4701 0.8065
vn -0.9238 -0.1011 -0.3693
vn -0.6133 0.1902 -0.7666
vn -0.5293 0.2583 -0.8081
vn -0.5022 0.2338 -0.8326
vn -0.4960 0.2267 -0.8382
vn 0.0439 -0.0979 0.9942
s 0
f 3859//7572 3860//7572 3862//7572
f 3859//7573 3861//7573 3860//7573
f 3859//7574 3915//7574 3861//7574
f 3859//7575 3862//7575 3863//7575
f 3859//7576 3863//7576 3864//7576
f 3859//7577 3864//7577 3865//7577
f 3859//7578 3865//7578 3866//7578
f 3859//7579 3866//7579 3867//7579
f 3859//7580 3867//7580 3868//7580
f 3859//7581 3868//7581 3869//7581
f 3859//7582 3869//7582 3870//7582
f 3859//7583 3870//7583 3871//7583
f 3859//7584 3871//7584 3872//7584
f 3859//7585 3872//7585 3873//7585
f 3859//7586 3873//7586 3874//7586
f 3859//7587 3874//7587 3875//7587
f 3859//7588 3875//7588 3876//7588
f 3859//7589 3876//7589 3877//7589
f 3859//7590 3877//7590 3878//7590
f 3859//7591 3878//7591 3879//7591
f 3859//7592 3879//7592 3880//7592
f 3859//7593 3880//7593 3881//7593
f 3859//7594 3881//7594 3882//7594
f 3859//7595 3882//7595 3883//7595
f 3859//7596 3883//7596 3884//7596
f 3859//7597 3884//7597 3885//7597
f 3859//7598 3885//7598 3886//7598
f 3859//7599 3886//7599 3887//7599
f 3859//7600 3887//7600 3888//7600
f 3859//7601 3888//7601 3889//7601
f 3859//7602 3889//7602 3890//7602
f 3859//7603 3890//7603 3891//7603
f 3859//7604 3891//7604 3892//7604
f 3859//7605 3892//7605 3893//7605
f 3859//7606 3893//7606 3894//7606
f 3859//7607 3894//7607 3895//7607
f 3859//7608 3895//7608 3896//7608
f 3859//7609 3896//7609 3897//7609
f 3859//7610 3897//7610 3898//7610
f 3859//7611 3898//7611 3899//7611
f 3859//7612 3899//7612 3900//7612
f 3859//7613 3900//7613 3901//7613
f 3859//7614 3901//7614 3902//7614
f 3859//7615 3902//7615 3903//7615
f 3859//7616 3903//7616 3904//7616
f 3859//7617 3904//7617 3905//7617
f 3859//7618 3905//7618 3906//7618
f 3859//7619 3906//7619 3907//7619
f 3859//7620 3907//7620 3908//7620
f 3859//7621 3908//7621 3909//7621
f 3859//7622 3909//7622 3910//7622
f 3859//7623 3910//7623 3911//7623
f 3859//7624 3911//7624 3912//7624
f 3859//7625 3912//7625 3913//7625
f 3859//7626 3913//7626 3914//7626
f 3859//7627 3914//7627 3915//7627
f 3915//7628 3914//7628 3864//7628
f 3861//7629 3915//7629 3860//7629
f 3860//7630 3915//7630 3862//7630
f 3915//7631 3863//7631 3862//7631
f 3915//7632 3864//7632 3863//7632
f 3914//7633 3913//7633 3917//7633
f 3864//7634 3914//7634 3916//7634
f 3914//7635 3917//7635 3916//7635
f 3865//7636 3917//7636 3918//7636
f 3865//7637 3916//7637 3917//7637
f 3913//7638 3918//7638 3917//7638
f 3865//7639 3918//7639 3919//7639
f 3913//7640 3919//7640 3918//7640
f 3865//7641 3919//7641 3920//7641
f 3913//7642 3920//7642 3919//7642
f 3865//7643 3920//7643 3921//7643
f 3920//7644 3911//7644 3921//7644
f 3913//7645 3912//7645 3920//7645
f 3912//7646 3911//7646 3920//7646
f 3865//7647 3921//7647 3922//7647
f 3911//7648 3922//7648 3921//7648
f 3865//7649 3922//7649 3923//7649
f 3910//7650 3923//7650 3922//7650
f 3911//7651 3910//7651 3922//7651
f 3865//7652 3923//7652 3924//7652
f 3925//7653 3924//7653 3923//7653
f 3910//7654 3925//7654 3923//7654
f 3910//7655 3926//7655 3925//7655
f 3926//7656 3927//7656 3925//7656
f 3925//7657 3927//7657 3928//7657
f 3925//7658 3928//7658 3924//7658
f 3865//7659 3928//7659 3927//7659
f 3865//7660 3924//7660 3928//7660
f 3865//7661 3927//7661 3929//7661
f 3926//7662 3929//7662 3927//7662
f 3865//7663 3929//7663 3930//7663
f 3931//7664 3930//7664 3929//7664
f 3926//7665 3931//7665 3929//7665
f 3926//7666 3932//7666 3931//7666
f 3932//7667 3906//7667 3931//7667
f 3931//7668 3906//7668 3934//7668
f 3931//7669 3933//7669 3930//7669
f 3931//7670 3934//7670 3933//7670
f 3934//7671 3905//7671 3933//7671
f 3906//7672 3905//7672 3934//7672
f 3865//7673 3933//7673 3935//7673
f 3865//7674 3930//7674 3933//7674
f 3933//7675 3905//7675 3935//7675
f 3865//7676 3935//7676 3936//7676
f 3935//7677 3937//7677 3936//7677
f 3905//7678 3937//7678 3935//7678
f 3905//7679 3936//7679 3937//7679
f 3865//7680 3936//7680 3938//7680
f 3936//7681 3940//7681 3938//7681
f 3905//7682 3939//7682 3936//7682
f 3904//7683 3936//7683 3939//7683
f 3904//7684 3940//7684 3936//7684
f 3904//7685 3938//7685 3940//7685
f 3905//7686 3904//7686 3939//7686
f 3865//7687 3938//7687 3941//7687
f 3938//7688 3943//7688 3941//7688
f 3904//7689 3942//7689 3938//7689
f 3942//7690 3943//7690 3938//7690
f 3903//7691 3943//7691 3942//7691
f 3903//7692 3944//7692 3943//7692
f 3944//7693 3945//7693 3943//7693
f 3943//7694 3945//7694 3941//7694
f 3865//7695 3945//7695 3946//7695
f 3865//7696 3941//7696 3945//7696
f 3944//7697 3946//7697 3945//7697
f 3865//7698 3946//7698 3947//7698
f 3947//7699 3946//7699 3948//7699
f 3944//7700 3948//7700 3946//7700
f 3944//7701 3947//7701 3948//7701
f 3865//7702 3947//7702 3949//7702
f 3950//7703 3949//7703 3947//7703
f 3944//7704 3950//7704 3947//7704
f 3944//7705 3901//7705 3950//7705
f 3950//7706 3901//7706 3949//7706
f 3865//7707 3949//7707 3951//7707
f 3949//7708 3952//7708 3951//7708
f 3901//7709 3952//7709 3949//7709
f 3901//7710 3900//7710 3952//7710
f 3900//7711 3953//7711 3952//7711
f 3952//7712 3898//7712 3951//7712
f 3952//7713 3953//7713 3898//7713
f 3900//7714 3899//7714 3953//7714
f 3899//7715 3954//7715 3953//7715
f 3953//7716 3954//7716 3898//7716
f 3899//7717 3898//7717 3954//7717
f 3865//7718 3951//7718 3955//7718
f 3951//7719 3957//7719 3955//7719
f 3951//7720 3898//7720 3956//7720
f 3951//7721 3956//7721 3957//7721
f 3956//7722 3897//7722 3957//7722
f 3957//7723 3958//7723 3955//7723
f 3957//7724 3897//7724 3896//7724
f 3957//7725 3959//7725 3958//7725
f 3957//7726 3896//7726 3959//7726
f 3960//7727 3959//7727 3895//7727
f 3960//7728 3961//7728 3959//7728
f 3961//7729 3962//7729 3959//7729
f 3959//7730 3896//7730 3895//7730
f 3958//7731 3959//7731 3962//7731
f 3961//7732 3958//7732 3962//7732
f 3963//7733 3961//7733 3960//7733
f 3963//7734 3964//7734 3961//7734
f 3964//7735 3958//7735 3961//7735
f 3865//7736 3964//7736 3965//7736
f 3865//7737 3958//7737 3964//7737
f 3966//7738 3965//7738 3964//7738
f 3966//7739 3964//7739 3963//7739
f 3967//7740 3966//7740 3969//7740
f 3967//7741 3968//7741 3966//7741
f 3968//7742 3972//7742 3966//7742
f 3969//7743 3966//7743 3970//7743
f 3970//7744 3966//7744 3971//7744
f 3971//7745 3966//7745 3963//7745
f 3966//7746 3972//7746 3973//7746
f 3966//7747 3973//7747 3965//7747
f 3865//7748 3973//7748 3972//7748
f 3865//7749 3965//7749 3973//7749
f 3865//7750 3972//7750 3968//7750
f 3974//7751 3971//7751 3975//7751
f 3974//7752 3970//7752 3971//7752
f 3971//7753 3976//7753 3975//7753
f 3971//7754 3963//7754 3976//7754
f 3975//7755 3976//7755 3892//7755
f 3976//7756 3963//7756 3960//7756
f 3892//7757 3976//7757 3893//7757
f 3976//7758 3894//7758 3893//7758
f 3976//7759 3960//7759 3894//7759
f 3974//7760 3975//7760 3977//7760
f 3975//7761 3892//7761 3977//7761
f 3974//7762 3977//7762 3978//7762
f 3978//7763 3977//7763 3892//7763
f 3979//7764 3978//7764 3890//7764
f 3979//7765 3974//7765 3978//7765
f 3978//7766 3891//7766 3890//7766
f 3978//7767 3892//7767 3891//7767
f 3980//7768 3979//7768 3982//7768
f 3980//7769 3981//7769 3979//7769
f 3981//7770 3984//7770 3979//7770
f 3982//7771 3979//7771 3983//7771
f 3983//7772 3979//7772 3889//7772
f 3979//7773 3890//7773 3889//7773
f 3979//7774 3984//7774 3974//7774
f 3865//7775 3984//7775 3981//7775
f 3865//7776 3967//7776 3984//7776
f 3984//7777 3967//7777 3985//7777
f 3984//7778 3985//7778 3974//7778
f 3974//7779 3985//7779 3967//7779
f 3986//7780 3983//7780 3888//7780
f 3986//7781 3982//7781 3983//7781
f 3983//7782 3889//7782 3888//7782
f 3987//7783 3982//7783 3986//7783
f 3987//7784 3986//7784 3988//7784
f 3988//7785 3986//7785 3885//7785
f 3986//7786 3886//7786 3885//7786
f 3986//7787 3888//7787 3887//7787
f 3986//7788 3887//7788 3886//7788
f 3989//7789 3988//7789 3990//7789
f 3989//7790 3987//7790 3988//7790
f 3990//7791 3988//7791 3883//7791
f 3988//7792 3884//7792 3883//7792
f 3988//7793 3885//7793 3884//7793
f 3991//7794 3990//7794 3881//7794
f 3991//7795 3989//7795 3990//7795
f 3881//7796 3990//7796 3882//7796
f 3990//7797 3883//7797 3882//7797
f 3992//7798 3991//7798 3880//7798
f 3992//7799 3993//7799 3991//7799
f 3993//7800 3989//7800 3991//7800
f 3880//7801 3991//7801 3881//7801
f 3992//7802 3994//7802 3993//7802
f 3994//7803 3995//7803 3993//7803
f 3993//7804 3995//7804 3989//7804
f 3865//7805 3995//7805 3997//7805
f 3865//7806 3996//7806 3995//7806
f 3995//7807 3996//7807 3989//7807
f 3997//7808 3995//7808 3994//7808
f 3865//7809 3997//7809 3998//7809
f 3998//7810 3997//7810 3999//7810
f 3999//7811 3997//7811 3994//7811
f 4000//7812 3999//7812 4001//7812
f 4000//7813 3998//7813 3999//7813
f 4001//7814 3999//7814 3994//7814
f 4002//7815 4001//7815 3878//7815
f 4002//7816 4000//7816 4001//7816
f 4001//7817 3879//7817 3878//7817
f 4001//7818 3994//7818 3992//7818
f 4001//7819 3992//7819 3880//7819
f 4001//7820 3880//7820 3879//7820
f 4003//7821 4002//7821 3875//7821
f 4003//7822 4004//7822 4002//7822
f 4004//7823 4000//7823 4002//7823
f 3875//7824 4002//7824 3876//7824
f 4002//7825 3877//7825 3876//7825
f 4002//7826 3878//7826 3877//7826
f 4005//7827 4004//7827 4003//7827
f 4005//7828 4006//7828 4004//7828
f 4006//7829 4007//7829 4004//7829
f 4004//7830 4007//7830 4009//7830
f 4004//7831 4008//7831 4000//7831
f 4004//7832 4009//7832 4008//7832
f 3865//7833 4009//7833 4007//7833
f 3865//7834 4008//7834 4009//7834
f 3865//7835 4010//7835 4008//7835
f 4008//7836 4010//7836 4000//7836
f 3865//7837 3998//7837 4010//7837
f 4000//7838 4010//7838 3998//7838
f 3865//7839 4007//7839 4006//7839
f 3865//7840 4006//7840 4011//7840
f 4005//7841 4011//7841 4006//7841
f 3865//7842 4011//7842 4012//7842
f 4012//7843 4011//7843 4005//7843
f 3865//7844 4012//7844 4013//7844
f 4014//7845 4013//7845 4012//7845
f 4014//7846 4012//7846 4015//7846
f 4012//7847 4005//7847 4015//7847
f 4014//7848 4015//7848 4016//7848
f 4016//7849 4015//7849 4005//7849
f 4017//7850 4016//7850 3871//7850
f 4017//7851 4014//7851 4016//7851
f 4016//7852 3872//7852 3871//7852
f 4016//7853 4005//7853 4018//7853
f 4016//7854 4018//7854 3872//7854
f 4005//7855 4003//7855 4018//7855
f 4018//7856 3873//7856 3872//7856
f 4018//7857 4003//7857 3875//7857
f 4018//7858 3874//7858 3873//7858
f 4018//7859 3875//7859 3874//7859
f 3869//7860 4017//7860 3870//7860
f 3869//7861 4019//7861 4017//7861
f 4019//7862 4020//7862 4017//7862
f 4017//7863 3871//7863 3870//7863
f 4017//7864 4020//7864 4014//7864
f 4019//7865 4021//7865 4020//7865
f 4021//7866 4014//7866 4020//7866
f 3865//7867 4021//7867 4022//7867
f 3865//7868 4013//7868 4021//7868
f 4021//7869 4013//7869 4014//7869
f 4019//7870 4022//7870 4021//7870
f 3865//7871 4022//7871 3866//7871
f 3866//7872 4022//7872 3867//7872
f 4019//7873 3867//7873 4022//7873
f 3869//7874 3868//7874 4019//7874
f 3868//7875 3867//7875 4019//7875
f 3865//7876 4023//7876 3996//7876
f 3989//7877 3996//7877 4023//7877
f 3865//7878 4024//7878 4023//7878
f 3989//7879 4023//7879 4024//7879
f 3865//7880 4025//7880 4024//7880
f 4024//7881 4025//7881 3987//7881
f 3989//7882 4024//7882 3987//7882
f 3865//7883 3980//7883 4025//7883
f 3987//7884 4025//7884 3980//7884
f 3987//7885 3980//7885 3982//7885
f 3865//7886 3981//7886 3980//7886
f 3974//7887 3967//7887 3969//7887
f 3974//7888 3969//7888 3970//7888
f 3865//7889 3968//7889 3967//7889
f 3960//7890 3895//7890 3894//7890
f 3865//7891 3955//7891 3958//7891
f 3898//7892 3897//7892 3956//7892
f 3903//7893 3902//7893 3944//7893
f 3944//7894 3902//7894 3901//7894
f 3904//7895 3903//7895 3942//7895
f 3926//7896 3907//7896 3932//7896
f 3932//7897 3907//7897 3906//7897
f 3910//7898 3909//7898 3926//7898
f 3909//7899 3908//7899 3926//7899
f 3926//7900 3908//7900 3907//7900
f 3865//7901 3864//7901 3916//7901
o geometry_9.038
v -0.017366 0.007095 -0.002281
v -0.017701 0.007431 -0.002810
v -0.017753 0.007576 -0.002430
v -0.017337 0.006922 -0.002677
v -0.017063 0.007071 -0.002859
v -0.015948 0.007546 -0.003999
v -0.016786 0.007913 -0.005236
v 0.010990 0.009266 -0.005123
v 0.012842 0.009410 -0.005347
v 0.012234 0.009555 -0.004274
v 0.013287 0.010336 -0.004355
v 0.013765 0.010776 -0.004305
v 0.014243 0.011369 -0.004253
v 0.014934 0.012337 -0.004137
v 0.016362 0.012393 -0.004094
v 0.017090 0.013749 -0.004064
v 0.017550 0.014625 -0.004052
v 0.017267 0.015147 -0.003054
v 0.016770 0.015613 -0.003382
v -0.004284 0.013896 -0.003304
v -0.010056 0.012626 -0.003079
v -0.010662 0.013616 -0.002679
v -0.011611 0.013388 -0.002933
v -0.011773 0.013249 -0.003056
v -0.013323 0.012501 -0.002983
v -0.014183 0.011922 -0.002988
v -0.014198 0.011853 -0.002152
v -0.016082 0.008488 -0.002061
v -0.016546 0.008380 -0.001943
v -0.017270 0.008601 -0.002145
v -0.018206 0.007538 -0.002138
v -0.014516 0.009369 -0.002521
v -0.013154 0.010728 -0.002718
v -0.014301 0.009201 -0.003616
v -0.012875 0.010614 -0.003514
v -0.012552 0.010919 -0.003221
v -0.013400 0.009747 -0.004631
v -0.013567 0.011174 -0.001472
v -0.012892 0.011671 -0.001428
v -0.011393 0.012514 -0.001434
v -0.011289 0.011507 -0.003321
v -0.010292 0.012389 -0.002154
v -0.003576 0.014040 -0.004410
v 0.013594 0.008985 -0.005206
v -0.011851 0.011112 -0.004009
v 0.016846 0.015683 -0.004996
v -0.012115 0.010929 -0.003989
v -0.013478 0.009852 -0.004280
v -0.012766 0.010582 -0.004058
v -0.013895 0.009349 -0.004383
v -0.014318 0.008901 -0.004342
v -0.014698 0.008262 -0.004581
v -0.014877 0.008346 -0.004251
v -0.015723 0.007181 -0.004473
v 0.016898 0.015972 -0.006453
v 0.017189 0.015810 -0.003920
v 0.016614 0.015193 -0.004625
v 0.015698 0.012813 -0.002485
v 0.017381 0.016138 -0.002751
v 0.016583 0.014996 -0.002569
v 0.016155 0.014068 -0.002544
vn -0.8216 -0.5422 0.1759
vn -0.7921 -0.5981 0.1217
vn -0.4163 -0.5555 -0.7198
vn 0.6171 -0.7038 0.3519
vn 0.6582 -0.6549 0.3714
vn 0.0219 0.9624 0.2709
vn 0.0480 -0.9650 -0.2579
vn -0.0684 0.9947 0.0773
vn 0.0938 -0.9782 0.1855
vn 0.0660 0.0143 0.9977
vn 0.0878 -0.2074 0.9743
vn 0.0819 -0.1512 0.9851
vn 0.0853 -0.1784 0.9803
vn 0.0468 -0.5770 -0.8154
vn 0.0624 -0.0561 0.9965
vn 0.0603 -0.0454 0.9971
vn 0.2068 -0.8417 0.4988
vn -0.0974 0.5012 0.8598
vn -0.0100 0.1675 0.9858
vn 0.0101 0.1295 0.9915
vn 0.2662 -0.2164 0.9393
vn -0.3239 0.3857 0.8639
vn -0.7153 0.6735 0.1867
vn -0.0241 0.1464 0.9889
vn -0.1792 0.2573 0.9496
vn 0.8324 -0.5534 -0.0301
vn 0.4388 -0.2688 -0.8574
vn 0.3150 -0.4244 0.8489
vn -0.2862 -0.0686 0.9557
vn 0.1171 -0.0972 0.9883
vn -0.6252 0.5468 -0.5570
vn 0.3150 -0.8714 0.3761
vn -0.1087 0.4493 0.8867
vn -0.2614 0.5481 -0.7946
vn -0.1326 -0.0104 -0.9911
vn 0.2576 -0.0540 0.9647
vn -0.7027 0.6696 -0.2406
vn -0.6950 0.6723 -0.2550
vn -0.6059 0.6637 -0.4386
vn -0.5809 0.7523 -0.3107
vn -0.5020 0.8141 -0.2918
vn -0.5329 0.7728 -0.3445
vn -0.5154 0.7382 -0.4352
vn -0.4334 0.7671 -0.4730
vn 0.4349 -0.7773 -0.4545
vn -0.4069 0.7964 -0.4473
vn -0.2097 0.8578 -0.4692
vn 0.7511 -0.5171 -0.4105
vn -0.5208 -0.4638 -0.7167
vn 0.3277 -0.7947 -0.5110
vn -0.1892 -0.4341 -0.8808
vn -0.3365 0.8669 -0.3677
vn -0.0324 0.0471 -0.9984
vn -0.0473 -0.0031 -0.9989
vn 0.0192 0.0822 0.9964
vn -0.0777 0.9938 0.0794
vn -0.2153 0.9765 -0.0109
vn -0.3364 0.8769 -0.3434
vn 0.2439 -0.2311 0.9419
vn -0.4262 0.8747 -0.2306
vn -0.5114 0.8125 -0.2798
vn -0.5354 0.7704 -0.3461
vn 0.5340 -0.7703 0.3486
vn 0.1082 -0.3850 0.9166
vn -0.4242 0.6777 0.6007
vn -0.0340 0.1493 -0.9882
vn -0.0225 0.3116 -0.9499
vn -0.0263 0.2203 -0.9751
vn 0.6875 -0.6398 0.3434
vn -0.0307 -0.0629 -0.9975
vn 0.6883 -0.6150 0.3847
vn 0.6500 -0.5732 0.4989
vn 0.6754 -0.5746 0.4621
vn -0.0303 -0.1307 -0.9910
vn 0.5937 -0.6415 0.4857
vn -0.5440 0.5206 -0.6581
vn -0.0375 0.2134 -0.9763
vn -0.0255 0.7032 0.7106
vn 0.6600 0.7135 -0.2352
vn -0.6264 0.6716 -0.3957
vn 0.6340 -0.6471 0.4235
vn -0.5584 0.8019 -0.2125
vn -0.7218 0.6204 -0.3067
vn -0.8424 0.5335 0.0757
vn -0.1586 0.0460 0.9863
vn 0.8835 -0.4645 -0.0605
vn -0.0811 0.9959 0.0393
vn -0.4036 0.9147 0.0206
vn 0.8195 -0.5379 -0.1976
vn 0.8298 -0.5142 -0.2169
vn 0.8391 -0.5352 -0.0976
vn -0.9235 0.0104 -0.3835
vn 0.6710 -0.7352 0.0959
vn 0.8156 -0.5769 -0.0431
vn 0.9077 -0.4189 -0.0265
vn 0.9808 -0.0526 0.1877
vn -0.7678 0.3391 -0.5436
vn -0.7370 0.4078 -0.5390
vn -0.7140 0.4089 -0.5683
vn -0.7242 0.3883 -0.5698
vn -0.9872 0.0702 0.1429
vn 0.9032 -0.2174 0.3701
vn -0.5022 0.7634 -0.4062
vn 0.3493 0.7591 0.5493
vn 0.0751 0.4309 0.8993
vn 0.0070 -0.2245 0.9744
vn 0.5325 -0.6766 -0.5085
vn 0.3531 -0.7813 -0.5146
vn 0.5197 -0.3124 -0.7952
vn -0.6942 -0.7163 -0.0713
vn 0.4736 -0.6982 -0.5369
vn -0.6290 0.7404 -0.2370
vn 0.1705 -0.1345 -0.9761
vn -0.0131 -0.3740 0.9273
vn 0.8141 -0.5807 -0.0029
vn 0.7646 -0.6280 0.1452
vn 0.6032 -0.6999 0.3824
vn 0.5620 -0.7154 0.4152
s 0
f 4026//7902 4027//7902 4029//7902
f 4026//7903 4028//7903 4027//7903
f 4026//7904 4056//7904 4028//7904
f 4026//7905 4029//7905 4030//7905
f 4026//7906 4030//7906 4031//7906
f 4026//7907 4031//7907 4032//7907
f 4026//7908 4032//7908 4033//7908
f 4026//7909 4033//7909 4034//7909
f 4026//7910 4034//7910 4035//7910
f 4026//7911 4035//7911 4036//7911
f 4026//7912 4036//7912 4037//7912
f 4026//7913 4037//7913 4038//7913
f 4026//7914 4038//7914 4039//7914
f 4026//7915 4039//7915 4040//7915
f 4026//7916 4040//7916 4041//7916
f 4026//7917 4041//7917 4042//7917
f 4026//7918 4042//7918 4043//7918
f 4026//7919 4043//7919 4044//7919
f 4026//7920 4044//7920 4045//7920
f 4026//7921 4045//7921 4046//7921
f 4026//7922 4046//7922 4047//7922
f 4026//7923 4047//7923 4048//7923
f 4026//7924 4048//7924 4049//7924
f 4026//7925 4049//7925 4050//7925
f 4026//7926 4050//7926 4051//7926
f 4026//7927 4051//7927 4052//7927
f 4026//7928 4052//7928 4053//7928
f 4026//7929 4053//7929 4054//7929
f 4026//7930 4054//7930 4055//7930
f 4026//7931 4055//7931 4056//7931
f 4027//7932 4056//7932 4055//7932
f 4028//7933 4056//7933 4027//7933
f 4055//7934 4054//7934 4058//7934
f 4027//7935 4055//7935 4057//7935
f 4055//7936 4058//7936 4057//7936
f 4054//7937 4053//7937 4058//7937
f 4057//7938 4058//7938 4059//7938
f 4058//7939 4062//7939 4059//7939
f 4058//7940 4053//7940 4063//7940
f 4058//7941 4060//7941 4062//7941
f 4058//7942 4061//7942 4060//7942
f 4058//7943 4065//7943 4061//7943
f 4058//7944 4063//7944 4064//7944
f 4058//7945 4064//7945 4065//7945
f 4064//7946 4049//7946 4065//7946
f 4061//7947 4065//7947 4066//7947
f 4065//7948 4067//7948 4066//7948
f 4065//7949 4049//7949 4048//7949
f 4065//7950 4047//7950 4067//7950
f 4065//7951 4048//7951 4047//7951
f 4068//7952 4067//7952 4047//7952
f 4068//7953 4066//7953 4067//7953
f 4069//7954 4068//7954 4071//7954
f 4069//7955 4070//7955 4068//7955
f 4068//7956 4070//7956 4072//7956
f 4071//7957 4068//7957 4045//7957
f 4068//7958 4046//7958 4045//7958
f 4068//7959 4072//7959 4066//7959
f 4068//7960 4047//7960 4046//7960
f 4061//7961 4066//7961 4072//7961
f 4061//7962 4072//7962 4060//7962
f 4060//7963 4072//7963 4062//7963
f 4062//7964 4072//7964 4073//7964
f 4072//7965 4074//7965 4073//7965
f 4072//7966 4070//7966 4074//7966
f 4069//7967 4074//7967 4070//7967
f 4069//7968 4073//7968 4074//7968
f 4069//7969 4075//7969 4073//7969
f 4062//7970 4073//7970 4075//7970
f 4069//7971 4076//7971 4075//7971
f 4062//7972 4075//7972 4076//7972
f 4077//7973 4076//7973 4078//7973
f 4077//7974 4062//7974 4076//7974
f 4069//7975 4078//7975 4076//7975
f 4077//7976 4078//7976 4031//7976
f 4078//7977 4079//7977 4031//7977
f 4069//7978 4079//7978 4078//7978
f 4069//7979 4032//7979 4079//7979
f 4031//7980 4079//7980 4032//7980
f 4029//7981 4059//7981 4077//7981
f 4029//7982 4077//7982 4030//7982
f 4077//7983 4031//7983 4030//7983
f 4059//7984 4062//7984 4077//7984
f 4034//7985 4071//7985 4080//7985
f 4034//7986 4069//7986 4071//7986
f 4071//7987 4082//7987 4080//7987
f 4071//7988 4045//7988 4044//7988
f 4071//7989 4044//7989 4081//7989
f 4071//7990 4081//7990 4082//7990
f 4034//7991 4082//7991 4083//7991
f 4034//7992 4080//7992 4082//7992
f 4082//7993 4040//7993 4083//7993
f 4082//7994 4081//7994 4084//7994
f 4082//7995 4084//7995 4085//7995
f 4082//7996 4085//7996 4086//7996
f 4082//7997 4086//7997 4040//7997
f 4085//7998 4041//7998 4086//7998
f 4040//7999 4086//7999 4041//7999
f 4084//8000 4042//8000 4085//8000
f 4085//8001 4042//8001 4041//8001
f 4081//8002 4043//8002 4084//8002
f 4084//8003 4043//8003 4042//8003
f 4034//8004 4083//8004 4040//8004
f 4081//8005 4044//8005 4043//8005
f 4034//8006 4033//8006 4069//8006
f 4069//8007 4033//8007 4032//8007
f 4063//8008 4050//8008 4064//8008
f 4064//8009 4050//8009 4049//8009
f 4053//8010 4052//8010 4063//8010
f 4063//8011 4052//8011 4051//8011
f 4063//8012 4051//8012 4050//8012
f 4057//8013 4059//8013 4029//8013
f 4027//8014 4057//8014 4029//8014
f 4034//8015 4040//8015 4039//8015
f 4034//8016 4039//8016 4038//8016
f 4034//8017 4038//8017 4037//8017
f 4034//8018 4037//8018 4036//8018
f 4035//8019 4034//8019 4036//8019
o geometry_9.039
v 0.014724 0.006512 -0.006325
v 0.012766 0.007919 -0.005527
v 0.016380 0.006027 -0.005780
v 0.012210 0.007616 -0.003167
v 0.011972 0.007765 -0.004434
v 0.012212 0.006466 -0.005587
v 0.011260 0.006472 -0.004999
v 0.011167 0.006294 -0.004572
v 0.010731 0.006805 -0.004450
v -0.020134 0.004589 -0.002984
v -0.019763 0.005059 -0.001615
v -0.019573 0.005327 -0.002982
v -0.018849 0.005294 -0.002856
v -0.018928 0.005446 -0.004397
v -0.017879 0.005285 -0.004080
v -0.017775 0.005315 -0.004213
v -0.017745 0.005267 -0.004246
v -0.017658 0.005380 -0.004364
v -0.017500 0.004763 -0.004287
v -0.016176 0.006429 -0.004523
v 0.010995 0.008622 -0.005356
v 0.013813 0.008103 -0.005158
v 0.013978 0.007922 -0.005151
v -0.016328 0.006263 -0.004441
v -0.017462 0.004972 -0.004036
v -0.017458 0.007234 -0.002447
v -0.017044 0.006088 -0.003256
v -0.017527 0.005342 -0.003384
v -0.018761 0.003856 -0.003866
v -0.018446 0.007482 -0.002714
v -0.018538 0.006523 -0.001691
v -0.018196 0.006144 -0.001639
v -0.018578 0.006540 -0.003185
v -0.018273 0.006615 -0.003670
v -0.019466 0.004463 -0.002052
v -0.019178 0.006356 -0.003090
v -0.019646 0.005377 -0.003257
v -0.019196 0.004989 -0.002453
v -0.018703 0.007024 -0.003132
vn 0.6295 0.7381 0.2428
vn -0.3858 -0.7987 0.4617
vn 0.3996 0.7019 -0.5896
vn -0.4288 -0.9031 -0.0254
vn 0.2310 -0.6220 0.7482
vn -0.0395 0.9965 -0.0732
vn 0.1450 0.9023 0.4060
vn -0.4292 -0.1546 -0.8899
vn 0.0830 -0.9424 0.3241
vn -0.0815 0.9493 -0.3036
vn 0.0154 -0.9816 -0.1904
vn -0.0058 0.9598 0.2807
vn 0.0258 -0.9947 -0.0995
vn -0.0019 0.8892 0.4576
vn 0.0233 -0.9800 -0.1975
vn 0.0744 -0.5310 0.8441
vn -0.0172 -0.7168 -0.6971
vn 0.0551 0.1379 0.9889
vn -0.0577 -0.0950 -0.9938
vn -0.0558 0.3338 -0.9410
vn 0.1710 0.6444 -0.7453
vn 0.7068 0.6343 -0.3133
vn -0.2879 -0.2255 0.9307
vn -0.2423 -0.5679 0.7866
vn -0.1664 -0.6080 0.7763
vn 0.0414 -0.1369 0.9897
vn -0.7574 0.5527 -0.3477
vn 0.0087 0.4368 0.8995
vn -0.7662 0.6183 -0.1750
vn 0.7801 0.4171 -0.4663
vn 0.7708 0.6103 -0.1828
vn 0.4766 0.7071 0.5224
vn -0.7519 0.5433 -0.3735
vn -0.9796 0.1169 -0.1637
vn -0.0069 0.5748 -0.8183
vn 0.3721 0.8228 -0.4296
vn -0.3183 -0.2978 0.9000
vn -0.1891 0.4414 -0.8772
vn -0.5629 0.2082 0.7999
vn -0.4656 0.4893 -0.7374
vn 0.9950 0.0904 -0.0419
vn -0.8582 0.0504 -0.5108
vn 0.0566 -0.6190 -0.7834
vn -0.0020 0.7295 0.6840
vn 0.5382 -0.8425 -0.0238
vn -0.8038 0.5915 0.0638
vn 0.4499 -0.8810 0.1464
vn 0.0143 -0.8958 0.4443
vn -0.8108 0.5851 -0.0171
vn -0.0863 0.7248 0.6835
vn 0.7254 -0.4126 -0.5509
vn 0.8551 -0.3433 -0.3884
vn -0.4540 0.6757 0.5809
vn 0.3272 -0.6733 -0.6631
vn -0.4080 -0.8904 -0.2018
vn 0.4487 0.8631 0.2317
vn 0.0110 0.3211 0.9470
vn 0.0510 -0.1917 0.9801
vn 0.8428 -0.5363 -0.0443
vn 0.0415 0.0340 0.9986
vn 0.6742 -0.5135 -0.5309
vn 0.0474 -0.6872 0.7249
vn 0.9072 -0.1471 -0.3942
vn -0.0337 0.9907 0.1317
vn -0.0679 0.8322 -0.5503
vn -0.0430 0.9990 0.0125
vn -0.0516 -0.7261 -0.6856
vn -0.0014 0.9904 0.1384
vn 0.6445 0.2550 0.7209
vn 0.0535 -0.0864 0.9948
vn 0.1014 -0.1482 0.9837
vn 0.8775 -0.4795 -0.0076
vn 0.4363 -0.5512 0.7112
vn -0.0253 0.9923 0.1213
s 0
f 4087//8020 4088//8020 4090//8020
f 4087//8021 4089//8021 4088//8021
f 4087//8022 4109//8022 4089//8022
f 4087//8023 4090//8023 4091//8023
f 4087//8024 4091//8024 4092//8024
f 4087//8025 4092//8025 4093//8025
f 4087//8026 4093//8026 4094//8026
f 4087//8027 4094//8027 4095//8027
f 4087//8028 4095//8028 4096//8028
f 4087//8029 4096//8029 4097//8029
f 4087//8030 4097//8030 4098//8030
f 4087//8031 4098//8031 4099//8031
f 4087//8032 4099//8032 4100//8032
f 4087//8033 4100//8033 4101//8033
f 4087//8034 4101//8034 4102//8034
f 4087//8035 4102//8035 4103//8035
f 4087//8036 4103//8036 4104//8036
f 4087//8037 4104//8037 4105//8037
f 4087//8038 4105//8038 4106//8038
f 4087//8039 4106//8039 4107//8039
f 4087//8040 4107//8040 4108//8040
f 4087//8041 4108//8041 4109//8041
f 4088//8042 4109//8042 4108//8042
f 4089//8043 4109//8043 4088//8043
f 4088//8044 4108//8044 4107//8044
f 4088//8045 4107//8045 4106//8045
f 4105//8046 4111//8046 4106//8046
f 4088//8047 4106//8047 4110//8047
f 4106//8048 4111//8048 4110//8048
f 4103//8049 4111//8049 4105//8049
f 4103//8050 4102//8050 4111//8050
f 4102//8051 4101//8051 4111//8051
f 4111//8052 4113//8052 4110//8052
f 4112//8053 4111//8053 4114//8053
f 4112//8054 4113//8054 4111//8054
f 4111//8055 4100//8055 4114//8055
f 4111//8056 4101//8056 4100//8056
f 4112//8057 4114//8057 4115//8057
f 4114//8058 4100//8058 4115//8058
f 4112//8059 4115//8059 4099//8059
f 4115//8060 4100//8060 4099//8060
f 4112//8061 4110//8061 4113//8061
f 4116//8062 4112//8062 4118//8062
f 4116//8063 4117//8063 4112//8063
f 4117//8064 4119//8064 4112//8064
f 4112//8065 4121//8065 4118//8065
f 4112//8066 4119//8066 4120//8066
f 4112//8067 4120//8067 4110//8067
f 4112//8068 4099//8068 4121//8068
f 4099//8069 4098//8069 4121//8069
f 4118//8070 4121//8070 4122//8070
f 4123//8071 4122//8071 4121//8071
f 4123//8072 4121//8072 4124//8072
f 4121//8073 4098//8073 4124//8073
f 4123//8074 4124//8074 4097//8074
f 4097//8075 4124//8075 4098//8075
f 4091//8076 4123//8076 4096//8076
f 4091//8077 4122//8077 4123//8077
f 4096//8078 4123//8078 4097//8078
f 4091//8079 4125//8079 4122//8079
f 4118//8080 4122//8080 4125//8080
f 4091//8081 4116//8081 4125//8081
f 4116//8082 4118//8082 4125//8082
f 4088//8083 4120//8083 4119//8083
f 4088//8084 4110//8084 4120//8084
f 4088//8085 4119//8085 4117//8085
f 4088//8086 4117//8086 4116//8086
f 4088//8087 4116//8087 4091//8087
f 4104//8088 4103//8088 4105//8088
f 4091//8089 4096//8089 4095//8089
f 4091//8090 4095//8090 4094//8090
f 4091//8091 4094//8091 4093//8091
f 4091//8092 4093//8092 4092//8092
f 4088//8093 4091//8093 4090//8093
o geometry_9.040
v -0.004497 -0.011148 0.002594
v 0.012638 -0.009577 -0.001590
v -0.004392 -0.010404 -0.000943
v 0.012534 -0.009397 -0.001794
v 0.012533 -0.009402 -0.001581
v 0.012624 -0.009454 -0.000205
v 0.012587 -0.009487 -0.000151
v 0.012565 -0.009530 0.001235
v 0.012545 -0.009544 0.001275
v 0.012378 -0.009649 0.002824
v 0.012355 -0.009659 0.002963
v 0.012729 -0.010382 0.004275
v 0.013106 -0.010939 0.002853
v 0.001571 -0.010285 0.003105
v -0.002850 -0.010405 0.001863
v -0.002898 -0.010487 0.001792
v -0.004154 -0.010836 0.001251
v -0.004913 -0.011461 0.001355
v -0.004253 -0.005489 0.003652
v -0.004766 0.003808 0.004491
v -0.004943 0.004103 0.000064
v 0.008232 0.004445 -0.000299
v 0.010984 0.004167 0.004006
v 0.010817 0.003977 0.004402
v 0.011737 0.001124 -0.000482
v 0.012062 0.000764 -0.000519
v 0.014134 -0.000273 0.002865
v 0.014225 -0.000298 0.003613
v 0.014644 -0.000897 0.003585
v 0.014304 -0.000860 0.002346
v 0.013298 -0.000803 -0.000684
v 0.013082 -0.000482 -0.000641
v 0.013699 -0.001797 -0.000752
v 0.014103 -0.001249 0.001396
v 0.014767 -0.002018 0.002129
v 0.015081 -0.002015 0.003439
v 0.014829 -0.003096 0.001955
v 0.013983 -0.003158 -0.000872
v 0.013943 -0.004454 -0.000964
v 0.013738 -0.005897 -0.001065
v 0.013609 -0.006564 -0.001114
v 0.013431 -0.007346 -0.001178
v 0.014548 -0.004319 0.001743
v 0.013109 -0.008230 -0.001314
v 0.013314 -0.007744 -0.001220
v 0.014227 -0.005202 0.001579
v 0.014641 -0.004307 0.003028
v 0.015013 -0.003050 0.003248
v 0.015099 -0.003577 0.003040
v 0.015279 -0.002313 0.003167
v 0.015231 -0.003062 0.003082
v 0.015284 -0.001932 0.003217
v 0.015017 -0.001248 0.003283
v 0.014793 -0.000683 0.003340
v 0.014515 -0.000239 0.003408
v 0.014437 -0.000122 0.003418
v 0.015461 -0.006149 0.003247
v 0.014765 -0.005343 0.004445
v 0.014681 -0.006038 0.003471
v 0.014292 -0.005224 0.002941
v 0.013975 -0.005931 0.002846
v 0.013928 -0.005923 0.001496
v 0.012557 -0.009080 -0.000085
v 0.012482 -0.008954 -0.001706
v 0.012728 -0.008984 -0.001501
vn 0.0849 0.7673 0.6356
vn 0.0397 -0.9780 -0.2046
vn -0.9987 -0.0354 -0.0369
vn 0.0960 -0.9951 -0.0245
vn 0.0913 -0.9949 -0.0435
vn -0.0006 -0.8539 -0.5205
vn 0.0920 -0.9953 -0.0297
vn 0.0666 -0.9522 -0.2982
vn 0.0891 -0.9943 -0.0582
vn 0.0890 -0.9947 -0.0506
vn 0.0871 -0.8617 -0.4999
vn -0.0057 0.9305 -0.3662
vn -0.0074 -0.4703 0.8825
vn -0.1632 0.8518 0.4978
vn -0.5272 0.7116 -0.4644
vn -0.3193 0.9378 0.1362
vn -0.6340 0.7732 0.0177
vn 0.9461 0.0198 -0.3232
vn -0.6988 -0.1024 0.7080
vn -0.9990 -0.0229 0.0386
vn -0.0207 0.9975 0.0674
vn -0.0293 0.0681 -0.9972
vn -0.0227 0.9935 0.1113
vn 0.1018 -0.9124 -0.3965
vn -0.9330 0.2051 -0.2956
vn 0.6507 0.7027 -0.2879
vn -0.0269 0.0775 -0.9966
vn -0.0062 0.0485 -0.9988
vn 0.7112 0.6635 -0.2323
vn 0.7464 0.6022 -0.2831
vn 0.8035 0.5901 -0.0785
vn 0.8154 0.5732 -0.0805
vn 0.7349 0.6271 -0.2580
vn 0.8653 0.4486 -0.2238
vn 0.8356 0.4794 -0.2683
vn 0.7814 0.5635 -0.2681
vn -0.0425 0.1051 -0.9935
vn -0.0259 0.0760 -0.9968
vn -0.0182 0.0605 -0.9980
vn 0.8784 0.3745 -0.2970
vn 0.9181 0.2592 -0.2998
vn 0.8302 0.5162 -0.2106
vn 0.8875 0.3986 -0.2314
vn 0.8995 0.3798 -0.2159
vn 0.9684 0.0925 -0.2318
vn 0.8476 0.4039 -0.3443
vn 0.9199 0.2206 -0.3242
vn 0.9526 0.1005 -0.2871
vn -0.0243 0.0715 -0.9971
vn -0.0286 0.0822 -0.9962
vn 0.9581 -0.0098 -0.2863
vn -0.0249 0.0731 -0.9970
vn 0.9641 -0.1203 -0.2367
vn -0.0262 0.0783 -0.9966
vn 0.9667 -0.1725 -0.1892
vn -0.0283 0.0885 -0.9957
vn 0.9660 -0.2066 -0.1552
vn 0.9670 -0.1928 -0.1664
vn 0.9401 -0.3409 -0.0066
vn 0.9126 -0.4004 0.0825
vn 0.9580 -0.2750 -0.0813
vn 0.9415 -0.3305 -0.0651
vn 0.9599 -0.2722 -0.0670
vn 0.9710 -0.1998 -0.1315
vn 0.9894 -0.0387 -0.1398
vn -0.4146 0.2744 -0.8677
vn -0.5838 0.2135 -0.7833
vn -0.6946 0.1743 -0.6980
vn -0.5959 0.1283 -0.7928
vn 0.0435 -0.1158 0.9923
vn 0.0404 -0.0909 0.9950
vn 0.0457 -0.1296 0.9905
vn -0.7523 0.0940 -0.6521
vn 0.0370 -0.0815 0.9960
vn -0.6854 -0.1997 -0.7002
vn 0.0379 -0.0854 0.9956
vn -0.6823 -0.2000 -0.7032
vn 0.0470 -0.1218 0.9914
vn -0.6660 -0.3129 -0.6772
vn -0.7448 -0.2084 -0.6340
vn 0.0310 -0.0643 0.9974
vn -0.5172 -0.2789 -0.8091
vn -0.5055 -0.3155 -0.8031
vn 0.0419 -0.1026 0.9938
vn -0.5052 -0.2954 -0.8109
vn 0.0233 0.0833 0.9963
vn -0.8965 -0.1593 -0.4135
vn 0.7735 -0.4777 -0.4166
vn -0.9360 0.3195 -0.1477
vn -0.8576 0.3590 -0.3684
vn 0.8455 -0.3274 -0.4218
vn -0.0505 0.8149 -0.5773
vn 0.8986 -0.3132 -0.3072
vn 0.8833 -0.3554 -0.3057
vn 0.8784 -0.3754 -0.2959
vn 0.8515 -0.5129 0.1087
vn 0.9050 -0.4175 0.0816
vn 0.8139 -0.5259 0.2471
vn 0.9306 -0.3660 0.0033
vn 0.9163 -0.3939 0.0718
vn 0.8475 -0.4546 0.2740
vn 0.9248 -0.3771 -0.0504
vn 0.9349 -0.3513 -0.0504
vn 0.9476 -0.3065 -0.0903
vn 0.9232 -0.3840 0.0155
vn 0.8994 -0.4300 0.0782
vn 0.2642 0.3377 -0.9034
vn 0.9791 0.1952 -0.0576
vn 0.0233 0.9264 -0.3758
vn 0.0058 -0.1269 0.9919
vn 0.7393 0.2148 -0.6381
vn 0.4596 -0.6963 0.5513
vn 0.9283 -0.3718 -0.0035
vn -0.9312 -0.1741 0.3203
vn -0.6425 -0.0188 0.7661
vn -0.6270 0.1268 0.7686
vn -0.0451 0.1558 -0.9868
vn -0.0534 0.2652 -0.9627
vn -0.0465 0.2074 -0.9771
vn -0.0330 0.1159 -0.9927
vn 0.0327 -0.0880 0.9956
vn 0.4160 -0.3661 0.8324
vn -0.2670 -0.3990 0.8773
vn -0.4513 -0.4162 0.7894
vn -0.2390 -0.3917 0.8885
vn 0.0164 -0.0937 0.9955
s 0
f 4126//8094 4127//8094 4129//8094
f 4126//8095 4128//8095 4127//8095
f 4126//8096 4146//8096 4128//8096
f 4126//8097 4129//8097 4130//8097
f 4126//8098 4130//8098 4131//8098
f 4126//8099 4131//8099 4132//8099
f 4126//8100 4132//8100 4133//8100
f 4126//8101 4133//8101 4134//8101
f 4126//8102 4134//8102 4135//8102
f 4126//8103 4135//8103 4136//8103
f 4126//8104 4136//8104 4137//8104
f 4126//8105 4137//8105 4138//8105
f 4126//8106 4138//8106 4139//8106
f 4126//8107 4139//8107 4140//8107
f 4126//8108 4140//8108 4141//8108
f 4126//8109 4141//8109 4142//8109
f 4126//8110 4142//8110 4143//8110
f 4126//8111 4143//8111 4144//8111
f 4126//8112 4144//8112 4145//8112
f 4126//8113 4145//8113 4146//8113
f 4146//8114 4145//8114 4148//8114
f 4128//8115 4146//8115 4147//8115
f 4146//8116 4149//8116 4147//8116
f 4146//8117 4148//8117 4149//8117
f 4148//8118 4150//8118 4149//8118
f 4147//8119 4149//8119 4150//8119
f 4128//8120 4150//8120 4151//8120
f 4128//8121 4147//8121 4150//8121
f 4150//8122 4152//8122 4151//8122
f 4148//8123 4152//8123 4150//8123
f 4148//8124 4153//8124 4152//8124
f 4153//8125 4154//8125 4152//8125
f 4152//8126 4157//8126 4151//8126
f 4152//8127 4154//8127 4155//8127
f 4152//8128 4155//8128 4156//8128
f 4152//8129 4156//8129 4157//8129
f 4128//8130 4157//8130 4156//8130
f 4128//8131 4151//8131 4157//8131
f 4128//8132 4156//8132 4158//8132
f 4156//8133 4160//8133 4158//8133
f 4155//8134 4159//8134 4156//8134
f 4156//8135 4159//8135 4160//8135
f 4154//8136 4160//8136 4155//8136
f 4154//8137 4161//8137 4160//8137
f 4162//8138 4160//8138 4161//8138
f 4155//8139 4160//8139 4159//8139
f 4160//8140 4163//8140 4158//8140
f 4162//8141 4163//8141 4160//8141
f 4128//8142 4163//8142 4164//8142
f 4128//8143 4158//8143 4163//8143
f 4162//8144 4164//8144 4163//8144
f 4128//8145 4164//8145 4165//8145
f 4162//8146 4165//8146 4164//8146
f 4128//8147 4165//8147 4166//8147
f 4162//8148 4166//8148 4165//8148
f 4128//8149 4166//8149 4167//8149
f 4168//8150 4167//8150 4166//8150
f 4168//8151 4166//8151 4162//8151
f 4169//8152 4168//8152 4171//8152
f 4169//8153 4170//8153 4168//8153
f 4170//8154 4167//8154 4168//8154
f 4171//8155 4168//8155 4172//8155
f 4168//8156 4173//8156 4172//8156
f 4168//8157 4162//8157 4173//8157
f 4162//8158 4161//8158 4173//8158
f 4172//8159 4173//8159 4174//8159
f 4173//8160 4176//8160 4174//8160
f 4173//8161 4161//8161 4175//8161
f 4173//8162 4175//8162 4176//8162
f 4144//8163 4176//8163 4175//8163
f 4144//8164 4174//8164 4176//8164
f 4144//8165 4175//8165 4177//8165
f 4161//8166 4177//8166 4175//8166
f 4144//8167 4177//8167 4178//8167
f 4161//8168 4178//8168 4177//8168
f 4144//8169 4178//8169 4179//8169
f 4179//8170 4178//8170 4161//8170
f 4144//8171 4179//8171 4180//8171
f 4180//8172 4179//8172 4154//8172
f 4154//8173 4179//8173 4161//8173
f 4144//8174 4180//8174 4181//8174
f 4181//8175 4180//8175 4153//8175
f 4153//8176 4180//8176 4154//8176
f 4144//8177 4181//8177 4148//8177
f 4148//8178 4181//8178 4153//8178
f 4144//8179 4182//8179 4174//8179
f 4183//8180 4174//8180 4182//8180
f 4172//8181 4174//8181 4183//8181
f 4138//8182 4183//8182 4184//8182
f 4138//8183 4137//8183 4183//8183
f 4137//8184 4136//8184 4183//8184
f 4183//8185 4182//8185 4184//8185
f 4172//8186 4183//8186 4185//8186
f 4185//8187 4183//8187 4186//8187
f 4183//8188 4135//8188 4186//8188
f 4183//8189 4136//8189 4135//8189
f 4185//8190 4186//8190 4131//8190
f 4131//8191 4186//8191 4132//8191
f 4186//8192 4133//8192 4132//8192
f 4186//8193 4135//8193 4134//8193
f 4186//8194 4134//8194 4133//8194
f 4171//8195 4185//8195 4187//8195
f 4171//8196 4172//8196 4185//8196
f 4185//8197 4131//8197 4187//8197
f 4171//8198 4187//8198 4130//8198
f 4130//8199 4187//8199 4188//8199
f 4187//8200 4131//8200 4188//8200
f 4130//8201 4188//8201 4131//8201
f 4144//8202 4184//8202 4182//8202
f 4144//8203 4138//8203 4184//8203
f 4189//8204 4171//8204 4129//8204
f 4189//8205 4169//8205 4171//8205
f 4129//8206 4171//8206 4130//8206
f 4127//8207 4189//8207 4129//8207
f 4127//8208 4190//8208 4189//8208
f 4190//8209 4169//8209 4189//8209
f 4128//8210 4190//8210 4127//8210
f 4128//8211 4169//8211 4190//8211
f 4128//8212 4170//8212 4169//8212
f 4128//8213 4167//8213 4170//8213
f 4144//8214 4148//8214 4145//8214
f 4142//8215 4144//8215 4143//8215
f 4142//8216 4141//8216 4144//8216
f 4144//8217 4141//8217 4140//8217
f 4144//8218 4140//8218 4139//8218
f 4144//8219 4139//8219 4138//8219
o geometry_9.041
v 0.002058 -0.010261 0.004818
v -0.004548 -0.005529 0.008538
v -0.004784 -0.005275 0.007032
v -0.004168 -0.005263 0.005573
v -0.004700 0.003697 0.006127
v 0.011236 0.004086 0.005531
v 0.015546 0.000498 0.005115
v 0.015773 0.000063 0.004965
v 0.014729 -0.000824 0.004872
v 0.014914 -0.001334 0.004776
v 0.015155 -0.002006 0.004627
v 0.015190 -0.002127 0.004572
v 0.015038 -0.003275 0.004489
v 0.016341 -0.003674 0.004432
v 0.014496 -0.005094 0.004551
v 0.015714 -0.005784 0.004492
v 0.013154 -0.011042 0.004013
v 0.012346 -0.010068 0.003406
v 0.012141 -0.009744 0.004114
v 0.011986 -0.009802 0.004562
v 0.011490 -0.010019 0.005346
v 0.011571 -0.009891 0.005498
v 0.011517 -0.010490 0.007487
v 0.011841 -0.011230 0.006209
v 0.004802 -0.010368 0.006292
v 0.012958 -0.009491 0.006236
v 0.011445 -0.009524 0.005764
v 0.011898 -0.008657 0.007051
v 0.011654 -0.009967 0.004756
v 0.011925 -0.008974 0.005327
v 0.012631 -0.007464 0.005439
v 0.012840 -0.006530 0.006018
v 0.012146 -0.007995 0.006366
v 0.013052 -0.006393 0.006051
v 0.013033 -0.006120 0.006237
v 0.013476 -0.004873 0.006286
v 0.013099 -0.005697 0.007091
v 0.014353 -0.003917 0.004989
v 0.014122 -0.003182 0.006028
v 0.014478 -0.003144 0.005318
v 0.014187 -0.002060 0.006398
v 0.014132 -0.003394 0.006196
v 0.014328 -0.002051 0.006320
v 0.014227 -0.001421 0.006304
v 0.013964 -0.000800 0.006400
v 0.014408 -0.001218 0.005569
v 0.014153 -0.000448 0.005136
v 0.014119 -0.001102 0.006000
v 0.014613 -0.000787 0.004365
v 0.015234 -0.001905 0.003992
v 0.014529 -0.002008 0.005665
v 0.015121 -0.003096 0.003874
v 0.014810 -0.004466 0.003645
v 0.014188 -0.004855 0.004367
v 0.014315 -0.005992 0.003512
v 0.013043 -0.006917 0.005033
v 0.014717 -0.000015 0.003750
v 0.011131 0.004004 0.005242
v -0.004636 0.003587 0.007771
v 0.011165 0.003936 0.005400
v 0.011606 0.004349 0.007268
v 0.011134 0.005015 0.006131
v 0.013607 -0.000282 0.006518
v 0.014614 0.000327 0.006814
v 0.010037 0.003899 0.007169
v 0.010236 0.003793 0.007099
v 0.010279 0.003831 0.006992
vn -0.6300 -0.7622 -0.1490
vn 0.5972 0.8010 0.0415
vn -0.3438 -0.7326 0.5875
vn -0.0747 0.0572 -0.9956
vn -0.0391 0.0745 -0.9965
vn -0.0358 0.0724 -0.9967
vn -0.1708 0.2406 -0.9555
vn -0.4231 0.5721 -0.7027
vn -0.1047 0.1461 -0.9837
vn -0.1232 0.1728 -0.9772
vn -0.2315 0.3462 -0.9092
vn -0.0687 0.0808 -0.9944
vn -0.0373 0.0222 -0.9991
vn 0.0286 -0.1203 -0.9923
vn -0.0328 0.0272 -0.9991
vn -0.0633 0.1210 -0.9906
vn 0.0995 0.5850 0.8049
vn 0.0763 -0.8983 0.4327
vn 0.0430 -0.9927 -0.1130
vn 0.0386 -0.9691 -0.2436
vn -0.0168 -0.7606 0.6490
vn 0.0577 -0.9564 -0.2864
vn 0.1526 0.8715 -0.4661
vn -0.1185 -0.9816 0.1499
vn -0.0078 -0.1583 0.9874
vn -0.9633 -0.2493 -0.0995
vn 0.0357 -0.0383 0.9986
vn -0.4301 0.2895 -0.8551
vn 0.9125 0.1086 -0.3945
vn 0.3466 -0.8300 0.4369
vn -0.7273 -0.3428 -0.5945
vn 0.9511 -0.3006 0.0702
vn 0.8995 -0.4270 0.0927
vn 0.9288 -0.3220 0.1836
vn -0.8877 0.4469 0.1107
vn 0.0641 0.1579 0.9854
vn 0.0276 -0.0722 0.9970
vn 0.3791 -0.3806 -0.8435
vn 0.0102 -0.5623 0.8268
vn -0.2208 0.5383 -0.8133
vn 0.0420 -0.0544 0.9976
vn -0.9368 0.3369 -0.0940
vn -0.8502 0.4951 -0.1792
vn 0.8798 -0.4542 0.1402
vn 0.9083 -0.2186 0.3567
vn -0.9351 0.3439 -0.0860
vn 0.8552 -0.3140 0.4124
vn 0.8809 -0.1939 0.4318
vn 0.9951 -0.0266 -0.0948
vn 0.7700 -0.3730 -0.5176
vn 0.0538 -0.0996 0.9936
vn 0.0398 0.0433 0.9983
vn -0.4892 0.1507 -0.8590
vn 0.0322 0.0299 0.9990
vn -0.4800 -0.0989 -0.8717
vn 0.0636 -0.1265 0.9899
vn 0.8919 0.3284 0.3109
vn 0.9722 -0.0258 0.2328
vn 0.8404 0.4488 0.3038
vn 0.7829 0.4810 0.3947
vn -0.7041 0.4079 -0.5813
vn 0.8745 0.3898 0.2884
vn 0.9013 0.1859 0.3913
vn 0.8849 0.1876 0.4263
vn 0.9033 -0.1620 0.3972
vn 0.9171 -0.1243 0.3789
vn 0.8983 -0.1648 0.4073
vn -0.9560 0.2444 -0.1620
vn -0.2316 0.3761 0.8972
vn -0.2916 -0.9071 -0.3036
vn 0.8740 -0.2668 0.4062
vn -0.9859 0.1377 -0.0947
vn -0.9944 0.0982 -0.0390
vn 0.8741 -0.3030 0.3795
vn 0.2282 0.7613 0.6069
vn 0.7848 -0.4327 0.4436
vn -0.6932 -0.4808 0.5369
vn 0.8136 -0.2884 0.5048
vn 0.8661 -0.3733 0.3324
vn 0.8073 -0.4066 0.4276
vn 0.8554 -0.4175 0.3065
vn 0.8550 -0.3978 0.3327
vn 0.8681 -0.3742 0.3261
vn -0.5306 0.5554 0.6403
vn -0.3521 -0.6766 0.6467
vn -0.9659 -0.2079 -0.1541
vn -0.8841 -0.4316 -0.1793
vn 0.8773 0.2211 0.4260
vn -0.6609 0.5204 0.5408
vn -0.6447 0.7370 0.2028
vn -0.9128 -0.3653 0.1825
vn -0.9126 -0.3673 0.1797
vn -0.5073 -0.6588 0.5555
vn 0.7415 0.4926 0.4556
vn -0.6252 -0.5255 0.5770
vn 0.0656 -0.9661 0.2497
vn 0.0377 0.9215 0.3866
vn 0.8264 0.5595 0.0635
vn -0.5611 -0.7211 0.4064
vn -0.0521 0.9776 -0.2039
vn 0.7782 0.5489 -0.3051
vn 0.0243 -0.8580 -0.5131
vn -0.9018 -0.4111 0.1329
vn 0.8759 0.3199 0.3613
vn 0.8920 0.3428 0.2945
vn 0.2042 -0.6796 0.7046
vn 0.0741 -0.1718 0.9823
vn 0.8013 0.5838 -0.1307
vn 0.2548 0.0483 -0.9658
vn 0.0291 -0.0620 0.9977
vn 0.5370 0.6325 0.5582
vn 0.5670 0.6777 0.4683
vn 0.3415 0.3788 0.8602
vn 0.0335 0.5718 0.8197
vn 0.0023 0.9407 0.3393
vn -0.0461 0.4914 -0.8697
vn 0.0426 -0.0837 0.9956
vn -0.9991 0.0134 0.0400
vn -0.0218 0.9975 0.0674
vn 0.8466 -0.4198 0.3272
vn 0.6066 -0.5527 0.5715
vn -0.4680 0.8822 -0.0521
vn 0.9595 0.2704 0.0796
vn 0.7468 -0.6480 0.1497
vn 0.9616 0.2545 0.1026
vn 0.7246 -0.6694 0.1638
vn 0.6347 -0.6170 0.4653
vn -0.4716 0.1506 0.8688
vn -0.9208 -0.0306 -0.3888
vn -0.2659 -0.9565 -0.1198
s 0
f 4191//8220 4192//8220 4194//8220
f 4191//8221 4193//8221 4192//8221
f 4191//8222 4215//8222 4193//8222
f 4191//8223 4194//8223 4195//8223
f 4191//8224 4195//8224 4196//8224
f 4191//8225 4196//8225 4197//8225
f 4191//8226 4197//8226 4198//8226
f 4191//8227 4198//8227 4199//8227
f 4191//8228 4199//8228 4200//8228
f 4191//8229 4200//8229 4201//8229
f 4191//8230 4201//8230 4202//8230
f 4191//8231 4202//8231 4203//8231
f 4191//8232 4203//8232 4204//8232
f 4191//8233 4204//8233 4205//8233
f 4191//8234 4205//8234 4206//8234
f 4191//8235 4206//8235 4207//8235
f 4191//8236 4207//8236 4208//8236
f 4191//8237 4208//8237 4209//8237
f 4191//8238 4209//8238 4210//8238
f 4191//8239 4210//8239 4211//8239
f 4191//8240 4211//8240 4212//8240
f 4191//8241 4212//8241 4213//8241
f 4191//8242 4213//8242 4214//8242
f 4191//8243 4214//8243 4215//8243
f 4193//8244 4215//8244 4214//8244
f 4214//8245 4213//8245 4217//8245
f 4193//8246 4214//8246 4216//8246
f 4214//8247 4218//8247 4216//8247
f 4214//8248 4217//8248 4218//8248
f 4219//8249 4218//8249 4217//8249
f 4218//8250 4223//8250 4216//8250
f 4219//8251 4220//8251 4218//8251
f 4218//8252 4220//8252 4221//8252
f 4218//8253 4221//8253 4222//8253
f 4218//8254 4222//8254 4223//8254
f 4193//8255 4223//8255 4224//8255
f 4193//8256 4216//8256 4223//8256
f 4222//8257 4224//8257 4223//8257
f 4193//8258 4224//8258 4225//8258
f 4222//8259 4225//8259 4224//8259
f 4193//8260 4225//8260 4226//8260
f 4225//8261 4227//8261 4226//8261
f 4222//8262 4227//8262 4225//8262
f 4222//8263 4228//8263 4227//8263
f 4228//8264 4229//8264 4227//8264
f 4227//8265 4229//8265 4226//8265
f 4230//8266 4229//8266 4228//8266
f 4230//8267 4231//8267 4229//8267
f 4231//8268 4232//8268 4229//8268
f 4229//8269 4232//8269 4226//8269
f 4193//8270 4232//8270 4233//8270
f 4193//8271 4226//8271 4232//8271
f 4231//8272 4233//8272 4232//8272
f 4193//8273 4233//8273 4234//8273
f 4231//8274 4234//8274 4233//8274
f 4193//8275 4234//8275 4235//8275
f 4235//8276 4234//8276 4236//8276
f 4236//8277 4234//8277 4231//8277
f 4237//8278 4236//8278 4239//8278
f 4237//8279 4238//8279 4236//8279
f 4235//8280 4236//8280 4238//8280
f 4240//8281 4239//8281 4236//8281
f 4240//8282 4236//8282 4241//8282
f 4241//8283 4236//8283 4231//8283
f 4242//8284 4241//8284 4230//8284
f 4242//8285 4240//8285 4241//8285
f 4241//8286 4231//8286 4230//8286
f 4205//8287 4242//8287 4243//8287
f 4205//8288 4204//8288 4242//8288
f 4204//8289 4203//8289 4242//8289
f 4242//8290 4228//8290 4243//8290
f 4242//8291 4203//8291 4202//8291
f 4242//8292 4202//8292 4240//8292
f 4242//8293 4230//8293 4228//8293
f 4205//8294 4243//8294 4244//8294
f 4243//8295 4228//8295 4244//8295
f 4205//8296 4244//8296 4245//8296
f 4245//8297 4244//8297 4246//8297
f 4244//8298 4228//8298 4246//8298
f 4245//8299 4246//8299 4219//8299
f 4219//8300 4246//8300 4221//8300
f 4246//8301 4222//8301 4221//8301
f 4246//8302 4228//8302 4222//8302
f 4206//8303 4245//8303 4219//8303
f 4206//8304 4205//8304 4245//8304
f 4202//8305 4201//8305 4240//8305
f 4240//8306 4201//8306 4239//8306
f 4237//8307 4239//8307 4247//8307
f 4247//8308 4239//8308 4198//8308
f 4198//8309 4239//8309 4199//8309
f 4239//8310 4200//8310 4199//8310
f 4239//8311 4201//8311 4200//8311
f 4248//8312 4247//8312 4197//8312
f 4248//8313 4237//8313 4247//8313
f 4197//8314 4247//8314 4198//8314
f 4249//8315 4248//8315 4196//8315
f 4249//8316 4250//8316 4248//8316
f 4248//8317 4250//8317 4237//8317
f 4196//8318 4248//8318 4197//8318
f 4249//8319 4251//8319 4250//8319
f 4250//8320 4251//8320 4237//8320
f 4249//8321 4252//8321 4251//8321
f 4253//8322 4251//8322 4252//8322
f 4253//8323 4238//8323 4251//8323
f 4237//8324 4251//8324 4238//8324
f 4193//8325 4253//8325 4254//8325
f 4193//8326 4235//8326 4253//8326
f 4253//8327 4235//8327 4238//8327
f 4254//8328 4253//8328 4252//8328
f 4193//8329 4254//8329 4255//8329
f 4255//8330 4254//8330 4256//8330
f 4254//8331 4257//8331 4256//8331
f 4254//8332 4252//8332 4257//8332
f 4249//8333 4257//8333 4252//8333
f 4249//8334 4256//8334 4257//8334
f 4249//8335 4255//8335 4256//8335
f 4193//8336 4255//8336 4249//8336
f 4193//8337 4249//8337 4195//8337
f 4249//8338 4196//8338 4195//8338
f 4219//8339 4221//8339 4220//8339
f 4206//8340 4219//8340 4210//8340
f 4219//8341 4211//8341 4210//8341
f 4219//8342 4217//8342 4212//8342
f 4219//8343 4212//8343 4211//8343
f 4213//8344 4212//8344 4217//8344
f 4206//8345 4210//8345 4209//8345
f 4206//8346 4209//8346 4208//8346
f 4207//8347 4206//8347 4208//8347
f 4193//8348 4195//8348 4194//8348
f 4193//8349 4194//8349 4192//8349
o geometry_9.042
v -0.023605 -0.007268 -0.000001
v -0.023930 -0.006474 -0.000291
v -0.023243 -0.007441 -0.000365
v -0.023715 -0.006983 0.000024
v -0.023902 -0.006176 0.000292
v -0.023621 -0.004965 0.000440
v -0.023354 -0.004307 0.000462
v -0.023127 -0.003778 0.000469
v -0.023806 -0.002169 0.000352
v -0.022075 -0.001348 0.000643
v -0.021238 0.000405 0.000722
v -0.020638 0.001678 0.000789
v -0.019830 0.004449 0.000673
v -0.019805 0.003324 0.000624
v -0.006579 0.004036 0.000125
v -0.006174 -0.006725 -0.000622
v -0.006191 -0.006683 0.002061
v -0.018279 -0.006824 0.002556
v -0.022691 -0.006950 0.001193
v -0.023056 -0.006966 0.000984
v -0.023340 -0.007038 0.000656
v -0.023877 -0.006062 0.001522
v -0.023116 -0.006229 0.002349
v -0.022959 -0.005942 0.003038
v -0.023326 -0.005206 0.003644
v -0.019424 -0.005625 0.005415
v -0.022969 -0.004854 0.004646
v -0.020439 -0.004828 0.006192
v -0.020504 -0.003908 0.007446
v -0.019424 -0.005009 0.006364
v -0.019887 -0.004196 0.007398
v -0.019509 -0.004344 0.007382
v -0.006272 0.003522 0.007829
v -0.018607 -0.004545 0.007325
v -0.012085 -0.005627 0.007061
v -0.010647 -0.005660 0.007062
v -0.018042 -0.006099 0.004949
v -0.018015 -0.005714 0.005591
v -0.018153 -0.006565 0.003752
v -0.009192 -0.005612 0.007020
v -0.018252 -0.006803 0.002659
v -0.008056 -0.005503 0.006962
v -0.005979 -0.005399 0.007103
v -0.020907 0.002732 0.008352
v -0.021098 0.002520 0.008257
v -0.021236 0.002359 0.008241
v -0.021694 0.001767 0.008221
v -0.021802 0.001618 0.008215
v -0.022337 0.000847 0.008197
v -0.022417 0.000660 0.008235
v -0.022798 0.000003 0.008212
v -0.023002 -0.000642 0.008005
v -0.022984 -0.001525 0.007840
v -0.022742 -0.002054 0.007695
v -0.022103 -0.002767 0.007592
v -0.021214 -0.003448 0.007498
v -0.020632 -0.003837 0.007453
v -0.023004 -0.004123 0.005264
v -0.023852 -0.005089 0.003428
v -0.023773 -0.005571 0.002466
v -0.023787 -0.005565 0.002938
v -0.023768 -0.004731 0.003807
v -0.023779 -0.004067 0.004037
v -0.023813 -0.004692 0.003042
v -0.023809 -0.004197 0.003628
v -0.023845 -0.005248 0.001695
v -0.023815 -0.004499 0.002771
v -0.023658 -0.003903 0.003363
v -0.023235 -0.002446 0.004952
v -0.022476 -0.000369 0.007152
v -0.022720 -0.001346 0.005057
v -0.022543 -0.000355 0.008160
v -0.022935 -0.002275 0.003487
v -0.022779 -0.002605 0.002080
v -0.022631 -0.001507 0.003956
v -0.023320 -0.003757 0.002033
v -0.023767 -0.004874 0.001979
v -0.023582 -0.005342 0.000439
v -0.022873 -0.003643 0.000503
v -0.022641 -0.002804 0.001130
v -0.022759 -0.002920 -0.000649
v -0.023826 -0.005604 0.001030
v -0.023708 -0.006015 -0.000173
v -0.023788 -0.006150 0.000808
v -0.023894 -0.006356 0.000546
v -0.023815 -0.006544 0.000836
v -0.023797 -0.006180 0.001448
v -0.022328 -0.000608 0.005107
v -0.022416 -0.000475 0.006189
v -0.019937 0.003024 0.000777
v -0.022135 0.000346 0.008274
v -0.021250 0.001581 0.006787
v -0.021244 0.001278 0.005370
v -0.019919 0.003062 0.002235
v -0.020013 0.003708 0.003007
v -0.020116 0.002925 0.002678
v -0.020003 0.003269 0.003909
v -0.019907 0.003664 0.003887
v -0.020442 0.002733 0.004826
v -0.020483 0.002707 0.005060
v -0.020626 0.002599 0.006376
v -0.020646 0.002584 0.006579
v -0.020814 0.002449 0.008315
vn 0.9302 0.3640 -0.0482
vn 0.7256 0.4785 0.4945
vn 0.0847 0.9295 -0.3589
vn 0.7927 0.3499 -0.4991
vn -0.2731 0.1790 -0.9452
vn -0.3517 0.1736 -0.9199
vn -0.3773 0.1742 -0.9096
vn -0.3473 -0.0784 0.9345
vn 0.1316 0.0736 -0.9886
vn -0.2754 0.1741 -0.9454
vn -0.2435 0.1652 -0.9557
vn -0.9174 0.2793 0.2835
vn 0.0426 0.0437 -0.9981
vn -0.0416 0.0738 -0.9964
vn -0.0376 0.0678 -0.9970
vn 0.0317 -0.9994 0.0159
vn 0.0171 -0.9905 0.1363
vn -0.0667 -0.9504 0.3039
vn -0.1740 -0.9104 0.3754
vn -0.2482 -0.8790 0.4071
vn -0.2906 -0.8508 0.4378
vn -0.8038 -0.5755 0.1507
vn -0.5962 -0.6907 0.4092
vn -0.5001 -0.7536 0.4266
vn -0.2201 -0.8689 0.4434
vn -0.6306 -0.6556 0.4155
vn -0.5983 -0.6652 0.4468
vn -0.2632 -0.8242 0.5015
vn -0.3163 -0.7865 0.5305
vn -0.3271 -0.7699 0.5480
vn -0.2350 -0.8153 0.5292
vn -0.3174 -0.7723 0.5502
vn -0.2344 -0.8226 0.5181
vn -0.2854 -0.7889 0.5442
vn 0.0363 -0.1175 0.9924
vn 0.0118 -0.0767 0.9970
vn -0.1519 -0.8331 0.5319
vn 0.0239 -0.0988 0.9948
vn -0.1202 -0.8499 0.5130
vn -0.0027 -0.0820 0.9966
vn -0.0226 -0.9602 0.2785
vn -0.1149 -0.8499 0.5142
vn -0.1213 -0.8336 0.5389
vn -0.1178 -0.8496 0.5141
vn -0.1201 -0.8328 0.5405
vn -0.1690 -0.8963 0.4099
vn -0.2437 -0.8363 0.4912
vn -0.1306 -0.9198 0.3701
vn -0.0495 -0.9292 0.3663
vn 0.0202 -0.9772 0.2114
vn 0.0220 -0.9744 0.2238
vn 0.0379 -0.9825 0.1825
vn -0.0393 -0.9755 0.2165
vn 0.0191 -0.9819 0.1886
vn -0.0343 -0.9789 0.2017
vn 0.1055 -0.9569 0.2706
vn 0.0606 -0.1073 0.9924
vn 0.0322 -0.0985 0.9946
vn 0.0316 -0.9689 0.2453
vn -0.0634 -0.0830 0.9945
vn 0.9801 -0.1985 0.0092
vn 0.9989 0.0354 -0.0314
vn 0.9985 0.0401 -0.0371
vn -0.0513 0.9963 0.0685
vn 0.0560 -0.4482 0.8922
vn 0.0376 -0.1343 0.9902
vn 0.0320 -0.0584 0.9978
vn 0.0319 -0.0582 0.9978
vn 0.0303 -0.0450 0.9985
vn -0.0122 0.2077 0.9781
vn 0.0349 -0.0556 0.9978
vn 0.0921 -0.3304 0.9393
vn 0.0557 -0.1825 0.9816
vn 0.0711 -0.2335 0.9697
vn 0.0311 -0.1158 0.9928
vn 0.0261 -0.1033 0.9943
vn 0.0187 -0.0875 0.9960
vn 0.0100 -0.0705 0.9975
vn 0.0286 -0.1061 0.9939
vn -0.4142 -0.6891 0.5946
vn -0.3755 -0.7262 0.5758
vn -0.4448 -0.6640 0.6011
vn -0.5623 -0.5878 0.5816
vn -0.7411 -0.4698 0.4797
vn -0.8085 -0.4023 0.4295
vn -0.5972 -0.5623 0.5720
vn -0.6457 -0.5110 0.5674
vn 0.9395 0.3002 -0.1650
vn 0.0906 -0.8876 0.4517
vn -0.6486 -0.7008 0.2971
vn 0.0498 0.7202 -0.6920
vn -0.3848 -0.7536 0.5329
vn -0.9820 0.1835 0.0451
vn -0.3565 -0.8345 0.4200
vn -0.9979 -0.0344 0.0543
vn -0.9684 -0.0655 0.2405
vn -0.9520 -0.1135 0.2843
vn -0.9977 -0.0364 0.0569
vn -0.9853 -0.1273 0.1136
vn -0.9386 0.3298 -0.1010
vn -0.9713 0.2379 -0.0037
vn -0.9982 0.0589 -0.0136
vn -0.9984 -0.0405 0.0404
vn -0.9230 0.3651 -0.1219
vn -0.8633 0.4523 -0.2240
vn -0.9193 0.3797 -0.1037
vn -0.9015 0.4105 -0.1367
vn 0.6687 0.5486 -0.5019
vn -0.9126 0.4034 -0.0661
vn -0.8979 0.4296 -0.0959
vn -0.8927 0.4307 -0.1325
vn -0.9154 0.3983 -0.0583
vn -0.9195 0.3478 -0.1833
vn -0.8843 0.4233 -0.1971
vn -0.8898 0.4356 -0.1358
vn -0.8936 0.4105 -0.1816
vn -0.8997 0.3707 -0.2306
vn -0.8917 0.4151 -0.1806
vn -0.9019 0.3712 -0.2210
vn -0.8944 0.3819 -0.2329
vn -0.8817 0.4137 -0.2268
vn -0.8802 0.4221 -0.2168
vn -0.8982 0.3853 -0.2117
vn -0.9715 0.2319 0.0497
vn -0.9272 0.3728 0.0376
vn -0.8946 0.4128 0.1709
vn -0.8862 0.4138 0.2082
vn -0.4671 0.7690 0.4365
vn 0.7665 0.3622 0.5303
vn 0.1990 -0.6725 0.7128
vn -0.1434 0.0227 0.9894
vn 0.9051 0.0926 0.4149
vn -0.9088 0.3562 -0.2173
vn -0.0644 -0.0078 0.9979
vn 0.0407 -0.0310 0.9987
vn -0.9684 0.2354 -0.0819
vn 0.8825 -0.4118 0.2273
vn -0.9957 -0.0346 -0.0859
vn -0.9971 -0.0747 0.0123
vn -0.9268 0.3196 -0.1971
vn -0.8974 0.3750 -0.2325
vn -0.8842 0.4671 -0.0081
vn 0.3333 0.6717 -0.6616
vn 0.9358 0.3413 -0.0887
vn -0.9571 -0.2783 0.0807
vn -0.9715 -0.1899 0.1419
vn -0.9758 -0.1920 -0.1044
vn 0.5525 0.6887 0.4695
vn -0.9889 -0.0833 0.1231
vn -0.9912 0.1247 -0.0448
vn -0.9993 -0.0321 0.0200
vn -0.9967 -0.0644 0.0502
vn -0.8123 -0.5813 0.0472
vn -0.0928 -0.8184 0.5671
vn 0.8992 0.3918 -0.1946
vn -0.9166 0.3942 -0.0666
vn -0.8704 0.4722 -0.1396
vn -0.8941 0.4298 -0.1261
vn 0.8721 -0.0015 0.4894
vn -0.8719 0.4723 -0.1295
vn -0.8847 0.4542 -0.1050
vn -0.8891 0.4456 -0.1044
vn -0.7639 0.1968 -0.6146
vn -0.9895 0.1279 -0.0673
vn -0.0843 0.0840 -0.9929
vn 0.9300 -0.3016 0.2099
vn -0.9067 0.3936 -0.1517
vn 0.6608 0.5256 -0.5359
vn -0.8504 0.5210 -0.0735
vn -0.8505 0.5137 -0.1132
vn -0.7977 0.6031 0.0060
vn 0.9197 -0.2385 0.3119
vn 0.9864 0.1637 -0.0164
vn -0.0249 0.9583 0.2846
vn -0.0767 0.9967 -0.0250
vn -0.9026 -0.0743 -0.4240
vn -0.1269 0.9584 -0.2559
vn 0.9711 -0.2375 -0.0224
vn -0.8890 0.4471 -0.0991
vn -0.8970 0.4288 -0.1073
vn 0.9360 -0.2117 0.2813
vn 0.1040 0.8363 0.5383
vn 0.2321 0.7874 0.5711
vn 0.1152 -0.8778 -0.4649
vn -0.8961 0.3209 -0.3065
vn -0.0590 0.9931 0.1012
vn -0.6618 0.7490 -0.0309
vn -0.8122 0.5665 -0.1395
vn -0.8012 0.5843 -0.1292
vn -0.0690 0.9949 0.0736
vn -0.6180 0.7862 -0.0031
vn -0.0703 0.9950 0.0707
vn -0.6133 0.7898 0.0012
vn -0.0703 0.9950 0.0706
vn 0.2237 0.9698 0.0970
vn -0.7393 0.6505 -0.1742
vn -0.7725 0.6052 -0.1922
vn -0.4939 -0.0494 -0.8681
vn 0.2440 0.2029 -0.9483
vn -0.4769 -0.5156 -0.7118
vn 0.0095 0.4504 0.8928
vn -0.6041 -0.6779 0.4190
s 0
f 4258//8350 4259//8350 4261//8350
f 4258//8351 4260//8351 4259//8351
f 4258//8352 4278//8352 4260//8352
f 4258//8353 4261//8353 4262//8353
f 4258//8354 4262//8354 4263//8354
f 4258//8355 4263//8355 4264//8355
f 4258//8356 4264//8356 4265//8356
f 4258//8357 4265//8357 4266//8357
f 4258//8358 4266//8358 4267//8358
f 4258//8359 4267//8359 4268//8359
f 4258//8360 4268//8360 4269//8360
f 4258//8361 4269//8361 4270//8361
f 4258//8362 4270//8362 4271//8362
f 4258//8363 4271//8363 4272//8363
f 4258//8364 4272//8364 4273//8364
f 4258//8365 4273//8365 4274//8365
f 4258//8366 4274//8366 4275//8366
f 4258//8367 4275//8367 4276//8367
f 4258//8368 4276//8368 4277//8368
f 4258//8369 4277//8369 4278//8369
f 4278//8370 4277//8370 4281//8370
f 4260//8371 4278//8371 4279//8371
f 4279//8372 4278//8372 4280//8372
f 4278//8373 4281//8373 4280//8373
f 4277//8374 4283//8374 4281//8374
f 4280//8375 4281//8375 4282//8375
f 4281//8376 4284//8376 4282//8376
f 4281//8377 4283//8377 4285//8377
f 4281//8378 4285//8378 4284//8378
f 4284//8379 4285//8379 4286//8379
f 4283//8380 4287//8380 4285//8380
f 4285//8381 4288//8381 4286//8381
f 4285//8382 4287//8382 4289//8382
f 4285//8383 4289//8383 4288//8383
f 4290//8384 4289//8384 4291//8384
f 4290//8385 4288//8385 4289//8385
f 4287//8386 4291//8386 4289//8386
f 4290//8387 4291//8387 4292//8387
f 4292//8388 4291//8388 4287//8388
f 4290//8389 4292//8389 4293//8389
f 4294//8390 4293//8390 4292//8390
f 4294//8391 4292//8391 4295//8391
f 4292//8392 4287//8392 4295//8392
f 4294//8393 4295//8393 4283//8393
f 4283//8394 4295//8394 4287//8394
f 4277//8395 4294//8395 4283//8395
f 4277//8396 4276//8396 4294//8396
f 4296//8397 4294//8397 4276//8397
f 4296//8398 4293//8398 4294//8398
f 4274//8399 4296//8399 4298//8399
f 4274//8400 4297//8400 4296//8400
f 4297//8401 4293//8401 4296//8401
f 4296//8402 4276//8402 4298//8402
f 4274//8403 4298//8403 4275//8403
f 4298//8404 4276//8404 4275//8404
f 4274//8405 4299//8405 4297//8405
f 4290//8406 4297//8406 4299//8406
f 4290//8407 4293//8407 4297//8407
f 4274//8408 4300//8408 4299//8408
f 4290//8409 4299//8409 4300//8409
f 4273//8410 4300//8410 4274//8410
f 4273//8411 4290//8411 4300//8411
f 4273//8412 4272//8412 4290//8412
f 4272//8413 4301//8413 4290//8413
f 4290//8414 4301//8414 4302//8414
f 4290//8415 4302//8415 4303//8415
f 4290//8416 4303//8416 4304//8416
f 4290//8417 4304//8417 4305//8417
f 4290//8418 4305//8418 4306//8418
f 4290//8419 4306//8419 4307//8419
f 4290//8420 4307//8420 4308//8420
f 4290//8421 4308//8421 4309//8421
f 4290//8422 4309//8422 4310//8422
f 4290//8423 4310//8423 4311//8423
f 4290//8424 4311//8424 4312//8424
f 4290//8425 4312//8425 4313//8425
f 4290//8426 4313//8426 4314//8426
f 4290//8427 4314//8427 4286//8427
f 4290//8428 4286//8428 4288//8428
f 4284//8429 4314//8429 4313//8429
f 4284//8430 4286//8430 4314//8430
f 4284//8431 4313//8431 4312//8431
f 4284//8432 4312//8432 4311//8432
f 4315//8433 4311//8433 4310//8433
f 4284//8434 4311//8434 4315//8434
f 4316//8435 4315//8435 4310//8435
f 4316//8436 4284//8436 4315//8436
f 4279//8437 4316//8437 4318//8437
f 4279//8438 4317//8438 4316//8438
f 4317//8439 4280//8439 4316//8439
f 4316//8440 4319//8440 4318//8440
f 4316//8441 4280//8441 4282//8441
f 4316//8442 4310//8442 4319//8442
f 4316//8443 4282//8443 4284//8443
f 4318//8444 4319//8444 4320//8444
f 4319//8445 4310//8445 4309//8445
f 4319//8446 4309//8446 4320//8446
f 4318//8447 4320//8447 4321//8447
f 4320//8448 4322//8448 4321//8448
f 4320//8449 4309//8449 4308//8449
f 4320//8450 4308//8450 4322//8450
f 4323//8451 4322//8451 4324//8451
f 4323//8452 4321//8452 4322//8452
f 4322//8453 4325//8453 4324//8453
f 4322//8454 4308//8454 4326//8454
f 4322//8455 4326//8455 4325//8455
f 4326//8456 4330//8456 4325//8456
f 4308//8457 4329//8457 4326//8457
f 4327//8458 4326//8458 4329//8458
f 4327//8459 4328//8459 4326//8459
f 4326//8460 4328//8460 4330//8460
f 4270//8461 4330//8461 4332//8461
f 4270//8462 4331//8462 4330//8462
f 4333//8463 4330//8463 4331//8463
f 4330//8464 4328//8464 4332//8464
f 4325//8465 4330//8465 4333//8465
f 4324//8466 4333//8466 4334//8466
f 4324//8467 4325//8467 4333//8467
f 4334//8468 4333//8468 4335//8468
f 4335//8469 4333//8469 4336//8469
f 4333//8470 4337//8470 4336//8470
f 4333//8471 4331//8471 4337//8471
f 4269//8472 4337//8472 4331//8472
f 4336//8473 4337//8473 4338//8473
f 4337//8474 4267//8474 4338//8474
f 4269//8475 4268//8475 4337//8475
f 4337//8476 4268//8476 4267//8476
f 4336//8477 4338//8477 4265//8477
f 4265//8478 4338//8478 4266//8478
f 4338//8479 4267//8479 4266//8479
f 4335//8480 4336//8480 4265//8480
f 4339//8481 4335//8481 4263//8481
f 4339//8482 4334//8482 4335//8482
f 4263//8483 4335//8483 4264//8483
f 4335//8484 4265//8484 4264//8484
f 4262//8485 4339//8485 4263//8485
f 4262//8486 4340//8486 4339//8486
f 4341//8487 4339//8487 4340//8487
f 4323//8488 4339//8488 4341//8488
f 4323//8489 4324//8489 4339//8489
f 4339//8490 4324//8490 4334//8490
f 4342//8491 4341//8491 4340//8491
f 4342//8492 4323//8492 4341//8492
f 4259//8493 4342//8493 4261//8493
f 4259//8494 4343//8494 4342//8494
f 4343//8495 4344//8495 4342//8495
f 4261//8496 4342//8496 4262//8496
f 4342//8497 4340//8497 4262//8497
f 4342//8498 4344//8498 4323//8498
f 4343//8499 4318//8499 4344//8499
f 4318//8500 4321//8500 4344//8500
f 4344//8501 4321//8501 4323//8501
f 4260//8502 4343//8502 4259//8502
f 4260//8503 4279//8503 4343//8503
f 4279//8504 4318//8504 4343//8504
f 4270//8505 4332//8505 4345//8505
f 4345//8506 4332//8506 4328//8506
f 4271//8507 4345//8507 4346//8507
f 4271//8508 4270//8508 4345//8508
f 4345//8509 4328//8509 4346//8509
f 4271//8510 4346//8510 4327//8510
f 4346//8511 4328//8511 4327//8511
f 4270//8512 4269//8512 4331//8512
f 4327//8513 4329//8513 4307//8513
f 4308//8514 4307//8514 4329//8514
f 4271//8515 4327//8515 4347//8515
f 4327//8516 4352//8516 4347//8516
f 4327//8517 4307//8517 4348//8517
f 4327//8518 4348//8518 4349//8518
f 4327//8519 4349//8519 4350//8519
f 4327//8520 4350//8520 4351//8520
f 4327//8521 4351//8521 4352//8521
f 4347//8522 4352//8522 4351//8522
f 4272//8523 4351//8523 4353//8523
f 4272//8524 4347//8524 4351//8524
f 4350//8525 4353//8525 4351//8525
f 4272//8526 4353//8526 4354//8526
f 4354//8527 4353//8527 4355//8527
f 4349//8528 4353//8528 4350//8528
f 4349//8529 4355//8529 4353//8529
f 4349//8530 4354//8530 4355//8530
f 4272//8531 4354//8531 4356//8531
f 4306//8532 4356//8532 4354//8532
f 4307//8533 4354//8533 4349//8533
f 4307//8534 4306//8534 4354//8534
f 4272//8535 4356//8535 4357//8535
f 4304//8536 4357//8536 4356//8536
f 4306//8537 4305//8537 4356//8537
f 4304//8538 4356//8538 4305//8538
f 4272//8539 4357//8539 4358//8539
f 4358//8540 4357//8540 4304//8540
f 4272//8541 4358//8541 4359//8541
f 4359//8542 4358//8542 4304//8542
f 4272//8543 4359//8543 4360//8543
f 4360//8544 4359//8544 4302//8544
f 4302//8545 4359//8545 4303//8545
f 4359//8546 4304//8546 4303//8546
f 4272//8547 4360//8547 4301//8547
f 4301//8548 4360//8548 4302//8548
f 4307//8549 4349//8549 4348//8549
f 4272//8550 4271//8550 4347//8550
f 4279//8551 4280//8551 4317//8551
o geometry_9.043
v -0.007038 0.003352 0.011276
v -0.007067 0.008680 0.012802
v -0.008249 0.008422 0.011752
v -0.006694 0.009328 0.011396
v -0.006740 0.009943 0.010790
v -0.007181 0.010857 0.009002
v -0.007949 0.011382 0.009022
v -0.008393 0.011032 0.010050
v -0.007107 0.003475 0.009508
v 0.008778 0.004471 0.008719
v 0.003828 0.004268 0.010696
v 0.002947 0.004060 0.010897
v 0.008206 0.006076 0.010417
v 0.008326 0.006134 0.010412
v 0.009470 0.006975 0.010448
v 0.009566 0.006989 0.010419
v 0.009595 0.007067 0.010440
v 0.010723 0.008405 0.010483
v 0.010754 0.008450 0.010483
v 0.011139 0.009686 0.010553
v 0.011115 0.009724 0.010567
v 0.011049 0.011006 0.010658
v 0.010997 0.011022 0.010691
v 0.010630 0.012307 0.010756
v 0.010383 0.012891 0.011387
v 0.009475 0.015078 0.010985
v 0.009649 0.016174 0.011376
v 0.009319 0.015440 0.011009
v 0.009718 0.016783 0.011518
v 0.008186 0.017179 0.011168
v 0.007707 0.017764 0.011204
v 0.007551 0.017931 0.011223
v 0.007461 0.017947 0.011256
v 0.006790 0.018552 0.011310
v 0.005671 0.019282 0.011566
v 0.006050 0.018968 0.011368
v 0.004815 0.019334 0.011468
v 0.004728 0.019354 0.011476
v 0.003537 0.019258 0.011645
v 0.003308 0.019347 0.011572
v 0.002286 0.020230 0.012153
v 0.001865 0.019154 0.011638
v 0.000772 0.018657 0.011717
v -0.000334 0.018189 0.011735
v -0.001071 0.017847 0.011762
v -0.001987 0.017377 0.011805
v -0.002026 0.017342 0.011815
v -0.003151 0.016709 0.011824
v -0.003210 0.016723 0.011789
v -0.003837 0.016216 0.011836
v -0.004707 0.015419 0.011841
v -0.005170 0.014902 0.011871
v -0.005453 0.014410 0.011872
v -0.005478 0.014421 0.011845
v -0.006155 0.013998 0.012192
v -0.006180 0.012945 0.011684
v -0.006661 0.012409 0.012198
v -0.004313 0.015809 0.010460
v -0.004181 0.015938 0.010441
v -0.003759 0.016415 0.010423
v -0.003686 0.016484 0.010423
v -0.003150 0.016951 0.010414
v -0.002148 0.017687 0.010401
v -0.002410 0.018730 0.010276
v -0.001855 0.019314 0.010285
v -0.001794 0.018193 0.009071
v -0.001171 0.017690 0.010630
v -0.000665 0.018785 0.009020
v -0.001128 0.019706 0.010283
v -0.000865 0.019843 0.010283
v 0.000189 0.020390 0.010281
v 0.000672 0.019475 0.009014
v 0.001687 0.019259 0.010250
v 0.001437 0.019863 0.009015
v 0.002644 0.020030 0.010188
v 0.001176 0.020870 0.010277
v 0.000936 0.020765 0.010279
v 0.003321 0.021607 0.010265
v 0.004212 0.020514 0.010139
v 0.003598 0.020799 0.008848
v 0.002307 0.019371 0.010450
v 0.002308 0.019085 0.011163
v 0.003134 0.019182 0.011411
v 0.003615 0.019541 0.010806
v 0.004557 0.021758 0.010186
v 0.003987 0.019302 0.011425
v 0.004833 0.021040 0.008742
v 0.004424 0.019376 0.011310
v 0.005499 0.020623 0.010072
v 0.005938 0.021727 0.010082
v 0.006676 0.021719 0.010117
v 0.005956 0.021149 0.008710
v 0.006910 0.019766 0.009724
v 0.006122 0.019760 0.010091
v 0.007763 0.020591 0.008564
v 0.005210 0.019386 0.011059
v 0.006038 0.019364 0.010705
v 0.006934 0.018512 0.011115
v 0.005857 0.018640 0.012633
v 0.007733 0.018250 0.010663
v 0.007775 0.019919 0.009021
v 0.008070 0.018866 0.009695
v 0.008033 0.019848 0.009717
v 0.008054 0.019855 0.009709
v 0.008018 0.019913 0.009787
v 0.009109 0.018815 0.009708
v 0.008918 0.019727 0.008328
v 0.009086 0.019362 0.009628
v 0.010431 0.018941 0.009805
v 0.010110 0.018278 0.008167
v 0.008968 0.018588 0.008823
v 0.009274 0.017294 0.009363
v 0.009083 0.016427 0.010397
v 0.008476 0.017817 0.010045
v 0.008046 0.017347 0.011024
v 0.009331 0.015738 0.010632
v 0.008485 0.016245 0.012368
v 0.010944 0.011651 0.010366
v 0.012328 0.012170 0.009146
v 0.010469 0.016415 0.009527
v 0.010702 0.017472 0.009564
v 0.009021 0.015274 0.012217
v 0.010315 0.016722 0.009552
v 0.012418 0.011920 0.009126
v 0.012941 0.012144 0.009150
v 0.013874 0.011286 0.009186
v 0.013395 0.011583 0.007470
v 0.013986 0.009809 0.009075
v 0.013516 0.009738 0.007339
v 0.011564 0.011073 0.009507
v 0.010987 0.010876 0.010503
v 0.012680 0.008925 0.008892
v 0.012593 0.008661 0.008860
v 0.012458 0.007981 0.008848
v 0.011115 0.009203 0.010110
v 0.011533 0.006775 0.008780
v 0.012461 0.007379 0.007316
v 0.010081 0.007865 0.010452
v 0.007887 0.021371 0.010040
vn -0.9713 0.0605 -0.2299
vn 0.6211 0.2191 -0.7525
vn -0.0281 -0.1001 0.9946
vn -0.9901 0.0543 0.1295
vn -0.9609 0.0633 0.2695
vn 0.2205 0.2867 0.9323
vn 0.8647 0.2243 0.4493
vn -0.9852 -0.1696 0.0268
vn 0.0589 -0.9957 -0.0710
vn 0.0899 -0.9882 0.1238
vn 0.0288 -0.7558 -0.6542
vn 0.0254 0.1687 0.9853
vn 0.0675 -0.0639 0.9957
vn 0.0836 -0.1561 0.9842
vn -0.2190 0.9310 -0.2920
vn 0.1136 -0.2951 0.9487
vn 0.0703 -0.0912 0.9933
vn 0.0532 -0.0305 0.9981
vn 0.0665 -0.0773 0.9948
vn 0.1286 -0.2600 0.9570
vn 0.0625 -0.0672 0.9958
vn 0.2873 -0.6198 0.7303
vn 0.0478 -0.0363 0.9982
vn 0.3362 -0.6222 0.7070
vn -0.0859 0.1455 0.9856
vn 0.2723 -0.3613 0.8918
vn -0.4182 0.5500 -0.7229
vn 0.3227 -0.4180 0.8492
vn -0.1703 0.1950 0.9659
vn 0.0361 -0.0319 0.9988
vn 0.0600 -0.0564 0.9966
vn 0.2847 -0.2816 0.9163
vn 0.0434 -0.0417 0.9982
vn 0.1403 -0.1299 0.9816
vn -0.2841 0.2436 -0.9273
vn 0.0635 -0.0591 0.9962
vn 0.0711 -0.0647 0.9954
vn 0.1487 -0.1216 0.9814
vn -0.2484 0.1430 0.9580
vn 0.3252 -0.2274 0.9179
vn -0.8251 0.4720 -0.3106
vn 0.1104 -0.0849 0.9902
vn 0.0357 -0.0470 0.9983
vn 0.0638 -0.0596 0.9962
vn 0.0811 -0.0667 0.9945
vn 0.4048 -0.1796 0.8966
vn 0.0366 -0.0516 0.9980
vn -0.4860 0.1058 0.8676
vn 0.1355 -0.0767 0.9878
vn 0.0590 -0.0581 0.9966
vn 0.1463 -0.0745 0.9864
vn 0.1309 -0.0721 0.9888
vn -0.7248 0.0669 0.6857
vn 0.5093 -0.1156 0.8528
vn -0.9848 0.0942 -0.1459
vn 0.7748 -0.0958 0.6249
vn -0.8317 0.2950 -0.4704
vn 0.6750 -0.1890 -0.7132
vn -0.9717 0.0691 -0.2259
vn -0.9977 -0.0071 0.0679
vn -0.7083 -0.2924 0.6425
vn -0.9544 0.0935 0.2834
vn -0.4165 -0.6355 0.6501
vn -0.6066 0.7467 -0.2730
vn -0.2565 0.7822 0.5678
vn -0.7710 0.6368 -0.0107
vn -0.2698 0.1347 -0.9535
vn 0.0136 0.0738 -0.9972
vn 0.7521 -0.6511 0.1026
vn -0.6968 0.7163 0.0369
vn -0.8495 0.4868 -0.2034
vn -0.1671 0.1125 -0.9795
vn -0.7485 0.6620 -0.0382
vn -0.0908 0.0936 -0.9915
vn -0.6890 0.7232 0.0473
vn -0.7449 0.6666 -0.0299
vn -0.1013 0.0963 -0.9902
vn -0.6535 0.7511 0.0937
vn -0.0791 0.0899 -0.9928
vn -0.5861 0.7997 0.1303
vn -0.6745 0.7362 0.0549
vn -0.2912 0.0416 0.9557
vn -0.6989 -0.2553 -0.6681
vn -0.6244 0.7785 0.0636
vn -0.0953 0.8502 0.5177
vn -0.0544 0.0669 -0.9963
vn 0.5957 -0.5749 0.5609
vn 0.8933 0.0164 0.4492
vn -0.2187 0.8998 0.3775
vn -0.4057 0.8100 0.4233
vn 0.3649 -0.6747 0.6416
vn 0.3823 -0.6744 0.6317
vn -0.0282 0.0580 -0.9979
vn -0.0353 0.0606 -0.9975
vn 0.3579 -0.6873 0.6321
vn -0.0334 0.0600 -0.9976
vn 0.3580 -0.6871 0.6322
vn -0.4148 0.8077 0.4189
vn -0.7934 0.4219 -0.4387
vn -0.2849 0.8767 0.3876
vn -0.4005 0.7883 0.4671
vn 0.3499 -0.6913 0.6322
vn -0.5408 0.7070 0.4558
vn 0.3489 -0.6923 0.6316
vn -0.4008 -0.7547 0.5193
vn 0.3181 -0.7079 0.6306
vn -0.0374 0.0619 -0.9974
vn -0.0321 0.0594 -0.9977
vn -0.0273 0.0571 -0.9980
vn 0.0454 -0.0677 0.9967
vn -0.1548 0.1140 -0.9814
vn -0.0525 0.0718 -0.9960
vn -0.7449 -0.6316 0.2150
vn 0.7367 -0.5155 0.4377
vn -0.3049 0.8197 0.4849
vn -0.4913 0.8083 0.3245
vn -0.2435 0.8395 0.4857
vn -0.6032 0.6686 0.4349
vn 0.0508 0.8404 0.5395
vn -0.1338 0.8952 0.4252
vn -0.8758 0.2580 -0.4080
vn 0.9012 -0.2938 0.3187
vn -0.2426 0.8474 0.4722
vn 0.0010 0.8392 0.5438
vn -0.7489 -0.6392 0.1746
vn -0.4031 0.7961 0.4514
vn -0.0715 0.0197 0.9972
vn -0.0430 0.0644 -0.9970
vn -0.8523 0.3422 -0.3957
vn 0.0480 -0.0029 -0.9988
vn -0.0288 -0.9212 0.3879
vn 0.8681 -0.4532 0.2027
vn 0.2659 0.6826 0.6807
vn 0.3004 0.6900 0.6585
vn 0.3925 0.6714 0.6287
vn -0.2273 -0.8566 0.4633
vn 0.1915 0.7548 0.6275
vn 0.2575 0.7919 0.5537
vn 0.2450 0.8044 0.5412
vn 0.1300 0.9605 0.2459
vn 0.2337 0.9110 0.3398
vn 0.0195 0.9950 0.0984
vn 0.5633 0.7548 0.3362
vn 0.3749 0.6918 0.6171
vn 0.6089 0.7222 0.3283
vn 0.2845 0.8252 0.4879
vn -0.6997 -0.6189 -0.3569
vn -0.5751 -0.7414 -0.3458
vn 0.5237 0.6564 0.5431
vn 0.5369 0.5846 0.6083
vn 0.3787 0.6907 0.6161
vn 0.3678 0.5317 0.7629
vn 0.5686 0.7794 0.2629
vn 0.6452 0.6846 0.3392
vn 0.6313 0.5356 0.5608
vn -0.9382 -0.0431 0.3435
vn 0.0710 -0.9892 -0.1280
vn 0.5703 -0.5353 0.6231
vn 0.4154 -0.3944 0.8197
vn -0.0539 0.7981 0.6001
vn -0.9843 -0.0332 -0.1736
vn -0.0284 0.0431 -0.9987
vn -0.6802 -0.6513 -0.3365
vn 0.8508 -0.0043 0.5255
vn 0.0345 0.8359 0.5478
vn -0.1424 0.1378 0.9802
vn 0.0057 -0.1449 -0.9894
vn 0.1007 -0.0952 -0.9903
vn -0.3217 -0.8542 0.4084
vn 0.1871 -0.7216 0.6665
vn 0.3789 -0.6941 0.6120
vn 0.5346 0.4301 0.7275
vn 0.7959 0.3837 0.4683
vn 0.6965 0.4465 0.5617
vn 0.6887 0.4553 0.5642
vn 0.7187 0.4485 0.5314
vn 0.7141 0.4545 0.5323
vn 0.7878 0.5769 0.2158
vn 0.7173 0.4420 0.5386
vn -0.0823 -0.7836 -0.6158
vn 0.6843 -0.0534 -0.7272
vn 0.7057 0.4603 0.5387
vn -0.0057 0.6494 0.7604
vn -0.6074 0.6323 -0.4808
vn 0.9234 0.3547 0.1463
vn 0.6080 0.1896 0.7710
vn 0.6178 0.2025 0.7598
vn 0.9341 0.3549 0.0379
vn 0.7935 0.4117 0.4481
vn 0.5999 0.2387 0.7636
vn 0.6154 0.4437 0.6514
vn -0.4252 0.6941 0.5809
vn 0.8270 -0.4331 0.3583
vn 0.9618 -0.2295 -0.1490
vn -0.9262 0.3103 0.2140
vn 0.8157 -0.5784 -0.0096
vn 0.8979 0.3426 0.2763
vn -0.0433 0.0603 -0.9972
vn -0.0160 0.0243 -0.9996
vn -0.8877 0.2734 -0.3705
vn -0.1082 0.1416 -0.9840
vn -0.9374 -0.2178 0.2718
vn -0.0490 0.0679 -0.9965
vn -0.0473 0.0642 -0.9968
vn 0.6183 0.1591 0.7697
vn 0.3962 -0.9175 -0.0340
vn -0.3725 0.8938 -0.2498
vn 0.0002 -0.0418 -0.9991
vn -0.6769 -0.7334 0.0622
vn 0.4368 -0.8111 0.3889
vn -0.9612 -0.0815 0.2637
vn -0.9631 -0.0919 0.2529
vn 0.7436 0.0012 0.6686
vn 0.7536 -0.1441 0.6413
vn 0.7937 0.3129 0.5218
vn 0.8448 0.1385 0.5168
vn -0.3158 0.7841 -0.5343
vn -0.1513 0.7847 -0.6011
vn 0.9954 0.0398 -0.0868
vn 0.7639 0.3034 0.5695
vn -0.5681 0.8140 0.1207
vn 0.7653 0.2980 0.5705
vn 0.8024 -0.0010 0.5968
vn -0.0699 0.1420 -0.9874
vn -0.1354 0.3886 -0.9114
vn 0.6296 -0.2944 0.7190
vn -0.0395 0.0253 -0.9989
vn 0.6640 -0.1447 0.7336
vn 0.6568 0.0576 0.7518
vn 0.3417 -0.6446 0.6839
vn 0.9130 -0.3000 0.2765
vn -0.0565 0.1000 -0.9934
vn -0.7642 0.5998 -0.2371
vn 0.2807 -0.8932 0.3513
vn 0.5757 -0.3982 0.7142
vn 0.4693 -0.5950 0.6524
vn 0.5748 -0.3613 0.7342
vn 0.7972 0.1749 0.5779
vn 0.0718 -0.0284 -0.9970
vn -0.0551 0.0920 -0.9942
vn 0.4786 -0.5893 0.6509
vn 0.5602 -0.4018 0.7244
vn -0.0421 0.0720 -0.9965
vn 0.9140 0.2451 0.3233
vn 0.0225 0.7643 0.6445
vn -0.1917 0.1892 -0.9630
vn -0.9774 -0.1418 0.1570
vn -0.0573 0.8332 0.5500
vn -0.0440 0.0665 -0.9968
vn -0.2159 -0.8556 0.4705
vn 0.6830 0.5276 0.5051
vn 0.6503 0.5502 0.5238
vn -0.2191 -0.1934 -0.9564
vn 0.1195 0.7922 0.5984
vn -0.0477 0.9745 0.2193
vn -0.1109 0.8493 -0.5160
vn -0.1204 0.4663 -0.8764
vn 0.1681 -0.3985 0.9016
vn 0.0022 -0.0384 0.9993
vn -0.0562 0.9792 -0.1952
vn -0.1234 0.9211 0.3692
vn -0.3918 0.7849 -0.4800
vn -0.2454 0.9411 0.2328
vn -0.4559 0.8900 -0.0004
vn -0.4171 0.9049 0.0844
vn -0.3846 0.9132 0.1346
vn -0.4889 0.8668 -0.0979
vn -0.6848 0.6648 -0.2985
vn 0.3075 -0.5967 0.7412
vn 0.4134 -0.5919 0.6919
vn 0.3276 -0.6288 0.7052
vn 0.3119 -0.6478 0.6951
vn 0.3082 -0.6371 0.7065
s 0
f 4361//8552 4362//8552 4364//8552
f 4361//8553 4363//8553 4362//8553
f 4361//8554 4417//8554 4363//8554
f 4361//8555 4364//8555 4365//8555
f 4361//8556 4365//8556 4366//8556
f 4361//8557 4366//8557 4367//8557
f 4361//8558 4367//8558 4368//8558
f 4361//8559 4368//8559 4369//8559
f 4361//8560 4369//8560 4370//8560
f 4361//8561 4370//8561 4371//8561
f 4361//8562 4371//8562 4372//8562
f 4361//8563 4372//8563 4373//8563
f 4361//8564 4373//8564 4374//8564
f 4361//8565 4374//8565 4375//8565
f 4361//8566 4375//8566 4376//8566
f 4361//8567 4376//8567 4377//8567
f 4361//8568 4377//8568 4378//8568
f 4361//8569 4378//8569 4379//8569
f 4361//8570 4379//8570 4380//8570
f 4361//8571 4380//8571 4381//8571
f 4361//8572 4381//8572 4382//8572
f 4361//8573 4382//8573 4383//8573
f 4361//8574 4383//8574 4384//8574
f 4361//8575 4384//8575 4385//8575
f 4361//8576 4385//8576 4386//8576
f 4361//8577 4386//8577 4387//8577
f 4361//8578 4387//8578 4388//8578
f 4361//8579 4388//8579 4389//8579
f 4361//8580 4389//8580 4390//8580
f 4361//8581 4390//8581 4391//8581
f 4361//8582 4391//8582 4392//8582
f 4361//8583 4392//8583 4393//8583
f 4361//8584 4393//8584 4394//8584
f 4361//8585 4394//8585 4395//8585
f 4361//8586 4395//8586 4396//8586
f 4361//8587 4396//8587 4397//8587
f 4361//8588 4397//8588 4398//8588
f 4361//8589 4398//8589 4399//8589
f 4361//8590 4399//8590 4400//8590
f 4361//8591 4400//8591 4401//8591
f 4361//8592 4401//8592 4402//8592
f 4361//8593 4402//8593 4403//8593
f 4361//8594 4403//8594 4404//8594
f 4361//8595 4404//8595 4405//8595
f 4361//8596 4405//8596 4406//8596
f 4361//8597 4406//8597 4407//8597
f 4361//8598 4407//8598 4408//8598
f 4361//8599 4408//8599 4409//8599
f 4361//8600 4409//8600 4410//8600
f 4361//8601 4410//8601 4411//8601
f 4361//8602 4411//8602 4412//8602
f 4361//8603 4412//8603 4413//8603
f 4361//8604 4413//8604 4414//8604
f 4361//8605 4414//8605 4415//8605
f 4361//8606 4415//8606 4416//8606
f 4361//8607 4416//8607 4417//8607
f 4417//8608 4416//8608 4365//8608
f 4363//8609 4417//8609 4362//8609
f 4362//8610 4417//8610 4364//8610
f 4417//8611 4365//8611 4364//8611
f 4416//8612 4415//8612 4367//8612
f 4416//8613 4366//8613 4365//8613
f 4416//8614 4367//8614 4366//8614
f 4367//8615 4415//8615 4414//8615
f 4418//8616 4414//8616 4413//8616
f 4367//8617 4414//8617 4418//8617
f 4369//8618 4418//8618 4419//8618
f 4369//8619 4368//8619 4418//8619
f 4368//8620 4367//8620 4418//8620
f 4418//8621 4412//8621 4419//8621
f 4418//8622 4413//8622 4412//8622
f 4369//8623 4419//8623 4420//8623
f 4412//8624 4420//8624 4419//8624
f 4369//8625 4420//8625 4421//8625
f 4411//8626 4421//8626 4420//8626
f 4412//8627 4411//8627 4420//8627
f 4369//8628 4421//8628 4422//8628
f 4411//8629 4422//8629 4421//8629
f 4369//8630 4422//8630 4423//8630
f 4410//8631 4423//8631 4422//8631
f 4411//8632 4410//8632 4422//8632
f 4369//8633 4423//8633 4424//8633
f 4423//8634 4408//8634 4424//8634
f 4410//8635 4409//8635 4423//8635
f 4409//8636 4408//8636 4423//8636
f 4369//8637 4424//8637 4425//8637
f 4424//8638 4426//8638 4425//8638
f 4408//8639 4426//8639 4424//8639
f 4408//8640 4427//8640 4426//8640
f 4427//8641 4428//8641 4426//8641
f 4426//8642 4429//8642 4425//8642
f 4426//8643 4428//8643 4429//8643
f 4369//8644 4429//8644 4430//8644
f 4369//8645 4425//8645 4429//8645
f 4428//8646 4430//8646 4429//8646
f 4369//8647 4430//8647 4431//8647
f 4432//8648 4431//8648 4430//8648
f 4428//8646 4432//8646 4430//8646
f 4427//8649 4432//8649 4428//8649
f 4427//8650 4406//8650 4432//8650
f 4406//8651 4433//8651 4432//8651
f 4432//8652 4433//8652 4434//8652
f 4432//8653 4434//8653 4431//8653
f 4433//8654 4435//8654 4434//8654
f 4434//8655 4437//8655 4431//8655
f 4434//8656 4435//8656 4436//8656
f 4434//8657 4436//8657 4437//8657
f 4369//8658 4437//8658 4436//8658
f 4369//8659 4431//8659 4437//8659
f 4369//8660 4436//8660 4435//8660
f 4369//8661 4435//8661 4438//8661
f 4433//8662 4438//8662 4435//8662
f 4369//8663 4438//8663 4439//8663
f 4440//8664 4439//8664 4438//8664
f 4433//8665 4440//8665 4438//8665
f 4433//8666 4441//8666 4440//8666
f 4441//8667 4442//8667 4440//8667
f 4440//8668 4442//8668 4443//8668
f 4440//8669 4444//8669 4439//8669
f 4440//8670 4443//8670 4444//8670
f 4443//8671 4446//8671 4444//8671
f 4439//8672 4444//8672 4445//8672
f 4444//8673 4447//8673 4445//8673
f 4444//8674 4446//8674 4447//8674
f 4446//8675 4448//8675 4447//8675
f 4445//8676 4447//8676 4449//8676
f 4447//8677 4448//8677 4449//8677
f 4369//8678 4449//8678 4450//8678
f 4369//8679 4445//8679 4449//8679
f 4448//8680 4450//8680 4449//8680
f 4369//8681 4450//8681 4451//8681
f 4452//8682 4451//8682 4450//8682
f 4448//8683 4452//8683 4450//8683
f 4453//8684 4455//8684 4452//8684
f 4453//8685 4452//8685 4454//8685
f 4452//8686 4456//8686 4454//8686
f 4455//8687 4451//8687 4452//8687
f 4448//8688 4456//8688 4452//8688
f 4453//8689 4456//8689 4457//8689
f 4453//8690 4454//8690 4456//8690
f 4457//8691 4456//8691 4397//8691
f 4456//8692 4398//8692 4397//8692
f 4448//8693 4398//8693 4456//8693
f 4458//8694 4457//8694 4459//8694
f 4458//8695 4453//8695 4457//8695
f 4457//8696 4395//8696 4459//8696
f 4457//8697 4397//8697 4396//8697
f 4457//8698 4396//8698 4395//8698
f 4458//8699 4459//8699 4395//8699
f 4460//8700 4458//8700 4392//8700
f 4460//8701 4461//8701 4458//8701
f 4461//8702 4453//8702 4458//8702
f 4458//8703 4393//8703 4392//8703
f 4458//8704 4395//8704 4394//8704
f 4458//8705 4394//8705 4393//8705
f 4462//8706 4461//8706 4460//8706
f 4462//8707 4463//8707 4461//8707
f 4463//8708 4453//8708 4461//8708
f 4369//8709 4463//8709 4465//8709
f 4369//8710 4464//8710 4463//8710
f 4463//8711 4464//8711 4453//8711
f 4462//8712 4465//8712 4463//8712
f 4369//8713 4465//8713 4466//8713
f 4466//8714 4465//8714 4467//8714
f 4462//8715 4467//8715 4465//8715
f 4462//8716 4466//8716 4467//8716
f 4369//8717 4466//8717 4468//8717
f 4468//8718 4466//8718 4462//8718
f 4369//8719 4468//8719 4469//8719
f 4470//8720 4469//8720 4468//8720
f 4470//8721 4468//8721 4471//8721
f 4468//8722 4462//8722 4471//8722
f 4470//8723 4471//8723 4472//8723
f 4473//8724 4472//8724 4471//8724
f 4473//8725 4471//8725 4474//8725
f 4471//8726 4462//8726 4474//8726
f 4473//8727 4474//8727 4475//8727
f 4475//8728 4474//8728 4462//8728
f 4476//8729 4475//8729 4477//8729
f 4476//8730 4473//8730 4475//8730
f 4475//8731 4389//8731 4477//8731
f 4475//8732 4460//8732 4390//8732
f 4475//8733 4462//8733 4460//8733
f 4475//8734 4390//8734 4389//8734
f 4476//8735 4477//8735 4389//8735
f 4478//8736 4476//8736 4384//8736
f 4478//8737 4479//8737 4476//8737
f 4479//8738 4480//8738 4476//8738
f 4384//8739 4476//8739 4385//8739
f 4476//8740 4386//8740 4385//8740
f 4476//8741 4480//8741 4483//8741
f 4476//8742 4470//8742 4473//8742
f 4476//8743 4481//8743 4470//8743
f 4476//8744 4483//8744 4481//8744
f 4476//8745 4389//8745 4388//8745
f 4476//8746 4388//8746 4387//8746
f 4476//8747 4387//8747 4482//8747
f 4476//8748 4482//8748 4386//8748
f 4369//8749 4483//8749 4480//8749
f 4369//8750 4481//8750 4483//8750
f 4387//8751 4386//8751 4482//8751
f 4369//8752 4469//8752 4481//8752
f 4481//8753 4469//8753 4470//8753
f 4369//8754 4480//8754 4479//8754
f 4369//8755 4479//8755 4484//8755
f 4478//8756 4484//8756 4479//8756
f 4369//8757 4484//8757 4485//8757
f 4485//8758 4484//8758 4478//8758
f 4369//8759 4485//8759 4486//8759
f 4486//8760 4485//8760 4487//8760
f 4487//8761 4485//8761 4478//8761
f 4488//8762 4487//8762 4489//8762
f 4488//8763 4486//8763 4487//8763
f 4489//8764 4487//8764 4490//8764
f 4487//8765 4478//8765 4490//8765
f 4489//8766 4490//8766 4491//8766
f 4490//8767 4478//8767 4491//8767
f 4489//8768 4491//8768 4382//8768
f 4491//8769 4383//8769 4382//8769
f 4491//8770 4478//8770 4383//8770
f 4492//8771 4489//8771 4380//8771
f 4492//8772 4488//8772 4489//8772
f 4380//8773 4489//8773 4381//8773
f 4489//8774 4382//8774 4381//8774
f 4369//8775 4492//8775 4493//8775
f 4369//8776 4488//8776 4492//8776
f 4493//8777 4492//8777 4380//8777
f 4369//8778 4493//8778 4494//8778
f 4494//8779 4493//8779 4379//8779
f 4493//8780 4495//8780 4379//8780
f 4493//8781 4380//8781 4495//8781
f 4379//8782 4495//8782 4380//8782
f 4369//8783 4494//8783 4496//8783
f 4496//8784 4494//8784 4497//8784
f 4494//8785 4498//8785 4497//8785
f 4494//8786 4379//8786 4378//8786
f 4494//8787 4378//8787 4498//8787
f 4496//8788 4498//8788 4377//8788
f 4496//8789 4497//8789 4498//8789
f 4498//8790 4378//8790 4377//8790
f 4369//8791 4496//8791 4370//8791
f 4370//8792 4496//8792 4376//8792
f 4496//8793 4377//8793 4376//8793
f 4369//8794 4486//8794 4488//8794
f 4478//8795 4384//8795 4383//8795
f 4470//8796 4472//8796 4473//8796
f 4369//8797 4499//8797 4464//8797
f 4464//8798 4499//8798 4455//8798
f 4464//8799 4455//8799 4453//8799
f 4369//8800 4451//8800 4499//8800
f 4499//8801 4451//8801 4455//8801
f 4460//8802 4391//8802 4390//8802
f 4460//8803 4392//8803 4391//8803
f 4446//8804 4400//8804 4448//8804
f 4400//8805 4399//8805 4448//8805
f 4448//8806 4399//8806 4398//8806
f 4402//8807 4446//8807 4443//8807
f 4402//8808 4401//8808 4446//8808
f 4401//8809 4400//8809 4446//8809
f 4369//8810 4439//8810 4445//8810
f 4402//8811 4443//8811 4442//8811
f 4403//8812 4442//8812 4441//8812
f 4403//8813 4402//8813 4442//8813
f 4433//8814 4403//8814 4441//8814
f 4406//8815 4405//8815 4433//8815
f 4405//8816 4404//8816 4433//8816
f 4433//8817 4404//8817 4403//8817
f 4408//8818 4407//8818 4427//8818
f 4407//8819 4406//8819 4427//8819
f 4370//8820 4376//8820 4375//8820
f 4370//8821 4375//8821 4374//8821
f 4370//8822 4374//8822 4373//8822
f 4372//8823 4371//8823 4373//8823
f 4370//8824 4373//8824 4371//8824
o geometry_9.044
v -0.006948 0.003202 0.013590
v -0.006966 0.008287 0.013431
v -0.006636 0.005659 0.014231
v -0.006971 0.003248 0.012914
v 0.003288 0.002839 0.012295
v 0.002523 0.003439 0.010998
v -0.002922 0.003580 0.013295
v 0.006696 0.006144 0.012925
v 0.008098 0.005587 0.013146
v 0.008148 0.006955 0.012913
v 0.008845 0.007510 0.012899
v 0.009299 0.008212 0.012903
v 0.009690 0.009482 0.012963
v 0.009503 0.010820 0.013092
v 0.009393 0.011378 0.013077
v 0.009148 0.012195 0.013120
v 0.008787 0.013059 0.013174
v 0.008734 0.013171 0.013184
v 0.007617 0.014976 0.013357
v 0.007996 0.015770 0.013724
v 0.007012 0.016070 0.013448
v 0.006716 0.016325 0.013463
v 0.006495 0.016570 0.013489
v 0.005930 0.017132 0.013556
v 0.005797 0.017239 0.013575
v 0.005375 0.017516 0.013614
v 0.004876 0.017783 0.013659
v 0.004204 0.018063 0.013708
v 0.003920 0.018143 0.013749
v 0.003381 0.018222 0.013784
v 0.003201 0.018239 0.013802
v 0.002480 0.018254 0.013849
v 0.002149 0.018235 0.013877
v 0.001031 0.018099 0.013949
v 0.000086 0.017962 0.013984
v 0.000108 0.017729 0.014169
v -0.000543 0.017629 0.014067
v -0.001459 0.017248 0.014091
v -0.001919 0.017039 0.014106
v -0.002553 0.016704 0.014109
v -0.002919 0.016417 0.014189
v -0.003459 0.016175 0.014135
v -0.003692 0.016043 0.014123
v -0.004308 0.015635 0.014134
v -0.005154 0.014992 0.014159
v -0.005309 0.014759 0.014263
v -0.005741 0.014354 0.014220
v -0.006380 0.013570 0.014239
v -0.007563 0.014135 0.014458
v -0.007229 0.012841 0.014344
v -0.006624 0.012781 0.014417
v -0.006800 0.011954 0.014311
v -0.006846 0.011550 0.014262
v -0.006369 0.012772 0.014857
v -0.006110 0.012300 0.013704
v -0.006049 0.013084 0.014236
v -0.006165 0.012901 0.013819
v -0.006205 0.013951 0.013425
v -0.006772 0.013513 0.015705
v -0.005548 0.014374 0.013892
v -0.005523 0.014349 0.013858
v -0.005194 0.014673 0.013696
v -0.004602 0.015184 0.013586
v -0.005126 0.014510 0.013304
v -0.003783 0.016065 0.013832
v -0.005100 0.014508 0.014454
v -0.003746 0.016071 0.013813
v -0.003083 0.016502 0.013790
v -0.003101 0.016472 0.013765
v -0.001905 0.017132 0.013754
v -0.002870 0.016076 0.014193
v -0.001896 0.017162 0.013785
v -0.000954 0.017593 0.013774
v -0.000889 0.017619 0.013771
v -0.000198 0.017903 0.013750
v 0.000882 0.018316 0.013684
v 0.002201 0.018653 0.013590
v 0.002247 0.018650 0.013571
v 0.003376 0.018784 0.013468
v 0.003478 0.018775 0.013451
v 0.004681 0.018702 0.013341
v 0.004699 0.018690 0.013328
v 0.005755 0.018297 0.013091
v 0.005869 0.018302 0.013262
v 0.006478 0.017924 0.013139
v 0.007088 0.017370 0.013004
v 0.007194 0.017319 0.013092
v 0.007713 0.016735 0.012977
v 0.008221 0.015991 0.012677
v 0.008225 0.015811 0.012033
v 0.008945 0.014854 0.012770
v 0.006706 0.015605 0.014764
v 0.008890 0.014966 0.012860
v 0.008988 0.014729 0.012825
v 0.009332 0.013957 0.012801
v 0.010074 0.012172 0.012577
v 0.010618 0.011328 0.011993
v 0.009744 0.012029 0.012054
v 0.009321 0.010725 0.013235
v 0.011389 0.011176 0.010909
v 0.010993 0.010332 0.011851
v 0.011308 0.010128 0.012657
v 0.009920 0.009695 0.012350
v 0.009877 0.008543 0.011948
v 0.011473 0.009831 0.010839
v 0.011855 0.009286 0.012445
v 0.010232 0.008455 0.012356
v 0.010316 0.008627 0.012373
v 0.009234 0.007248 0.012432
v 0.009950 0.007979 0.011328
v 0.009285 0.007212 0.012526
v 0.009250 0.007297 0.012400
v 0.007888 0.006250 0.012410
v 0.008585 0.006516 0.011153
v 0.007626 0.006548 0.014179
v 0.008057 0.006386 0.012518
vn -0.9994 -0.0026 0.0346
vn -0.9130 0.0094 0.4079
vn 0.8435 0.0329 -0.5362
vn -0.0437 -0.9969 -0.0659
vn 0.0806 0.9220 0.3787
vn 0.1119 -0.9397 0.3231
vn 0.0899 -0.1964 0.9764
vn 0.0226 -0.3189 -0.9475
vn 0.0025 0.1679 0.9858
vn 0.0560 -0.0455 0.9974
vn 0.0549 -0.0412 0.9976
vn 0.0626 -0.0665 0.9958
vn 0.0700 -0.0862 0.9938
vn 0.0160 0.0308 0.9994
vn 0.0503 -0.0378 0.9980
vn 0.0517 -0.0404 0.9978
vn 0.0644 -0.0608 0.9961
vn 0.0620 -0.0570 0.9964
vn 0.4500 -0.5427 0.7092
vn -0.1985 0.2258 0.9537
vn 0.0304 -0.0219 0.9993
vn 0.0601 -0.0529 0.9968
vn 0.0621 -0.0550 0.9966
vn 0.0844 -0.0756 0.9936
vn 0.0578 -0.0514 0.9970
vn 0.0610 -0.0541 0.9967
vn 0.0533 -0.0480 0.9974
vn 0.1160 -0.0949 0.9887
vn 0.0565 -0.0517 0.9971
vn 0.0951 -0.0782 0.9924
vn 0.0633 -0.0568 0.9964
vn 0.0885 -0.0725 0.9934
vn 0.0717 -0.0624 0.9955
vn 0.0433 -0.0472 0.9979
vn 0.7677 -0.3515 -0.5357
vn -0.1605 0.0387 0.9863
vn 0.0486 -0.0545 0.9973
vn 0.0600 -0.0590 0.9965
vn 0.0301 -0.0482 0.9984
vn 0.3150 -0.1386 0.9389
vn -0.0918 -0.0171 0.9956
vn -0.0338 -0.0329 0.9989
vn 0.0544 -0.0552 0.9970
vn 0.0743 -0.0593 0.9955
vn 0.6865 -0.1389 0.7138
vn -0.0506 -0.0509 0.9974
vn 0.1133 -0.0683 0.9912
vn 0.1485 -0.0699 0.9864
vn -0.0435 0.0766 -0.9961
vn 0.1280 0.0810 -0.9885
vn -0.2292 -0.0760 0.9704
vn -0.3656 -0.0702 0.9281
vn -0.8472 0.1600 -0.5066
vn -0.9596 -0.0357 0.2790
vn 0.8585 -0.1185 -0.4990
vn 0.6578 0.1472 -0.7387
vn -0.9289 0.2187 -0.2990
vn -0.9024 0.2873 -0.3211
vn 0.1018 0.9941 -0.0378
vn 0.1539 -0.9123 -0.3796
vn -0.2201 0.9020 -0.3715
vn -0.9339 -0.1487 0.3252
vn -0.9680 0.0555 0.2447
vn -0.6906 0.4244 0.5856
vn -0.8535 0.2039 -0.4795
vn -0.7491 0.1525 -0.6446
vn 0.5812 -0.0028 -0.8138
vn 0.8230 0.0248 0.5676
vn -0.5454 0.1414 -0.8262
vn -0.7357 0.6455 -0.2053
vn -0.2695 0.1074 -0.9570
vn 0.6432 -0.6620 0.3848
vn 0.7990 -0.4945 0.3422
vn -0.0570 -0.9075 -0.4161
vn 0.3439 0.3910 0.8537
vn -0.7201 0.5777 -0.3844
vn -0.2362 0.9717 0.0076
vn 0.5215 -0.6417 0.5623
vn -0.7595 0.6502 0.0189
vn 0.1829 -0.4945 -0.8497
vn 0.3918 -0.3275 -0.8598
vn -0.4616 0.1771 -0.8692
vn 0.2904 -0.0037 -0.9569
vn 0.4295 0.1062 0.8968
vn 0.1917 -0.5026 -0.8430
vn -0.6011 0.7947 0.0848
vn -0.0951 0.0934 -0.9911
vn -0.5312 0.8256 0.1900
vn -0.9063 0.2430 0.3457
vn 0.7472 -0.6270 0.2204
vn -0.5439 0.8263 0.1463
vn -0.4882 0.8336 0.2584
vn -0.0531 0.0796 -0.9954
vn -0.3244 0.6003 0.7310
vn 0.0620 0.7485 0.6603
vn 0.0976 0.0041 -0.9952
vn -0.3580 -0.0602 -0.9318
vn 0.9355 -0.3457 0.0729
vn -0.6498 0.6294 -0.4262
vn -0.6297 0.7281 -0.2709
vn -0.0492 0.0803 -0.9956
vn -0.3920 0.8671 0.3075
vn -0.4451 0.8454 0.2954
vn -0.0734 0.0903 -0.9932
vn -0.3253 0.8338 0.4460
vn -0.0666 0.0875 -0.9939
vn -0.3395 0.8563 0.3893
vn -0.3837 0.8657 0.3215
vn -0.0996 0.1025 -0.9897
vn -0.2757 0.8045 0.5260
vn -0.0962 0.1007 -0.9903
vn -0.1772 0.8371 0.5175
vn -0.3661 0.8969 0.2483
vn -0.2127 0.7733 0.5973
vn -0.0183 -0.6218 -0.7829
vn -0.3603 0.2539 -0.8976
vn 0.3698 -0.1917 0.9091
vn -0.0627 0.6318 0.7726
vn -0.1029 0.1038 -0.9893
vn 0.0119 0.5474 0.8368
vn -0.1513 0.1356 -0.9791
vn 0.1808 0.2959 0.9380
vn -0.0283 0.6378 0.7696
vn -0.0848 0.0914 -0.9922
vn 0.1080 0.4651 0.8786
vn 0.0379 0.5603 0.8274
vn -0.3999 0.3252 -0.8569
vn 0.5329 -0.1128 0.8386
vn 0.0645 0.5928 0.8027
vn 0.1334 0.4518 0.8821
vn 0.1247 0.4685 0.8746
vn -0.1631 0.1494 -0.9752
vn 0.3050 0.2699 0.9133
vn 0.6877 -0.5763 -0.4415
vn -0.3790 0.8973 0.2265
vn 0.2617 0.4781 0.8384
vn 0.2576 0.4901 0.8327
vn -0.1213 0.1262 -0.9846
vn 0.3193 0.2123 0.9236
vn 0.2302 0.2730 0.9341
vn -0.1115 0.1173 -0.9868
vn 0.3797 0.1982 0.9036
vn 0.2811 0.3012 0.9112
vn 0.4444 -0.4375 -0.7818
vn 0.0908 0.9067 0.4119
vn -0.0969 0.1101 -0.9892
vn 0.3671 0.1440 0.9190
vn 0.3103 0.2023 0.9289
vn 0.3080 0.2137 0.9271
vn -0.2130 0.2364 -0.9480
vn -0.7834 -0.5998 0.1629
vn 0.7035 -0.2781 0.6540
vn 0.3116 0.3087 0.8987
vn 0.3524 0.2218 0.9092
vn -0.4935 0.2659 0.8281
vn -0.8401 -0.5238 0.1412
vn 0.7190 0.3895 0.5756
vn 0.8771 -0.4681 0.1073
vn 0.6003 0.7001 0.3865
vn -0.1211 0.9926 0.0073
vn -0.1761 -0.9147 -0.3638
vn 0.3521 -0.4729 0.8077
vn 0.0344 -0.0595 -0.9976
vn -0.8602 -0.0172 -0.5096
vn -0.0852 0.1108 -0.9902
vn 0.5979 0.1301 0.7909
vn 0.4296 0.1241 0.8944
vn 0.4310 0.1239 0.8938
vn -0.0214 0.0220 -0.9995
vn 0.3576 0.1304 0.9247
vn -0.0696 0.0954 -0.9930
vn 0.5053 0.1027 0.8568
vn -0.2468 0.4388 -0.8640
vn -0.5157 -0.6867 0.5123
vn 0.0966 -0.9739 0.2052
vn 0.8861 0.1874 0.4240
vn -0.2822 -0.5919 -0.7550
vn 0.4595 0.5095 0.7275
vn 0.8636 0.2344 0.4463
vn -0.6135 -0.0095 -0.7896
vn 0.7384 0.0727 0.6704
vn 0.7256 -0.3853 0.5702
vn 0.1241 0.7130 0.6901
vn -0.8085 -0.2271 -0.5429
vn 0.3257 -0.8784 -0.3497
vn -0.0996 0.1040 -0.9896
vn -0.3497 0.8666 0.3560
vn 0.4611 -0.8777 -0.1306
vn 0.9419 -0.1414 0.3047
vn 0.6847 -0.2626 0.6799
vn 0.2571 -0.9497 0.1786
vn -0.4073 0.8311 0.3787
vn -0.8368 -0.5473 0.0133
vn -0.1447 0.3802 -0.9135
vn -0.0857 0.1911 -0.9778
vn -0.4117 0.7490 0.5191
vn 0.0723 -0.1329 0.9885
vn -0.5398 0.3391 -0.7704
vn -0.0854 0.9562 0.2800
vn -0.0238 -0.0239 -0.9994
vn -0.7846 0.6111 -0.1046
vn 0.4975 -0.8043 0.3249
vn 0.7714 -0.5004 0.3931
vn 0.7950 0.1195 0.5948
vn 0.2025 -0.8736 -0.4425
vn 0.5661 0.8243 0.0095
vn -0.1796 0.7933 0.5818
vn -0.0014 -0.8305 -0.5570
vn 0.3773 -0.4538 0.8073
vn -0.0432 0.0466 -0.9980
vn -0.6014 0.7811 -0.1679
vn 0.4121 -0.8549 0.3151
vn -0.9440 -0.1430 -0.2974
vn 0.6669 -0.7123 0.2187
vn 0.9708 0.0052 0.2397
vn -0.2451 0.6514 -0.7180
vn 0.5745 -0.7867 0.2258
vn -0.5243 0.8236 -0.2164
vn -0.0543 0.1353 -0.9893
vn 0.1708 -0.7352 0.6559
vn 0.8603 -0.2851 0.4226
vn 0.8686 0.2617 -0.4207
vn -0.9667 0.0573 0.2494
vn -0.1067 0.1017 -0.9891
vn 0.3720 -0.1417 0.9173
vn -0.1633 -0.0197 0.9864
vn 0.2290 -0.7740 0.5904
vn -0.6116 0.5166 0.5992
s 0
f 4500//8825 4501//8825 4503//8825
f 4500//8826 4502//8826 4501//8826
f 4500//8827 4552//8827 4502//8827
f 4500//8828 4503//8828 4504//8828
f 4500//8829 4504//8829 4505//8829
f 4500//8830 4505//8830 4506//8830
f 4500//8831 4506//8831 4507//8831
f 4500//8832 4507//8832 4508//8832
f 4500//8833 4508//8833 4509//8833
f 4500//8834 4509//8834 4510//8834
f 4500//8835 4510//8835 4511//8835
f 4500//8836 4511//8836 4512//8836
f 4500//8837 4512//8837 4513//8837
f 4500//8838 4513//8838 4514//8838
f 4500//8839 4514//8839 4515//8839
f 4500//8840 4515//8840 4516//8840
f 4500//8841 4516//8841 4517//8841
f 4500//8842 4517//8842 4518//8842
f 4500//8843 4518//8843 4519//8843
f 4500//8844 4519//8844 4520//8844
f 4500//8845 4520//8845 4521//8845
f 4500//8846 4521//8846 4522//8846
f 4500//8847 4522//8847 4523//8847
f 4500//8848 4523//8848 4524//8848
f 4500//8849 4524//8849 4525//8849
f 4500//8850 4525//8850 4526//8850
f 4500//8851 4526//8851 4527//8851
f 4500//8852 4527//8852 4528//8852
f 4500//8853 4528//8853 4529//8853
f 4500//8854 4529//8854 4530//8854
f 4500//8855 4530//8855 4531//8855
f 4500//8856 4531//8856 4532//8856
f 4500//8857 4532//8857 4533//8857
f 4500//8858 4533//8858 4534//8858
f 4500//8859 4534//8859 4535//8859
f 4500//8860 4535//8860 4536//8860
f 4500//8861 4536//8861 4537//8861
f 4500//8862 4537//8862 4538//8862
f 4500//8863 4538//8863 4539//8863
f 4500//8864 4539//8864 4540//8864
f 4500//8865 4540//8865 4541//8865
f 4500//8866 4541//8866 4542//8866
f 4500//8867 4542//8867 4543//8867
f 4500//8868 4543//8868 4544//8868
f 4500//8869 4544//8869 4545//8869
f 4500//8870 4545//8870 4546//8870
f 4500//8871 4546//8871 4547//8871
f 4500//8872 4547//8872 4548//8872
f 4500//8873 4548//8873 4549//8873
f 4500//8874 4549//8874 4550//8874
f 4500//8875 4550//8875 4551//8875
f 4500//8876 4551//8876 4552//8876
f 4552//8877 4551//8877 4501//8877
f 4502//8878 4552//8878 4501//8878
f 4551//8879 4550//8879 4553//8879
f 4501//8880 4551//8880 4553//8880
f 4501//8881 4553//8881 4554//8881
f 4553//8882 4555//8882 4554//8882
f 4553//8883 4550//8883 4549//8883
f 4553//8884 4549//8884 4555//8884
f 4549//8885 4558//8885 4555//8885
f 4554//8886 4555//8886 4556//8886
f 4556//8887 4555//8887 4557//8887
f 4555//8888 4559//8888 4557//8888
f 4555//8889 4558//8889 4559//8889
f 4503//8890 4559//8890 4560//8890
f 4503//8891 4557//8891 4559//8891
f 4558//8892 4560//8892 4559//8892
f 4503//8893 4560//8893 4561//8893
f 4558//8894 4561//8894 4560//8894
f 4503//8895 4561//8895 4562//8895
f 4563//8896 4562//8896 4561//8896
f 4558//8897 4563//8897 4561//8897
f 4548//8898 4563//8898 4558//8898
f 4548//8899 4547//8899 4563//8899
f 4547//8900 4546//8900 4563//8900
f 4563//8901 4546//8901 4565//8901
f 4563//8902 4564//8902 4562//8902
f 4563//8903 4565//8903 4564//8903
f 4565//8904 4545//8904 4564//8904
f 4546//8905 4545//8905 4565//8905
f 4503//8906 4564//8906 4566//8906
f 4503//8907 4562//8907 4564//8907
f 4564//8908 4543//8908 4566//8908
f 4564//8909 4545//8909 4544//8909
f 4564//8910 4544//8910 4543//8910
f 4503//8911 4566//8911 4567//8911
f 4543//8912 4567//8912 4566//8912
f 4503//8913 4567//8913 4568//8913
f 4567//8914 4541//8914 4568//8914
f 4543//8915 4542//8915 4567//8915
f 4542//8916 4541//8916 4567//8916
f 4503//8917 4568//8917 4569//8917
f 4568//8918 4570//8918 4569//8918
f 4541//8919 4570//8919 4568//8919
f 4541//8920 4540//8920 4570//8920
f 4540//8921 4569//8921 4570//8921
f 4503//8922 4569//8922 4571//8922
f 4569//8923 4539//8923 4571//8923
f 4540//8924 4539//8924 4569//8924
f 4503//8925 4571//8925 4572//8925
f 4571//8926 4538//8926 4572//8926
f 4539//8927 4538//8927 4571//8927
f 4503//8928 4572//8928 4573//8928
f 4538//8929 4573//8929 4572//8929
f 4503//8930 4573//8930 4574//8930
f 4537//8931 4574//8931 4573//8931
f 4538//8932 4537//8932 4573//8932
f 4503//8933 4574//8933 4575//8933
f 4537//8934 4575//8934 4574//8934
f 4503//8935 4575//8935 4576//8935
f 4575//8936 4534//8936 4576//8936
f 4537//8937 4536//8937 4575//8937
f 4536//8938 4535//8938 4575//8938
f 4575//8939 4535//8939 4534//8939
f 4503//8940 4576//8940 4577//8940
f 4576//8941 4533//8941 4577//8941
f 4534//8942 4533//8942 4576//8942
f 4503//8943 4577//8943 4578//8943
f 4533//8944 4578//8944 4577//8944
f 4503//8945 4578//8945 4579//8945
f 4532//8946 4579//8946 4578//8946
f 4533//8947 4532//8947 4578//8947
f 4503//8948 4579//8948 4580//8948
f 4531//8949 4580//8949 4579//8949
f 4532//8950 4531//8950 4579//8950
f 4503//8951 4580//8951 4581//8951
f 4580//8952 4528//8952 4581//8952
f 4531//8953 4530//8953 4580//8953
f 4530//8954 4529//8954 4580//8954
f 4580//8955 4529//8955 4528//8955
f 4503//8956 4581//8956 4582//8956
f 4582//8957 4581//8957 4528//8957
f 4503//8958 4582//8958 4583//8958
f 4583//8959 4582//8959 4526//8959
f 4526//8960 4582//8960 4527//8960
f 4582//8961 4528//8961 4527//8961
f 4503//8962 4583//8962 4584//8962
f 4584//8963 4583//8963 4525//8963
f 4525//8964 4583//8964 4526//8964
f 4503//8965 4584//8965 4585//8965
f 4585//8966 4584//8966 4524//8966
f 4524//8967 4584//8967 4525//8967
f 4503//8968 4585//8968 4586//8968
f 4586//8969 4585//8969 4524//8969
f 4503//8970 4586//8970 4587//8970
f 4587//8971 4586//8971 4522//8971
f 4586//8972 4523//8972 4522//8972
f 4586//8973 4524//8973 4523//8973
f 4503//8974 4587//8974 4588//8974
f 4588//8975 4587//8975 4589//8975
f 4589//8976 4587//8976 4520//8976
f 4587//8977 4521//8977 4520//8977
f 4587//8978 4522//8978 4521//8978
f 4590//8979 4589//8979 4517//8979
f 4590//8980 4588//8980 4589//8980
f 4517//8981 4589//8981 4518//8981
f 4589//8982 4519//8982 4518//8982
f 4589//8983 4520//8983 4591//8983
f 4589//8984 4591//8984 4519//8984
f 4520//8985 4519//8985 4591//8985
f 4503//8986 4590//8986 4592//8986
f 4503//8987 4588//8987 4590//8987
f 4592//8988 4590//8988 4517//8988
f 4503//8989 4592//8989 4593//8989
f 4515//8990 4593//8990 4592//8990
f 4515//8991 4592//8991 4516//8991
f 4592//8992 4517//8992 4516//8992
f 4503//8993 4593//8993 4594//8993
f 4515//8994 4594//8994 4593//8994
f 4503//8995 4594//8995 4595//8995
f 4515//8996 4595//8996 4594//8996
f 4503//8997 4595//8997 4596//8997
f 4597//8998 4596//8998 4595//8998
f 4597//8999 4595//8999 4515//8999
f 4513//9000 4597//9000 4514//9000
f 4513//9001 4598//9001 4597//9001
f 4598//9002 4596//9002 4597//9002
f 4514//9003 4597//9003 4515//9003
f 4512//9004 4598//9004 4513//9004
f 4512//9005 4599//9005 4598//9005
f 4599//9006 4596//9006 4598//9006
f 4512//9007 4600//9007 4599//9007
f 4600//9008 4596//9008 4599//9008
f 4503//9009 4600//9009 4601//9009
f 4503//9010 4596//9010 4600//9010
f 4602//9011 4601//9011 4600//9011
f 4512//9012 4602//9012 4600//9012
f 4603//9013 4602//9013 4512//9013
f 4603//9014 4604//9014 4602//9014
f 4604//9015 4601//9015 4602//9015
f 4603//9016 4605//9016 4604//9016
f 4605//9017 4601//9017 4604//9017
f 4503//9018 4605//9018 4606//9018
f 4503//9019 4601//9019 4605//9019
f 4606//9020 4605//9020 4603//9020
f 4503//9021 4606//9021 4607//9021
f 4511//9022 4607//9022 4606//9022
f 4511//9023 4606//9023 4603//9023
f 4503//9024 4607//9024 4608//9024
f 4608//9025 4607//9025 4609//9025
f 4609//9026 4607//9026 4511//9026
f 4510//9027 4609//9027 4511//9027
f 4510//9028 4608//9028 4609//9028
f 4503//9029 4608//9029 4610//9029
f 4610//9030 4608//9030 4510//9030
f 4503//9031 4610//9031 4611//9031
f 4509//9032 4611//9032 4610//9032
f 4509//9033 4610//9033 4510//9033
f 4503//9034 4611//9034 4612//9034
f 4612//9035 4611//9035 4613//9035
f 4613//9036 4611//9036 4509//9036
f 4614//9037 4613//9037 4508//9037
f 4614//9038 4612//9038 4613//9038
f 4508//9039 4613//9039 4509//9039
f 4504//9040 4614//9040 4508//9040
f 4504//9041 4615//9041 4614//9041
f 4615//9042 4612//9042 4614//9042
f 4503//9043 4615//9043 4504//9043
f 4503//9044 4612//9044 4615//9044
f 4511//9045 4603//9045 4512//9045
f 4549//9046 4548//9046 4558//9046
f 4503//9047 4556//9047 4557//9047
f 4503//9048 4501//9048 4556//9048
f 4501//9049 4554//9049 4556//9049
f 4504//9050 4508//9050 4507//9050
f 4506//9051 4505//9051 4507//9051
f 4504//9052 4507//9052 4505//9052
o geometry_9.045
v -0.008126 0.005641 0.016334
v -0.007029 0.008208 0.017784
v -0.006823 0.007901 0.017737
v -0.007433 0.008612 0.017813
v -0.008037 0.009706 0.017953
v -0.008162 0.010347 0.018134
v -0.008112 0.011298 0.018513
v -0.008123 0.005542 0.015220
v -0.008096 0.007042 0.015641
v -0.008282 0.005593 0.015435
v 0.007092 0.006592 0.014533
v 0.004887 0.005826 0.018787
v 0.004467 0.005159 0.018336
v -0.002339 0.005840 0.017781
v -0.002186 0.004443 0.017733
v -0.002727 0.005655 0.018213
v -0.003053 0.005622 0.017453
v -0.003615 0.005856 0.017487
v -0.004512 0.006254 0.017544
v -0.005250 0.006622 0.017595
v -0.005237 0.006710 0.017630
v -0.006047 0.007220 0.017658
v 0.005192 0.004570 0.017522
v 0.005395 0.006364 0.017371
v 0.006356 0.007008 0.017372
v 0.007201 0.006474 0.014889
v 0.007744 0.006811 0.014792
v 0.009333 0.006703 0.014825
v 0.007844 0.007189 0.013878
v 0.007255 0.007473 0.015704
v 0.006951 0.007490 0.016497
v 0.008930 0.007168 0.013139
v 0.008971 0.008402 0.014749
v 0.008157 0.007964 0.014529
v 0.006494 0.007476 0.017669
v 0.008333 0.008759 0.014971
v 0.009241 0.009407 0.014816
v 0.007511 0.007850 0.017413
v 0.006989 0.008008 0.018663
v 0.008304 0.008575 0.017677
v 0.007251 0.009031 0.017375
v 0.007545 0.010400 0.018326
v 0.007483 0.009047 0.018402
v 0.009122 0.010550 0.014917
v 0.008950 0.011066 0.014978
v 0.009663 0.011544 0.014998
v 0.009418 0.013132 0.015247
v 0.009126 0.011767 0.013753
v 0.007981 0.011732 0.014794
v 0.008940 0.013190 0.013478
v 0.006877 0.010401 0.017480
v 0.006574 0.011009 0.017530
v 0.009317 0.013316 0.015266
v 0.007132 0.014578 0.015257
v 0.005812 0.012367 0.017645
v 0.006237 0.011627 0.017585
v 0.005793 0.012416 0.017644
v 0.005196 0.013141 0.017716
v 0.006784 0.015291 0.015453
v 0.006634 0.015249 0.015152
v 0.005052 0.016269 0.015119
v 0.006242 0.015746 0.015247
v 0.006028 0.015986 0.015270
v 0.006290 0.016440 0.015481
v 0.005904 0.017304 0.013911
v 0.004149 0.016537 0.015777
v 0.003638 0.016101 0.016735
v 0.004472 0.015811 0.016090
v 0.003982 0.015248 0.017063
v 0.004467 0.013984 0.017801
v 0.003803 0.014727 0.017872
v 0.003092 0.015404 0.017946
v 0.002747 0.015639 0.017970
v 0.002895 0.016174 0.017209
v 0.003370 0.016496 0.016384
v 0.003786 0.017361 0.014849
v 0.002026 0.016802 0.016498
v 0.002044 0.016112 0.017672
v 0.001132 0.016271 0.018136
v 0.001267 0.016241 0.018123
v 0.001747 0.016130 0.018068
v 0.002057 0.016017 0.018026
v 0.000496 0.016392 0.018196
v 0.000087 0.016426 0.018234
v -0.000678 0.016423 0.018305
v 0.002146 0.017278 0.015479
v 0.000791 0.016802 0.016723
v 0.002111 0.018198 0.014379
v 0.003062 0.018424 0.014135
v 0.003222 0.018850 0.015881
v 0.002809 0.017704 0.015678
v 0.001883 0.018887 0.015891
v 0.001415 0.017723 0.015814
v 0.000922 0.017223 0.015645
v -0.000463 0.016640 0.016900
v -0.000135 0.018024 0.014342
v -0.001246 0.016343 0.018350
v 0.001111 0.018023 0.014546
v -0.001914 0.016192 0.018385
v -0.002488 0.016029 0.018421
v -0.002663 0.015961 0.018429
v -0.000509 0.017175 0.015153
v -0.002073 0.016598 0.015208
v -0.001347 0.017885 0.015814
v -0.001307 0.016883 0.015693
v 0.000546 0.018562 0.015887
v 0.000567 0.017776 0.015829
v -0.002095 0.016658 0.015863
v -0.002449 0.016516 0.016110
v -0.005227 0.014770 0.018487
v -0.004071 0.015361 0.018460
v -0.002943 0.015836 0.018441
v -0.005656 0.014516 0.018507
v -0.002920 0.016277 0.016126
v -0.003338 0.016044 0.016131
v -0.003607 0.015886 0.016139
v -0.004244 0.015496 0.016149
v -0.005124 0.014881 0.016153
v -0.006286 0.014057 0.018523
v -0.005972 0.014287 0.018518
v -0.006745 0.013662 0.018525
v -0.005387 0.014683 0.016154
v -0.005755 0.014327 0.016162
v -0.007156 0.013276 0.018536
v -0.007462 0.012931 0.018547
v -0.007647 0.012672 0.018547
v -0.006687 0.013170 0.016043
v -0.006714 0.012853 0.015679
v -0.006428 0.013575 0.016143
v -0.006659 0.013211 0.016094
v -0.007834 0.012291 0.018638
v -0.007782 0.012431 0.018548
v -0.008091 0.011446 0.018574
v -0.007593 0.011972 0.019210
v -0.007430 0.011698 0.018234
v -0.006780 0.012352 0.015764
v -0.006823 0.012635 0.016010
v 0.003606 0.018768 0.015906
v 0.004215 0.017509 0.015615
v 0.004034 0.017403 0.015612
v 0.004674 0.017116 0.015546
v 0.005102 0.016866 0.015493
v 0.005991 0.017707 0.015658
v 0.006758 0.007676 0.017409
vn -0.3024 -0.3673 0.8796
vn -0.3289 -0.3537 0.8756
vn -0.2590 -0.3971 0.8805
vn -0.4023 -0.3310 0.8536
vn -0.4449 -0.3228 0.8354
vn 0.2516 0.3474 -0.9034
vn -1.0000 0.0037 -0.0028
vn 0.9998 -0.0198 0.0043
vn -0.9809 0.1031 0.1649
vn 0.0672 -0.9969 0.0418
vn 0.0433 -0.9869 -0.1552
vn 0.1554 0.4846 -0.8608
vn -0.1280 -0.7754 0.6183
vn 0.2402 0.0597 -0.9689
vn -0.2905 -0.4614 0.8383
vn 0.0145 0.9987 -0.0494
vn -0.1812 -0.5537 0.8128
vn -0.1848 -0.5363 0.8236
vn -0.1952 -0.5067 0.8397
vn -0.2878 -0.3173 0.9036
vn -0.2358 -0.4230 0.8749
vn -0.1284 -0.2572 0.9578
vn 0.1915 0.3379 -0.9215
vn 0.0329 -0.0704 0.9970
vn 0.0328 -0.0706 0.9970
vn 0.0267 -0.0801 0.9964
vn -0.4878 -0.8377 0.2455
vn 0.3548 0.4766 -0.8043
vn -0.0270 -0.0374 0.9989
vn -0.0990 -0.1944 0.9759
vn -0.2694 0.6503 -0.7103
vn 0.2349 0.8748 -0.4237
vn 0.0398 0.0793 0.9961
vn -0.9476 0.0812 -0.3088
vn 0.0250 -0.0389 0.9989
vn 0.5221 -0.7798 0.3454
vn 0.5960 0.6562 0.4629
vn -0.0423 0.9446 0.3255
vn -0.0203 -0.2450 -0.9693
vn 0.5386 -0.7672 0.3483
vn -0.1737 -0.9496 -0.2610
vn 0.0074 0.3889 0.9212
vn 0.0545 0.9209 0.3860
vn 0.8806 -0.0028 0.4738
vn 0.9092 0.3401 0.2401
vn -0.3323 -0.9423 0.0396
vn 0.8380 -0.4340 0.3307
vn -0.3375 -0.9350 -0.1092
vn 0.3997 0.9037 0.1536
vn -0.9644 -0.1978 0.1757
vn 0.2569 -0.7701 0.5839
vn 0.8575 -0.0590 0.5111
vn 0.6915 -0.6735 0.2614
vn 0.8354 -0.3965 0.3807
vn 0.0286 -0.4906 0.8709
vn 0.2582 -0.1331 0.9569
vn 0.5854 -0.8093 0.0485
vn 0.2780 -0.9271 -0.2515
vn 0.9190 0.1494 0.3648
vn -0.5731 0.7483 -0.3341
vn -0.1476 -0.7596 -0.6334
vn 0.6188 0.5490 0.5619
vn 0.0674 -0.5791 0.8125
vn -0.0197 0.5194 0.8543
vn 0.7201 -0.4935 0.4878
vn 0.0510 -0.0586 -0.9970
vn -0.9076 0.0178 -0.4194
vn 0.9050 0.0568 0.4215
vn -0.0531 0.0826 -0.9952
vn -0.0576 0.0986 -0.9935
vn 0.8416 0.2226 0.4921
vn -0.0741 0.1512 -0.9857
vn 0.5457 -0.8030 -0.2395
vn -0.0716 0.1434 -0.9871
vn -0.9128 -0.1969 0.3579
vn -0.4332 0.8363 0.3361
vn 0.4910 0.6651 0.5627
vn 0.6514 0.2254 0.7245
vn -0.9632 -0.0764 0.2576
vn -0.8472 -0.4868 0.2128
vn 0.8794 -0.4564 0.1352
vn 0.7345 0.3174 0.5998
vn 0.7213 0.3394 0.6038
vn -0.4939 -0.8539 0.1644
vn 0.7624 0.2069 0.6131
vn 0.7109 0.3593 0.6046
vn 0.0299 -0.0640 0.9975
vn 0.0322 -0.0721 0.9969
vn -0.0004 0.0215 0.9998
vn 0.7070 0.2794 0.6497
vn 0.0329 -0.0713 0.9969
vn 0.6662 0.4942 0.5585
vn 0.7628 0.2048 0.6134
vn -0.7914 0.5190 0.3229
vn 0.3454 0.5600 0.7531
vn -0.2619 -0.3767 0.8885
vn 0.5946 0.5295 0.6051
vn -0.2275 -0.2884 0.9301
vn -0.2298 -0.2981 0.9265
vn -0.2631 0.8166 0.5138
vn 0.6183 0.3258 0.7152
vn 0.5875 0.5710 0.5734
vn 0.6353 0.4791 0.6056
vn 0.6343 0.4862 0.6011
vn 0.5936 0.5297 0.6058
vn 0.6871 0.5448 0.4808
vn 0.6681 0.5496 0.5016
vn 0.7399 0.4792 0.4722
vn 0.0342 -0.0729 0.9968
vn 0.0311 -0.0682 0.9972
vn 0.5904 0.5553 0.5857
vn 0.0255 -0.0615 0.9978
vn 0.4905 0.6650 0.5632
vn 0.4418 0.6769 0.5887
vn 0.4228 0.7182 0.5526
vn 0.3543 0.7843 0.5093
vn 0.4211 0.7367 0.5292
vn 0.2008 0.8428 0.4994
vn 0.2070 0.8448 0.4935
vn -0.4671 -0.1269 -0.8751
vn 0.2322 0.9087 0.3470
vn 0.2504 0.8901 0.3809
vn 0.3530 0.7829 0.5123
vn 0.4292 0.6973 0.5741
vn 0.0855 -0.1288 0.9880
vn 0.0388 -0.0780 0.9962
vn 0.0839 -0.1271 0.9883
vn 0.0723 -0.1159 0.9906
vn 0.0719 -0.1156 0.9907
vn 0.1906 0.9809 0.0395
vn 0.0799 -0.1224 0.9893
vn 0.1077 0.9398 0.3242
vn 0.3104 0.8215 0.4783
vn 0.0926 -0.1326 0.9868
vn 0.0257 0.9495 0.3129
vn 0.2183 0.8743 0.4336
vn -0.6107 0.6810 -0.4041
vn 0.2984 0.7368 0.6067
vn -0.5638 0.6247 0.5402
vn -0.5380 0.7863 0.3038
vn 0.8156 -0.5748 0.0656
vn 0.2347 0.0871 -0.9682
vn 0.2630 -0.2594 0.9293
vn -0.0933 0.1052 -0.9901
vn -0.7609 -0.6260 0.1709
vn 0.0875 -0.1008 0.9910
vn 0.4193 -0.1090 -0.9013
vn -0.8682 0.4888 0.0855
vn 0.8901 -0.3489 0.2933
vn -0.4189 0.9071 -0.0406
vn 0.0680 0.8738 0.4815
vn -0.0938 0.8126 0.5752
vn -0.1189 0.9683 0.2198
vn -0.7266 0.6089 0.3182
vn 0.1706 0.9105 0.3766
vn 0.0383 -0.9703 -0.2387
vn 0.0808 -0.1252 0.9888
vn 0.0964 -0.1352 0.9861
vn -0.2162 0.9729 0.0823
vn 0.1011 -0.1369 0.9854
vn -0.2712 0.9622 0.0253
vn 0.0930 -0.1327 0.9868
vn -0.3574 0.9276 0.1088
vn -0.0667 0.9535 0.2938
vn 0.2187 -0.5143 0.8293
vn -0.3396 0.9326 0.1223
vn 0.7288 0.2773 0.6260
vn -0.8210 0.5396 0.1866
vn 0.0345 0.0114 -0.9993
vn 0.1468 -0.1131 0.9827
vn 0.4979 0.1238 -0.8584
vn 0.3255 -0.9282 0.1801
vn -0.0556 0.0725 -0.9958
vn -0.9064 -0.0559 0.4186
vn -0.0151 0.0432 -0.9990
vn -0.0642 -0.9888 -0.1346
vn -0.2568 0.1803 -0.9495
vn 0.2924 -0.9514 0.0967
vn -0.6275 0.3772 -0.6811
vn 0.3261 0.5387 0.7768
vn -0.4510 0.8869 0.0997
vn 0.6280 -0.7727 0.0920
vn 0.0886 -0.1284 0.9878
vn 0.0682 -0.1211 0.9903
vn -0.3837 0.9165 0.1128
vn 0.1033 -0.1379 0.9850
vn -0.4010 0.9099 0.1066
vn 0.1275 -0.1369 0.9823
vn -0.5078 0.8599 0.0525
vn -0.4445 0.8861 0.1311
vn -0.0868 0.1075 -0.9904
vn -0.0680 0.0983 -0.9928
vn -0.4841 0.8706 0.0877
vn -0.0925 0.1096 -0.9897
vn -0.5035 0.8617 0.0630
vn -0.0801 0.1041 -0.9913
vn -0.5216 0.8522 0.0418
vn -0.0756 0.1024 -0.9919
vn -0.5730 0.8195 0.0039
vn -0.5929 0.8050 -0.0220
vn -0.5855 0.8106 -0.0137
vn 0.1176 -0.1359 0.9837
vn 0.1322 -0.1376 0.9816
vn 0.1212 -0.1362 0.9832
vn -0.6515 0.7572 -0.0469
vn -0.6001 0.7998 -0.0162
vn -0.0850 0.1055 -0.9908
vn -0.1381 0.1217 -0.9829
vn -0.6931 0.7149 -0.0924
vn -0.6835 0.7257 -0.0788
vn 0.1844 -0.1333 0.9738
vn 0.1532 -0.1360 0.9788
vn -0.7419 0.6540 -0.1481
vn 0.1886 -0.1327 0.9731
vn -0.7988 0.5698 -0.1928
vn 0.9015 -0.3570 0.2448
vn -0.8432 0.4845 -0.2331
vn -0.7366 0.6618 -0.1398
vn -0.0959 0.1101 -0.9893
vn 0.3618 -0.0013 -0.9323
vn 0.7043 -0.5601 0.4361
vn -0.9124 0.1619 0.3759
vn 0.7495 -0.6527 0.1101
vn -0.9223 0.1088 -0.3708
vn -0.8500 0.4731 -0.2316
vn 0.8116 0.0679 0.5802
vn 0.2290 -0.1244 0.9654
vn 0.2338 -0.1435 0.9616
vn 0.8476 -0.2217 -0.4820
vn -0.1982 -0.8890 -0.4129
vn -0.4739 0.8242 -0.3101
vn -0.9631 0.1705 -0.2084
vn -0.9562 0.2117 -0.2022
vn 0.8159 -0.3035 0.4922
vn 0.9691 -0.0598 0.2393
vn 0.6373 -0.0694 -0.7675
vn -0.5987 0.1876 -0.7787
vn -0.9593 0.2292 -0.1652
vn -0.5389 0.4674 -0.7008
vn -0.3144 -0.3233 0.8925
vn -0.8425 0.2992 -0.4480
vn 0.0617 -0.0200 -0.9979
vn -0.2188 -0.9431 0.2504
vn -0.1382 0.1596 -0.9775
vn -0.8128 -0.4719 0.3416
vn -0.0205 0.0064 0.9998
vn 0.4462 -0.7468 -0.4931
vn -0.6554 0.7200 0.2280
vn -0.8311 -0.2246 0.5088
vn -0.0653 0.0830 -0.9944
vn 0.1924 0.2091 0.9588
vn 0.5905 0.2266 0.7746
vn -0.0711 0.0895 -0.9935
vn 0.2241 0.1799 0.9578
vn 0.5894 -0.7019 0.3999
vn -0.4098 0.5728 -0.7099
vn -0.0849 0.1182 -0.9893
vn -0.9646 -0.2423 0.1038
vn 0.5363 -0.8279 0.1644
vn 0.3756 0.6793 0.6305
vn 0.0331 -0.0719 0.9969
vn -0.4221 0.5700 -0.7049
vn -0.0475 0.0495 -0.9976
vn -0.0937 0.1158 -0.9888
vn 0.5351 -0.8311 -0.1517
vn -0.1295 0.2028 -0.9706
vn -0.0037 -0.0135 -0.9999
vn -0.0449 0.0806 -0.9957
vn 0.0308 -0.0664 0.9973
vn -0.0820 0.5356 0.8405
vn 0.5669 0.6215 0.5407
vn 0.0198 -0.3611 0.9323
vn 0.0221 -0.1170 0.9929
vn -0.2020 0.8641 0.4611
vn 0.0230 -0.0690 0.9974
vn 0.8168 -0.5064 0.2765
vn -0.7408 0.6100 -0.2815
vn -0.0526 0.0802 -0.9954
vn -0.0313 -0.0512 -0.9982
vn -0.9978 0.0344 -0.0565
vn -0.3463 -0.3320 0.8774
vn -0.3064 -0.3136 0.8987
vn -0.0646 -0.1612 0.9848
vn 0.2208 0.2895 -0.9314
s 0
f 4616//9053 4617//9053 4619//9053
f 4616//9054 4618//9054 4617//9054
f 4616//9055 4637//9055 4618//9055
f 4616//9056 4619//9056 4620//9056
f 4616//9057 4620//9057 4621//9057
f 4616//9058 4621//9058 4622//9058
f 4616//9059 4622//9059 4623//9059
f 4616//9060 4623//9060 4624//9060
f 4616//9061 4624//9061 4625//9061
f 4616//9062 4625//9062 4626//9062
f 4616//9063 4626//9063 4627//9063
f 4616//9064 4627//9064 4628//9064
f 4616//9065 4628//9065 4629//9065
f 4616//9066 4629//9066 4630//9066
f 4616//9067 4630//9067 4631//9067
f 4616//9068 4631//9068 4632//9068
f 4616//9069 4632//9069 4633//9069
f 4616//9070 4633//9070 4634//9070
f 4616//9071 4634//9071 4635//9071
f 4616//9072 4635//9072 4636//9072
f 4616//9073 4636//9073 4637//9073
f 4618//9074 4637//9074 4636//9074
f 4618//9075 4636//9075 4635//9075
f 4618//9076 4635//9076 4634//9076
f 4618//9077 4634//9077 4633//9077
f 4618//9078 4633//9078 4632//9078
f 4618//9079 4632//9079 4631//9079
f 4618//9080 4631//9080 4630//9080
f 4618//9081 4630//9081 4629//9081
f 4618//9082 4629//9082 4628//9082
f 4628//9083 4627//9083 4638//9083
f 4618//9084 4628//9084 4638//9084
f 4618//9085 4638//9085 4639//9085
f 4627//9086 4639//9086 4638//9086
f 4618//9087 4639//9087 4640//9087
f 4641//9088 4640//9088 4639//9088
f 4641//9089 4639//9089 4627//9089
f 4625//9090 4641//9090 4626//9090
f 4625//9091 4642//9091 4641//9091
f 4641//9092 4642//9092 4640//9092
f 4626//9093 4641//9093 4627//9093
f 4625//9094 4643//9094 4642//9094
f 4642//9095 4643//9095 4644//9095
f 4642//9096 4645//9096 4640//9096
f 4642//9097 4644//9097 4645//9097
f 4643//9098 4645//9098 4644//9098
f 4640//9099 4645//9099 4646//9099
f 4645//9100 4647//9100 4646//9100
f 4643//9101 4647//9101 4645//9101
f 4643//9102 4648//9102 4647//9102
f 4648//9103 4649//9103 4647//9103
f 4646//9104 4647//9104 4649//9104
f 4646//9105 4649//9105 4650//9105
f 4649//9106 4651//9106 4650//9106
f 4648//9107 4651//9107 4649//9107
f 4648//9108 4652//9108 4651//9108
f 4652//9109 4654//9109 4651//9109
f 4650//9110 4651//9110 4653//9110
f 4653//9111 4651//9111 4654//9111
f 4653//9112 4654//9112 4655//9112
f 4654//9113 4656//9113 4655//9113
f 4652//9114 4656//9114 4654//9114
f 4618//9115 4656//9115 4657//9115
f 4618//9116 4655//9116 4656//9116
f 4652//9117 4657//9117 4656//9117
f 4618//9118 4657//9118 4658//9118
f 4659//9119 4658//9119 4657//9119
f 4652//9120 4659//9120 4657//9120
f 4625//9121 4659//9121 4652//9121
f 4625//9122 4660//9122 4659//9122
f 4659//9123 4660//9123 4658//9123
f 4625//9124 4661//9124 4660//9124
f 4660//9125 4661//9125 4658//9125
f 4625//9126 4662//9126 4661//9126
f 4661//9127 4662//9127 4663//9127
f 4658//9128 4661//9128 4663//9128
f 4658//9129 4663//9129 4664//9129
f 4663//9130 4665//9130 4664//9130
f 4663//9131 4662//9131 4665//9131
f 4662//9132 4668//9132 4665//9132
f 4664//9133 4665//9133 4666//9133
f 4666//9134 4665//9134 4667//9134
f 4665//9135 4671//9135 4667//9135
f 4665//9136 4668//9136 4669//9136
f 4665//9137 4669//9137 4670//9137
f 4665//9138 4670//9138 4671//9138
f 4618//9139 4671//9139 4670//9139
f 4618//9140 4667//9140 4671//9140
f 4618//9141 4670//9141 4672//9141
f 4669//9142 4672//9142 4670//9142
f 4618//9143 4672//9143 4673//9143
f 4672//9144 4676//9144 4673//9144
f 4669//9145 4674//9145 4672//9145
f 4674//9146 4675//9146 4672//9146
f 4672//9147 4675//9147 4676//9147
f 4675//9148 4677//9148 4676//9148
f 4676//9149 4683//9149 4673//9149
f 4676//9150 4677//9150 4678//9150
f 4676//9151 4678//9151 4679//9151
f 4676//9152 4679//9152 4680//9152
f 4676//9153 4680//9153 4681//9153
f 4676//9154 4681//9154 4682//9154
f 4676//9155 4682//9155 4683//9155
f 4682//9156 4684//9156 4683//9156
f 4673//9157 4683//9157 4684//9157
f 4673//9158 4684//9158 4685//9158
f 4684//9159 4686//9159 4685//9159
f 4682//9160 4686//9160 4684//9160
f 4618//9161 4686//9161 4687//9161
f 4618//9162 4685//9162 4686//9162
f 4682//9163 4687//9163 4686//9163
f 4618//9164 4687//9164 4688//9164
f 4689//9165 4688//9165 4687//9165
f 4682//9166 4689//9166 4687//9166
f 4681//9167 4689//9167 4682//9167
f 4681//9168 4690//9168 4689//9168
f 4690//9169 4691//9169 4689//9169
f 4689//9170 4691//9170 4692//9170
f 4689//9171 4692//9171 4693//9171
f 4689//9172 4693//9172 4694//9172
f 4689//9173 4694//9173 4695//9173
f 4689//9174 4695//9174 4696//9174
f 4689//9175 4696//9175 4697//9175
f 4689//9176 4697//9176 4688//9176
f 4618//9177 4697//9177 4696//9177
f 4618//9178 4688//9178 4697//9178
f 4618//9179 4696//9179 4695//9179
f 4618//9180 4695//9180 4694//9180
f 4618//9181 4694//9181 4698//9181
f 4693//9182 4698//9182 4694//9182
f 4618//9183 4698//9183 4699//9183
f 4692//9184 4699//9184 4698//9184
f 4692//9185 4698//9185 4693//9185
f 4618//9186 4699//9186 4700//9186
f 4700//9187 4699//9187 4701//9187
f 4692//9188 4701//9188 4699//9188
f 4702//9189 4700//9189 4701//9189
f 4702//9190 4701//9190 4703//9190
f 4701//9191 4706//9191 4703//9191
f 4692//9192 4704//9192 4701//9192
f 4701//9193 4704//9193 4705//9193
f 4701//9194 4705//9194 4706//9194
f 4625//9195 4706//9195 4705//9195
f 4625//9196 4707//9196 4706//9196
f 4707//9197 4703//9197 4706//9197
f 4625//9198 4708//9198 4707//9198
f 4709//9199 4707//9199 4708//9199
f 4709//9200 4702//9200 4707//9200
f 4702//9201 4703//9201 4707//9201
f 4710//9202 4712//9202 4709//9202
f 4710//9203 4709//9203 4711//9203
f 4711//9204 4709//9204 4713//9204
f 4709//9205 4712//9205 4700//9205
f 4709//9206 4708//9206 4713//9206
f 4709//9207 4700//9207 4702//9207
f 4711//9208 4713//9208 4708//9208
f 4618//9209 4712//9209 4714//9209
f 4618//9210 4700//9210 4712//9210
f 4710//9211 4714//9211 4712//9211
f 4618//9212 4714//9212 4715//9212
f 4715//9213 4714//9213 4710//9213
f 4618//9214 4715//9214 4716//9214
f 4716//9215 4715//9215 4717//9215
f 4717//9216 4715//9216 4710//9216
f 4718//9217 4717//9217 4719//9217
f 4718//9218 4716//9218 4717//9218
f 4717//9219 4711//9219 4719//9219
f 4717//9220 4710//9220 4711//9220
f 4625//9221 4719//9221 4721//9221
f 4625//9222 4720//9222 4719//9222
f 4718//9223 4719//9223 4720//9223
f 4719//9224 4711//9224 4721//9224
f 4625//9225 4721//9225 4722//9225
f 4711//9226 4722//9226 4721//9226
f 4625//9227 4722//9227 4708//9227
f 4711//9228 4708//9228 4722//9228
f 4625//9229 4723//9229 4720//9229
f 4723//9230 4718//9230 4720//9230
f 4625//9231 4724//9231 4723//9231
f 4725//9232 4723//9232 4724//9232
f 4725//9233 4726//9233 4723//9233
f 4726//9234 4718//9234 4723//9234
f 4618//9235 4726//9235 4725//9235
f 4618//9236 4727//9236 4726//9236
f 4726//9237 4727//9237 4718//9237
f 4618//9238 4716//9238 4727//9238
f 4727//9239 4716//9239 4718//9239
f 4618//9240 4725//9240 4728//9240
f 4728//9241 4725//9241 4729//9241
f 4725//9242 4724//9242 4729//9242
f 4625//9243 4729//9243 4724//9243
f 4625//9244 4730//9244 4729//9244
f 4728//9245 4729//9245 4730//9245
f 4625//9246 4731//9246 4730//9246
f 4728//9247 4730//9247 4731//9247
f 4625//9248 4732//9248 4731//9248
f 4732//9249 4728//9249 4731//9249
f 4625//9250 4733//9250 4732//9250
f 4734//9251 4732//9251 4733//9251
f 4734//9252 4735//9252 4732//9252
f 4735//9253 4728//9253 4732//9253
f 4618//9254 4735//9254 4734//9254
f 4618//9255 4728//9255 4735//9255
f 4618//9256 4734//9256 4736//9256
f 4736//9257 4734//9257 4737//9257
f 4737//9258 4734//9258 4733//9258
f 4625//9259 4737//9259 4733//9259
f 4625//9260 4738//9260 4737//9260
f 4739//9261 4737//9261 4738//9261
f 4739//9262 4736//9262 4737//9262
f 4618//9263 4739//9263 4740//9263
f 4618//9264 4736//9264 4739//9264
f 4740//9265 4739//9265 4738//9265
f 4618//9266 4740//9266 4741//9266
f 4742//9267 4741//9267 4740//9267
f 4742//9268 4740//9268 4743//9268
f 4740//9269 4744//9269 4743//9269
f 4740//9270 4738//9270 4744//9270
f 4625//9271 4744//9271 4738//9271
f 4625//9272 4742//9272 4744//9272
f 4742//9273 4743//9273 4744//9273
f 4625//9274 4745//9274 4742//9274
f 4746//9275 4742//9275 4745//9275
f 4746//9276 4747//9276 4742//9276
f 4747//9277 4741//9277 4742//9277
f 4618//9278 4747//9278 4746//9278
f 4618//9279 4741//9279 4747//9279
f 4618//9280 4746//9280 4748//9280
f 4748//9281 4746//9281 4749//9281
f 4746//9282 4745//9282 4749//9282
f 4748//9283 4749//9283 4750//9283
f 4749//9284 4751//9284 4750//9284
f 4749//9285 4745//9285 4751//9285
f 4752//9286 4751//9286 4745//9286
f 4750//9287 4751//9287 4752//9287
f 4625//9288 4752//9288 4745//9288
f 4625//9289 4624//9289 4752//9289
f 4624//9290 4750//9290 4752//9290
f 4748//9291 4750//9291 4624//9291
f 4618//9292 4748//9292 4622//9292
f 4622//9293 4748//9293 4624//9293
f 4625//9294 4705//9294 4753//9294
f 4753//9295 4705//9295 4704//9295
f 4625//9296 4753//9296 4754//9296
f 4754//9297 4753//9297 4704//9297
f 4625//9298 4754//9298 4755//9298
f 4755//9299 4754//9299 4690//9299
f 4690//9300 4754//9300 4691//9300
f 4754//9301 4704//9301 4691//9301
f 4625//9302 4755//9302 4756//9302
f 4681//9303 4756//9303 4755//9303
f 4681//9304 4755//9304 4690//9304
f 4625//9305 4756//9305 4757//9305
f 4681//9306 4757//9306 4756//9306
f 4625//9307 4757//9307 4758//9307
f 4681//9308 4758//9308 4757//9308
f 4625//9309 4758//9309 4679//9309
f 4679//9310 4758//9310 4680//9310
f 4680//9311 4758//9311 4681//9311
f 4691//9312 4704//9312 4692//9312
f 4618//9313 4673//9313 4685//9313
f 4625//9314 4679//9314 4678//9314
f 4625//9315 4678//9315 4677//9315
f 4625//9316 4677//9316 4675//9316
f 4625//9317 4675//9317 4674//9317
f 4625//9318 4674//9318 4669//9318
f 4625//9319 4669//9319 4668//9319
f 4625//9320 4668//9320 4662//9320
f 4618//9321 4666//9321 4667//9321
f 4618//9322 4658//9322 4666//9322
f 4658//9323 4664//9323 4666//9323
f 4618//9324 4653//9324 4655//9324
f 4618//9325 4759//9325 4653//9325
f 4759//9326 4650//9326 4653//9326
f 4618//9327 4640//9327 4759//9327
f 4640//9328 4646//9328 4759//9328
f 4646//9329 4650//9329 4759//9329
f 4625//9330 4652//9330 4648//9330
f 4625//9331 4648//9331 4643//9331
f 4622//9332 4624//9332 4623//9332
f 4618//9333 4622//9333 4621//9333
f 4618//9334 4621//9334 4620//9334
f 4618//9335 4620//9335 4619//9335
f 4618//9336 4619//9336 4617//9336
o geometry_9.046
v 0.007644 0.005082 0.014336
v 0.005548 0.006114 0.014210
v 0.007253 0.006309 0.014271
v 0.004136 0.006076 0.014468
v 0.002711 0.005818 0.015189
v 0.001299 0.005727 0.015339
v -0.000006 0.005956 0.014354
v -0.000292 0.004548 0.014560
v -0.004880 0.005910 0.019763
v 0.007585 0.006760 0.018468
v 0.006243 0.007416 0.018109
v 0.000097 0.003782 0.025764
v -0.000538 0.003367 0.025824
v -0.001517 0.002971 0.025925
v -0.002783 0.002793 0.026018
v -0.004164 0.002853 0.026090
v -0.005614 0.003020 0.026187
v -0.006916 0.003262 0.026351
v -0.007092 0.003299 0.026340
v -0.008216 0.003865 0.026530
v -0.008368 0.003197 0.027495
v -0.009671 0.002616 0.026287
v -0.011934 0.005921 0.027695
v -0.008136 0.004824 0.022958
v -0.011562 0.005371 0.027498
v -0.011184 0.005791 0.026702
v 0.001960 0.005610 0.025898
v 0.001438 0.005578 0.025899
v 0.005707 0.005816 0.023007
v 0.002074 0.006414 0.025942
v 0.001436 0.005989 0.026098
v 0.002980 0.006858 0.024263
v 0.006862 0.007087 0.019607
v 0.003725 0.006736 0.024709
v 0.006031 0.007643 0.019774
v 0.005981 0.007367 0.018496
v 0.001583 0.005423 0.025703
v 0.000832 0.004442 0.025746
vn 0.1520 0.4179 0.8957
vn -0.0404 0.0398 0.9984
vn -0.7319 -0.2666 -0.6271
vn 0.2220 0.6925 0.6864
vn 0.1200 -0.2940 0.9482
vn -0.1134 -0.9903 -0.0808
vn 0.0184 0.1411 0.9898
vn -0.0724 0.9474 -0.3117
vn -0.1019 0.9212 -0.3756
vn -0.4840 -0.8131 0.3234
vn 0.8073 -0.3184 0.4969
vn 0.5447 -0.7942 0.2694
vn 0.3835 -0.9133 0.1368
vn 0.1156 -0.0326 0.9928
vn 0.1230 -0.9747 -0.1867
vn 0.0624 0.0738 0.9953
vn 0.1181 -0.9745 -0.1908
vn -0.0262 -0.9573 -0.2878
vn 0.0561 0.0919 0.9942
vn -0.0565 -0.9570 -0.2845
vn 0.0517 -0.9683 -0.2442
vn 0.0356 -0.9671 -0.2520
vn 0.0701 0.0290 0.9971
vn -0.1293 -0.9396 -0.3168
vn 0.0940 -0.1586 0.9829
vn -0.2141 -0.9070 -0.3627
vn 0.0415 0.4487 0.8927
vn -0.1787 -0.9330 -0.3125
vn -0.0044 -0.9751 -0.2215
vn -0.4671 -0.8096 -0.3555
vn 0.8661 -0.1044 0.4889
vn 0.0892 -0.1533 0.9841
vn 0.6845 0.5448 0.4843
vn -0.0611 -0.8165 -0.5741
vn -0.7104 -0.4996 -0.4957
vn -0.5475 -0.6813 -0.4859
vn -0.1290 0.9408 -0.3135
vn 0.4014 0.5779 -0.7106
vn -0.8398 -0.5344 -0.0957
vn 0.7186 -0.2735 0.6394
vn -0.7689 -0.3492 -0.5356
vn 0.7734 0.3297 0.5415
vn 0.1913 0.8274 0.5280
vn 0.0587 -0.1325 0.9894
vn -0.0020 0.9678 -0.2518
vn -0.0057 0.0791 -0.9969
vn -0.0271 0.4355 -0.8998
vn -0.0714 0.9972 -0.0215
vn -0.6103 0.1287 -0.7816
vn -0.2945 0.0931 -0.9511
vn 0.7960 -0.2604 0.5464
vn 0.5665 -0.8193 0.0888
vn -0.5506 -0.6742 -0.4922
vn -0.0886 -0.9885 -0.1224
vn -0.0039 -0.9662 -0.2577
vn 0.8027 -0.3471 0.4850
vn -0.3428 -0.9153 0.2113
vn -0.5697 -0.8117 -0.1289
vn 0.6307 -0.7633 0.1401
vn 0.8010 -0.0063 0.5986
vn 0.7500 -0.5592 0.3533
vn 0.6596 -0.7289 0.1834
vn 0.8304 -0.1057 0.5471
vn -0.0475 0.0799 0.9957
vn 0.5168 -0.4409 0.7338
vn -0.3383 -0.8779 -0.3390
vn -0.6635 -0.5984 -0.4491
vn -0.6095 0.1330 -0.7815
vn -0.8285 -0.3705 -0.4199
vn -0.0710 0.9820 0.1749
vn 0.0914 -0.3476 0.9332
vn -0.0352 0.9566 0.2894
s 0
f 4760//9337 4761//9337 4763//9337
f 4760//9338 4762//9338 4761//9338
f 4760//9339 4773//9339 4762//9339
f 4760//9340 4763//9340 4764//9340
f 4760//9341 4764//9341 4765//9341
f 4760//9342 4765//9342 4766//9342
f 4760//9343 4766//9343 4767//9343
f 4760//9344 4767//9344 4768//9344
f 4760//9345 4768//9345 4769//9345
f 4760//9346 4769//9346 4770//9346
f 4760//9347 4770//9347 4771//9347
f 4760//9348 4771//9348 4772//9348
f 4760//9349 4772//9349 4773//9349
f 4771//9350 4773//9350 4772//9350
f 4762//9351 4773//9351 4774//9351
f 4771//9352 4774//9352 4773//9352
f 4762//9353 4774//9353 4761//9353
f 4761//9354 4774//9354 4763//9354
f 4771//9355 4775//9355 4774//9355
f 4774//9356 4775//9356 4765//9356
f 4774//9357 4764//9357 4763//9357
f 4774//9358 4765//9358 4764//9358
f 4771//9359 4776//9359 4775//9359
f 4775//9360 4776//9360 4765//9360
f 4771//9361 4777//9361 4776//9361
f 4765//9362 4776//9362 4777//9362
f 4771//9363 4778//9363 4777//9363
f 4766//9364 4777//9364 4778//9364
f 4766//9365 4765//9365 4777//9365
f 4767//9366 4778//9366 4779//9366
f 4767//9367 4766//9367 4778//9367
f 4771//9368 4779//9368 4778//9368
f 4767//9369 4779//9369 4780//9369
f 4771//9370 4780//9370 4779//9370
f 4767//9371 4780//9371 4768//9371
f 4780//9372 4782//9372 4768//9372
f 4771//9373 4781//9373 4780//9373
f 4780//9374 4781//9374 4782//9374
f 4781//9375 4784//9375 4782//9375
f 4768//9376 4782//9376 4783//9376
f 4782//9377 4785//9377 4783//9377
f 4782//9378 4784//9378 4785//9378
f 4771//9379 4785//9379 4784//9379
f 4771//9380 4786//9380 4785//9380
f 4783//9381 4785//9381 4786//9381
f 4771//9382 4787//9382 4786//9382
f 4787//9383 4790//9383 4786//9383
f 4783//9384 4786//9384 4788//9384
f 4788//9385 4786//9385 4789//9385
f 4786//9386 4790//9386 4789//9386
f 4791//9387 4790//9387 4787//9387
f 4791//9388 4789//9388 4790//9388
f 4792//9389 4791//9389 4794//9389
f 4792//9390 4793//9390 4791//9390
f 4793//9391 4789//9391 4791//9391
f 4794//9392 4791//9392 4787//9392
f 4769//9393 4794//9393 4795//9393
f 4769//9394 4792//9394 4794//9394
f 4794//9395 4797//9395 4795//9395
f 4794//9396 4787//9396 4796//9396
f 4794//9397 4796//9397 4797//9397
f 4770//9398 4797//9398 4771//9398
f 4770//9399 4795//9399 4797//9399
f 4771//9400 4797//9400 4796//9400
f 4771//9401 4796//9401 4787//9401
f 4769//9402 4795//9402 4770//9402
f 4792//9403 4788//9403 4793//9403
f 4788//9404 4789//9404 4793//9404
f 4769//9405 4788//9405 4792//9405
f 4769//9406 4783//9406 4788//9406
f 4771//9407 4784//9407 4781//9407
f 4769//9408 4768//9408 4783//9408
o geometry_9.047
v -0.007390 0.001828 0.009409
v -0.007283 -0.000534 0.020000
v -0.007269 0.001138 0.017020
v -0.007238 -0.001038 0.020789
v -0.007170 -0.001791 0.021856
v -0.007162 -0.001881 0.021985
v -0.007127 -0.002282 0.022500
v -0.007082 -0.002973 0.023195
v -0.007077 -0.003042 0.023261
v -0.007061 -0.003242 0.023438
v -0.007024 -0.003733 0.023861
v -0.006982 -0.004561 0.024404
v -0.006936 -0.004707 0.024424
v -0.006897 -0.005457 0.024734
v -0.006847 -0.005697 0.024711
v -0.006614 -0.006293 0.024447
v -0.006550 -0.006984 0.023764
v -0.006571 -0.007240 0.023007
v -0.006617 -0.007378 0.021735
v -0.006725 -0.007247 0.020393
v -0.007008 -0.006266 0.007956
v -0.005797 -0.005731 0.008449
v -0.007717 -0.005478 0.009156
v -0.008008 -0.005518 0.009165
v -0.009119 -0.005633 0.009187
v -0.010482 -0.005639 0.009215
v -0.012110 -0.006733 0.008924
v -0.018439 -0.004314 0.009613
v -0.019279 -0.004115 0.009630
v -0.019629 -0.003967 0.009660
v -0.020230 -0.003716 0.009719
v -0.020336 -0.003644 0.009723
v -0.020902 -0.003282 0.009791
v -0.021791 -0.002630 0.009870
v -0.022448 -0.001994 0.009954
v -0.022798 -0.001520 0.009994
v -0.022942 -0.000715 0.010096
v -0.022848 0.000019 0.010136
v -0.022527 0.000604 0.010192
v -0.022386 0.000820 0.010204
v -0.022213 0.001092 0.010101
v -0.026069 0.000657 0.026798
v -0.025495 0.000112 0.027310
v -0.015056 0.000204 0.026241
v -0.009271 -0.003753 0.025465
v -0.026644 -0.000136 0.027382
v -0.026339 0.000942 0.027060
v -0.025820 -0.000543 0.026820
v -0.025627 -0.001018 0.026722
v -0.024769 -0.001408 0.026502
v -0.013402 -0.006020 0.025874
v -0.011855 -0.006659 0.026328
v -0.011706 -0.006752 0.025851
v -0.009339 -0.005877 0.025849
v -0.008582 -0.005930 0.025226
v -0.007846 -0.005590 0.025187
v -0.008426 -0.004515 0.025350
v -0.006978 -0.005224 0.024643
v -0.007611 -0.005728 0.025048
v -0.006710 -0.005710 0.024535
v -0.006761 -0.006116 0.024611
v -0.007264 -0.005996 0.024818
v -0.008547 -0.005827 0.025272
v -0.006392 -0.006623 0.023837
v -0.011258 -0.006031 0.023202
v -0.009578 -0.005712 0.026453
v -0.010872 -0.005421 0.025683
v -0.011294 -0.005585 0.024797
v -0.011198 -0.005581 0.027046
v -0.011796 -0.005295 0.025379
v -0.012714 -0.005725 0.023257
v -0.012738 -0.006007 0.021929
v -0.015039 -0.005286 0.022850
v -0.015208 -0.005283 0.022177
v -0.015908 -0.005043 0.022201
v -0.014440 -0.005166 0.023680
v -0.012932 -0.005080 0.027068
v -0.016069 -0.004978 0.020788
v -0.018883 -0.003937 0.019497
v -0.019411 -0.003723 0.020050
v -0.019413 -0.003715 0.019076
v -0.015348 -0.005224 0.020750
v -0.012757 -0.006021 0.020596
v -0.011545 -0.006298 0.020547
v -0.010759 -0.006409 0.021271
v -0.011951 -0.005453 0.008009
v -0.011252 -0.006308 0.021753
vn 0.9934 0.1138 0.0153
vn 0.9989 -0.0433 -0.0198
vn -0.0123 0.9958 0.0905
vn 0.9938 0.1100 0.0144
vn 0.9952 0.0970 0.0105
vn 0.9948 0.1014 0.0119
vn 0.9978 0.0660 0.0007
vn 0.9971 0.0756 0.0040
vn 0.9957 0.0925 0.0100
vn 0.9968 0.0794 0.0053
vn 0.9990 0.0447 -0.0081
vn 0.9441 0.3117 0.1071
vn 0.9988 0.0483 -0.0092
vn 0.9779 0.1992 0.0632
vn 0.9416 0.3141 0.1210
vn 0.9956 0.0936 -0.0009
vn 0.9987 0.0317 -0.0390
vn 0.9987 0.0311 -0.0394
vn 0.9962 -0.0271 -0.0827
vn 0.9985 0.0505 -0.0187
vn -0.3011 -0.1823 0.9360
vn -0.3392 0.0478 -0.9395
vn -0.0389 0.0364 -0.9986
vn -0.0230 0.0351 -0.9991
vn -0.0205 0.0345 -0.9992
vn 0.2178 -0.0648 -0.9738
vn -0.0715 0.0958 -0.9928
vn -0.0201 0.0031 -0.9998
vn -0.0542 0.0715 -0.9960
vn -0.0614 0.0867 -0.9943
vn -0.0301 0.0139 -0.9995
vn -0.0623 0.0904 -0.9940
vn -0.0486 0.0538 -0.9974
vn -0.0548 0.0742 -0.9957
vn -0.0484 0.0485 -0.9977
vn -0.0625 0.1146 -0.9914
vn -0.0541 0.0616 -0.9966
vn -0.0616 0.1287 -0.9898
vn -0.0590 0.0942 -0.9938
vn -0.0270 -0.3404 -0.9399
vn -0.0489 0.9987 0.0147
vn 0.3692 0.8124 0.4513
vn 0.0011 0.9953 0.0965
vn 0.1017 -0.1871 0.9771
vn 0.4305 0.7863 0.4431
vn 0.4449 0.7664 0.4634
vn 0.4604 0.7390 0.4919
vn 0.4816 0.5919 0.6462
vn 0.4764 0.5645 0.6740
vn 0.1249 -0.0119 0.9921
vn 0.4826 0.6041 0.6341
vn 0.4832 0.6234 0.6147
vn 0.4833 0.6361 0.6015
vn 0.4696 0.7117 0.5224
vn 0.4606 0.7384 0.4926
vn -0.0870 -0.2621 -0.9611
vn 0.0628 -0.1378 0.9885
vn 0.0652 -0.1779 0.9819
vn 0.0824 -0.3451 0.9349
vn 0.0350 -0.0496 0.9982
vn -0.3329 -0.1434 0.9320
vn 0.8876 0.4164 0.1971
vn 0.0183 -0.0472 0.9987
vn 0.5723 0.4960 0.6531
vn 0.0865 -0.0732 0.9936
vn 0.0428 -0.1271 0.9910
vn 0.5822 0.1947 0.7894
vn 0.5674 0.5339 0.6268
vn 0.4764 0.1028 0.8732
vn -0.2115 0.4897 -0.8459
vn 0.4923 0.0777 0.8669
vn 0.4909 0.1009 0.8653
vn 0.2569 -0.4219 0.8695
vn 0.1374 -0.6742 0.7256
vn -0.7915 -0.0159 -0.6110
vn 0.7398 -0.0094 0.6727
vn -0.0544 -0.7039 0.7082
vn 0.2463 -0.4342 0.8665
vn -0.2403 0.4650 -0.8521
vn 0.1731 -0.6570 0.7337
vn -0.4251 0.3523 -0.8337
vn 0.5800 0.1162 0.8063
vn -0.5330 0.4909 -0.6892
vn -0.1737 -0.7720 0.6114
vn -0.9020 0.4161 -0.1150
vn -0.1499 -0.9545 0.2579
vn 0.0893 0.9693 -0.2290
vn -0.2428 -0.9692 0.0420
vn -0.1328 -0.9802 -0.1469
vn -0.1800 -0.9484 0.2610
vn -0.1982 -0.9426 0.2686
vn -0.0899 -0.9864 -0.1374
vn -0.2218 -0.9324 0.2853
vn -0.1935 -0.9590 0.2069
vn -0.1889 -0.9468 0.2604
vn -0.2165 -0.9542 0.2063
vn -0.2262 -0.9309 0.2868
vn -0.2749 -0.9593 0.0644
vn -0.3198 -0.9444 0.0757
vn -0.2428 -0.9198 0.3082
vn -0.3357 -0.9366 0.0999
vn -0.2484 -0.9171 0.3119
vn 0.0783 -0.9775 -0.1961
vn -0.3784 -0.9089 -0.1750
vn 0.9113 0.0612 -0.4072
vn -0.2731 -0.9509 0.1456
vn 0.2025 0.7293 -0.6535
vn -0.3676 -0.9295 0.0282
vn -0.3233 -0.9463 -0.0068
vn -0.3456 -0.9384 -0.0039
vn -0.3608 -0.9325 0.0152
vn -0.9551 -0.2964 -0.0010
vn -0.3464 -0.9376 0.0309
vn -0.4050 -0.9143 -0.0066
vn -0.4188 -0.9078 -0.0221
vn -0.3870 -0.9215 0.0335
vn -0.3819 -0.9236 0.0334
vn -0.3647 -0.9306 0.0319
vn -0.3596 -0.9326 0.0313
vn -0.3214 -0.9467 0.0192
vn -0.3227 -0.9465 -0.0072
vn -0.2936 -0.9559 0.0085
vn -0.2946 -0.9556 -0.0103
vn -0.2243 -0.9739 -0.0358
vn -0.2226 -0.9748 0.0134
vn -0.2801 -0.9599 0.0141
vn -0.1999 -0.9780 -0.0595
vn -0.2383 -0.9647 0.1119
vn -0.1689 -0.9851 0.0333
vn -0.1869 -0.9805 -0.0601
vn -0.1938 -0.9803 0.0394
vn -0.2315 -0.9724 -0.0304
vn -0.2250 -0.9740 -0.0264
vn -0.2231 -0.9682 0.1129
vn -0.2386 -0.9540 0.1814
vn -0.1740 -0.9674 0.1842
vn -0.0171 -0.9911 -0.1323
vn -0.4888 0.5466 0.6799
vn 0.2900 0.5322 0.7954
vn -0.2213 0.6305 -0.7440
vn 0.3900 0.3340 -0.8581
vn -0.3230 0.8729 -0.3658
vn -0.3549 0.8908 -0.2838
vn -0.8650 -0.4121 -0.2863
vn -0.7903 -0.1081 -0.6031
vn 0.4862 0.2989 0.8211
vn 0.5672 0.2824 0.7736
vn 0.0707 0.3845 0.9204
vn -0.9266 -0.3465 -0.1463
vn -0.8033 -0.5838 -0.1183
vn -0.6994 -0.7088 -0.0914
vn -0.5935 -0.8028 -0.0583
vn -0.5412 -0.8400 -0.0387
vn -0.5658 -0.8231 -0.0490
vn -0.9376 -0.2991 -0.1771
vn -0.9763 0.1345 -0.1694
vn -0.9741 -0.1536 -0.1661
vn 0.9556 -0.2081 0.2085
vn -0.8554 0.4839 -0.1849
vn -0.8593 0.4763 -0.1865
vn -0.8216 0.5430 -0.1734
vn -0.0877 0.6310 0.7708
vn -0.8544 0.4860 -0.1837
vn 0.5031 0.4920 0.7105
vn 0.0014 -0.9898 -0.1428
vn -0.1766 -0.9809 -0.0817
vn 0.0985 -0.9818 -0.1624
vn 0.1304 -0.9776 -0.1654
vn -0.1792 -0.9742 -0.1375
vn -0.4297 0.8993 0.0807
s 0
f 4798//9409 4799//9409 4801//9409
f 4798//9410 4800//9410 4799//9410
f 4798//9411 4841//9411 4800//9411
f 4798//9412 4801//9412 4802//9412
f 4798//9413 4802//9413 4803//9413
f 4798//9414 4803//9414 4804//9414
f 4798//9415 4804//9415 4805//9415
f 4798//9416 4805//9416 4806//9416
f 4798//9417 4806//9417 4807//9417
f 4798//9418 4807//9418 4808//9418
f 4798//9419 4808//9419 4809//9419
f 4798//9420 4809//9420 4810//9420
f 4798//9421 4810//9421 4811//9421
f 4798//9422 4811//9422 4812//9422
f 4798//9423 4812//9423 4813//9423
f 4798//9424 4813//9424 4814//9424
f 4798//9425 4814//9425 4815//9425
f 4798//9426 4815//9426 4816//9426
f 4798//9427 4816//9427 4817//9427
f 4798//9428 4817//9428 4818//9428
f 4798//9429 4818//9429 4819//9429
f 4798//9430 4819//9430 4820//9430
f 4798//9431 4820//9431 4821//9431
f 4798//9432 4821//9432 4822//9432
f 4798//9433 4822//9433 4823//9433
f 4798//9434 4823//9434 4824//9434
f 4798//9435 4824//9435 4825//9435
f 4798//9436 4825//9436 4826//9436
f 4798//9437 4826//9437 4827//9437
f 4798//9438 4827//9438 4828//9438
f 4798//9439 4828//9439 4829//9439
f 4798//9440 4829//9440 4830//9440
f 4798//9441 4830//9441 4831//9441
f 4798//9442 4831//9442 4832//9442
f 4798//9443 4832//9443 4833//9443
f 4798//9444 4833//9444 4834//9444
f 4798//9445 4834//9445 4835//9445
f 4798//9446 4835//9446 4836//9446
f 4798//9447 4836//9447 4837//9447
f 4798//9448 4837//9448 4838//9448
f 4798//9449 4838//9449 4839//9449
f 4798//9450 4839//9450 4840//9450
f 4798//9451 4840//9451 4841//9451
f 4841//9452 4840//9452 4843//9452
f 4800//9453 4841//9453 4799//9453
f 4799//9454 4841//9454 4801//9454
f 4841//9455 4802//9455 4801//9455
f 4841//9456 4808//9456 4807//9456
f 4841//9457 4842//9457 4808//9457
f 4841//9458 4854//9458 4842//9458
f 4841//9459 4807//9459 4806//9459
f 4841//9460 4806//9460 4805//9460
f 4841//9461 4805//9461 4804//9461
f 4841//9462 4804//9462 4803//9462
f 4841//9463 4803//9463 4802//9463
f 4841//9464 4843//9464 4844//9464
f 4841//9465 4844//9465 4845//9465
f 4841//9466 4845//9466 4846//9466
f 4841//9467 4846//9467 4847//9467
f 4841//9468 4847//9468 4848//9468
f 4841//9469 4848//9469 4849//9469
f 4841//9470 4849//9470 4850//9470
f 4841//9471 4850//9471 4851//9471
f 4841//9472 4851//9472 4852//9472
f 4841//9473 4852//9473 4853//9473
f 4841//9474 4853//9474 4854//9474
f 4854//9475 4853//9475 4856//9475
f 4842//9476 4854//9476 4855//9476
f 4854//9477 4856//9477 4855//9477
f 4853//9478 4858//9478 4856//9478
f 4855//9479 4856//9479 4857//9479
f 4856//9480 4858//9480 4857//9480
f 4853//9481 4859//9481 4858//9481
f 4814//9482 4858//9482 4859//9482
f 4857//9483 4858//9483 4812//9483
f 4858//9484 4813//9484 4812//9484
f 4814//9485 4813//9485 4858//9485
f 4853//9486 4852//9486 4859//9486
f 4852//9487 4860//9487 4859//9487
f 4814//9488 4859//9488 4860//9488
f 4814//9489 4860//9489 4861//9489
f 4861//9490 4860//9490 4851//9490
f 4852//9491 4851//9491 4860//9491
f 4815//9492 4861//9492 4862//9492
f 4815//9493 4814//9493 4861//9493
f 4861//9494 4864//9494 4862//9494
f 4861//9495 4851//9495 4863//9495
f 4861//9496 4863//9496 4864//9496
f 4863//9497 4866//9497 4864//9497
f 4862//9498 4864//9498 4865//9498
f 4864//9499 4868//9499 4865//9499
f 4864//9500 4866//9500 4867//9500
f 4864//9501 4867//9501 4868//9501
f 4862//9502 4868//9502 4869//9502
f 4862//9503 4865//9503 4868//9503
f 4869//9504 4868//9504 4870//9504
f 4868//9505 4867//9505 4870//9505
f 4869//9506 4870//9506 4871//9506
f 4870//9507 4872//9507 4871//9507
f 4870//9508 4867//9508 4873//9508
f 4870//9509 4847//9509 4872//9509
f 4870//9510 4873//9510 4847//9510
f 4866//9511 4873//9511 4867//9511
f 4847//9512 4873//9512 4848//9512
f 4873//9513 4874//9513 4848//9513
f 4866//9514 4874//9514 4873//9514
f 4866//9515 4848//9515 4874//9515
f 4877//9516 4872//9516 4847//9516
f 4871//9517 4872//9517 4875//9517
f 4876//9518 4875//9518 4872//9518
f 4876//9519 4872//9519 4877//9519
f 4826//9520 4877//9520 4878//9520
f 4826//9521 4876//9521 4877//9521
f 4846//9522 4878//9522 4877//9522
f 4846//9523 4877//9523 4847//9523
f 4826//9524 4878//9524 4827//9524
f 4878//9525 4828//9525 4827//9525
f 4846//9526 4828//9526 4878//9526
f 4826//9527 4875//9527 4876//9527
f 4826//9528 4879//9528 4875//9528
f 4871//9529 4875//9529 4879//9529
f 4880//9530 4879//9530 4826//9530
f 4880//9531 4871//9531 4879//9531
f 4881//9532 4880//9532 4826//9532
f 4881//9533 4869//9533 4880//9533
f 4869//9534 4871//9534 4880//9534
f 4816//9535 4881//9535 4883//9535
f 4816//9536 4882//9536 4881//9536
f 4884//9537 4881//9537 4882//9537
f 4881//9538 4825//9538 4883//9538
f 4884//9539 4869//9539 4881//9539
f 4881//9540 4826//9540 4825//9540
f 4816//9541 4884//9541 4882//9541
f 4816//9542 4815//9542 4884//9542
f 4815//9543 4862//9543 4884//9543
f 4884//9544 4862//9544 4869//9544
f 4816//9545 4883//9545 4823//9545
f 4823//9546 4883//9546 4824//9546
f 4883//9547 4825//9547 4824//9547
f 4863//9548 4849//9548 4866//9548
f 4849//9549 4848//9549 4866//9549
f 4851//9550 4850//9550 4863//9550
f 4863//9551 4850//9551 4849//9551
f 4855//9552 4857//9552 4811//9552
f 4857//9553 4812//9553 4811//9553
f 4842//9554 4855//9554 4809//9554
f 4855//9555 4810//9555 4809//9555
f 4855//9556 4811//9556 4810//9556
f 4845//9557 4833//9557 4846//9557
f 4833//9558 4832//9558 4846//9558
f 4846//9559 4832//9559 4831//9559
f 4846//9560 4831//9560 4830//9560
f 4846//9561 4830//9561 4829//9561
f 4846//9562 4829//9562 4828//9562
f 4844//9563 4835//9563 4845//9563
f 4835//9564 4834//9564 4845//9564
f 4845//9565 4834//9565 4833//9565
f 4843//9566 4835//9566 4844//9566
f 4838//9567 4843//9567 4839//9567
f 4838//9568 4837//9568 4843//9568
f 4837//9569 4836//9569 4843//9569
f 4843//9570 4840//9570 4839//9570
f 4843//9571 4836//9571 4835//9571
f 4842//9572 4809//9572 4808//9572
f 4817//9573 4823//9573 4822//9573
f 4817//9574 4816//9574 4823//9574
f 4817//9575 4822//9575 4821//9575
f 4817//9576 4821//9576 4820//9576
f 4817//9577 4820//9577 4819//9577
f 4818//9578 4817//9578 4819//9578
o geometry_9.048
v -0.007179 0.011348 -0.006177
v -0.007574 0.011397 -0.006167
v -0.007085 0.009921 -0.009629
v -0.008607 0.011376 -0.006067
v -0.008710 0.011394 -0.006108
v -0.009632 0.011211 -0.006050
v -0.011486 0.010729 -0.005950
v -0.011665 0.010662 -0.005944
v -0.012934 0.011391 -0.005963
v -0.013334 0.011144 -0.006075
v -0.014198 0.010727 -0.005740
v -0.014668 0.010083 -0.006026
v -0.015184 0.009526 -0.006009
v -0.015669 0.009124 -0.005656
v -0.019907 0.002778 -0.005953
v -0.019030 0.002261 -0.006314
v -0.021261 -0.004529 -0.006424
v -0.022865 -0.005107 -0.006754
v -0.022997 -0.006331 -0.006688
v -0.022739 -0.006647 -0.006864
v -0.022135 -0.007427 -0.006477
v -0.022142 -0.008539 -0.006773
v -0.022235 -0.014193 -0.007416
v -0.021467 -0.016363 -0.007667
v -0.021392 -0.016428 -0.007619
v -0.021020 -0.017251 -0.007664
v -0.020207 -0.018154 -0.007827
v -0.020090 -0.018223 -0.007791
v -0.010399 -0.025178 -0.008676
v -0.009350 -0.025602 -0.008807
v -0.008914 -0.026462 -0.008768
v -0.008389 -0.025418 -0.008905
v -0.006231 -0.027980 -0.008998
v -0.006188 -0.028005 -0.009004
v -0.005142 -0.028374 -0.009217
v -0.005039 -0.027873 -0.007915
v -0.004634 -0.027823 -0.008885
v -0.005660 -0.028461 -0.013509
v -0.005160 -0.029218 -0.013337
v -0.004252 -0.028741 -0.012831
v -0.008213 -0.025870 -0.012040
v -0.008293 -0.025623 -0.007339
v -0.008512 -0.025691 -0.012012
v -0.008932 -0.025433 -0.011975
v -0.010632 -0.024350 -0.011841
v -0.009532 -0.024887 -0.007218
v -0.010770 -0.024262 -0.011825
v -0.010943 -0.024131 -0.011814
v -0.012390 -0.023052 -0.011664
v -0.017859 -0.018290 -0.008802
v -0.019385 -0.017259 -0.006550
v -0.018681 -0.017626 -0.008619
v -0.019301 -0.017037 -0.008390
v -0.012933 -0.022679 -0.012043
v -0.017824 -0.018235 -0.009908
v -0.018386 -0.017675 -0.009682
v -0.015681 -0.020368 -0.011318
v -0.017080 -0.018658 -0.011819
v -0.017133 -0.018801 -0.011307
v -0.016372 -0.019462 -0.011582
v -0.017737 -0.018218 -0.010951
v -0.018120 -0.017581 -0.010516
v -0.019564 -0.016344 -0.008865
v -0.018369 -0.016657 -0.010680
v -0.019794 -0.015526 -0.008912
v -0.018383 -0.016904 -0.010783
v -0.018474 -0.016716 -0.010735
v -0.019979 -0.014078 -0.009082
v -0.020829 -0.012790 -0.007795
v -0.020270 -0.012769 -0.008841
v -0.019682 -0.013579 -0.009603
v -0.018729 -0.015900 -0.010630
v -0.019023 -0.014135 -0.010469
v -0.019120 -0.012680 -0.010371
v -0.019081 -0.012653 -0.010286
v -0.019773 -0.012743 -0.009533
v -0.019852 -0.011305 -0.009440
v -0.019881 -0.010372 -0.009338
v -0.019166 -0.011441 -0.010259
v -0.020357 -0.011372 -0.008713
v -0.021615 -0.008705 -0.006492
v -0.020952 -0.011395 -0.007687
v -0.021652 -0.007277 -0.006210
v -0.021591 -0.006408 -0.006016
v -0.019843 -0.009492 -0.009153
v -0.019054 -0.008528 -0.009696
v -0.018745 -0.008338 -0.010074
v -0.019755 -0.008613 -0.008943
v -0.018851 -0.007084 -0.009382
v -0.018879 -0.002758 -0.007438
v -0.017926 -0.007017 -0.010689
v -0.019819 -0.004297 -0.007110
v -0.018779 0.001034 -0.005759
v -0.020242 -0.003175 -0.006098
v -0.020493 -0.004377 -0.006362
v -0.021280 -0.005451 -0.005907
v -0.022583 -0.006014 -0.005122
v -0.014588 0.004174 -0.008460
v -0.014220 0.005029 -0.008200
v -0.018992 0.001956 -0.005077
v -0.019406 0.002095 -0.004746
v -0.014662 0.008140 -0.004916
v -0.014631 0.005543 -0.007218
v -0.012033 0.007198 -0.008546
v -0.012901 0.006644 -0.008164
v -0.013154 0.009555 -0.004971
v -0.014565 0.009415 -0.004343
v -0.010628 0.008554 -0.008417
v -0.010658 0.009787 -0.006962
v -0.012838 0.010999 -0.004233
v -0.009885 0.009391 -0.007875
v -0.010021 0.009791 -0.007286
v -0.009683 0.007870 -0.009506
v -0.010670 0.007449 -0.009352
v -0.011115 0.007780 -0.008711
v -0.011472 0.006750 -0.009371
v -0.011539 0.006726 -0.009355
v -0.012210 0.006051 -0.009364
v -0.012571 0.005549 -0.009362
v -0.012497 0.006308 -0.008821
v -0.013333 0.005735 -0.008538
v -0.014788 0.001257 -0.009553
v -0.013934 0.003572 -0.009152
v -0.014785 0.003494 -0.008585
v -0.015659 0.000002 -0.010231
v -0.015333 -0.000911 -0.010695
v -0.017898 -0.005789 -0.009934
v -0.018189 -0.006549 -0.009983
v -0.017972 -0.007001 -0.010486
v -0.018627 -0.007986 -0.010064
v -0.019005 -0.009788 -0.010148
v -0.019345 -0.009914 -0.009739
v -0.019094 -0.010468 -0.010186
v -0.020645 -0.014120 -0.007709
v -0.020818 -0.013600 -0.007393
v -0.020200 -0.015463 -0.008057
v -0.020565 -0.015732 -0.006266
v -0.019663 -0.016501 -0.008256
v -0.020825 -0.013572 -0.007397
v -0.020971 -0.014236 -0.006269
v -0.020021 -0.016802 -0.006337
v -0.004608 -0.027726 -0.007731
vn 0.0776 0.4432 0.8931
vn 0.1057 0.9200 -0.3773
vn 0.9988 0.0485 0.0072
vn -0.0424 -0.9510 -0.3064
vn 0.0473 0.0765 0.9959
vn 0.0511 0.0107 0.9986
vn 0.0657 -0.0932 0.9935
vn -0.0378 -0.0903 -0.9952
vn 0.0298 -0.4541 0.8904
vn -0.0083 0.6371 0.7708
vn 0.0959 -0.4628 0.8813
vn 0.0175 0.0155 0.9997
vn -0.1575 0.7515 0.6407
vn 0.0883 -0.1053 0.9905
vn 0.2123 -0.2910 0.9329
vn 0.0011 -0.0166 0.9999
vn 0.2740 -0.2285 -0.9342
vn -0.1037 0.0641 0.9925
vn 0.2820 -0.2789 0.9180
vn -0.3021 0.2258 0.9261
vn 0.2920 -0.2474 0.9239
vn 0.1124 -0.1141 0.9871
vn 0.0709 -0.0900 0.9934
vn -0.4213 0.1693 0.8910
vn 0.0028 -0.0533 0.9986
vn 0.0914 -0.0958 0.9912
vn -0.2582 0.0601 0.9642
vn 0.0396 -0.0717 0.9966
vn 0.0928 -0.0761 0.9928
vn -0.2005 -0.0578 0.9780
vn 0.3986 -0.0809 0.9136
vn -0.0432 -0.0725 0.9964
vn 0.0951 -0.0689 0.9931
vn 0.1769 -0.0661 0.9820
vn -0.9931 -0.0587 0.1016
vn 0.9220 0.0332 0.3858
vn 0.9709 0.0787 -0.2263
vn -0.5437 -0.1721 0.8215
vn 0.8174 0.5653 0.1108
vn -0.4406 -0.1061 0.8914
vn -0.0254 0.7496 -0.6614
vn -0.1455 0.0711 -0.9868
vn -0.5823 -0.8123 0.0327
vn 0.5890 -0.1936 0.7846
vn -0.0143 0.8650 -0.5016
vn 0.7594 0.3606 -0.5416
vn -0.5104 -0.8592 0.0364
vn -0.0428 -0.9989 0.0165
vn -0.0466 0.0685 -0.9966
vn -0.0531 0.0688 -0.9962
vn -0.5277 -0.8416 -0.1147
vn -0.0352 0.0680 -0.9971
vn -0.5352 -0.8442 0.0295
vn -0.9910 0.0347 -0.1290
vn 0.3111 0.8793 -0.3606
vn 0.6438 -0.7273 -0.2376
vn -0.0706 0.0715 -0.9949
vn -0.5430 -0.8213 -0.1747
vn -0.0133 0.0655 -0.9978
vn -0.6040 -0.7816 -0.1560
vn -0.0508 0.0697 -0.9963
vn -0.5651 -0.7906 0.2358
vn -0.6717 -0.7299 -0.1269
vn -0.6722 -0.7303 -0.1214
vn -0.6369 -0.7667 -0.0808
vn -0.5966 -0.7851 0.1664
vn -0.7065 -0.6981 -0.1166
vn -0.7093 -0.6895 -0.1462
vn -0.6162 -0.7791 0.1152
vn -0.6975 -0.7045 -0.1313
vn -0.7301 -0.6554 -0.1934
vn -0.7256 -0.6752 -0.1330
vn -0.5661 -0.7675 0.3008
vn -0.7444 -0.6516 -0.1456
vn 0.8010 0.5500 0.2367
vn 0.6852 0.6800 0.2609
vn 0.0199 -0.2660 -0.9638
vn -0.2300 0.1367 -0.9635
vn 0.3149 -0.0365 -0.9484
vn -0.3642 0.1808 -0.9136
vn -0.1289 -0.6110 0.7811
vn -0.8274 -0.4637 -0.3169
vn -0.7985 -0.5141 -0.3133
vn -0.8183 -0.3074 -0.4857
vn -0.8902 -0.3012 -0.3417
vn -0.8265 -0.2604 -0.4992
vn 0.6192 -0.3323 0.7114
vn -0.4416 -0.3240 0.8366
vn -0.2241 0.1359 -0.9651
vn -0.0921 0.0815 -0.9924
vn -0.9001 -0.3820 -0.2097
vn -0.8428 -0.1681 -0.5114
vn -0.8907 -0.1639 -0.4241
vn -0.8761 -0.1087 -0.4698
vn -0.8297 -0.0832 -0.5519
vn -0.8674 -0.2130 -0.4497
vn -0.8250 -0.0921 -0.5577
vn -0.0851 0.0769 -0.9934
vn -0.1160 0.0907 -0.9891
vn -0.8178 -0.0839 -0.5694
vn -0.0576 0.0633 -0.9963
vn -0.8950 -0.0892 0.4371
vn -0.7390 0.0534 -0.6716
vn -0.8062 -0.0373 -0.5905
vn -0.8115 -0.0073 -0.5843
vn -0.7370 0.0027 -0.6759
vn -0.8103 -0.0383 -0.5847
vn -0.8228 0.0371 -0.5671
vn -0.7618 0.0477 -0.6461
vn -0.7638 0.0294 -0.6448
vn -0.8219 0.0017 -0.5697
vn -0.5969 -0.6427 0.4803
vn -0.8370 0.0581 -0.5441
vn 0.4989 0.6813 -0.5357
vn -0.8465 -0.1941 -0.4957
vn -0.8648 -0.0072 -0.5021
vn -0.5948 0.0095 -0.8038
vn -0.8811 -0.0413 -0.4711
vn -0.8267 0.0884 -0.5556
vn 0.4298 0.1854 -0.8837
vn 0.5107 0.2178 -0.8317
vn 0.4359 0.1668 -0.8844
vn -0.7659 0.1906 -0.6141
vn -0.7830 0.1595 -0.6012
vn -0.7254 0.2285 -0.6493
vn -0.7981 0.3995 -0.4511
vn -0.7318 0.1696 -0.6600
vn -0.7392 0.2263 -0.6344
vn -0.7271 0.2454 -0.6412
vn -0.7238 0.2420 -0.6462
vn -0.7005 0.2888 -0.6527
vn -0.7975 0.2431 -0.5522
vn -0.7993 0.2325 -0.5540
vn -0.7188 0.2719 -0.6398
vn -0.7122 0.2998 -0.6347
vn -0.7158 0.2995 -0.6308
vn -0.7262 0.2892 -0.6237
vn -0.7267 0.2865 -0.6244
vn -0.7299 0.2891 -0.6194
vn -0.7912 0.3170 -0.5229
vn -0.7915 0.3172 -0.5223
vn -0.5746 0.2394 -0.7826
vn -0.5805 0.2767 -0.7658
vn 0.7931 -0.4637 -0.3949
vn 0.9657 -0.1168 -0.2319
vn 0.1661 0.9571 -0.2375
vn -0.6989 0.4660 -0.5425
vn -0.6697 0.3154 -0.6723
vn -0.6589 0.3427 -0.6696
vn 0.7932 0.4699 -0.3874
vn 0.5498 0.4352 0.7130
vn -0.9192 -0.3023 -0.2524
vn -0.5878 0.3496 -0.7296
vn -0.1896 -0.0328 0.9813
vn 0.9317 -0.3093 0.1905
vn 0.4888 -0.3211 -0.8112
vn -0.6731 0.4858 -0.5575
vn -0.6761 0.4981 -0.5429
vn -0.7013 0.4679 -0.5377
vn -0.5736 0.5896 -0.5686
vn -0.6040 0.5470 -0.5796
vn -0.6246 0.5232 -0.5798
vn -0.4055 0.4005 -0.8217
vn 0.9360 0.0822 -0.3424
vn -0.0430 -0.6285 -0.7766
vn 0.4153 -0.2363 -0.8784
vn -0.2435 -0.6742 -0.6973
vn 0.8314 -0.4970 -0.2484
vn 0.6947 -0.6529 -0.3019
vn -0.5093 0.6513 -0.5624
vn -0.5405 0.6145 -0.5746
vn -0.5773 0.4683 -0.6689
vn 0.7115 0.1898 -0.6766
vn -0.6113 -0.7785 -0.1425
vn 0.5556 -0.8037 -0.2130
vn 0.3733 -0.9115 -0.1724
vn 0.0571 0.9904 0.1261
vn -0.5201 0.5295 -0.6701
vn -0.3551 0.7095 -0.6087
vn -0.3981 0.4862 -0.7779
vn 0.4863 0.8400 -0.2407
vn -0.2470 0.6005 -0.7606
vn -0.4947 0.6436 -0.5840
vn -0.2136 0.6739 -0.7073
vn -0.4557 0.7324 -0.5059
vn -0.4500 0.5264 -0.7214
vn -0.3688 0.6085 -0.7026
vn -0.5103 0.5667 -0.6469
vn -0.4760 0.5577 -0.6800
vn -0.4937 0.5840 -0.6444
vn -0.4874 0.5845 -0.6487
vn -0.3727 0.4493 -0.8119
vn 0.3472 -0.4116 0.8426
vn -0.3925 0.6697 -0.6304
vn -0.2334 0.2445 -0.9412
vn -0.5376 0.5430 -0.6451
vn -0.1068 0.0734 -0.9916
vn -0.5951 0.4262 -0.6813
vn -0.6361 0.5107 -0.5785
vn -0.5855 0.5677 -0.5788
vn -0.6071 0.4560 -0.6508
vn -0.6015 0.5311 -0.5968
vn -0.5646 0.4981 -0.6581
vn -0.6360 0.5320 -0.5590
vn -0.6108 0.4593 -0.6450
vn -0.1406 0.1163 -0.9832
vn -0.6158 0.3495 -0.7062
vn -0.5512 0.2972 -0.7797
vn -0.5436 0.3339 -0.7701
vn -0.5475 0.3020 -0.7804
vn -0.6723 0.3175 -0.6687
vn -0.6786 0.3233 -0.6595
vn 0.1419 0.3928 -0.9086
vn 0.0539 -0.4367 0.8980
vn -0.7951 0.3396 -0.5025
vn 0.2262 -0.1370 -0.9644
vn -0.1486 0.1212 -0.9814
vn -0.6954 0.3091 -0.6487
vn 0.5906 -0.1880 0.7847
vn -0.6196 0.4318 -0.6555
vn 0.9513 0.2362 0.1982
vn 0.9043 -0.1121 0.4119
vn 0.8395 -0.5420 0.0370
vn 0.8529 -0.4668 0.2336
vn -0.0132 0.0328 -0.9994
vn -0.8077 0.2846 -0.5164
vn -0.4796 -0.2032 -0.8536
vn -0.7233 0.6408 -0.2571
vn 0.2615 -0.2755 0.9250
vn -0.0570 0.0607 -0.9965
vn -0.7830 0.1708 -0.5981
vn -0.6412 0.0817 -0.7631
vn -0.7491 0.4539 -0.4824
vn -0.0642 0.0650 -0.9958
vn -0.7193 0.1323 -0.6820
vn -0.0919 0.0813 -0.9924
vn -0.7232 0.1049 -0.6826
vn 0.3539 0.6575 -0.6652
vn 0.5860 0.0524 -0.8086
vn -0.0991 0.0853 -0.9914
vn -0.8626 -0.1504 -0.4830
vn -0.8813 -0.1507 -0.4478
vn -0.9621 -0.2348 -0.1388
vn -0.9493 -0.3143 -0.0009
vn -0.8922 -0.1895 -0.4100
vn -0.9454 -0.2332 -0.2276
vn -0.8802 -0.4091 -0.2407
vn -0.8791 -0.4071 -0.2481
vn 0.9545 0.2792 0.1043
vn -0.8774 -0.2689 -0.3973
vn -0.9295 -0.2527 -0.2685
vn -0.9441 -0.2162 -0.2489
vn 0.9639 0.2596 -0.0596
vn 0.6643 0.1789 -0.7257
vn 0.6714 0.0729 -0.7375
vn -0.8319 -0.5030 -0.2343
vn -0.8738 -0.4282 -0.2304
vn -0.8289 -0.4940 -0.2624
vn -0.6060 -0.7860 -0.1227
vn 0.3683 0.7605 -0.5348
vn 0.6711 0.3830 -0.6348
vn 0.7067 0.3526 -0.6134
vn 0.7035 0.3578 -0.6141
vn 0.7211 0.3261 -0.6112
vn -0.7985 -0.5156 -0.3107
vn -0.1717 0.1033 -0.9797
vn 0.5546 -0.0379 -0.8312
vn 0.3780 0.6149 -0.6921
vn 0.5130 0.5122 -0.6889
vn 0.4725 0.5495 -0.6890
vn 0.2628 -0.9620 0.0743
vn -0.5555 -0.8062 0.2036
vn -0.2937 0.9531 -0.0729
vn 0.1692 -0.9243 0.3421
vn 0.2131 0.8652 -0.4539
vn 0.3505 0.7243 -0.5937
vn 0.5043 0.4515 -0.7361
vn -0.1998 0.8678 -0.4551
vn 0.2663 0.9268 -0.2648
vn -0.0574 0.9154 -0.3984
s 0
f 4885//9579 4886//9579 4888//9579
f 4885//9580 4887//9580 4886//9580
f 4885//9581 4923//9581 4887//9581
f 4885//9582 4888//9582 4889//9582
f 4885//9583 4889//9583 4890//9583
f 4885//9584 4890//9584 4891//9584
f 4885//9585 4891//9585 4892//9585
f 4885//9586 4892//9586 4893//9586
f 4885//9587 4893//9587 4894//9587
f 4885//9588 4894//9588 4895//9588
f 4885//9589 4895//9589 4896//9589
f 4885//9590 4896//9590 4897//9590
f 4885//9591 4897//9591 4898//9591
f 4885//9592 4898//9592 4899//9592
f 4885//9593 4899//9593 4900//9593
f 4885//9594 4900//9594 4901//9594
f 4885//9595 4901//9595 4902//9595
f 4885//9596 4902//9596 4903//9596
f 4885//9597 4903//9597 4904//9597
f 4885//9598 4904//9598 4905//9598
f 4885//9599 4905//9599 4906//9599
f 4885//9600 4906//9600 4907//9600
f 4885//9601 4907//9601 4908//9601
f 4885//9602 4908//9602 4909//9602
f 4885//9603 4909//9603 4910//9603
f 4885//9604 4910//9604 4911//9604
f 4885//9605 4911//9605 4912//9605
f 4885//9606 4912//9606 4913//9606
f 4885//9607 4913//9607 4914//9607
f 4885//9608 4914//9608 4915//9608
f 4885//9609 4915//9609 4916//9609
f 4885//9610 4916//9610 4917//9610
f 4885//9611 4917//9611 4918//9611
f 4885//9612 4918//9612 4919//9612
f 4885//9613 4919//9613 4920//9613
f 4885//9614 4920//9614 4921//9614
f 4885//9615 4921//9615 4922//9615
f 4885//9616 4922//9616 4923//9616
f 4923//9617 4922//9617 4916//9617
f 4887//9618 4923//9618 4924//9618
f 4923//9619 4916//9619 4924//9619
f 4887//9620 4924//9620 4925//9620
f 4924//9621 4926//9621 4925//9621
f 4916//9622 4915//9622 4924//9622
f 4924//9623 4915//9623 4926//9623
f 4915//9624 4914//9624 4926//9624
f 4925//9625 4926//9625 4927//9625
f 4926//9626 4914//9626 4927//9626
f 4887//9627 4927//9627 4928//9627
f 4887//9628 4925//9628 4927//9628
f 4914//9629 4928//9629 4927//9629
f 4887//9630 4928//9630 4929//9630
f 4928//9631 4930//9631 4929//9631
f 4914//9632 4930//9632 4928//9632
f 4914//9633 4913//9633 4930//9633
f 4913//9634 4929//9634 4930//9634
f 4887//9635 4929//9635 4931//9635
f 4913//9636 4931//9636 4929//9636
f 4887//9637 4931//9637 4932//9637
f 4913//9638 4932//9638 4931//9638
f 4887//9639 4932//9639 4933//9639
f 4932//9640 4934//9640 4933//9640
f 4913//9641 4934//9641 4932//9641
f 4913//9642 4935//9642 4934//9642
f 4935//9643 4936//9643 4934//9643
f 4934//9644 4936//9644 4933//9644
f 4935//9645 4937//9645 4936//9645
f 4937//9646 4939//9646 4936//9646
f 4933//9647 4936//9647 4938//9647
f 4936//9648 4939//9648 4938//9648
f 4937//9649 4940//9649 4939//9649
f 4940//9650 4942//9650 4939//9650
f 4938//9651 4939//9651 4941//9651
f 4939//9652 4942//9652 4941//9652
f 4940//9653 4943//9653 4942//9653
f 4943//9654 4944//9654 4942//9654
f 4941//9655 4942//9655 4944//9655
f 4887//9656 4944//9656 4943//9656
f 4887//9657 4941//9657 4944//9657
f 4887//9658 4943//9658 4945//9658
f 4946//9659 4945//9659 4943//9659
f 4940//9660 4946//9660 4943//9660
f 4947//9661 4946//9661 4940//9661
f 4947//9662 4948//9662 4946//9662
f 4948//9663 4945//9663 4946//9663
f 4947//9664 4949//9664 4948//9664
f 4948//9665 4949//9665 4950//9665
f 4948//9666 4950//9666 4945//9666
f 4887//9667 4950//9667 4951//9667
f 4887//9668 4945//9668 4950//9668
f 4950//9669 4952//9669 4951//9669
f 4949//9670 4952//9670 4950//9670
f 4949//9671 4953//9671 4952//9671
f 4953//9672 4954//9672 4952//9672
f 4952//9673 4954//9673 4955//9673
f 4952//9674 4956//9674 4951//9674
f 4952//9675 4955//9675 4956//9675
f 4887//9676 4956//9676 4957//9676
f 4887//9677 4951//9677 4956//9677
f 4955//9678 4957//9678 4956//9678
f 4887//9679 4957//9679 4958//9679
f 4958//9680 4957//9680 4959//9680
f 4959//9681 4957//9681 4960//9681
f 4960//9682 4957//9682 4955//9682
f 4961//9683 4960//9683 4954//9683
f 4961//9684 4959//9684 4960//9684
f 4960//9685 4955//9685 4954//9685
f 4962//9686 4961//9686 4964//9686
f 4962//9687 4963//9687 4961//9687
f 4963//9688 4958//9688 4961//9688
f 4961//9689 4954//9689 4964//9689
f 4961//9690 4958//9690 4959//9690
f 4962//9691 4964//9691 4965//9691
f 4965//9692 4964//9692 4906//9692
f 4906//9693 4964//9693 4966//9693
f 4964//9694 4954//9694 4966//9694
f 4906//9695 4966//9695 4953//9695
f 4966//9696 4954//9696 4953//9696
f 4967//9697 4962//9697 4965//9697
f 4967//9698 4965//9698 4905//9698
f 4905//9699 4965//9699 4906//9699
f 4968//9700 4967//9700 4905//9700
f 4968//9701 4969//9701 4967//9701
f 4969//9702 4962//9702 4967//9702
f 4970//9703 4969//9703 4972//9703
f 4970//9704 4971//9704 4969//9704
f 4971//9705 4962//9705 4969//9705
f 4972//9706 4969//9706 4968//9706
f 4973//9707 4972//9707 4968//9707
f 4973//9708 4970//9708 4972//9708
f 4974//9709 4973//9709 4976//9709
f 4974//9710 4975//9710 4973//9710
f 4975//9711 4970//9711 4973//9711
f 4973//9712 4968//9712 4976//9712
f 4974//9713 4976//9713 4977//9713
f 4977//9714 4976//9714 4978//9714
f 4976//9715 4979//9715 4978//9715
f 4976//9716 4968//9716 4979//9716
f 4978//9717 4979//9717 4968//9717
f 4977//9718 4978//9718 4980//9718
f 4978//9719 4968//9719 4980//9719
f 4977//9720 4980//9720 4981//9720
f 4980//9721 4968//9721 4981//9721
f 4977//9722 4981//9722 4902//9722
f 4981//9723 4903//9723 4902//9723
f 4981//9724 4968//9724 4903//9724
f 4982//9725 4977//9725 4983//9725
f 4982//9726 4974//9726 4977//9726
f 4983//9727 4977//9727 4984//9727
f 4984//9728 4977//9728 4899//9728
f 4899//9729 4977//9729 4900//9729
f 4977//9730 4985//9730 4900//9730
f 4977//9731 4901//9731 4985//9731
f 4977//9732 4902//9732 4901//9732
f 4900//9733 4985//9733 4901//9733
f 4986//9734 4984//9734 4899//9734
f 4986//9735 4987//9735 4984//9735
f 4983//9736 4984//9736 4987//9736
f 4986//9737 4983//9737 4987//9737
f 4988//9738 4986//9738 4990//9738
f 4988//9739 4989//9739 4986//9739
f 4989//9740 4983//9740 4986//9740
f 4990//9741 4986//9741 4991//9741
f 4986//9742 4897//9742 4991//9742
f 4986//9743 4898//9743 4897//9743
f 4986//9744 4899//9744 4898//9744
f 4990//9745 4991//9745 4895//9745
f 4991//9746 4896//9746 4895//9746
f 4991//9747 4897//9747 4896//9747
f 4992//9748 4990//9748 4993//9748
f 4992//9749 4988//9749 4990//9749
f 4993//9750 4990//9750 4994//9750
f 4990//9751 4895//9751 4994//9751
f 4993//9752 4994//9752 4893//9752
f 4994//9753 4894//9753 4893//9753
f 4994//9754 4895//9754 4894//9754
f 4887//9755 4993//9755 4996//9755
f 4887//9756 4995//9756 4993//9756
f 4992//9757 4993//9757 4995//9757
f 4993//9758 4891//9758 4996//9758
f 4993//9759 4893//9759 4892//9759
f 4993//9760 4892//9760 4891//9760
f 4887//9761 4996//9761 4890//9761
f 4996//9762 4891//9762 4890//9762
f 4887//9763 4992//9763 4995//9763
f 4887//9764 4997//9764 4992//9764
f 4997//9765 4998//9765 4992//9765
f 4992//9766 4998//9766 4999//9766
f 4992//9767 4999//9767 4988//9767
f 4998//9768 5000//9768 4999//9768
f 4999//9769 5000//9769 4988//9769
f 4887//9770 5000//9770 4998//9770
f 4887//9771 5001//9771 5000//9771
f 4988//9772 5000//9772 5001//9772
f 4887//9773 5002//9773 5001//9773
f 4988//9774 5001//9774 5002//9774
f 4887//9775 5003//9775 5002//9775
f 5002//9776 5003//9776 4982//9776
f 4988//9777 5002//9777 5004//9777
f 5002//9778 5005//9778 5004//9778
f 5002//9779 4982//9779 5005//9779
f 4988//9780 5005//9780 4989//9780
f 4988//9781 5004//9781 5005//9781
f 5005//9782 4983//9782 4989//9782
f 5005//9783 4982//9783 4983//9783
f 4887//9784 5006//9784 5003//9784
f 5003//9785 5006//9785 5007//9785
f 5003//9786 5007//9786 4982//9786
f 5006//9787 5008//9787 5007//9787
f 4982//9788 5007//9788 5008//9788
f 4982//9789 5008//9789 4974//9789
f 5008//9790 5011//9790 4974//9790
f 5006//9791 5009//9791 5008//9791
f 5008//9792 5009//9792 5010//9792
f 5008//9793 5010//9793 5011//9793
f 4887//9794 5011//9794 5009//9794
f 4887//9795 5012//9795 5011//9795
f 4974//9796 5011//9796 5012//9796
f 5009//9797 5011//9797 5010//9797
f 4887//9798 5013//9798 5012//9798
f 5012//9799 5013//9799 4975//9799
f 4974//9800 5012//9800 4975//9800
f 4887//9801 5014//9801 5013//9801
f 4975//9802 5013//9802 5014//9802
f 4887//9803 4971//9803 5014//9803
f 5014//9804 4971//9804 4970//9804
f 4975//9805 5014//9805 4970//9805
f 4887//9806 5009//9806 5006//9806
f 4887//9807 4998//9807 4997//9807
f 4887//9808 5015//9808 4971//9808
f 4971//9809 5015//9809 5016//9809
f 4971//9810 5016//9810 4962//9810
f 5015//9811 4962//9811 5016//9811
f 4887//9812 5017//9812 5015//9812
f 5015//9813 5017//9813 4962//9813
f 4887//9814 4963//9814 5017//9814
f 4962//9815 5017//9815 4963//9815
f 4968//9816 4904//9816 4903//9816
f 4968//9817 4905//9817 4904//9817
f 4887//9818 4958//9818 4963//9818
f 4906//9819 4953//9819 5018//9819
f 4949//9820 5018//9820 4953//9820
f 4906//9821 5018//9821 5019//9821
f 5020//9822 5019//9822 5018//9822
f 5020//9823 5018//9823 4949//9823
f 5021//9824 5023//9824 5020//9824
f 5021//9825 5020//9825 5022//9825
f 5022//9826 5020//9826 4947//9826
f 5020//9827 5023//9827 5019//9827
f 4947//9828 5020//9828 4949//9828
f 5021//9829 5024//9829 5023//9829
f 4906//9830 5023//9830 5024//9830
f 4906//9831 5019//9831 5023//9831
f 5021//9832 4907//9832 5024//9832
f 4906//9833 5024//9833 4907//9833
f 5025//9834 5022//9834 4937//9834
f 5025//9835 5021//9835 5022//9835
f 4937//9836 5022//9836 4947//9836
f 4935//9837 5025//9837 4937//9837
f 4935//9838 4910//9838 5025//9838
f 4910//9839 5021//9839 5025//9839
f 4910//9840 4909//9840 5021//9840
f 4909//9841 4908//9841 5021//9841
f 5021//9842 4908//9842 4907//9842
f 4937//9843 4947//9843 4940//9843
f 4887//9844 4938//9844 4941//9844
f 4887//9845 4933//9845 4938//9845
f 4913//9846 4912//9846 4935//9846
f 4912//9847 4911//9847 4935//9847
f 4935//9848 4911//9848 4910//9848
f 5026//9849 4922//9849 4921//9849
f 5026//9850 4916//9850 4922//9850
f 4920//9851 5026//9851 4921//9851
f 4920//9852 4919//9852 5026//9852
f 4919//9853 4918//9853 5026//9853
f 5026//9854 4918//9854 4917//9854
f 5026//9855 4917//9855 4916//9855
f 4887//9856 4890//9856 4889//9856
f 4887//9857 4889//9857 4888//9857
f 4887//9858 4888//9858 4886//9858
o geometry_9.049
v 0.007507 0.014496 -0.010072
v -0.001934 0.013611 -0.009230
v -0.001439 0.013910 -0.009633
v -0.002364 0.013527 -0.008347
v -0.002884 0.013384 -0.006929
v -0.002860 0.013395 -0.006836
v -0.003016 0.013534 -0.005458
v -0.003084 0.013545 -0.006026
v 0.007641 0.014268 -0.006667
v 0.009843 -0.017256 -0.008800
v 0.008973 -0.017117 -0.007701
v 0.008211 -0.018125 -0.011249
v 0.008366 -0.018255 -0.013193
v 0.008330 -0.018294 -0.012639
v 0.007179 -0.024983 -0.012978
v 0.007054 -0.025237 -0.013005
v 0.006253 -0.026751 -0.013057
v 0.005681 -0.027784 -0.013168
v 0.005442 -0.028105 -0.013111
v 0.004973 -0.028651 -0.013141
v 0.004272 -0.029302 -0.013236
v 0.003872 -0.029521 -0.013140
v 0.003109 -0.029821 -0.013190
v 0.001606 -0.030118 -0.013150
v 0.000081 -0.030205 -0.013086
v -0.001424 -0.030209 -0.013036
v -0.001897 -0.030172 -0.012990
v -0.002971 -0.030053 -0.012970
v -0.003363 -0.029955 -0.012909
v -0.004195 -0.029700 -0.012872
v -0.004013 -0.029612 -0.012666
v -0.004933 -0.029221 -0.012596
v -0.005331 0.010320 -0.009709
v -0.004887 0.010759 -0.009573
v -0.004619 0.010907 -0.009697
v -0.005221 0.011658 -0.006307
v -0.004892 -0.028661 -0.008784
v -0.004271 -0.028874 -0.014059
v -0.003618 -0.028493 -0.012698
v -0.003985 -0.028520 -0.007716
v -0.003155 -0.028107 -0.010769
v -0.004587 -0.027803 -0.011464
v -0.003257 -0.028151 -0.011530
v -0.002575 -0.028361 -0.011570
v -0.005054 -0.028129 -0.013262
v -0.003661 -0.028429 -0.013535
v -0.002730 -0.028670 -0.013548
v -0.001281 -0.028536 -0.011600
v -0.001391 -0.028776 -0.013573
v 0.000021 -0.028762 -0.013634
v 0.000070 -0.028518 -0.011644
v 0.001405 -0.028713 -0.013720
v 0.002726 -0.028478 -0.013792
v 0.001409 -0.028401 -0.011721
v 0.001425 -0.028299 -0.010246
v 0.000116 -0.028439 -0.010210
v -0.001198 -0.028428 -0.010158
v 0.000221 -0.028788 -0.007967
v -0.001142 -0.028592 -0.009430
v 0.000512 -0.029807 -0.009311
v 0.001043 -0.029067 -0.009516
v 0.000355 -0.029822 -0.009391
v 0.002032 -0.028422 -0.009074
v 0.002072 -0.028056 -0.009332
v 0.001313 -0.028725 -0.008002
v 0.003025 -0.027922 -0.011271
v 0.002731 -0.027898 -0.010500
v 0.003212 -0.027951 -0.012191
v 0.002406 -0.028033 -0.010290
v 0.002584 -0.028022 -0.009605
v 0.002381 -0.027974 -0.009375
v 0.004416 -0.027638 -0.009427
v 0.003625 -0.027136 -0.008160
v 0.004191 -0.026687 -0.011215
v 0.003443 -0.027228 -0.010471
v 0.003635 -0.027385 -0.011717
v 0.004253 -0.026809 -0.012106
v 0.003997 -0.027679 -0.013802
v 0.004526 -0.027029 -0.013757
v 0.003462 -0.028212 -0.013809
v 0.005023 -0.026065 -0.013705
v 0.005942 -0.024330 -0.013606
v 0.006130 -0.023097 -0.011512
v 0.005645 -0.024111 -0.011617
v 0.006954 -0.021665 -0.009239
v 0.006595 -0.022964 -0.008226
v 0.007207 -0.020693 -0.009019
v 0.006875 -0.021117 -0.008779
v 0.007138 -0.023877 -0.009149
v 0.004027 -0.026551 -0.010503
v 0.002771 -0.028039 -0.011714
v -0.000650 -0.028979 -0.009469
v -0.001694 -0.028847 -0.009414
v -0.001057 -0.028653 -0.007936
v -0.001763 -0.028395 -0.009240
v -0.001926 -0.028200 -0.008942
v -0.002487 -0.028220 -0.010253
v -0.002895 -0.028035 -0.009836
v -0.002294 -0.028479 -0.007900
v -0.002756 -0.029495 -0.009215
v -0.002319 -0.028233 -0.009127
v -0.004106 -0.028863 -0.009260
v -0.003861 -0.027855 -0.007785
vn -0.0887 0.9947 0.0510
vn -0.0252 0.8168 0.5763
vn -0.0540 0.0784 -0.9955
vn -0.0855 0.9940 0.0688
vn -0.1320 0.9874 -0.0873
vn -0.1402 0.9834 -0.1148
vn 0.0784 -0.9965 -0.0289
vn -0.0630 0.9956 0.0691
vn 0.9968 0.0720 -0.0342
vn -0.7861 -0.0824 -0.6125
vn 0.9756 0.0289 -0.2176
vn 0.9968 0.0187 0.0782
vn -0.9976 -0.0198 -0.0667
vn -0.1386 0.0738 -0.9876
vn 0.0724 0.0726 -0.9947
vn -0.0770 0.0743 -0.9943
vn 0.0674 0.0700 -0.9953
vn -0.3365 0.0832 -0.9380
vn -0.0193 0.0721 -0.9972
vn 0.0728 0.0665 -0.9951
vn -0.2783 0.0896 -0.9563
vn 0.0395 0.0662 -0.9970
vn -0.0411 0.0742 -0.9964
vn -0.0464 0.0749 -0.9961
vn -0.0330 0.0727 -0.9968
vn -0.0916 0.0841 -0.9922
vn -0.0104 0.0673 -0.9977
vn -0.1298 0.0947 -0.9870
vn -0.0237 0.0694 -0.9973
vn -0.7732 0.1659 0.6121
vn -0.0458 0.0706 -0.9965
vn -0.0516 0.0722 -0.9961
vn -0.1695 0.4445 -0.8796
vn 0.2322 -0.8365 -0.4963
vn -0.5828 0.6605 -0.4735
vn -0.6556 0.6999 -0.2834
vn -0.5656 0.7050 -0.4278
vn -0.6568 0.7105 -0.2526
vn -0.9992 -0.0128 0.0373
vn -0.6830 0.7081 -0.1793
vn -0.6174 0.7386 -0.2707
vn 0.0403 -0.0609 0.9973
vn 0.0734 -0.2279 0.9709
vn 0.6658 -0.7402 -0.0939
vn 0.7584 0.0461 -0.6501
vn -0.6074 0.7806 -0.1473
vn -0.5842 0.8099 0.0523
vn 0.9144 -0.0553 0.4011
vn -0.8843 -0.1076 0.4543
vn -0.9969 -0.0281 -0.0736
vn 0.6209 0.7823 0.0499
vn -0.2315 0.9704 0.0682
vn 0.4290 -0.9033 -0.0054
vn -0.2574 -0.9559 -0.1415
vn -0.2356 -0.9437 0.2323
vn -0.2870 -0.9534 0.0934
vn -0.2782 -0.9422 0.1865
vn -0.1757 -0.9697 0.1697
vn 0.2708 0.5162 0.8125
vn 0.7350 -0.5298 -0.4233
vn 0.1207 0.4191 0.8999
vn -0.2450 -0.9548 0.1686
vn -0.1290 -0.9781 0.1632
vn -0.0755 -0.9894 0.1241
vn 0.1567 0.3765 0.9131
vn 0.2275 0.3411 0.9121
vn 0.0474 0.3777 0.9247
vn 0.0573 0.3673 0.9283
vn 0.0144 -0.9927 0.1195
vn 0.0369 0.3564 0.9336
vn 0.1190 0.3459 0.9307
vn 0.0299 0.3500 0.9363
vn 0.0170 -0.9925 0.1212
vn 0.0430 -0.9918 0.1205
vn 0.0193 0.3559 0.9343
vn 0.0436 0.3806 0.9237
vn -0.0221 0.4035 0.9147
vn 0.1808 -0.9718 0.1514
vn 0.0954 -0.9836 0.1534
vn -0.0486 0.3691 0.9281
vn 0.0489 -0.9965 0.0684
vn 0.1083 -0.9918 0.0674
vn 0.0905 -0.9945 0.0521
vn -0.0052 -0.9972 0.0749
vn 0.0150 -0.9984 0.0547
vn -0.0142 -0.9882 -0.1528
vn 0.1010 -0.9824 -0.1574
vn 0.1030 -0.9687 -0.2257
vn 0.5756 0.6862 -0.4448
vn -0.8837 -0.0056 -0.4681
vn 0.2092 0.8002 -0.5621
vn -0.7689 0.4181 -0.4837
vn -0.4548 0.0202 0.8904
vn -0.0678 -0.0503 0.9964
vn -0.4094 0.0023 0.9124
vn 0.5134 -0.1339 0.8477
vn 0.6040 -0.5021 -0.6190
vn -0.6969 0.7162 -0.0373
vn 0.8755 -0.4809 -0.0477
vn 0.5105 -0.8491 -0.1359
vn 0.3294 -0.9392 0.0966
vn 0.6515 -0.7086 0.2709
vn -0.0078 -0.9903 -0.1390
vn 0.2350 -0.9703 0.0579
vn 0.2641 -0.9621 0.0682
vn 0.2876 -0.8555 0.4305
vn 0.0396 -0.5791 -0.8143
vn 0.7300 -0.1339 0.6702
vn 0.7411 -0.1344 0.6578
vn -0.0844 -0.0590 0.9947
vn -0.1430 0.8864 -0.4402
vn 0.6479 -0.7617 0.0004
vn 0.5776 -0.8162 -0.0131
vn -0.7568 -0.6118 -0.2301
vn 0.8805 -0.4714 -0.0506
vn 0.3544 -0.9206 0.1641
vn 0.6947 -0.6924 0.1947
vn 0.7243 -0.6612 0.1953
vn 0.7220 -0.6770 0.1431
vn 0.7358 -0.6411 0.2181
vn 0.6857 -0.6948 0.2170
vn 0.7172 -0.6765 0.1671
vn 0.7519 -0.6257 0.2078
vn -0.3696 0.2392 0.8979
vn 0.6874 -0.6927 0.2182
vn -0.3114 0.3001 0.9016
vn 0.3371 -0.9198 0.2008
vn -0.3369 0.2297 0.9131
vn -0.1150 0.3787 0.9184
vn -0.0314 0.4471 0.8940
vn -0.2121 0.3912 0.8955
vn 0.8653 -0.4579 0.2042
vn -0.3926 0.1530 0.9069
vn -0.3896 0.1172 0.9135
vn -0.2408 0.3408 0.9088
vn -0.3469 0.2480 0.9045
vn -0.3913 0.1556 0.9070
vn 0.8615 -0.4675 0.1979
vn -0.4076 0.1009 0.9076
vn 0.9220 -0.3745 0.0985
vn 0.9096 -0.3885 0.1473
vn -0.4076 0.1008 0.9076
vn -0.3635 0.1615 0.9175
vn 0.8801 -0.4395 0.1799
vn 0.8602 -0.4768 0.1811
vn 0.9029 -0.4258 -0.0590
vn 0.8900 -0.4555 -0.0213
vn -0.5374 -0.0500 0.8419
vn 0.9564 -0.0390 0.2893
vn 0.8893 -0.4077 -0.2074
vn -0.7897 0.3236 -0.5212
vn 0.5958 0.5643 -0.5714
vn 0.8462 -0.5167 0.1298
vn 0.8908 -0.4500 -0.0633
vn -0.8260 0.5021 -0.2560
vn 0.9215 -0.3873 0.0293
vn 0.0048 -0.0672 0.9977
vn -0.6347 0.5230 -0.5689
vn -0.8402 0.0462 -0.5402
vn -0.1231 0.6685 -0.7335
vn -0.0126 -0.0647 0.9978
vn 0.6385 -0.4140 -0.6488
vn 0.5541 -0.7850 0.2772
vn 0.8907 0.4383 0.1209
vn 0.2726 -0.9593 0.0742
vn 0.5904 -0.7922 0.1547
vn 0.2651 -0.9532 0.1455
vn 0.3800 -0.9066 0.1834
vn -0.0244 0.0693 -0.9973
vn 0.6195 0.7748 0.1264
vn 0.0431 -0.0728 0.9964
vn 0.1145 0.9774 -0.1777
vn -0.6899 -0.7233 -0.0291
vn 0.5305 -0.8393 -0.1187
vn 0.6468 -0.1871 0.7394
vn 0.8553 -0.0683 0.5136
vn -0.8489 0.0774 -0.5229
vn -0.2423 -0.9629 0.1187
vn -0.1477 -0.9843 0.0967
vn -0.2887 -0.9474 0.1383
vn 0.0563 -0.9693 -0.2395
vn -0.8200 0.5548 -0.1407
vn -0.4296 0.0854 0.8990
vn 0.1533 0.8633 -0.4809
vn 0.1710 -0.0968 0.9805
vn -0.1101 -0.0317 0.9934
vn -0.0538 -0.0453 0.9975
vn 0.3406 0.6824 -0.6467
vn 0.4744 -0.1810 0.8615
vn -0.1177 0.8289 -0.5468
vn -0.8064 0.5421 -0.2364
vn 0.5349 -0.8407 -0.0841
vn 0.4234 -0.8456 -0.3251
vn 0.4859 -0.8538 0.1869
vn -0.2768 -0.9490 0.1506
vn -0.2543 -0.9597 0.1191
vn -0.1322 -0.9879 0.0814
vn 0.3299 -0.1430 -0.9331
vn 0.3295 0.9103 -0.2506
vn -0.8856 0.3221 0.3346
vn 0.3862 0.8428 0.3748
vn -0.9837 0.1719 -0.0522
s 0
f 5027//9859 5028//9859 5030//9859
f 5027//9860 5029//9860 5028//9860
f 5027//9861 5061//9861 5029//9861
f 5027//9862 5030//9862 5031//9862
f 5027//9863 5031//9863 5032//9863
f 5027//9864 5032//9864 5033//9864
f 5027//9865 5033//9865 5034//9865
f 5027//9866 5034//9866 5035//9866
f 5027//9867 5035//9867 5036//9867
f 5027//9868 5036//9868 5037//9868
f 5027//9869 5037//9869 5038//9869
f 5027//9870 5038//9870 5039//9870
f 5027//9871 5039//9871 5040//9871
f 5027//9872 5040//9872 5041//9872
f 5027//9873 5041//9873 5042//9873
f 5027//9874 5042//9874 5043//9874
f 5027//9875 5043//9875 5044//9875
f 5027//9876 5044//9876 5045//9876
f 5027//9877 5045//9877 5046//9877
f 5027//9878 5046//9878 5047//9878
f 5027//9879 5047//9879 5048//9879
f 5027//9880 5048//9880 5049//9880
f 5027//9881 5049//9881 5050//9881
f 5027//9882 5050//9882 5051//9882
f 5027//9883 5051//9883 5052//9883
f 5027//9884 5052//9884 5053//9884
f 5027//9885 5053//9885 5054//9885
f 5027//9886 5054//9886 5055//9886
f 5027//9887 5055//9887 5056//9887
f 5027//9888 5056//9888 5057//9888
f 5027//9889 5057//9889 5058//9889
f 5027//9890 5058//9890 5059//9890
f 5027//9891 5059//9891 5060//9891
f 5027//9892 5060//9892 5061//9892
f 5028//9893 5061//9893 5060//9893
f 5029//9894 5061//9894 5028//9894
f 5030//9895 5060//9895 5059//9895
f 5028//9896 5060//9896 5030//9896
f 5062//9897 5059//9897 5058//9897
f 5030//9898 5059//9898 5031//9898
f 5062//9899 5031//9899 5059//9899
f 5035//9900 5062//9900 5063//9900
f 5035//9901 5034//9901 5062//9901
f 5034//9902 5033//9902 5062//9902
f 5062//9903 5066//9903 5063//9903
f 5033//9904 5032//9904 5062//9904
f 5062//9905 5032//9905 5031//9905
f 5062//9906 5058//9906 5064//9906
f 5062//9907 5064//9907 5065//9907
f 5062//9908 5065//9908 5066//9908
f 5066//9909 5065//9909 5068//9909
f 5063//9910 5066//9910 5067//9910
f 5066//9911 5069//9911 5067//9911
f 5066//9912 5068//9912 5069//9912
f 5068//9913 5071//9913 5069//9913
f 5067//9914 5069//9914 5070//9914
f 5069//9915 5072//9915 5070//9915
f 5069//9916 5071//9916 5072//9916
f 5057//9917 5072//9917 5071//9917
f 5057//9918 5056//9918 5072//9918
f 5056//9919 5073//9919 5072//9919
f 5070//9920 5072//9920 5073//9920
f 5070//9921 5073//9921 5074//9921
f 5073//9922 5075//9922 5074//9922
f 5056//9923 5055//9923 5073//9923
f 5073//9924 5055//9924 5054//9924
f 5073//9925 5054//9925 5075//9925
f 5054//9926 5053//9926 5075//9926
f 5074//9927 5075//9927 5076//9927
f 5075//9928 5051//9928 5076//9928
f 5075//9929 5053//9929 5052//9929
f 5075//9930 5052//9930 5051//9930
f 5074//9931 5076//9931 5077//9931
f 5076//9932 5078//9932 5077//9932
f 5076//9933 5051//9933 5050//9933
f 5076//9934 5050//9934 5078//9934
f 5079//9935 5078//9935 5049//9935
f 5079//9936 5080//9936 5078//9936
f 5077//9937 5078//9937 5080//9937
f 5049//9938 5078//9938 5050//9938
f 5079//9939 5081//9939 5080//9939
f 5082//9940 5080//9940 5081//9940
f 5077//9941 5080//9941 5082//9941
f 5074//9942 5082//9942 5083//9942
f 5074//9943 5077//9943 5082//9943
f 5083//9944 5082//9944 5084//9944
f 5082//9945 5081//9945 5084//9945
f 5083//9946 5084//9946 5085//9946
f 5084//9947 5088//9947 5085//9947
f 5084//9948 5081//9948 5087//9948
f 5084//9949 5086//9949 5088//9949
f 5084//9950 5087//9950 5086//9950
f 5035//9951 5088//9951 5086//9951
f 5035//9952 5085//9952 5088//9952
f 5035//9953 5087//9953 5089//9953
f 5035//9954 5086//9954 5087//9954
f 5090//9955 5089//9955 5087//9955
f 5090//9956 5087//9956 5091//9956
f 5087//9957 5081//9957 5091//9957
f 5090//9958 5091//9958 5081//9958
f 5092//9959 5090//9959 5094//9959
f 5092//9960 5093//9960 5090//9960
f 5096//9961 5090//9961 5093//9961
f 5094//9962 5090//9962 5095//9962
f 5090//9963 5081//9963 5095//9963
f 5096//9964 5097//9964 5090//9964
f 5090//9965 5097//9965 5089//9965
f 5035//9966 5097//9966 5096//9966
f 5035//9967 5089//9967 5097//9967
f 5035//9968 5096//9968 5098//9968
f 5098//9969 5096//9969 5099//9969
f 5099//9970 5096//9970 5093//9970
f 5100//9971 5099//9971 5101//9971
f 5100//9972 5098//9972 5099//9972
f 5099//9973 5092//9973 5101//9973
f 5099//9974 5093//9974 5092//9974
f 5100//9975 5101//9975 5102//9975
f 5102//9976 5101//9976 5092//9976
f 5103//9977 5100//9977 5102//9977
f 5103//9978 5102//9978 5104//9978
f 5102//9979 5094//9979 5104//9979
f 5102//9980 5092//9980 5094//9980
f 5103//9981 5104//9981 5105//9981
f 5104//9982 5046//9982 5105//9982
f 5104//9983 5094//9983 5106//9983
f 5104//9984 5106//9984 5046//9984
f 5094//9985 5079//9985 5106//9985
f 5046//9986 5106//9986 5047//9986
f 5106//9987 5079//9987 5049//9987
f 5106//9988 5048//9988 5047//9988
f 5106//9989 5049//9989 5048//9989
f 5103//9990 5105//9990 5107//9990
f 5107//9991 5105//9991 5043//9991
f 5043//9992 5105//9992 5044//9992
f 5105//9993 5045//9993 5044//9993
f 5105//9994 5046//9994 5045//9994
f 5108//9995 5107//9995 5043//9995
f 5108//9996 5103//9996 5107//9996
f 5039//9997 5108//9997 5041//9997
f 5039//9998 5038//9998 5108//9998
f 5038//9999 5109//9999 5108//9999
f 5041//10000 5108//10000 5042//10000
f 5108//10001 5043//10001 5042//10001
f 5108//10002 5109//10002 5110//10002
f 5108//10003 5110//10003 5103//10003
f 5111//10004 5110//10004 5109//10004
f 5111//10005 5103//10005 5110//10005
f 5035//10006 5111//10006 5113//10006
f 5035//10007 5112//10007 5111//10007
f 5111//10008 5112//10008 5100//10008
f 5113//10009 5111//10009 5114//10009
f 5114//10010 5111//10010 5109//10010
f 5111//10011 5100//10011 5103//10011
f 5037//10012 5114//10012 5038//10012
f 5037//10013 5113//10013 5114//10013
f 5038//10014 5114//10014 5109//10014
f 5035//10015 5113//10015 5036//10015
f 5036//10016 5113//10016 5037//10016
f 5035//10017 5115//10017 5112//10017
f 5112//10018 5115//10018 5100//10018
f 5035//10019 5098//10019 5115//10019
f 5115//10020 5098//10020 5116//10020
f 5100//10021 5115//10021 5116//10021
f 5100//10022 5116//10022 5098//10022
f 5094//10023 5095//10023 5117//10023
f 5095//10024 5079//10024 5117//10024
f 5095//10025 5081//10025 5079//10025
f 5094//10026 5117//10026 5079//10026
f 5035//10027 5118//10027 5085//10027
f 5083//10028 5085//10028 5118//10028
f 5035//10029 5119//10029 5118//10029
f 5118//10030 5119//10030 5120//10030
f 5083//10031 5118//10031 5120//10031
f 5083//10032 5120//10032 5119//10032
f 5035//10033 5121//10033 5119//10033
f 5122//10034 5119//10034 5121//10034
f 5083//10035 5119//10035 5122//10035
f 5070//10036 5122//10036 5123//10036
f 5070//10037 5083//10037 5122//10037
f 5123//10038 5122//10038 5124//10038
f 5124//10039 5122//10039 5125//10039
f 5125//10040 5122//10040 5126//10040
f 5126//10041 5122//10041 5127//10041
f 5122//10042 5121//10042 5127//10042
f 5035//10043 5127//10043 5121//10043
f 5035//10044 5126//10044 5127//10044
f 5035//10045 5128//10045 5126//10045
f 5128//10046 5125//10046 5126//10046
f 5035//10047 5063//10047 5128//10047
f 5063//10048 5129//10048 5128//10048
f 5067//10049 5128//10049 5129//10049
f 5067//10050 5124//10050 5128//10050
f 5128//10051 5124//10051 5125//10051
f 5063//10052 5067//10052 5129//10052
f 5067//10053 5123//10053 5124//10053
f 5067//10054 5070//10054 5123//10054
f 5070//10055 5074//10055 5083//10055
f 5057//10056 5071//10056 5065//10056
f 5065//10057 5071//10057 5068//10057
f 5057//10058 5065//10058 5064//10058
f 5058//10059 5057//10059 5064//10059
f 5040//10060 5039//10060 5041//10060
o geometry_9.050
v -0.013412 -0.018512 -0.018891
v -0.013060 -0.019054 -0.018527
v -0.013330 -0.018487 -0.018832
v -0.012618 -0.019134 -0.019203
v -0.012515 -0.019093 -0.019280
v -0.011768 -0.018713 -0.019881
v -0.011353 -0.017917 -0.020794
v -0.011096 -0.018184 -0.020627
v -0.010517 -0.018073 -0.021110
v 0.000698 -0.017485 -0.021582
v 0.003302 -0.017410 -0.019933
v 0.005354 -0.016806 -0.019874
v 0.005341 -0.014381 -0.019761
v -0.010213 -0.015237 -0.019317
v -0.010780 -0.015417 -0.019299
v -0.011833 -0.015827 -0.019229
v -0.012633 -0.016355 -0.019007
v -0.012869 -0.016778 -0.018927
v -0.013162 -0.018348 -0.018060
v -0.012251 -0.018179 -0.018946
v -0.009619 -0.015001 -0.021025
v 0.005266 -0.014247 -0.021715
v -0.011552 -0.018124 -0.019637
v -0.010209 -0.015266 -0.021686
v 0.005262 -0.016354 -0.021809
v 0.005517 -0.015960 -0.021921
v 0.005791 -0.016383 -0.019758
vn 0.6584 0.6648 0.3529
vn 0.6076 -0.1321 -0.7832
vn 0.6145 -0.2082 -0.7609
vn 0.5156 0.2478 0.8202
vn 0.5209 0.2609 0.8128
vn 0.4810 0.5410 0.6899
vn -0.3506 -0.7161 -0.6035
vn 0.2510 0.8332 0.4928
vn 0.0461 -0.9896 -0.1359
vn 0.0625 -0.9966 -0.0529
vn 0.0821 -0.3699 0.9255
vn 0.0564 -0.0461 0.9973
vn 0.0225 0.1071 0.9940
vn -0.0152 0.1433 0.9896
vn 0.0223 0.1120 0.9935
vn 0.3027 -0.0583 0.9513
vn 0.5593 -0.1585 0.8136
vn -0.6038 0.1909 -0.7739
vn 0.9509 -0.2654 -0.1591
vn -0.6438 -0.2744 -0.7143
vn -0.4570 -0.1899 -0.8690
vn -0.5805 0.7170 -0.3860
vn -0.7025 0.1234 -0.7009
vn -0.0477 0.0262 -0.9985
vn -0.0442 0.0406 -0.9982
vn -0.6491 0.2100 -0.7311
vn -0.0472 0.9964 0.0704
vn -0.8600 0.5070 -0.0569
vn 0.3749 -0.9264 0.0360
vn 0.3189 -0.2617 -0.9110
vn -0.3980 0.9173 -0.0118
vn -0.0512 0.9916 0.1191
vn -0.3644 0.9308 -0.0281
vn -0.3033 0.9528 -0.0121
vn -0.6346 0.4830 -0.6033
vn -0.9221 0.3760 -0.0910
vn -0.0607 0.0447 -0.9972
vn 0.9993 0.0001 -0.0385
vn 0.7394 -0.3100 0.5977
vn 0.2157 -0.9299 -0.2979
vn -0.7915 0.5732 0.2122
vn 0.9989 0.0075 -0.0457
vn -0.7086 0.6789 0.1923
vn -0.0699 0.3302 -0.9413
vn 0.3851 -0.8954 -0.2237
vn -0.6718 0.4180 -0.6115
vn -0.6890 0.4163 -0.5933
vn 0.5687 0.7787 -0.2649
vn -0.6439 0.4519 -0.6174
vn -0.7212 -0.5612 -0.4061
s 0
f 5130//10061 5131//10061 5133//10061
f 5130//10062 5132//10062 5131//10062
f 5130//10063 5147//10063 5132//10063
f 5130//10064 5133//10064 5134//10064
f 5130//10065 5134//10065 5135//10065
f 5130//10066 5135//10066 5136//10066
f 5130//10067 5136//10067 5137//10067
f 5130//10068 5137//10068 5138//10068
f 5130//10069 5138//10069 5139//10069
f 5130//10070 5139//10070 5140//10070
f 5130//10071 5140//10071 5141//10071
f 5130//10072 5141//10072 5142//10072
f 5130//10073 5142//10073 5143//10073
f 5130//10074 5143//10074 5144//10074
f 5130//10075 5144//10075 5145//10075
f 5130//10076 5145//10076 5146//10076
f 5130//10077 5146//10077 5147//10077
f 5147//10078 5146//10078 5150//10078
f 5132//10079 5147//10079 5148//10079
f 5147//10080 5149//10080 5148//10080
f 5147//10081 5150//10081 5149//10081
f 5146//10082 5145//10082 5150//10082
f 5149//10083 5150//10083 5152//10083
f 5139//10084 5150//10084 5151//10084
f 5139//10085 5138//10085 5150//10085
f 5150//10086 5138//10086 5137//10086
f 5150//10087 5142//10087 5151//10087
f 5150//10088 5136//10088 5152//10088
f 5150//10089 5145//10089 5153//10089
f 5150//10090 5137//10090 5136//10090
f 5150//10091 5153//10091 5143//10091
f 5150//10092 5143//10092 5142//10092
f 5145//10093 5144//10093 5153//10093
f 5153//10094 5144//10094 5143//10094
f 5149//10095 5152//10095 5135//10095
f 5152//10096 5136//10096 5135//10096
f 5139//10097 5151//10097 5154//10097
f 5154//10098 5151//10098 5142//10098
f 5140//10099 5154//10099 5155//10099
f 5140//10100 5139//10100 5154//10100
f 5154//10101 5156//10101 5155//10101
f 5154//10102 5142//10102 5141//10102
f 5154//10103 5141//10103 5156//10103
f 5140//10104 5156//10104 5141//10104
f 5140//10105 5155//10105 5156//10105
f 5148//10106 5149//10106 5134//10106
f 5149//10107 5135//10107 5134//10107
f 5132//10108 5148//10108 5133//10108
f 5148//10109 5134//10109 5133//10109
f 5132//10110 5133//10110 5131//10110
o geometry_9.051
v -0.000243 -0.028601 -0.020541
v -0.000167 -0.028322 -0.018680
v -0.000916 -0.028768 -0.019852
v -0.000108 -0.028350 -0.020694
v 0.000596 -0.028687 -0.019899
v 0.000803 -0.027307 -0.019597
v 0.000454 -0.027695 -0.020287
v 0.002732 -0.027864 -0.020312
v 0.003675 -0.027011 -0.020568
v 0.003849 -0.026774 -0.020456
v 0.004115 -0.026247 -0.020340
v 0.003152 -0.024685 -0.020015
v 0.003091 -0.024628 -0.020047
v 0.002561 -0.019388 -0.019697
v -0.014685 -0.019895 -0.018589
v -0.013258 -0.019579 -0.019092
v -0.013588 -0.020059 -0.018922
v -0.013752 -0.022230 -0.019375
v -0.013050 -0.023335 -0.019296
v -0.013227 -0.022300 -0.018871
v -0.011773 -0.024476 -0.019819
v -0.011599 -0.024632 -0.019838
v -0.010464 -0.025267 -0.019486
v -0.009878 -0.025844 -0.019871
v -0.009127 -0.026327 -0.019890
v -0.008496 -0.026684 -0.019892
v -0.006445 -0.026397 -0.020193
v -0.006018 -0.026619 -0.019792
v -0.006108 -0.027631 -0.020170
v -0.005561 -0.027875 -0.020069
v -0.004602 -0.028180 -0.019917
v -0.003490 -0.027056 -0.020174
v -0.003061 -0.027144 -0.020219
v -0.001970 -0.027361 -0.020219
v -0.001871 -0.028306 -0.019258
v -0.003359 -0.025327 -0.021691
v -0.004762 -0.024840 -0.022864
v -0.002912 -0.026164 -0.022171
v -0.005376 -0.024738 -0.021684
v -0.004361 -0.026826 -0.019053
v -0.005103 -0.026184 -0.022118
v -0.005817 -0.024709 -0.021555
v -0.007665 -0.023465 -0.021346
v -0.009563 -0.023638 -0.019823
v -0.008534 -0.025694 -0.018524
v -0.009827 -0.023922 -0.019115
v -0.011245 -0.024295 -0.018070
v -0.010513 -0.023374 -0.019080
v -0.010987 -0.022467 -0.019654
v -0.009170 -0.022167 -0.021186
v -0.011287 -0.022663 -0.018990
v -0.011893 -0.022098 -0.018782
v -0.011213 -0.021840 -0.019749
v -0.009699 -0.021593 -0.021121
v -0.010277 -0.020523 -0.021020
v -0.010462 -0.019397 -0.020905
v -0.010710 -0.020475 -0.020578
v -0.011277 -0.018543 -0.020928
v -0.011552 -0.020570 -0.019830
v -0.012038 -0.018604 -0.020174
v -0.011911 -0.019873 -0.021775
v -0.012056 -0.019816 -0.021666
v -0.010585 -0.019593 -0.022450
v -0.010512 -0.018493 -0.021486
v -0.012734 -0.019903 -0.021006
v -0.013487 -0.020002 -0.020211
v -0.012729 -0.018659 -0.019508
v -0.013570 -0.019977 -0.020118
v -0.013552 -0.018937 -0.018411
v -0.013971 -0.020187 -0.019416
v -0.012178 -0.020597 -0.019206
v -0.012883 -0.021926 -0.018092
v -0.012819 -0.020624 -0.018371
v 0.000374 -0.019393 -0.021675
v 0.000311 -0.021705 -0.021526
v 0.000298 -0.023154 -0.021630
v 0.000174 -0.023625 -0.021648
v 0.003526 -0.026101 -0.018858
v 0.003507 -0.027073 -0.018868
v 0.000041 -0.024005 -0.021668
v -0.000086 -0.024189 -0.021670
v -0.000512 -0.024657 -0.021686
v -0.000899 -0.024907 -0.021704
v 0.001143 -0.026076 -0.020032
v 0.000372 -0.026237 -0.020236
v -0.001287 -0.024859 -0.021802
v 0.002335 -0.027069 -0.019008
v 0.000693 -0.026913 -0.019560
v -0.001274 -0.025100 -0.021707
v -0.001643 -0.026199 -0.022212
v -0.001909 -0.026239 -0.022067
v -0.001893 -0.024806 -0.022963
v -0.000293 -0.026963 -0.019531
v -0.003286 -0.025139 -0.021823
v -0.000457 -0.026187 -0.020371
v -0.005777 -0.026991 -0.018628
vn -0.8901 0.4546 -0.0322
vn -0.3566 0.9259 -0.1247
vn 0.6141 0.3801 0.6916
vn 0.4335 -0.6256 -0.6487
vn -0.6114 -0.0806 0.7872
vn -0.8008 0.5947 0.0717
vn 0.0090 0.2639 -0.9645
vn -0.1814 0.4616 0.8684
vn 0.2285 -0.5492 0.8039
vn 0.0958 -0.2596 0.9610
vn 0.0489 -0.1746 0.9834
vn -0.3314 0.1624 0.9294
vn -0.0612 -0.0726 0.9955
vn 0.0670 -0.1112 0.9915
vn -0.2738 -0.2456 -0.9299
vn 0.2312 0.1799 0.9561
vn -0.0115 -0.2035 0.9790
vn 0.1666 0.1757 0.9702
vn 0.0707 0.3891 -0.9185
vn -0.1082 -0.4569 0.8829
vn 0.0303 -0.0897 0.9955
vn 0.3176 0.8264 0.4650
vn -0.1299 -0.6384 0.7587
vn 0.1033 0.1210 0.9873
vn 0.1276 0.2216 0.9668
vn -0.1185 -0.1794 -0.9766
vn 0.3386 0.9283 0.1536
vn 0.0014 -0.3499 0.9368
vn 0.1550 0.6539 0.7405
vn 0.1605 0.7954 0.5845
vn -0.1486 -0.0782 -0.9858
vn -0.0963 0.0338 -0.9948
vn 0.0667 0.3368 -0.9392
vn 0.5509 0.6228 0.5556
vn -0.0229 0.7115 0.7023
vn 0.1563 0.8856 -0.4373
vn 0.2688 -0.5252 -0.8074
vn 0.5154 -0.3728 -0.7716
vn -0.1577 -0.7926 -0.5889
vn -0.6213 -0.6119 0.4895
vn 0.0168 0.4816 0.8762
vn -0.2222 -0.8015 -0.5552
vn 0.8878 0.0297 0.4592
vn -0.6671 -0.6871 -0.2879
vn -0.6025 -0.7320 -0.3181
vn 0.0430 0.3742 -0.9264
vn -0.0257 0.4872 -0.8729
vn 0.2576 -0.2330 0.9377
vn -0.0204 0.1362 -0.9905
vn -0.4717 -0.5907 -0.6546
vn 0.1852 -0.6052 0.7742
vn -0.4481 -0.6270 -0.6373
vn -0.6245 -0.6160 -0.4802
vn -0.5068 -0.5170 -0.6899
vn -0.0420 -0.9217 -0.3855
vn -0.6384 -0.2795 -0.7172
vn -0.5794 -0.6302 -0.5168
vn -0.6266 -0.6236 -0.4674
vn -0.5076 -0.5018 -0.7004
vn -0.5437 -0.4193 -0.7271
vn -0.1934 -0.9135 -0.3579
vn -0.1006 0.8747 -0.4742
vn -0.7200 -0.3508 -0.5988
vn -0.6041 -0.3284 -0.7261
vn -0.0495 0.0680 -0.9965
vn -0.0521 0.0635 -0.9966
vn -0.6228 -0.2665 -0.7356
vn -0.0299 0.0960 -0.9949
vn 0.1585 0.1253 -0.9794
vn -0.7138 -0.1519 -0.6837
vn -0.6934 -0.3205 -0.6454
vn -0.6114 -0.3113 -0.7275
vn -0.6633 -0.2850 -0.6920
vn -0.4923 -0.4893 -0.7199
vn 0.5673 -0.6375 0.5213
vn 0.4556 -0.6225 0.6363
vn 0.3070 -0.6111 0.7296
vn 0.5747 -0.6445 0.5044
vn 0.5007 -0.5894 0.6340
vn 0.5989 -0.6339 0.4893
vn -0.0412 0.9951 0.0894
vn -0.0408 0.9956 0.0844
vn 0.5070 -0.6067 0.6122
vn 0.5744 -0.6100 0.5459
vn -0.0276 0.9591 -0.2819
vn 0.6976 -0.6151 0.3675
vn 0.8020 -0.5137 0.3047
vn -0.0420 0.9636 0.2641
vn 0.4500 -0.6464 0.6162
vn -0.0511 0.9272 -0.3711
vn -0.7239 -0.3026 -0.6200
vn 0.6101 0.6910 -0.3878
vn -0.3820 0.5845 -0.7159
vn -0.6828 -0.2260 -0.6948
vn -0.6808 -0.2233 -0.6976
vn -0.7885 -0.0912 -0.6083
vn -0.6703 -0.2855 -0.6849
vn -0.6223 -0.6048 -0.4970
vn -0.6505 -0.2943 -0.7001
vn 0.4645 -0.2074 -0.8609
vn 0.2555 -0.4741 -0.8426
vn -0.4880 -0.6952 -0.5277
vn -0.3677 0.6288 -0.6851
vn 0.7083 0.4081 -0.5760
vn 0.8206 0.0569 -0.5687
vn -0.5058 -0.5494 0.6651
vn -0.4890 -0.4902 -0.7216
vn 0.0713 -0.0421 -0.9966
vn -0.0196 0.9996 0.0193
vn -0.0699 0.9625 0.2622
vn 0.1102 -0.0666 -0.9917
vn 0.4107 -0.0695 -0.9091
vn 0.6658 0.1165 -0.7370
vn -0.0256 0.0713 -0.9971
vn 0.5146 0.0565 -0.8555
vn -0.0074 0.0406 -0.9991
vn 0.5805 -0.1216 -0.8052
vn 0.1160 -0.6101 -0.7838
vn 0.5263 0.0893 -0.8456
vn 0.6265 -0.0035 -0.7794
vn -0.9781 0.0208 -0.2070
vn -0.7970 0.4817 -0.3644
vn 0.5627 -0.1536 -0.8122
vn -0.8407 -0.4579 -0.2890
vn 0.0034 0.0084 -1.0000
vn -0.0162 0.0589 -0.9981
vn 0.4332 -0.2896 -0.8535
vn -0.0075 0.0400 -0.9992
vn 0.3979 -0.3344 -0.8543
vn -0.0236 0.1083 -0.9938
vn 0.3599 -0.4991 -0.7883
vn 0.0005 -0.7587 -0.6515
vn 0.3172 -0.4689 -0.8243
vn 0.3194 -0.5171 -0.7941
vn 0.0577 -0.7839 -0.6182
vn 0.0863 -0.6630 -0.7437
vn 0.1861 -0.6497 -0.7370
vn 0.3062 0.5959 -0.7424
vn 0.0584 0.8599 -0.5071
vn 0.0638 0.8603 -0.5057
vn 0.9250 0.0649 -0.3743
vn 0.5214 -0.2854 -0.8041
vn -0.1882 0.3488 0.9181
vn -0.0539 0.4315 -0.9005
vn -0.0123 0.0418 -0.9990
vn 0.6980 0.0916 -0.7102
vn -0.4173 -0.3108 -0.8540
vn 0.3580 0.4918 0.7937
vn -0.6749 0.2526 0.6933
vn 0.5836 -0.5368 -0.6093
vn -0.1730 -0.8682 -0.4651
vn 0.4956 0.4561 0.7391
vn 0.0246 -0.8765 -0.4807
vn 0.0669 -0.7265 -0.6839
vn 0.2075 -0.6153 -0.7605
vn 0.4527 0.3884 0.8026
vn 0.3185 -0.4814 -0.8166
vn -0.2163 -0.5323 -0.8184
vn -0.2251 -0.5654 -0.7935
vn -0.8749 -0.0657 0.4799
vn -0.6763 0.7356 -0.0398
vn -0.7913 0.6089 -0.0558
vn 0.0314 0.9027 -0.4291
vn -0.6348 -0.2162 -0.7418
vn -0.0041 -0.3804 0.9248
vn -0.4895 -0.4381 -0.7540
vn -0.1448 -0.4891 -0.8601
vn -0.0528 0.0622 -0.9967
vn -0.6014 0.4643 -0.6502
vn 0.5314 0.8062 -0.2602
vn 0.6275 0.7320 -0.2654
vn 0.7347 0.6153 -0.2857
vn 0.4514 0.0322 -0.8917
vn -0.6535 -0.2276 -0.7219
vn -0.1957 0.7918 -0.5785
vn 0.4179 0.7413 -0.5252
vn 0.4495 0.7199 -0.5289
vn 0.4173 0.7582 -0.5011
vn -0.0869 -0.7964 -0.5984
vn -0.6354 0.4924 -0.5948
vn -0.2983 0.5504 -0.7798
vn 0.7309 -0.5916 -0.3402
vn 0.3349 0.8247 -0.4559
vn 0.9785 -0.0105 -0.2060
vn 0.4325 0.7959 -0.4236
vn 0.2285 -0.7281 -0.6463
vn -0.7880 0.2426 -0.5658
vn 0.4315 0.9021 -0.0000
s 0
f 5157//10111 5158//10111 5160//10111
f 5157//10112 5159//10112 5158//10112
f 5157//10113 5191//10113 5159//10113
f 5157//10114 5160//10114 5161//10114
f 5157//10115 5161//10115 5162//10115
f 5157//10116 5162//10116 5163//10116
f 5157//10117 5163//10117 5164//10117
f 5157//10118 5164//10118 5165//10118
f 5157//10119 5165//10119 5166//10119
f 5157//10120 5166//10120 5167//10120
f 5157//10121 5167//10121 5168//10121
f 5157//10122 5168//10122 5169//10122
f 5157//10123 5169//10123 5170//10123
f 5157//10124 5170//10124 5171//10124
f 5157//10125 5171//10125 5172//10125
f 5157//10126 5172//10126 5173//10126
f 5157//10127 5173//10127 5174//10127
f 5157//10128 5174//10128 5175//10128
f 5157//10129 5175//10129 5176//10129
f 5157//10130 5176//10130 5177//10130
f 5157//10131 5177//10131 5178//10131
f 5157//10132 5178//10132 5179//10132
f 5157//10133 5179//10133 5180//10133
f 5157//10134 5180//10134 5181//10134
f 5157//10135 5181//10135 5182//10135
f 5157//10136 5182//10136 5183//10136
f 5157//10137 5183//10137 5184//10137
f 5157//10138 5184//10138 5185//10138
f 5157//10139 5185//10139 5186//10139
f 5157//10140 5186//10140 5187//10140
f 5157//10141 5187//10141 5188//10141
f 5157//10142 5188//10142 5189//10142
f 5157//10143 5189//10143 5190//10143
f 5157//10144 5190//10144 5191//10144
f 5191//10145 5190//10145 5193//10145
f 5159//10146 5191//10146 5158//10146
f 5158//10147 5191//10147 5192//10147
f 5191//10148 5193//10148 5192//10148
f 5190//10149 5189//10149 5193//10149
f 5192//10150 5193//10150 5194//10150
f 5193//10151 5197//10151 5194//10151
f 5193//10152 5189//10152 5188//10152
f 5193//10153 5195//10153 5197//10153
f 5193//10154 5196//10154 5195//10154
f 5193//10155 5188//10155 5196//10155
f 5192//10156 5197//10156 5198//10156
f 5192//10157 5194//10157 5197//10157
f 5195//10158 5198//10158 5197//10158
f 5192//10159 5198//10159 5199//10159
f 5198//10160 5200//10160 5199//10160
f 5195//10161 5200//10161 5198//10161
f 5195//10162 5201//10162 5200//10162
f 5201//10163 5202//10163 5200//10163
f 5200//10164 5205//10164 5199//10164
f 5200//10165 5202//10165 5203//10165
f 5200//10166 5203//10166 5204//10166
f 5200//10167 5204//10167 5205//10167
f 5204//10168 5207//10168 5205//10168
f 5199//10169 5205//10169 5206//10169
f 5205//10170 5210//10170 5206//10170
f 5205//10171 5207//10171 5176//10171
f 5205//10172 5176//10172 5208//10172
f 5205//10173 5208//10173 5209//10173
f 5205//10174 5209//10174 5210//10174
f 5192//10175 5210//10175 5211//10175
f 5192//10176 5206//10176 5210//10176
f 5209//10177 5211//10177 5210//10177
f 5192//10178 5211//10178 5212//10178
f 5211//10179 5214//10179 5212//10179
f 5209//10180 5213//10180 5211//10180
f 5213//10181 5214//10181 5211//10181
f 5213//10182 5215//10182 5214//10182
f 5215//10183 5216//10183 5214//10183
f 5214//10184 5220//10184 5212//10184
f 5214//10185 5216//10185 5221//10185
f 5214//10186 5217//10186 5219//10186
f 5214//10187 5218//10187 5217//10187
f 5214//10188 5221//10188 5218//10188
f 5214//10189 5219//10189 5220//10189
f 5216//10190 5222//10190 5221//10190
f 5170//10191 5218//10191 5221//10191
f 5170//10192 5221//10192 5222//10192
f 5223//10193 5224//10193 5222//10193
f 5223//10194 5222//10194 5216//10194
f 5170//10195 5222//10195 5224//10195
f 5225//10196 5224//10196 5223//10196
f 5225//10197 5226//10197 5224//10197
f 5170//10198 5224//10198 5226//10198
f 5225//10199 5171//10199 5226//10199
f 5170//10200 5226//10200 5171//10200
f 5227//10201 5225//10201 5223//10201
f 5227//10202 5172//10202 5225//10202
f 5172//10203 5171//10203 5225//10203
f 5209//10204 5227//10204 5215//10204
f 5209//10205 5228//10205 5227//10205
f 5228//10206 5229//10206 5227//10206
f 5227//10207 5216//10207 5215//10207
f 5227//10208 5229//10208 5172//10208
f 5227//10209 5223//10209 5216//10209
f 5228//10210 5173//10210 5229//10210
f 5173//10211 5172//10211 5229//10211
f 5208//10212 5228//10212 5209//10212
f 5208//10213 5175//10213 5228//10213
f 5175//10214 5174//10214 5228//10214
f 5228//10215 5174//10215 5173//10215
f 5192//10216 5220//10216 5219//10216
f 5192//10217 5212//10217 5220//10217
f 5192//10218 5219//10218 5230//10218
f 5170//10219 5230//10219 5219//10219
f 5170//10220 5219//10220 5217//10220
f 5192//10221 5230//10221 5231//10221
f 5169//10222 5231//10222 5230//10222
f 5169//10223 5230//10223 5170//10223
f 5192//10224 5231//10224 5232//10224
f 5232//10225 5231//10225 5169//10225
f 5192//10226 5232//10226 5233//10226
f 5234//10227 5233//10227 5232//10227
f 5234//10228 5232//10228 5168//10228
f 5168//10229 5232//10229 5169//10229
f 5235//10230 5236//10230 5234//10230
f 5235//10231 5234//10231 5166//10231
f 5234//10232 5167//10232 5166//10232
f 5234//10233 5236//10233 5233//10233
f 5234//10234 5168//10234 5167//10234
f 5192//10235 5236//10235 5237//10235
f 5192//10236 5233//10236 5236//10236
f 5235//10237 5237//10237 5236//10237
f 5192//10238 5237//10238 5238//10238
f 5235//10239 5238//10239 5237//10239
f 5192//10240 5238//10240 5239//10240
f 5240//10241 5239//10241 5238//10241
f 5240//10242 5238//10242 5235//10242
f 5241//10243 5240//10243 5243//10243
f 5241//10244 5242//10244 5240//10244
f 5242//10245 5239//10245 5240//10245
f 5240//10246 5235//10246 5243//10246
f 5241//10247 5243//10247 5244//10247
f 5163//10248 5244//10248 5243//10248
f 5163//10249 5243//10249 5164//10249
f 5243//10250 5235//10250 5164//10250
f 5241//10251 5244//10251 5163//10251
f 5241//10252 5245//10252 5242//10252
f 5245//10253 5239//10253 5242//10253
f 5192//10254 5245//10254 5246//10254
f 5192//10255 5239//10255 5245//10255
f 5241//10256 5246//10256 5245//10256
f 5192//10257 5246//10257 5247//10257
f 5248//10258 5247//10258 5246//10258
f 5241//10259 5248//10259 5246//10259
f 5249//10260 5248//10260 5251//10260
f 5249//10261 5250//10261 5248//10261
f 5250//10262 5247//10262 5248//10262
f 5251//10263 5248//10263 5241//10263
f 5249//10264 5251//10264 5241//10264
f 5249//10265 5192//10265 5250//10265
f 5192//10266 5247//10266 5250//10266
f 5158//10267 5192//10267 5249//10267
f 5158//10268 5249//10268 5162//10268
f 5249//10269 5241//10269 5162//10269
f 5162//10270 5241//10270 5163//10270
f 5164//10271 5235//10271 5165//10271
f 5235//10272 5166//10272 5165//10272
f 5170//10273 5217//10273 5218//10273
f 5209//10274 5215//10274 5213//10274
f 5176//10275 5175//10275 5208//10275
f 5203//10276 5207//10276 5204//10276
f 5203//10277 5176//10277 5207//10277
f 5192//10278 5199//10278 5206//10278
f 5179//10279 5203//10279 5202//10279
f 5179//10280 5178//10280 5203//10280
f 5203//10281 5178//10281 5177//10281
f 5203//10282 5177//10282 5176//10282
f 5201//10283 5179//10283 5202//10283
f 5195//10284 5183//10284 5201//10284
f 5183//10285 5182//10285 5201//10285
f 5201//10286 5182//10286 5181//10286
f 5201//10287 5181//10287 5180//10287
f 5201//10288 5180//10288 5179//10288
f 5196//10289 5252//10289 5195//10289
f 5196//10290 5188//10290 5187//10290
f 5196//10291 5187//10291 5252//10291
f 5195//10292 5252//10292 5184//10292
f 5252//10293 5187//10293 5186//10293
f 5252//10294 5185//10294 5184//10294
f 5252//10295 5186//10295 5185//10295
f 5195//10296 5184//10296 5183//10296
f 5158//10297 5162//10297 5161//10297
f 5158//10298 5161//10298 5160//10298
o geometry_9.052
v 0.015823 0.014410 -0.013152
v 0.015770 0.011857 -0.011858
v 0.016102 0.014798 -0.007026
v 0.016172 0.011009 -0.011141
v 0.017158 0.012364 -0.011049
v 0.016058 0.012492 -0.013378
v 0.009125 0.012221 -0.013113
v 0.009028 0.014753 -0.012937
v 0.015257 0.014795 -0.013073
v 0.009279 0.014338 -0.006729
v 0.009369 0.011805 -0.006904
v 0.013446 0.012152 -0.007200
v 0.013555 0.012460 -0.007152
vn -0.5190 0.3949 0.7581
vn 0.9982 -0.0423 -0.0428
vn 0.5528 0.8297 -0.0778
vn -0.5778 0.3706 0.7272
vn 0.8961 0.1586 -0.4145
vn -0.0424 0.1120 -0.9928
vn -0.0281 0.0680 -0.9973
vn -0.0226 0.1688 -0.9854
vn -0.0068 1.0000 0.0004
vn -0.9985 -0.0407 0.0376
vn -0.0642 0.9955 0.0692
vn 0.0478 -0.0670 0.9966
vn -0.9986 -0.0382 0.0367
vn 0.0845 -0.1499 0.9851
vn 0.0834 -0.9963 -0.0195
vn 0.0364 -0.9970 -0.0681
vn -0.1354 0.2001 -0.9704
vn 0.6854 -0.3431 0.6423
vn 0.0001 -0.9985 -0.0549
vn 0.5582 -0.6369 0.5318
vn -0.6836 0.5310 -0.5007
vn 0.9404 0.2580 -0.2216
s 0
f 5253//10299 5254//10299 5256//10299
f 5253//10300 5255//10300 5254//10300
f 5253//10301 5261//10301 5255//10301
f 5253//10302 5256//10302 5257//10302
f 5253//10303 5257//10303 5258//10303
f 5253//10304 5258//10304 5259//10304
f 5253//10305 5259//10305 5260//10305
f 5253//10306 5260//10306 5261//10306
f 5255//10307 5261//10307 5260//10307
f 5262//10308 5260//10308 5259//10308
f 5255//10309 5260//10309 5262//10309
f 5255//10310 5262//10310 5263//10310
f 5262//10311 5259//10311 5263//10311
f 5255//10312 5263//10312 5264//10312
f 5258//10313 5264//10313 5263//10313
f 5258//10314 5263//10314 5259//10314
f 5255//10315 5264//10315 5265//10315
f 5257//10316 5265//10316 5264//10316
f 5258//10317 5257//10317 5264//10317
f 5255//10318 5265//10318 5257//10318
f 5255//10319 5257//10319 5256//10319
f 5255//10320 5256//10320 5254//10320
o geometry_9.053
v -0.007465 -0.002824 0.036356
v -0.007267 -0.002786 0.036265
v -0.007464 -0.002802 0.036278
v -0.007320 -0.002818 0.036343
v -0.006981 -0.002662 0.036654
v -0.007888 -0.002677 0.036729
v -0.009142 -0.002245 0.037036
v -0.009189 -0.002255 0.035733
v -0.007882 -0.002645 0.035785
v -0.006860 -0.002853 0.035961
v -0.009354 -0.002354 0.036015
v -0.008510 -0.002664 0.036038
v -0.007987 -0.002841 0.036043
v -0.009809 -0.002150 0.035991
v -0.010100 -0.002025 0.036054
v -0.010041 -0.001823 0.035702
v -0.011232 -0.001215 0.036289
v -0.010679 -0.001276 0.035886
v -0.017411 0.003113 0.043006
v -0.012035 0.000400 0.042345
v -0.018104 0.003891 0.043215
v -0.016610 0.002556 0.042890
v -0.009916 -0.001797 0.037220
v -0.011588 -0.000979 0.036396
v -0.012849 0.000546 0.036606
v -0.018532 0.004573 0.044171
v -0.020118 0.005164 0.043589
v -0.018851 0.004958 0.043435
v -0.015786 0.004543 0.037001
v -0.015558 0.004224 0.036966
v -0.016248 0.005496 0.037098
v -0.016348 0.005934 0.037140
v -0.018464 0.005029 0.043725
v -0.018847 0.005085 0.043503
v -0.019833 0.006376 0.044546
v -0.020404 0.006020 0.043471
v -0.016265 0.007509 0.037202
v -0.016383 0.007111 0.037218
v -0.016443 0.006690 0.037191
v -0.015908 0.008021 0.037188
v -0.019200 0.006829 0.044574
v -0.020139 0.007119 0.043502
v -0.018288 0.007315 0.043362
v -0.015356 0.008477 0.037145
v -0.014528 0.008774 0.036961
v -0.017922 0.007561 0.043334
v -0.017509 0.007747 0.043269
v -0.014674 0.008568 0.036523
v -0.013832 0.008953 0.037049
v -0.014353 0.008209 0.041219
v -0.012431 0.009114 0.037021
v -0.016762 0.008229 0.043541
v -0.015663 0.008131 0.043199
v -0.014390 0.008024 0.042690
v -0.012980 0.008302 0.041100
v -0.009133 0.009367 0.036846
v -0.008806 0.009346 0.036805
v -0.012956 0.008068 0.042581
v -0.013022 0.008252 0.043047
v -0.014314 0.008258 0.043140
v -0.014390 0.008256 0.043142
v -0.011844 0.008080 0.042933
v -0.008026 0.009195 0.036704
v -0.007652 0.009039 0.036673
v -0.011185 0.007907 0.042880
v -0.010298 0.007549 0.042791
v -0.007243 0.008857 0.036635
v -0.006726 0.008575 0.036584
v -0.006587 0.008492 0.036569
v -0.009245 0.006974 0.042692
v -0.010226 0.007502 0.042789
v -0.009252 0.006936 0.042715
v -0.006126 0.008167 0.036489
v -0.005650 0.007603 0.036443
v -0.005631 0.003856 0.040853
v -0.007008 0.004859 0.042453
v -0.008492 0.006351 0.042612
v -0.007761 0.005667 0.042537
v -0.006390 0.004147 0.042394
v -0.005787 0.003276 0.042305
v -0.005523 0.002811 0.042106
v -0.005297 0.002934 0.041489
v -0.004374 0.002977 0.039468
v -0.004508 0.002652 0.039897
v -0.004422 0.003104 0.039557
v -0.005093 0.002418 0.041372
v -0.003657 0.001215 0.036062
v -0.003980 0.002677 0.036252
v -0.004742 0.005431 0.036450
v -0.005254 0.006827 0.036480
v -0.003676 0.000261 0.035870
v -0.002864 -0.001306 0.035718
v -0.003579 -0.000878 0.034291
v -0.005307 -0.001787 0.036308
v -0.005329 0.001853 0.041440
v -0.005396 0.002032 0.041935
v -0.006195 -0.001948 0.037537
v -0.005928 0.001944 0.043484
v -0.005507 0.002321 0.042035
v -0.005463 0.002358 0.042127
v -0.005505 0.002218 0.042810
v -0.006124 0.001301 0.042684
v -0.006879 0.001198 0.042098
v -0.008228 0.000690 0.042116
v -0.006913 -0.002099 0.037730
v -0.008075 -0.002114 0.037925
v -0.011055 0.000240 0.042255
v -0.008274 0.000697 0.042130
v -0.009449 0.000360 0.042149
v -0.009673 0.000285 0.042143
v -0.005471 0.002500 0.042133
v -0.005842 -0.002041 0.036762
v -0.005849 -0.002274 0.035356
v -0.007035 -0.002682 0.035609
v -0.005717 -0.002378 0.035775
v -0.004996 -0.001880 0.035699
v -0.005121 -0.001776 0.035274
v -0.015802 0.001977 0.042716
v -0.013879 0.001149 0.042542
v -0.013811 0.001051 0.042478
v -0.012727 0.000565 0.042361
v -0.009271 -0.001883 0.037895
vn 0.0053 -0.9279 -0.3729
vn 0.0622 -0.9625 -0.2640
vn -0.0494 -0.9629 -0.2653
vn 0.0716 -0.9209 0.3831
vn 0.0487 -0.9091 0.4138
vn -0.3239 -0.9461 0.0060
vn -0.3193 -0.9475 0.0184
vn -0.2813 -0.9550 -0.0937
vn 0.2398 0.8629 0.4449
vn -0.1694 -0.9714 -0.1663
vn 0.0540 0.7854 0.6167
vn 0.2435 0.7124 0.6582
vn 0.2384 0.7249 0.6463
vn -0.0738 -0.2486 -0.9658
vn -0.0770 -0.2802 -0.9568
vn 0.3371 0.8085 0.4825
vn -0.0790 -0.2904 -0.9536
vn 0.3975 0.5547 0.7310
vn 0.1657 0.7238 -0.6698
vn 0.3746 0.7761 0.5073
vn 0.6514 0.6063 0.4562
vn 0.0657 0.3617 -0.9300
vn 0.5295 0.5538 0.6426
vn -0.6701 -0.7172 -0.1913
vn 0.4920 -0.4523 0.7439
vn 0.0638 -0.1152 0.9913
vn -0.0218 -0.2774 0.9605
vn -0.7511 -0.5898 -0.2965
vn -0.5757 -0.8159 -0.0533
vn -0.5160 -0.8547 0.0570
vn -0.5453 -0.8374 0.0379
vn -0.0554 0.0911 -0.9943
vn 0.1686 0.6058 -0.7776
vn -0.7619 -0.5951 -0.2556
vn 0.0007 0.8141 -0.5807
vn 0.4424 0.8118 -0.3811
vn -0.1938 -0.9010 -0.3880
vn -0.7826 -0.5474 -0.2965
vn -0.5319 -0.8228 -0.2003
vn -0.7914 -0.5321 -0.3009
vn -0.0610 0.0665 -0.9959
vn -0.0892 0.0318 -0.9955
vn -0.0533 0.0758 -0.9957
vn -0.8472 -0.3717 -0.3796
vn -0.0447 0.0854 -0.9953
vn -0.9286 -0.1821 -0.3234
vn -0.1857 0.9826 0.0071
vn 0.5044 0.3916 -0.7695
vn 0.4142 0.7423 -0.5268
vn -0.7549 -0.5718 -0.3212
vn -0.4226 -0.7427 0.5194
vn 0.4419 0.7550 -0.4845
vn 0.4294 -0.9004 0.0698
vn -0.9035 -0.0846 -0.4202
vn -0.8859 0.2477 -0.3923
vn -0.8999 0.1530 -0.4084
vn -0.0565 0.0717 -0.9958
vn -0.0702 0.0579 -0.9958
vn -0.1320 -0.0010 -0.9913
vn -0.0916 0.0361 -0.9951
vn -0.7945 0.5459 -0.2660
vn -0.4814 0.8694 -0.1115
vn -0.2941 -0.5888 0.7528
vn 0.5815 0.7540 -0.3055
vn -0.0807 -0.9777 -0.1938
vn 0.0824 -0.0716 0.9940
vn -0.0941 0.9857 0.1398
vn -0.6192 0.7205 -0.3120
vn -0.1998 -0.0475 -0.9787
vn -0.1006 0.0285 -0.9945
vn -0.3377 0.9413 -0.0008
vn -0.5609 0.8204 -0.1112
vn 0.1083 -0.0481 0.9930
vn 0.1584 -0.0061 0.9874
vn -0.4172 0.9065 -0.0650
vn 0.5974 -0.7839 0.1691
vn 0.1889 -0.9115 0.3653
vn -0.4648 0.8798 0.0991
vn -0.0919 0.9924 0.0821
vn -0.1091 0.9808 0.1615
vn -0.3857 0.8279 -0.4072
vn -0.0657 0.9812 0.1814
vn 0.1251 0.9847 0.1215
vn 0.1338 0.9828 0.1272
vn -0.0561 0.9908 0.1234
vn -0.0485 0.9784 0.2012
vn -0.1209 0.0493 -0.9914
vn -0.0577 0.0614 -0.9964
vn 0.0959 0.9551 0.2803
vn -0.0986 0.9827 0.1569
vn -0.6841 0.6401 -0.3498
vn -0.0223 0.9287 -0.3701
vn -0.0618 0.8894 -0.4529
vn -0.0182 0.9875 0.1564
vn 0.0326 -0.0912 0.9953
vn 0.0708 -0.0800 0.9943
vn -0.0348 0.8887 -0.4571
vn 0.0532 -0.0850 0.9950
vn -0.1072 0.8842 -0.4547
vn 0.0845 -0.0782 0.9934
vn 0.1642 0.9486 0.2704
vn 0.2191 0.9251 0.3102
vn -0.0592 0.0558 -0.9967
vn -0.1185 0.0497 -0.9917
vn 0.3829 0.8455 0.3722
vn 0.2648 0.9080 0.3248
vn 0.0601 -0.0777 0.9952
vn 0.0676 -0.0785 0.9946
vn 0.3800 0.8482 0.3689
vn 0.4048 0.8308 0.3819
vn -0.0691 0.0551 -0.9961
vn -0.0676 0.0552 -0.9962
vn 0.4694 0.7871 0.4003
vn -0.0731 0.0552 -0.9958
vn 0.4995 0.7651 0.4065
vn 0.4644 0.7908 0.3987
vn 0.5053 0.7561 0.4158
vn -0.0052 -0.0611 0.9981
vn 0.0567 -0.0767 0.9954
vn -0.8789 0.3563 0.3172
vn 0.8806 0.1029 0.4625
vn 0.5709 0.7040 0.4224
vn -0.0363 0.0502 -0.9981
vn -0.1329 0.0563 -0.9895
vn 0.6954 0.5491 0.4636
vn 0.7914 0.4773 0.3818
vn 0.6827 0.5915 0.4290
vn 0.5864 0.6864 0.4302
vn 0.6386 0.6347 0.4350
vn 0.0389 -0.0679 0.9969
vn 0.0384 -0.0675 0.9970
vn 0.0690 -0.0857 0.9939
vn 0.0294 -0.0574 0.9979
vn 0.7416 0.6235 0.2475
vn 0.0406 -0.0742 0.9964
vn 0.7700 0.5641 -0.2981
vn 0.8098 0.4424 0.3854
vn 0.8092 0.5031 0.3034
vn 0.7679 0.5285 0.3619
vn 0.8244 0.4146 0.3853
vn 0.9148 0.1287 0.3830
vn -0.9271 -0.0963 -0.3622
vn -0.9404 -0.3393 -0.0227
vn 0.8882 0.2242 0.4010
vn 0.9741 0.2028 0.1004
vn 0.9613 0.2592 0.0935
vn 0.9278 0.3366 0.1606
vn 0.8361 0.4426 0.3242
vn 0.7794 0.4791 0.4037
vn 0.0607 0.0434 -0.9972
vn 0.1472 0.0286 -0.9887
vn -0.0242 0.0651 -0.9976
vn -0.1026 0.1055 -0.9891
vn -0.2202 0.1972 -0.9553
vn 0.9659 -0.0699 0.2493
vn -0.0815 0.0542 -0.9952
vn -0.8405 -0.4626 0.2820
vn 0.5717 -0.6482 0.5030
vn 0.9762 -0.0234 0.2156
vn 0.7419 -0.5455 0.3900
vn -0.1042 0.9372 0.3329
vn 0.8994 -0.2869 0.3298
vn 0.9053 -0.3446 0.2482
vn 0.8799 -0.3955 0.2632
vn 0.6850 -0.5977 0.4165
vn 0.8464 -0.4621 0.2645
vn 0.7553 -0.6158 0.2244
vn 0.9136 -0.2473 0.3229
vn 0.8320 0.1318 0.5388
vn 0.7191 0.4560 -0.5244
vn 0.9846 0.1497 0.0903
vn -0.2756 0.9446 0.1781
vn -0.0405 -0.1083 0.9933
vn -0.7825 0.5647 -0.2623
vn 0.1518 -0.9882 -0.0214
vn -0.2886 -0.8079 0.5139
vn 0.5355 -0.7175 0.4455
vn 0.0709 -0.1535 0.9856
vn 0.2949 -0.7638 0.5741
vn 0.3126 -0.7594 0.5706
vn 0.2944 -0.8542 0.4287
vn 0.0883 -0.8848 0.4576
vn 0.0994 -0.8439 0.5272
vn 0.0692 -0.8590 0.5073
vn 0.0301 -0.8394 0.5427
vn 0.2346 -0.7859 0.5721
vn 0.2469 -0.7796 0.5756
vn 0.0686 -0.2759 0.9587
vn 0.0825 -0.0549 0.9951
vn 0.0713 -0.1942 0.9784
vn -0.0960 0.7067 -0.7010
vn -0.1093 -0.9029 0.4156
vn 0.0500 -0.9007 0.4315
vn -0.1205 -0.9054 0.4070
vn 0.0457 -0.0423 0.9981
vn 0.7660 0.0712 -0.6389
vn 0.8846 0.0952 -0.4566
vn 0.0892 -0.1802 0.9796
vn 0.7766 0.1827 0.6029
vn 0.8503 -0.0475 0.5241
vn 0.4346 -0.8492 0.2999
vn 0.6364 -0.6762 0.3711
vn 0.4634 -0.8746 0.1426
vn 0.5178 -0.8444 0.1374
vn 0.3765 -0.9250 0.0517
vn 0.3146 -0.9477 -0.0532
vn -0.2501 0.9180 0.3077
vn -0.5059 0.7861 0.3552
vn -0.5039 0.7932 0.3420
vn 0.5693 -0.8167 0.0938
vn -0.2506 0.9206 0.2994
vn 0.1991 -0.9797 0.0253
vn -0.2343 0.1927 -0.9529
vn -0.1430 0.5029 0.8524
vn -0.2532 0.8137 0.5232
vn 0.0730 -0.9887 -0.1313
vn 0.2471 0.9134 0.3234
vn -0.6090 0.7879 -0.0911
vn 0.2993 0.0351 0.9535
vn -0.1814 -0.2546 0.9499
vn -0.0287 0.0750 -0.9968
vn 0.0880 0.1429 -0.9858
vn -0.1678 -0.4596 0.8721
vn 0.1087 -0.0745 0.9913
vn -0.2224 -0.5817 0.7824
vn -0.4903 -0.8698 0.0551
vn -0.4854 -0.8708 0.0781
vn -0.5928 -0.8009 -0.0850
vn -0.3653 -0.8994 0.2401
vn 0.3036 0.5409 0.7844
vn -0.0607 -0.3639 0.9295
vn -0.7969 -0.1732 -0.5788
vn -0.1688 -0.6179 0.7679
vn -0.3796 -0.8989 0.2188
vn -0.0668 -0.3718 0.9259
vn -0.1857 -0.9151 0.3578
vn -0.2099 -0.9167 0.3400
vn -0.2273 -0.9091 0.3490
vn -0.2708 -0.9144 0.3009
vn -0.4524 -0.8915 0.0228
s 0
f 5266//10321 5267//10321 5269//10321
f 5266//10322 5268//10322 5267//10322
f 5266//10323 5274//10323 5268//10323
f 5266//10324 5269//10324 5270//10324
f 5266//10325 5270//10325 5271//10325
f 5266//10326 5271//10326 5272//10326
f 5266//10327 5272//10327 5273//10327
f 5266//10328 5273//10328 5274//10328
f 5273//10329 5276//10329 5274//10329
f 5268//10330 5274//10330 5275//10330
f 5274//10331 5278//10331 5275//10331
f 5274//10332 5276//10332 5277//10332
f 5274//10333 5277//10333 5278//10333
f 5275//10334 5278//10334 5277//10334
f 5275//10335 5277//10335 5276//10335
f 5273//10336 5279//10336 5276//10336
f 5275//10337 5276//10337 5279//10337
f 5273//10338 5280//10338 5279//10338
f 5275//10339 5279//10339 5280//10339
f 5273//10340 5281//10340 5280//10340
f 5281//10341 5283//10341 5280//10341
f 5275//10342 5280//10342 5282//10342
f 5280//10343 5283//10343 5282//10343
f 5281//10344 5284//10344 5283//10344
f 5284//10345 5282//10345 5283//10345
f 5285//10346 5284//10346 5287//10346
f 5285//10347 5286//10347 5284//10347
f 5284//10348 5286//10348 5289//10348
f 5288//10349 5287//10349 5284//10349
f 5288//10350 5284//10350 5281//10350
f 5284//10351 5289//10351 5282//10351
f 5275//10352 5289//10352 5290//10352
f 5275//10353 5282//10353 5289//10353
f 5289//10354 5291//10354 5290//10354
f 5286//10355 5291//10355 5289//10355
f 5286//10356 5292//10356 5291//10356
f 5292//10357 5293//10357 5291//10357
f 5291//10358 5295//10358 5290//10358
f 5291//10359 5293//10359 5294//10359
f 5291//10360 5294//10360 5295//10360
f 5275//10361 5295//10361 5294//10361
f 5275//10362 5290//10362 5295//10362
f 5275//10363 5294//10363 5296//10363
f 5293//10364 5296//10364 5294//10364
f 5275//10365 5296//10365 5297//10365
f 5298//10366 5297//10366 5296//10366
f 5293//10367 5298//10367 5296//10367
f 5293//10368 5299//10368 5298//10368
f 5299//10369 5300//10369 5298//10369
f 5298//10370 5300//10370 5297//10370
f 5285//10371 5300//10371 5299//10371
f 5285//10372 5301//10372 5300//10372
f 5300//10373 5301//10373 5302//10373
f 5300//10374 5304//10374 5297//10374
f 5300//10375 5302//10375 5303//10375
f 5300//10376 5303//10376 5304//10376
f 5275//10377 5304//10377 5303//10377
f 5275//10378 5297//10378 5304//10378
f 5275//10379 5303//10379 5302//10379
f 5275//10380 5302//10380 5305//10380
f 5302//10381 5306//10381 5305//10381
f 5301//10382 5306//10382 5302//10382
f 5285//10383 5306//10383 5301//10383
f 5285//10384 5307//10384 5306//10384
f 5306//10385 5307//10385 5305//10385
f 5285//10386 5308//10386 5307//10386
f 5307//10387 5308//10387 5309//10387
f 5305//10388 5307//10388 5309//10388
f 5275//10389 5309//10389 5310//10389
f 5275//10390 5305//10390 5309//10390
f 5309//10391 5311//10391 5310//10391
f 5309//10392 5308//10392 5311//10392
f 5285//10393 5311//10393 5308//10393
f 5285//10394 5312//10394 5311//10394
f 5311//10395 5312//10395 5313//10395
f 5310//10396 5311//10396 5313//10396
f 5310//10397 5313//10397 5314//10397
f 5313//10398 5315//10398 5314//10398
f 5313//10399 5312//10399 5315//10399
f 5314//10400 5315//10400 5316//10400
f 5312//10401 5317//10401 5315//10401
f 5315//10402 5321//10402 5316//10402
f 5315//10403 5317//10403 5318//10403
f 5315//10404 5318//10404 5319//10404
f 5315//10405 5319//10405 5320//10405
f 5315//10406 5320//10406 5321//10406
f 5275//10407 5321//10407 5322//10407
f 5275//10408 5316//10408 5321//10408
f 5322//10409 5321//10409 5323//10409
f 5321//10410 5320//10410 5323//10410
f 5322//10411 5323//10411 5324//10411
f 5324//10412 5323//10412 5325//10412
f 5323//10413 5319//10413 5325//10413
f 5323//10414 5320//10414 5319//10414
f 5285//10415 5325//10415 5326//10415
f 5285//10416 5324//10416 5325//10416
f 5325//10417 5319//10417 5326//10417
f 5285//10418 5326//10418 5318//10418
f 5318//10419 5326//10419 5319//10419
f 5285//10420 5327//10420 5324//10420
f 5328//10421 5324//10421 5327//10421
f 5328//10422 5322//10422 5324//10422
f 5275//10423 5328//10423 5329//10423
f 5275//10424 5322//10424 5328//10424
f 5329//10425 5328//10425 5330//10425
f 5330//10426 5328//10426 5327//10426
f 5285//10427 5330//10427 5327//10427
f 5285//10428 5331//10428 5330//10428
f 5332//10429 5330//10429 5331//10429
f 5332//10430 5329//10430 5330//10430
f 5275//10431 5332//10431 5333//10431
f 5275//10432 5329//10432 5332//10432
f 5333//10433 5332//10433 5331//10433
f 5275//10434 5333//10434 5334//10434
f 5334//10435 5333//10435 5335//10435
f 5335//10436 5333//10436 5336//10436
f 5333//10437 5331//10437 5336//10437
f 5285//10438 5336//10438 5331//10438
f 5285//10439 5335//10439 5336//10439
f 5285//10440 5337//10440 5335//10440
f 5338//10441 5335//10441 5337//10441
f 5338//10442 5334//10442 5335//10442
f 5275//10443 5338//10443 5339//10443
f 5275//10444 5334//10444 5338//10444
f 5339//10445 5338//10445 5340//10445
f 5340//10446 5338//10446 5341//10446
f 5338//10447 5343//10447 5341//10447
f 5338//10448 5337//10448 5342//10448
f 5338//10449 5342//10449 5343//10449
f 5285//10450 5343//10450 5342//10450
f 5285//10451 5341//10451 5343//10451
f 5285//10452 5342//10452 5337//10452
f 5285//10453 5344//10453 5341//10453
f 5340//10454 5341//10454 5344//10454
f 5285//10455 5345//10455 5344//10455
f 5346//10456 5344//10456 5345//10456
f 5346//10457 5347//10457 5344//10457
f 5347//10458 5340//10458 5344//10458
f 5348//10459 5340//10459 5347//10459
f 5348//10460 5347//10460 5346//10460
f 5349//10461 5348//10461 5351//10461
f 5349//10462 5350//10462 5348//10462
f 5352//10463 5348//10463 5350//10463
f 5351//10464 5348//10464 5346//10464
f 5352//10465 5353//10465 5348//10465
f 5348//10466 5353//10466 5354//10466
f 5348//10467 5354//10467 5355//10467
f 5348//10468 5355//10468 5339//10468
f 5348//10469 5339//10469 5340//10469
f 5275//10470 5355//10470 5354//10470
f 5275//10471 5339//10471 5355//10471
f 5275//10472 5354//10472 5353//10472
f 5275//10473 5353//10473 5352//10473
f 5275//10474 5352//10474 5356//10474
f 5356//10475 5352//10475 5350//10475
f 5275//10476 5356//10476 5357//10476
f 5357//10477 5356//10477 5358//10477
f 5358//10478 5356//10478 5349//10478
f 5356//10479 5350//10479 5349//10479
f 5359//10480 5358//10480 5360//10480
f 5359//10481 5357//10481 5358//10481
f 5358//10482 5349//10482 5360//10482
f 5359//10483 5360//10483 5361//10483
f 5361//10484 5360//10484 5349//10484
f 5359//10485 5361//10485 5362//10485
f 5362//10486 5361//10486 5363//10486
f 5361//10487 5366//10487 5363//10487
f 5361//10488 5349//10488 5351//10488
f 5361//10489 5351//10489 5364//10489
f 5361//10490 5364//10490 5365//10490
f 5361//10491 5365//10491 5366//10491
f 5285//10492 5366//10492 5365//10492
f 5285//10493 5367//10493 5366//10493
f 5363//10494 5366//10494 5367//10494
f 5285//10495 5368//10495 5367//10495
f 5362//10496 5367//10496 5368//10496
f 5362//10497 5363//10497 5367//10497
f 5285//10498 5369//10498 5368//10498
f 5370//10499 5368//10499 5369//10499
f 5370//10500 5362//10500 5368//10500
f 5270//10501 5362//10501 5370//10501
f 5270//10502 5370//10502 5371//10502
f 5371//10503 5370//10503 5372//10503
f 5370//10504 5375//10504 5372//10504
f 5370//10505 5369//10505 5373//10505
f 5370//10506 5373//10506 5374//10506
f 5370//10507 5374//10507 5375//10507
f 5285//10508 5375//10508 5374//10508
f 5285//10509 5372//10509 5375//10509
f 5285//10510 5374//10510 5373//10510
f 5285//10511 5373//10511 5369//10511
f 5371//10512 5372//10512 5285//10512
f 5271//10513 5270//10513 5371//10513
f 5271//10514 5371//10514 5285//10514
f 5285//10515 5365//10515 5376//10515
f 5365//10516 5346//10516 5376//10516
f 5364//10517 5346//10517 5365//10517
f 5285//10518 5376//10518 5345//10518
f 5346//10519 5345//10519 5376//10519
f 5351//10520 5346//10520 5364//10520
f 5270//10521 5377//10521 5362//10521
f 5359//10522 5362//10522 5377//10522
f 5378//10523 5377//10523 5270//10523
f 5378//10524 5359//10524 5377//10524
f 5269//10525 5378//10525 5270//10525
f 5269//10526 5379//10526 5378//10526
f 5379//10527 5380//10527 5378//10527
f 5378//10528 5380//10528 5381//10528
f 5378//10529 5381//10529 5382//10529
f 5378//10530 5382//10530 5359//10530
f 5381//10531 5357//10531 5382//10531
f 5382//10532 5357//10532 5359//10532
f 5275//10533 5381//10533 5380//10533
f 5275//10534 5357//10534 5381//10534
f 5275//10535 5380//10535 5379//10535
f 5268//10536 5379//10536 5267//10536
f 5268//10537 5275//10537 5379//10537
f 5269//10538 5267//10538 5379//10538
f 5285//10539 5318//10539 5317//10539
f 5285//10540 5317//10540 5312//10540
f 5275//10541 5314//10541 5316//10541
f 5275//10542 5310//10542 5314//10542
f 5285//10543 5299//10543 5293//10543
f 5285//10544 5293//10544 5292//10544
f 5285//10545 5292//10545 5286//10545
f 5272//10546 5288//10546 5281//10546
f 5272//10547 5383//10547 5288//10547
f 5383//10548 5287//10548 5288//10548
f 5272//10549 5384//10549 5383//10549
f 5285//10550 5383//10550 5384//10550
f 5285//10551 5287//10551 5383//10551
f 5272//10552 5385//10552 5384//10552
f 5285//10553 5384//10553 5385//10553
f 5272//10554 5386//10554 5385//10554
f 5285//10555 5385//10555 5386//10555
f 5272//10556 5387//10556 5386//10556
f 5285//10557 5386//10557 5387//10557
f 5271//10558 5387//10558 5272//10558
f 5271//10559 5285//10559 5387//10559
f 5272//10560 5281//10560 5273//10560
o geometry_9.054
v 0.039567 -0.009575 -0.023156
v 0.039759 -0.009914 -0.023594
v 0.040628 -0.009496 -0.024409
v 0.039724 -0.010350 -0.023166
v 0.038982 -0.009411 -0.025312
v 0.038686 -0.007488 -0.031191
v 0.038754 -0.007572 -0.029680
v 0.038969 -0.005946 -0.032550
v 0.038459 -0.001608 -0.030796
v 0.039907 0.000439 -0.023781
v 0.038965 0.001400 -0.023754
v 0.039138 0.000767 -0.022454
v 0.038403 -0.001514 -0.032424
v 0.038451 -0.000231 -0.029192
v 0.038572 0.000939 -0.024574
v 0.040059 0.002187 -0.023550
v 0.038381 -0.000176 -0.030674
v 0.038490 0.000999 -0.026082
v 0.039034 0.002326 -0.022316
v 0.038902 0.002952 -0.023624
v 0.038414 0.002350 -0.024480
v 0.038236 0.002964 -0.026173
v 0.038185 0.002857 -0.027405
v 0.038271 0.003008 -0.025192
v 0.035137 0.011462 -0.022410
v 0.038519 0.003753 -0.023612
v 0.038687 0.003211 -0.023652
v 0.035428 0.011273 -0.022789
v 0.035222 0.011940 -0.022945
v 0.035100 0.012070 -0.022935
v 0.034580 0.012256 -0.023549
v 0.034003 0.013098 -0.025105
v 0.034192 0.012833 -0.023720
v 0.032641 0.014340 -0.029485
v 0.032747 0.014164 -0.028070
v 0.033157 0.013595 -0.025149
v 0.034339 0.013089 -0.021550
v 0.034838 0.013997 -0.022594
v 0.033485 0.013205 -0.023786
v 0.032817 0.013854 -0.025625
v 0.033825 0.013069 -0.021594
v 0.034157 0.014330 -0.022524
v 0.032254 0.013465 -0.021513
v 0.033869 0.014414 -0.022531
v 0.032595 0.014746 -0.022450
v 0.030933 0.013922 -0.022727
v 0.030486 0.013991 -0.022684
v 0.022156 0.015687 -0.021929
v 0.023128 0.014878 -0.023254
v 0.023193 0.014648 -0.022092
v 0.027706 0.014499 -0.026346
v 0.023205 0.014586 -0.021809
v 0.022595 0.015011 -0.020701
v 0.023880 -0.012282 -0.032451
v 0.038271 -0.010569 -0.024118
v 0.038056 -0.011216 -0.024485
v 0.023742 -0.012401 -0.032561
v 0.038159 -0.011070 -0.023288
v 0.023987 -0.012468 -0.030022
v 0.023955 -0.012430 -0.030940
v 0.024027 -0.012497 -0.029516
v 0.024077 -0.012480 -0.028419
v 0.024093 -0.012467 -0.028121
v 0.024245 -0.012347 -0.026680
v 0.024182 -0.012208 -0.026523
v 0.024187 -0.011706 -0.025334
v 0.024105 -0.011226 -0.024054
v 0.023085 0.015026 -0.024790
v 0.022711 0.014841 -0.025910
v 0.022725 0.016297 -0.026228
v 0.022754 0.014983 -0.030598
v 0.022614 0.014843 -0.030492
v 0.023251 0.014951 -0.030462
v 0.024136 0.015023 -0.030493
v 0.024662 0.015039 -0.030530
v 0.030625 0.014836 -0.030868
v 0.027695 0.014621 -0.027753
v 0.030605 0.014564 -0.030947
v 0.031980 0.014508 -0.031000
v 0.030642 0.014529 -0.029366
v 0.032022 0.014449 -0.029477
v 0.032506 0.014427 -0.031004
v 0.032122 0.014250 -0.028076
v 0.032792 0.013984 -0.026601
v 0.032930 0.013992 -0.031022
v 0.032681 0.014658 -0.030940
v 0.033048 0.013949 -0.029482
v 0.033377 0.013505 -0.031103
v 0.038019 0.002504 -0.030394
v 0.033801 0.014472 -0.031949
v 0.034992 0.011413 -0.023645
v 0.034744 0.014274 -0.031272
v 0.034449 0.012287 -0.025111
v 0.033068 0.014176 -0.030995
v 0.038294 0.001893 -0.031956
v 0.037803 0.002504 -0.031859
v 0.038504 0.001107 -0.032022
v 0.038584 0.000901 -0.032007
v 0.038567 -0.000064 -0.032225
v 0.038284 -0.000068 -0.032291
v 0.038208 0.001232 -0.030606
v 0.038111 0.002533 -0.029066
v 0.038642 -0.000942 -0.032295
v 0.038684 -0.001514 -0.032339
v 0.038801 -0.002402 -0.032327
v 0.038724 -0.003882 -0.032650
v 0.038749 -0.005372 -0.032866
v 0.032469 0.014619 -0.031083
v 0.032102 0.014749 -0.030929
v 0.033480 -0.011349 -0.024582
v 0.035232 -0.011252 -0.024619
v 0.036686 -0.011114 -0.024616
v 0.037979 -0.010925 -0.024616
v 0.037324 -0.008392 -0.032603
v 0.037229 -0.008222 -0.032463
v 0.038784 -0.007893 -0.032591
v 0.038941 -0.009082 -0.028100
v 0.038934 -0.009397 -0.027814
v 0.038775 -0.009579 -0.026613
v 0.040119 -0.008854 -0.028729
v 0.038915 -0.007788 -0.032745
v 0.038787 -0.007413 -0.032912
v 0.038824 -0.008781 -0.032995
v 0.038608 -0.007340 -0.032780
v 0.039012 -0.009559 -0.026741
v 0.039054 -0.009828 -0.025292
v 0.038903 -0.009287 -0.026795
v 0.039003 -0.010660 -0.023283
v 0.039826 -0.010923 -0.024478
v 0.038370 -0.010717 -0.024168
v 0.038751 -0.009951 -0.025164
v 0.039231 -0.011143 -0.023648
v 0.039932 -0.009879 -0.024644
v 0.038704 0.003152 -0.023659
v 0.038461 -0.003004 -0.032532
vn -0.9453 -0.1877 -0.2668
vn -0.7246 0.3546 -0.5909
vn -0.7630 -0.0145 -0.6463
vn 0.9501 0.1950 -0.2434
vn 0.7272 -0.6407 -0.2461
vn 0.9525 0.3035 -0.0256
vn 0.7624 -0.5858 -0.2749
vn 0.9923 0.1230 -0.0157
vn 0.9809 -0.0450 -0.1893
vn -0.0539 0.9615 -0.2694
vn -0.0396 -0.0660 0.9970
vn -0.6975 -0.6764 -0.2364
vn 0.9898 -0.1362 -0.0419
vn 0.9342 0.3266 -0.1437
vn 0.9147 -0.3018 -0.2688
vn 0.7997 0.5767 -0.1670
vn 0.5485 -0.8131 0.1948
vn 0.9963 0.0735 -0.0447
vn -0.3958 0.8163 -0.4207
vn 0.9935 0.1025 -0.0499
vn 0.9727 -0.2236 -0.0618
vn 0.9005 0.3526 -0.2544
vn -0.5060 -0.7968 -0.3303
vn 0.9195 -0.3101 -0.2415
vn 0.8593 -0.4454 -0.2514
vn 0.9888 0.1395 -0.0530
vn 0.9267 0.3691 -0.0703
vn 0.2173 0.9747 -0.0524
vn 0.9615 -0.2738 -0.0216
vn 0.8784 0.4207 -0.2266
vn 0.1918 -0.0285 0.9810
vn 0.0866 -0.0461 0.9952
vn 0.9091 0.3034 -0.2854
vn -0.8232 -0.2846 -0.4912
vn -0.9509 -0.2521 0.1798
vn -0.8179 -0.3578 -0.4506
vn 0.0066 -0.0665 0.9978
vn 0.7128 0.6828 -0.1605
vn 0.2253 -0.7437 -0.6294
vn 0.0209 -0.8762 -0.4815
vn 0.6264 0.7770 0.0630
vn 0.4660 0.8786 0.1043
vn 0.5740 0.8167 0.0590
vn 0.7016 0.7006 -0.1303
vn 0.4993 0.8610 0.0974
vn 0.6983 0.7038 -0.1304
vn -0.8075 0.4865 0.3336
vn -0.8879 -0.0394 -0.4584
vn 0.6599 -0.6940 -0.2880
vn 0.4752 0.8696 0.1343
vn 0.8095 0.5803 -0.0894
vn -0.5895 0.7954 0.1408
vn -0.3290 -0.5030 -0.7992
vn -0.1444 -0.5625 -0.8141
vn 0.2485 0.9605 0.1250
vn -0.1802 -0.5492 -0.8160
vn -0.1958 -0.5563 -0.8076
vn -0.1071 -0.1153 0.9875
vn 0.0457 -0.0654 0.9968
vn 0.4137 -0.6069 -0.6787
vn 0.0893 -0.0345 0.9954
vn 0.1590 0.9840 0.0803
vn 0.2227 0.9672 0.1221
vn 0.0826 -0.0375 0.9959
vn -0.2175 -0.8858 -0.4099
vn 0.1158 0.9920 0.0496
vn 0.1033 0.9768 0.1877
vn 0.1046 0.9723 0.2090
vn 0.1183 0.9918 0.0477
vn 0.0358 0.9394 -0.3410
vn -0.8279 0.1884 -0.5282
vn 0.9542 0.1550 -0.2558
vn -0.4628 -0.2498 0.8505
vn 0.4443 0.3264 -0.8343
vn 0.0068 -0.9927 0.1208
vn -0.5783 -0.0791 0.8120
vn 0.1498 -0.9833 -0.1033
vn -0.4792 0.8733 0.0879
vn -0.9654 -0.2598 0.0225
vn -0.9975 -0.0536 0.0459
vn -0.9969 0.0597 0.0514
vn -0.9099 0.4101 0.0621
vn -0.8862 -0.4606 0.0508
vn -0.9921 -0.1138 0.0519
vn -0.9376 -0.3409 0.0679
vn -0.9965 -0.0750 0.0361
vn -0.9986 -0.0389 0.0348
vn -0.9979 -0.0436 0.0470
vn -0.9990 -0.0360 0.0247
vn -0.9357 -0.1203 0.3317
vn -0.9934 -0.0153 -0.1139
vn -0.9991 -0.0417 0.0060
vn 0.4202 0.2440 0.8740
vn -0.0291 0.0704 -0.9971
vn 0.7631 -0.6175 0.1907
vn 0.0268 0.1193 -0.9925
vn -0.1659 0.9860 -0.0178
vn 0.9997 -0.0142 -0.0212
vn -0.4684 0.8835 0.0104
vn -0.0409 0.0688 -0.9968
vn -0.0812 0.9966 -0.0155
vn -0.0703 0.0480 -0.9964
vn -0.0325 0.9995 -0.0065
vn -0.0545 0.0588 -0.9968
vn 0.0447 -0.2827 0.9582
vn 0.1078 0.9937 0.0320
vn 0.0837 0.9948 0.0585
vn 0.0415 0.9989 0.0213
vn 0.0255 -0.2816 0.9592
vn 0.0429 0.9989 0.0212
vn 0.0606 0.9975 0.0369
vn 0.0621 0.9965 0.0566
vn 0.1737 0.9839 0.0410
vn 0.1519 0.9878 0.0340
vn 0.1737 0.9787 0.1090
vn 0.1635 0.9799 0.1145
vn 0.0736 0.9936 0.0857
vn 0.1072 0.9854 0.1321
vn 0.0917 0.9868 0.1334
vn 0.1152 0.9850 0.1283
vn 0.5105 0.8540 0.1005
vn 0.5497 0.8311 0.0845
vn 0.1060 0.9859 0.1292
vn 0.7147 0.6985 -0.0352
vn -0.1309 -0.1696 0.9768
vn -0.0310 -0.2433 0.9695
vn 0.6931 0.7205 -0.0205
vn 0.7429 0.6686 -0.0321
vn 0.7329 0.6793 -0.0371
vn 0.6932 0.7207 -0.0111
vn 0.9195 0.3821 -0.0919
vn 0.6501 0.3188 0.6897
vn 0.3140 -0.6996 -0.6418
vn 0.9480 0.2935 -0.1229
vn 0.8024 0.5963 -0.0223
vn 0.1415 -0.0333 0.9894
vn 0.8697 0.4903 -0.0574
vn 0.8867 0.4576 -0.0656
vn 0.8570 0.5117 -0.0620
vn -0.5983 -0.1744 0.7821
vn -0.1644 0.0280 -0.9860
vn 0.1721 -0.2663 0.9484
vn -0.0735 0.0554 -0.9958
vn -0.0200 -0.1299 0.9913
vn 0.9179 0.3849 -0.0964
vn 0.9110 0.3938 -0.1225
vn 0.2660 0.0956 -0.9592
vn 0.3317 0.1180 0.9360
vn 0.9395 0.3131 -0.1389
vn 0.7654 0.6335 -0.1132
vn -0.0433 0.0718 -0.9965
vn 0.9652 0.2517 0.0714
vn 0.4149 0.0951 -0.9049
vn 0.9336 0.3571 -0.0284
vn -0.8900 -0.0856 0.4478
vn -0.2192 -0.2111 0.9526
vn 0.8744 -0.3644 0.3203
vn 0.6794 -0.6522 0.3361
vn 0.9161 0.3945 -0.0717
vn 0.8606 0.4912 -0.1343
vn 0.9880 0.1374 -0.0710
vn 0.9910 0.1240 -0.0511
vn 0.9907 0.1241 -0.0559
vn 0.9907 0.1239 -0.0559
vn 0.9948 0.0868 -0.0538
vn -0.2567 -0.1096 0.9603
vn -0.2249 -0.0966 0.9696
vn -0.9527 -0.0470 -0.3003
vn -0.8263 -0.0253 -0.5627
vn -0.2885 -0.0946 0.9528
vn 0.6657 0.0782 -0.7421
vn -0.2897 -0.0255 0.9568
vn -0.8391 -0.0736 0.5390
vn -0.5405 -0.1521 0.8275
vn -0.8817 -0.0822 0.4646
vn -0.3837 -0.1390 0.9129
vn 0.9073 0.1273 -0.4007
vn 0.5176 0.2225 -0.8262
vn -0.2136 0.9759 0.0457
vn -0.4051 -0.0630 -0.9121
vn 0.2384 -0.3841 0.8920
vn -0.0375 0.0657 -0.9971
vn 0.0223 -0.2936 0.9557
vn 0.1446 0.9853 0.0904
vn 0.1390 0.9867 0.0846
vn 0.0502 -0.2830 0.9578
vn 0.0295 -0.0765 0.9966
vn 0.0076 -0.9361 0.3517
vn 0.0328 -0.2172 0.9756
vn 0.0584 -0.9764 0.2078
vn -0.0650 -0.7591 0.6477
vn 0.0040 -0.9213 0.3887
vn 0.0124 -0.1560 0.9877
vn 0.0938 -0.9945 0.0467
vn 0.0853 -0.9936 0.0737
vn 0.0293 -0.1963 0.9801
vn 0.1446 -0.9851 -0.0929
vn 0.1340 -0.9887 -0.0671
vn 0.0962 -0.9946 0.0382
vn 0.1045 -0.9945 0.0106
vn -0.2539 0.3397 0.9056
vn -0.4195 0.2775 0.8643
vn 0.1271 -0.9908 -0.0461
vn -0.0311 0.9924 -0.1187
vn -0.0117 0.0294 -0.9995
vn 0.1699 -0.5674 0.8057
vn 0.2850 -0.9129 -0.2923
vn 0.1851 -0.5603 0.8073
vn 0.1800 -0.9493 -0.2578
vn 0.2868 -0.9123 -0.2924
vn -0.2585 -0.6461 -0.7181
vn -0.9827 -0.1124 -0.1473
vn 0.5596 -0.8029 -0.2056
vn 0.0496 -0.9650 -0.2574
vn 0.3188 -0.8880 -0.3313
vn -0.1921 0.9327 0.3052
vn -0.7884 0.0875 -0.6089
vn -0.8291 -0.0350 0.5579
vn -0.8480 -0.0551 0.5271
vn -0.9960 0.0835 0.0311
vn 0.5827 -0.0341 0.8120
vn 0.9887 0.1498 -0.0111
vn -0.5274 -0.8449 -0.0894
vn 0.9710 -0.2285 -0.0703
vn 0.9249 0.3777 0.0432
vn 0.9204 0.3829 0.0792
vn 0.9054 -0.4052 -0.1267
vn -0.6590 -0.6889 -0.3018
vn 0.1088 0.9839 -0.1419
vn 0.5654 -0.7439 -0.3563
vn -0.6244 -0.7549 -0.2008
vn 0.0193 0.7888 0.6143
vn -0.6593 -0.7256 -0.1971
vn -0.2013 -0.7998 -0.5654
vn 0.5920 -0.7830 -0.1911
vn 0.2128 -0.5532 -0.8054
vn -0.4612 0.6637 0.5889
vn 0.5484 0.2679 -0.7921
vn 0.1857 -0.1511 0.9709
vn 0.4038 -0.1840 -0.8962
vn -0.9901 0.0830 -0.1129
vn 0.8570 0.4934 -0.1489
vn -0.4688 0.8820 -0.0476
vn -0.9826 -0.0847 -0.1652
vn 0.9985 -0.0113 -0.0539
vn 0.9850 0.1685 -0.0381
vn 0.9988 0.0003 -0.0491
vn 0.9527 0.1525 -0.2628
vn 0.9685 -0.2390 -0.0699
vn 0.4981 -0.2650 0.8256
vn 0.0011 0.0207 -0.9998
vn -0.0500 -0.0923 0.9945
vn 0.0742 -0.0586 0.9955
vn 0.6527 0.2169 -0.7259
vn 0.4370 0.0130 0.8994
vn 0.9094 0.3026 -0.2854
vn -0.2723 -0.0982 0.9572
vn 0.7096 0.6541 -0.2619
vn 0.9912 0.1206 -0.0545
vn -0.1144 -0.0784 0.9903
vn 0.9962 0.0748 -0.0446
vn 0.1276 0.0789 -0.9887
vn -0.4429 -0.0820 0.8928
vn 0.9986 0.0413 -0.0319
vn 0.9763 0.1693 -0.1349
vn 0.9722 -0.2274 -0.0561
s 0
f 5388//10561 5389//10561 5391//10561
f 5388//10562 5390//10562 5389//10562
f 5388//10563 5397//10563 5390//10563
f 5388//10564 5391//10564 5392//10564
f 5388//10565 5392//10565 5393//10565
f 5388//10566 5393//10566 5394//10566
f 5388//10567 5394//10567 5395//10567
f 5388//10568 5395//10568 5396//10568
f 5388//10569 5396//10569 5397//10569
f 5396//10570 5399//10570 5397//10570
f 5390//10571 5397//10571 5398//10571
f 5397//10572 5399//10572 5398//10572
f 5396//10573 5400//10573 5399//10573
f 5400//10574 5401//10574 5399//10574
f 5399//10575 5402//10575 5398//10575
f 5399//10576 5401//10576 5402//10576
f 5398//10577 5402//10577 5403//10577
f 5404//10578 5402//10578 5401//10578
f 5402//10579 5406//10579 5403//10579
f 5404//10580 5405//10580 5402//10580
f 5402//10581 5405//10581 5406//10581
f 5408//10582 5406//10582 5405//10582
f 5403//10583 5406//10583 5407//10583
f 5406//10584 5409//10584 5407//10584
f 5408//10585 5409//10585 5406//10585
f 5408//10586 5410//10586 5409//10586
f 5410//10587 5412//10587 5409//10587
f 5407//10588 5409//10588 5411//10588
f 5409//10589 5413//10589 5411//10589
f 5409//10590 5412//10590 5413//10590
f 5390//10591 5413//10591 5415//10591
f 5390//10592 5414//10592 5413//10592
f 5411//10593 5413//10593 5414//10593
f 5412//10594 5415//10594 5413//10594
f 5390//10595 5415//10595 5416//10595
f 5412//10596 5416//10596 5415//10596
f 5390//10597 5416//10597 5417//10597
f 5416//10598 5420//10598 5417//10598
f 5412//10599 5418//10599 5416//10599
f 5419//10600 5416//10600 5418//10600
f 5419//10601 5420//10601 5416//10601
f 5419//10602 5421//10602 5420//10602
f 5421//10603 5422//10603 5420//10603
f 5420//10604 5424//10604 5417//10604
f 5420//10605 5422//10605 5423//10605
f 5420//10606 5423//10606 5424//10606
f 5423//10607 5426//10607 5424//10607
f 5417//10608 5424//10608 5425//10608
f 5424//10609 5426//10609 5425//10609
f 5423//10610 5427//10610 5426//10610
f 5427//10611 5428//10611 5426//10611
f 5425//10612 5426//10612 5428//10612
f 5425//10613 5428//10613 5429//10613
f 5428//10614 5431//10614 5429//10614
f 5427//10615 5430//10615 5428//10615
f 5428//10616 5430//10616 5432//10616
f 5428//10617 5432//10617 5431//10617
f 5390//10618 5432//10618 5433//10618
f 5390//10619 5431//10619 5432//10619
f 5433//10620 5432//10620 5430//10620
f 5390//10621 5433//10621 5434//10621
f 5427//10622 5434//10622 5433//10622
f 5427//10623 5433//10623 5430//10623
f 5390//10624 5434//10624 5435//10624
f 5434//10625 5440//10625 5435//10625
f 5436//10626 5434//10626 5438//10626
f 5436//10627 5437//10627 5434//10627
f 5437//10628 5439//10628 5434//10628
f 5438//10629 5434//10629 5427//10629
f 5434//10630 5439//10630 5440//10630
f 5441//10631 5440//10631 5439//10631
f 5441//10632 5435//10632 5440//10632
f 5442//10633 5441//10633 5444//10633
f 5442//10634 5443//10634 5441//10634
f 5443//10635 5445//10635 5441//10635
f 5441//10636 5458//10636 5444//10636
f 5441//10637 5445//10637 5447//10637
f 5441//10638 5446//10638 5448//10638
f 5441//10639 5447//10639 5446//10639
f 5441//10640 5448//10640 5449//10640
f 5441//10641 5449//10641 5450//10641
f 5441//10642 5450//10642 5451//10642
f 5441//10643 5451//10643 5452//10643
f 5441//10644 5452//10644 5453//10644
f 5441//10645 5453//10645 5454//10645
f 5441//10646 5454//10646 5435//10646
f 5441//10647 5439//10647 5437//10647
f 5441//10648 5437//10648 5436//10648
f 5441//10649 5436//10649 5455//10649
f 5441//10650 5455//10650 5456//10650
f 5441//10651 5456//10651 5457//10651
f 5441//10652 5457//10652 5458//10652
f 5395//10653 5458//10653 5459//10653
f 5395//10654 5444//10654 5458//10654
f 5458//10655 5457//10655 5459//10655
f 5395//10656 5459//10656 5460//10656
f 5459//10657 5455//10657 5460//10657
f 5457//10658 5456//10658 5459//10658
f 5459//10659 5456//10659 5455//10659
f 5395//10660 5460//10660 5461//10660
f 5455//10661 5461//10661 5460//10661
f 5395//10662 5461//10662 5462//10662
f 5455//10663 5462//10663 5461//10663
f 5395//10664 5462//10664 5463//10664
f 5462//10665 5465//10665 5463//10665
f 5455//10666 5464//10666 5462//10666
f 5464//10667 5465//10667 5462//10667
f 5466//10668 5465//10668 5467//10668
f 5466//10669 5463//10669 5465//10669
f 5464//10670 5467//10670 5465//10670
f 5466//10671 5467//10671 5468//10671
f 5468//10672 5467//10672 5464//10672
f 5469//10673 5468//10673 5421//10673
f 5469//10674 5466//10674 5468//10674
f 5421//10675 5468//10675 5422//10675
f 5468//10676 5471//10676 5422//10676
f 5468//10677 5464//10677 5438//10677
f 5468//10678 5438//10678 5470//10678
f 5468//10679 5470//10679 5427//10679
f 5468//10680 5427//10680 5471//10680
f 5423//10681 5471//10681 5427//10681
f 5422//10682 5471//10682 5423//10682
f 5438//10683 5427//10683 5470//10683
f 5472//10684 5469//10684 5474//10684
f 5472//10685 5473//10685 5469//10685
f 5473//10686 5466//10686 5469//10686
f 5474//10687 5469//10687 5421//10687
f 5475//10688 5474//10688 5419//10688
f 5475//10689 5472//10689 5474//10689
f 5474//10690 5421//10690 5419//10690
f 5476//10691 5475//10691 5478//10691
f 5476//10692 5477//10692 5475//10692
f 5477//10693 5479//10693 5475//10693
f 5478//10694 5475//10694 5412//10694
f 5475//10695 5480//10695 5412//10695
f 5475//10696 5479//10696 5472//10696
f 5475//10697 5419//10697 5418//10697
f 5475//10698 5418//10698 5480//10698
f 5412//10699 5480//10699 5418//10699
f 5395//10700 5479//10700 5477//10700
f 5395//10701 5481//10701 5479//10701
f 5479//10702 5481//10702 5472//10702
f 5395//10703 5473//10703 5481//10703
f 5472//10704 5481//10704 5473//10704
f 5476//10705 5478//10705 5410//10705
f 5410//10706 5478//10706 5412//10706
f 5395//10707 5477//10707 5482//10707
f 5482//10708 5477//10708 5483//10708
f 5476//10709 5483//10709 5477//10709
f 5476//10710 5482//10710 5483//10710
f 5395//10711 5482//10711 5484//10711
f 5484//10712 5482//10712 5476//10712
f 5395//10713 5484//10713 5485//10713
f 5485//10714 5484//10714 5476//10714
f 5395//10715 5485//10715 5486//10715
f 5487//10716 5486//10716 5485//10716
f 5487//10717 5485//10717 5488//10717
f 5485//10718 5410//10718 5488//10718
f 5485//10719 5476//10719 5489//10719
f 5485//10720 5489//10720 5410//10720
f 5476//10721 5410//10721 5489//10721
f 5487//10722 5488//10722 5404//10722
f 5404//10723 5488//10723 5408//10723
f 5488//10724 5410//10724 5408//10724
f 5400//10725 5487//10725 5404//10725
f 5400//10726 5490//10726 5487//10726
f 5490//10727 5486//10727 5487//10727
f 5395//10728 5490//10728 5491//10728
f 5395//10729 5486//10729 5490//10729
f 5400//10730 5491//10730 5490//10730
f 5395//10731 5491//10731 5492//10731
f 5400//10732 5492//10732 5491//10732
f 5395//10733 5492//10733 5493//10733
f 5400//10734 5493//10734 5492//10734
f 5395//10735 5493//10735 5494//10735
f 5494//10736 5493//10736 5400//10736
f 5395//10737 5494//10737 5400//10737
f 5395//10738 5495//10738 5473//10738
f 5473//10739 5495//10739 5466//10739
f 5395//10740 5496//10740 5495//10740
f 5495//10741 5496//10741 5466//10741
f 5395//10742 5463//10742 5496//10742
f 5466//10743 5496//10743 5463//10743
f 5455//10744 5436//10744 5464//10744
f 5436//10745 5438//10745 5464//10745
f 5390//10746 5454//10746 5497//10746
f 5390//10747 5435//10747 5454//10747
f 5497//10748 5454//10748 5453//10748
f 5390//10749 5497//10749 5498//10749
f 5498//10750 5497//10750 5451//10750
f 5497//10751 5452//10751 5451//10751
f 5497//10752 5453//10752 5452//10752
f 5390//10753 5498//10753 5499//10753
f 5499//10754 5498//10754 5450//10754
f 5498//10755 5451//10755 5450//10755
f 5390//10756 5499//10756 5500//10756
f 5500//10757 5499//10757 5446//10757
f 5499//10758 5448//10758 5446//10758
f 5499//10759 5450//10759 5449//10759
f 5499//10760 5449//10760 5448//10760
f 5390//10761 5500//10761 5443//10761
f 5443//10762 5500//10762 5447//10762
f 5500//10763 5446//10763 5447//10763
f 5443//10764 5447//10764 5445//10764
f 5395//10765 5501//10765 5444//10765
f 5502//10766 5444//10766 5501//10766
f 5442//10767 5444//10767 5502//10767
f 5503//10768 5502//10768 5501//10768
f 5503//10769 5504//10769 5502//10769
f 5504//10770 5442//10770 5502//10770
f 5505//10771 5504//10771 5507//10771
f 5505//10772 5506//10772 5504//10772
f 5506//10773 5442//10773 5504//10773
f 5503//10774 5507//10774 5504//10774
f 5508//10775 5507//10775 5503//10775
f 5508//10776 5505//10776 5507//10776
f 5395//10777 5508//10777 5503//10777
f 5395//10778 5509//10778 5508//10778
f 5509//10779 5510//10779 5508//10779
f 5510//10780 5505//10780 5508//10780
f 5511//10781 5510//10781 5509//10781
f 5511//10782 5512//10782 5510//10782
f 5512//10783 5505//10783 5510//10783
f 5513//10784 5515//10784 5512//10784
f 5513//10785 5512//10785 5514//10785
f 5514//10786 5512//10786 5511//10786
f 5512//10787 5515//10787 5505//10787
f 5513//10788 5516//10788 5515//10788
f 5516//10789 5517//10789 5515//10789
f 5515//10790 5517//10790 5518//10790
f 5515//10791 5518//10791 5505//10791
f 5517//10792 5519//10792 5518//10792
f 5505//10793 5518//10793 5506//10793
f 5518//10794 5519//10794 5442//10794
f 5518//10795 5442//10795 5506//10795
f 5390//10796 5519//10796 5517//10796
f 5390//10797 5443//10797 5519//10797
f 5519//10798 5443//10798 5442//10798
f 5390//10799 5517//10799 5516//10799
f 5390//10800 5516//10800 5520//10800
f 5391//10801 5520//10801 5516//10801
f 5391//10802 5516//10802 5513//10802
f 5390//10803 5520//10803 5389//10803
f 5389//10804 5520//10804 5391//10804
f 5392//10805 5514//10805 5393//10805
f 5392//10806 5513//10806 5514//10806
f 5393//10807 5514//10807 5511//10807
f 5391//10808 5513//10808 5392//10808
f 5393//10809 5511//10809 5395//10809
f 5395//10810 5511//10810 5509//10810
f 5395//10811 5503//10811 5501//10811
f 5390//10812 5429//10812 5431//10812
f 5390//10813 5425//10813 5429//10813
f 5390//10814 5417//10814 5425//10814
f 5390//10815 5521//10815 5414//10815
f 5411//10816 5414//10816 5521//10816
f 5390//10817 5407//10817 5521//10817
f 5407//10818 5411//10818 5521//10818
f 5404//10819 5408//10819 5405//10819
f 5390//10820 5403//10820 5407//10820
f 5400//10821 5404//10821 5401//10821
f 5390//10822 5398//10822 5403//10822
f 5395//10823 5400//10823 5522//10823
f 5396//10824 5522//10824 5400//10824
f 5395//10825 5522//10825 5396//10825
f 5393//10826 5395//10826 5394//10826
o geometry_9.055
v 0.020941 0.015222 -0.024659
v 0.020985 0.015106 -0.023036
v 0.020877 0.015695 -0.023061
v 0.021038 0.014875 -0.021946
v 0.021741 0.014736 -0.021039
v 0.021539 0.014797 -0.022160
v 0.022233 -0.011551 -0.023997
v 0.021933 -0.012175 -0.025094
v 0.021931 -0.012230 -0.025229
v 0.021908 -0.012673 -0.026324
v 0.021905 -0.012742 -0.026516
v 0.021844 -0.013025 -0.028001
v 0.021824 -0.013062 -0.028322
v 0.021778 -0.013105 -0.029444
v 0.021753 -0.013108 -0.029967
v 0.021710 -0.013077 -0.030906
v 0.021658 -0.012920 -0.032485
v 0.021904 -0.012952 -0.032485
v 0.021048 0.014995 -0.030506
v 0.021222 0.014928 -0.025883
v 0.015509 0.018110 -0.020253
v 0.016425 0.017528 -0.021535
v 0.015721 0.019182 -0.021329
v 0.015424 0.019192 -0.021523
v 0.014348 0.019373 -0.021403
v 0.012825 0.019325 -0.021366
v 0.011288 0.019148 -0.021343
v 0.010148 0.018862 -0.021324
v 0.002866 0.015081 -0.021283
v 0.004012 -0.016079 -0.023515
v 0.008473 -0.016487 -0.023991
v 0.009677 -0.016575 -0.024095
v 0.010691 -0.017227 -0.023636
v 0.015574 -0.016188 -0.024355
v 0.016984 -0.015782 -0.024380
v 0.016998 -0.015778 -0.024382
v 0.018239 -0.014851 -0.024375
v 0.019598 -0.013805 -0.024358
v 0.017200 -0.016037 -0.025044
v 0.017675 -0.016347 -0.025988
v 0.016679 -0.016764 -0.025751
v 0.016471 -0.016234 -0.024868
v 0.016936 -0.017227 -0.026678
v 0.018500 -0.015937 -0.026321
v 0.017307 -0.017378 -0.027505
v 0.016239 -0.017401 -0.026358
v 0.016659 -0.017484 -0.027031
v 0.016652 -0.017897 -0.028405
v 0.017403 -0.017474 -0.028320
v 0.015499 -0.018160 -0.028424
v 0.016080 -0.018431 -0.030418
v 0.016408 -0.018229 -0.029896
v 0.016635 -0.018260 -0.031230
v 0.016741 -0.018255 -0.032778
v 0.016283 -0.018437 -0.032784
v 0.017491 -0.017577 -0.029742
v 0.016170 -0.018443 -0.031202
v 0.015305 -0.018659 -0.032823
v 0.015720 -0.018875 -0.032643
v 0.015445 -0.018536 -0.031226
v 0.014028 -0.019052 -0.032624
v 0.014016 -0.018751 -0.032809
v 0.014507 -0.019014 -0.032646
v 0.015328 -0.018954 -0.032640
v 0.012650 -0.018581 -0.032643
v 0.013085 -0.018563 -0.031117
v 0.013343 -0.018538 -0.030358
v 0.014020 -0.018606 -0.031190
v 0.014045 -0.018514 -0.030288
v 0.015499 -0.018449 -0.030321
v 0.015497 -0.018366 -0.029627
v 0.014122 -0.018418 -0.029622
v 0.014215 -0.018143 -0.028405
v 0.012827 -0.018362 -0.029909
v 0.015580 -0.017721 -0.027007
v 0.014804 -0.017393 -0.026203
v 0.015611 -0.017433 -0.026306
v 0.015557 -0.017022 -0.025673
v 0.015534 -0.016346 -0.024731
v 0.012429 -0.018429 -0.031107
v 0.012135 -0.018439 -0.032022
v 0.003740 -0.016863 -0.032071
v 0.011934 -0.018703 -0.033519
v 0.011634 -0.020044 -0.032782
v 0.012681 -0.018885 -0.032538
v 0.002722 0.011415 -0.029915
v 0.002803 0.012577 -0.028870
v 0.007408 0.012042 -0.030049
v 0.005933 0.014726 -0.026761
v 0.006680 0.011991 -0.029897
v 0.002834 0.013259 -0.028186
v 0.002535 0.011623 -0.029497
v 0.002982 0.014820 -0.021566
v 0.003020 0.014915 -0.023150
v 0.003004 0.014887 -0.023633
v 0.002974 0.014807 -0.024483
v 0.002948 0.014613 -0.025366
v 0.002890 0.014311 -0.026393
v 0.002838 0.013733 -0.027503
v 0.005010 0.014503 -0.026772
v 0.004154 0.014673 -0.025933
v 0.009965 0.016421 -0.025673
v 0.005561 0.014884 -0.026295
v 0.010053 0.016804 -0.024870
v 0.004238 0.015061 -0.024913
v 0.002806 0.014585 -0.025405
v 0.010193 0.017146 -0.023528
v 0.010642 0.017364 -0.023200
v 0.004306 0.015187 -0.023633
v 0.010541 0.017358 -0.022291
v 0.005309 0.015492 -0.022194
v 0.011466 0.017522 -0.022253
v 0.011516 0.018026 -0.020173
v 0.010473 0.017724 -0.020178
v 0.012912 0.018214 -0.020149
v 0.014341 0.018323 -0.020166
v 0.012836 0.017588 -0.022225
v 0.014314 0.017558 -0.022363
v 0.012755 0.017458 -0.023221
v 0.011361 0.017415 -0.023377
v 0.011362 0.017335 -0.023979
v 0.011332 0.017070 -0.024850
v 0.012686 0.017324 -0.023850
v 0.014762 0.017444 -0.022890
v 0.013862 0.017461 -0.023024
v 0.015076 0.017532 -0.022014
v 0.011357 0.016583 -0.025785
v 0.016336 -0.018719 -0.032631
v 0.016568 -0.018620 -0.032638
v 0.016884 -0.018498 -0.032630
v 0.017769 -0.017780 -0.032644
v 0.019285 -0.018183 -0.032834
v 0.017643 -0.017507 -0.032828
v 0.018469 -0.017327 -0.033859
v 0.018150 -0.017016 -0.032203
v 0.017504 -0.017626 -0.031179
v 0.018128 -0.017024 -0.031160
v 0.018083 -0.017014 -0.029704
v 0.017975 -0.016953 -0.028298
v 0.018584 -0.016084 -0.027124
vn 0.9880 0.1536 -0.0153
vn 0.9838 0.1790 -0.0134
vn 0.2894 0.9209 -0.2613
vn 0.0335 0.9915 0.1258
vn 0.8832 0.4492 -0.1348
vn 0.9733 0.0414 -0.2256
vn 0.9580 0.0392 -0.2839
vn 0.9988 0.0367 -0.0338
vn 0.9987 0.0367 -0.0358
vn 0.9989 0.0363 -0.0284
vn 0.9981 0.0376 -0.0484
vn 0.9971 0.0396 -0.0655
vn 0.9984 0.0366 -0.0422
vn 0.9981 0.0378 -0.0493
vn 0.9984 0.0368 -0.0437
vn 0.9990 0.0336 -0.0294
vn -0.0363 -0.2686 0.9626
vn 0.9994 0.0294 0.0170
vn -0.6898 -0.7238 0.0156
vn 0.3792 0.9157 -0.1327
vn -0.3571 -0.9198 0.1627
vn -0.8355 -0.2978 -0.4618
vn 0.3611 0.1056 0.9265
vn 0.5029 0.8501 0.1562
vn -0.5255 -0.3217 0.7876
vn 0.1213 0.0658 0.9904
vn 0.0255 -0.0427 0.9988
vn 0.0212 -0.0513 0.9985
vn 0.0259 -0.0364 0.9990
vn 0.0255 -0.0384 0.9989
vn 0.0312 -0.0703 0.9970
vn 0.0970 -0.0942 0.9908
vn 0.0795 -0.0903 0.9927
vn -0.4064 0.0118 0.9136
vn 0.1631 -0.0863 0.9828
vn 0.0417 -0.0843 0.9956
vn 0.1832 -0.0806 0.9798
vn 0.0572 -0.0841 0.9948
vn 0.0521 -0.0844 0.9951
vn -0.0545 -0.0951 0.9940
vn 0.0858 -0.0670 0.9941
vn -0.4673 -0.8834 0.0357
vn 0.4691 0.8517 -0.2336
vn 0.5490 -0.7202 0.4242
vn 0.5746 -0.7306 0.3688
vn 0.5207 -0.6986 0.4908
vn 0.4543 -0.7534 0.4754
vn 0.5342 -0.7189 0.4448
vn 0.4009 -0.7701 0.4962
vn 0.3388 -0.7695 0.5413
vn 0.3310 -0.8397 0.4305
vn 0.3002 -0.8536 0.4256
vn 0.4166 -0.7617 0.4963
vn 0.5313 -0.7517 0.3907
vn 0.5367 -0.7546 0.3775
vn 0.3824 -0.8638 0.3282
vn 0.3701 -0.8650 0.3388
vn 0.2583 -0.9256 0.2766
vn 0.3445 -0.8996 0.2683
vn 0.4707 -0.8680 0.1583
vn 0.4772 -0.8711 0.1161
vn 0.2103 -0.9395 0.2702
vn 0.2157 -0.9573 0.1926
vn 0.3272 -0.9323 0.1543
vn 0.4121 -0.9066 0.0911
vn 0.4918 -0.8645 0.1037
vn 0.5829 -0.8117 0.0372
vn 0.3699 -0.9288 0.0223
vn 0.3671 -0.9299 0.0231
vn 0.5165 -0.8511 0.0936
vn 0.3683 -0.9280 0.0567
vn 0.1793 -0.9831 0.0357
vn 0.2208 -0.9752 0.0125
vn -0.1397 0.4612 0.8762
vn -0.0964 0.5211 0.8481
vn 0.0749 -0.9947 0.0705
vn 0.0716 -0.9949 0.0708
vn 0.0076 0.4322 0.9018
vn -0.0276 0.5215 0.8528
vn -0.0457 0.5258 0.8494
vn 0.0034 0.0622 -0.9981
vn -0.0225 0.0665 -0.9975
vn -0.0514 0.0726 -0.9960
vn -0.1179 -0.9920 0.0458
vn 0.1661 0.5202 0.8377
vn -0.0878 -0.9942 0.0626
vn 0.0097 -0.9959 0.0895
vn 0.0511 -0.9947 0.0893
vn 0.0238 -0.9946 0.1008
vn 0.0462 -0.9939 0.1002
vn 0.0511 -0.9945 0.0919
vn 0.0473 -0.9946 0.0921
vn 0.0519 -0.9914 0.1200
vn 0.0466 -0.9917 0.1201
vn 0.1166 -0.9791 0.1667
vn 0.0380 -0.9851 0.1679
vn 0.0381 -0.9897 0.1383
vn -0.0097 -0.9753 0.2206
vn -0.0620 -0.9726 0.2240
vn 0.0196 -0.9899 0.1405
vn -0.0572 -0.9569 0.2847
vn -0.0893 -0.9706 0.2234
vn -0.1143 -0.9627 0.2453
vn -0.0208 -0.9447 0.3274
vn -0.0082 -0.9549 0.2967
vn -0.0509 -0.9411 0.3342
vn 0.0009 -0.9315 0.3637
vn -0.0483 -0.9652 0.2570
vn 0.0033 -0.9250 0.3800
vn 0.0883 -0.8323 0.5473
vn 0.0786 -0.9233 0.3761
vn 0.0835 -0.8328 0.5472
vn 0.1372 -0.8031 0.5798
vn 0.0948 -0.8076 0.5821
vn 0.1628 -0.9157 0.3675
vn 0.1798 -0.7882 0.5886
vn 0.2443 -0.9030 0.3534
vn -0.0588 -0.6346 -0.7706
vn 0.1806 -0.9423 0.2819
vn 0.1284 -0.8647 0.4857
vn -0.1905 -0.9774 0.0913
vn -0.1965 -0.9755 0.0989
vn -0.2042 -0.9760 0.0757
vn -0.1973 -0.9776 0.0735
vn -0.1841 -0.9783 0.0955
vn -0.1820 -0.9638 0.1946
vn -0.0537 -0.9821 0.1806
vn -0.1908 -0.9794 0.0664
vn 0.2490 0.4234 0.8711
vn -0.6577 0.4704 0.5883
vn -0.7761 0.1348 0.6161
vn 0.2232 0.0033 -0.9748
vn -0.0547 0.0732 -0.9958
vn 0.1014 0.3348 0.9368
vn -0.0573 0.0800 -0.9951
vn -0.0466 0.0743 -0.9961
vn -0.9909 -0.0453 0.1264
vn -0.9988 -0.0356 0.0350
vn -0.1579 0.7992 -0.5799
vn -0.1466 0.5500 -0.8222
vn -0.2155 0.2340 -0.9481
vn -0.0114 0.7088 -0.7053
vn -0.1287 0.5697 -0.8117
vn -0.9880 0.1297 -0.0842
vn 0.6323 -0.5416 0.5540
vn -0.9990 -0.0382 0.0210
vn 0.8035 0.5632 -0.1927
vn -0.9913 0.1306 -0.0158
vn -0.9994 0.0135 0.0324
vn -0.9994 0.0118 0.0331
vn -0.9992 0.0337 0.0220
vn -0.9960 -0.0531 0.0723
vn -0.9945 -0.0661 0.0813
vn -0.0874 0.8850 -0.4573
vn -0.0993 0.8178 -0.5668
vn -0.1927 0.9044 -0.3806
vn -0.2484 0.8845 -0.3948
vn -0.2415 0.8676 -0.4347
vn -0.2392 0.8745 -0.4220
vn -0.2696 0.9073 -0.3226
vn -0.1916 0.9226 -0.3348
vn -0.1705 0.9457 -0.2769
vn 0.2156 -0.9361 0.2781
vn -0.2794 0.9370 -0.2097
vn -0.2681 0.9307 -0.2488
vn -0.3193 0.9446 -0.0761
vn -0.2238 0.9710 -0.0838
vn -0.2582 0.9451 -0.2004
vn -0.2336 0.9364 -0.2618
vn -0.3228 0.9460 -0.0304
vn -0.3353 0.9415 0.0346
vn -0.2239 0.9710 -0.0835
vn -0.1917 0.9787 -0.0733
vn -0.2244 0.9733 -0.0483
vn -0.1876 0.9808 0.0542
vn -0.8428 0.1764 -0.5086
vn -0.3079 0.8395 -0.4478
vn -0.1738 0.9847 -0.0135
vn -0.1605 0.9602 -0.2287
vn -0.2731 0.9464 -0.1726
vn -0.3009 0.9380 -0.1721
vn 0.2025 -0.6868 -0.6980
vn 0.1578 -0.6777 -0.7182
vn 0.3205 -0.6249 -0.7118
vn 0.1097 -0.7301 -0.6744
vn -0.1259 0.9648 -0.2307
vn 0.0716 -0.7130 -0.6975
vn -0.0766 0.9554 -0.2853
vn 0.0509 -0.7617 -0.6459
vn 0.0070 -0.7382 -0.6745
vn -0.0401 0.9571 -0.2871
vn -0.0120 0.9444 -0.3286
vn 0.0075 0.9915 -0.1302
vn -0.0157 0.9916 -0.1283
vn -0.0459 0.9949 -0.0902
vn -0.0153 0.9911 -0.1321
vn -0.0923 0.9920 -0.0856
vn -0.1032 0.9859 -0.1315
vn 0.0366 0.9557 -0.2922
vn -0.1909 0.9409 -0.2799
vn -0.2209 0.9456 -0.2387
vn 0.0289 0.9771 -0.2110
vn 0.0632 0.9641 -0.2579
vn 0.0352 0.9563 -0.2904
vn 0.0534 0.9699 -0.2375
vn 0.0344 0.9768 -0.2116
vn 0.0257 0.9863 -0.1627
vn 0.0444 0.9835 -0.1751
vn 0.1813 0.9699 -0.1623
vn 0.0948 0.9866 -0.1330
vn -0.0293 0.9519 -0.3050
vn 0.1443 0.9292 -0.3403
vn 0.1808 0.9282 -0.3253
vn -0.0803 0.8833 -0.4619
vn -0.1391 0.8769 -0.4602
vn -0.1795 0.8954 -0.4075
vn -0.1401 0.8152 -0.5620
vn -0.1845 -0.7489 -0.6364
vn -0.2997 0.9315 -0.2061
vn -0.2474 0.8761 -0.4138
vn -0.1639 0.7787 -0.6057
vn -0.1888 0.8076 -0.5587
vn -0.2050 0.8694 -0.4496
vn -0.1235 0.8645 -0.4872
vn 0.1850 -0.7580 0.6255
vn -0.0900 0.5926 0.8005
vn 0.0047 0.0622 -0.9980
vn -0.1335 0.4548 0.8805
vn -0.0634 0.0716 -0.9954
vn -0.1473 0.4136 0.8985
vn -0.1883 0.4425 0.8768
vn 0.0010 0.0632 -0.9980
vn -0.1875 0.4273 0.8845
vn -0.0745 0.0723 -0.9946
vn -0.2854 0.3694 0.8843
vn -0.1043 0.0751 -0.9917
vn 0.2572 0.6174 0.7434
vn -0.3084 0.4290 0.8490
vn 0.3465 0.8370 0.4234
vn 0.4947 -0.8320 0.2511
vn 0.6909 -0.7229 0.0064
vn 0.6383 -0.7698 -0.0015
vn 0.5950 -0.8031 0.0323
vn 0.6940 -0.7199 0.0102
vn 0.6936 -0.7199 0.0264
vn 0.6884 -0.7247 0.0305
vn 0.7215 -0.6919 0.0271
vn 0.6845 -0.7242 0.0834
vn 0.7068 -0.7024 0.0842
vn 0.6722 -0.7175 0.1827
vn 0.6605 -0.7326 0.1647
vn 0.6682 -0.7380 0.0948
vn 0.6830 -0.7100 0.1715
vn 0.7047 -0.7018 0.1045
vn 0.6763 -0.7087 0.2009
vn 0.6667 -0.7176 0.2015
vn 0.7281 -0.6854 0.0111
vn 0.5700 -0.7807 0.2560
vn 0.7136 -0.6995 0.0373
vn -0.7742 0.0189 0.6327
vn 0.8042 -0.5934 -0.0354
vn 0.7915 -0.6111 -0.0089
vn -0.0075 0.0704 -0.9975
vn -0.0093 -0.0620 0.9980
vn 0.9111 -0.4062 -0.0702
vn 0.9098 -0.4114 -0.0548
vn 0.3558 -0.7622 0.5409
vn 0.6876 -0.6956 0.2081
vn 0.5373 -0.7037 0.4649
vn 0.6655 -0.6957 0.2703
vn 0.6716 -0.7013 0.2389
vn 0.6664 -0.6958 0.2679
vn 0.2468 -0.8262 0.5064
vn -0.1964 -0.7526 -0.6285
vn 0.3777 -0.6920 -0.6152
vn 0.4824 0.8760 -0.0056
s 0
f 5523//10827 5524//10827 5526//10827
f 5523//10828 5525//10828 5524//10828
f 5523//10829 5544//10829 5525//10829
f 5523//10830 5526//10830 5527//10830
f 5523//10831 5527//10831 5528//10831
f 5523//10832 5528//10832 5529//10832
f 5523//10833 5529//10833 5530//10833
f 5523//10834 5530//10834 5531//10834
f 5523//10835 5531//10835 5532//10835
f 5523//10836 5532//10836 5533//10836
f 5523//10837 5533//10837 5534//10837
f 5523//10838 5534//10838 5535//10838
f 5523//10839 5535//10839 5536//10839
f 5523//10840 5536//10840 5537//10840
f 5523//10841 5537//10841 5538//10841
f 5523//10842 5538//10842 5539//10842
f 5523//10843 5539//10843 5540//10843
f 5523//10844 5540//10844 5541//10844
f 5523//10845 5541//10845 5542//10845
f 5523//10846 5542//10846 5543//10846
f 5523//10847 5543//10847 5544//10847
f 5543//10848 5545//10848 5544//10848
f 5525//10849 5544//10849 5524//10849
f 5544//10850 5526//10850 5524//10850
f 5544//10851 5545//10851 5546//10851
f 5544//10852 5546//10852 5547//10852
f 5544//10853 5547//10853 5548//10853
f 5544//10854 5548//10854 5549//10854
f 5544//10855 5549//10855 5550//10855
f 5544//10856 5550//10856 5551//10856
f 5544//10857 5551//10857 5552//10857
f 5544//10858 5552//10858 5553//10858
f 5544//10859 5553//10859 5554//10859
f 5544//10860 5554//10860 5555//10860
f 5544//10861 5555//10861 5556//10861
f 5544//10862 5556//10862 5557//10862
f 5544//10863 5557//10863 5558//10863
f 5544//10864 5558//10864 5559//10864
f 5544//10865 5559//10865 5560//10865
f 5544//10866 5560//10866 5529//10866
f 5544//10867 5529//10867 5528//10867
f 5544//10868 5528//10868 5527//10868
f 5544//10869 5527//10869 5526//10869
f 5560//10870 5559//10870 5561//10870
f 5529//10871 5560//10871 5561//10871
f 5529//10872 5561//10872 5562//10872
f 5561//10873 5565//10873 5562//10873
f 5561//10874 5559//10874 5558//10874
f 5561//10875 5563//10875 5565//10875
f 5561//10876 5564//10876 5563//10876
f 5561//10877 5557//10877 5564//10877
f 5561//10878 5558//10878 5557//10878
f 5563//10879 5568//10879 5565//10879
f 5562//10880 5565//10880 5566//10880
f 5566//10881 5565//10881 5567//10881
f 5565//10882 5569//10882 5567//10882
f 5565//10883 5568//10883 5569//10883
f 5568//10884 5570//10884 5569//10884
f 5567//10885 5569//10885 5570//10885
f 5567//10886 5570//10886 5571//10886
f 5570//10887 5574//10887 5571//10887
f 5568//10888 5572//10888 5570//10888
f 5570//10889 5572//10889 5573//10889
f 5570//10890 5573//10890 5574//10890
f 5575//10891 5574//10891 5573//10891
f 5571//10892 5574//10892 5575//10892
f 5576//10893 5578//10893 5575//10893
f 5576//10894 5575//10894 5577//10894
f 5575//10895 5579//10895 5577//10895
f 5571//10896 5575//10896 5578//10896
f 5575//10897 5573//10897 5579//10897
f 5573//10898 5580//10898 5579//10898
f 5577//10899 5579//10899 5580//10899
f 5577//10900 5580//10900 5581//10900
f 5580//10901 5586//10901 5581//10901
f 5573//10902 5582//10902 5580//10902
f 5580//10903 5582//10903 5584//10903
f 5580//10904 5583//10904 5585//10904
f 5580//10905 5584//10905 5583//10905
f 5580//10906 5585//10906 5586//10906
f 5541//10907 5586//10907 5585//10907
f 5541//10908 5581//10908 5586//10908
f 5541//10909 5585//10909 5583//10909
f 5587//10910 5584//10910 5588//10910
f 5587//10911 5583//10911 5584//10911
f 5588//10912 5584//10912 5589//10912
f 5589//10913 5584//10913 5590//10913
f 5582//10914 5590//10914 5584//10914
f 5589//10915 5590//10915 5591//10915
f 5592//10916 5591//10916 5590//10916
f 5592//10917 5590//10917 5582//10917
f 5573//10918 5592//10918 5582//10918
f 5573//10919 5593//10919 5592//10919
f 5593//10920 5591//10920 5592//10920
f 5572//10921 5593//10921 5573//10921
f 5572//10922 5594//10922 5593//10922
f 5594//10923 5591//10923 5593//10923
f 5572//10924 5595//10924 5594//10924
f 5589//10925 5594//10925 5595//10925
f 5589//10926 5591//10926 5594//10926
f 5552//10927 5595//10927 5553//10927
f 5552//10928 5596//10928 5595//10928
f 5589//10929 5595//10929 5596//10929
f 5595//10930 5598//10930 5553//10930
f 5597//10931 5595//10931 5572//10931
f 5597//10932 5598//10932 5595//10932
f 5554//10933 5598//10933 5599//10933
f 5554//10934 5553//10934 5598//10934
f 5599//10935 5598//10935 5597//10935
f 5568//10936 5600//10936 5599//10936
f 5568//10937 5599//10937 5597//10937
f 5554//10938 5599//10938 5600//10938
f 5601//10939 5600//10939 5568//10939
f 5601//10940 5554//10940 5600//10940
f 5564//10941 5556//10941 5601//10941
f 5564//10942 5601//10942 5568//10942
f 5601//10943 5556//10943 5555//10943
f 5601//10944 5555//10944 5554//10944
f 5568//10945 5597//10945 5572//10945
f 5552//10946 5589//10946 5596//10946
f 5552//10947 5602//10947 5589//10947
f 5588//10948 5589//10948 5602//10948
f 5603//10949 5602//10949 5552//10949
f 5603//10950 5588//10950 5602//10950
f 5604//10951 5603//10951 5552//10951
f 5604//10952 5605//10952 5603//10952
f 5605//10953 5587//10953 5603//10953
f 5603//10954 5587//10954 5588//10954
f 5604//10955 5606//10955 5605//10955
f 5606//10956 5607//10956 5605//10956
f 5605//10957 5607//10957 5587//10957
f 5541//10958 5607//10958 5606//10958
f 5541//10959 5583//10959 5607//10959
f 5607//10960 5583//10960 5587//10960
f 5541//10961 5606//10961 5604//10961
f 5541//10962 5604//10962 5608//10962
f 5609//10963 5608//10963 5604//10963
f 5609//10964 5604//10964 5552//10964
f 5541//10965 5609//10965 5611//10965
f 5541//10966 5610//10966 5609//10966
f 5610//10967 5612//10967 5609//10967
f 5609//10968 5613//10968 5611//10968
f 5609//10969 5612//10969 5614//10969
f 5609//10970 5621//10970 5613//10970
f 5609//10971 5614//10971 5608//10971
f 5609//10972 5552//10972 5551//10972
f 5609//10973 5551//10973 5615//10973
f 5609//10974 5615//10974 5616//10974
f 5609//10975 5616//10975 5617//10975
f 5609//10976 5617//10976 5618//10976
f 5609//10977 5618//10977 5619//10977
f 5609//10978 5619//10978 5620//10978
f 5609//10979 5620//10979 5621//10979
f 5623//10980 5621//10980 5620//10980
f 5613//10981 5621//10981 5622//10981
f 5622//10982 5621//10982 5623//10982
f 5624//10983 5623//10983 5626//10983
f 5624//10984 5625//10984 5623//10984
f 5622//10985 5623//10985 5625//10985
f 5626//10986 5623//10986 5627//10986
f 5623//10987 5628//10987 5627//10987
f 5623//10988 5620//10988 5628//10988
f 5627//10989 5628//10989 5620//10989
f 5626//10990 5627//10990 5629//10990
f 5629//10991 5627//10991 5630//10991
f 5630//10992 5627//10992 5631//10992
f 5627//10993 5618//10993 5631//10993
f 5627//10994 5619//10994 5618//10994
f 5627//10995 5620//10995 5619//10995
f 5630//10996 5631//10996 5632//10996
f 5632//10997 5631//10997 5633//10997
f 5631//10998 5618//10998 5617//10998
f 5631//10999 5551//10999 5633//10999
f 5631//11000 5617//11000 5616//11000
f 5631//11001 5616//11001 5615//11001
f 5631//11002 5615//11002 5551//11002
f 5632//11003 5633//11003 5551//11003
f 5634//11004 5630//11004 5632//11004
f 5634//11005 5632//11005 5635//11005
f 5635//11006 5632//11006 5636//11006
f 5632//11007 5551//11007 5636//11007
f 5635//11008 5636//11008 5549//11008
f 5549//11009 5636//11009 5550//11009
f 5636//11010 5551//11010 5550//11010
f 5637//11011 5635//11011 5548//11011
f 5637//11012 5634//11012 5635//11012
f 5548//11013 5635//11013 5549//11013
f 5638//11014 5639//11014 5637//11014
f 5638//11015 5637//11015 5547//11015
f 5547//11016 5637//11016 5548//11016
f 5637//11017 5639//11017 5634//11017
f 5638//11018 5640//11018 5639//11018
f 5640//11019 5641//11019 5639//11019
f 5639//11020 5641//11020 5642//11020
f 5639//11021 5642//11021 5634//11021
f 5643//11022 5642//11022 5641//11022
f 5634//11023 5642//11023 5630//11023
f 5643//11024 5630//11024 5642//11024
f 5644//11025 5643//11025 5645//11025
f 5644//11026 5626//11026 5643//11026
f 5626//11027 5630//11027 5643//11027
f 5645//11028 5643//11028 5641//11028
f 5541//11029 5645//11029 5646//11029
f 5541//11030 5644//11030 5645//11030
f 5645//11031 5647//11031 5646//11031
f 5645//11032 5641//11032 5647//11032
f 5640//11033 5647//11033 5641//11033
f 5646//11034 5647//11034 5640//11034
f 5541//11035 5646//11035 5648//11035
f 5648//11036 5646//11036 5640//11036
f 5543//11037 5541//11037 5648//11037
f 5543//11038 5648//11038 5638//11038
f 5648//11039 5640//11039 5638//11039
f 5541//11040 5649//11040 5644//11040
f 5624//11041 5644//11041 5649//11041
f 5624//11042 5626//11042 5644//11042
f 5541//11043 5624//11043 5649//11043
f 5543//11044 5638//11044 5547//11044
f 5626//11045 5629//11045 5630//11045
f 5624//11046 5622//11046 5625//11046
f 5541//11047 5611//11047 5624//11047
f 5611//11048 5622//11048 5624//11048
f 5611//11049 5613//11049 5622//11049
f 5612//11050 5608//11050 5614//11050
f 5541//11051 5612//11051 5610//11051
f 5541//11052 5608//11052 5612//11052
f 5541//11053 5650//11053 5581//11053
f 5577//11054 5581//11054 5650//11054
f 5541//11055 5651//11055 5650//11055
f 5576//11056 5650//11056 5651//11056
f 5576//11057 5577//11057 5650//11057
f 5541//11058 5652//11058 5651//11058
f 5576//11059 5651//11059 5652//11059
f 5541//11060 5653//11060 5652//11060
f 5653//11061 5576//11061 5652//11061
f 5541//11062 5654//11062 5653//11062
f 5654//11063 5655//11063 5653//11063
f 5655//11064 5576//11064 5653//11064
f 5654//11065 5656//11065 5655//11065
f 5656//11066 5657//11066 5655//11066
f 5655//11067 5657//11067 5658//11067
f 5655//11068 5658//11068 5576//11068
f 5658//11069 5578//11069 5576//11069
f 5657//11070 5659//11070 5658//11070
f 5658//11071 5659//11071 5660//11071
f 5658//11072 5660//11072 5578//11072
f 5534//11073 5660//11073 5659//11073
f 5661//11074 5578//11074 5660//11074
f 5661//11075 5660//11075 5534//11075
f 5567//11076 5661//11076 5662//11076
f 5567//11077 5571//11077 5661//11077
f 5571//11078 5578//11078 5661//11078
f 5662//11079 5661//11079 5533//11079
f 5533//11080 5661//11080 5534//11080
f 5566//11081 5662//11081 5533//11081
f 5566//11082 5567//11082 5662//11082
f 5657//11083 5534//11083 5659//11083
f 5656//11084 5535//11084 5657//11084
f 5657//11085 5535//11085 5534//11085
f 5654//11086 5537//11086 5656//11086
f 5656//11087 5537//11087 5536//11087
f 5656//11088 5536//11088 5535//11088
f 5541//11089 5540//11089 5654//11089
f 5540//11090 5539//11090 5654//11090
f 5539//11091 5538//11091 5654//11091
f 5654//11092 5538//11092 5537//11092
f 5564//11093 5568//11093 5563//11093
f 5529//11094 5566//11094 5530//11094
f 5529//11095 5562//11095 5566//11095
f 5566//11096 5531//11096 5530//11096
f 5566//11097 5533//11097 5532//11097
f 5566//11098 5532//11098 5531//11098
f 5564//11099 5557//11099 5556//11099
f 5543//11100 5547//11100 5546//11100
f 5543//11101 5546//11101 5545//11101
f 5542//11102 5541//11102 5543//11102
