# https://github.com/mikedh/trimesh

o geometry_0
v -0.02015189 0.01645272 0.05951533 0.54509804 0.71372549 0.60000000
v -0.02000324 0.01645272 0.05870141 0.54509804 0.71372549 0.60000000
v -0.01989449 0.01578101 0.05882483 0.54509804 0.71372549 0.60000000
v -0.01992121 0.01575344 0.05951533 0.54509804 0.71372549 0.60000000
v -0.01985218 0.01581816 0.06014126 0.54509804 0.71372549 0.60000000
v -0.01992622 0.01645272 0.06020637 0.54509804 0.71372549 0.60000000
v -0.01990117 0.01716752 0.06018449 0.54509804 0.71372549 0.60000000
v -0.02000825 0.01730711 0.05951533 0.54509804 0.71372549 0.60000000
v -0.01996149 0.01725062 0.05874703 0.54509804 0.71372549 0.60000000
v -0.01921692 0.01645272 0.05847407 0.54509804 0.71372549 0.60000000
v -0.01921692 0.01574559 0.05877977 0.54509804 0.71372549 0.60000000
v -0.01921692 0.01563261 0.05951533 0.54509804 0.71372549 0.60000000
v -0.01921692 0.01577910 0.06017787 0.54509804 0.71372549 0.60000000
v -0.01921692 0.01645272 0.06035298 0.54509804 0.71372549 0.60000000
v -0.01921692 0.01725407 0.06025089 0.54509804 0.71372549 0.60000000
v -0.01921692 0.01758878 0.05951533 0.54509804 0.71372549 0.60000000
v -0.01921692 0.01734770 0.05864899 0.54509804 0.71372549 0.60000000
v -0.01856107 0.01580782 0.05885132 0.54509804 0.71372549 0.60000000
v -0.01846939 0.01722152 0.05875494 0.54509804 0.71372549 0.60000000
v -0.01844453 0.01645272 0.05872735 0.54509804 0.71372549 0.60000000
v -0.01851672 0.01577125 0.05951533 0.54509804 0.71372549 0.60000000
v -0.01856553 0.01581509 0.06014642 0.54509804 0.71372549 0.60000000
v -0.01846791 0.01645272 0.06022238 0.54509804 0.71372549 0.60000000
v -0.01849593 0.01718016 0.06020067 0.54509804 0.71372549 0.60000000
v -0.01839572 0.01729466 0.05951533 0.54509804 0.71372549 0.60000000
v -0.01825616 0.01645272 0.05951533 0.54509804 0.71372549 0.60000000
f 1 2 3
f 1 3 4
f 1 4 5
f 1 5 6
f 1 6 7
f 1 7 8
f 1 8 9
f 1 9 2
f 2 9 10
f 2 10 3
f 3 11 12
f 3 12 4
f 3 10 11
f 4 12 5
f 5 12 13
f 5 13 14
f 5 14 6
f 6 14 7
f 7 14 15
f 7 15 16
f 7 16 8
f 8 16 9
f 9 16 17
f 9 17 10
f 10 18 11
f 10 17 19
f 10 19 20
f 10 20 18
f 11 18 12
f 12 18 21
f 12 21 22
f 12 22 13
f 13 22 14
f 14 23 24
f 14 24 15
f 14 22 23
f 15 24 16
f 16 24 25
f 16 25 19
f 16 19 17
f 18 20 26
f 18 26 21
f 19 25 26
f 19 26 20
f 21 26 22
f 22 26 23
f 23 26 24
f 24 26 25

o geometry_1
v -0.02016693 -0.00260889 0.05138357 0.54117647 0.42352941 0.64313725
v -0.01968645 -0.00260889 0.05059108 0.54117647 0.42352941 0.64313725
v -0.02016693 -0.00218640 0.05137954 0.54117647 0.42352941 0.64313725
v -0.02016693 -0.00372996 0.05133129 0.54117647 0.42352941 0.64313725
v -0.01969586 -0.00372996 0.05059108 0.54117647 0.42352941 0.64313725
v -0.01969896 -0.00148876 0.05059108 0.54117647 0.42352941 0.64313725
v -0.02016693 -0.00148876 0.05136201 0.54117647 0.42352941 0.64313725
v -0.02016693 -0.00485196 0.05120856 0.54117647 0.42352941 0.64313725
v -0.01976861 -0.00485196 0.05059108 0.54117647 0.42352941 0.64313725
v -0.01972878 -0.00427184 0.05059108 0.54117647 0.42352941 0.64313725
v -0.01975582 -0.00036770 0.05059108 0.54117647 0.42352941 0.64313725
v -0.02016693 -0.00101310 0.05132671 0.54117647 0.42352941 0.64313725
v -0.02016693 -0.00519518 0.05113836 0.54117647 0.42352941 0.64313725
v -0.02016693 -0.00595903 0.05095831 0.54117647 0.42352941 0.64313725
v -0.01988667 -0.00563633 0.05059108 0.54117647 0.42352941 0.64313725
v -0.01986475 0.00075430 0.05059108 0.54117647 0.42352941 0.64313725
v -0.02016693 0.00026465 0.05116567 0.54117647 0.42352941 0.64313725
v -0.02016693 -0.00036770 0.05126574 0.54117647 0.42352941 0.64313725
v -0.02016693 -0.00701388 0.05059108 0.54117647 0.42352941 0.64313725
v -0.01994085 -0.00597302 0.05059108 0.54117647 0.42352941 0.64313725
v -0.01990750 0.00105742 0.05059108 0.54117647 0.42352941 0.64313725
v -0.02016693 0.00077762 0.05108282 0.54117647 0.42352941 0.64313725
v -0.02016693 0.00251331 0.05059108 0.54117647 0.42352941 0.64313725
v -0.02002414 0.00187537 0.05059108 0.54117647 0.42352941 0.64313725
v -0.02016693 0.00166365 0.05087570 0.54117647 0.42352941 0.64313725
v -0.02016693 0.00187537 0.05082543 0.54117647 0.42352941 0.64313725
v -0.02003355 0.00192760 0.05059108 0.54117647 0.42352941 0.64313725
f 27 28 29
f 27 29 33
f 27 33 38
f 27 38 44
f 27 44 43
f 27 43 48
f 27 48 51
f 27 51 52
f 27 52 49
f 27 49 45
f 27 45 40
f 27 40 39
f 27 39 34
f 27 34 30
f 27 30 31
f 27 31 28
f 28 32 29
f 28 31 36
f 28 36 35
f 28 35 41
f 28 41 46
f 28 46 45
f 28 45 49
f 28 49 53
f 28 53 50
f 28 50 47
f 28 47 42
f 28 42 37
f 28 37 32
f 29 32 33
f 30 34 35
f 30 35 36
f 30 36 31
f 32 37 38
f 32 38 33
f 34 39 35
f 35 39 40
f 35 40 41
f 37 42 43
f 37 43 44
f 37 44 38
f 40 45 46
f 40 46 41
f 42 47 48
f 42 48 43
f 47 50 51
f 47 51 48
f 49 52 53
f 50 53 52
f 50 52 51

o geometry_2
v 0.01084745 -0.00924772 -0.03019090 0.43529412 0.89019608 0.96078431
v 0.01084745 -0.00924552 -0.03131154 0.43529412 0.89019608 0.96078431
v 0.01084745 -0.00924332 -0.02906794 0.43529412 0.89019608 0.96078431
v 0.00989071 -0.00888739 -0.02763305 0.43529412 0.89019608 0.96078431
v 0.00948651 -0.00873359 -0.02763305 0.43529412 0.89019608 0.96078431
v 0.01084745 -0.00923893 -0.03243219 0.43529412 0.89019608 0.96078431
v 0.01084745 -0.00923014 -0.02794729 0.43529412 0.89019608 0.96078431
v 0.01084745 -0.00922355 -0.02770005 0.43529412 0.89019608 0.96078431
v 0.01084745 -0.00922135 -0.02763305 0.43529412 0.89019608 0.96078431
v 0.00881531 -0.00845235 -0.02763305 0.43529412 0.89019608 0.96078431
v 0.01084745 -0.00922794 -0.03355284 0.43529412 0.89019608 0.96078431
v 0.01084745 0.00738026 -0.02763305 0.43529412 0.89019608 0.96078431
v 0.00762496 -0.00792943 -0.02763305 0.43529412 0.89019608 0.96078431
v 0.01084745 -0.00920817 -0.03467580 0.43529412 0.89019608 0.96078431
v 0.00972477 0.01285115 -0.02763305 0.43529412 0.89019608 0.96078431
v 0.01084745 0.00747254 -0.02990207 0.43529412 0.89019608 0.96078431
v 0.01001123 0.01196570 -0.03019090 0.43529412 0.89019608 0.96078431
v 0.00707706 -0.00768115 -0.02763305 0.43529412 0.89019608 0.96078431
v 0.01084745 -0.00915763 -0.03691710 0.43529412 0.89019608 0.96078431
v 0.01084745 -0.00918400 -0.03579645 0.43529412 0.89019608 0.96078431
v 0.00947075 0.01296100 -0.02763305 0.43529412 0.89019608 0.96078431
v 0.00972477 0.01284016 -0.02794729 0.43529412 0.89019608 0.96078431
v 0.01084745 0.00748353 -0.03019090 0.43529412 0.89019608 0.96078431
v 0.00969510 0.01278743 -0.02906794 0.43529412 0.89019608 0.96078431
v 0.01021240 0.01084515 -0.03579645 0.43529412 0.89019608 0.96078431
v 0.00995561 0.01196570 -0.03131154 0.43529412 0.89019608 0.96078431
v 0.00706316 -0.00767456 -0.02763305 0.43529412 0.89019608 0.96078431
v 0.01084745 -0.00912687 -0.03804005 0.43529412 0.89019608 0.96078431
v 0.00881531 0.01319829 -0.02763305 0.43529412 0.89019608 0.96078431
v 0.01084745 0.00743519 -0.03102503 0.43529412 0.89019608 0.96078431
v 0.00974238 0.01168886 -0.03579645 0.43529412 0.89019608 0.96078431
v 0.00963206 0.01271492 -0.03019090 0.43529412 0.89019608 0.96078431
v 0.01084745 0.00741541 -0.03131154 0.43529412 0.89019608 0.96078431
v 0.01084745 0.00725722 -0.03244606 0.43529412 0.89019608 0.96078431
v 0.01084745 0.00688371 -0.03470815 0.43529412 0.89019608 0.96078431
v 0.01084745 0.00174019 -0.05028631 0.43529412 0.89019608 0.96078431
v 0.01011414 0.01084515 -0.03691710 0.43529412 0.89019608 0.96078431
v 0.00658294 -0.00743947 -0.02763305 0.43529412 0.89019608 0.96078431
v 0.01084745 -0.00908293 -0.03916070 0.43529412 0.89019608 0.96078431
v 0.00881531 0.01316753 -0.02794729 0.43529412 0.89019608 0.96078431
v 0.00850197 0.01311920 -0.02763305 0.43529412 0.89019608 0.96078431
v 0.00967192 0.01160976 -0.03691710 0.43529412 0.89019608 0.96078431
v 0.00950505 0.01260946 -0.03131154 0.43529412 0.89019608 0.96078431
v 0.01084745 0.00167208 -0.05043188 0.43529412 0.89019608 0.96078431
v 0.00974238 0.01087372 -0.03802619 0.43529412 0.89019608 0.96078431
v 0.00951061 0.01149551 -0.03764263 0.43529412 0.89019608 0.96078431
v 0.00539536 -0.00683086 -0.02763305 0.43529412 0.89019608 0.96078431
v 0.01084745 -0.00902361 -0.04016120 0.43529412 0.89019608 0.96078431
v 0.00497169 -0.00660675 -0.02763305 0.43529412 0.89019608 0.96078431
v 0.00881531 0.01303131 -0.02906794 0.43529412 0.89019608 0.96078431
v 0.00784746 0.01277205 -0.02906794 0.43529412 0.89019608 0.96078431
v 0.00763516 0.01284675 -0.02763305 0.43529412 0.89019608 0.96078431
v 0.00940400 0.01254135 -0.03193310 0.43529412 0.89019608 0.96078431
v 0.01084745 0.00156003 -0.05060286 0.43529412 0.89019608 0.96078431
v 0.00916667 0.01149551 -0.03764263 0.43529412 0.89019608 0.96078431
v 0.00881531 0.01286213 -0.03019090 0.43529412 0.89019608 0.96078431
v 0.00957366 0.01051998 -0.03896199 0.43529412 0.89019608 0.96078431
v 0.00881531 0.01020579 -0.03960665 0.43529412 0.89019608 0.96078431
v 0.01084745 -0.00900823 -0.04034836 0.43529412 0.89019608 0.96078431
v 0.00475198 -0.00647053 -0.02763305 0.43529412 0.89019608 0.96078431
v 0.01084745 -0.00894890 -0.04102306 0.43529412 0.89019608 0.96078431
v 0.00814875 0.01258969 -0.03100423 0.43529412 0.89019608 0.96078431
v 0.00800598 0.01267537 -0.03019090 0.43529412 0.89019608 0.96078431
v 0.00728751 0.01240293 -0.02906794 0.43529412 0.89019608 0.96078431
v 0.00718924 0.01248203 -0.02824536 0.43529412 0.89019608 0.96078431
v 0.00761569 0.01279841 -0.02790108 0.43529412 0.89019608 0.96078431
v 0.00728287 0.01262923 -0.02763305 0.43529412 0.89019608 0.96078431
v 0.01084745 0.00127879 -0.05091248 0.43529412 0.89019608 0.96078431
v 0.01056006 0.00133153 -0.05094252 0.43529412 0.89019608 0.96078431
v 0.00881531 0.01056392 -0.03904748 0.43529412 0.89019608 0.96078431
v 0.00811260 0.01042111 -0.03883490 0.43529412 0.89019608 0.96078431
v 0.00841946 0.01131534 -0.03719899 0.43529412 0.89019608 0.96078431
v 0.00880141 0.01158559 -0.03686164 0.43529412 0.89019608 0.96078431
v 0.01047198 0.00133153 -0.05094252 0.43529412 0.89019608 0.96078431
v 0.01003348 0.00168966 -0.05038104 0.43529412 0.89019608 0.96078431
v 0.00917224 0.00158639 -0.05001366 0.43529412 0.89019608 0.96078431
v 0.00799115 0.00944338 -0.04002025 0.43529412 0.89019608 0.96078431
v 0.00435612 -0.00620687 -0.02763305 0.43529412 0.89019608 0.96078431
v 0.01084745 -0.00890936 -0.04139969 0.43529412 0.89019608 0.96078431
v 0.00822106 0.01143179 -0.03645035 0.43529412 0.89019608 0.96078431
v 0.00744604 0.01228428 -0.03019090 0.43529412 0.89019608 0.96078431
v 0.00705759 0.01148233 -0.03216185 0.43529412 0.89019608 0.96078431
v 0.00695654 0.01158779 -0.03131154 0.43529412 0.89019608 0.96078431
v 0.00683603 0.01172401 -0.03019090 0.43529412 0.89019608 0.96078431
v 0.00672478 0.01184266 -0.02906794 0.43529412 0.89019608 0.96078431
v 0.00646056 0.01185584 -0.02763305 0.43529412 0.89019608 0.96078431
v 0.00712712 0.01253256 -0.02763305 0.43529412 0.89019608 0.96078431
v 0.01084745 0.00096680 -0.05103264 0.43529412 0.89019608 0.96078431
v 0.00709375 0.00922586 -0.03871475 0.43529412 0.89019608 0.96078431
v 0.00738578 0.00993334 -0.03804005 0.43529412 0.89019608 0.96078431
v 0.00794665 0.01060127 -0.03804005 0.43529412 0.89019608 0.96078431
v 0.00724394 0.00900395 -0.03945877 0.43529412 0.89019608 0.96078431
v 0.01084745 0.00093824 -0.05103957 0.43529412 0.89019608 0.96078431
v 0.01084745 0.00078663 -0.05106730 0.43529412 0.89019608 0.96078431
v 0.01030975 0.00075587 -0.05103264 0.43529412 0.89019608 0.96078431
v 0.00974980 0.00075587 -0.05071377 0.43529412 0.89019608 0.96078431
v 0.00906099 0.00075587 -0.05015460 0.43529412 0.89019608 0.96078431
v 0.00819047 0.00145676 -0.04880289 0.43529412 0.89019608 0.96078431
v 0.00811631 0.00261685 -0.04776543 0.43529412 0.89019608 0.96078431
v 0.00809406 0.00368686 -0.04662167 0.43529412 0.89019608 0.96078431
v 0.00714567 0.00690568 -0.04194499 0.43529412 0.89019608 0.96078431
v 0.00719851 0.00796470 -0.04073654 0.43529412 0.89019608 0.96078431
v 0.00354494 -0.00560266 -0.02763305 0.43529412 0.89019608 0.96078431
v 0.01084745 -0.00875995 -0.04252264 0.43529412 0.89019608 0.96078431
v 0.01084745 -0.00885443 -0.04185257 0.43529412 0.89019608 0.96078431
v 0.00785395 0.01090228 -0.03686164 0.43529412 0.89019608 0.96078431
v 0.00715957 0.01137906 -0.03290818 0.43529412 0.89019608 0.96078431
v 0.00672107 0.01094183 -0.03249458 0.43529412 0.89019608 0.96078431
v 0.00633356 0.01078583 -0.03136007 0.43529412 0.89019608 0.96078431
v 0.00627515 0.01106047 -0.03019090 0.43529412 0.89019608 0.96078431
v 0.00616483 0.01121427 -0.02906794 0.43529412 0.89019608 0.96078431
v 0.00607861 0.01132633 -0.02818298 0.43529412 0.89019608 0.96078431
v 0.00602206 0.01139224 -0.02763305 0.43529412 0.89019608 0.96078431
v 0.00629184 0.01167787 -0.02763305 0.43529412 0.89019608 0.96078431
v 0.00689536 0.00861945 -0.03911680 0.43529412 0.89019608 0.96078431
v 0.00659128 0.00860187 -0.03804005 0.43529412 0.89019608 0.96078431
v 0.00330483 0.00751648 -0.02763305 0.43529412 0.89019608 0.96078431
v 0.00367009 0.00820419 -0.02763305 0.43529412 0.89019608 0.96078431
v 0.00700661 0.00937307 -0.03804005 0.43529412 0.89019608 0.96078431
v 0.00721705 0.01015745 -0.03691710 0.43529412 0.89019608 0.96078431
v 0.00700939 0.00825692 -0.03999021 0.43529412 0.89019608 0.96078431
v 0.01084745 -0.00005048 -0.05121517 0.43529412 0.89019608 0.96078431
v 0.01021519 -0.00036687 -0.05109271 0.43529412 0.89019608 0.96078431
v 0.00965431 -0.00036687 -0.05070684 0.43529412 0.89019608 0.96078431
v 0.00909065 -0.00036687 -0.05014536 0.43529412 0.89019608 0.96078431
v 0.00850011 0.00075587 -0.04941983 0.43529412 0.89019608 0.96078431
v 0.00816080 0.00075587 -0.04886066 0.43529412 0.89019608 0.96078431
v 0.00714381 0.00226751 -0.04642296 0.43529412 0.89019608 0.96078431
v 0.00730141 0.00299476 -0.04620576 0.43529412 0.89019608 0.96078431
v 0.00709097 0.00362534 -0.04540167 0.43529412 0.89019608 0.96078431
v 0.00669789 0.00646405 -0.04150366 0.43529412 0.89019608 0.96078431
v 0.00694820 0.00721767 -0.04119866 0.43529412 0.89019608 0.96078431
v 0.00338826 -0.00546424 -0.02763305 0.43529412 0.89019608 0.96078431
v 0.01084745 -0.00853804 -0.04372185 0.43529412 0.89019608 0.96078431
v 0.01084745 -0.00855342 -0.04364329 0.43529412 0.89019608 0.96078431
v 0.01084745 -0.00871601 -0.04279761 0.43529412 0.89019608 0.96078431
v 0.00714010 0.01027170 -0.03632789 0.43529412 0.89019608 0.96078431
v 0.00748497 0.01079902 -0.03589118 0.43529412 0.89019608 0.96078431
v 0.00705296 0.01039694 -0.03557925 0.43529412 0.89019608 0.96078431
v 0.00488362 0.01002123 -0.02763305 0.43529412 0.89019608 0.96078431
v 0.00498560 0.01015745 -0.02763305 0.43529412 0.89019608 0.96078431
v 0.00558263 0.01087811 -0.02763305 0.43529412 0.89019608 0.96078431
v 0.00628627 0.00740443 -0.03911218 0.43529412 0.89019608 0.96078431
v 0.00676371 0.00754724 -0.04032987 0.43529412 0.89019608 0.96078431
v 0.00281441 0.00648602 -0.02763305 0.43529412 0.89019608 0.96078431
v 0.00386570 0.00851838 -0.02763305 0.43529412 0.89019608 0.96078431
v 0.01084745 -0.00036687 -0.05123597 0.43529412 0.89019608 0.96078431
v 0.01084745 -0.00120617 -0.05119438 0.43529412 0.89019608 0.96078431
v 0.01036723 -0.00148741 -0.05100953 0.43529412 0.89019608 0.96078431
v 0.00980635 -0.00148741 -0.05055896 0.43529412 0.89019608 0.96078431
v 0.00921303 -0.00148741 -0.04999979 0.43529412 0.89019608 0.96078431
v 0.00852978 -0.00036687 -0.04934820 0.43529412 0.89019608 0.96078431
v 0.00820160 -0.00036687 -0.04878903 0.43529412 0.89019608 0.96078431
v 0.00784004 0.00075587 -0.04812819 0.43529412 0.89019608 0.96078431
v 0.00712156 0.00152268 -0.04647379 0.43529412 0.89019608 0.96078431
v 0.00695654 0.00188740 -0.04598395 0.43529412 0.89019608 0.96078431
v 0.00667193 0.00299476 -0.04476394 0.43529412 0.89019608 0.96078431
v 0.00700012 0.00299476 -0.04564660 0.43529412 0.89019608 0.96078431
v 0.00615370 0.00415485 -0.04251802 0.43529412 0.89019608 0.96078431
v 0.00657088 0.00411750 -0.04364329 0.43529412 0.89019608 0.96078431
v 0.00615092 0.00527979 -0.04145514 0.43529412 0.89019608 0.96078431
v 0.00618708 0.00636079 -0.04031601 0.43529412 0.89019608 0.96078431
v 0.00298406 -0.00504019 -0.02763305 0.43529412 0.89019608 0.96078431
v 0.00818120 -0.00661334 -0.04110624 0.43529412 0.89019608 0.96078431
v 0.01018645 -0.00795140 -0.04364329 0.43529412 0.89019608 0.96078431
v 0.01084745 -0.00845455 -0.04406844 0.43529412 0.89019608 0.96078431
v 0.00397973 0.00869855 -0.02763305 0.43529412 0.89019608 0.96078431
v 0.00462033 0.00954664 -0.02794729 0.43529412 0.89019608 0.96078431
v 0.00459438 0.00961695 -0.02763305 0.43529412 0.89019608 0.96078431
v 0.00608047 0.00673650 -0.03945184 0.43529412 0.89019608 0.96078431
v 0.00598683 0.00698038 -0.03870551 0.43529412 0.89019608 0.96078431
v 0.00275044 0.00634760 -0.02763305 0.43529412 0.89019608 0.96078431
v 0.01084745 -0.00148741 -0.05115972 0.43529412 0.89019608 0.96078431
v 0.01047662 -0.00208283 -0.05094483 0.43529412 0.89019608 0.96078431
v 0.00932335 -0.00216413 -0.04987040 0.43529412 0.89019608 0.96078431
v 0.00862434 -0.00139952 -0.04914948 0.43529412 0.89019608 0.96078431
v 0.00824424 -0.00096669 -0.04870816 0.43529412 0.89019608 0.96078431
v 0.00792348 -0.00036687 -0.04812819 0.43529412 0.89019608 0.96078431
v 0.00712156 0.00122167 -0.04647379 0.43529412 0.89019608 0.96078431
v 0.00656069 0.00187642 -0.04476394 0.43529412 0.89019608 0.96078431
v 0.00630296 0.00299476 -0.04364329 0.43529412 0.89019608 0.96078431
v 0.00596366 0.00380551 -0.04214139 0.43529412 0.89019608 0.96078431
v 0.00603782 0.00455473 -0.04186643 0.43529412 0.89019608 0.96078431
v 0.00604802 0.00567967 -0.04071343 0.43529412 0.89019608 0.96078431
v 0.00594604 0.00598947 -0.03996479 0.43529412 0.89019608 0.96078431
v 0.00249642 -0.00447992 -0.02763305 0.43529412 0.89019608 0.96078431
v 0.00828689 -0.00649250 -0.04185257 0.43529412 0.89019608 0.96078431
v 0.01035239 -0.00779760 -0.04476394 0.43529412 0.89019608 0.96078431
v 0.01084745 -0.00802391 -0.04570667 0.43529412 0.89019608 0.96078431
v 0.01084745 -0.00828097 -0.04476394 0.43529412 0.89019608 0.96078431
v 0.00230916 0.00526002 -0.02763305 0.43529412 0.89019608 0.96078431
v 0.00257801 0.00595651 -0.02763305 0.43529412 0.89019608 0.96078431
v 0.01084745 -0.00233990 -0.05101184 0.43529412 0.89019608 0.96078431
v 0.00999269 -0.00249809 -0.05032097 0.43529412 0.89019608 0.96078431
v 0.01084745 -0.00288919 -0.05079695 0.43529412 0.89019608 0.96078431
v 0.01084745 -0.00306056 -0.05072070 0.43529412 0.89019608 0.96078431
v 0.01084745 -0.00460515 -0.04997900 0.43529412 0.89019608 0.96078431
v 0.01046642 -0.00433930 -0.04983805 0.43529412 0.89019608 0.96078431
v 0.01029399 -0.00373069 -0.04999055 0.43529412 0.89019608 0.96078431
v 0.00950876 -0.00291335 -0.04964858 0.43529412 0.89019608 0.96078431
v 0.00923435 -0.00347582 -0.04890225 0.43529412 0.89019608 0.96078431
v 0.00908602 -0.00256621 -0.04926502 0.43529412 0.89019608 0.96078431
v 0.00833973 -0.00171371 -0.04849096 0.43529412 0.89019608 0.96078431
v 0.00810611 -0.00139952 -0.04812126 0.43529412 0.89019608 0.96078431
v 0.00768986 -0.00148741 -0.04700755 0.43529412 0.89019608 0.96078431
v 0.00749424 -0.00036687 -0.04700755 0.43529412 0.89019608 0.96078431
v 0.00721242 -0.00036687 -0.04622194 0.43529412 0.89019608 0.96078431
v 0.00697879 0.00081080 -0.04594004 0.43529412 0.89019608 0.96078431
v 0.00660148 0.00075587 -0.04476394 0.43529412 0.89019608 0.96078431
v 0.00607027 0.00299476 -0.04287848 0.43529412 0.89019608 0.96078431
v 0.00137745 -0.00036687 -0.02763305 0.43529412 0.89019608 0.96078431
v 0.00137653 0.00075587 -0.02763305 0.43529412 0.89019608 0.96078431
v 0.00145625 0.00187642 -0.02763305 0.43529412 0.89019608 0.96078431
v 0.00153784 0.00238176 -0.02763305 0.43529412 0.89019608 0.96078431
v 0.00159995 0.00272012 -0.02763305 0.43529412 0.89019608 0.96078431
v 0.00167597 0.00308265 -0.02763305 0.43529412 0.89019608 0.96078431
v 0.00194018 0.00413069 -0.02763305 0.43529412 0.89019608 0.96078431
v 0.00233419 -0.00422065 -0.02763305 0.43529412 0.89019608 0.96078431
v 0.00264846 -0.00429096 -0.02851108 0.43529412 0.89019608 0.96078431
v 0.00714845 -0.00538514 -0.04079199 0.43529412 0.89019608 0.96078431
v 0.00703442 -0.00554773 -0.04004336 0.43529412 0.89019608 0.96078431
v 0.00950042 -0.00635628 -0.04588459 0.43529412 0.89019608 0.96078431
v 0.00940122 -0.00649909 -0.04523993 0.43529412 0.89019608 0.96078431
v 0.01070004 -0.00739333 -0.04700755 0.43529412 0.89019608 0.96078431
v 0.01057118 -0.00756471 -0.04618959 0.43529412 0.89019608 0.96078431
v 0.01084745 -0.00776465 -0.04651770 0.43529412 0.89019608 0.96078431
v 0.01084745 -0.00517861 -0.04963702 0.43529412 0.89019608 0.96078431
v 0.01072229 -0.00508633 -0.04957926 0.43529412 0.89019608 0.96078431
v 0.01038113 -0.00558947 -0.04883062 0.43529412 0.89019608 0.96078431
v 0.01020499 -0.00476774 -0.04922342 0.43529412 0.89019608 0.96078431
v 0.00968212 -0.00380100 -0.04926502 0.43529412 0.89019608 0.96078431
v 0.00940956 -0.00422285 -0.04863422 0.43529412 0.89019608 0.96078431
v 0.00899609 -0.00380100 -0.04820675 0.43529412 0.89019608 0.96078431
v 0.00847693 -0.00262773 -0.04812126 0.43529412 0.89019608 0.96078431
v 0.00818213 -0.00226520 -0.04774463 0.43529412 0.89019608 0.96078431
v 0.00715123 -0.00196419 -0.04527459 0.43529412 0.89019608 0.96078431
v 0.00728380 -0.00154893 -0.04587766 0.43529412 0.89019608 0.96078431
v 0.00707243 -0.00121496 -0.04549872 0.43529412 0.89019608 0.96078431
v 0.00701402 -0.00036687 -0.04566277 0.43529412 0.89019608 0.96078431
v 0.00670994 -0.00036687 -0.04476394 0.43529412 0.89019608 0.96078431
v 0.00145069 -0.00148741 -0.02763305 0.43529412 0.89019608 0.96078431
v 0.00145347 0.00184126 -0.02763305 0.43529412 0.89019608 0.96078431
v 0.00207739 -0.00372849 -0.02763305 0.43529412 0.89019608 0.96078431
v 0.00705759 -0.00443158 -0.04220840 0.43529412 0.89019608 0.96078431
v 0.00724764 -0.00521816 -0.04139969 0.43529412 0.89019608 0.96078431
v 0.00836661 -0.00521596 -0.04476394 0.43529412 0.89019608 0.96078431
v 0.00827020 -0.00538734 -0.04415625 0.43529412 0.89019608 0.96078431
v 0.00910919 -0.00579601 -0.04588459 0.43529412 0.89019608 0.96078431
v 0.00926031 -0.00558508 -0.04673489 0.43529412 0.89019608 0.96078431
v 0.00965338 -0.00596299 -0.04706762 0.43529412 0.89019608 0.96078431
v 0.01025690 -0.00683086 -0.04700755 0.43529412 0.89019608 0.96078431
v 0.01040987 -0.00664630 -0.04772153 0.43529412 0.89019608 0.96078431
v 0.01084745 -0.00748561 -0.04718546 0.43529412 0.89019608 0.96078431
v 0.01084745 -0.00756910 -0.04700755 0.43529412 0.89019608 0.96078431
v 0.01084745 -0.00542908 -0.04946142 0.43529412 0.89019608 0.96078431
v 0.01084745 -0.00586631 -0.04913793 0.43529412 0.89019608 0.96078431
v 0.01084745 -0.00649470 -0.04861342 0.43529412 0.89019608 0.96078431
v 0.01062959 -0.00633650 -0.04847016 0.43529412 0.89019608 0.96078431
v 0.00957180 -0.00492813 -0.04820675 0.43529412 0.89019608 0.96078431
v 0.00920468 -0.00460515 -0.04788558 0.43529412 0.89019608 0.96078431
v 0.00844078 -0.00375706 -0.04703528 0.43529412 0.89019608 0.96078431
v 0.00830821 -0.00301223 -0.04742808 0.43529412 0.89019608 0.96078431
v 0.00803102 -0.00262773 -0.04703528 0.43529412 0.89019608 0.96078431
v 0.00758880 -0.00260795 -0.04588459 0.43529412 0.89019608 0.96078431
v 0.00691853 -0.00154893 -0.04484712 0.43529412 0.89019608 0.96078431
v 0.00723281 -0.00271122 -0.04484712 0.43529412 0.89019608 0.96078431
v 0.00701958 -0.00240362 -0.04452826 0.43529412 0.89019608 0.96078431
v 0.00160273 -0.00232891 -0.02763305 0.43529412 0.89019608 0.96078431
v 0.00652175 -0.00148741 -0.04364329 0.43529412 0.89019608 0.96078431
v 0.00193647 -0.00337915 -0.02763305 0.43529412 0.89019608 0.96078431
v 0.00713918 -0.00315284 -0.04418629 0.43529412 0.89019608 0.96078431
v 0.00702051 -0.00344946 -0.04343765 0.43529412 0.89019608 0.96078431
v 0.00717348 -0.00419648 -0.04295704 0.43529412 0.89019608 0.96078431
v 0.00739783 -0.00482487 -0.04255731 0.43529412 0.89019608 0.96078431
v 0.00852236 -0.00482047 -0.04590076 0.43529412 0.89019608 0.96078431
v 0.00901185 -0.00492813 -0.04706762 0.43529412 0.89019608 0.96078431
v 0.00941049 -0.00535218 -0.04748353 0.43529412 0.89019608 0.96078431
v 0.01017161 -0.00596738 -0.04810971 0.43529412 0.89019608 0.96078431
v 0.01084745 -0.00698905 -0.04804963 0.43529412 0.89019608 0.96078431
v 0.01084745 -0.00676495 -0.04831998 0.43529412 0.89019608 0.96078431
v 0.00830914 -0.00415035 -0.04628663 0.43529412 0.89019608 0.96078431
v 0.00816637 -0.00340112 -0.04667944 0.43529412 0.89019608 0.96078431
v 0.00686198 -0.00271122 -0.04374496 0.43529412 0.89019608 0.96078431
v 0.00169636 -0.00269803 -0.02763305 0.43529412 0.89019608 0.96078431
v 0.00726248 -0.00378562 -0.04374496 0.43529412 0.89019608 0.96078431
v 0.00818027 -0.00442718 -0.04553800 0.43529412 0.89019608 0.96078431
f 54 55 59
f 54 59 64
f 54 64 67
f 54 67 73
f 54 73 72
f 54 72 81
f 54 81 92
f 54 92 101
f 54 101 112
f 54 112 114
f 54 114 132
f 54 132 158
f 54 158 157
f 54 157 189
f 54 189 188
f 54 188 187
f 54 187 219
f 54 219 243
f 54 243 242
f 54 242 279
f 54 279 307
f 54 307 306
f 54 306 332
f 54 332 333
f 54 333 310
f 54 310 309
f 54 309 308
f 54 308 280
f 54 280 250
f 54 250 249
f 54 249 248
f 54 248 246
f 54 246 226
f 54 226 201
f 54 201 200
f 54 200 175
f 54 175 147
f 54 147 146
f 54 146 141
f 54 141 121
f 54 121 107
f 54 107 97
f 54 97 89
f 54 89 88
f 54 88 87
f 54 87 86
f 54 86 83
f 54 83 76
f 54 76 69
f 54 69 65
f 54 65 62
f 54 62 61
f 54 61 60
f 54 60 56
f 54 56 57
f 54 57 58
f 54 58 55
f 55 58 59
f 56 60 57
f 57 60 61
f 57 61 62
f 57 62 65
f 57 65 68
f 57 68 74
f 57 74 82
f 57 82 94
f 57 94 105
f 57 105 120
f 57 120 140
f 57 140 139
f 57 139 167
f 57 167 166
f 57 166 195
f 57 195 194
f 57 194 193
f 57 193 222
f 57 222 220
f 57 220 199
f 57 199 171
f 57 171 170
f 57 170 198
f 57 198 225
f 57 225 245
f 57 245 244
f 57 244 270
f 57 270 269
f 57 269 268
f 57 268 267
f 57 267 266
f 57 266 295
f 57 295 265
f 57 265 264
f 57 264 294
f 57 294 321
f 57 321 337
f 57 337 323
f 57 323 296
f 57 296 271
f 57 271 239
f 57 239 216
f 57 216 186
f 57 186 156
f 57 156 131
f 57 131 113
f 57 113 102
f 57 102 100
f 57 100 91
f 57 91 80
f 57 80 71
f 57 71 66
f 57 66 63
f 57 63 58
f 58 63 64
f 58 64 59
f 63 66 67
f 63 67 64
f 65 69 70
f 65 70 68
f 66 71 72
f 66 72 73
f 66 73 67
f 68 70 75
f 68 75 74
f 69 76 70
f 70 77 75
f 70 76 78
f 70 78 79
f 70 79 77
f 71 80 81
f 71 81 72
f 74 75 77
f 74 77 82
f 76 83 78
f 77 79 78
f 77 78 84
f 77 84 85
f 77 85 82
f 78 83 86
f 78 86 87
f 78 87 88
f 78 88 89
f 78 89 90
f 78 90 84
f 80 91 81
f 81 91 92
f 82 93 94
f 82 85 93
f 84 90 95
f 84 95 85
f 85 95 96
f 85 96 93
f 89 97 90
f 90 97 98
f 90 98 99
f 90 99 95
f 91 100 92
f 92 100 102
f 92 102 101
f 93 96 103
f 93 103 104
f 93 104 94
f 94 104 105
f 95 99 106
f 95 106 96
f 96 106 103
f 97 107 99
f 97 99 98
f 99 108 109
f 99 109 106
f 99 107 110
f 99 110 111
f 99 111 108
f 101 102 112
f 102 113 114
f 102 114 112
f 103 109 115
f 103 115 116
f 103 116 104
f 103 106 109
f 104 116 117
f 104 117 118
f 104 118 119
f 104 119 105
f 105 119 120
f 107 121 122
f 107 122 111
f 107 111 110
f 108 111 123
f 108 123 124
f 108 124 125
f 108 125 126
f 108 126 109
f 109 126 115
f 111 127 128
f 111 128 129
f 111 129 130
f 111 130 124
f 111 124 123
f 111 122 127
f 113 131 132
f 113 132 114
f 115 126 133
f 115 133 116
f 116 134 117
f 116 133 134
f 117 134 135
f 117 135 136
f 117 136 137
f 117 137 118
f 118 137 138
f 118 138 139
f 118 139 140
f 118 140 119
f 119 140 120
f 121 141 122
f 122 141 127
f 124 142 143
f 124 143 144
f 124 144 125
f 124 130 145
f 124 145 142
f 125 133 126
f 125 144 133
f 127 141 146
f 127 146 147
f 127 147 148
f 127 148 149
f 127 149 129
f 127 129 128
f 129 149 150
f 129 150 151
f 129 151 152
f 129 152 153
f 129 153 130
f 130 154 155
f 130 155 145
f 130 153 154
f 131 156 157
f 131 157 158
f 131 158 132
f 133 144 159
f 133 159 160
f 133 160 135
f 133 135 134
f 135 160 161
f 135 161 162
f 135 162 163
f 135 163 136
f 136 163 164
f 136 164 137
f 137 164 165
f 137 165 166
f 137 166 138
f 138 166 167
f 138 167 139
f 142 168 169
f 142 169 170
f 142 170 171
f 142 171 172
f 142 172 173
f 142 173 143
f 142 145 174
f 142 174 168
f 143 173 144
f 144 173 159
f 145 155 174
f 147 175 148
f 148 175 176
f 148 176 149
f 149 176 177
f 149 177 150
f 150 177 178
f 150 178 179
f 150 179 151
f 151 179 180
f 151 180 181
f 151 181 182
f 151 182 183
f 151 183 152
f 152 183 153
f 153 183 154
f 154 184 185
f 154 185 155
f 154 183 184
f 155 185 174
f 156 186 187
f 156 187 188
f 156 188 189
f 156 189 157
f 159 173 190
f 159 190 191
f 159 191 160
f 160 192 161
f 160 191 190
f 160 190 192
f 161 192 162
f 162 192 193
f 162 193 194
f 162 194 163
f 163 194 164
f 164 194 195
f 164 195 165
f 165 195 166
f 168 196 169
f 168 174 197
f 168 197 196
f 169 196 170
f 170 196 198
f 171 199 172
f 172 190 173
f 172 199 190
f 174 185 197
f 175 200 176
f 176 200 201
f 176 201 202
f 176 202 177
f 177 203 204
f 177 204 178
f 177 202 203
f 178 204 205
f 178 205 179
f 179 205 180
f 180 205 206
f 180 206 207
f 180 207 208
f 180 208 181
f 181 208 209
f 181 209 210
f 181 210 211
f 181 211 183
f 181 183 182
f 183 211 212
f 183 212 213
f 183 213 214
f 183 214 184
f 184 214 215
f 184 215 197
f 184 197 185
f 186 216 217
f 186 217 218
f 186 218 187
f 187 218 219
f 190 199 220
f 190 220 221
f 190 221 222
f 190 222 193
f 190 193 192
f 196 197 215
f 196 215 223
f 196 223 224
f 196 224 225
f 196 225 198
f 201 226 202
f 202 227 203
f 202 226 227
f 203 227 228
f 203 228 204
f 204 228 229
f 204 229 205
f 205 229 230
f 205 230 206
f 206 230 231
f 206 231 207
f 207 231 232
f 207 232 208
f 208 232 209
f 209 233 234
f 209 234 210
f 209 232 233
f 210 234 212
f 210 212 211
f 212 234 235
f 212 235 236
f 212 236 213
f 213 236 214
f 214 236 237
f 214 237 215
f 215 237 238
f 215 238 223
f 216 239 240
f 216 240 217
f 217 240 241
f 217 241 218
f 218 241 242
f 218 242 243
f 218 243 219
f 220 222 221
f 223 238 244
f 223 244 245
f 223 245 224
f 224 245 225
f 226 246 227
f 227 247 228
f 227 246 248
f 227 248 249
f 227 249 250
f 227 250 251
f 227 251 252
f 227 252 247
f 228 247 252
f 228 252 251
f 228 251 253
f 228 253 254
f 228 254 255
f 228 255 229
f 229 255 256
f 229 256 230
f 230 256 257
f 230 257 258
f 230 258 259
f 230 259 231
f 231 259 232
f 232 259 260
f 232 260 261
f 232 261 262
f 232 262 233
f 233 263 234
f 233 262 264
f 233 264 265
f 233 265 263
f 234 263 235
f 235 263 266
f 235 266 267
f 235 267 268
f 235 268 236
f 236 268 269
f 236 269 270
f 236 270 237
f 237 270 244
f 237 244 238
f 239 271 272
f 239 272 273
f 239 273 274
f 239 274 240
f 240 274 273
f 240 273 275
f 240 275 276
f 240 276 277
f 240 277 278
f 240 278 279
f 240 279 241
f 241 279 242
f 250 280 251
f 251 280 281
f 251 281 282
f 251 282 283
f 251 283 284
f 251 284 253
f 253 284 285
f 253 285 254
f 254 285 286
f 254 286 287
f 254 287 255
f 255 287 256
f 256 287 288
f 256 288 257
f 257 288 258
f 258 288 289
f 258 289 290
f 258 290 291
f 258 291 259
f 259 291 260
f 260 291 292
f 260 292 261
f 261 292 293
f 261 293 262
f 262 293 294
f 262 294 264
f 263 265 295
f 263 295 266
f 271 296 272
f 272 296 297
f 272 297 273
f 273 297 298
f 273 298 299
f 273 299 300
f 273 300 301
f 273 301 275
f 275 301 302
f 275 302 303
f 275 303 304
f 275 304 277
f 275 277 276
f 277 304 305
f 277 305 306
f 277 306 307
f 277 307 279
f 277 279 278
f 280 308 281
f 281 308 309
f 281 309 282
f 282 309 310
f 282 310 311
f 282 311 312
f 282 312 285
f 282 285 283
f 283 285 284
f 285 312 313
f 285 313 286
f 286 313 314
f 286 314 315
f 286 315 287
f 287 315 288
f 288 315 316
f 288 316 317
f 288 317 289
f 289 318 291
f 289 291 290
f 289 317 319
f 289 319 320
f 289 320 321
f 289 321 318
f 291 318 322
f 291 322 293
f 291 293 292
f 293 322 294
f 294 322 321
f 296 323 324
f 296 324 325
f 296 325 326
f 296 326 297
f 297 326 327
f 297 327 298
f 298 327 299
f 299 327 328
f 299 328 302
f 299 302 300
f 300 302 301
f 302 329 330
f 302 330 303
f 302 328 329
f 303 330 305
f 303 305 304
f 305 330 331
f 305 331 311
f 305 311 332
f 305 332 306
f 310 333 311
f 311 333 332
f 311 331 312
f 312 331 330
f 312 330 313
f 313 330 329
f 313 329 334
f 313 334 314
f 314 334 335
f 314 335 315
f 315 335 324
f 315 324 319
f 315 319 317
f 315 317 316
f 318 321 322
f 319 324 320
f 320 324 336
f 320 336 337
f 320 337 321
f 323 337 324
f 324 335 334
f 324 334 338
f 324 338 326
f 324 326 325
f 324 337 336
f 326 338 334
f 326 334 339
f 326 339 328
f 326 328 327
f 328 339 334
f 328 334 329

o geometry_3
v 0.01838449 -0.01092868 -0.02763305 0.38039216 0.78823529 0.52549020
v 0.01890762 -0.01097037 -0.02763305 0.38039216 0.78823529 0.52549020
v 0.01838449 -0.01076194 -0.02682431 0.38039216 0.78823529 0.52549020
v 0.01838449 0.00495331 -0.02763305 0.38039216 0.78823529 0.52549020
v 0.02002929 -0.01096370 -0.02763305 0.38039216 0.78823529 0.52549020
v 0.01890762 -0.01078695 -0.02682431 0.38039216 0.78823529 0.52549020
v 0.01838449 -0.00950472 -0.02121850 0.38039216 0.78823529 0.52549020
v 0.01838449 0.00560360 -0.01988981 0.38039216 0.78823529 0.52549020
v 0.02434161 0.00603879 -0.01988981 0.38039216 0.78823529 0.52549020
v 0.02570835 0.00596042 -0.02119727 0.38039216 0.78823529 0.52549020
v 0.02675619 0.00589373 -0.02197342 0.38039216 0.78823529 0.52549020
v 0.02749141 0.00589706 -0.02200222 0.38039216 0.78823529 0.52549020
v 0.02339274 0.00493497 -0.02763305 0.38039216 0.78823529 0.52549020
v 0.02115097 -0.01090367 -0.02763305 0.38039216 0.78823529 0.52549020
v 0.01838449 -0.00924294 -0.02009749 0.38039216 0.78823529 0.52549020
v 0.01838449 -0.00918458 -0.01988981 0.38039216 0.78823529 0.52549020
v 0.02560624 0.00606214 -0.01988981 0.38039216 0.78823529 0.52549020
v 0.02680332 0.00596543 -0.02119121 0.38039216 0.78823529 0.52549020
v 0.03214305 0.00280737 -0.02570330 0.38039216 0.78823529 0.52549020
v 0.03418846 0.00143510 -0.02763305 0.38039216 0.78823529 0.52549020
v 0.03402350 0.00153514 -0.02763305 0.38039216 0.78823529 0.52549020
v 0.03212420 0.00272900 -0.02661739 0.38039216 0.78823529 0.52549020
v 0.02525591 0.00473655 -0.02763305 0.38039216 0.78823529 0.52549020
v 0.02451442 0.00487161 -0.02763305 0.38039216 0.78823529 0.52549020
v 0.02749141 0.00589706 -0.02154669 0.38039216 0.78823529 0.52549020
v 0.02227107 -0.01081030 -0.02763305 0.38039216 0.78823529 0.52549020
v 0.02334875 -0.01067357 -0.02763305 0.38039216 0.78823529 0.52549020
v 0.01889348 -0.00910788 -0.01988981 0.38039216 0.78823529 0.52549020
v 0.02569421 0.00603546 -0.01988981 0.38039216 0.78823529 0.52549020
v 0.02646085 0.00595209 -0.02030744 0.38039216 0.78823529 0.52549020
v 0.03411305 0.00139675 -0.02729879 0.38039216 0.78823529 0.52549020
v 0.02875447 0.00497832 -0.02234027 0.38039216 0.78823529 0.52549020
v 0.03443353 0.00073979 -0.02763305 0.38039216 0.78823529 0.52549020
v 0.03316418 0.00193865 -0.02763305 0.38039216 0.78823529 0.52549020
v 0.02630375 0.00584537 -0.01988981 0.38039216 0.78823529 0.52549020
v 0.02720863 0.00565862 -0.02079935 0.38039216 0.78823529 0.52549020
v 0.02854081 0.00483826 -0.02166038 0.38039216 0.78823529 0.52549020
v 0.02451442 -0.01047348 -0.02763305 0.38039216 0.78823529 0.52549020
v 0.01983292 -0.00888111 -0.01988981 0.38039216 0.78823529 0.52549020
v 0.03193411 0.00263896 -0.02500068 0.38039216 0.78823529 0.52549020
v 0.03306364 0.00159017 -0.02611638 0.38039216 0.78823529 0.52549020
v 0.03415703 0.00075313 -0.02725710 0.38039216 0.78823529 0.52549020
v 0.03438011 -0.00019229 -0.02763305 0.38039216 0.78823529 0.52549020
v 0.02657396 0.00547021 -0.01988981 0.38039216 0.78823529 0.52549020
v 0.02744899 0.00490996 -0.02052952 0.38039216 0.78823529 0.52549020
v 0.02863036 0.00411795 -0.02156867 0.38039216 0.78823529 0.52549020
v 0.02566122 -0.01019169 -0.02763305 0.38039216 0.78823529 0.52549020
v 0.02020524 -0.00875106 -0.01988981 0.38039216 0.78823529 0.52549020
v 0.02594871 -0.01009665 -0.02763305 0.38039216 0.78823529 0.52549020
v 0.03199852 0.00187529 -0.02494838 0.38039216 0.78823529 0.52549020
v 0.03364176 0.00075313 -0.02669622 0.38039216 0.78823529 0.52549020
v 0.03412719 0.00001114 -0.02730031 0.38039216 0.78823529 0.52549020
v 0.03417274 -0.00062248 -0.02763305 0.38039216 0.78823529 0.52549020
v 0.02584032 -0.00260835 -0.01988981 0.38039216 0.78823529 0.52549020
v 0.02581675 -0.00267171 -0.01988981 0.38039216 0.78823529 0.52549020
v 0.02545386 -0.00355877 -0.01988981 0.38039216 0.78823529 0.52549020
v 0.02664779 0.00525511 -0.01988981 0.38039216 0.78823529 0.52549020
v 0.02696827 0.00412462 -0.01988981 0.38039216 0.78823529 0.52549020
v 0.02696984 0.00411795 -0.01988981 0.38039216 0.78823529 0.52549020
v 0.02753539 0.00411795 -0.02044538 0.38039216 0.78823529 0.52549020
v 0.02809623 0.00411795 -0.02100779 0.38039216 0.78823529 0.52549020
v 0.02057128 -0.00860266 -0.01988981 0.38039216 0.78823529 0.52549020
v 0.02619535 -0.00989656 -0.02738520 0.38039216 0.78823529 0.52549020
v 0.02675462 -0.00971982 -0.02763305 0.38039216 0.78823529 0.52549020
v 0.02694942 0.00187529 -0.01988981 0.38039216 0.78823529 0.52549020
v 0.03308092 0.00075313 -0.02610653 0.38039216 0.78823529 0.52549020
v 0.02702168 0.00303080 -0.01988981 0.38039216 0.78823529 0.52549020
v 0.02702168 0.00299579 -0.01988981 0.38039216 0.78823529 0.52549020
v 0.02658181 -0.00023564 -0.01988981 0.38039216 0.78823529 0.52549020
v 0.02650169 -0.00052410 -0.01988981 0.38039216 0.78823529 0.52549020
v 0.02637287 -0.00095762 -0.01988981 0.38039216 0.78823529 0.52549020
v 0.02621421 -0.00148952 -0.01988981 0.38039216 0.78823529 0.52549020
v 0.02591101 -0.00239826 -0.01988981 0.38039216 0.78823529 0.52549020
v 0.03376115 -0.00144450 -0.02763305 0.38039216 0.78823529 0.52549020
v 0.02528262 -0.00389392 -0.01988981 0.38039216 0.78823529 0.52549020
v 0.02111797 -0.00833254 -0.01988981 0.38039216 0.78823529 0.52549020
v 0.02764536 -0.00909954 -0.02763305 0.38039216 0.78823529 0.52549020
v 0.02202600 -0.00779563 -0.01988981 0.38039216 0.78823529 0.52549020
v 0.02693999 0.00180693 -0.01988981 0.38039216 0.78823529 0.52549020
v 0.02678918 0.00075313 -0.01988981 0.38039216 0.78823529 0.52549020
v 0.02675462 0.00056972 -0.01988981 0.38039216 0.78823529 0.52549020
v 0.03372659 -0.00151120 -0.02763305 0.38039216 0.78823529 0.52549020
v 0.02486317 -0.00459256 -0.01988981 0.38039216 0.78823529 0.52549020
v 0.03323173 -0.00238492 -0.02763305 0.38039216 0.78823529 0.52549020
v 0.02820620 -0.00862933 -0.02763305 0.38039216 0.78823529 0.52549020
v 0.02748669 -0.00891279 -0.02721238 0.38039216 0.78823529 0.52549020
v 0.02823290 -0.00858598 -0.02760576 0.38039216 0.78823529 0.52549020
v 0.02252242 -0.00736711 -0.01988981 0.38039216 0.78823529 0.52549020
v 0.02465895 -0.00491103 -0.01988981 0.38039216 0.78823529 0.52549020
v 0.03195925 -0.00442915 -0.02763305 0.38039216 0.78823529 0.52549020
v 0.03228287 -0.00392393 -0.02763305 0.38039216 0.78823529 0.52549020
v 0.03295681 -0.00284012 -0.02763305 0.38039216 0.78823529 0.52549020
v 0.02828632 -0.00855764 -0.02763305 0.38039216 0.78823529 0.52549020
v 0.02937029 -0.00746215 -0.02759894 0.38039216 0.78823529 0.52549020
v 0.02309740 -0.00679686 -0.01988981 0.38039216 0.78823529 0.52549020
v 0.02454269 -0.00508111 -0.01988981 0.38039216 0.78823529 0.52549020
v 0.03153351 -0.00503609 -0.02763305 0.38039216 0.78823529 0.52549020
v 0.02933416 -0.00752718 -0.02763305 0.38039216 0.78823529 0.52549020
v 0.02943313 -0.00742547 -0.02763305 0.38039216 0.78823529 0.52549020
v 0.02991856 -0.00690524 -0.02763305 0.38039216 0.78823529 0.52549020
v 0.02972061 -0.00671349 -0.02720480 0.38039216 0.78823529 0.52549020
v 0.02365038 -0.00618659 -0.01988981 0.38039216 0.78823529 0.52549020
v 0.02408397 -0.00568304 -0.01988981 0.38039216 0.78823529 0.52549020
v 0.03151937 -0.00505443 -0.02763305 0.38039216 0.78823529 0.52549020
v 0.03048568 -0.00627830 -0.02763305 0.38039216 0.78823529 0.52549020
v 0.03046839 -0.00628830 -0.02762319 0.38039216 0.78823529 0.52549020
v 0.03098210 -0.00572639 -0.02763305 0.38039216 0.78823529 0.52549020
v 0.02366766 -0.00616658 -0.01988981 0.38039216 0.78823529 0.52549020
f 340 341 342
f 340 342 346
f 340 346 354
f 340 354 355
f 340 355 347
f 340 347 343
f 340 343 352
f 340 352 363
f 340 363 362
f 340 362 373
f 340 373 360
f 340 360 359
f 340 359 372
f 340 372 382
f 340 382 392
f 340 392 413
f 340 413 421
f 340 421 423
f 340 423 431
f 340 431 430
f 340 430 429
f 340 429 436
f 340 436 443
f 340 443 446
f 340 446 444
f 340 444 439
f 340 439 438
f 340 438 437
f 340 437 432
f 340 432 424
f 340 424 416
f 340 416 403
f 340 403 388
f 340 388 386
f 340 386 377
f 340 377 366
f 340 366 365
f 340 365 353
f 340 353 344
f 340 344 341
f 341 344 345
f 341 345 346
f 341 346 342
f 343 347 348
f 343 348 349
f 343 349 350
f 343 350 351
f 343 351 352
f 344 353 354
f 344 354 346
f 344 346 345
f 347 355 367
f 347 367 378
f 347 378 387
f 347 387 401
f 347 401 415
f 347 415 417
f 347 417 427
f 347 427 434
f 347 434 441
f 347 441 447
f 347 447 442
f 347 442 435
f 347 435 428
f 347 428 422
f 347 422 414
f 347 414 395
f 347 395 394
f 347 394 393
f 347 393 412
f 347 412 411
f 347 411 410
f 347 410 409
f 347 409 408
f 347 408 420
f 347 420 419
f 347 419 418
f 347 418 404
f 347 404 407
f 347 407 406
f 347 406 398
f 347 398 397
f 347 397 396
f 347 396 383
f 347 383 374
f 347 374 368
f 347 368 356
f 347 356 348
f 348 356 349
f 349 356 357
f 349 357 351
f 349 351 350
f 351 358 359
f 351 359 360
f 351 360 361
f 351 361 362
f 351 362 363
f 351 363 352
f 351 357 364
f 351 364 358
f 353 365 354
f 354 365 366
f 354 366 355
f 355 366 367
f 356 368 369
f 356 369 364
f 356 364 357
f 358 370 359
f 358 364 371
f 358 371 370
f 359 370 372
f 360 373 361
f 361 373 362
f 364 369 374
f 364 374 375
f 364 375 376
f 364 376 371
f 366 377 367
f 367 377 378
f 368 374 369
f 370 379 380
f 370 380 381
f 370 381 372
f 370 371 376
f 370 376 379
f 372 381 382
f 374 383 376
f 374 376 375
f 376 383 384
f 376 384 385
f 376 385 379
f 377 386 378
f 378 386 388
f 378 388 387
f 379 385 389
f 379 389 380
f 380 389 381
f 381 389 390
f 381 390 391
f 381 391 382
f 382 391 393
f 382 393 394
f 382 394 395
f 382 395 392
f 383 396 384
f 384 396 397
f 384 397 398
f 384 398 399
f 384 399 400
f 384 400 385
f 385 400 389
f 387 388 402
f 387 402 401
f 388 403 402
f 389 404 405
f 389 405 390
f 389 400 406
f 389 406 407
f 389 407 404
f 390 405 391
f 391 405 408
f 391 408 409
f 391 409 410
f 391 410 411
f 391 411 412
f 391 412 393
f 392 395 413
f 395 414 413
f 398 406 399
f 399 406 400
f 401 402 415
f 402 403 415
f 403 416 417
f 403 417 415
f 404 418 405
f 405 418 419
f 405 419 420
f 405 420 408
f 413 414 421
f 414 422 423
f 414 423 421
f 416 424 425
f 416 425 417
f 417 425 426
f 417 426 427
f 422 428 429
f 422 429 430
f 422 430 431
f 422 431 423
f 424 432 426
f 424 426 425
f 426 432 433
f 426 433 427
f 427 433 434
f 428 435 429
f 429 435 436
f 432 437 433
f 433 437 438
f 433 438 439
f 433 439 440
f 433 440 434
f 434 440 441
f 435 442 436
f 436 442 443
f 439 444 445
f 439 445 440
f 440 445 446
f 440 446 441
f 441 446 447
f 442 447 446
f 442 446 443
f 444 446 445

o geometry_4
v 0.02737464 -0.01522441 -0.04190465 0.56470588 0.92549020 0.07058824
v 0.02787858 -0.01520781 -0.04140219 0.56470588 0.92549020 0.07058824
v 0.02737464 -0.01519743 -0.04140219 0.56470588 0.92549020 0.07058824
v 0.02737464 -0.01520366 -0.04252318 0.56470588 0.92549020 0.07058824
v 0.02787858 -0.01517253 -0.04252318 0.56470588 0.92549020 0.07058824
v 0.02900006 -0.01511235 -0.04140219 0.56470588 0.92549020 0.07058824
v 0.02900006 -0.01492352 -0.04028046 0.56470588 0.92549020 0.07058824
v 0.02787858 -0.01499615 -0.04028046 0.56470588 0.92549020 0.07058824
v 0.02737464 -0.01508123 -0.04078366 0.56470588 0.92549020 0.07058824
v 0.02737464 -0.01511650 -0.04302637 0.56470588 0.92549020 0.07058824
v 0.02900006 -0.01502935 -0.04252318 0.56470588 0.92549020 0.07058824
v 0.03002361 -0.01463923 -0.04252318 0.56470588 0.92549020 0.07058824
v 0.03009411 -0.01468488 -0.04140219 0.56470588 0.92549020 0.07058824
v 0.02997922 -0.01460603 -0.04028046 0.56470588 0.92549020 0.07058824
v 0.02977033 -0.01448568 -0.03947535 0.56470588 0.92549020 0.07058824
v 0.02902356 -0.01457490 -0.03928729 0.56470588 0.92549020 0.07058824
v 0.02900006 -0.01457905 -0.03928729 0.56470588 0.92549020 0.07058824
v 0.02785509 -0.01464753 -0.03928729 0.56470588 0.92549020 0.07058824
v 0.02737464 -0.01464338 -0.03928729 0.56470588 0.92549020 0.07058824
v 0.02737464 -0.01497747 -0.04028046 0.56470588 0.92549020 0.07058824
v 0.02737464 -0.01493390 -0.04364417 0.56470588 0.92549020 0.07058824
v 0.02787858 -0.01484259 -0.04364417 0.56470588 0.92549020 0.07058824
v 0.02897786 -0.01461018 -0.04370441 0.56470588 0.92549020 0.07058824
v 0.02981342 -0.01451473 -0.04337163 0.56470588 0.92549020 0.07058824
v 0.03058369 -0.01431552 -0.04252318 0.56470588 0.92549020 0.07058824
v 0.03065420 -0.01436117 -0.04140219 0.56470588 0.92549020 0.07058824
v 0.03053931 -0.01429477 -0.04028046 0.56470588 0.92549020 0.07058824
v 0.02996617 -0.01430307 -0.03928729 0.56470588 0.92549020 0.07058824
v 0.02737464 0.00485626 -0.03928729 0.56470588 0.92549020 0.07058824
v 0.02737464 -0.01473469 -0.04410035 0.56470588 0.92549020 0.07058824
v 0.02737464 -0.01452925 -0.04451834 0.56470588 0.92549020 0.07058824
v 0.02933820 -0.01433419 -0.04411872 0.56470588 0.92549020 0.07058824
v 0.03016069 -0.01414536 -0.04370441 0.56470588 0.92549020 0.07058824
v 0.03095839 -0.01356018 -0.04364417 0.56470588 0.92549020 0.07058824
v 0.03785303 -0.00802176 -0.04140219 0.56470588 0.92549020 0.07058824
v 0.03852408 -0.00764825 -0.04028046 0.56470588 0.92549020 0.07058824
v 0.03846794 -0.00760259 -0.03928729 0.56470588 0.92549020 0.07058824
v 0.03101322 -0.01365356 -0.03928729 0.56470588 0.92549020 0.07058824
v 0.03019203 -0.01416611 -0.03928729 0.56470588 0.92549020 0.07058824
v 0.02782114 0.00482098 -0.03928729 0.56470588 0.92549020 0.07058824
v 0.03236317 0.00597474 -0.04183193 0.56470588 0.92549020 0.07058824
v 0.03173258 0.00592286 -0.04189584 0.56470588 0.92549020 0.07058824
v 0.02737464 0.00491644 -0.03977800 0.56470588 0.92549020 0.07058824
v 0.02737464 -0.01432382 -0.04477471 0.56470588 0.92549020 0.07058824
v 0.02737464 -0.01389842 -0.04527570 0.56470588 0.92549020 0.07058824
v 0.02737464 -0.01356848 -0.04560406 0.56470588 0.92549020 0.07058824
v 0.02930686 -0.01317837 -0.04527790 0.56470588 0.92549020 0.07058824
v 0.03012022 -0.01358716 -0.04453450 0.56470588 0.92549020 0.07058824
v 0.03078214 -0.01336720 -0.04431853 0.56470588 0.92549020 0.07058824
v 0.03763369 -0.00785576 -0.04223889 0.56470588 0.92549020 0.07058824
v 0.03841311 -0.00746771 -0.04140219 0.56470588 0.92549020 0.07058824
v 0.03892880 -0.00708797 -0.04028046 0.56470588 0.92549020 0.07058824
v 0.03951630 -0.00630359 -0.03928729 0.56470588 0.92549020 0.07058824
v 0.03890922 -0.00710665 -0.03928729 0.56470588 0.92549020 0.07058824
v 0.02795561 0.00480853 -0.03928729 0.56470588 0.92549020 0.07058824
v 0.03309558 0.00590833 -0.04185543 0.56470588 0.92549020 0.07058824
v 0.03236317 0.00597474 -0.04229399 0.56470588 0.92549020 0.07058824
v 0.03173258 0.00592286 -0.04212797 0.56470588 0.92549020 0.07058824
v 0.02737464 0.00503472 -0.04140219 0.56470588 0.92549020 0.07058824
v 0.02737464 -0.01264299 -0.04640551 0.56470588 0.92549020 0.07058824
v 0.02990872 -0.01243133 -0.04546596 0.56470588 0.92549020 0.07058824
v 0.03021814 -0.01276335 -0.04513319 0.56470588 0.92549020 0.07058824
v 0.03414917 -0.01000140 -0.04429208 0.56470588 0.92549020 0.07058824
v 0.03438025 -0.01023174 -0.04364417 0.56470588 0.92549020 0.07058824
v 0.03730600 -0.00745111 -0.04298671 0.56470588 0.92549020 0.07058824
v 0.03859197 -0.00666258 -0.04204202 0.56470588 0.92549020 0.07058824
v 0.03875386 -0.00690536 -0.04140219 0.56470588 0.92549020 0.07058824
v 0.03978133 -0.00564786 -0.03998663 0.56470588 0.92549020 0.07058824
v 0.03987011 -0.00575784 -0.03928729 0.56470588 0.92549020 0.07058824
v 0.03984269 -0.00580349 -0.03928729 0.56470588 0.92549020 0.07058824
v 0.02810445 0.00478571 -0.03928729 0.56470588 0.92549020 0.07058824
v 0.03309558 0.00590833 -0.04223889 0.56470588 0.92549020 0.07058824
v 0.02855094 0.00469233 -0.03928729 0.56470588 0.92549020 0.07058824
v 0.02905358 0.00456782 -0.03928729 0.56470588 0.92549020 0.07058824
v 0.03011108 0.00424203 -0.03928729 0.56470588 0.92549020 0.07058824
v 0.03024947 0.00419638 -0.03928729 0.56470588 0.92549020 0.07058824
v 0.03908939 0.00155064 -0.03962080 0.56470588 0.92549020 0.07058824
v 0.03874341 0.00259649 -0.04052508 0.56470588 0.92549020 0.07058824
v 0.03236317 0.00547464 -0.04285448 0.56470588 0.92549020 0.07058824
v 0.02900006 0.00472346 -0.04428253 0.56470588 0.92549020 0.07058824
v 0.02787858 0.00475043 -0.04432881 0.56470588 0.92549020 0.07058824
v 0.02737464 0.00472553 -0.04428547 0.56470588 0.92549020 0.07058824
v 0.02737464 -0.01226948 -0.04655169 0.56470588 0.92549020 0.07058824
v 0.03065681 -0.01205159 -0.04531243 0.56470588 0.92549020 0.07058824
v 0.03344025 -0.00929172 -0.04499141 0.56470588 0.92549020 0.07058824
v 0.03436980 -0.00933530 -0.04445075 0.56470588 0.92549020 0.07058824
v 0.03512180 -0.00865882 -0.04415985 0.56470588 0.92549020 0.07058824
v 0.03747702 -0.00670408 -0.04313730 0.56470588 0.92549020 0.07058824
v 0.04060775 -0.00407494 -0.03928729 0.56470588 0.92549020 0.07058824
v 0.03858675 0.00003582 -0.04312187 0.56470588 0.92549020 0.07058824
v 0.04012077 -0.00373255 -0.04025328 0.56470588 0.92549020 0.07058824
v 0.04068086 -0.00373255 -0.03939528 0.56470588 0.92549020 0.07058824
v 0.04036883 -0.00477009 -0.03928729 0.56470588 0.92549020 0.07058824
v 0.03870033 0.00256328 -0.04140219 0.56470588 0.92549020 0.07058824
v 0.03854236 0.00244708 -0.04197591 0.56470588 0.92549020 0.07058824
v 0.03310342 0.00493512 -0.04315346 0.56470588 0.92549020 0.07058824
v 0.03908939 0.00078701 -0.03928729 0.56470588 0.92549020 0.07058824
v 0.03965600 0.00132653 -0.03971336 0.56470588 0.92549020 0.07058824
v 0.03968080 0.00139501 -0.04095115 0.56470588 0.92549020 0.07058824
v 0.03967689 0.00138463 -0.04028046 0.56470588 0.92549020 0.07058824
v 0.02956405 0.00467988 -0.04420687 0.56470588 0.92549020 0.07058824
v 0.02900006 0.00411753 -0.04460942 0.56470588 0.92549020 0.07058824
v 0.02787858 0.00411753 -0.04478573 0.56470588 0.92549020 0.07058824
v 0.02737464 0.00416111 -0.04477618 0.56470588 0.92549020 0.07058824
v 0.02737464 -0.01215327 -0.04659430 0.56470588 0.92549020 0.07058824
v 0.02737464 -0.01157847 -0.04679117 0.56470588 0.92549020 0.07058824
v 0.03303553 -0.00888708 -0.04537928 0.56470588 0.92549020 0.07058824
v 0.03375880 -0.00821475 -0.04517359 0.56470588 0.92549020 0.07058824
v 0.03469097 -0.00825625 -0.04457270 0.56470588 0.92549020 0.07058824
v 0.03527847 -0.00791178 -0.04427445 0.56470588 0.92549020 0.07058824
v 0.03596780 -0.00709420 -0.04400485 0.56470588 0.92549020 0.07058824
v 0.04069522 -0.00381555 -0.03928729 0.56470588 0.92549020 0.07058824
v 0.03858675 0.00036161 -0.04312187 0.56470588 0.92549020 0.07058824
v 0.03893141 0.00074343 -0.04259884 0.56470588 0.92549020 0.07058824
v 0.03540642 -0.00709420 -0.04433028 0.56470588 0.92549020 0.07058824
v 0.03381625 -0.00709420 -0.04520738 0.56470588 0.92549020 0.07058824
v 0.03325617 -0.00709420 -0.04548653 0.56470588 0.92549020 0.07058824
v 0.04065344 -0.00303116 -0.03928729 0.56470588 0.92549020 0.07058824
v 0.04071089 -0.00373255 -0.03928729 0.56470588 0.92549020 0.07058824
v 0.03954894 0.00075380 -0.04155425 0.56470588 0.92549020 0.07058824
v 0.03928522 0.00181003 -0.04135591 0.56470588 0.92549020 0.07058824
v 0.03875255 0.00187435 -0.04220730 0.56470588 0.92549020 0.07058824
v 0.03827994 0.00110864 -0.04302344 0.56470588 0.92549020 0.07058824
v 0.03909983 0.00077870 -0.03928729 0.56470588 0.92549020 0.07058824
v 0.04054769 -0.00242316 -0.03928729 0.56470588 0.92549020 0.07058824
v 0.04058294 -0.00252069 -0.03928729 0.56470588 0.92549020 0.07058824
v 0.02787858 0.00299490 -0.04508691 0.56470588 0.92549020 0.07058824
v 0.02737464 0.00299490 -0.04517286 0.56470588 0.92549020 0.07058824
v 0.02737464 -0.01045377 -0.04666923 0.56470588 0.92549020 0.07058824
v 0.03236317 -0.00709420 -0.04566283 0.56470588 0.92549020 0.07058824
v 0.03319872 -0.00821475 -0.04546302 0.56470588 0.92549020 0.07058824
v 0.03311125 -0.00630566 -0.04541013 0.56470588 0.92549020 0.07058824
v 0.02737464 -0.00098720 -0.04562537 0.56470588 0.92549020 0.07058824
f 448 449 450
f 448 450 456
f 448 456 467
f 448 467 466
f 448 466 476
f 448 476 490
f 448 490 506
f 448 506 529
f 448 529 551
f 448 551 575
f 448 575 580
f 448 580 576
f 448 576 553
f 448 553 552
f 448 552 530
f 448 530 507
f 448 507 493
f 448 493 492
f 448 492 491
f 448 491 478
f 448 478 477
f 448 477 468
f 448 468 457
f 448 457 451
f 448 451 452
f 448 452 449
f 449 452 453
f 449 453 454
f 449 454 455
f 449 455 456
f 449 456 450
f 451 457 452
f 452 457 458
f 452 458 453
f 453 458 459
f 453 459 460
f 453 460 461
f 453 461 454
f 454 461 462
f 454 462 463
f 454 463 464
f 454 464 455
f 455 464 465
f 455 465 466
f 455 466 467
f 455 467 456
f 457 468 458
f 458 468 469
f 458 469 470
f 458 470 471
f 458 471 459
f 459 471 472
f 459 472 473
f 459 473 460
f 460 473 474
f 460 474 461
f 461 474 462
f 462 474 475
f 462 475 463
f 463 475 486
f 463 486 485
f 463 485 484
f 463 484 501
f 463 501 500
f 463 500 517
f 463 517 516
f 463 516 540
f 463 540 536
f 463 536 559
f 463 559 566
f 463 566 565
f 463 565 573
f 463 573 572
f 463 572 571
f 463 571 544
f 463 544 523
f 463 523 522
f 463 522 521
f 463 521 520
f 463 520 518
f 463 518 502
f 463 502 487
f 463 487 476
f 463 476 466
f 463 466 465
f 463 465 464
f 468 477 469
f 469 477 470
f 470 478 479
f 470 479 471
f 470 477 478
f 471 479 480
f 471 480 472
f 472 480 481
f 472 481 482
f 472 482 483
f 472 483 473
f 473 483 484
f 473 484 474
f 474 485 486
f 474 486 475
f 474 484 485
f 476 487 488
f 476 488 489
f 476 489 490
f 478 491 479
f 479 491 492
f 479 492 493
f 479 493 494
f 479 494 495
f 479 495 496
f 479 496 480
f 480 496 481
f 481 496 497
f 481 497 482
f 482 497 498
f 482 498 483
f 483 498 499
f 483 499 500
f 483 500 501
f 483 501 484
f 487 502 488
f 488 503 519
f 488 519 504
f 488 504 505
f 488 505 489
f 488 502 503
f 489 505 506
f 489 506 490
f 493 507 494
f 494 507 508
f 494 508 509
f 494 509 495
f 495 509 496
f 496 509 510
f 496 510 511
f 496 511 497
f 497 512 513
f 497 513 498
f 497 511 510
f 497 510 512
f 498 513 514
f 498 514 499
f 499 514 515
f 499 515 516
f 499 516 517
f 499 517 500
f 502 518 503
f 503 518 520
f 503 520 521
f 503 521 522
f 503 522 523
f 503 523 524
f 503 524 525
f 503 525 519
f 504 519 526
f 504 526 527
f 504 527 528
f 504 528 529
f 504 529 505
f 505 529 506
f 507 530 508
f 508 530 531
f 508 531 509
f 509 531 510
f 510 531 532
f 510 532 533
f 510 533 512
f 512 533 534
f 512 534 535
f 512 535 513
f 513 536 515
f 513 515 514
f 513 535 537
f 513 537 538
f 513 538 539
f 513 539 536
f 515 536 540
f 515 540 516
f 519 525 541
f 519 541 542
f 519 542 543
f 519 543 526
f 523 544 524
f 524 544 545
f 524 545 525
f 525 546 541
f 525 545 547
f 525 547 546
f 526 543 548
f 526 548 527
f 527 548 549
f 527 549 550
f 527 550 528
f 528 550 551
f 528 551 529
f 530 552 531
f 531 552 553
f 531 553 554
f 531 554 532
f 532 554 533
f 533 554 555
f 533 555 556
f 533 556 534
f 534 556 535
f 535 556 557
f 535 557 555
f 535 555 558
f 535 558 537
f 536 539 559
f 537 560 561
f 537 561 539
f 537 539 538
f 537 558 562
f 537 562 555
f 537 555 563
f 537 563 564
f 537 564 560
f 539 565 566
f 539 566 559
f 539 561 567
f 539 567 565
f 541 546 568
f 541 568 542
f 542 568 569
f 542 569 570
f 542 570 543
f 543 570 549
f 543 549 548
f 544 571 545
f 545 571 572
f 545 572 573
f 545 573 547
f 546 547 573
f 546 573 565
f 546 565 567
f 546 567 561
f 546 561 569
f 546 569 568
f 549 574 575
f 549 575 550
f 549 570 560
f 549 560 574
f 550 575 551
f 553 576 577
f 553 577 564
f 553 564 578
f 553 578 554
f 554 578 555
f 555 562 558
f 555 557 556
f 555 578 563
f 560 570 569
f 560 569 561
f 560 564 579
f 560 579 574
f 563 578 564
f 564 577 579
f 574 579 577
f 574 577 575
f 575 577 580
f 576 580 577

o geometry_5
v -0.03226170 0.00767132 0.05349950 0.08627451 0.01960784 0.83137255
v -0.03267134 0.00764082 0.05390919 0.08627451 0.01960784 0.83137255
v -0.03114041 0.00765642 0.05349950 0.08627451 0.01960784 0.83137255
v -0.03338299 0.00766494 0.05349950 0.08627451 0.01960784 0.83137255
v -0.03379263 0.00763869 0.05390919 0.08627451 0.01960784 0.83137255
v -0.03267134 0.00753938 0.05503080 0.08627451 0.01960784 0.83137255
v -0.03379263 0.00755357 0.05503080 0.08627451 0.01960784 0.83137255
v -0.03042876 0.00764082 0.05349950 0.08627451 0.01960784 0.83137255
v -0.03379263 0.00764862 0.05349950 0.08627451 0.01960784 0.83137255
v -0.03450428 0.00758478 0.05349950 0.08627451 0.01960784 0.83137255
v -0.03491392 0.00753796 0.05390919 0.08627451 0.01960784 0.83137255
v -0.03491392 0.00749043 0.05503080 0.08627451 0.01960784 0.83137255
v -0.03267134 0.00714427 0.05839355 0.08627451 0.01960784 0.83137255
v -0.03155005 0.00711377 0.05839355 0.08627451 0.01960784 0.83137255
v -0.03491392 0.00738190 0.05615172 0.08627451 0.01960784 0.83137255
v -0.03491392 0.00725989 0.05727264 0.08627451 0.01960784 0.83137255
v -0.03491392 0.00713505 0.05839355 0.08627451 0.01960784 0.83137255
v -0.03379263 0.00714853 0.05839355 0.08627451 0.01960784 0.83137255
v -0.03001912 0.00762663 0.05349950 0.08627451 0.01960784 0.83137255
v -0.03491392 0.00753583 0.05349950 0.08627451 0.01960784 0.83137255
v -0.03562557 0.00739822 0.05349950 0.08627451 0.01960784 0.83137255
v -0.03603521 0.00732515 0.05503080 0.08627451 0.01960784 0.83137255
v -0.03603521 0.00727621 0.05615172 0.08627451 0.01960784 0.83137255
v -0.03603521 0.00718328 0.05727264 0.08627451 0.01960784 0.83137255
v -0.03267134 0.00700169 0.05921639 0.08627451 0.01960784 0.83137255
v -0.03155005 0.00698537 0.05916024 0.08627451 0.01960784 0.83137255
v -0.03075807 0.00695487 0.05906042 0.08627451 0.01960784 0.83137255
v -0.02930907 0.00759258 0.05349950 0.08627451 0.01960784 0.83137255
v -0.03614605 0.00703148 0.05850377 0.08627451 0.01960784 0.83137255
v -0.03584565 0.00696551 0.05910270 0.08627451 0.01960784 0.83137255
v -0.03491392 0.00699389 0.05919282 0.08627451 0.01960784 0.83137255
v -0.03379263 0.00700311 0.05921778 0.08627451 0.01960784 0.83137255
v -0.03603521 0.00731097 0.05349950 0.08627451 0.01960784 0.83137255
v -0.03603521 0.00732019 0.05390919 0.08627451 0.01960784 0.83137255
v -0.03695891 0.00707050 0.05503080 0.08627451 0.01960784 0.83137255
v -0.03693642 0.00706057 0.05615172 0.08627451 0.01960784 0.83137255
v -0.03685128 0.00702084 0.05727264 0.08627451 0.01960784 0.83137255
v -0.03672597 0.00697048 0.05820361 0.08627451 0.01960784 0.83137255
v -0.03659264 0.00692082 0.05895158 0.08627451 0.01960784 0.83137255
v -0.03267134 0.00677399 0.05977650 0.08627451 0.01960784 0.83137255
v -0.03155005 0.00674916 0.05972035 0.08627451 0.01960784 0.83137255
v -0.03040145 0.00671440 0.05946664 0.08627451 0.01960784 0.83137255
v -0.03001108 0.00689954 0.05882057 0.08627451 0.01960784 0.83137255
v -0.03040145 0.00701020 0.05842544 0.08627451 0.01960784 0.83137255
v -0.02889943 0.00755640 0.05349950 0.08627451 0.01960784 0.83137255
v -0.03614605 0.00676902 0.05949229 0.08627451 0.01960784 0.83137255
v -0.03491392 0.00676689 0.05975363 0.08627451 0.01960784 0.83137255
v -0.03379263 0.00677257 0.05977789 0.08627451 0.01960784 0.83137255
v -0.03660710 0.00714214 0.05349950 0.08627451 0.01960784 0.83137255
v -0.03693642 0.00705347 0.05390919 0.08627451 0.01960784 0.83137255
v -0.03713080 0.00692082 0.05349950 0.08627451 0.01960784 0.83137255
v -0.03748582 0.00669170 0.05349950 0.08627451 0.01960784 0.83137255
v -0.03749707 0.00669312 0.05390919 0.08627451 0.01960784 0.83137255
v -0.03751956 0.00670163 0.05503080 0.08627451 0.01960784 0.83137255
v -0.03749707 0.00669596 0.05615172 0.08627451 0.01960784 0.83137255
v -0.03741192 0.00666191 0.05727264 0.08627451 0.01960784 0.83137255
v -0.03712276 0.00666333 0.05850377 0.08627451 0.01960784 0.83137255
v -0.03723843 0.00623984 0.05956299 0.08627451 0.01960784 0.83137255
v -0.03691875 0.00602562 0.06025620 0.08627451 0.01960784 0.83137255
v -0.03267134 0.00621360 0.06033315 0.08627451 0.01960784 0.83137255
v -0.03155005 0.00618877 0.06032622 0.08627451 0.01960784 0.83137255
v -0.03042876 0.00611854 0.06030264 0.08627451 0.01960784 0.83137255
v -0.02930907 0.00598589 0.06022639 0.08627451 0.01960784 0.83137255
v -0.02930907 0.00644059 0.05951516 0.08627451 0.01960784 0.83137255
v -0.02931550 0.00681087 0.05842544 0.08627451 0.01960784 0.83137255
v -0.02599500 0.00708610 0.05349950 0.08627451 0.01960784 0.83137255
v -0.02665685 0.00724429 0.05349950 0.08627451 0.01960784 0.83137255
v -0.02706649 0.00731948 0.05349950 0.08627451 0.01960784 0.83137255
v -0.02777814 0.00743439 0.05349950 0.08627451 0.01960784 0.83137255
v -0.02818778 0.00742305 0.05390919 0.08627451 0.01960784 0.83137255
v -0.02818778 0.00748547 0.05349950 0.08627451 0.01960784 0.83137255
v -0.03603521 0.00617104 0.06034008 0.08627451 0.01960784 0.83137255
v -0.03491392 0.00620579 0.06033315 0.08627451 0.01960784 0.83137255
v -0.03379263 0.00621218 0.06033176 0.08627451 0.01960784 0.83137255
v -0.03692517 0.00704638 0.05349950 0.08627451 0.01960784 0.83137255
v -0.03784084 0.00613131 0.05349950 0.08627451 0.01960784 0.83137255
v -0.03784405 0.00614124 0.05503080 0.08627451 0.01960784 0.83137255
v -0.03785048 0.00613557 0.05615172 0.08627451 0.01960784 0.83137255
v -0.03785209 0.00610081 0.05727264 0.08627451 0.01960784 0.83137255
v -0.03783602 0.00603910 0.05839355 0.08627451 0.01960784 0.83137255
v -0.03778622 0.00593482 0.05922055 0.08627451 0.01960784 0.83137255
v -0.03707939 0.00523894 0.06034840 0.08627451 0.01960784 0.83137255
v -0.03603521 0.00523894 0.06057993 0.08627451 0.01960784 0.83137255
v -0.03764004 0.00523894 0.05991514 0.08627451 0.01960784 0.83137255
v -0.03155005 0.00523894 0.06054804 0.08627451 0.01960784 0.83137255
v -0.03042876 0.00523894 0.06053487 0.08627451 0.01960784 0.83137255
v -0.02930907 0.00523894 0.06047248 0.08627451 0.01960784 0.83137255
v -0.02821509 0.00526164 0.06029225 0.08627451 0.01960784 0.83137255
v -0.02860867 0.00586743 0.06013628 0.08627451 0.01960784 0.83137255
v -0.02821509 0.00604193 0.05950338 0.08627451 0.01960784 0.83137255
v -0.02818778 0.00643988 0.05839355 0.08627451 0.01960784 0.83137255
v -0.02552592 0.00695487 0.05349950 0.08627451 0.01960784 0.83137255
v -0.02573797 0.00701517 0.05349950 0.08627451 0.01960784 0.83137255
v -0.03788261 0.00580572 0.05349950 0.08627451 0.01960784 0.83137255
v -0.03797899 0.00523894 0.05727264 0.08627451 0.01960784 0.83137255
v -0.03795650 0.00523894 0.05839355 0.08627451 0.01960784 0.83137255
v -0.03782478 0.00523894 0.05935434 0.08627451 0.01960784 0.83137255
v -0.03708260 0.00411817 0.06034978 0.08627451 0.01960784 0.83137255
v -0.03764325 0.00411817 0.05992138 0.08627451 0.01960784 0.83137255
v -0.03603521 0.00299739 0.06057092 0.08627451 0.01960784 0.83137255
v -0.02706649 0.00042456 0.06054041 0.08627451 0.01960784 0.83137255
v -0.02706649 0.00075441 0.06054111 0.08627451 0.01960784 0.83137255
v -0.02706649 0.00187590 0.06054041 0.08627451 0.01960784 0.83137255
v -0.02818778 0.00411817 0.06053487 0.08627451 0.01960784 0.83137255
v -0.02738296 0.00490342 0.06020906 0.08627451 0.01960784 0.83137255
v -0.02786007 0.00565108 0.05986939 0.08627451 0.01960784 0.83137255
v -0.02750987 0.00588162 0.05912142 0.08627451 0.01960784 0.83137255
v -0.02540544 0.00691302 0.05349950 0.08627451 0.01960784 0.83137255
v -0.03795008 0.00523894 0.05349950 0.08627451 0.01960784 0.83137255
v -0.03797418 0.00411817 0.05727264 0.08627451 0.01960784 0.83137255
v -0.03795972 0.00411817 0.05839355 0.08627451 0.01960784 0.83137255
v -0.03782799 0.00411817 0.05936057 0.08627451 0.01960784 0.83137255
v -0.03705048 0.00299739 0.06033315 0.08627451 0.01960784 0.83137255
v -0.03781192 0.00299739 0.05929750 0.08627451 0.01960784 0.83137255
v -0.03761112 0.00299739 0.05985830 0.08627451 0.01960784 0.83137255
v -0.03687538 0.00222277 0.06023610 0.08627451 0.01960784 0.83137255
v -0.03596453 0.00185958 0.06029502 0.08627451 0.01960784 0.83137255
v -0.03491392 0.00187590 0.06043851 0.08627451 0.01960784 0.83137255
v -0.03155005 0.00042456 0.06051962 0.08627451 0.01960784 0.83137255
v -0.03155005 0.00075441 0.06053279 0.08627451 0.01960784 0.83137255
v -0.02594520 0.00042456 0.06036157 0.08627451 0.01960784 0.83137255
v -0.02594520 0.00075441 0.06036018 0.08627451 0.01960784 0.83137255
v -0.02706649 0.00299739 0.06049605 0.08627451 0.01960784 0.83137255
v -0.02703276 0.00412810 0.06030750 0.08627451 0.01960784 0.83137255
v -0.02638536 0.00376136 0.06016470 0.08627451 0.01960784 0.83137255
v -0.02663597 0.00450831 0.05991514 0.08627451 0.01960784 0.83137255
v -0.02707292 0.00523469 0.05951863 0.08627451 0.01960784 0.83137255
v -0.02426487 0.00579862 0.05446791 0.08627451 0.01960784 0.83137255
v -0.02401266 0.00599653 0.05372064 0.08627451 0.01960784 0.83137255
v -0.02392913 0.00604619 0.05349950 0.08627451 0.01960784 0.83137255
v -0.02471467 0.00653635 0.05349950 0.08627451 0.01960784 0.83137255
v -0.03794044 0.00370887 0.05349950 0.08627451 0.01960784 0.83137255
v -0.03793080 0.00299739 0.05349950 0.08627451 0.01960784 0.83137255
v -0.03793401 0.00299739 0.05727264 0.08627451 0.01960784 0.83137255
v -0.03792437 0.00299739 0.05839355 0.08627451 0.01960784 0.83137255
v -0.03776855 0.00235684 0.05913667 0.08627451 0.01960784 0.83137255
v -0.03631312 0.00146092 0.05951516 0.08627451 0.01960784 0.83137255
v -0.03554525 0.00128217 0.06010855 0.08627451 0.01960784 0.83137255
v -0.03721272 0.00205678 0.05951239 0.08627451 0.01960784 0.83137255
v -0.03267776 0.00042456 0.06032968 0.08627451 0.01960784 0.83137255
v -0.02534761 0.00042456 0.06011340 0.08627451 0.01960784 0.83137255
v -0.02534921 0.00075441 0.06011132 0.08627451 0.01960784 0.83137255
v -0.02536688 0.00138715 0.06009399 0.08627451 0.01960784 0.83137255
v -0.02589861 0.00180709 0.06027908 0.08627451 0.01960784 0.83137255
v -0.02621669 0.00299739 0.06025828 0.08627451 0.01960784 0.83137255
v -0.02549219 0.00213481 0.05994079 0.08627451 0.01960784 0.83137255
v -0.02561909 0.00306619 0.05954636 0.08627451 0.01960784 0.83137255
v -0.02616046 0.00412810 0.05953111 0.08627451 0.01960784 0.83137255
v -0.02294760 0.00493605 0.05349950 0.08627451 0.01960784 0.83137255
v -0.02639179 0.00481830 0.05916786 0.08627451 0.01960784 0.83137255
v -0.02340061 0.00554113 0.05349950 0.08627451 0.01960784 0.83137255
v -0.03788903 0.00267463 0.05349950 0.08627451 0.01960784 0.83137255
v -0.03781514 0.00219440 0.05349950 0.08627451 0.01960784 0.83137255
v -0.03780068 0.00230648 0.05839355 0.08627451 0.01960784 0.83137255
v -0.03715650 0.00180141 0.05839355 0.08627451 0.01960784 0.83137255
v -0.03646895 0.00137084 0.05839355 0.08627451 0.01960784 0.83137255
v -0.03575248 0.00118215 0.05951516 0.08627451 0.01960784 0.83137255
v -0.03367697 0.00042456 0.05963370 0.08627451 0.01960784 0.83137255
v -0.03300066 0.00042456 0.06014737 0.08627451 0.01960784 0.83137255
v -0.02156767 0.00042456 0.05349950 0.08627451 0.01960784 0.83137255
v -0.02159016 0.00077640 0.05349950 0.08627451 0.01960784 0.83137255
v -0.02163514 0.00108213 0.05349950 0.08627451 0.01960784 0.83137255
v -0.02175562 0.00187590 0.05349950 0.08627451 0.01960784 0.83137255
v -0.02193072 0.00261221 0.05349950 0.08627451 0.01960784 0.83137255
v -0.02194518 0.00267179 0.05349950 0.08627451 0.01960784 0.83137255
v -0.02195482 0.00270300 0.05349950 0.08627451 0.01960784 0.83137255
v -0.02214759 0.00329106 0.05349950 0.08627451 0.01960784 0.83137255
v -0.02526407 0.00273918 0.05919282 0.08627451 0.01960784 0.83137255
v -0.02541508 0.00348613 0.05888781 0.08627451 0.01960784 0.83137255
v -0.02298455 0.00490768 0.05358824 0.08627451 0.01960784 0.83137255
v -0.02250583 0.00412171 0.05349950 0.08627451 0.01960784 0.83137255
v -0.03732357 0.00158719 0.05349950 0.08627451 0.01960784 0.83137255
v -0.03708903 0.00136091 0.05349950 0.08627451 0.01960784 0.83137255
v -0.03683522 0.00116583 0.05349950 0.08627451 0.01960784 0.83137255
v -0.03609304 0.00082463 0.05349950 0.08627451 0.01960784 0.83137255
v -0.03590830 0.00111973 0.05839355 0.08627451 0.01960784 0.83137255
v -0.03372516 0.00042456 0.05954774 0.08627451 0.01960784 0.83137255
v -0.02979261 0.00042456 0.05349950 0.08627451 0.01960784 0.83137255
v -0.03375729 0.00042456 0.05837899 0.08627451 0.01960784 0.83137255
v -0.03530589 0.00073313 0.05349950 0.08627451 0.01960784 0.83137255
v -0.03024723 0.00042456 0.05391612 0.08627451 0.01960784 0.83137255
v -0.03488179 0.00070404 0.05349950 0.08627451 0.01960784 0.83137255
v -0.03337978 0.00042456 0.05773362 0.08627451 0.01960784 0.83137255
v -0.03124161 0.00042456 0.05508279 0.08627451 0.01960784 0.83137255
f 581 582 583
f 581 583 588
f 581 588 599
f 581 599 608
f 581 608 625
f 581 625 651
f 581 651 649
f 581 649 648
f 581 648 647
f 581 647 646
f 581 646 673
f 581 673 672
f 581 672 688
f 581 688 711
f 581 711 710
f 581 710 731
f 581 731 729
f 581 729 751
f 581 751 747
f 581 747 746
f 581 746 745
f 581 745 744
f 581 744 743
f 581 743 742
f 581 742 741
f 581 741 740
f 581 740 758
f 581 758 762
f 581 762 760
f 581 760 755
f 581 755 754
f 581 754 753
f 581 753 752
f 581 752 733
f 581 733 732
f 581 732 713
f 581 713 712
f 581 712 689
f 581 689 674
f 581 674 656
f 581 656 632
f 581 632 631
f 581 631 655
f 581 655 629
f 581 629 613
f 581 613 601
f 581 601 600
f 581 600 590
f 581 590 589
f 581 589 584
f 581 584 585
f 581 585 582
f 582 586 583
f 582 585 587
f 582 587 586
f 583 586 588
f 584 589 585
f 585 589 590
f 585 590 591
f 585 591 592
f 585 592 587
f 586 587 593
f 586 593 594
f 586 594 588
f 587 592 595
f 587 595 596
f 587 596 597
f 587 597 598
f 587 598 593
f 588 594 599
f 590 600 591
f 591 600 601
f 591 601 602
f 591 602 592
f 592 602 603
f 592 603 604
f 592 604 595
f 593 598 605
f 593 605 606
f 593 606 594
f 594 606 607
f 594 607 608
f 594 608 599
f 595 604 596
f 596 604 597
f 597 604 609
f 597 609 610
f 597 610 611
f 597 611 612
f 597 612 598
f 598 612 605
f 601 613 614
f 601 614 602
f 602 614 615
f 602 615 616
f 602 616 603
f 603 616 617
f 603 617 618
f 603 618 604
f 604 618 619
f 604 619 609
f 605 612 620
f 605 620 606
f 606 620 621
f 606 621 607
f 607 621 622
f 607 622 623
f 607 623 624
f 607 624 625
f 607 625 608
f 609 619 610
f 610 619 626
f 610 626 627
f 610 627 611
f 611 627 612
f 612 627 628
f 612 628 620
f 613 629 614
f 614 629 630
f 614 630 615
f 615 630 631
f 615 631 632
f 615 632 633
f 615 633 634
f 615 634 635
f 615 635 616
f 616 635 636
f 616 636 617
f 617 636 618
f 618 636 637
f 618 637 619
f 619 637 638
f 619 638 639
f 619 639 626
f 620 628 640
f 620 640 641
f 620 641 621
f 621 641 642
f 621 642 643
f 621 643 622
f 622 643 644
f 622 644 623
f 623 644 645
f 623 645 646
f 623 646 647
f 623 647 648
f 623 648 649
f 623 649 624
f 624 649 650
f 624 650 651
f 624 651 625
f 626 639 652
f 626 652 627
f 627 652 628
f 628 652 653
f 628 653 654
f 628 654 640
f 629 655 630
f 630 655 631
f 632 656 633
f 633 656 634
f 634 656 657
f 634 657 658
f 634 658 659
f 634 659 635
f 635 659 660
f 635 660 636
f 636 660 661
f 636 661 637
f 637 661 638
f 638 661 639
f 639 662 663
f 639 663 652
f 639 661 664
f 639 664 662
f 640 665 641
f 640 654 653
f 640 653 663
f 640 663 665
f 641 665 666
f 641 666 642
f 642 666 667
f 642 667 643
f 643 667 668
f 643 668 669
f 643 669 644
f 644 669 670
f 644 670 671
f 644 671 645
f 645 671 672
f 645 672 673
f 645 673 646
f 649 651 650
f 652 663 653
f 656 674 675
f 656 675 658
f 656 658 657
f 658 675 659
f 659 675 676
f 659 676 660
f 660 676 661
f 661 677 664
f 661 676 677
f 662 678 663
f 662 664 679
f 662 679 678
f 663 678 680
f 663 680 681
f 663 681 682
f 663 682 683
f 663 683 684
f 663 684 665
f 664 677 692
f 664 692 679
f 665 684 666
f 666 684 667
f 667 684 668
f 668 684 685
f 668 685 669
f 669 685 686
f 669 686 670
f 670 686 687
f 670 687 671
f 671 687 688
f 671 688 672
f 674 689 675
f 675 690 691
f 675 691 676
f 675 689 690
f 676 691 692
f 676 692 677
f 678 693 680
f 678 679 693
f 679 692 694
f 679 694 695
f 679 695 693
f 680 693 696
f 680 696 697
f 680 697 698
f 680 698 699
f 680 699 700
f 680 700 681
f 681 701 682
f 681 700 699
f 681 699 720
f 681 720 739
f 681 739 738
f 681 738 757
f 681 757 759
f 681 759 763
f 681 763 764
f 681 764 761
f 681 761 758
f 681 758 740
f 681 740 721
f 681 721 701
f 682 701 683
f 683 701 702
f 683 702 703
f 683 703 684
f 684 703 704
f 684 704 685
f 685 704 705
f 685 705 706
f 685 706 686
f 686 706 707
f 686 707 687
f 687 707 708
f 687 708 709
f 687 709 710
f 687 710 711
f 687 711 688
f 689 712 690
f 690 712 713
f 690 713 714
f 690 714 715
f 690 715 691
f 691 715 694
f 691 694 692
f 693 695 696
f 694 716 695
f 694 715 716
f 695 716 696
f 696 717 718
f 696 718 697
f 696 716 719
f 696 719 717
f 697 718 720
f 697 720 699
f 697 699 698
f 701 721 702
f 702 721 722
f 702 722 723
f 702 723 724
f 702 724 703
f 703 724 725
f 703 725 704
f 704 725 705
f 705 725 723
f 705 723 726
f 705 726 727
f 705 727 728
f 705 728 706
f 706 728 729
f 706 729 730
f 706 730 707
f 707 730 708
f 708 731 709
f 708 730 731
f 709 731 710
f 713 732 714
f 714 732 733
f 714 733 734
f 714 734 715
f 715 734 716
f 716 734 735
f 716 735 719
f 717 719 735
f 717 735 736
f 717 736 737
f 717 737 718
f 718 737 738
f 718 738 739
f 718 739 720
f 721 740 722
f 722 740 723
f 723 740 741
f 723 741 742
f 723 742 743
f 723 743 744
f 723 744 745
f 723 745 726
f 723 725 724
f 726 745 746
f 726 746 747
f 726 747 748
f 726 748 727
f 727 748 749
f 727 749 728
f 728 749 750
f 728 750 729
f 729 750 751
f 729 731 730
f 733 752 734
f 734 752 753
f 734 753 735
f 735 753 754
f 735 754 736
f 736 754 755
f 736 755 756
f 736 756 737
f 737 756 757
f 737 757 738
f 747 751 748
f 748 751 749
f 749 751 750
f 755 759 757
f 755 757 756
f 755 760 759
f 758 761 762
f 759 760 763
f 760 762 763
f 761 764 762
f 762 764 763

o geometry_6
v -0.02979247 0.00042431 0.05349881 0.77647059 0.86666667 0.97647059
v -0.03024787 0.00042431 0.05391654 0.77647059 0.86666667 0.97647059
v -0.02156883 0.00042431 0.05349881 0.77647059 0.86666667 0.97647059
v -0.02870744 -0.00216290 0.05349881 0.77647059 0.86666667 0.97647059
v -0.03124158 0.00042431 0.05508286 0.77647059 0.86666667 0.97647059
v -0.02166255 0.00042431 0.05366356 0.77647059 0.86666667 0.97647059
v -0.02151115 -0.00036718 0.05349881 0.77647059 0.86666667 0.97647059
v -0.02148832 -0.00216290 0.05349881 0.77647059 0.86666667 0.97647059
v -0.02882639 -0.00216290 0.05365873 0.77647059 0.86666667 0.97647059
v -0.03338040 0.00042431 0.05773397 0.77647059 0.86666667 0.97647059
v -0.02534781 0.00042431 0.06011280 0.77647059 0.86666667 0.97647059
v -0.02148231 -0.00148818 0.05349881 0.77647059 0.86666667 0.97647059
v -0.02148592 -0.00189468 0.05349881 0.77647059 0.86666667 0.97647059
v -0.02532258 -0.00216290 0.06013692 0.77647059 0.86666667 0.97647059
v -0.03099045 -0.00216290 0.05671309 0.77647059 0.86666667 0.97647059
v -0.03136775 -0.00216290 0.05725076 0.77647059 0.86666667 0.97647059
v -0.03152996 -0.00216290 0.05749753 0.77647059 0.86666667 0.97647059
v -0.03195773 -0.00216290 0.05822545 0.77647059 0.86666667 0.97647059
v -0.03375650 0.00042431 0.05837917 0.77647059 0.86666667 0.97647059
v -0.02594500 0.00042431 0.06036164 0.77647059 0.86666667 0.97647059
v -0.02594500 -0.00216290 0.06038370 0.77647059 0.86666667 0.97647059
v -0.03220525 -0.00216290 0.05873554 0.77647059 0.86666667 0.97647059
v -0.03372526 0.00042431 0.05954825 0.77647059 0.86666667 0.97647059
v -0.03221607 -0.00216290 0.05889064 0.77647059 0.86666667 0.97647059
v -0.02706728 0.00042431 0.06054086 0.77647059 0.86666667 0.97647059
v -0.02706728 -0.00216290 0.06053880 0.77647059 0.86666667 0.97647059
v -0.03367719 0.00042431 0.05963372 0.77647059 0.86666667 0.97647059
v -0.03219684 -0.00216290 0.05951516 0.77647059 0.86666667 0.97647059
v -0.03214637 -0.00216290 0.05979778 0.77647059 0.86666667 0.97647059
v -0.03211874 -0.00207451 0.06008385 0.77647059 0.86666667 0.97647059
v -0.03042931 -0.00148818 0.06053880 0.77647059 0.86666667 0.97647059
v -0.03155039 0.00042431 0.06051949 0.77647059 0.86666667 0.97647059
v -0.03042931 -0.00216290 0.06053810 0.77647059 0.86666667 0.97647059
v -0.03318574 0.00023840 0.05999010 0.77647059 0.86666667 0.97647059
v -0.03299950 0.00042431 0.06014726 0.77647059 0.86666667 0.97647059
v -0.03201060 -0.00216290 0.06012176 0.77647059 0.86666667 0.97647059
v -0.03267748 0.00042431 0.06032924 0.77647059 0.86666667 0.97647059
v -0.03155039 -0.00036718 0.06048778 0.77647059 0.86666667 0.97647059
v -0.03155039 -0.00148818 0.06038990 0.77647059 0.86666667 0.97647059
v -0.03157202 -0.00216290 0.06031270 0.77647059 0.86666667 0.97647059
f 765 766 769
f 765 769 774
f 765 774 783
f 765 783 787
f 765 787 791
f 765 791 799
f 765 799 801
f 765 801 796
f 765 796 789
f 765 789 784
f 765 784 775
f 765 775 770
f 765 770 767
f 765 767 771
f 765 771 776
f 765 776 777
f 765 777 772
f 765 772 768
f 765 768 766
f 766 768 769
f 767 770 771
f 768 772 778
f 768 778 785
f 768 785 790
f 768 790 797
f 768 797 804
f 768 804 800
f 768 800 793
f 768 793 792
f 768 792 788
f 768 788 786
f 768 786 782
f 768 782 781
f 768 781 780
f 768 780 779
f 768 779 773
f 768 773 774
f 768 774 769
f 770 775 771
f 771 775 776
f 772 777 778
f 773 779 774
f 774 780 781
f 774 781 782
f 774 782 783
f 774 779 780
f 775 784 778
f 775 778 776
f 776 778 777
f 778 784 785
f 782 786 783
f 783 786 788
f 783 788 787
f 784 789 785
f 785 789 790
f 787 788 792
f 787 792 793
f 787 793 794
f 787 794 791
f 789 795 790
f 789 796 795
f 790 795 797
f 791 798 799
f 791 794 798
f 793 800 794
f 794 800 801
f 794 801 799
f 794 799 798
f 795 796 797
f 796 801 802
f 796 802 797
f 797 802 803
f 797 803 804
f 800 804 801
f 801 804 803
f 801 803 802

o geometry_7
v -0.03042997 0.00797529 0.05059136 0.79607843 0.45882353 0.78039216
v -0.03047578 0.00797430 0.05059136 0.79607843 0.45882353 0.78039216
v -0.03042997 0.00786612 0.05166639 0.79607843 0.45882353 0.78039216
v -0.02935402 0.00796140 0.05059136 0.79607843 0.45882353 0.78039216
v -0.03104891 0.00795048 0.05059136 0.79607843 0.45882353 0.78039216
v -0.03104891 0.00789788 0.05116488 0.79607843 0.45882353 0.78039216
v -0.03104891 0.00789590 0.05118566 0.79607843 0.45882353 0.78039216
v -0.03104891 0.00778672 0.05228602 0.79607843 0.45882353 0.78039216
v -0.03104891 0.00766663 0.05340745 0.79607843 0.45882353 0.78039216
v -0.03042997 0.00773214 0.05278753 0.79607843 0.45882353 0.78039216
v -0.02930822 0.00783932 0.05166639 0.79607843 0.45882353 0.78039216
v -0.02930822 0.00795941 0.05059136 0.79607843 0.45882353 0.78039216
v -0.03104891 0.00155394 0.05059136 0.79607843 0.45882353 0.78039216
v -0.03042997 0.00764083 0.05349881 0.79607843 0.45882353 0.78039216
v -0.03104891 0.00765472 0.05349881 0.79607843 0.45882353 0.78039216
v -0.03001983 0.00762693 0.05349881 0.79607843 0.45882353 0.78039216
v -0.02930822 0.00769343 0.05278753 0.79607843 0.45882353 0.78039216
v -0.02823334 0.00790086 0.05059136 0.79607843 0.45882353 0.78039216
v -0.02870739 -0.00216191 0.05349881 0.79607843 0.45882353 0.78039216
v -0.03104891 0.00151027 0.05087399 0.79607843 0.45882353 0.78039216
v -0.02669612 -0.00216191 0.05059136 0.79607843 0.45882353 0.78039216
v -0.02700612 -0.00216191 0.05102171 0.79607843 0.45882353 0.78039216
v -0.02798512 -0.00216191 0.05243175 0.79607843 0.45882353 0.78039216
v -0.02824079 -0.00216191 0.05280745 0.79607843 0.45882353 0.78039216
v -0.03104891 0.00121848 0.05349881 0.79607843 0.45882353 0.78039216
v -0.02930822 0.00759220 0.05349881 0.79607843 0.45882353 0.78039216
v -0.02889808 0.00755647 0.05349881 0.79607843 0.45882353 0.78039216
v -0.02818646 0.00775298 0.05166639 0.79607843 0.45882353 0.78039216
v -0.02711158 0.00780955 0.05059136 0.79607843 0.45882353 0.78039216
v -0.02148790 -0.00216191 0.05349881 0.79607843 0.45882353 0.78039216
v -0.03104891 0.00147851 0.05108803 0.79607843 0.45882353 0.78039216
v -0.02016693 -0.00216191 0.05059136 0.79607843 0.45882353 0.78039216
v -0.02818646 0.00748600 0.05349881 0.79607843 0.45882353 0.78039216
v -0.02818646 0.00759418 0.05278753 0.79607843 0.45882353 0.78039216
v -0.02599089 0.00769541 0.05059136 0.79607843 0.45882353 0.78039216
v -0.02077521 -0.00216191 0.05241695 0.79607843 0.45882353 0.78039216
v -0.02148576 -0.00189394 0.05349881 0.79607843 0.45882353 0.78039216
v -0.02016693 0.00251466 0.05059136 0.79607843 0.45882353 0.78039216
v -0.02016693 -0.00216191 0.05137920 0.79607843 0.45882353 0.78039216
v -0.02777739 0.00743439 0.05349881 0.79607843 0.45882353 0.78039216
v -0.02594402 0.00768946 0.05059136 0.79607843 0.45882353 0.78039216
v -0.02060050 -0.00216191 0.05212236 0.79607843 0.45882353 0.78039216
v -0.02078267 -0.00148801 0.05240613 0.79607843 0.45882353 0.78039216
v -0.02148257 -0.00148801 0.05349881 0.79607843 0.45882353 0.78039216
v -0.02016693 0.00211866 0.05073680 0.79607843 0.45882353 0.78039216
v -0.02022446 0.00277172 0.05059136 0.79607843 0.45882353 0.78039216
v -0.02175528 0.00187650 0.05349881 0.79607843 0.45882353 0.78039216
v -0.02016693 -0.00148801 0.05136213 0.79607843 0.45882353 0.78039216
v -0.02706577 0.00731926 0.05349881 0.79607843 0.45882353 0.78039216
v -0.02594402 0.00748898 0.05166639 0.79607843 0.45882353 0.78039216
v -0.02487020 0.00750387 0.05059136 0.79607843 0.45882353 0.78039216
v -0.02034590 -0.00148801 0.05166639 0.79607843 0.45882353 0.78039216
v -0.02016693 -0.00101162 0.05132683 0.79607843 0.45882353 0.78039216
v -0.02016693 -0.00036651 0.05126592 0.79607843 0.45882353 0.78039216
v -0.02151133 -0.00036651 0.05349881 0.79607843 0.45882353 0.78039216
v -0.02016693 0.00187650 0.05082561 0.79607843 0.45882353 0.78039216
v -0.02026068 0.00292059 0.05059136 0.79607843 0.45882353 0.78039216
v -0.02194491 0.00267247 0.05349881 0.79607843 0.45882353 0.78039216
v -0.02163491 0.00108152 0.05349881 0.79607843 0.45882353 0.78039216
v -0.02665563 0.00724384 0.05349881 0.79607843 0.45882353 0.78039216
v -0.02482120 0.00749196 0.05059136 0.79607843 0.45882353 0.78039216
v -0.02594402 0.00724681 0.05278753 0.79607843 0.45882353 0.78039216
v -0.02016693 0.00026570 0.05116574 0.79607843 0.45882353 0.78039216
v -0.02159016 0.00077584 0.05349881 0.79607843 0.45882353 0.78039216
v -0.02016693 0.00166510 0.05087570 0.79607843 0.45882353 0.78039216
v -0.02065057 0.00403812 0.05059136 0.79607843 0.45882353 0.78039216
v -0.02085618 0.00365999 0.05117541 0.79607843 0.45882353 0.78039216
v -0.02195449 0.00270323 0.05349881 0.79607843 0.45882353 0.78039216
v -0.02194064 0.00268934 0.05348316 0.79607843 0.45882353 0.78039216
v -0.02599409 0.00708603 0.05349881 0.79607843 0.45882353 0.78039216
v -0.02573735 0.00701457 0.05349881 0.79607843 0.45882353 0.78039216
v -0.02552536 0.00695502 0.05349881 0.79607843 0.45882353 0.78039216
v -0.02511842 0.00701953 0.05278753 0.79607843 0.45882353 0.78039216
v -0.02474130 0.00717436 0.05174467 0.79607843 0.45882353 0.78039216
v -0.02367388 0.00715352 0.05059136 0.79607843 0.45882353 0.78039216
v -0.02016693 0.00077881 0.05108291 0.79607843 0.45882353 0.78039216
v -0.02066229 0.00406690 0.05059136 0.79607843 0.45882353 0.78039216
v -0.02206209 0.00343569 0.05328193 0.79607843 0.45882353 0.78039216
v -0.02214731 0.00329078 0.05349881 0.79607843 0.45882353 0.78039216
v -0.02540498 0.00691334 0.05349881 0.79607843 0.45882353 0.78039216
v -0.02535385 0.00693418 0.05338695 0.79607843 0.45882353 0.78039216
v -0.02401371 0.00702549 0.05142332 0.79607843 0.45882353 0.78039216
v -0.02312951 0.00693120 0.05059136 0.79607843 0.45882353 0.78039216
v -0.02068040 0.00410759 0.05059136 0.79607843 0.45882353 0.78039216
v -0.02221336 0.00411752 0.05304341 0.79607843 0.45882353 0.78039216
v -0.02250632 0.00412149 0.05349881 0.79607843 0.45882353 0.78039216
v -0.02471467 0.00653620 0.05349881 0.79607843 0.45882353 0.78039216
v -0.02455807 0.00677241 0.05278753 0.79607843 0.45882353 0.78039216
v -0.02431305 0.00690044 0.05217046 0.79607843 0.45882353 0.78039216
v -0.02326587 0.00685875 0.05096052 0.79607843 0.45882353 0.78039216
v -0.02248714 0.00646077 0.05059136 0.79607843 0.45882353 0.78039216
v -0.02091370 0.00460781 0.05059136 0.79607843 0.45882353 0.78039216
v -0.02102023 0.00440732 0.05092124 0.79607843 0.45882353 0.78039216
v -0.02200030 0.00471301 0.05226041 0.79607843 0.45882353 0.78039216
v -0.02294735 0.00493632 0.05349881 0.79607843 0.45882353 0.78039216
v -0.02392955 0.00604591 0.05349881 0.79607843 0.45882353 0.78039216
v -0.02300594 0.00592185 0.05243061 0.79607843 0.45882353 0.78039216
v -0.02276092 0.00612531 0.05166639 0.79607843 0.45882353 0.78039216
v -0.02186607 0.00594766 0.05059136 0.79607843 0.45882353 0.78039216
v -0.02134408 0.00528170 0.05059136 0.79607843 0.45882353 0.78039216
v -0.02220058 0.00554471 0.05166639 0.79607843 0.45882353 0.78039216
v -0.02262137 0.00518444 0.05271922 0.79607843 0.45882353 0.78039216
v -0.02138776 0.00534522 0.05059136 0.79607843 0.45882353 0.78039216
v -0.02326587 0.00565487 0.05317804 0.79607843 0.45882353 0.78039216
v -0.02340010 0.00554074 0.05349881 0.79607843 0.45882353 0.78039216
v -0.02202161 0.00579779 0.05110369 0.79607843 0.45882353 0.78039216
f 805 806 807
f 805 807 808
f 805 808 816
f 805 816 822
f 805 822 833
f 805 833 839
f 805 839 845
f 805 845 855
f 805 855 865
f 805 865 879
f 805 879 887
f 805 887 895
f 805 895 903
f 805 903 907
f 805 907 904
f 805 904 896
f 805 896 888
f 805 888 881
f 805 881 870
f 805 870 861
f 805 861 850
f 805 850 842
f 805 842 836
f 805 836 825
f 805 825 817
f 805 817 809
f 805 809 806
f 806 809 810
f 806 810 811
f 806 811 812
f 806 812 807
f 807 812 813
f 807 813 814
f 807 814 815
f 807 815 808
f 808 815 816
f 809 817 824
f 809 824 835
f 809 835 829
f 809 829 819
f 809 819 813
f 809 813 812
f 809 812 811
f 809 811 810
f 813 818 814
f 813 819 818
f 814 818 815
f 815 818 820
f 815 820 821
f 815 821 822
f 815 822 816
f 817 823 824
f 817 825 826
f 817 826 827
f 817 827 828
f 817 828 823
f 818 819 829
f 818 829 823
f 818 823 834
f 818 834 841
f 818 841 848
f 818 848 859
f 818 859 868
f 818 868 863
f 818 863 851
f 818 851 862
f 818 862 872
f 818 872 883
f 818 883 890
f 818 890 899
f 818 899 909
f 818 909 900
f 818 900 891
f 818 891 884
f 818 884 876
f 818 876 875
f 818 875 874
f 818 874 864
f 818 864 853
f 818 853 844
f 818 844 837
f 818 837 831
f 818 831 830
f 818 830 820
f 820 830 821
f 821 830 831
f 821 831 832
f 821 832 822
f 822 832 833
f 823 829 835
f 823 835 824
f 823 828 827
f 823 827 826
f 823 826 825
f 823 825 836
f 823 836 843
f 823 843 846
f 823 846 840
f 823 840 834
f 831 837 838
f 831 838 832
f 832 838 833
f 833 838 839
f 834 840 841
f 836 842 849
f 836 849 860
f 836 860 869
f 836 869 880
f 836 880 867
f 836 867 858
f 836 858 857
f 836 857 852
f 836 852 843
f 837 844 839
f 837 839 838
f 839 844 845
f 840 846 847
f 840 847 848
f 840 848 841
f 842 850 851
f 842 851 849
f 843 852 846
f 844 853 854
f 844 854 845
f 845 854 855
f 846 852 856
f 846 856 847
f 847 856 857
f 847 857 858
f 847 858 859
f 847 859 848
f 849 851 860
f 850 861 862
f 850 862 851
f 851 863 860
f 852 857 856
f 853 864 854
f 854 864 855
f 855 864 866
f 855 866 865
f 858 867 868
f 858 868 859
f 860 863 868
f 860 868 869
f 861 870 871
f 861 871 872
f 861 872 873
f 861 873 862
f 862 873 872
f 864 874 866
f 865 866 874
f 865 874 875
f 865 875 876
f 865 876 877
f 865 877 878
f 865 878 879
f 867 880 868
f 868 880 869
f 870 881 871
f 871 881 882
f 871 882 872
f 872 882 883
f 876 884 885
f 876 885 877
f 877 885 879
f 877 879 878
f 879 885 886
f 879 886 887
f 881 888 889
f 881 889 882
f 882 889 890
f 882 890 883
f 884 891 892
f 884 892 885
f 885 892 893
f 885 893 887
f 885 887 886
f 887 893 894
f 887 894 895
f 888 896 897
f 888 897 889
f 889 898 890
f 889 897 898
f 890 898 899
f 891 900 894
f 891 894 892
f 892 894 893
f 894 900 901
f 894 901 902
f 894 902 895
f 895 902 903
f 896 904 898
f 896 898 897
f 898 905 906
f 898 906 899
f 898 904 907
f 898 907 905
f 899 906 908
f 899 908 909
f 900 909 908
f 900 908 901
f 901 908 910
f 901 910 903
f 901 903 902
f 903 910 907
f 905 907 910
f 905 910 908
f 905 908 906

o geometry_8
v -0.03796393 0.00523927 0.05166639 0.11764706 0.63921569 0.14117647
v -0.03795039 0.00523927 0.05349881 0.11764706 0.63921569 0.14117647
v -0.03788204 0.00580554 0.05349881 0.11764706 0.63921569 0.14117647
v -0.03784143 0.00613125 0.05349881 0.11764706 0.63921569 0.14117647
v -0.03784346 0.00612927 0.05278753 0.11764706 0.63921569 0.14117647
v -0.03784617 0.00611937 0.05166639 0.11764706 0.63921569 0.14117647
v -0.03795310 0.00527491 0.05059136 0.11764706 0.63921569 0.14117647
v -0.03795784 0.00523927 0.05059136 0.11764706 0.63921569 0.14117647
v -0.03795378 0.00416414 0.05059136 0.11764706 0.63921569 0.14117647
v -0.03794565 0.00299694 0.05059136 0.11764706 0.63921569 0.14117647
v -0.03794701 0.00299694 0.05166639 0.11764706 0.63921569 0.14117647
v -0.03794092 0.00299694 0.05278753 0.11764706 0.63921569 0.14117647
v -0.03794024 0.00370775 0.05349881 0.11764706 0.63921569 0.14117647
v -0.03748680 0.00669159 0.05349881 0.11764706 0.63921569 0.14117647
v -0.03783534 0.00607779 0.05059136 0.11764706 0.63921569 0.14117647
v -0.03745905 0.00667971 0.05166639 0.11764706 0.63921569 0.14117647
v -0.03783737 0.00194160 0.05059136 0.11764706 0.63921569 0.14117647
v -0.03793077 0.00299694 0.05349881 0.11764706 0.63921569 0.14117647
v -0.03783263 0.00189904 0.05059136 0.11764706 0.63921569 0.14117647
v -0.03783399 0.00197724 0.05166639 0.11764706 0.63921569 0.14117647
v -0.03713149 0.00692027 0.05349881 0.11764706 0.63921569 0.14117647
v -0.03687770 0.00704105 0.05059136 0.11764706 0.63921569 0.14117647
v -0.03745432 0.00661536 0.05059136 0.11764706 0.63921569 0.14117647
v -0.03743807 0.00663813 0.05059136 0.11764706 0.63921569 0.14117647
v -0.03788880 0.00267519 0.05349881 0.11764706 0.63921569 0.14117647
v -0.03771217 0.00133870 0.05059136 0.11764706 0.63921569 0.14117647
v -0.03782654 0.00211584 0.05278753 0.11764706 0.63921569 0.14117647
v -0.03692643 0.00704600 0.05349881 0.11764706 0.63921569 0.14117647
v -0.03660767 0.00714203 0.05349881 0.11764706 0.63921569 0.14117647
v -0.03603647 0.00729350 0.05059136 0.11764706 0.63921569 0.14117647
v -0.03781571 0.00219504 0.05349881 0.11764706 0.63921569 0.14117647
v -0.03742995 0.00078232 0.05059136 0.11764706 0.63921569 0.14117647
v -0.03768036 0.00141592 0.05166639 0.11764706 0.63921569 0.14117647
v -0.03603647 0.00731033 0.05349881 0.11764706 0.63921569 0.14117647
v -0.03496107 0.00752714 0.05059136 0.11764706 0.63921569 0.14117647
v -0.03755042 0.00155551 0.05278753 0.11764706 0.63921569 0.14117647
v -0.03732370 0.00158719 0.05349881 0.11764706 0.63921569 0.14117647
v -0.03687296 -0.00012946 0.05059136 0.11764706 0.63921569 0.14117647
v -0.03562634 0.00739745 0.05349881 0.11764706 0.63921569 0.14117647
v -0.03491504 0.00753704 0.05059136 0.11764706 0.63921569 0.14117647
v -0.03685604 -0.00015124 0.05059136 0.11764706 0.63921569 0.14117647
v -0.03514854 -0.00216290 0.05059136 0.11764706 0.63921569 0.14117647
v -0.03709021 0.00136147 0.05349881 0.11764706 0.63921569 0.14117647
v -0.03491504 0.00753605 0.05349881 0.11764706 0.63921569 0.14117647
v -0.03384032 0.00773009 0.05059136 0.11764706 0.63921569 0.14117647
v -0.03457530 -0.00216290 0.05059136 0.11764706 0.63921569 0.14117647
v -0.03492994 -0.00216290 0.05073197 0.11764706 0.63921569 0.14117647
v -0.03683506 0.00116545 0.05349881 0.11764706 0.63921569 0.14117647
v -0.03450560 0.00758456 0.05349881 0.11764706 0.63921569 0.14117647
v -0.03379430 0.00773702 0.05059136 0.11764706 0.63921569 0.14117647
v -0.03105065 0.00155353 0.05059136 0.11764706 0.63921569 0.14117647
v -0.03105065 0.00147829 0.05108803 0.11764706 0.63921569 0.14117647
v -0.03105065 0.00121891 0.05349881 0.11764706 0.63921569 0.14117647
v -0.03488188 0.00070412 0.05349881 0.11764706 0.63921569 0.14117647
v -0.03530622 0.00073381 0.05349881 0.11764706 0.63921569 0.14117647
v -0.03609399 0.00082489 0.05349881 0.11764706 0.63921569 0.14117647
v -0.03379430 0.00764891 0.05349881 0.11764706 0.63921569 0.14117647
v -0.03271890 0.00784889 0.05059136 0.11764706 0.63921569 0.14117647
v -0.03105065 0.00795086 0.05059136 0.11764706 0.63921569 0.14117647
v -0.03105065 0.00765485 0.05349881 0.11764706 0.63921569 0.14117647
v -0.03338418 0.00766475 0.05349881 0.11764706 0.63921569 0.14117647
v -0.03159748 0.00792710 0.05059136 0.11764706 0.63921569 0.14117647
v -0.03105065 0.00789740 0.05116488 0.11764706 0.63921569 0.14117647
v -0.03105065 0.00766673 0.05340745 0.11764706 0.63921569 0.14117647
v -0.03114133 0.00765683 0.05349881 0.11764706 0.63921569 0.14117647
v -0.03226275 0.00767069 0.05349881 0.11764706 0.63921569 0.14117647
v -0.03105065 0.00789542 0.05118566 0.11764706 0.63921569 0.14117647
v -0.03105065 0.00778652 0.05228602 0.11764706 0.63921569 0.14117647
f 911 912 913
f 911 913 914
f 911 914 915
f 911 915 916
f 911 916 917
f 911 917 918
f 911 918 919
f 911 919 920
f 911 920 921
f 911 921 922
f 911 922 912
f 912 922 923
f 912 923 928
f 912 928 935
f 912 935 941
f 912 941 947
f 912 947 953
f 912 953 958
f 912 958 966
f 912 966 965
f 912 965 964
f 912 964 963
f 912 963 970
f 912 970 975
f 912 975 976
f 912 976 971
f 912 971 967
f 912 967 959
f 912 959 954
f 912 954 949
f 912 949 944
f 912 944 939
f 912 939 938
f 912 938 931
f 912 931 924
f 912 924 914
f 912 914 913
f 914 924 915
f 915 924 916
f 916 925 917
f 916 924 926
f 916 926 925
f 917 925 933
f 917 933 934
f 917 934 932
f 917 932 940
f 917 940 945
f 917 945 950
f 917 950 955
f 917 955 960
f 917 960 968
f 917 968 972
f 917 972 969
f 917 969 961
f 917 961 956
f 917 956 952
f 917 952 951
f 917 951 948
f 917 948 942
f 917 942 936
f 917 936 929
f 917 929 927
f 917 927 920
f 917 920 919
f 917 919 918
f 920 927 921
f 921 927 922
f 922 928 923
f 922 927 929
f 922 929 930
f 922 930 928
f 924 931 932
f 924 932 926
f 925 926 933
f 926 934 933
f 926 932 934
f 928 930 935
f 929 936 930
f 930 937 935
f 930 936 937
f 931 938 932
f 932 938 939
f 932 939 940
f 935 937 941
f 936 942 943
f 936 943 941
f 936 941 937
f 939 944 940
f 940 944 945
f 941 943 946
f 941 946 947
f 942 948 943
f 943 948 946
f 944 949 950
f 944 950 945
f 946 948 951
f 946 951 952
f 946 952 947
f 947 952 953
f 949 954 950
f 950 954 955
f 952 956 957
f 952 957 958
f 952 958 953
f 954 959 960
f 954 960 955
f 956 961 962
f 956 962 963
f 956 963 957
f 957 963 964
f 957 964 965
f 957 965 966
f 957 966 958
f 959 967 968
f 959 968 960
f 961 969 973
f 961 973 977
f 961 977 978
f 961 978 974
f 961 974 970
f 961 970 963
f 961 963 962
f 967 971 969
f 967 969 972
f 967 972 968
f 969 971 973
f 970 974 975
f 971 976 973
f 973 976 977
f 974 978 976
f 974 976 975
f 976 978 977

o geometry_9
v -0.02902440 -0.00498315 0.05167102 0.94117647 0.52156863 0.41176471
v -0.02904423 -0.00498315 0.05170141 0.94117647 0.52156863 0.41176471
v -0.03153079 -0.00216318 0.05749763 0.94117647 0.52156863 0.41176471
v -0.03136859 -0.00216318 0.05725015 0.94117647 0.52156863 0.41176471
v -0.03104771 -0.00216318 0.05679253 0.94117647 0.52156863 0.41176471
v -0.02750633 -0.00216318 0.05174396 0.94117647 0.52156863 0.41176471
v -0.02745382 -0.00216318 0.05167102 0.94117647 0.52156863 0.41176471
v -0.02047724 -0.00498315 0.05167102 0.94117647 0.52156863 0.41176471
v -0.02929861 -0.00498315 0.05210432 0.94117647 0.52156863 0.41176471
v -0.03195785 -0.00216318 0.05822531 0.94117647 0.52156863 0.41176471
v -0.02094864 -0.00216318 0.05167102 0.94117647 0.52156863 0.41176471
v -0.02046090 -0.00485727 0.05167102 0.94117647 0.52156863 0.41176471
v -0.02535816 -0.00445919 0.06010354 0.94117647 0.52156863 0.41176471
v -0.02054375 -0.00498315 0.05178390 0.94117647 0.52156863 0.41176471
v -0.02969183 -0.00498315 0.05278250 0.94117647 0.52156863 0.41176471
v -0.03220522 -0.00216318 0.05873589 0.94117647 0.52156863 0.41176471
v -0.02060092 -0.00216318 0.05212256 0.94117647 0.52156863 0.41176471
v -0.02033838 -0.00216594 0.05167102 0.94117647 0.52156863 0.41176471
v -0.02037339 -0.00373066 0.05167102 0.94117647 0.52156863 0.41176471
v -0.02532899 -0.00373066 0.06013133 0.94117647 0.52156863 0.41176471
v -0.02586457 -0.00484071 0.06029285 0.94117647 0.52156863 0.41176471
v -0.02589374 -0.00498315 0.06029631 0.94117647 0.52156863 0.41176471
v -0.02541417 -0.00498315 0.06003928 0.94117647 0.52156863 0.41176471
v -0.03164164 -0.00498315 0.05700875 0.94117647 0.52156863 0.41176471
v -0.03220872 -0.00498315 0.05839376 0.94117647 0.52156863 0.41176471
v -0.03221689 -0.00216318 0.05889046 0.94117647 0.52156863 0.41176471
v -0.02077478 -0.00216318 0.05241779 0.94117647 0.52156863 0.41176471
v -0.02076895 -0.00260957 0.05242474 0.94117647 0.52156863 0.41176471
v -0.02033138 -0.00260957 0.05167102 0.94117647 0.52156863 0.41176471
v -0.02531616 -0.00260957 0.06014262 0.94117647 0.52156863 0.41176471
v -0.02594508 -0.00373066 0.06038228 0.94117647 0.52156863 0.41176471
v -0.02601626 -0.00498315 0.06032323 0.94117647 0.52156863 0.41176471
v -0.03225073 -0.00498315 0.05951480 0.94117647 0.52156863 0.41176471
v -0.03219589 -0.00216318 0.05951480 0.94117647 0.52156863 0.41176471
v -0.02532316 -0.00216318 0.06013654 0.94117647 0.52156863 0.41176471
v -0.02594508 -0.00216318 0.06038315 0.94117647 0.52156863 0.41176471
v -0.02594508 -0.00260957 0.06039097 0.94117647 0.52156863 0.41176471
v -0.02706526 -0.00498315 0.06054119 0.94117647 0.52156863 0.41176471
v -0.03211071 -0.00498315 0.05990122 0.94117647 0.52156863 0.41176471
v -0.03214688 -0.00216318 0.05979702 0.94117647 0.52156863 0.41176471
v -0.02706526 -0.00216318 0.06053858 0.94117647 0.52156863 0.41176471
v -0.02706526 -0.00485202 0.06054206 0.94117647 0.52156863 0.41176471
v -0.02706526 -0.00260957 0.06053945 0.94117647 0.52156863 0.41176471
v -0.02706526 -0.00373066 0.06054119 0.94117647 0.52156863 0.41176471
v -0.03042928 -0.00485202 0.06053338 0.94117647 0.52156863 0.41176471
v -0.03042928 -0.00498315 0.06053164 0.94117647 0.52156863 0.41176471
v -0.03201036 -0.00216318 0.06012178 0.94117647 0.52156863 0.41176471
v -0.03174315 -0.00498315 0.06027027 0.94117647 0.52156863 0.41176471
v -0.03042928 -0.00216318 0.06053771 0.94117647 0.52156863 0.41176471
v -0.03055997 -0.00498315 0.06052903 0.94117647 0.52156863 0.41176471
v -0.03166731 -0.00498315 0.06030847 0.94117647 0.52156863 0.41176471
v -0.03157279 -0.00216318 0.06031282 0.94117647 0.52156863 0.41176471
v -0.03157046 -0.00498315 0.06033105 0.94117647 0.52156863 0.41176471
f 979 980 981
f 979 981 982
f 979 982 983
f 979 983 984
f 979 984 985
f 979 985 989
f 979 989 996
f 979 996 1007
f 979 1007 997
f 979 997 990
f 979 990 986
f 979 986 992
f 979 992 1001
f 979 1001 1000
f 979 1000 1010
f 979 1010 1016
f 979 1016 1024
f 979 1024 1028
f 979 1028 1031
f 979 1031 1029
f 979 1029 1026
f 979 1026 1017
f 979 1017 1011
f 979 1011 1003
f 979 1003 1002
f 979 1002 993
f 979 993 987
f 979 987 980
f 980 987 981
f 981 988 994
f 981 994 1004
f 981 1004 1012
f 981 1012 1018
f 981 1018 1025
f 981 1025 1030
f 981 1030 1027
f 981 1027 1019
f 981 1019 1014
f 981 1014 1013
f 981 1013 1005
f 981 1005 995
f 981 995 989
f 981 989 985
f 981 985 984
f 981 984 983
f 981 983 982
f 981 987 988
f 986 990 991
f 986 991 992
f 987 993 988
f 988 993 994
f 989 995 996
f 990 997 991
f 991 998 999
f 991 999 1000
f 991 1000 1001
f 991 1001 992
f 991 997 998
f 993 1002 994
f 994 1002 1003
f 994 1003 1004
f 995 1005 1006
f 995 1006 996
f 996 1006 1007
f 997 1007 1006
f 997 1006 998
f 998 1008 1009
f 998 1009 999
f 998 1006 1008
f 999 1009 1000
f 1000 1009 1010
f 1003 1011 1004
f 1004 1011 1012
f 1005 1013 1008
f 1005 1008 1006
f 1008 1013 1014
f 1008 1014 1015
f 1008 1015 1009
f 1009 1015 1016
f 1009 1016 1010
f 1011 1017 1018
f 1011 1018 1012
f 1014 1019 1015
f 1015 1020 1016
f 1015 1019 1021
f 1015 1021 1022
f 1015 1022 1020
f 1016 1020 1023
f 1016 1023 1024
f 1017 1025 1018
f 1017 1026 1025
f 1019 1027 1021
f 1020 1027 1023
f 1020 1022 1027
f 1021 1027 1022
f 1023 1027 1028
f 1023 1028 1024
f 1025 1026 1029
f 1025 1029 1030
f 1027 1030 1031
f 1027 1031 1028
f 1029 1031 1030

o geometry_10
v -0.03129883 -0.01165042 0.05059118 0.26274510 0.77254902 0.45490196
v -0.03068454 -0.01206299 0.05137479 0.26274510 0.77254902 0.45490196
v -0.03129883 -0.01170912 0.05078635 0.26274510 0.77254902 0.45490196
v -0.03152334 -0.01188043 0.05167243 0.26274510 0.77254902 0.45490196
v -0.03244890 -0.01140110 0.05167243 0.26274510 0.77254902 0.45490196
v -0.03254807 -0.01134883 0.05167243 0.26274510 0.77254902 0.45490196
v -0.03311278 -0.01090892 0.05167243 0.26274510 0.77254902 0.45490196
v -0.03355628 -0.01035078 0.05167243 0.26274510 0.77254902 0.45490196
v -0.03411961 -0.00938570 0.05167243 0.26274510 0.77254902 0.45490196
v -0.03437441 -0.00882515 0.05167243 0.26274510 0.77254902 0.45490196
v -0.03452867 -0.00821716 0.05167243 0.26274510 0.77254902 0.45490196
v -0.03454934 -0.00706228 0.05167243 0.26274510 0.77254902 0.45490196
v -0.03129883 -0.00563558 0.05059118 0.26274510 0.77254902 0.45490196
v -0.03035949 -0.01192064 0.05059118 0.26274510 0.77254902 0.45490196
v -0.03107708 -0.01216995 0.05212327 0.26274510 0.77254902 0.45490196
v -0.03027961 -0.01194074 0.05059118 0.26274510 0.77254902 0.45490196
v -0.02993665 -0.01215708 0.05104593 0.26274510 0.77254902 0.45490196
v -0.03033057 -0.01223107 0.05167145 0.26274510 0.77254902 0.45490196
v -0.03149028 -0.01190697 0.05171634 0.26274510 0.77254902 0.45490196
v -0.03185941 -0.01204047 0.05278881 0.26274510 0.77254902 0.45490196
v -0.03206188 -0.01211767 0.05346507 0.26274510 0.77254902 0.45490196
v -0.03217068 -0.01218603 0.05421258 0.26274510 0.77254902 0.45490196
v -0.03319542 -0.01098049 0.05246873 0.26274510 0.77254902 0.45490196
v -0.03352047 -0.01054701 0.05282003 0.26274510 0.77254902 0.45490196
v -0.03324776 -0.01103759 0.05321623 0.26274510 0.77254902 0.45490196
v -0.03327668 -0.01107700 0.05391006 0.26274510 0.77254902 0.45490196
v -0.03414027 -0.00938329 0.05278881 0.26274510 0.77254902 0.45490196
v -0.03331249 -0.01113330 0.05503132 0.26274510 0.77254902 0.45490196
v -0.03334004 -0.01118637 0.05615062 0.26274510 0.77254902 0.45490196
v -0.03336345 -0.01124026 0.05727188 0.26274510 0.77254902 0.45490196
v -0.03372845 -0.01045855 0.05727188 0.26274510 0.77254902 0.45490196
v -0.03437166 -0.00882515 0.05278881 0.26274510 0.77254902 0.45490196
v -0.03373120 -0.01045855 0.05839314 0.26274510 0.77254902 0.45490196
v -0.03436064 -0.00880022 0.05391006 0.26274510 0.77254902 0.45490196
v -0.03435375 -0.00878012 0.05449753 0.26274510 0.77254902 0.45490196
v -0.03428626 -0.00821716 0.05839314 0.26274510 0.77254902 0.45490196
v -0.03453005 -0.00697060 0.05167243 0.26274510 0.77254902 0.45490196
v -0.03129883 -0.00553022 0.05059606 0.26274510 0.77254902 0.45490196
v -0.03122446 -0.00553666 0.05059118 0.26274510 0.77254902 0.45490196
v -0.03042836 -0.01248119 0.05278881 0.26274510 0.77254902 0.45490196
v -0.03129883 -0.01225761 0.05278881 0.26274510 0.77254902 0.45490196
v -0.02922595 -0.01219005 0.05059118 0.26274510 0.77254902 0.45490196
v -0.02917774 -0.01220051 0.05059118 0.26274510 0.77254902 0.45490196
v -0.02919840 -0.01220373 0.05062143 0.26274510 0.77254902 0.45490196
v -0.03163214 -0.01236377 0.05386712 0.26274510 0.77254902 0.45490196
v -0.03154951 -0.01259458 0.05503132 0.26274510 0.77254902 0.45490196
v -0.03154951 -0.01274819 0.05615062 0.26274510 0.77254902 0.45490196
v -0.03224781 -0.01224876 0.05503132 0.26274510 0.77254902 0.45490196
v -0.03233183 -0.01232436 0.05615062 0.26274510 0.77254902 0.45490196
v -0.03240207 -0.01239352 0.05727188 0.26274510 0.77254902 0.45490196
v -0.03296265 -0.01180161 0.05727188 0.26274510 0.77254902 0.45490196
v -0.03299846 -0.01182333 0.05839314 0.26274510 0.77254902 0.45490196
v -0.03336896 -0.01126358 0.05839314 0.26274510 0.77254902 0.45490196
v -0.03412787 -0.00933664 0.05839314 0.26274510 0.77254902 0.45490196
v -0.03331938 -0.01117914 0.05923335 0.26274510 0.77254902 0.45490196
v -0.03410170 -0.00821716 0.05951439 0.26274510 0.77254902 0.45490196
v -0.03381935 -0.00709525 0.05951439 0.26274510 0.77254902 0.45490196
v -0.03393504 -0.00709525 0.05839314 0.26274510 0.77254902 0.45490196
v -0.03390474 -0.00590017 0.05167243 0.26274510 0.77254902 0.45490196
v -0.02888299 -0.00488684 0.05167145 0.26274510 0.77254902 0.45490196
v -0.02888299 -0.00534203 0.05059313 0.26274510 0.77254902 0.45490196
v -0.02917499 -0.00542889 0.05059118 0.26274510 0.77254902 0.45490196
v -0.03042836 -0.01270074 0.05391006 0.26274510 0.77254902 0.45490196
v -0.02930859 -0.01242409 0.05166657 0.26274510 0.77254902 0.45490196
v -0.02888299 -0.01224796 0.05059118 0.26274510 0.77254902 0.45490196
v -0.03042836 -0.01286882 0.05503132 0.26274510 0.77254902 0.45490196
v -0.03154951 -0.01288571 0.05727188 0.26274510 0.77254902 0.45490196
v -0.03243788 -0.01243213 0.05839314 0.26274510 0.77254902 0.45490196
v -0.03154951 -0.01296131 0.05839314 0.26274510 0.77254902 0.45490196
v -0.03231668 -0.01232597 0.05951439 0.26274510 0.77254902 0.45490196
v -0.03391025 -0.00933664 0.05951439 0.26274510 0.77254902 0.45490196
v -0.03291720 -0.01156275 0.05957099 0.26274510 0.77254902 0.45490196
v -0.03318027 -0.01092017 0.05998085 0.26274510 0.77254902 0.45490196
v -0.03348466 -0.01051163 0.05957099 0.26274510 0.77254902 0.45490196
v -0.03346675 -0.00933664 0.06026092 0.26274510 0.77254902 0.45490196
v -0.03356730 -0.00821716 0.06032241 0.26274510 0.77254902 0.45490196
v -0.03344747 -0.00709525 0.06024629 0.26274510 0.77254902 0.45490196
v -0.03328632 -0.00646072 0.06012919 0.26274510 0.77254902 0.45490196
v -0.03337860 -0.00635215 0.05951439 0.26274510 0.77254902 0.45490196
v -0.03225057 -0.00498415 0.05951439 0.26274510 0.77254902 0.45490196
v -0.03220649 -0.00498415 0.05839314 0.26274510 0.77254902 0.45490196
v -0.03164041 -0.00498415 0.05700743 0.26274510 0.77254902 0.45490196
v -0.03042836 -0.00498415 0.06053124 0.26274510 0.77254902 0.45490196
v -0.02706767 -0.00498415 0.06054100 0.26274510 0.77254902 0.45490196
v -0.02601677 -0.00498415 0.06032338 0.26274510 0.77254902 0.45490196
v -0.02589418 -0.00498415 0.06029508 0.26274510 0.77254902 0.45490196
v -0.02541487 -0.00498415 0.06003940 0.26274510 0.77254902 0.45490196
v -0.02051157 -0.00498415 0.05172805 0.26274510 0.77254902 0.45490196
v -0.02047989 -0.00498415 0.05167243 0.26274510 0.77254902 0.45490196
v -0.03211008 -0.00498415 0.05990083 0.26274510 0.77254902 0.45490196
v -0.03174233 -0.00498415 0.06027068 0.26274510 0.77254902 0.45490196
v -0.03166520 -0.00498415 0.06030874 0.26274510 0.77254902 0.45490196
v -0.03157017 -0.00498415 0.06033021 0.26274510 0.77254902 0.45490196
v -0.03055920 -0.00498415 0.06052831 0.26274510 0.77254902 0.45490196
v -0.02888299 -0.01079874 0.05059118 0.26274510 0.77254902 0.45490196
v -0.02930721 -0.01263881 0.05278881 0.26274510 0.77254902 0.45490196
v -0.02888299 -0.01246751 0.05166657 0.26274510 0.77254902 0.45490196
v -0.02059008 -0.00584066 0.05167243 0.26274510 0.77254902 0.45490196
v -0.02060110 -0.00591867 0.05167243 0.26274510 0.77254902 0.45490196
v -0.02086004 -0.00709525 0.05167243 0.26274510 0.77254902 0.45490196
v -0.02117958 -0.00812226 0.05167243 0.26274510 0.77254902 0.45490196
v -0.02122090 -0.00825174 0.05167243 0.26274510 0.77254902 0.45490196
v -0.02123605 -0.00829115 0.05167243 0.26274510 0.77254902 0.45490196
v -0.02167542 -0.00931413 0.05167243 0.26274510 0.77254902 0.45490196
v -0.02169608 -0.00935273 0.05167243 0.26274510 0.77254902 0.45490196
v -0.02241367 -0.01044568 0.05167243 0.26274510 0.77254902 0.45490196
v -0.02251283 -0.01055908 0.05167243 0.26274510 0.77254902 0.45490196
v -0.02265470 -0.01070545 0.05167243 0.26274510 0.77254902 0.45490196
v -0.02342876 -0.01138904 0.05167243 0.26274510 0.77254902 0.45490196
v -0.02361745 -0.01150244 0.05167243 0.26274510 0.77254902 0.45490196
v -0.02446865 -0.01200749 0.05167243 0.26274510 0.77254902 0.45490196
v -0.02452098 -0.01203725 0.05167243 0.26274510 0.77254902 0.45490196
v -0.02507880 -0.01223187 0.05167243 0.26274510 0.77254902 0.45490196
v -0.02594652 -0.01241524 0.05167243 0.26274510 0.77254902 0.45490196
v -0.02706767 -0.01253346 0.05167243 0.26274510 0.77254902 0.45490196
v -0.02818606 -0.01253748 0.05167243 0.26274510 0.77254902 0.45490196
v -0.02930721 -0.01278438 0.05391006 0.26274510 0.77254902 0.45490196
v -0.03042836 -0.01299107 0.05615062 0.26274510 0.77254902 0.45490196
v -0.03042836 -0.01307712 0.05727188 0.26274510 0.77254902 0.45490196
v -0.03042836 -0.01310286 0.05839314 0.26274510 0.77254902 0.45490196
v -0.03154951 -0.01276347 0.05951439 0.26274510 0.77254902 0.45490196
v -0.03216518 -0.01218925 0.06011747 0.26274510 0.77254902 0.45490196
v -0.03333040 -0.01017304 0.06016627 0.26274510 0.77254902 0.45490196
v -0.03239381 -0.01157884 0.06023848 0.26274510 0.77254902 0.45490196
v -0.03275192 -0.01051163 0.06033704 0.26274510 0.77254902 0.45490196
v -0.03267066 -0.00933664 0.06050586 0.26274510 0.77254902 0.45490196
v -0.03267066 -0.00821716 0.06055173 0.26274510 0.77254902 0.45490196
v -0.03267066 -0.00709525 0.06049220 0.26274510 0.77254902 0.45490196
v -0.03261969 -0.00604252 0.06026288 0.26274510 0.77254902 0.45490196
v -0.03221200 -0.00527126 0.06015261 0.26274510 0.77254902 0.45490196
v -0.02930721 -0.01045855 0.06055271 0.26274510 0.77254902 0.45490196
v -0.02818606 -0.00933664 0.06054100 0.26274510 0.77254902 0.45490196
v -0.02706767 -0.00597416 0.06053612 0.26274510 0.77254902 0.45490196
v -0.03154951 -0.01045855 0.06056051 0.26274510 0.77254902 0.45490196
v -0.02609114 -0.00597416 0.06031850 0.26274510 0.77254902 0.45490196
v -0.02622061 -0.00709525 0.06028142 0.26274510 0.77254902 0.45490196
v -0.02543829 -0.00520773 0.06001208 0.26274510 0.77254902 0.45490196
v -0.02094543 -0.00625081 0.05215255 0.26274510 0.77254902 0.45490196
v -0.02105011 -0.00709525 0.05198763 0.26274510 0.77254902 0.45490196
v -0.02648644 -0.00882515 0.06009503 0.26274510 0.77254902 0.45490196
v -0.02666962 -0.00957068 0.05979349 0.26274510 0.77254902 0.45490196
v -0.02212305 -0.00969533 0.05206960 0.26274510 0.77254902 0.45490196
v -0.02316431 -0.01099738 0.05219061 0.26274510 0.77254902 0.45490196
v -0.02309545 -0.00997118 0.05342897 0.26274510 0.77254902 0.45490196
v -0.02765166 -0.01098612 0.06004136 0.26274510 0.77254902 0.45490196
v -0.02360368 -0.01147268 0.05175635 0.26274510 0.77254902 0.45490196
v -0.02389430 -0.01130540 0.05278881 0.26274510 0.77254902 0.45490196
v -0.02857034 -0.01226404 0.05926848 0.26274510 0.77254902 0.45490196
v -0.02486118 -0.01191099 0.05285028 0.26274510 0.77254902 0.45490196
v -0.02542451 -0.01212411 0.05326600 0.26274510 0.77254902 0.45490196
v -0.02930721 -0.01281012 0.05839314 0.26274510 0.77254902 0.45490196
v -0.02525923 -0.01218764 0.05251849 0.26274510 0.77254902 0.45490196
v -0.02930721 -0.01289939 0.05727188 0.26274510 0.77254902 0.45490196
v -0.02706767 -0.01258413 0.05278881 0.26274510 0.77254902 0.45490196
v -0.02818606 -0.01275060 0.05391006 0.26274510 0.77254902 0.45490196
v -0.02818606 -0.01267420 0.05278881 0.26274510 0.77254902 0.45490196
v -0.03042836 -0.01290502 0.05951439 0.26274510 0.77254902 0.45490196
v -0.03154951 -0.01234849 0.06023653 0.26274510 0.77254902 0.45490196
v -0.03154951 -0.01157884 0.06048732 0.26274510 0.77254902 0.45490196
v -0.03042836 -0.01157884 0.06054978 0.26274510 0.77254902 0.45490196
v -0.02808965 -0.01055023 0.06036436 0.26274510 0.77254902 0.45490196
v -0.02706767 -0.00821716 0.06042877 0.26274510 0.77254902 0.45490196
v -0.02706767 -0.00709525 0.06050879 0.26274510 0.77254902 0.45490196
v -0.02705252 -0.00925220 0.06028337 0.26274510 0.77254902 0.45490196
v -0.02638038 -0.00821716 0.06017993 0.26274510 0.77254902 0.45490196
v -0.02553057 -0.00597416 0.05986375 0.26274510 0.77254902 0.45490196
v -0.02561459 -0.00716764 0.05949585 0.26274510 0.77254902 0.45490196
v -0.02741614 -0.01023899 0.06022579 0.26274510 0.77254902 0.45490196
v -0.02744644 -0.01121613 0.05929385 0.26274510 0.77254902 0.45490196
v -0.02811031 -0.01165926 0.05965492 0.26274510 0.77254902 0.45490196
v -0.02879898 -0.01210159 0.06001599 0.26274510 0.77254902 0.45490196
v -0.02839955 -0.01135446 0.06025409 0.26274510 0.77254902 0.45490196
v -0.02922595 -0.01247636 0.05959149 0.26274510 0.77254902 0.45490196
v -0.02836374 -0.01237664 0.05839314 0.26274510 0.77254902 0.45490196
v -0.02954549 -0.01229621 0.06021408 0.26274510 0.77254902 0.45490196
v -0.03042836 -0.01242811 0.06030971 0.26274510 0.77254902 0.45490196
v -0.02922595 -0.01166891 0.06036339 0.26274510 0.77254902 0.45490196
f 1032 1033 1034
f 1032 1034 1035
f 1032 1035 1036
f 1032 1036 1037
f 1032 1037 1038
f 1032 1038 1039
f 1032 1039 1040
f 1032 1040 1041
f 1032 1041 1042
f 1032 1042 1043
f 1032 1043 1044
f 1032 1044 1070
f 1032 1070 1093
f 1032 1093 1126
f 1032 1126 1096
f 1032 1096 1074
f 1032 1074 1073
f 1032 1073 1047
f 1032 1047 1045
f 1032 1045 1033
f 1033 1046 1034
f 1033 1045 1047
f 1033 1047 1048
f 1033 1048 1049
f 1033 1049 1046
f 1034 1050 1035
f 1034 1046 1050
f 1035 1050 1051
f 1035 1051 1036
f 1036 1051 1037
f 1037 1051 1052
f 1037 1052 1038
f 1038 1052 1053
f 1038 1053 1054
f 1038 1054 1039
f 1039 1055 1040
f 1039 1054 1056
f 1039 1056 1057
f 1039 1057 1055
f 1040 1058 1041
f 1040 1055 1059
f 1040 1059 1060
f 1040 1060 1061
f 1040 1061 1062
f 1040 1062 1058
f 1041 1063 1042
f 1041 1058 1062
f 1041 1062 1064
f 1041 1064 1063
f 1042 1063 1065
f 1042 1065 1066
f 1042 1066 1067
f 1042 1067 1043
f 1043 1068 1069
f 1043 1069 1044
f 1043 1067 1068
f 1044 1069 1070
f 1046 1049 1071
f 1046 1071 1072
f 1046 1072 1050
f 1047 1073 1048
f 1048 1073 1074
f 1048 1074 1049
f 1049 1074 1075
f 1049 1075 1071
f 1050 1072 1051
f 1051 1072 1052
f 1052 1072 1076
f 1052 1076 1077
f 1052 1077 1053
f 1053 1077 1078
f 1053 1078 1079
f 1053 1079 1054
f 1054 1079 1056
f 1055 1057 1059
f 1056 1079 1080
f 1056 1080 1081
f 1056 1081 1082
f 1056 1082 1057
f 1057 1082 1059
f 1059 1082 1060
f 1060 1082 1061
f 1061 1082 1083
f 1061 1083 1084
f 1061 1084 1062
f 1062 1084 1064
f 1063 1085 1065
f 1063 1064 1085
f 1064 1084 1086
f 1064 1086 1085
f 1065 1085 1066
f 1066 1085 1067
f 1067 1085 1087
f 1067 1087 1088
f 1067 1088 1089
f 1067 1089 1068
f 1068 1089 1090
f 1068 1090 1069
f 1069 1090 1091
f 1069 1091 1092
f 1069 1092 1070
f 1070 1092 1093
f 1071 1094 1072
f 1071 1075 1074
f 1071 1074 1095
f 1071 1095 1094
f 1072 1094 1076
f 1074 1096 1095
f 1076 1094 1077
f 1077 1094 1097
f 1077 1097 1078
f 1078 1097 1098
f 1078 1098 1079
f 1079 1098 1080
f 1080 1098 1081
f 1081 1099 1082
f 1081 1098 1100
f 1081 1100 1099
f 1082 1099 1083
f 1083 1086 1084
f 1083 1099 1101
f 1083 1101 1086
f 1085 1102 1087
f 1085 1086 1102
f 1086 1101 1103
f 1086 1103 1104
f 1086 1104 1105
f 1086 1105 1102
f 1087 1102 1106
f 1087 1106 1107
f 1087 1107 1108
f 1087 1108 1088
f 1088 1108 1109
f 1088 1109 1110
f 1088 1110 1089
f 1089 1110 1090
f 1090 1110 1111
f 1090 1111 1112
f 1090 1112 1113
f 1090 1113 1091
f 1091 1114 1115
f 1091 1115 1116
f 1091 1116 1117
f 1091 1117 1118
f 1091 1118 1119
f 1091 1119 1120
f 1091 1120 1092
f 1091 1113 1112
f 1091 1112 1111
f 1091 1111 1121
f 1091 1121 1122
f 1091 1122 1123
f 1091 1123 1124
f 1091 1124 1125
f 1091 1125 1114
f 1092 1126 1093
f 1092 1120 1126
f 1094 1095 1127
f 1094 1127 1097
f 1095 1096 1128
f 1095 1128 1127
f 1096 1126 1120
f 1096 1120 1129
f 1096 1129 1130
f 1096 1130 1131
f 1096 1131 1132
f 1096 1132 1133
f 1096 1133 1134
f 1096 1134 1135
f 1096 1135 1136
f 1096 1136 1137
f 1096 1137 1138
f 1096 1138 1139
f 1096 1139 1140
f 1096 1140 1141
f 1096 1141 1142
f 1096 1142 1143
f 1096 1143 1144
f 1096 1144 1145
f 1096 1145 1146
f 1096 1146 1147
f 1096 1147 1128
f 1097 1127 1148
f 1097 1148 1149
f 1097 1149 1098
f 1098 1149 1150
f 1098 1150 1100
f 1099 1100 1101
f 1100 1150 1151
f 1100 1151 1188
f 1100 1188 1152
f 1100 1152 1101
f 1101 1152 1153
f 1101 1153 1103
f 1102 1105 1104
f 1102 1104 1154
f 1102 1154 1106
f 1103 1153 1104
f 1104 1153 1155
f 1104 1155 1154
f 1106 1154 1156
f 1106 1156 1157
f 1106 1157 1107
f 1107 1157 1158
f 1107 1158 1159
f 1107 1159 1108
f 1108 1159 1160
f 1108 1160 1109
f 1109 1160 1123
f 1109 1123 1122
f 1109 1122 1161
f 1109 1161 1121
f 1109 1121 1111
f 1109 1111 1110
f 1114 1125 1158
f 1114 1158 1115
f 1115 1162 1163
f 1115 1163 1164
f 1115 1164 1116
f 1115 1158 1165
f 1115 1165 1162
f 1116 1164 1166
f 1116 1166 1117
f 1117 1166 1118
f 1118 1166 1167
f 1118 1167 1168
f 1118 1168 1169
f 1118 1169 1130
f 1118 1130 1129
f 1118 1129 1119
f 1119 1129 1120
f 1121 1161 1122
f 1123 1160 1159
f 1123 1159 1124
f 1124 1159 1125
f 1125 1159 1158
f 1127 1128 1147
f 1127 1147 1148
f 1130 1169 1131
f 1131 1169 1170
f 1131 1170 1132
f 1132 1170 1171
f 1132 1171 1133
f 1133 1171 1134
f 1134 1171 1135
f 1135 1171 1172
f 1135 1172 1136
f 1136 1173 1137
f 1136 1172 1173
f 1137 1174 1138
f 1137 1173 1175
f 1137 1175 1176
f 1137 1176 1174
f 1138 1174 1139
f 1139 1174 1140
f 1140 1177 1141
f 1140 1174 1178
f 1140 1178 1179
f 1140 1179 1177
f 1141 1177 1142
f 1142 1177 1180
f 1142 1180 1181
f 1142 1181 1143
f 1143 1181 1182
f 1143 1182 1183
f 1143 1183 1144
f 1144 1183 1182
f 1144 1182 1184
f 1144 1184 1151
f 1144 1151 1145
f 1145 1185 1146
f 1145 1151 1185
f 1146 1185 1186
f 1146 1186 1187
f 1146 1187 1147
f 1147 1187 1148
f 1148 1187 1149
f 1149 1187 1150
f 1150 1187 1186
f 1150 1186 1151
f 1151 1186 1185
f 1151 1184 1182
f 1151 1182 1188
f 1152 1188 1189
f 1152 1189 1153
f 1153 1189 1190
f 1153 1190 1155
f 1154 1155 1156
f 1155 1190 1156
f 1156 1190 1157
f 1157 1190 1165
f 1157 1165 1158
f 1162 1165 1191
f 1162 1191 1192
f 1162 1192 1163
f 1163 1192 1193
f 1163 1193 1194
f 1163 1194 1164
f 1164 1194 1166
f 1165 1190 1191
f 1166 1194 1167
f 1167 1194 1193
f 1167 1193 1195
f 1167 1195 1196
f 1167 1196 1168
f 1168 1196 1197
f 1168 1197 1169
f 1169 1197 1170
f 1170 1197 1198
f 1170 1198 1171
f 1171 1196 1195
f 1171 1195 1199
f 1171 1199 1176
f 1171 1176 1172
f 1171 1198 1197
f 1171 1197 1196
f 1172 1175 1173
f 1172 1176 1175
f 1174 1176 1200
f 1174 1200 1201
f 1174 1201 1202
f 1174 1202 1179
f 1174 1179 1178
f 1176 1203 1202
f 1176 1202 1201
f 1176 1201 1200
f 1176 1199 1203
f 1177 1179 1180
f 1179 1202 1204
f 1179 1204 1182
f 1179 1182 1205
f 1179 1205 1181
f 1179 1181 1180
f 1181 1205 1182
f 1182 1204 1188
f 1188 1204 1206
f 1188 1206 1207
f 1188 1207 1189
f 1189 1207 1190
f 1190 1207 1191
f 1191 1207 1208
f 1191 1208 1192
f 1192 1208 1203
f 1192 1203 1199
f 1192 1199 1195
f 1192 1195 1193
f 1202 1203 1206
f 1202 1206 1204
f 1203 1208 1206
f 1206 1208 1207

o geometry_11
v -0.02888205 -0.01246670 0.05166615 0.56470588 0.01568627 0.61568627
v -0.02888205 -0.01224937 0.05059710 0.56470588 0.01568627 0.61568627
v -0.02880271 -0.01226054 0.05059118 0.56470588 0.01568627 0.61568627
v -0.02818672 -0.01235499 0.05059118 0.56470588 0.01568627 0.61568627
v -0.02818672 -0.01253779 0.05167102 0.56470588 0.01568627 0.61568627
v -0.02888205 -0.00946168 0.05167102 0.56470588 0.01568627 0.61568627
v -0.02888205 -0.01224734 0.05059118 0.56470588 0.01568627 0.61568627
v -0.02706565 -0.01242811 0.05059118 0.56470588 0.01568627 0.61568627
v -0.02706565 -0.01253372 0.05166615 0.56470588 0.01568627 0.61568627
v -0.02706565 -0.01253372 0.05167102 0.56470588 0.01568627 0.61568627
v -0.02888205 -0.00488763 0.05167102 0.56470588 0.01568627 0.61568627
v -0.02888205 -0.00534158 0.05059118 0.56470588 0.01568627 0.61568627
v -0.02594459 -0.01239967 0.05059118 0.56470588 0.01568627 0.61568627
v -0.02594374 -0.01241491 0.05167102 0.56470588 0.01568627 0.61568627
v -0.02745385 -0.00216392 0.05167102 0.56470588 0.01568627 0.61568627
v -0.02700593 -0.00216392 0.05102174 0.56470588 0.01568627 0.61568627
v -0.02669623 -0.00216392 0.05059118 0.56470588 0.01568627 0.61568627
v -0.02479281 -0.01223718 0.05059118 0.56470588 0.01568627 0.61568627
v -0.02507692 -0.01223211 0.05167102 0.56470588 0.01568627 0.61568627
v -0.02094843 -0.00216392 0.05167102 0.56470588 0.01568627 0.61568627
v -0.02016693 -0.00216392 0.05059118 0.56470588 0.01568627 0.61568627
v -0.02463412 -0.01219859 0.05059118 0.56470588 0.01568627 0.61568627
v -0.02435343 -0.01211430 0.05081899 0.56470588 0.01568627 0.61568627
v -0.02452065 -0.01203813 0.05167102 0.56470588 0.01568627 0.61568627
v -0.02033586 -0.00216392 0.05166615 0.56470588 0.01568627 0.61568627
v -0.02033842 -0.00216595 0.05167102 0.56470588 0.01568627 0.61568627
v -0.02016693 -0.00701420 0.05059118 0.56470588 0.01568627 0.61568627
v -0.02016693 -0.00216392 0.05137894 0.56470588 0.01568627 0.61568627
v -0.02397462 -0.01198330 0.05059118 0.56470588 0.01568627 0.61568627
v -0.02451639 -0.01203712 0.05166615 0.56470588 0.01568627 0.61568627
v -0.02446776 -0.01200767 0.05167102 0.56470588 0.01568627 0.61568627
v -0.02033159 -0.00260974 0.05167102 0.56470588 0.01568627 0.61568627
v -0.02016693 -0.00218626 0.05137957 0.56470588 0.01568627 0.61568627
v -0.02016693 -0.00596005 0.05095831 0.56470588 0.01568627 0.61568627
v -0.02060375 -0.00593669 0.05167102 0.56470588 0.01568627 0.61568627
v -0.02085800 -0.00709544 0.05167102 0.56470588 0.01568627 0.61568627
v -0.02018229 -0.00708224 0.05059118 0.56470588 0.01568627 0.61568627
v -0.02378266 -0.01188580 0.05059118 0.56470588 0.01568627 0.61568627
v -0.02263429 -0.01126225 0.05059118 0.56470588 0.01568627 0.61568627
v -0.02361629 -0.01150294 0.05167102 0.56470588 0.01568627 0.61568627
v -0.02016693 -0.00260974 0.05138348 0.56470588 0.01568627 0.61568627
v -0.02037340 -0.00373091 0.05167102 0.56470588 0.01568627 0.61568627
v -0.02036999 -0.00373091 0.05166615 0.56470588 0.01568627 0.61568627
v -0.02016693 -0.00373091 0.05133126 0.56470588 0.01568627 0.61568627
v -0.02058840 -0.00584022 0.05167102 0.56470588 0.01568627 0.61568627
v -0.02060034 -0.00591943 0.05167102 0.56470588 0.01568627 0.61568627
v -0.02016693 -0.00519636 0.05113834 0.56470588 0.01568627 0.61568627
v -0.02021983 -0.00721426 0.05059118 0.56470588 0.01568627 0.61568627
v -0.02117708 -0.00812115 0.05167102 0.56470588 0.01568627 0.61568627
v -0.02081961 -0.00790280 0.05123348 0.56470588 0.01568627 0.61568627
v -0.02050820 -0.00822067 0.05059118 0.56470588 0.01568627 0.61568627
v -0.02242442 -0.01108250 0.05059118 0.56470588 0.01568627 0.61568627
v -0.02221027 -0.01082049 0.05077226 0.56470588 0.01568627 0.61568627
v -0.02295765 -0.01116577 0.05144247 0.56470588 0.01568627 0.61568627
v -0.02342774 -0.01138920 0.05167102 0.56470588 0.01568627 0.61568627
v -0.02046127 -0.00485818 0.05167102 0.56470588 0.01568627 0.61568627
v -0.02016693 -0.00485310 0.05120853 0.56470588 0.01568627 0.61568627
v -0.02121889 -0.00825012 0.05167102 0.56470588 0.01568627 0.61568627
v -0.02053550 -0.00825215 0.05061824 0.56470588 0.01568627 0.61568627
v -0.02051758 -0.00825114 0.05059118 0.56470588 0.01568627 0.61568627
v -0.02190996 -0.01060722 0.05059118 0.56470588 0.01568627 0.61568627
v -0.02251144 -0.01055949 0.05167102 0.56470588 0.01568627 0.61568627
v -0.02265307 -0.01070573 0.05167102 0.56470588 0.01568627 0.61568627
v -0.02123510 -0.00829075 0.05167102 0.56470588 0.01568627 0.61568627
v -0.02094246 -0.00865025 0.05104088 0.56470588 0.01568627 0.61568627
v -0.02098171 -0.00933677 0.05059118 0.56470588 0.01568627 0.61568627
v -0.02163438 -0.01029849 0.05059118 0.56470588 0.01568627 0.61568627
v -0.02241162 -0.01044575 0.05167102 0.56470588 0.01568627 0.61568627
v -0.02167448 -0.00931442 0.05167102 0.56470588 0.01568627 0.61568627
v -0.02168045 -0.00932762 0.05167102 0.56470588 0.01568627 0.61568627
v -0.02110627 -0.00933677 0.05078368 0.56470588 0.01568627 0.61568627
v -0.02187924 -0.01007304 0.05132069 0.56470588 0.01568627 0.61568627
v -0.02169496 -0.00935301 0.05167102 0.56470588 0.01568627 0.61568627
f 1209 1210 1211
f 1209 1211 1212
f 1209 1212 1213
f 1209 1213 1214
f 1209 1214 1219
f 1209 1219 1220
f 1209 1220 1215
f 1209 1215 1210
f 1210 1215 1211
f 1211 1215 1220
f 1211 1220 1225
f 1211 1225 1229
f 1211 1229 1235
f 1211 1235 1245
f 1211 1245 1256
f 1211 1256 1259
f 1211 1259 1268
f 1211 1268 1274
f 1211 1274 1275
f 1211 1275 1269
f 1211 1269 1260
f 1211 1260 1247
f 1211 1247 1246
f 1211 1246 1237
f 1211 1237 1230
f 1211 1230 1226
f 1211 1226 1221
f 1211 1221 1216
f 1211 1216 1212
f 1212 1216 1213
f 1213 1216 1217
f 1213 1217 1218
f 1213 1218 1222
f 1213 1222 1227
f 1213 1227 1232
f 1213 1232 1239
f 1213 1239 1248
f 1213 1248 1263
f 1213 1263 1271
f 1213 1271 1270
f 1213 1270 1276
f 1213 1276 1281
f 1213 1281 1278
f 1213 1278 1277
f 1213 1277 1272
f 1213 1272 1266
f 1213 1266 1257
f 1213 1257 1244
f 1213 1244 1243
f 1213 1243 1254
f 1213 1254 1253
f 1213 1253 1264
f 1213 1264 1250
f 1213 1250 1240
f 1213 1240 1234
f 1213 1234 1228
f 1213 1228 1223
f 1213 1223 1219
f 1213 1219 1214
f 1216 1221 1217
f 1217 1221 1222
f 1217 1222 1218
f 1219 1223 1220
f 1220 1223 1224
f 1220 1224 1225
f 1221 1226 1222
f 1222 1226 1227
f 1223 1228 1233
f 1223 1233 1236
f 1223 1236 1229
f 1223 1229 1225
f 1223 1225 1224
f 1226 1230 1227
f 1227 1230 1231
f 1227 1231 1232
f 1228 1234 1233
f 1229 1236 1241
f 1229 1241 1249
f 1229 1249 1252
f 1229 1252 1265
f 1229 1265 1255
f 1229 1255 1242
f 1229 1242 1235
f 1230 1237 1231
f 1231 1237 1238
f 1231 1238 1232
f 1232 1238 1239
f 1233 1234 1236
f 1234 1240 1241
f 1234 1241 1236
f 1235 1242 1243
f 1235 1243 1244
f 1235 1244 1245
f 1237 1246 1238
f 1238 1246 1247
f 1238 1247 1239
f 1239 1247 1248
f 1240 1249 1241
f 1240 1250 1251
f 1240 1251 1252
f 1240 1252 1249
f 1242 1253 1254
f 1242 1254 1243
f 1242 1255 1253
f 1244 1256 1245
f 1244 1257 1258
f 1244 1258 1259
f 1244 1259 1256
f 1247 1260 1261
f 1247 1261 1262
f 1247 1262 1263
f 1247 1263 1248
f 1250 1264 1251
f 1251 1264 1265
f 1251 1265 1252
f 1253 1255 1265
f 1253 1265 1264
f 1257 1266 1258
f 1258 1266 1267
f 1258 1267 1268
f 1258 1268 1259
f 1260 1269 1261
f 1261 1269 1270
f 1261 1270 1262
f 1262 1270 1271
f 1262 1271 1263
f 1266 1272 1273
f 1266 1273 1267
f 1267 1273 1268
f 1268 1273 1274
f 1269 1275 1270
f 1270 1275 1276
f 1272 1277 1273
f 1273 1277 1278
f 1273 1278 1279
f 1273 1279 1274
f 1274 1279 1280
f 1274 1280 1275
f 1275 1280 1276
f 1276 1280 1281
f 1278 1281 1279
f 1279 1281 1280

o geometry_12
v 0.00534155 0.01382671 -0.00894494 0.61176471 0.61568627 0.94117647
v 0.00570614 0.01379477 -0.01316626 0.61176471 0.61568627 0.94117647
v 0.00432935 0.01378240 -0.00894494 0.61176471 0.61568627 0.94117647
v 0.00614612 0.01382156 -0.00894494 0.61176471 0.61568627 0.94117647
v 0.00614612 0.01381023 -0.01316033 0.61176471 0.61568627 0.94117647
v 0.00614612 0.01328778 -0.01567521 0.61176471 0.61568627 0.94117647
v 0.00551457 0.01313733 -0.01567521 0.61176471 0.61568627 0.94117647
v 0.00545154 0.01311466 -0.01567521 0.61176471 0.61568627 0.94117647
v 0.00460001 0.01274060 -0.01567521 0.61176471 0.61568627 0.94117647
v 0.00432935 0.01311982 -0.01336853 0.61176471 0.61568627 0.94117647
v 0.00376701 0.01364947 -0.00945160 0.61176471 0.61568627 0.94117647
v 0.00371140 0.01367524 -0.00894494 0.61176471 0.61568627 0.94117647
v 0.00614612 0.00513887 -0.00894494 0.61176471 0.61568627 0.94117647
v 0.00614612 0.00484519 -0.01567521 0.61176471 0.61568627 0.94117647
v 0.00455922 0.01272102 -0.01567521 0.61176471 0.61568627 0.94117647
v 0.00336164 0.01281377 -0.01224847 0.61176471 0.61568627 0.94117647
v 0.00331962 0.01330530 -0.00989699 0.61176471 0.61568627 0.94117647
v 0.00223203 0.01284365 -0.00894494 0.61176471 0.61568627 0.94117647
v 0.00315401 0.01337743 -0.00894494 0.61176471 0.61568627 0.94117647
v 0.00399936 0.00330052 -0.01567521 0.61176471 0.61568627 0.94117647
v 0.00614612 0.00511929 -0.00923549 0.61176471 0.61568627 0.94117647
v 0.00034358 0.00330052 -0.00894494 0.61176471 0.61568627 0.94117647
v 0.00399813 0.01237479 -0.01567521 0.61176471 0.61568627 0.94117647
v 0.00253853 0.01260458 -0.01085564 0.61176471 0.61568627 0.94117647
v 0.00238157 0.01270660 -0.01000570 0.61176471 0.61568627 0.94117647
v 0.00311446 0.01290342 -0.01118836 0.61176471 0.61568627 0.94117647
v 0.00209484 0.01275812 -0.00894494 0.61176471 0.61568627 0.94117647
v -0.00313300 0.00330052 -0.01567521 0.61176471 0.61568627 0.94117647
v -0.00647981 0.00330052 -0.00894494 0.61176471 0.61568627 0.94117647
v 0.00315030 0.01176166 -0.01567521 0.61176471 0.61568627 0.94117647
v 0.00165487 0.01243868 -0.00909450 0.61176471 0.61568627 0.94117647
v 0.00162768 0.01245723 -0.00894494 0.61176471 0.61568627 0.94117647
v -0.00635993 0.00373022 -0.00894494 0.61176471 0.61568627 0.94117647
v -0.00299087 0.00377350 -0.01567521 0.61176471 0.61568627 0.94117647
v 0.00266089 0.01139585 -0.01567521 0.61176471 0.61568627 0.94117647
v 0.00032875 0.01150508 -0.00894494 0.61176471 0.61568627 0.94117647
v 0.00137184 0.01227174 -0.00894494 0.61176471 0.61568627 0.94117647
v -0.00623387 0.00411871 -0.00894494 0.61176471 0.61568627 0.94117647
v -0.00287593 0.00411871 -0.01567521 0.61176471 0.61568627 0.94117647
v 0.00203552 0.01086207 -0.01567521 0.61176471 0.61568627 0.94117647
v -0.00218012 0.00952452 -0.00894494 0.61176471 0.61568627 0.94117647
v -0.00154735 0.01005624 -0.00894494 0.61176471 0.61568627 0.94117647
v -0.00099119 0.01049625 -0.00894494 0.61176471 0.61568627 0.94117647
v -0.00026201 0.01105373 -0.00894494 0.61176471 0.61568627 0.94117647
v -0.00618443 0.00425061 -0.00894494 0.61176471 0.61568627 0.94117647
v -0.00283391 0.00424133 -0.01567521 0.61176471 0.61568627 0.94117647
v 0.00145218 0.01035405 -0.01567521 0.61176471 0.61568627 0.94117647
v -0.00221844 0.00949155 -0.00894494 0.61176471 0.61568627 0.94117647
v -0.00574198 0.00524191 -0.00894494 0.61176471 0.61568627 0.94117647
v -0.00247674 0.00514402 -0.01567521 0.61176471 0.61568627 0.94117647
v -0.00296492 0.00469886 -0.01506708 0.61176471 0.61568627 0.94117647
v -0.00253359 0.00500079 -0.01567521 0.61176471 0.61568627 0.94117647
v 0.00084659 0.00976359 -0.01567521 0.61176471 0.61568627 0.94117647
v -0.00333075 0.00846418 -0.00894494 0.61176471 0.61568627 0.94117647
v -0.00277953 0.00899384 -0.00894494 0.61176471 0.61568627 0.94117647
v -0.00573457 0.00525737 -0.00894494 0.61176471 0.61568627 0.94117647
v -0.00280178 0.00544595 -0.01472184 0.61176471 0.61568627 0.94117647
v -0.00196013 0.00618788 -0.01567521 0.61176471 0.61568627 0.94117647
v 0.00032504 0.00924424 -0.01567521 0.61176471 0.61568627 0.94117647
v -0.00336041 0.00843429 -0.00894494 0.61176471 0.61568627 0.94117647
v -0.00571108 0.00530168 -0.00894494 0.61176471 0.61568627 0.94117647
v -0.00409206 0.00582104 -0.01171281 0.61176471 0.61568627 0.94117647
v -0.00297851 0.00583752 -0.01397403 0.61176471 0.61568627 0.94117647
v -0.00190823 0.00628784 -0.01567521 0.61176471 0.61568627 0.94117647
v -0.00021999 0.00864348 -0.01567521 0.61176471 0.61568627 0.94117647
v -0.00392398 0.00785826 -0.00894494 0.61176471 0.61568627 0.94117647
v -0.00532548 0.00599003 -0.00894494 0.61176471 0.61568627 0.94117647
v -0.00519819 0.00579630 -0.00944040 0.61176471 0.61568627 0.94117647
v -0.00169812 0.00666396 -0.01567521 0.61176471 0.61568627 0.94117647
v -0.00180318 0.00647641 -0.01567521 0.61176471 0.61568627 0.94117647
v -0.00073289 0.00805817 -0.01567521 0.61176471 0.61568627 0.94117647
v -0.00437384 0.00732654 -0.00894494 0.61176471 0.61568627 0.94117647
v -0.00502269 0.00644756 -0.00894494 0.61176471 0.61568627 0.94117647
v -0.00183655 0.00692363 -0.01505258 0.61176471 0.61568627 0.94117647
v -0.00120377 0.00741826 -0.01567521 0.61176471 0.61568627 0.94117647
v -0.00108512 0.00758622 -0.01567521 0.61176471 0.61568627 0.94117647
v -0.00439485 0.00730078 -0.00894494 0.61176471 0.61568627 0.94117647
v -0.00420700 0.00708129 -0.00970395 0.61176471 0.61568627 0.94117647
v -0.00116175 0.00748111 -0.01567521 0.61176471 0.61568627 0.94117647
f 1282 1283 1284
f 1282 1284 1293
f 1282 1293 1300
f 1282 1300 1299
f 1282 1299 1308
f 1282 1308 1313
f 1282 1313 1318
f 1282 1318 1317
f 1282 1317 1325
f 1282 1325 1324
f 1282 1324 1323
f 1282 1323 1322
f 1282 1322 1329
f 1282 1329 1336
f 1282 1336 1335
f 1282 1335 1341
f 1282 1341 1347
f 1282 1347 1353
f 1282 1353 1358
f 1282 1358 1354
f 1282 1354 1348
f 1282 1348 1342
f 1282 1342 1337
f 1282 1337 1330
f 1282 1330 1326
f 1282 1326 1319
f 1282 1319 1314
f 1282 1314 1310
f 1282 1310 1303
f 1282 1303 1294
f 1282 1294 1285
f 1282 1285 1286
f 1282 1286 1283
f 1283 1286 1287
f 1283 1287 1288
f 1283 1288 1289
f 1283 1289 1290
f 1283 1290 1291
f 1283 1291 1292
f 1283 1292 1293
f 1283 1293 1284
f 1285 1294 1302
f 1285 1302 1295
f 1285 1295 1287
f 1285 1287 1286
f 1287 1295 1301
f 1287 1301 1309
f 1287 1309 1315
f 1287 1315 1320
f 1287 1320 1327
f 1287 1327 1333
f 1287 1333 1331
f 1287 1331 1339
f 1287 1339 1345
f 1287 1345 1351
f 1287 1351 1350
f 1287 1350 1356
f 1287 1356 1360
f 1287 1360 1357
f 1287 1357 1352
f 1287 1352 1346
f 1287 1346 1340
f 1287 1340 1334
f 1287 1334 1328
f 1287 1328 1321
f 1287 1321 1316
f 1287 1316 1311
f 1287 1311 1304
f 1287 1304 1296
f 1287 1296 1290
f 1287 1290 1289
f 1287 1289 1288
f 1290 1296 1291
f 1291 1296 1297
f 1291 1297 1298
f 1291 1298 1292
f 1292 1298 1299
f 1292 1299 1300
f 1292 1300 1293
f 1294 1301 1302
f 1294 1303 1301
f 1295 1302 1301
f 1296 1304 1297
f 1297 1304 1305
f 1297 1305 1306
f 1297 1306 1307
f 1297 1307 1298
f 1298 1307 1299
f 1299 1306 1308
f 1299 1307 1306
f 1301 1303 1310
f 1301 1310 1309
f 1304 1311 1312
f 1304 1312 1305
f 1305 1312 1313
f 1305 1313 1306
f 1306 1313 1308
f 1309 1310 1314
f 1309 1314 1315
f 1311 1316 1317
f 1311 1317 1318
f 1311 1318 1312
f 1312 1318 1313
f 1314 1319 1315
f 1315 1319 1320
f 1316 1321 1322
f 1316 1322 1323
f 1316 1323 1324
f 1316 1324 1325
f 1316 1325 1317
f 1319 1326 1327
f 1319 1327 1320
f 1321 1328 1329
f 1321 1329 1322
f 1326 1330 1331
f 1326 1331 1332
f 1326 1332 1327
f 1327 1332 1333
f 1328 1334 1335
f 1328 1335 1336
f 1328 1336 1329
f 1330 1337 1338
f 1330 1338 1331
f 1331 1333 1332
f 1331 1338 1339
f 1334 1340 1335
f 1335 1340 1341
f 1337 1342 1343
f 1337 1343 1344
f 1337 1344 1338
f 1338 1344 1339
f 1339 1344 1345
f 1340 1346 1347
f 1340 1347 1341
f 1342 1348 1349
f 1342 1349 1343
f 1343 1349 1348
f 1343 1348 1350
f 1343 1350 1351
f 1343 1351 1345
f 1343 1345 1344
f 1346 1352 1347
f 1347 1352 1353
f 1348 1354 1355
f 1348 1355 1350
f 1350 1355 1356
f 1352 1357 1358
f 1352 1358 1353
f 1354 1358 1359
f 1354 1359 1357
f 1354 1357 1360
f 1354 1360 1355
f 1355 1360 1356
f 1357 1359 1358

o geometry_13
v 0.01543697 -0.00942347 -0.01988940 0.67843137 0.35686275 0.43529412
v 0.01554358 -0.00942904 -0.01988940 0.67843137 0.35686275 0.43529412
v 0.01543697 -0.00929164 -0.01897560 0.67843137 0.35686275 0.43529412
v 0.01543697 0.00734593 -0.01988940 0.67843137 0.35686275 0.43529412
v 0.01666525 -0.00939747 -0.01988940 0.67843137 0.35686275 0.43529412
v 0.01554358 -0.00929350 -0.01897560 0.67843137 0.35686275 0.43529412
v 0.01543697 -0.00912269 -0.01785429 0.67843137 0.35686275 0.43529412
v 0.01543697 0.00735336 -0.01988609 0.67843137 0.35686275 0.43529412
v 0.01544038 0.00734964 -0.01988940 0.67843137 0.35686275 0.43529412
v 0.01778692 -0.00928793 -0.01988940 0.67843137 0.35686275 0.43529412
v 0.01543697 -0.00882005 -0.01587571 0.67843137 0.35686275 0.43529412
v 0.01543697 0.00935670 -0.01567521 0.67843137 0.35686275 0.43529412
v 0.01810675 0.00953865 -0.01567521 0.67843137 0.35686275 0.43529412
v 0.02002912 0.00918403 -0.01619296 0.67843137 0.35686275 0.43529412
v 0.02059392 0.00916917 -0.01617811 0.67843137 0.35686275 0.43529412
v 0.02560457 0.00606297 -0.01988940 0.67843137 0.35686275 0.43529412
v 0.01889384 -0.00910783 -0.01988940 0.67843137 0.35686275 0.43529412
v 0.01554358 -0.00876992 -0.01567521 0.67843137 0.35686275 0.43529412
v 0.01543697 -0.00878106 -0.01567521 0.67843137 0.35686275 0.43529412
v 0.01885528 0.00950152 -0.01567521 0.67843137 0.35686275 0.43529412
v 0.02630207 0.00584574 -0.01988940 0.67843137 0.35686275 0.43529412
v 0.02059392 0.00916917 -0.01616449 0.67843137 0.35686275 0.43529412
v 0.01983291 -0.00888132 -0.01988940 0.67843137 0.35686275 0.43529412
v 0.01727429 -0.00878849 -0.01724248 0.67843137 0.35686275 0.43529412
v 0.01610725 -0.00877549 -0.01616986 0.67843137 0.35686275 0.43529412
v 0.01642481 -0.00856754 -0.01567521 0.67843137 0.35686275 0.43529412
v 0.01997128 0.00928243 -0.01567521 0.67843137 0.35686275 0.43529412
v 0.02617504 0.00576034 -0.01955936 0.67843137 0.35686275 0.43529412
v 0.02657426 0.00547070 -0.01988940 0.67843137 0.35686275 0.43529412
v 0.01998943 0.00927315 -0.01567521 0.67843137 0.35686275 0.43529412
v 0.02044762 0.00896865 -0.01567521 0.67843137 0.35686275 0.43529412
v 0.02020605 -0.00874950 -0.01988940 0.67843137 0.35686275 0.43529412
v 0.02031379 -0.00867152 -0.01977718 0.67843137 0.35686275 0.43529412
v 0.01655864 -0.00853041 -0.01567521 0.67843137 0.35686275 0.43529412
v 0.01685465 -0.00868823 -0.01649495 0.67843137 0.35686275 0.43529412
v 0.02400089 0.00586617 -0.01724331 0.67843137 0.35686275 0.43529412
v 0.02631114 0.00501210 -0.01942239 0.67843137 0.35686275 0.43529412
v 0.02664911 0.00525532 -0.01988940 0.67843137 0.35686275 0.43529412
v 0.02183468 0.00698017 -0.01567521 0.67843137 0.35686275 0.43529412
v 0.02057124 -0.00860282 -0.01988940 0.67843137 0.35686275 0.43529412
v 0.01818160 -0.00791400 -0.01567521 0.67843137 0.35686275 0.43529412
v 0.01784930 -0.00806253 -0.01567521 0.67843137 0.35686275 0.43529412
v 0.02288376 0.00590330 -0.01612159 0.67843137 0.35686275 0.43529412
v 0.02297222 0.00523861 -0.01602794 0.67843137 0.35686275 0.43529412
v 0.02353249 0.00523861 -0.01659973 0.67843137 0.35686275 0.43529412
v 0.02408141 0.00523861 -0.01716038 0.67843137 0.35686275 0.43529412
v 0.02225998 0.00625050 -0.01567521 0.67843137 0.35686275 0.43529412
v 0.02696441 0.00411719 -0.01988403 0.67843137 0.35686275 0.43529412
v 0.02696781 0.00412462 -0.01988940 0.67843137 0.35686275 0.43529412
v 0.02111790 -0.00833360 -0.01988940 0.67843137 0.35686275 0.43529412
v 0.01859783 -0.00779331 -0.01586003 0.67843137 0.35686275 0.43529412
v 0.01879631 -0.00757423 -0.01567521 0.67843137 0.35686275 0.43529412
v 0.02256280 0.00545027 -0.01567521 0.67843137 0.35686275 0.43529412
v 0.02261950 0.00523861 -0.01567521 0.67843137 0.35686275 0.43529412
v 0.02275900 0.00466490 -0.01567521 0.67843137 0.35686275 0.43529412
v 0.02287922 0.00411719 -0.01567521 0.67843137 0.35686275 0.43529412
v 0.02696894 0.00411719 -0.01988940 0.67843137 0.35686275 0.43529412
v 0.02294954 0.00374214 -0.01567521 0.67843137 0.35686275 0.43529412
v 0.02307770 0.00299576 -0.01567521 0.67843137 0.35686275 0.43529412
v 0.02310038 0.00278596 -0.01567521 0.67843137 0.35686275 0.43529412
v 0.02318771 0.00187434 -0.01567521 0.67843137 0.35686275 0.43529412
v 0.02702111 0.00303104 -0.01988940 0.67843137 0.35686275 0.43529412
v 0.02202521 -0.00779517 -0.01988940 0.67843137 0.35686275 0.43529412
v 0.01934523 -0.00757423 -0.01631837 0.67843137 0.35686275 0.43529412
v 0.01901633 -0.00743869 -0.01567521 0.67843137 0.35686275 0.43529412
v 0.02318771 0.00176294 -0.01567521 0.67843137 0.35686275 0.43529412
v 0.02379901 0.00187434 -0.01633900 0.67843137 0.35686275 0.43529412
v 0.02702225 0.00299576 -0.01988940 0.67843137 0.35686275 0.43529412
v 0.02252083 -0.00736628 -0.01988940 0.67843137 0.35686275 0.43529412
v 0.01980002 -0.00683156 -0.01567521 0.67843137 0.35686275 0.43529412
v 0.01974218 -0.00687798 -0.01567521 0.67843137 0.35686275 0.43529412
v 0.02316503 0.00075291 -0.01567521 0.67843137 0.35686275 0.43529412
v 0.02431165 0.00187434 -0.01689965 0.67843137 0.35686275 0.43529412
v 0.02694853 0.00187434 -0.01988940 0.67843137 0.35686275 0.43529412
v 0.02487304 0.00187434 -0.01752137 0.67843137 0.35686275 0.43529412
v 0.02536526 0.00187434 -0.01808161 0.67843137 0.35686275 0.43529412
v 0.02592667 0.00187434 -0.01872064 0.67843137 0.35686275 0.43529412
v 0.02641775 0.00187434 -0.01928130 0.67843137 0.35686275 0.43529412
v 0.02253104 -0.00735700 -0.01988940 0.67843137 0.35686275 0.43529412
v 0.01986127 -0.00677586 -0.01567521 0.67843137 0.35686275 0.43529412
v 0.02314688 0.00060624 -0.01567521 0.67843137 0.35686275 0.43529412
v 0.02378087 0.00075291 -0.01636994 0.67843137 0.35686275 0.43529412
v 0.02426855 0.00075291 -0.01693060 0.67843137 0.35686275 0.43529412
v 0.02482881 0.00075291 -0.01757747 0.67843137 0.35686275 0.43529412
v 0.02530969 0.00075291 -0.01813771 0.67843137 0.35686275 0.43529412
v 0.02693945 0.00180750 -0.01988940 0.67843137 0.35686275 0.43529412
v 0.02309584 -0.00679628 -0.01988940 0.67843137 0.35686275 0.43529412
v 0.02188231 -0.00670717 -0.01819464 0.67843137 0.35686275 0.43529412
v 0.02055309 -0.00649365 -0.01622142 0.67843137 0.35686275 0.43529412
v 0.02042947 -0.00616502 -0.01567521 0.67843137 0.35686275 0.43529412
v 0.02300398 -0.00036666 -0.01567521 0.67843137 0.35686275 0.43529412
v 0.02675459 0.00057096 -0.01988940 0.67843137 0.35686275 0.43529412
v 0.02678975 0.00075291 -0.01988940 0.67843137 0.35686275 0.43529412
v 0.02363343 -0.00620401 -0.01988940 0.67843137 0.35686275 0.43529412
v 0.02366632 -0.00616688 -0.01988940 0.67843137 0.35686275 0.43529412
v 0.02408368 -0.00568414 -0.01988940 0.67843137 0.35686275 0.43529412
v 0.02066424 -0.00587909 -0.01567521 0.67843137 0.35686275 0.43529412
v 0.02292345 -0.00076027 -0.01567521 0.67843137 0.35686275 0.43529412
v 0.02626124 -0.00004731 -0.01945622 0.67843137 0.35686275 0.43529412
v 0.02658220 -0.00023483 -0.01988940 0.67843137 0.35686275 0.43529412
v 0.02454074 -0.00508258 -0.01988940 0.67843137 0.35686275 0.43529412
v 0.02397821 -0.00544463 -0.01950407 0.67843137 0.35686275 0.43529412
v 0.02086498 -0.00574541 -0.01580186 0.67843137 0.35686275 0.43529412
v 0.02102490 -0.00538151 -0.01567521 0.67843137 0.35686275 0.43529412
v 0.02276921 -0.00148808 -0.01567521 0.67843137 0.35686275 0.43529412
v 0.02650168 -0.00052262 -0.01988940 0.67843137 0.35686275 0.43529412
v 0.02290190 -0.00223817 -0.01608652 0.67843137 0.35686275 0.43529412
v 0.02465756 -0.00491177 -0.01988940 0.67843137 0.35686275 0.43529412
v 0.02128689 -0.00501389 -0.01567521 0.67843137 0.35686275 0.43529412
v 0.02244144 -0.00259837 -0.01567521 0.67843137 0.35686275 0.43529412
v 0.02621247 -0.00148808 -0.01988940 0.67843137 0.35686275 0.43529412
v 0.02243691 -0.00261136 -0.01567521 0.67843137 0.35686275 0.43529412
v 0.02583934 -0.00260951 -0.01988940 0.67843137 0.35686275 0.43529412
v 0.02486170 -0.00459242 -0.01988940 0.67843137 0.35686275 0.43529412
v 0.02497852 -0.00411155 -0.01965218 0.67843137 0.35686275 0.43529412
v 0.02140710 -0.00481522 -0.01567521 0.67843137 0.35686275 0.43529412
v 0.02276241 -0.00298455 -0.01625897 0.67843137 0.35686275 0.43529412
v 0.02517132 -0.00336331 -0.01941661 0.67843137 0.35686275 0.43529412
v 0.02581552 -0.00267263 -0.01988940 0.67843137 0.35686275 0.43529412
v 0.02204449 -0.00358240 -0.01567521 0.67843137 0.35686275 0.43529412
v 0.02528134 -0.00389432 -0.01988940 0.67843137 0.35686275 0.43529412
v 0.02183581 -0.00450516 -0.01600030 0.67843137 0.35686275 0.43529412
v 0.02195603 -0.00376250 -0.01567521 0.67843137 0.35686275 0.43529412
v 0.02545259 -0.00355826 -0.01988940 0.67843137 0.35686275 0.43529412
v 0.02201614 -0.00364367 -0.01567521 0.67843137 0.35686275 0.43529412
f 1361 1362 1363
f 1361 1363 1367
f 1361 1367 1371
f 1361 1371 1379
f 1361 1379 1372
f 1361 1372 1368
f 1361 1368 1364
f 1361 1364 1369
f 1361 1369 1376
f 1361 1376 1381
f 1361 1381 1389
f 1361 1389 1398
f 1361 1398 1409
f 1361 1409 1417
f 1361 1417 1422
f 1361 1422 1428
f 1361 1428 1434
f 1361 1434 1446
f 1361 1446 1453
f 1361 1453 1452
f 1361 1452 1460
f 1361 1460 1466
f 1361 1466 1471
f 1361 1471 1473
f 1361 1473 1479
f 1361 1479 1484
f 1361 1484 1481
f 1361 1481 1474
f 1361 1474 1468
f 1361 1468 1461
f 1361 1461 1456
f 1361 1456 1455
f 1361 1455 1454
f 1361 1454 1447
f 1361 1447 1439
f 1361 1439 1429
f 1361 1429 1423
f 1361 1423 1410
f 1361 1410 1400
f 1361 1400 1392
f 1361 1392 1383
f 1361 1383 1377
f 1361 1377 1370
f 1361 1370 1365
f 1361 1365 1362
f 1362 1365 1366
f 1362 1366 1363
f 1363 1366 1367
f 1364 1368 1369
f 1365 1370 1371
f 1365 1371 1366
f 1366 1371 1367
f 1368 1372 1373
f 1368 1373 1374
f 1368 1374 1375
f 1368 1375 1376
f 1368 1376 1369
f 1370 1377 1378
f 1370 1378 1371
f 1371 1378 1379
f 1372 1379 1378
f 1372 1378 1386
f 1372 1386 1394
f 1372 1394 1402
f 1372 1402 1401
f 1372 1401 1412
f 1372 1412 1425
f 1372 1425 1431
f 1372 1431 1430
f 1372 1430 1440
f 1372 1440 1450
f 1372 1450 1457
f 1372 1457 1464
f 1372 1464 1469
f 1372 1469 1476
f 1372 1476 1483
f 1372 1483 1485
f 1372 1485 1480
f 1372 1480 1472
f 1372 1472 1470
f 1372 1470 1465
f 1372 1465 1458
f 1372 1458 1451
f 1372 1451 1441
f 1372 1441 1432
f 1372 1432 1426
f 1372 1426 1421
f 1372 1421 1420
f 1372 1420 1419
f 1372 1419 1418
f 1372 1418 1416
f 1372 1416 1415
f 1372 1415 1414
f 1372 1414 1413
f 1372 1413 1407
f 1372 1407 1399
f 1372 1399 1391
f 1372 1391 1390
f 1372 1390 1387
f 1372 1387 1380
f 1372 1380 1373
f 1373 1380 1375
f 1373 1375 1374
f 1375 1381 1376
f 1375 1380 1382
f 1375 1382 1381
f 1377 1383 1384
f 1377 1384 1385
f 1377 1385 1378
f 1378 1385 1386
f 1380 1387 1382
f 1381 1388 1389
f 1381 1382 1388
f 1382 1387 1390
f 1382 1390 1391
f 1382 1391 1388
f 1383 1392 1393
f 1383 1393 1394
f 1383 1394 1386
f 1383 1386 1395
f 1383 1395 1384
f 1384 1395 1385
f 1385 1395 1386
f 1388 1396 1397
f 1388 1397 1398
f 1388 1398 1389
f 1388 1391 1399
f 1388 1399 1396
f 1392 1400 1393
f 1393 1400 1401
f 1393 1401 1402
f 1393 1402 1394
f 1396 1403 1404
f 1396 1404 1405
f 1396 1405 1406
f 1396 1406 1397
f 1396 1399 1407
f 1396 1407 1403
f 1397 1406 1408
f 1397 1408 1409
f 1397 1409 1398
f 1400 1410 1411
f 1400 1411 1401
f 1401 1411 1412
f 1403 1413 1404
f 1403 1407 1413
f 1404 1413 1414
f 1404 1414 1415
f 1404 1415 1405
f 1405 1415 1406
f 1406 1415 1416
f 1406 1416 1408
f 1408 1417 1409
f 1408 1416 1418
f 1408 1418 1419
f 1408 1419 1420
f 1408 1420 1421
f 1408 1421 1422
f 1408 1422 1417
f 1410 1423 1411
f 1411 1423 1424
f 1411 1424 1412
f 1412 1424 1425
f 1421 1426 1427
f 1421 1427 1422
f 1422 1427 1428
f 1423 1429 1430
f 1423 1430 1431
f 1423 1431 1425
f 1423 1425 1424
f 1426 1432 1427
f 1427 1432 1433
f 1427 1433 1428
f 1428 1433 1435
f 1428 1435 1436
f 1428 1436 1437
f 1428 1437 1438
f 1428 1438 1434
f 1429 1439 1440
f 1429 1440 1430
f 1432 1441 1442
f 1432 1442 1435
f 1432 1435 1433
f 1434 1438 1442
f 1434 1442 1443
f 1434 1443 1444
f 1434 1444 1445
f 1434 1445 1446
f 1435 1442 1436
f 1436 1442 1437
f 1437 1442 1438
f 1439 1447 1448
f 1439 1448 1440
f 1440 1448 1449
f 1440 1449 1450
f 1441 1451 1442
f 1442 1451 1443
f 1443 1451 1444
f 1444 1451 1445
f 1445 1451 1452
f 1445 1452 1453
f 1445 1453 1446
f 1447 1454 1448
f 1448 1454 1450
f 1448 1450 1449
f 1450 1454 1455
f 1450 1455 1456
f 1450 1456 1457
f 1451 1458 1452
f 1452 1458 1459
f 1452 1459 1460
f 1456 1461 1462
f 1456 1462 1457
f 1457 1462 1463
f 1457 1463 1464
f 1458 1465 1459
f 1459 1465 1460
f 1460 1465 1467
f 1460 1467 1466
f 1461 1463 1462
f 1461 1468 1469
f 1461 1469 1463
f 1463 1469 1464
f 1465 1470 1467
f 1466 1467 1471
f 1467 1470 1472
f 1467 1472 1473
f 1467 1473 1471
f 1468 1474 1469
f 1469 1474 1475
f 1469 1475 1476
f 1472 1477 1478
f 1472 1478 1479
f 1472 1479 1473
f 1472 1480 1477
f 1474 1481 1475
f 1475 1481 1482
f 1475 1482 1476
f 1476 1482 1483
f 1477 1480 1478
f 1478 1484 1479
f 1478 1480 1485
f 1478 1485 1483
f 1478 1483 1484
f 1481 1483 1482
f 1481 1484 1483

o geometry_14
v 0.00614894 0.00163953 -0.01988940 0.69411765 0.05882353 0.66666667
v 0.00960378 -0.00183453 -0.01567521 0.69411765 0.05882353 0.66666667
v 0.00960378 -0.00165233 -0.01988940 0.69411765 0.05882353 0.66666667
v -0.00160340 0.00163953 -0.01988940 0.69411765 0.05882353 0.66666667
v 0.00379826 0.00163953 -0.01588850 0.69411765 0.05882353 0.66666667
v 0.00960378 -0.00857604 -0.01567521 0.69411765 0.05882353 0.66666667
v 0.00367140 0.00163953 -0.01567521 0.69411765 0.05882353 0.66666667
v 0.00960378 -0.00875824 -0.01988940 0.69411765 0.05882353 0.66666667
v -0.00169531 0.00095042 -0.01988940 0.69411765 0.05882353 0.66666667
v -0.00183252 0.00126393 -0.01952635 0.69411765 0.05882353 0.66666667
v -0.00180145 0.00163953 -0.01945663 0.69411765 0.05882353 0.66666667
v 0.00960378 -0.00872058 -0.01897560 0.69411765 0.05882353 0.66666667
v 0.00657222 -0.00823911 -0.01567521 0.69411765 0.05882353 0.66666667
v -0.00350233 0.00163953 -0.01567521 0.69411765 0.05882353 0.66666667
v 0.00955200 -0.00875010 -0.01988940 0.69411765 0.05882353 0.66666667
v 0.00545124 -0.00811086 -0.01567521 0.69411765 0.05882353 0.66666667
v -0.00171472 0.00073666 -0.01988940 0.69411765 0.05882353 0.66666667
v -0.00206940 0.00083540 -0.01908162 0.69411765 0.05882353 0.66666667
v -0.00360459 0.00075397 -0.01567521 0.69411765 0.05882353 0.66666667
v 0.00881417 -0.00862591 -0.01988940 0.69411765 0.05882353 0.66666667
v 0.00432768 -0.00788183 -0.01567521 0.69411765 0.05882353 0.66666667
v 0.00769320 -0.00840910 -0.01988940 0.69411765 0.05882353 0.66666667
v -0.00173414 0.00006282 -0.01988940 0.69411765 0.05882353 0.66666667
v -0.00186488 0.00051680 -0.01959731 0.69411765 0.05882353 0.66666667
v -0.00362012 -0.00036775 -0.01567521 0.69411765 0.05882353 0.66666667
v 0.00657222 -0.00814649 -0.01988940 0.69411765 0.05882353 0.66666667
v 0.00360280 -0.00770370 -0.01567521 0.69411765 0.05882353 0.66666667
v -0.00173802 -0.00036775 -0.01988940 0.69411765 0.05882353 0.66666667
v -0.00186876 -0.00036775 -0.01960597 0.69411765 0.05882353 0.66666667
v -0.00215095 -0.00036775 -0.01897560 0.69411765 0.05882353 0.66666667
v -0.00349974 -0.00148845 -0.01567521 0.69411765 0.05882353 0.66666667
v -0.00185064 -0.00102633 -0.01956761 0.69411765 0.05882353 0.66666667
v 0.00540723 -0.00780040 -0.01988940 0.69411765 0.05882353 0.66666667
v 0.00309538 -0.00754898 -0.01567521 0.69411765 0.05882353 0.66666667
v -0.00166295 -0.00132864 -0.01988940 0.69411765 0.05882353 0.66666667
v -0.00348421 -0.00155665 -0.01567521 0.69411765 0.05882353 0.66666667
v -0.00179498 -0.00177346 -0.01943889 0.69411765 0.05882353 0.66666667
v 0.00527261 -0.00775765 -0.01988940 0.69411765 0.05882353 0.66666667
v 0.00304490 -0.00753270 -0.01567521 0.69411765 0.05882353 0.66666667
v -0.00163576 -0.00150372 -0.01988940 0.69411765 0.05882353 0.66666667
v -0.00302598 -0.00225085 -0.01632374 0.69411765 0.05882353 0.66666667
v -0.00320461 -0.00260203 -0.01567521 0.69411765 0.05882353 0.66666667
v -0.00145195 -0.00234654 -0.01988940 0.69411765 0.05882353 0.66666667
v 0.00454903 -0.00748893 -0.01988940 0.69411765 0.05882353 0.66666667
v 0.00208831 -0.00718661 -0.01567521 0.69411765 0.05882353 0.66666667
v -0.00137429 -0.00262849 -0.01988940 0.69411765 0.05882353 0.66666667
v -0.00318778 -0.00264885 -0.01567521 0.69411765 0.05882353 0.66666667
v 0.00441570 -0.00743803 -0.01988940 0.69411765 0.05882353 0.66666667
v 0.00099193 -0.00670820 -0.01567521 0.69411765 0.05882353 0.66666667
v 0.00208831 -0.00700746 -0.01673340 0.69411765 0.05882353 0.66666667
v -0.00182604 -0.00314354 -0.01839143 0.69411765 0.05882353 0.66666667
v -0.00107010 -0.00336443 -0.01988940 0.69411765 0.05882353 0.66666667
v -0.00289524 -0.00299900 -0.01603949 0.69411765 0.05882353 0.66666667
v -0.00266613 -0.00366878 -0.01567521 0.69411765 0.05882353 0.66666667
v 0.00312904 -0.00688837 -0.01988940 0.69411765 0.05882353 0.66666667
v 0.00076541 -0.00659115 -0.01567521 0.69411765 0.05882353 0.66666667
v 0.00145922 -0.00657181 -0.01747103 0.69411765 0.05882353 0.66666667
v 0.00251806 -0.00660031 -0.01988362 0.69411765 0.05882353 0.66666667
v -0.00096266 -0.00358633 -0.01988940 0.69411765 0.05882353 0.66666667
v -0.00263118 -0.00372680 -0.01567521 0.69411765 0.05882353 0.66666667
v -0.00084228 -0.00379398 -0.01988940 0.69411765 0.05882353 0.66666667
v -0.00070766 -0.00428053 -0.01951810 0.69411765 0.05882353 0.66666667
v 0.00251030 -0.00659522 -0.01988940 0.69411765 0.05882353 0.66666667
v 0.00023469 -0.00628782 -0.01567521 0.69411765 0.05882353 0.66666667
v 0.00055959 -0.00644864 -0.01584353 0.69411765 0.05882353 0.66666667
v 0.00161196 -0.00649038 -0.01821816 0.69411765 0.05882353 0.66666667
v -0.00261176 -0.00375530 -0.01567521 0.69411765 0.05882353 0.66666667
v -0.00062611 -0.00415329 -0.01988940 0.69411765 0.05882353 0.66666667
v -0.00026626 -0.00455740 -0.01988940 0.69411765 0.05882353 0.66666667
v -0.00085263 -0.00444848 -0.01877056 0.69411765 0.05882353 0.66666667
v -0.00204092 -0.00450345 -0.01567521 0.69411765 0.05882353 0.66666667
v 0.00203524 -0.00633973 -0.01988940 0.69411765 0.05882353 0.66666667
v 0.00124305 -0.00583689 -0.01988940 0.69411765 0.05882353 0.66666667
v -0.00007209 -0.00609136 -0.01567521 0.69411765 0.05882353 0.66666667
v -0.00006044 -0.00475589 -0.01988940 0.69411765 0.05882353 0.66666667
v 0.00052076 -0.00531064 -0.01988940 0.69411765 0.05882353 0.66666667
v -0.00044748 -0.00518645 -0.01785429 0.69411765 0.05882353 0.66666667
v -0.00145325 -0.00506533 -0.01567521 0.69411765 0.05882353 0.66666667
v 0.00107348 -0.00572797 -0.01988940 0.69411765 0.05882353 0.66666667
v -0.00089147 -0.00554170 -0.01567521 0.69411765 0.05882353 0.66666667
v 0.00090003 -0.00560379 -0.01988940 0.69411765 0.05882353 0.66666667
v 0.00043662 -0.00538800 -0.01946076 0.69411765 0.05882353 0.66666667
v -0.00061057 -0.00532692 -0.01703415 0.69411765 0.05882353 0.66666667
v -0.00139888 -0.00511418 -0.01567521 0.69411765 0.05882353 0.66666667
v 0.00028388 -0.00550200 -0.01871322 0.69411765 0.05882353 0.66666667
f 1486 1487 1488
f 1486 1488 1493
f 1486 1493 1500
f 1486 1500 1505
f 1486 1505 1507
f 1486 1507 1511
f 1486 1511 1518
f 1486 1518 1523
f 1486 1523 1529
f 1486 1529 1533
f 1486 1533 1540
f 1486 1540 1548
f 1486 1548 1557
f 1486 1557 1558
f 1486 1558 1564
f 1486 1564 1566
f 1486 1566 1561
f 1486 1561 1560
f 1486 1560 1554
f 1486 1554 1553
f 1486 1553 1546
f 1486 1546 1544
f 1486 1544 1537
f 1486 1537 1531
f 1486 1531 1528
f 1486 1528 1525
f 1486 1525 1520
f 1486 1520 1513
f 1486 1513 1508
f 1486 1508 1502
f 1486 1502 1494
f 1486 1494 1489
f 1486 1489 1496
f 1486 1496 1499
f 1486 1499 1492
f 1486 1492 1490
f 1486 1490 1487
f 1487 1491 1497
f 1487 1497 1493
f 1487 1493 1488
f 1487 1490 1492
f 1487 1492 1499
f 1487 1499 1504
f 1487 1504 1510
f 1487 1510 1516
f 1487 1516 1521
f 1487 1521 1527
f 1487 1527 1532
f 1487 1532 1539
f 1487 1539 1545
f 1487 1545 1552
f 1487 1552 1556
f 1487 1556 1563
f 1487 1563 1569
f 1487 1569 1565
f 1487 1565 1559
f 1487 1559 1549
f 1487 1549 1541
f 1487 1541 1534
f 1487 1534 1530
f 1487 1530 1524
f 1487 1524 1519
f 1487 1519 1512
f 1487 1512 1506
f 1487 1506 1501
f 1487 1501 1498
f 1487 1498 1491
f 1489 1494 1495
f 1489 1495 1496
f 1491 1498 1497
f 1493 1497 1498
f 1493 1498 1501
f 1493 1501 1500
f 1494 1502 1495
f 1495 1502 1503
f 1495 1503 1504
f 1495 1504 1499
f 1495 1499 1496
f 1500 1501 1505
f 1501 1506 1507
f 1501 1507 1505
f 1502 1508 1509
f 1502 1509 1503
f 1503 1509 1504
f 1504 1509 1510
f 1506 1511 1507
f 1506 1512 1511
f 1508 1513 1509
f 1509 1513 1514
f 1509 1514 1515
f 1509 1515 1510
f 1510 1515 1517
f 1510 1517 1516
f 1511 1512 1518
f 1512 1519 1518
f 1513 1517 1514
f 1513 1520 1517
f 1514 1517 1515
f 1516 1517 1522
f 1516 1522 1521
f 1517 1520 1522
f 1518 1519 1523
f 1519 1524 1523
f 1520 1525 1522
f 1521 1526 1527
f 1521 1522 1526
f 1522 1525 1528
f 1522 1528 1526
f 1523 1524 1530
f 1523 1530 1529
f 1526 1528 1531
f 1526 1531 1527
f 1527 1531 1532
f 1529 1530 1533
f 1530 1534 1535
f 1530 1535 1533
f 1531 1536 1532
f 1531 1537 1536
f 1532 1538 1539
f 1532 1536 1538
f 1533 1535 1540
f 1534 1541 1542
f 1534 1542 1543
f 1534 1543 1540
f 1534 1540 1535
f 1536 1537 1544
f 1536 1544 1538
f 1538 1544 1539
f 1539 1544 1546
f 1539 1546 1547
f 1539 1547 1545
f 1540 1543 1548
f 1541 1549 1550
f 1541 1550 1542
f 1542 1551 1548
f 1542 1548 1543
f 1542 1550 1551
f 1545 1547 1552
f 1546 1553 1547
f 1547 1553 1554
f 1547 1554 1555
f 1547 1555 1556
f 1547 1556 1552
f 1548 1551 1557
f 1549 1558 1557
f 1549 1557 1550
f 1549 1559 1558
f 1550 1557 1551
f 1554 1560 1555
f 1555 1560 1561
f 1555 1561 1562
f 1555 1562 1563
f 1555 1563 1556
f 1558 1559 1564
f 1559 1565 1564
f 1561 1566 1567
f 1561 1567 1562
f 1562 1567 1568
f 1562 1568 1569
f 1562 1569 1563
f 1564 1565 1566
f 1565 1568 1567
f 1565 1567 1570
f 1565 1570 1566
f 1565 1569 1568
f 1566 1570 1567

o geometry_15
v 0.01838449 -0.00129971 -0.01988981 0.67058824 0.20784314 0.12549020
v 0.01838449 -0.00129971 -0.02763305 0.67058824 0.20784314 0.12549020
v 0.01334779 -0.00129971 -0.01988981 0.67058824 0.20784314 0.12549020
v 0.01838449 -0.00918521 -0.01988981 0.67058824 0.20784314 0.12549020
v 0.01692028 -0.00129971 -0.02763305 0.67058824 0.20784314 0.12549020
v 0.01838449 -0.01092896 -0.02763305 0.67058824 0.20784314 0.12549020
v 0.01334631 -0.00129971 -0.01994286 0.67058824 0.20784314 0.12549020
v 0.01334631 -0.00130914 -0.01988981 0.67058824 0.20784314 0.12549020
v 0.01778578 -0.00928795 -0.01988981 0.67058824 0.20784314 0.12549020
v 0.01838449 -0.00924271 -0.02009749 0.67058824 0.20784314 0.12549020
v 0.01601285 -0.00129971 -0.02570330 0.67058824 0.20784314 0.12549020
v 0.01334631 -0.00196894 -0.02763305 0.67058824 0.20784314 0.12549020
v 0.01334631 -0.00177477 -0.02574878 0.67058824 0.20784314 0.12549020
v 0.01838449 -0.01076118 -0.02682431 0.67058824 0.20784314 0.12549020
v 0.01666433 -0.00939823 -0.01988981 0.67058824 0.20784314 0.12549020
v 0.01554336 -0.00942840 -0.01988981 0.67058824 0.20784314 0.12549020
v 0.01442239 -0.00937844 -0.01988981 0.67058824 0.20784314 0.12549020
v 0.01773351 -0.01088560 -0.02763305 0.67058824 0.20784314 0.12549020
v 0.01334631 -0.00129971 -0.01998455 0.67058824 0.20784314 0.12549020
v 0.01334631 -0.00927947 -0.01988981 0.67058824 0.20784314 0.12549020
v 0.01778578 -0.00933414 -0.02009749 0.67058824 0.20784314 0.12549020
v 0.01838449 -0.00950569 -0.02121850 0.67058824 0.20784314 0.12549020
v 0.01337047 -0.00129971 -0.02003836 0.67058824 0.20784314 0.12549020
v 0.01334631 -0.00998734 -0.02763305 0.67058824 0.20784314 0.12549020
v 0.01666433 -0.01073856 -0.02763305 0.67058824 0.20784314 0.12549020
v 0.01334631 -0.00981014 -0.02559870 0.67058824 0.20784314 0.12549020
v 0.01442239 -0.01025974 -0.02763305 0.67058824 0.20784314 0.12549020
v 0.01554336 -0.01051894 -0.02763305 0.67058824 0.20784314 0.12549020
v 0.01356675 -0.00997508 -0.02682431 0.67058824 0.20784314 0.12549020
v 0.01334631 -0.00991759 -0.02682431 0.67058824 0.20784314 0.12549020
v 0.01334631 -0.00981862 -0.02569042 0.67058824 0.20784314 0.12549020
f 1571 1572 1575
f 1571 1575 1581
f 1571 1581 1593
f 1571 1593 1589
f 1571 1589 1577
f 1571 1577 1573
f 1571 1573 1578
f 1571 1578 1590
f 1571 1590 1587
f 1571 1587 1586
f 1571 1586 1585
f 1571 1585 1579
f 1571 1579 1574
f 1571 1574 1580
f 1571 1580 1592
f 1571 1592 1584
f 1571 1584 1576
f 1571 1576 1572
f 1572 1576 1588
f 1572 1588 1595
f 1572 1595 1598
f 1572 1598 1597
f 1572 1597 1594
f 1572 1594 1582
f 1572 1582 1575
f 1573 1577 1578
f 1574 1579 1580
f 1575 1582 1583
f 1575 1583 1581
f 1576 1584 1585
f 1576 1585 1586
f 1576 1586 1587
f 1576 1587 1588
f 1577 1589 1583
f 1577 1583 1582
f 1577 1582 1594
f 1577 1594 1600
f 1577 1600 1601
f 1577 1601 1596
f 1577 1596 1590
f 1577 1590 1578
f 1579 1591 1584
f 1579 1584 1592
f 1579 1592 1580
f 1579 1585 1591
f 1581 1583 1593
f 1583 1589 1593
f 1584 1591 1585
f 1587 1590 1588
f 1588 1590 1595
f 1590 1596 1597
f 1590 1597 1598
f 1590 1598 1595
f 1594 1597 1599
f 1594 1599 1600
f 1596 1601 1597
f 1597 1601 1599
f 1599 1601 1600

o geometry_16
v 0.01334631 -0.00109099 -0.01988981 0.31372549 0.36078431 0.56862745
v 0.01334631 -0.00196830 -0.02763305 0.31372549 0.36078431 0.56862745
v 0.01069994 -0.00028774 -0.02763305 0.31372549 0.36078431 0.56862745
v 0.01069994 -0.00102073 -0.02330893 0.31372549 0.36078431 0.56862745
v 0.01069994 -0.00120683 -0.02233799 0.31372549 0.36078431 0.56862745
v 0.01069994 -0.00179550 -0.01988981 0.31372549 0.36078431 0.56862745
v 0.01334631 -0.00927922 -0.01988981 0.31372549 0.36078431 0.56862745
v 0.01334631 -0.00998753 -0.02763305 0.31372549 0.36078431 0.56862745
v 0.01069994 -0.00916814 -0.02763305 0.31372549 0.36078431 0.56862745
v 0.01069994 -0.00892602 -0.01988981 0.31372549 0.36078431 0.56862745
v 0.01330046 -0.00927638 -0.01988981 0.31372549 0.36078431 0.56862745
v 0.01334631 -0.00981852 -0.02569042 0.31372549 0.36078431 0.56862745
v 0.01334631 -0.00991822 -0.02682431 0.31372549 0.36078431 0.56862745
v 0.01105819 -0.00898109 -0.01988981 0.31372549 0.36078431 0.56862745
v 0.01069994 -0.00893647 -0.02009749 0.31372549 0.36078431 0.56862745
v 0.01329035 -0.00997234 -0.02763305 0.31372549 0.36078431 0.56862745
v 0.01105819 -0.00929821 -0.02763305 0.31372549 0.36078431 0.56862745
v 0.01069994 -0.00915769 -0.02682431 0.31372549 0.36078431 0.56862745
v 0.01217933 -0.00914155 -0.01988981 0.31372549 0.36078431 0.56862745
v 0.01069994 -0.00898109 -0.02121850 0.31372549 0.36078431 0.56862745
v 0.01288625 -0.00985840 -0.02763305 0.31372549 0.36078431 0.56862745
v 0.01105819 -0.00927448 -0.02682431 0.31372549 0.36078431 0.56862745
v 0.01069994 -0.00912731 -0.02570330 0.31372549 0.36078431 0.56862745
v 0.01217933 -0.00965521 -0.02763305 0.31372549 0.36078431 0.56862745
v 0.01069994 -0.00901907 -0.02234027 0.31372549 0.36078431 0.56862745
v 0.01069994 -0.00909123 -0.02458153 0.31372549 0.36078431 0.56862745
f 1602 1603 1604
f 1602 1604 1605
f 1602 1605 1606
f 1602 1606 1607
f 1602 1607 1611
f 1602 1611 1615
f 1602 1615 1620
f 1602 1620 1612
f 1602 1612 1608
f 1602 1608 1613
f 1602 1613 1614
f 1602 1614 1609
f 1602 1609 1603
f 1603 1609 1617
f 1603 1617 1622
f 1603 1622 1625
f 1603 1625 1618
f 1603 1618 1610
f 1603 1610 1604
f 1604 1610 1619
f 1604 1619 1624
f 1604 1624 1627
f 1604 1627 1626
f 1604 1626 1621
f 1604 1621 1616
f 1604 1616 1611
f 1604 1611 1607
f 1604 1607 1606
f 1604 1606 1605
f 1608 1612 1613
f 1609 1614 1615
f 1609 1615 1611
f 1609 1611 1616
f 1609 1616 1617
f 1610 1618 1619
f 1612 1620 1613
f 1613 1620 1614
f 1614 1620 1615
f 1616 1621 1622
f 1616 1622 1617
f 1618 1623 1624
f 1618 1624 1619
f 1618 1625 1623
f 1621 1626 1625
f 1621 1625 1622
f 1623 1625 1624
f 1624 1625 1627
f 1625 1626 1627

o geometry_17
v -0.00020706 -0.00036583 -0.02343789 0.43529412 0.98823529 0.10196078
v 0.00143834 -0.00130388 -0.02763264 0.43529412 0.98823529 0.10196078
v 0.00144367 -0.00148622 -0.02761539 0.43529412 0.98823529 0.10196078
v -0.00012911 -0.00145766 -0.02343789 0.43529412 0.98823529 0.10196078
v -0.00020706 -0.00033728 -0.02343789 0.43529412 0.98823529 0.10196078
v 0.00137747 -0.00036583 -0.02763264 0.43529412 0.98823529 0.10196078
v 0.00145115 -0.00148622 -0.02763264 0.43529412 0.98823529 0.10196078
v -0.00011737 -0.00148622 -0.02346089 0.43529412 0.98823529 0.10196078
v 0.00149706 -0.00216723 -0.02746386 0.43529412 0.98823529 0.10196078
v -0.00012591 -0.00148622 -0.02343789 0.43529412 0.98823529 0.10196078
v -0.00017716 0.00075455 -0.02343789 0.43529412 0.98823529 0.10196078
v 0.00137747 0.00075455 -0.02763264 0.43529412 0.98823529 0.10196078
v 0.00160277 -0.00232980 -0.02763264 0.43529412 0.98823529 0.10196078
v 0.00032895 -0.00237373 -0.02422592 0.43529412 0.98823529 0.10196078
v 0.00135932 -0.00256705 -0.02683516 0.43529412 0.98823529 0.10196078
v 0.00009405 -0.00267689 -0.02343789 0.43529412 0.98823529 0.10196078
v 0.00007269 -0.00256266 -0.02343789 0.43529412 0.98823529 0.10196078
v 0.00138495 0.00087098 -0.02763264 0.43529412 0.98823529 0.10196078
v -0.00005971 0.00187713 -0.02343789 0.43529412 0.98823529 0.10196078
v 0.00145649 0.00187713 -0.02763264 0.43529412 0.98823529 0.10196078
v 0.00169673 -0.00269667 -0.02763264 0.43529412 0.98823529 0.10196078
v 0.00041757 -0.00312065 -0.02399144 0.43529412 0.98823529 0.10196078
v 0.00019335 -0.00296468 -0.02343789 0.43529412 0.98823529 0.10196078
v 0.00014637 0.00303046 -0.02343789 0.43529412 0.98823529 0.10196078
v 0.00150347 0.00254935 -0.02745524 0.43529412 0.98823529 0.10196078
v 0.00153764 0.00238240 -0.02763264 0.43529412 0.98823529 0.10196078
v 0.00193697 -0.00337988 -0.02763264 0.43529412 0.98823529 0.10196078
v 0.00159423 -0.00291415 -0.02721624 0.43529412 0.98823529 0.10196078
v 0.00144795 -0.00334253 -0.02646887 0.43529412 0.98823529 0.10196078
v 0.00132409 -0.00372258 -0.02565004 0.43529412 0.98823529 0.10196078
v 0.00046776 -0.00363691 -0.02343789 0.43529412 0.98823529 0.10196078
v 0.00033536 0.00377079 -0.02343789 0.43529412 0.98823529 0.10196078
v 0.00043359 0.00343248 -0.02395038 0.43529412 0.98823529 0.10196078
v 0.00158248 0.00329847 -0.02722856 0.43529412 0.98823529 0.10196078
v 0.00167644 0.00308099 -0.02763264 0.43529412 0.98823529 0.10196078
v 0.00164868 0.00295357 -0.02763264 0.43529412 0.98823529 0.10196078
v 0.00160063 0.00272071 -0.02763264 0.43529412 0.98823529 0.10196078
v 0.00207791 -0.00372698 -0.02763264 0.43529412 0.98823529 0.10196078
v 0.00163480 -0.00408945 -0.02598841 0.43529412 0.98823529 0.10196078
v 0.00149065 -0.00433550 -0.02524104 0.43529412 0.98823529 0.10196078
v 0.00057026 -0.00382364 -0.02343789 0.43529412 0.98823529 0.10196078
v 0.00044854 0.00414205 -0.02343789 0.43529412 0.98823529 0.10196078
v 0.00194017 0.00413107 -0.02763264 0.43529412 0.98823529 0.10196078
v 0.00233417 -0.00421907 -0.02763264 0.43529412 0.98823529 0.10196078
v 0.00249647 -0.00448049 -0.02763264 0.43529412 0.98823529 0.10196078
v 0.00298443 -0.00504068 -0.02763264 0.43529412 0.98823529 0.10196078
v 0.00284562 -0.00520764 -0.02682449 0.43529412 0.98823529 0.10196078
v 0.00137641 -0.00446950 -0.02458236 0.43529412 0.98823529 0.10196078
v 0.00115965 -0.00466063 -0.02343789 0.43529412 0.98823529 0.10196078
v 0.00047523 0.00422773 -0.02343789 0.43529412 0.98823529 0.10196078
v 0.00155899 0.00457043 -0.02617238 0.43529412 0.98823529 0.10196078
v 0.00230961 0.00526024 -0.02763264 0.43529412 0.98823529 0.10196078
v 0.00338803 -0.00546247 -0.02763264 0.43529412 0.98823529 0.10196078
v 0.00271429 -0.00534824 -0.02607999 0.43529412 0.98823529 0.10196078
v 0.00117674 -0.00468040 -0.02343789 0.43529412 0.98823529 0.10196078
v 0.00049552 0.00429144 -0.02343789 0.43529412 0.98823529 0.10196078
v 0.00084360 0.00524047 -0.02343789 0.43529412 0.98823529 0.10196078
v 0.00256480 0.00592148 -0.02763264 0.43529412 0.98823529 0.10196078
v 0.00354499 -0.00560307 -0.02763264 0.43529412 0.98823529 0.10196078
v 0.00258509 -0.00546686 -0.02533261 0.43529412 0.98823529 0.10196078
v 0.00171275 -0.00523839 -0.02346089 0.43529412 0.98823529 0.10196078
v 0.00170847 -0.00524059 -0.02343789 0.43529412 0.98823529 0.10196078
v 0.00085321 0.00526243 -0.02343789 0.43529412 0.98823529 0.10196078
v 0.00157074 0.00568862 -0.02501723 0.43529412 0.98823529 0.10196078
v 0.00257441 0.00596542 -0.02761005 0.43529412 0.98823529 0.10196078
v 0.00257869 0.00595663 -0.02763264 0.43529412 0.98823529 0.10196078
v 0.00435648 -0.00620719 -0.02763264 0.43529412 0.98823529 0.10196078
v 0.00340619 -0.00570632 -0.02682449 0.43529412 0.98823529 0.10196078
v 0.00246230 -0.00556572 -0.02458236 0.43529412 0.98823529 0.10196078
v 0.00225196 -0.00568435 -0.02343789 0.43529412 0.98823529 0.10196078
v 0.00132943 0.00633888 -0.02343789 0.43529412 0.98823529 0.10196078
v 0.00144474 0.00597201 -0.02426986 0.43529412 0.98823529 0.10196078
v 0.00275059 0.00634767 -0.02763264 0.43529412 0.98823529 0.10196078
v 0.00259257 0.00598958 -0.02763264 0.43529412 0.98823529 0.10196078
v 0.00475261 -0.00647081 -0.02763264 0.43529412 0.98823529 0.10196078
v 0.00485084 -0.00655649 -0.02754476 0.43529412 0.98823529 0.10196078
v 0.00418671 -0.00626871 -0.02682449 0.43529412 0.98823529 0.10196078
v 0.00228719 -0.00570852 -0.02343789 0.43529412 0.98823529 0.10196078
v 0.00135185 0.00638501 -0.02343789 0.43529412 0.98823529 0.10196078
v 0.00330475 0.00751638 -0.02763264 0.43529412 0.98823529 0.10196078
v 0.00281359 0.00648607 -0.02763264 0.43529412 0.98823529 0.10196078
v 0.00497150 -0.00660702 -0.02763264 0.43529412 0.98823529 0.10196078
v 0.00457750 -0.00669928 -0.02570343 0.43529412 0.98823529 0.10196078
v 0.00385250 -0.00648839 -0.02458236 0.43529412 0.98823529 0.10196078
v 0.00401694 -0.00638953 -0.02570343 0.43529412 0.98823529 0.10196078
v 0.00322574 -0.00631484 -0.02343789 0.43529412 0.98823529 0.10196078
v 0.00157074 0.00682877 -0.02343789 0.43529412 0.98823529 0.10196078
v 0.00367099 0.00820398 -0.02763264 0.43529412 0.98823529 0.10196078
v 0.00539432 -0.00683109 -0.02763264 0.43529412 0.98823529 0.10196078
v 0.00658272 -0.00743961 -0.02763264 0.43529412 0.98823529 0.10196078
v 0.00441307 -0.00678057 -0.02458236 0.43529412 0.98823529 0.10196078
v 0.00377242 -0.00653232 -0.02401321 0.43529412 0.98823529 0.10196078
v 0.00343181 -0.00642907 -0.02343789 0.43529412 0.98823529 0.10196078
v 0.00187825 0.00738237 -0.02343789 0.43529412 0.98823529 0.10196078
v 0.00245269 0.00832481 -0.02343789 0.43529412 0.98823529 0.10196078
v 0.00386532 0.00851813 -0.02763264 0.43529412 0.98823529 0.10196078
v 0.00189426 0.00741093 -0.02343789 0.43529412 0.98823529 0.10196078
v 0.00220818 0.00792499 -0.02343789 0.43529412 0.98823529 0.10196078
v 0.00706321 -0.00767467 -0.02763264 0.43529412 0.98823529 0.10196078
v 0.00423155 -0.00684867 -0.02343789 0.43529412 0.98823529 0.10196078
v 0.00398063 -0.00672345 -0.02343789 0.43529412 0.98823529 0.10196078
v 0.00284135 0.00887402 -0.02343789 0.43529412 0.98823529 0.10196078
v 0.00459458 0.00961654 -0.02763264 0.43529412 0.98823529 0.10196078
v 0.00398063 0.00869827 -0.02763264 0.43529412 0.98823529 0.10196078
v 0.00707709 -0.00768126 -0.02763264 0.43529412 0.98823529 0.10196078
v 0.00552993 -0.00745279 -0.02347567 0.43529412 0.98823529 0.10196078
v 0.00552245 -0.00745279 -0.02343789 0.43529412 0.98823529 0.10196078
v 0.00340939 0.00958579 -0.02343789 0.43529412 0.98823529 0.10196078
v 0.00341366 0.00958359 -0.02346089 0.43529412 0.98823529 0.10196078
v 0.00498538 0.01015696 -0.02763264 0.43529412 0.98823529 0.10196078
v 0.00488394 0.01002076 -0.02763264 0.43529412 0.98823529 0.10196078
v 0.00762484 -0.00792951 -0.02763264 0.43529412 0.98823529 0.10196078
v 0.00881537 -0.00845235 -0.02763264 0.43529412 0.98823529 0.10196078
v 0.00948698 -0.00873354 -0.02763264 0.43529412 0.98823529 0.10196078
v 0.00557477 -0.00747476 -0.02343789 0.43529412 0.98823529 0.10196078
v 0.00387279 0.01013499 -0.02343789 0.43529412 0.98823529 0.10196078
v 0.00558225 0.01087752 -0.02763264 0.43529412 0.98823529 0.10196078
v 0.00989059 -0.00888732 -0.02763264 0.43529412 0.98823529 0.10196078
v 0.00643217 -0.00782186 -0.02343789 0.43529412 0.98823529 0.10196078
v 0.00605632 -0.00763733 -0.02385921 0.43529412 0.98823529 0.10196078
v 0.00389628 0.01016136 -0.02343789 0.43529412 0.98823529 0.10196078
v 0.00602109 0.01139377 -0.02763264 0.43529412 0.98823529 0.10196078
v 0.01069887 -0.00916852 -0.02763264 0.43529412 0.98823529 0.10196078
v 0.00769318 -0.00827001 -0.02343789 0.43529412 0.98823529 0.10196078
v 0.00648983 -0.00784383 -0.02343789 0.43529412 0.98823529 0.10196078
v 0.00444403 0.01076768 -0.02343789 0.43529412 0.98823529 0.10196078
v 0.00495869 0.01131469 -0.02343789 0.43529412 0.98823529 0.10196078
v 0.00629123 0.01167717 -0.02763264 0.43529412 0.98823529 0.10196078
v 0.01069887 -0.00915753 -0.02682449 0.43529412 0.98823529 0.10196078
v 0.00940477 -0.00876869 -0.02343789 0.43529412 0.98823529 0.10196078
v 0.00881537 -0.00861052 -0.02343789 0.43529412 0.98823529 0.10196078
v 0.01069887 0.00745706 -0.02763264 0.43529412 0.98823529 0.10196078
v 0.00497150 0.01132787 -0.02343789 0.43529412 0.98823529 0.10196078
v 0.00497470 0.01132567 -0.02346089 0.43529412 0.98823529 0.10196078
v 0.00646100 0.01185511 -0.02763264 0.43529412 0.98823529 0.10196078
v 0.01069887 -0.00912678 -0.02570343 0.43529412 0.98823529 0.10196078
v 0.00995359 -0.00889171 -0.02343789 0.43529412 0.98823529 0.10196078
v 0.00972402 0.01285027 -0.02763264 0.43529412 0.98823529 0.10196078
v 0.01069887 0.00821057 -0.02352988 0.43529412 0.98823529 0.10196078
v 0.00553206 0.01183094 -0.02343789 0.43529412 0.98823529 0.10196078
v 0.00711339 0.01254491 -0.02749671 0.43529412 0.98823529 0.10196078
v 0.00712727 0.01253173 -0.02763264 0.43529412 0.98823529 0.10196078
v 0.01069887 -0.00909163 -0.02458236 0.43529412 0.98823529 0.10196078
v 0.01069887 -0.00905428 -0.02346089 0.43529412 0.98823529 0.10196078
v 0.01069887 -0.00905208 -0.02343789 0.43529412 0.98823529 0.10196078
v 0.00947097 0.01296231 -0.02763264 0.43529412 0.98823529 0.10196078
v 0.00972296 0.01287444 -0.02682449 0.43529412 0.98823529 0.10196078
v 0.01069887 0.00822156 -0.02343789 0.43529412 0.98823529 0.10196078
v 0.00615349 0.01238015 -0.02343789 0.43529412 0.98823529 0.10196078
v 0.00728209 0.01263059 -0.02763264 0.43529412 0.98823529 0.10196078
v 0.00616630 0.01239113 -0.02343789 0.43529412 0.98823529 0.10196078
v 0.00705253 0.01259544 -0.02682449 0.43529412 0.98823529 0.10196078
v 0.00769318 0.01299306 -0.02682449 0.43529412 0.98823529 0.10196078
v 0.00763445 0.01284807 -0.02763264 0.43529412 0.98823529 0.10196078
v 0.00881537 0.01319737 -0.02763264 0.43529412 0.98823529 0.10196078
v 0.00881537 0.01327426 -0.02682449 0.43529412 0.98823529 0.10196078
v 0.00960123 0.01276459 -0.02594324 0.43529412 0.98823529 0.10196078
v 0.00892535 0.01192541 -0.02343789 0.43529412 0.98823529 0.10196078
v 0.00672473 0.01283270 -0.02343789 0.43529412 0.98823529 0.10196078
v 0.00769318 0.01307654 -0.02570343 0.43529412 0.98823529 0.10196078
v 0.00850146 0.01311828 -0.02763264 0.43529412 0.98823529 0.10196078
v 0.00769318 0.01305677 -0.02343789 0.43529412 0.98823529 0.10196078
v 0.00840963 0.01275581 -0.02343789 0.43529412 0.98823529 0.10196078
v 0.00842672 0.01274702 -0.02343789 0.43529412 0.98823529 0.10196078
v 0.00843846 0.01273384 -0.02343789 0.43529412 0.98823529 0.10196078
f 1628 1629 1630
f 1628 1630 1631
f 1628 1631 1637
f 1628 1637 1644
f 1628 1644 1643
f 1628 1643 1650
f 1628 1650 1658
f 1628 1658 1668
f 1628 1668 1676
f 1628 1676 1682
f 1628 1682 1689
f 1628 1689 1697
f 1628 1697 1705
f 1628 1705 1713
f 1628 1713 1720
f 1628 1720 1728
f 1628 1728 1727
f 1628 1727 1734
f 1628 1734 1742
f 1628 1742 1746
f 1628 1746 1752
f 1628 1752 1751
f 1628 1751 1758
f 1628 1758 1757
f 1628 1757 1764
f 1628 1764 1772
f 1628 1772 1775
f 1628 1775 1785
f 1628 1785 1792
f 1628 1792 1791
f 1628 1791 1790
f 1628 1790 1789
f 1628 1789 1786
f 1628 1786 1778
f 1628 1778 1776
f 1628 1776 1767
f 1628 1767 1760
f 1628 1760 1754
f 1628 1754 1753
f 1628 1753 1748
f 1628 1748 1743
f 1628 1743 1735
f 1628 1735 1729
f 1628 1729 1722
f 1628 1722 1725
f 1628 1725 1724
f 1628 1724 1721
f 1628 1721 1714
f 1628 1714 1706
f 1628 1706 1698
f 1628 1698 1690
f 1628 1690 1684
f 1628 1684 1683
f 1628 1683 1677
f 1628 1677 1669
f 1628 1669 1659
f 1628 1659 1651
f 1628 1651 1646
f 1628 1646 1638
f 1628 1638 1632
f 1628 1632 1639
f 1628 1639 1633
f 1628 1633 1629
f 1629 1634 1630
f 1629 1633 1639
f 1629 1639 1645
f 1629 1645 1647
f 1629 1647 1653
f 1629 1653 1664
f 1629 1664 1663
f 1629 1663 1662
f 1629 1662 1670
f 1629 1670 1679
f 1629 1679 1685
f 1629 1685 1693
f 1629 1693 1701
f 1629 1701 1700
f 1629 1700 1708
f 1629 1708 1707
f 1629 1707 1715
f 1629 1715 1723
f 1629 1723 1731
f 1629 1731 1730
f 1629 1730 1738
f 1629 1738 1737
f 1629 1737 1744
f 1629 1744 1749
f 1629 1749 1755
f 1629 1755 1762
f 1629 1762 1769
f 1629 1769 1777
f 1629 1777 1781
f 1629 1781 1788
f 1629 1788 1782
f 1629 1782 1773
f 1629 1773 1765
f 1629 1765 1759
f 1629 1759 1750
f 1629 1750 1745
f 1629 1745 1741
f 1629 1741 1740
f 1629 1740 1739
f 1629 1739 1732
f 1629 1732 1726
f 1629 1726 1717
f 1629 1717 1716
f 1629 1716 1709
f 1629 1709 1702
f 1629 1702 1694
f 1629 1694 1686
f 1629 1686 1680
f 1629 1680 1673
f 1629 1673 1672
f 1629 1672 1671
f 1629 1671 1665
f 1629 1665 1654
f 1629 1654 1648
f 1629 1648 1640
f 1629 1640 1634
f 1630 1635 1631
f 1630 1634 1636
f 1630 1636 1635
f 1631 1635 1637
f 1632 1638 1639
f 1634 1640 1636
f 1635 1636 1641
f 1635 1641 1637
f 1636 1640 1642
f 1636 1642 1643
f 1636 1643 1641
f 1637 1641 1644
f 1638 1645 1639
f 1638 1646 1647
f 1638 1647 1645
f 1640 1648 1642
f 1641 1643 1644
f 1642 1648 1649
f 1642 1649 1643
f 1643 1649 1650
f 1646 1651 1652
f 1646 1652 1653
f 1646 1653 1647
f 1648 1654 1655
f 1648 1655 1649
f 1649 1655 1656
f 1649 1656 1657
f 1649 1657 1658
f 1649 1658 1650
f 1651 1659 1660
f 1651 1660 1661
f 1651 1661 1662
f 1651 1662 1663
f 1651 1663 1664
f 1651 1664 1652
f 1652 1664 1653
f 1654 1656 1655
f 1654 1665 1656
f 1656 1665 1657
f 1657 1665 1666
f 1657 1666 1658
f 1658 1666 1667
f 1658 1667 1668
f 1659 1669 1670
f 1659 1670 1660
f 1660 1670 1661
f 1661 1670 1662
f 1665 1671 1666
f 1666 1671 1667
f 1667 1671 1672
f 1667 1672 1673
f 1667 1673 1674
f 1667 1674 1675
f 1667 1675 1668
f 1668 1675 1676
f 1669 1677 1670
f 1670 1677 1678
f 1670 1678 1679
f 1673 1680 1674
f 1674 1680 1681
f 1674 1681 1675
f 1675 1682 1676
f 1675 1681 1682
f 1677 1683 1678
f 1678 1683 1679
f 1679 1683 1684
f 1679 1684 1685
f 1680 1686 1681
f 1681 1686 1687
f 1681 1687 1688
f 1681 1688 1682
f 1682 1688 1689
f 1684 1690 1691
f 1684 1691 1692
f 1684 1692 1693
f 1684 1693 1685
f 1686 1694 1695
f 1686 1695 1687
f 1687 1695 1696
f 1687 1696 1688
f 1688 1696 1697
f 1688 1697 1689
f 1690 1698 1699
f 1690 1699 1691
f 1691 1699 1700
f 1691 1700 1701
f 1691 1701 1692
f 1692 1701 1693
f 1694 1702 1703
f 1694 1703 1704
f 1694 1704 1697
f 1694 1697 1696
f 1694 1696 1695
f 1697 1704 1705
f 1698 1700 1699
f 1698 1706 1707
f 1698 1707 1708
f 1698 1708 1700
f 1702 1709 1703
f 1703 1709 1710
f 1703 1710 1711
f 1703 1711 1712
f 1703 1712 1704
f 1704 1712 1705
f 1705 1712 1713
f 1706 1714 1707
f 1707 1714 1715
f 1709 1716 1710
f 1710 1716 1717
f 1710 1717 1718
f 1710 1718 1719
f 1710 1719 1711
f 1711 1719 1713
f 1711 1713 1712
f 1713 1719 1720
f 1714 1721 1715
f 1715 1722 1723
f 1715 1721 1724
f 1715 1724 1725
f 1715 1725 1722
f 1717 1726 1727
f 1717 1727 1718
f 1718 1727 1728
f 1718 1728 1719
f 1719 1728 1720
f 1722 1729 1730
f 1722 1730 1731
f 1722 1731 1723
f 1726 1732 1727
f 1727 1732 1733
f 1727 1733 1734
f 1729 1735 1736
f 1729 1736 1737
f 1729 1737 1738
f 1729 1738 1730
f 1732 1739 1733
f 1733 1739 1740
f 1733 1740 1741
f 1733 1741 1742
f 1733 1742 1734
f 1735 1743 1744
f 1735 1744 1737
f 1735 1737 1736
f 1741 1745 1752
f 1741 1752 1746
f 1741 1746 1747
f 1741 1747 1742
f 1742 1747 1746
f 1743 1748 1749
f 1743 1749 1744
f 1745 1750 1751
f 1745 1751 1752
f 1748 1753 1749
f 1749 1754 1755
f 1749 1753 1754
f 1750 1756 1757
f 1750 1757 1758
f 1750 1758 1751
f 1750 1759 1766
f 1750 1766 1775
f 1750 1775 1772
f 1750 1772 1771
f 1750 1771 1770
f 1750 1770 1763
f 1750 1763 1756
f 1754 1760 1761
f 1754 1761 1762
f 1754 1762 1755
f 1756 1763 1757
f 1757 1763 1764
f 1759 1765 1766
f 1760 1762 1761
f 1760 1767 1768
f 1760 1768 1769
f 1760 1769 1762
f 1763 1770 1764
f 1764 1770 1771
f 1764 1771 1772
f 1765 1773 1774
f 1765 1774 1775
f 1765 1775 1766
f 1767 1776 1768
f 1768 1777 1769
f 1768 1776 1778
f 1768 1778 1779
f 1768 1779 1780
f 1768 1780 1781
f 1768 1781 1777
f 1773 1782 1783
f 1773 1783 1774
f 1774 1783 1784
f 1774 1784 1775
f 1775 1784 1785
f 1778 1786 1779
f 1779 1786 1780
f 1780 1787 1783
f 1780 1783 1782
f 1780 1782 1788
f 1780 1788 1781
f 1780 1786 1787
f 1783 1787 1789
f 1783 1789 1790
f 1783 1790 1784
f 1784 1790 1791
f 1784 1791 1792
f 1784 1792 1785
f 1786 1789 1787

o geometry_18
v 0.02737464 0.00360401 -0.02763305 0.20784314 0.16078431 0.65098039
v 0.03316500 0.00193700 -0.02763305 0.20784314 0.16078431 0.65098039
v 0.02737464 0.00360593 -0.02764103 0.20784314 0.16078431 0.65098039
v 0.02737464 -0.00924752 -0.02763305 0.20784314 0.16078431 0.65098039
v 0.03402307 0.00153515 -0.02763305 0.20784314 0.16078431 0.65098039
v 0.03426036 0.00147170 -0.02794676 0.20784314 0.16078431 0.65098039
v 0.03419963 0.00251766 -0.03928729 0.20784314 0.16078431 0.65098039
v 0.03139025 0.00375013 -0.03928729 0.20784314 0.16078431 0.65098039
v 0.02846152 0.00469035 -0.03631555 0.20784314 0.16078431 0.65098039
v 0.02737464 0.00386742 -0.02906815 0.20784314 0.16078431 0.65098039
v 0.02737464 0.00382704 -0.02881376 0.20784314 0.16078431 0.65098039
v 0.02737464 0.00365592 -0.02787603 0.20784314 0.16078431 0.65098039
v 0.02737464 -0.00928790 -0.02763419 0.20784314 0.16078431 0.65098039
v 0.02764583 -0.00909947 -0.02763305 0.20784314 0.16078431 0.65098039
v 0.03418904 0.00143517 -0.02763305 0.20784314 0.16078431 0.65098039
v 0.03458876 0.00093333 -0.02799924 0.20784314 0.16078431 0.65098039
v 0.03458876 0.00141786 -0.02908070 0.20784314 0.16078431 0.65098039
v 0.03458876 0.00232347 -0.03928729 0.20784314 0.16078431 0.65098039
v 0.03122429 0.00381743 -0.03928729 0.20784314 0.16078431 0.65098039
v 0.03024899 0.00419621 -0.03928729 0.20784314 0.16078431 0.65098039
v 0.02849401 0.00471150 -0.03691560 0.20784314 0.16078431 0.65098039
v 0.02787818 0.00493453 -0.03691560 0.20784314 0.16078431 0.65098039
v 0.02737464 0.00499414 -0.03691560 0.20784314 0.16078431 0.65098039
v 0.02737464 -0.00990317 -0.02844871 0.20784314 0.16078431 0.65098039
v 0.02779767 -0.00927829 -0.02803460 0.20784314 0.16078431 0.65098039
v 0.02857099 -0.00889566 -0.02835402 0.20784314 0.16078431 0.65098039
v 0.02820728 -0.00863033 -0.02763305 0.20784314 0.16078431 0.65098039
v 0.03443339 0.00073914 -0.02763305 0.20784314 0.16078431 0.65098039
v 0.03458876 0.00073145 -0.02784637 0.20784314 0.16078431 0.65098039
v 0.03458876 -0.01035502 -0.03928729 0.20784314 0.16078431 0.65098039
v 0.03011057 0.00424235 -0.03928729 0.20784314 0.16078431 0.65098039
v 0.02905334 0.00456729 -0.03928729 0.20784314 0.16078431 0.65098039
v 0.02855051 0.00469227 -0.03928729 0.20784314 0.16078431 0.65098039
v 0.02810417 0.00478648 -0.03928729 0.20784314 0.16078431 0.65098039
v 0.02796717 0.00486532 -0.03807920 0.20784314 0.16078431 0.65098039
v 0.02795445 0.00480956 -0.03928729 0.20784314 0.16078431 0.65098039
v 0.02737464 0.00494607 -0.03805867 0.20784314 0.16078431 0.65098039
v 0.02737464 -0.00993009 -0.02848749 0.20784314 0.16078431 0.65098039
v 0.02845870 -0.00991087 -0.02960660 0.20784314 0.16078431 0.65098039
v 0.02810771 -0.00964361 -0.02885825 0.20784314 0.16078431 0.65098039
v 0.02955689 -0.00989548 -0.03075309 0.20784314 0.16078431 0.65098039
v 0.02828850 -0.00855726 -0.02763305 0.20784314 0.16078431 0.65098039
v 0.03063247 -0.00985895 -0.03192924 0.20784314 0.16078431 0.65098039
v 0.02964446 -0.00885529 -0.02953017 0.20784314 0.16078431 0.65098039
v 0.03187543 -0.00772280 -0.03067209 0.20784314 0.16078431 0.65098039
v 0.03438042 -0.00019339 -0.02763305 0.20784314 0.16078431 0.65098039
v 0.03458876 -0.00036066 -0.02790797 0.20784314 0.16078431 0.65098039
v 0.03458876 -0.01034156 -0.03921999 0.20784314 0.16078431 0.65098039
v 0.03163390 -0.01312375 -0.03915838 0.20784314 0.16078431 0.65098039
v 0.03164873 -0.01313528 -0.03928729 0.20784314 0.16078431 0.65098039
v 0.02737464 0.00485570 -0.03928729 0.20784314 0.16078431 0.65098039
v 0.02737464 0.00490762 -0.03859255 0.20784314 0.16078431 0.65098039
v 0.02873201 -0.01007814 -0.03018954 0.20784314 0.16078431 0.65098039
v 0.02737464 -0.01102220 -0.03069377 0.20784314 0.16078431 0.65098039
v 0.02996579 -0.01430430 -0.03928729 0.20784314 0.16078431 0.65098039
v 0.03014023 -0.01358520 -0.03799820 0.20784314 0.16078431 0.65098039
v 0.03052724 -0.01319104 -0.03759893 0.20784314 0.16078431 0.65098039
v 0.03081185 -0.01222391 -0.03620261 0.20784314 0.16078431 0.65098039
v 0.03072357 -0.01104720 -0.03406136 0.20784314 0.16078431 0.65098039
v 0.03409652 -0.00658070 -0.03181060 0.20784314 0.16078431 0.65098039
v 0.03375824 -0.00625576 -0.03106338 0.20784314 0.16078431 0.65098039
v 0.02933583 -0.00752668 -0.02763305 0.20784314 0.16078431 0.65098039
v 0.03196371 -0.01002623 -0.03391762 0.20784314 0.16078431 0.65098039
v 0.03271090 -0.00971475 -0.03441728 0.20784314 0.16078431 0.65098039
v 0.03311839 -0.00896873 -0.03385374 0.20784314 0.16078431 0.65098039
v 0.03458876 -0.00738440 -0.03348869 0.20784314 0.16078431 0.65098039
v 0.03458876 -0.00673067 -0.03258633 0.20784314 0.16078431 0.65098039
v 0.03071792 -0.00881106 -0.03070860 0.20784314 0.16078431 0.65098039
v 0.03178292 -0.01100298 -0.03525804 0.20784314 0.16078431 0.65098039
v 0.03417279 -0.00062216 -0.02763305 0.20784314 0.16078431 0.65098039
v 0.03458876 -0.00148931 -0.02833120 0.20784314 0.16078431 0.65098039
v 0.03458876 -0.01033771 -0.03920402 0.20784314 0.16078431 0.65098039
v 0.03200185 -0.01233351 -0.03803699 0.20784314 0.16078431 0.65098039
v 0.03086976 -0.01339678 -0.03834615 0.20784314 0.16078431 0.65098039
v 0.03107316 -0.01356982 -0.03915838 0.20784314 0.16078431 0.65098039
v 0.03101242 -0.01365250 -0.03928729 0.20784314 0.16078431 0.65098039
v 0.03458876 -0.01008391 -0.03827199 0.20784314 0.16078431 0.65098039
v 0.03458876 -0.01001469 -0.03803699 0.20784314 0.16078431 0.65098039
v 0.03458876 -0.00986472 -0.03765597 0.20784314 0.16078431 0.65098039
v 0.02737464 -0.01464463 -0.03928729 0.20784314 0.16078431 0.65098039
v 0.02737464 -0.01103951 -0.03072913 0.20784314 0.16078431 0.65098039
v 0.02899896 -0.01432545 -0.03872032 0.20784314 0.16078431 0.65098039
v 0.02899896 -0.01457733 -0.03928045 0.20784314 0.16078431 0.65098039
v 0.02902298 -0.01457349 -0.03928729 0.20784314 0.16078431 0.65098039
v 0.03019178 -0.01416587 -0.03928729 0.20784314 0.16078431 0.65098039
v 0.03013458 -0.01414664 -0.03912416 0.20784314 0.16078431 0.65098039
v 0.03155904 -0.01196626 -0.03667148 0.20784314 0.16078431 0.65098039
v 0.03129703 -0.01161633 -0.03573033 0.20784314 0.16078431 0.65098039
v 0.03097923 -0.01122409 -0.03467282 0.20784314 0.16078431 0.65098039
v 0.03458876 -0.00633267 -0.03209465 0.20784314 0.16078431 0.65098039
v 0.03448918 -0.00585583 -0.03144326 0.20784314 0.16078431 0.65098039
v 0.03413466 -0.00550781 -0.03065726 0.20784314 0.16078431 0.65098039
v 0.02943471 -0.00742670 -0.02763305 0.20784314 0.16078431 0.65098039
v 0.03240087 -0.01074533 -0.03569725 0.20784314 0.16078431 0.65098039
v 0.03296797 -0.00993586 -0.03516450 0.20784314 0.16078431 0.65098039
v 0.03458876 -0.00898411 -0.03594480 0.20784314 0.16078431 0.65098039
v 0.03458876 -0.00889374 -0.03579421 0.20784314 0.16078431 0.65098039
v 0.03458876 -0.00871108 -0.03549533 0.20784314 0.16078431 0.65098039
v 0.03458876 -0.00820156 -0.03468993 0.20784314 0.16078431 0.65098039
v 0.03458876 -0.00774010 -0.03399520 0.20784314 0.16078431 0.65098039
v 0.03205269 -0.01122025 -0.03600526 0.20784314 0.16078431 0.65098039
v 0.03376177 -0.00144316 -0.02763305 0.20784314 0.16078431 0.65098039
v 0.03373846 -0.00148931 -0.02763305 0.20784314 0.16078431 0.65098039
v 0.03458876 -0.00262564 -0.02881832 0.20784314 0.16078431 0.65098039
v 0.03301387 -0.01110104 -0.03730917 0.20784314 0.16078431 0.65098039
v 0.03183871 -0.01217200 -0.03741869 0.20784314 0.16078431 0.65098039
v 0.03458876 -0.00950901 -0.03688024 0.20784314 0.16078431 0.65098039
v 0.03458876 -0.00947633 -0.03680951 0.20784314 0.16078431 0.65098039
v 0.02785417 -0.01464847 -0.03928729 0.20784314 0.16078431 0.65098039
v 0.02737464 -0.01458887 -0.03910705 0.20784314 0.16078431 0.65098039
v 0.02737464 -0.01439275 -0.03857316 0.20784314 0.16078431 0.65098039
v 0.02745586 -0.01439083 -0.03857544 0.20784314 0.16078431 0.65098039
v 0.02820375 -0.01436583 -0.03863134 0.20784314 0.16078431 0.65098039
v 0.02899896 -0.01457925 -0.03928729 0.20784314 0.16078431 0.65098039
v 0.02784923 -0.01456964 -0.03906712 0.20784314 0.16078431 0.65098039
v 0.03458876 -0.00595389 -0.03166800 0.20784314 0.16078431 0.65098039
v 0.03458876 -0.00566932 -0.03134972 0.20784314 0.16078431 0.65098039
v 0.03192063 -0.00554242 -0.02839167 0.20784314 0.16078431 0.65098039
v 0.02992059 -0.00690564 -0.02763305 0.20784314 0.16078431 0.65098039
v 0.03458876 -0.00527132 -0.03091166 0.20784314 0.16078431 0.65098039
v 0.03458876 -0.00463297 -0.03028423 0.20784314 0.16078431 0.65098039
v 0.03279988 -0.01091069 -0.03656082 0.20784314 0.16078431 0.65098039
v 0.03323210 -0.00238530 -0.02763305 0.20784314 0.16078431 0.65098039
v 0.03295737 -0.00284099 -0.02763305 0.20784314 0.16078431 0.65098039
v 0.03228363 -0.00392733 -0.02763305 0.20784314 0.16078431 0.65098039
v 0.03196018 -0.00443108 -0.02763305 0.20784314 0.16078431 0.65098039
v 0.03458876 -0.00266025 -0.02883771 0.20784314 0.16078431 0.65098039
v 0.03098347 -0.00572508 -0.02763305 0.20784314 0.16078431 0.65098039
v 0.03048699 -0.00627883 -0.02763305 0.20784314 0.16078431 0.65098039
v 0.03458876 -0.00451953 -0.03017927 0.20784314 0.16078431 0.65098039
v 0.03458876 -0.00411960 -0.02980966 0.20784314 0.16078431 0.65098039
v 0.03458876 -0.00363892 -0.02941039 0.20784314 0.16078431 0.65098039
v 0.03155057 -0.00501175 -0.02763305 0.20784314 0.16078431 0.65098039
v 0.03151949 -0.00505405 -0.02763305 0.20784314 0.16078431 0.65098039
f 1793 1794 1795
f 1793 1795 1804
f 1793 1804 1803
f 1793 1803 1802
f 1793 1802 1815
f 1793 1815 1829
f 1793 1829 1844
f 1793 1844 1843
f 1793 1843 1872
f 1793 1872 1902
f 1793 1902 1903
f 1793 1903 1873
f 1793 1873 1846
f 1793 1846 1830
f 1793 1830 1816
f 1793 1816 1805
f 1793 1805 1796
f 1793 1796 1806
f 1793 1806 1819
f 1793 1819 1834
f 1793 1834 1854
f 1793 1854 1885
f 1793 1885 1911
f 1793 1911 1921
f 1793 1921 1920
f 1793 1920 1926
f 1793 1926 1925
f 1793 1925 1918
f 1793 1918 1917
f 1793 1917 1916
f 1793 1916 1915
f 1793 1915 1895
f 1793 1895 1894
f 1793 1894 1862
f 1793 1862 1838
f 1793 1838 1820
f 1793 1820 1807
f 1793 1807 1797
f 1793 1797 1794
f 1794 1797 1798
f 1794 1798 1799
f 1794 1799 1800
f 1794 1800 1801
f 1794 1801 1802
f 1794 1802 1803
f 1794 1803 1804
f 1794 1804 1795
f 1796 1805 1806
f 1797 1807 1798
f 1798 1807 1808
f 1798 1808 1809
f 1798 1809 1799
f 1799 1809 1810
f 1799 1810 1822
f 1799 1822 1842
f 1799 1842 1868
f 1799 1868 1877
f 1799 1877 1847
f 1799 1847 1876
f 1799 1876 1906
f 1799 1906 1901
f 1799 1901 1872
f 1799 1872 1843
f 1799 1843 1828
f 1799 1828 1826
f 1799 1826 1825
f 1799 1825 1824
f 1799 1824 1823
f 1799 1823 1812
f 1799 1812 1811
f 1799 1811 1800
f 1800 1811 1801
f 1801 1811 1812
f 1801 1812 1813
f 1801 1813 1814
f 1801 1814 1802
f 1802 1814 1815
f 1805 1816 1806
f 1806 1816 1817
f 1806 1817 1818
f 1806 1818 1819
f 1807 1820 1821
f 1807 1821 1808
f 1808 1821 1839
f 1808 1839 1863
f 1808 1863 1896
f 1808 1896 1919
f 1808 1919 1924
f 1808 1924 1923
f 1808 1923 1922
f 1808 1922 1913
f 1808 1913 1912
f 1808 1912 1909
f 1808 1909 1908
f 1808 1908 1882
f 1808 1882 1859
f 1808 1859 1858
f 1808 1858 1892
f 1808 1892 1891
f 1808 1891 1890
f 1808 1890 1889
f 1808 1889 1888
f 1808 1888 1900
f 1808 1900 1899
f 1808 1899 1871
f 1808 1871 1870
f 1808 1870 1869
f 1808 1869 1864
f 1808 1864 1840
f 1808 1840 1822
f 1808 1822 1810
f 1808 1810 1809
f 1812 1823 1814
f 1812 1814 1813
f 1814 1823 1824
f 1814 1824 1825
f 1814 1825 1826
f 1814 1826 1827
f 1814 1827 1828
f 1814 1828 1829
f 1814 1829 1815
f 1816 1830 1831
f 1816 1831 1832
f 1816 1832 1817
f 1817 1832 1833
f 1817 1833 1818
f 1818 1834 1819
f 1818 1833 1835
f 1818 1835 1836
f 1818 1836 1837
f 1818 1837 1834
f 1820 1838 1839
f 1820 1839 1821
f 1822 1840 1841
f 1822 1841 1842
f 1826 1828 1827
f 1828 1843 1844
f 1828 1844 1829
f 1830 1845 1831
f 1830 1846 1847
f 1830 1847 1848
f 1830 1848 1849
f 1830 1849 1845
f 1831 1845 1833
f 1831 1833 1832
f 1833 1845 1849
f 1833 1849 1850
f 1833 1850 1851
f 1833 1851 1835
f 1834 1837 1852
f 1834 1852 1853
f 1834 1853 1854
f 1835 1855 1856
f 1835 1856 1857
f 1835 1857 1858
f 1835 1858 1859
f 1835 1859 1852
f 1835 1852 1837
f 1835 1837 1860
f 1835 1860 1836
f 1835 1851 1861
f 1835 1861 1855
f 1836 1860 1837
f 1838 1862 1863
f 1838 1863 1839
f 1840 1864 1841
f 1841 1865 1866
f 1841 1866 1867
f 1841 1867 1868
f 1841 1868 1842
f 1841 1864 1869
f 1841 1869 1870
f 1841 1870 1871
f 1841 1871 1865
f 1846 1873 1847
f 1847 1873 1874
f 1847 1874 1875
f 1847 1875 1876
f 1847 1877 1878
f 1847 1878 1848
f 1848 1878 1866
f 1848 1866 1849
f 1849 1866 1850
f 1850 1866 1879
f 1850 1879 1880
f 1850 1880 1851
f 1851 1880 1881
f 1851 1881 1861
f 1852 1859 1882
f 1852 1882 1883
f 1852 1883 1853
f 1853 1883 1884
f 1853 1884 1854
f 1854 1884 1885
f 1855 1861 1856
f 1856 1861 1886
f 1856 1886 1887
f 1856 1887 1888
f 1856 1888 1889
f 1856 1889 1890
f 1856 1890 1891
f 1856 1891 1892
f 1856 1892 1857
f 1857 1892 1858
f 1861 1881 1880
f 1861 1880 1879
f 1861 1879 1893
f 1861 1893 1886
f 1862 1894 1863
f 1863 1894 1895
f 1863 1895 1896
f 1865 1897 1898
f 1865 1898 1866
f 1865 1871 1899
f 1865 1899 1900
f 1865 1900 1897
f 1866 1878 1867
f 1866 1898 1879
f 1867 1878 1868
f 1868 1878 1877
f 1872 1901 1902
f 1873 1903 1904
f 1873 1904 1905
f 1873 1905 1875
f 1873 1875 1874
f 1875 1901 1906
f 1875 1906 1876
f 1875 1905 1907
f 1875 1907 1901
f 1879 1898 1893
f 1882 1908 1883
f 1883 1908 1909
f 1883 1909 1884
f 1884 1910 1911
f 1884 1911 1885
f 1884 1909 1912
f 1884 1912 1913
f 1884 1913 1910
f 1886 1893 1914
f 1886 1914 1887
f 1887 1914 1888
f 1888 1914 1900
f 1893 1898 1914
f 1895 1915 1896
f 1896 1915 1916
f 1896 1916 1917
f 1896 1917 1918
f 1896 1918 1919
f 1897 1914 1898
f 1897 1900 1914
f 1901 1907 1902
f 1902 1907 1903
f 1903 1907 1904
f 1904 1907 1905
f 1910 1920 1921
f 1910 1921 1911
f 1910 1913 1922
f 1910 1922 1923
f 1910 1923 1924
f 1910 1924 1920
f 1918 1924 1919
f 1918 1925 1924
f 1920 1924 1926
f 1924 1925 1926

o geometry_19
v 0.01951707 -0.00309327 -0.04873679 0.25098039 0.46274510 0.24313725
v 0.01951707 0.00187483 -0.04821002 0.25098039 0.46274510 0.24313725
v 0.02002860 0.00299679 -0.04815011 0.25098039 0.46274510 0.24313725
v 0.02115012 0.00299679 -0.04801171 0.25098039 0.46274510 0.24313725
v 0.02014091 -0.00309327 -0.04849716 0.25098039 0.46274510 0.24313725
v 0.01951707 -0.00309327 -0.02763305 0.25098039 0.46274510 0.24313725
v 0.01951707 0.00299350 -0.04801791 0.25098039 0.46274510 0.24313725
v 0.01951707 0.00347457 -0.04785471 0.25098039 0.46274510 0.24313725
v 0.01951707 0.00375218 -0.04774936 0.25098039 0.46274510 0.24313725
v 0.02002860 0.00385350 -0.04782166 0.25098039 0.46274510 0.24313725
v 0.02115012 0.00383950 -0.04777001 0.25098039 0.46274510 0.24313725
v 0.02182626 0.00368463 -0.04764400 0.25098039 0.46274510 0.24313725
v 0.02192703 0.00299679 -0.04770391 0.25098039 0.46274510 0.24313725
v 0.02737464 -0.00210640 -0.04570219 0.25098039 0.46274510 0.24313725
v 0.02737464 -0.00260889 -0.04570633 0.25098039 0.46274510 0.24313725
v 0.02737464 -0.00309327 -0.04570013 0.25098039 0.46274510 0.24313725
v 0.02737464 -0.00309327 -0.02763305 0.25098039 0.46274510 0.24313725
v 0.01951707 0.00473822 -0.02763305 0.25098039 0.46274510 0.24313725
v 0.02056167 0.00468715 -0.04647685 0.25098039 0.46274510 0.24313725
v 0.01951707 0.00476129 -0.03991189 0.25098039 0.46274510 0.24313725
v 0.02108551 0.00443508 -0.04691479 0.25098039 0.46274510 0.24313725
v 0.02737464 0.00472669 -0.04428509 0.25098039 0.46274510 0.24313725
v 0.02737464 0.00416077 -0.04477467 0.25098039 0.46274510 0.24313725
v 0.02637696 0.00380737 -0.04539440 0.25098039 0.46274510 0.24313725
v 0.02737464 0.00299679 -0.04517336 0.25098039 0.46274510 0.24313725
v 0.02737464 -0.00098526 -0.04562369 0.25098039 0.46274510 0.24313725
v 0.02737464 0.00360473 -0.02763305 0.25098039 0.46274510 0.24313725
v 0.02339239 0.00493510 -0.02763305 0.25098039 0.46274510 0.24313725
v 0.02339239 0.00510068 -0.02906875 0.25098039 0.46274510 0.24313725
v 0.02339239 0.00522012 -0.03019045 0.25098039 0.46274510 0.24313725
v 0.01951707 0.00478353 -0.02855644 0.25098039 0.46274510 0.24313725
v 0.02675619 0.00511468 -0.04140130 0.25098039 0.46274510 0.24313725
v 0.02066859 0.00468715 -0.04647685 0.25098039 0.46274510 0.24313725
v 0.01951707 0.00477694 -0.03975283 0.25098039 0.46274510 0.24313725
v 0.01951707 0.00500512 -0.03355350 0.25098039 0.46274510 0.24313725
v 0.02451315 0.00532062 -0.03131009 0.25098039 0.46274510 0.24313725
v 0.02737464 0.00503560 -0.04140130 0.25098039 0.46274510 0.24313725
v 0.02724156 0.00371182 -0.02763305 0.25098039 0.46274510 0.24313725
v 0.02737464 0.00365580 -0.02787681 0.25098039 0.46274510 0.24313725
v 0.02451315 0.00487250 -0.02763305 0.25098039 0.46274510 0.24313725
v 0.02451315 0.00519788 -0.03019045 0.25098039 0.46274510 0.24313725
v 0.02525544 0.00473740 -0.02763305 0.25098039 0.46274510 0.24313725
v 0.02737464 0.00499359 -0.03691654 0.25098039 0.46274510 0.24313725
v 0.02677926 0.00401331 -0.02763305 0.25098039 0.46274510 0.24313725
v 0.02737464 0.00382714 -0.02881466 0.25098039 0.46274510 0.24313725
v 0.02581543 0.00453722 -0.02763305 0.25098039 0.46274510 0.24313725
v 0.02649465 0.00419289 -0.02763305 0.25098039 0.46274510 0.24313725
v 0.02675619 0.00424479 -0.02906875 0.25098039 0.46274510 0.24313725
v 0.02737464 0.00386751 -0.02906875 0.25098039 0.46274510 0.24313725
f 1927 1928 1929
f 1927 1929 1930
f 1927 1930 1931
f 1927 1931 1942
f 1927 1942 1943
f 1927 1943 1932
f 1927 1932 1944
f 1927 1944 1957
f 1927 1957 1961
f 1927 1961 1960
f 1927 1960 1946
f 1927 1946 1935
f 1927 1935 1934
f 1927 1934 1933
f 1927 1933 1928
f 1928 1933 1929
f 1929 1933 1934
f 1929 1934 1935
f 1929 1935 1936
f 1929 1936 1937
f 1929 1937 1930
f 1930 1937 1938
f 1930 1938 1939
f 1930 1939 1940
f 1930 1940 1931
f 1931 1940 1941
f 1931 1941 1942
f 1932 1943 1953
f 1932 1953 1964
f 1932 1964 1970
f 1932 1970 1973
f 1932 1973 1972
f 1932 1972 1968
f 1932 1968 1966
f 1932 1966 1954
f 1932 1954 1944
f 1935 1945 1936
f 1935 1946 1945
f 1936 1947 1937
f 1936 1945 1947
f 1937 1947 1948
f 1937 1948 1938
f 1938 1948 1949
f 1938 1949 1950
f 1938 1950 1951
f 1938 1951 1939
f 1939 1951 1952
f 1939 1952 1940
f 1940 1952 1951
f 1940 1951 1949
f 1940 1949 1948
f 1940 1948 1963
f 1940 1963 1969
f 1940 1969 1975
f 1940 1975 1971
f 1940 1971 1965
f 1940 1965 1953
f 1940 1953 1943
f 1940 1943 1942
f 1940 1942 1941
f 1944 1954 1955
f 1944 1955 1956
f 1944 1956 1957
f 1945 1958 1959
f 1945 1959 1947
f 1945 1946 1960
f 1945 1960 1961
f 1945 1961 1962
f 1945 1962 1958
f 1947 1959 1948
f 1948 1958 1963
f 1948 1959 1958
f 1949 1951 1950
f 1953 1965 1964
f 1954 1966 1967
f 1954 1967 1955
f 1955 1967 1962
f 1955 1962 1956
f 1956 1962 1961
f 1956 1961 1957
f 1958 1962 1963
f 1962 1967 1968
f 1962 1968 1969
f 1962 1969 1963
f 1964 1965 1971
f 1964 1971 1970
f 1966 1968 1967
f 1968 1972 1969
f 1969 1972 1973
f 1969 1973 1974
f 1969 1974 1975
f 1970 1971 1973
f 1971 1975 1973
f 1973 1975 1974

o geometry_20
v 0.02563467 -0.01529096 -0.04252273 0.15686275 0.10980392 0.65490196
v 0.02675619 -0.01524321 -0.04252273 0.15686275 0.10980392 0.65490196
v 0.02737464 -0.01522411 -0.04190382 0.15686275 0.10980392 0.65490196
v 0.02737464 -0.01519784 -0.04140154 0.15686275 0.10980392 0.65490196
v 0.02675619 -0.01518590 -0.04140154 0.15686275 0.10980392 0.65490196
v 0.02563467 -0.01516083 -0.04140154 0.15686275 0.10980392 0.65490196
v 0.02451315 -0.01522530 -0.04252273 0.15686275 0.10980392 0.65490196
v 0.02451315 -0.01523963 -0.04364392 0.15686275 0.10980392 0.65490196
v 0.02563467 -0.01520859 -0.04364392 0.15686275 0.10980392 0.65490196
v 0.02737464 -0.01520500 -0.04252273 0.15686275 0.10980392 0.65490196
v 0.02737464 -0.01508203 -0.04078263 0.15686275 0.10980392 0.65490196
v 0.02737464 -0.01497936 -0.04027797 0.15686275 0.10980392 0.65490196
v 0.02675619 -0.01495667 -0.04027797 0.15686275 0.10980392 0.65490196
v 0.02563467 -0.01490772 -0.04027797 0.15686275 0.10980392 0.65490196
v 0.02451315 -0.01507129 -0.04140154 0.15686275 0.10980392 0.65490196
v 0.02339239 -0.01503069 -0.04252273 0.15686275 0.10980392 0.65490196
v 0.02339239 -0.01509875 -0.04364392 0.15686275 0.10980392 0.65490196
v 0.02339239 -0.01507487 -0.04476511 0.15686275 0.10980392 0.65490196
v 0.02451315 -0.01510949 -0.04476511 0.15686275 0.10980392 0.65490196
v 0.02737464 -0.01511666 -0.04302501 0.15686275 0.10980392 0.65490196
v 0.02563467 -0.01458656 -0.03915916 0.15686275 0.10980392 0.65490196
v 0.02737464 -0.01458895 -0.03910917 0.15686275 0.10980392 0.65490196
v 0.02002860 -0.01096308 -0.02763543 0.15686275 0.10980392 0.65490196
v 0.01951707 -0.01096666 -0.02763543 0.15686275 0.10980392 0.65490196
v 0.02451315 -0.01481221 -0.04027797 0.15686275 0.10980392 0.65490196
v 0.02339239 -0.01463193 -0.04027797 0.15686275 0.10980392 0.65490196
v 0.02339239 -0.01486952 -0.04140154 0.15686275 0.10980392 0.65490196
v 0.02236933 -0.01455433 -0.04140154 0.15686275 0.10980392 0.65490196
v 0.02216087 -0.01460328 -0.04241561 0.15686275 0.10980392 0.65490196
v 0.02227164 -0.01473938 -0.04364392 0.15686275 0.10980392 0.65490196
v 0.02227164 -0.01475490 -0.04476511 0.15686275 0.10980392 0.65490196
v 0.02227164 -0.01468804 -0.04588630 0.15686275 0.10980392 0.65490196
v 0.02339239 -0.01493996 -0.04588630 0.15686275 0.10980392 0.65490196
v 0.02451315 -0.01484683 -0.04588630 0.15686275 0.10980392 0.65490196
v 0.02737464 -0.01493399 -0.04364392 0.15686275 0.10980392 0.65490196
v 0.02737464 -0.01439315 -0.03857595 0.15686275 0.10980392 0.65490196
v 0.02227164 -0.01081026 -0.02763543 0.15686275 0.10980392 0.65490196
v 0.02115012 -0.01090458 -0.02763543 0.15686275 0.10980392 0.65490196
v 0.02018398 -0.01095592 -0.02763543 0.15686275 0.10980392 0.65490196
v 0.01951707 -0.00309409 -0.02763543 0.15686275 0.10980392 0.65490196
v 0.01951707 -0.01161256 -0.03018964 0.15686275 0.10980392 0.65490196
v 0.02008168 -0.01199103 -0.03139415 0.15686275 0.10980392 0.65490196
v 0.01951707 -0.01190626 -0.03135368 0.15686275 0.10980392 0.65490196
v 0.01974322 -0.01210445 -0.03202973 0.15686275 0.10980392 0.65490196
v 0.02280548 -0.01438957 -0.03969000 0.15686275 0.10980392 0.65490196
v 0.01951707 -0.01214265 -0.03236061 0.15686275 0.10980392 0.65490196
v 0.02002860 -0.01296644 -0.03579559 0.15686275 0.10980392 0.65490196
v 0.01951707 -0.01283034 -0.03579559 0.15686275 0.10980392 0.65490196
v 0.02003091 -0.01315388 -0.03685727 0.15686275 0.10980392 0.65490196
v 0.01951707 -0.01300345 -0.03688584 0.15686275 0.10980392 0.65490196
v 0.01964630 -0.01320880 -0.03803797 0.15686275 0.10980392 0.65490196
v 0.01951707 -0.01316463 -0.03803797 0.15686275 0.10980392 0.65490196
v 0.01951707 -0.01324581 -0.03877591 0.15686275 0.10980392 0.65490196
v 0.01951707 -0.01330312 -0.03946386 0.15686275 0.10980392 0.65490196
v 0.01951707 -0.01336640 -0.04027797 0.15686275 0.10980392 0.65490196
v 0.01951707 -0.01359921 -0.04364392 0.15686275 0.10980392 0.65490196
v 0.01951707 -0.01365532 -0.04476511 0.15686275 0.10980392 0.65490196
v 0.01951707 -0.01344520 -0.04140154 0.15686275 0.10980392 0.65490196
v 0.01951707 -0.01352280 -0.04252273 0.15686275 0.10980392 0.65490196
v 0.02002860 -0.01387142 -0.04588630 0.15686275 0.10980392 0.65490196
v 0.02156011 -0.01444091 -0.04588630 0.15686275 0.10980392 0.65490196
v 0.02163550 -0.01440867 -0.04659805 0.15686275 0.10980392 0.65490196
v 0.02226626 -0.01450777 -0.04698607 0.15686275 0.10980392 0.65490196
v 0.02263702 -0.01442539 -0.04766449 0.15686275 0.10980392 0.65490196
v 0.02339239 -0.01467014 -0.04700749 0.15686275 0.10980392 0.65490196
v 0.02404238 -0.01441942 -0.04764545 0.15686275 0.10980392 0.65490196
v 0.02737464 -0.01473580 -0.04409859 0.15686275 0.10980392 0.65490196
v 0.02737464 -0.01103949 -0.03073001 0.15686275 0.10980392 0.65490196
v 0.02736002 -0.01103591 -0.03070858 0.15686275 0.10980392 0.65490196
v 0.02675619 -0.01089503 -0.02991827 0.15686275 0.10980392 0.65490196
v 0.02608927 -0.01099890 -0.02968261 0.15686275 0.10980392 0.65490196
v 0.02568313 -0.01084608 -0.02910178 0.15686275 0.10980392 0.65490196
v 0.02451315 -0.01060252 -0.02794726 0.15686275 0.10980392 0.65490196
v 0.02334932 -0.01067296 -0.02763543 0.15686275 0.10980392 0.65490196
v 0.01951707 -0.00309409 -0.04873569 0.15686275 0.10980392 0.65490196
v 0.02737464 -0.00309409 -0.02763543 0.15686275 0.10980392 0.65490196
v 0.01951707 -0.01239098 -0.03354845 0.15686275 0.10980392 0.65490196
v 0.02002860 -0.01273721 -0.03467440 0.15686275 0.10980392 0.65490196
v 0.01951707 -0.01262260 -0.03467440 0.15686275 0.10980392 0.65490196
v 0.01951707 -0.01220473 -0.03265579 0.15686275 0.10980392 0.65490196
v 0.01951707 -0.01366249 -0.04588630 0.15686275 0.10980392 0.65490196
v 0.02002860 -0.01380337 -0.04700749 0.15686275 0.10980392 0.65490196
v 0.02121704 -0.01421168 -0.04698607 0.15686275 0.10980392 0.65490196
v 0.02188934 -0.01434420 -0.04734552 0.15686275 0.10980392 0.65490196
v 0.02115012 -0.01394186 -0.04812868 0.15686275 0.10980392 0.65490196
v 0.02226626 -0.01418064 -0.04807393 0.15686275 0.10980392 0.65490196
v 0.02339239 -0.01416153 -0.04825961 0.15686275 0.10980392 0.65490196
v 0.02339239 -0.01444210 -0.04769782 0.15686275 0.10980392 0.65490196
v 0.02737464 -0.01452926 -0.04451755 0.15686275 0.10980392 0.65490196
v 0.02339239 -0.01360160 -0.04910467 0.15686275 0.10980392 0.65490196
v 0.02431007 -0.01347266 -0.04894041 0.15686275 0.10980392 0.65490196
v 0.02455007 -0.01385351 -0.04815725 0.15686275 0.10980392 0.65490196
v 0.02737464 -0.01102277 -0.03069430 0.15686275 0.10980392 0.65490196
v 0.02675619 -0.01050223 -0.02906845 0.15686275 0.10980392 0.65490196
v 0.02574620 -0.01025987 -0.02783538 0.15686275 0.10980392 0.65490196
v 0.02566082 -0.01019182 -0.02763543 0.15686275 0.10980392 0.65490196
v 0.02451315 -0.01047358 -0.02763543 0.15686275 0.10980392 0.65490196
v 0.02014091 -0.00309409 -0.04849765 0.15686275 0.10980392 0.65490196
v 0.01951707 -0.00620300 -0.05097808 0.15686275 0.10980392 0.65490196
v 0.02737464 -0.00928804 -0.02763543 0.15686275 0.10980392 0.65490196
v 0.02737464 -0.00309409 -0.04570063 0.15686275 0.10980392 0.65490196
v 0.01951707 -0.01358966 -0.04700749 0.15686275 0.10980392 0.65490196
v 0.01951707 -0.01346788 -0.04781208 0.15686275 0.10980392 0.65490196
v 0.01951707 -0.01341415 -0.04812868 0.15686275 0.10980392 0.65490196
v 0.02002860 -0.01361115 -0.04812868 0.15686275 0.10980392 0.65490196
v 0.01951707 -0.01331148 -0.04864524 0.15686275 0.10980392 0.65490196
v 0.01951707 -0.01328283 -0.04873808 0.15686275 0.10980392 0.65490196
v 0.02002860 -0.01336998 -0.04890947 0.15686275 0.10980392 0.65490196
v 0.02115012 -0.01351802 -0.04913085 0.15686275 0.10980392 0.65490196
v 0.02227164 -0.01359801 -0.04915703 0.15686275 0.10980392 0.65490196
v 0.02737464 -0.01432391 -0.04477463 0.15686275 0.10980392 0.65490196
v 0.02505775 -0.01324223 -0.04867142 0.15686275 0.10980392 0.65490196
v 0.02227164 -0.01316344 -0.04971644 0.15686275 0.10980392 0.65490196
v 0.02339239 -0.01304882 -0.04966645 0.15686275 0.10980392 0.65490196
v 0.02409930 -0.01231457 -0.04988783 0.15686275 0.10980392 0.65490196
v 0.02457853 -0.01277781 -0.04929272 0.15686275 0.10980392 0.65490196
v 0.02737464 -0.00992916 -0.02848762 0.15686275 0.10980392 0.65490196
v 0.02735925 -0.00992558 -0.02846382 0.15686275 0.10980392 0.65490196
v 0.02675619 -0.01006527 -0.02819483 0.15686275 0.10980392 0.65490196
v 0.02594697 -0.01009750 -0.02763543 0.15686275 0.10980392 0.65490196
v 0.01951707 -0.00632120 -0.05105901 0.15686275 0.10980392 0.65490196
v 0.02675619 -0.00971904 -0.02763543 0.15686275 0.10980392 0.65490196
v 0.02737464 -0.00991961 -0.02847096 0.15686275 0.10980392 0.65490196
v 0.02737464 -0.01045328 -0.04666947 0.15686275 0.10980392 0.65490196
v 0.02534852 -0.01157913 -0.04899040 0.15686275 0.10980392 0.65490196
v 0.02473699 -0.01157913 -0.04955219 0.15686275 0.10980392 0.65490196
v 0.02408007 -0.01045806 -0.04989973 0.15686275 0.10980392 0.65490196
v 0.02397008 -0.00985037 -0.04982356 0.15686275 0.10980392 0.65490196
v 0.02343239 -0.00942056 -0.05009493 0.15686275 0.10980392 0.65490196
v 0.02307855 -0.00821711 -0.05000447 0.15686275 0.10980392 0.65490196
v 0.02218472 -0.00829949 -0.05055436 0.15686275 0.10980392 0.65490196
v 0.02290779 -0.00754853 -0.04986879 0.15686275 0.10980392 0.65490196
v 0.01951707 -0.00712947 -0.05145179 0.15686275 0.10980392 0.65490196
v 0.01962168 -0.00637254 -0.05103997 0.15686275 0.10980392 0.65490196
v 0.01951707 -0.01300345 -0.04931176 0.15686275 0.10980392 0.65490196
v 0.02002860 -0.01310613 -0.04946887 0.15686275 0.10980392 0.65490196
v 0.02115012 -0.01317776 -0.04969025 0.15686275 0.10980392 0.65490196
v 0.02737464 -0.01389888 -0.04527453 0.15686275 0.10980392 0.65490196
v 0.02526160 -0.01249485 -0.04889995 0.15686275 0.10980392 0.65490196
v 0.02737464 -0.01264290 -0.04640524 0.15686275 0.10980392 0.65490196
v 0.02737464 -0.01356817 -0.04560303 0.15686275 0.10980392 0.65490196
v 0.02115012 -0.01261663 -0.05024252 0.15686275 0.10980392 0.65490196
v 0.02002860 -0.01200655 -0.05082811 0.15686275 0.10980392 0.65490196
v 0.02115012 -0.01190626 -0.05080192 0.15686275 0.10980392 0.65490196
v 0.02227164 -0.01260230 -0.05014730 0.15686275 0.10980392 0.65490196
v 0.02339239 -0.01248769 -0.05001162 0.15686275 0.10980392 0.65490196
v 0.02188011 -0.01116724 -0.05100188 0.15686275 0.10980392 0.65490196
v 0.02339239 -0.01157913 -0.05030917 0.15686275 0.10980392 0.65490196
v 0.02417700 -0.01157913 -0.04994496 0.15686275 0.10980392 0.65490196
v 0.02737464 -0.01157913 -0.04679087 0.15686275 0.10980392 0.65490196
v 0.02339239 -0.01045806 -0.05031393 0.15686275 0.10980392 0.65490196
v 0.02243549 -0.00933699 -0.05071623 0.15686275 0.10980392 0.65490196
v 0.02175242 -0.00872929 -0.05095189 0.15686275 0.10980392 0.65490196
v 0.01951707 -0.00770493 -0.05166602 0.15686275 0.10980392 0.65490196
v 0.01951707 -0.01277303 -0.04977595 0.15686275 0.10980392 0.65490196
v 0.02002860 -0.01254500 -0.05026870 0.15686275 0.10980392 0.65490196
v 0.02737464 -0.01215459 -0.04659330 0.15686275 0.10980392 0.65490196
v 0.02737464 -0.01227040 -0.04655045 0.15686275 0.10980392 0.65490196
v 0.01951707 -0.01227637 -0.05046390 0.15686275 0.10980392 0.65490196
v 0.01951707 -0.01198267 -0.05076860 0.15686275 0.10980392 0.65490196
v 0.01951707 -0.01172717 -0.05101616 0.15686275 0.10980392 0.65490196
v 0.02002860 -0.01144541 -0.05118756 0.15686275 0.10980392 0.65490196
v 0.02115012 -0.01134513 -0.05108996 0.15686275 0.10980392 0.65490196
v 0.01951707 -0.01044135 -0.05170411 0.15686275 0.10980392 0.65490196
v 0.02002860 -0.01045806 -0.05158985 0.15686275 0.10980392 0.65490196
v 0.01951707 -0.00959726 -0.05191835 0.15686275 0.10980392 0.65490196
v 0.01951707 -0.00933699 -0.05195168 0.15686275 0.10980392 0.65490196
v 0.02197011 -0.01045806 -0.05105425 0.15686275 0.10980392 0.65490196
v 0.02253087 -0.01045806 -0.05078526 0.15686275 0.10980392 0.65490196
v 0.02187473 -0.00933699 -0.05101616 0.15686275 0.10980392 0.65490196
v 0.01951707 -0.00821711 -0.05185170 0.15686275 0.10980392 0.65490196
v 0.01951707 -0.01246859 -0.05020919 0.15686275 0.10980392 0.65490196
v 0.01951707 -0.01142154 -0.05121136 0.15686275 0.10980392 0.65490196
v 0.01951707 -0.01095830 -0.05149463 0.15686275 0.10980392 0.65490196
v 0.01951707 -0.00854424 -0.05189931 0.15686275 0.10980392 0.65490196
f 1976 1977 1978
f 1976 1978 1979
f 1976 1979 1980
f 1976 1980 1981
f 1976 1981 1982
f 1976 1982 1983
f 1976 1983 1984
f 1976 1984 1977
f 1977 1985 1978
f 1977 1984 1985
f 1978 1985 1995
f 1978 1995 2010
f 1978 2010 2042
f 1978 2042 2064
f 1978 2064 2086
f 1978 2086 2113
f 1978 2113 2116
f 1978 2116 2115
f 1978 2115 2133
f 1978 2133 2132
f 1978 2132 2125
f 1978 2125 2099
f 1978 2099 2076
f 1978 2076 2051
f 1978 2051 2075
f 1978 2075 2098
f 1978 2098 2092
f 1978 2092 2068
f 1978 2068 2043
f 1978 2043 2011
f 1978 2011 1997
f 1978 1997 1987
f 1978 1987 1986
f 1978 1986 1979
f 1979 1986 1980
f 1980 1986 1981
f 1981 1986 1987
f 1981 1987 1988
f 1981 1988 1989
f 1981 1989 1990
f 1981 1990 1982
f 1982 1990 1991
f 1982 1991 1992
f 1982 1992 1983
f 1983 1992 1993
f 1983 1993 1994
f 1983 1994 1984
f 1984 1995 1985
f 1984 1994 1995
f 1987 1996 1988
f 1987 1997 1998
f 1987 1998 1999
f 1987 1999 1996
f 1988 1996 1989
f 1989 2000 1990
f 1989 1996 1999
f 1989 1999 2000
f 1990 2000 2001
f 1990 2001 2002
f 1990 2002 1991
f 1991 2002 2003
f 1991 2003 2004
f 1991 2004 2005
f 1991 2005 1992
f 1992 2005 2006
f 1992 2006 1993
f 1993 2006 2007
f 1993 2007 2008
f 1993 2008 1994
f 1994 2008 2009
f 1994 2009 1995
f 1995 2009 2010
f 1997 2011 2012
f 1997 2012 2013
f 1997 2013 2014
f 1997 2014 1998
f 1998 2014 2013
f 1998 2013 2012
f 1998 2012 2049
f 1998 2049 2072
f 1998 2072 2071
f 1998 2071 2095
f 1998 2095 2097
f 1998 2097 2075
f 1998 2075 2051
f 1998 2051 2015
f 1998 2015 1999
f 1999 2015 2050
f 1999 2050 2074
f 1999 2074 2096
f 1999 2096 2108
f 1999 2108 2129
f 1999 2129 2146
f 1999 2146 2150
f 1999 2150 2142
f 1999 2142 2141
f 1999 2141 2139
f 1999 2139 2149
f 1999 2149 2148
f 1999 2148 2136
f 1999 2136 2135
f 1999 2135 2134
f 1999 2134 2147
f 1999 2147 2130
f 1999 2130 2110
f 1999 2110 2082
f 1999 2082 2081
f 1999 2081 2079
f 1999 2079 2078
f 1999 2078 2077
f 1999 2077 2056
f 1999 2056 2032
f 1999 2032 2031
f 1999 2031 2034
f 1999 2034 2033
f 1999 2033 2030
f 1999 2030 2029
f 1999 2029 2028
f 1999 2028 2027
f 1999 2027 2025
f 1999 2025 2023
f 1999 2023 2054
f 1999 2054 2052
f 1999 2052 2055
f 1999 2055 2021
f 1999 2021 2018
f 1999 2018 2016
f 1999 2016 2017
f 1999 2017 2000
f 2000 2017 2018
f 2000 2018 2019
f 2000 2019 2001
f 2001 2020 2002
f 2001 2019 2021
f 2001 2021 2020
f 2002 2020 2022
f 2002 2022 2023
f 2002 2023 2024
f 2002 2024 2025
f 2002 2025 2003
f 2003 2025 2026
f 2003 2026 2027
f 2003 2027 2004
f 2004 2027 2028
f 2004 2028 2029
f 2004 2029 2030
f 2004 2030 2005
f 2005 2031 2032
f 2005 2032 2006
f 2005 2030 2033
f 2005 2033 2034
f 2005 2034 2031
f 2006 2032 2035
f 2006 2035 2036
f 2006 2036 2007
f 2007 2036 2037
f 2007 2037 2038
f 2007 2038 2008
f 2008 2038 2039
f 2008 2039 2040
f 2008 2040 2009
f 2009 2040 2041
f 2009 2041 2010
f 2010 2041 2042
f 2011 2043 2044
f 2011 2044 2045
f 2011 2045 2046
f 2011 2046 2047
f 2011 2047 2048
f 2011 2048 2049
f 2011 2049 2012
f 2015 2051 2076
f 2015 2076 2073
f 2015 2073 2050
f 2016 2018 2017
f 2018 2021 2019
f 2020 2052 2053
f 2020 2053 2054
f 2020 2054 2022
f 2020 2021 2055
f 2020 2055 2052
f 2022 2054 2023
f 2023 2025 2024
f 2025 2027 2026
f 2032 2056 2035
f 2035 2056 2057
f 2035 2057 2036
f 2036 2057 2037
f 2037 2057 2058
f 2037 2058 2059
f 2037 2059 2038
f 2038 2059 2039
f 2039 2059 2060
f 2039 2060 2061
f 2039 2061 2062
f 2039 2062 2063
f 2039 2063 2040
f 2040 2063 2041
f 2041 2064 2042
f 2041 2063 2062
f 2041 2062 2065
f 2041 2065 2066
f 2041 2066 2067
f 2041 2067 2064
f 2043 2068 2044
f 2044 2068 2069
f 2044 2069 2045
f 2045 2069 2070
f 2045 2070 2046
f 2046 2070 2047
f 2047 2070 2071
f 2047 2071 2072
f 2047 2072 2048
f 2048 2072 2049
f 2050 2073 2074
f 2052 2054 2053
f 2056 2077 2057
f 2057 2077 2078
f 2057 2078 2079
f 2057 2079 2080
f 2057 2080 2058
f 2058 2080 2059
f 2059 2080 2060
f 2060 2080 2081
f 2060 2081 2082
f 2060 2082 2083
f 2060 2083 2084
f 2060 2084 2061
f 2061 2084 2085
f 2061 2085 2062
f 2062 2085 2065
f 2064 2067 2087
f 2064 2087 2086
f 2065 2085 2088
f 2065 2088 2089
f 2065 2089 2066
f 2066 2089 2090
f 2066 2090 2091
f 2066 2091 2087
f 2066 2087 2067
f 2068 2092 2093
f 2068 2093 2069
f 2069 2093 2094
f 2069 2094 2095
f 2069 2095 2070
f 2070 2095 2071
f 2073 2076 2074
f 2074 2076 2096
f 2075 2097 2093
f 2075 2093 2098
f 2076 2099 2100
f 2076 2100 2101
f 2076 2101 2102
f 2076 2102 2103
f 2076 2103 2104
f 2076 2104 2105
f 2076 2105 2106
f 2076 2106 2107
f 2076 2107 2108
f 2076 2108 2109
f 2076 2109 2096
f 2079 2081 2080
f 2082 2110 2111
f 2082 2111 2083
f 2083 2111 2084
f 2084 2111 2112
f 2084 2112 2085
f 2085 2112 2088
f 2086 2087 2113
f 2087 2091 2114
f 2087 2114 2115
f 2087 2115 2116
f 2087 2116 2113
f 2088 2112 2117
f 2088 2117 2118
f 2088 2118 2119
f 2088 2119 2120
f 2088 2120 2089
f 2089 2120 2119
f 2089 2119 2121
f 2089 2121 2090
f 2090 2121 2122
f 2090 2122 2123
f 2090 2123 2124
f 2090 2124 2101
f 2090 2101 2114
f 2090 2114 2091
f 2092 2098 2093
f 2093 2097 2094
f 2094 2097 2095
f 2096 2109 2108
f 2099 2125 2100
f 2100 2114 2101
f 2100 2125 2114
f 2101 2124 2102
f 2102 2124 2126
f 2102 2126 2127
f 2102 2127 2104
f 2102 2104 2103
f 2104 2127 2105
f 2105 2127 2128
f 2105 2128 2106
f 2106 2128 2108
f 2106 2108 2107
f 2108 2128 2129
f 2110 2130 2111
f 2111 2130 2131
f 2111 2131 2112
f 2112 2131 2118
f 2112 2118 2117
f 2114 2125 2132
f 2114 2132 2133
f 2114 2133 2115
f 2118 2131 2134
f 2118 2134 2135
f 2118 2135 2136
f 2118 2136 2137
f 2118 2137 2119
f 2119 2137 2138
f 2119 2138 2121
f 2121 2138 2122
f 2122 2138 2139
f 2122 2139 2140
f 2122 2140 2141
f 2122 2141 2142
f 2122 2142 2143
f 2122 2143 2123
f 2123 2143 2124
f 2124 2143 2144
f 2124 2144 2126
f 2126 2144 2127
f 2127 2144 2145
f 2127 2145 2128
f 2128 2145 2146
f 2128 2146 2129
f 2130 2147 2131
f 2131 2147 2134
f 2136 2148 2137
f 2137 2148 2149
f 2137 2149 2138
f 2138 2149 2139
f 2139 2141 2140
f 2142 2150 2143
f 2143 2145 2144
f 2143 2150 2145
f 2145 2150 2146

o geometry_21
v 0.01457928 0.00244432 -0.04224876 0.13725490 0.19607843 0.36862745
v 0.01951582 0.00243404 -0.04224876 0.13725490 0.19607843 0.36862745
v 0.01951582 0.00382786 -0.04698505 0.13725490 0.19607843 0.36862745
v 0.01488228 0.00249911 -0.04789930 0.13725490 0.19607843 0.36862745
v 0.01457928 0.00228336 -0.04813336 0.13725490 0.19607843 0.36862745
v 0.01457928 -0.01128666 -0.04224876 0.13725490 0.19607843 0.36862745
v 0.01951582 -0.01350409 -0.04224876 0.13725490 0.19607843 0.36862745
v 0.01951582 0.00375252 -0.04775026 0.13725490 0.19607843 0.36862745
v 0.01927032 0.00370286 -0.04771525 0.13725490 0.19607843 0.36862745
v 0.01457928 0.00175084 -0.04931268 0.13725490 0.19607843 0.36862745
v 0.01457928 -0.01128323 -0.04252384 0.13725490 0.19607843 0.36862745
v 0.01554339 -0.01180377 -0.04252384 0.13725490 0.19607843 0.36862745
v 0.01554339 -0.01180377 -0.04224876 0.13725490 0.19607843 0.36862745
v 0.01859810 -0.01317190 -0.04224876 0.13725490 0.19607843 0.36862745
v 0.01951582 -0.01352293 -0.04252384 0.13725490 0.19607843 0.36862745
v 0.01951582 0.00347341 -0.04785629 0.13725490 0.19607843 0.36862745
v 0.01627263 0.00032277 -0.04986984 0.13725490 0.19607843 0.36862745
v 0.01554339 0.00052311 -0.04995886 0.13725490 0.19607843 0.36862745
v 0.01479288 0.00125084 -0.04977981 0.13725490 0.19607843 0.36862745
v 0.01457928 0.00127995 -0.04979682 0.13725490 0.19607843 0.36862745
v 0.01457928 -0.01125412 -0.04320002 0.13725490 0.19607843 0.36862745
v 0.01554339 -0.01177466 -0.04364514 0.13725490 0.19607843 0.36862745
v 0.01616535 -0.01210856 -0.04364514 0.13725490 0.19607843 0.36862745
v 0.01615182 -0.01211712 -0.04252384 0.13725490 0.19607843 0.36862745
v 0.01615713 -0.01211541 -0.04224876 0.13725490 0.19607843 0.36862745
v 0.01778573 -0.01284485 -0.04224876 0.13725490 0.19607843 0.36862745
v 0.01857249 -0.01318046 -0.04252384 0.13725490 0.19607843 0.36862745
v 0.01951582 -0.01359827 -0.04364514 0.13725490 0.19607843 0.36862745
v 0.01951582 -0.00821478 -0.05185237 0.13725490 0.19607843 0.36862745
v 0.01853479 -0.00747164 -0.05214445 0.13725490 0.19607843 0.36862745
v 0.01457928 -0.00036729 -0.05046500 0.13725490 0.19607843 0.36862745
v 0.01457928 0.00078510 -0.05002788 0.13725490 0.19607843 0.36862745
v 0.01457928 0.00100769 -0.04992885 0.13725490 0.19607843 0.36862745
v 0.01457928 -0.01123529 -0.04360613 0.13725490 0.19607843 0.36862745
v 0.01460054 -0.01124556 -0.04364514 0.13725490 0.19607843 0.36862745
v 0.01554339 -0.01170788 -0.04476645 0.13725490 0.19607843 0.36862745
v 0.01621416 -0.01207945 -0.04476645 0.13725490 0.19607843 0.36862745
v 0.01677523 -0.01238082 -0.04476645 0.13725490 0.19607843 0.36862745
v 0.01778573 -0.01289965 -0.04476645 0.13725490 0.19607843 0.36862745
v 0.01672593 -0.01239109 -0.04364514 0.13725490 0.19607843 0.36862745
v 0.01671240 -0.01238082 -0.04252384 0.13725490 0.19607843 0.36862745
v 0.01844249 -0.01321985 -0.04476645 0.13725490 0.19607843 0.36862745
v 0.01658047 -0.01231404 -0.04224876 0.13725490 0.19607843 0.36862745
v 0.01778573 -0.01286026 -0.04252384 0.13725490 0.19607843 0.36862745
v 0.01848598 -0.01320786 -0.04364514 0.13725490 0.19607843 0.36862745
v 0.01904705 -0.01342190 -0.04364514 0.13725490 0.19607843 0.36862745
v 0.01951582 -0.01365477 -0.04476645 0.13725490 0.19607843 0.36862745
v 0.01951582 -0.00854183 -0.05189938 0.13725490 0.19607843 0.36862745
v 0.01930512 -0.00821478 -0.05196840 0.13725490 0.19607843 0.36862745
v 0.01874453 -0.00821478 -0.05225048 0.13725490 0.19607843 0.36862745
v 0.01778573 -0.00821478 -0.05246754 0.13725490 0.19607843 0.36862745
v 0.01457928 -0.00148885 -0.05063704 0.13725490 0.19607843 0.36862745
v 0.01670419 -0.00821478 -0.05227048 0.13725490 0.19607843 0.36862745
v 0.01554339 -0.00709322 -0.05183037 0.13725490 0.19607843 0.36862745
v 0.01457928 -0.01116337 -0.04460040 0.13725490 0.19607843 0.36862745
v 0.01467303 -0.01120618 -0.04476645 0.13725490 0.19607843 0.36862745
v 0.01554339 -0.01160686 -0.04588775 0.13725490 0.19607843 0.36862745
v 0.01629390 -0.01203322 -0.04588775 0.13725490 0.19607843 0.36862745
v 0.01685448 -0.01234657 -0.04588775 0.13725490 0.19607843 0.36862745
v 0.01778573 -0.01284999 -0.04588775 0.13725490 0.19607843 0.36862745
v 0.01846520 -0.01320272 -0.04588775 0.13725490 0.19607843 0.36862745
v 0.01778573 -0.01289793 -0.04364514 0.13725490 0.19607843 0.36862745
v 0.01902579 -0.01346300 -0.04588775 0.13725490 0.19607843 0.36862745
v 0.01900308 -0.01345443 -0.04476645 0.13725490 0.19607843 0.36862745
v 0.01951582 -0.01366162 -0.04588775 0.13725490 0.19607843 0.36862745
v 0.01951582 -0.00933634 -0.05195140 0.13725490 0.19607843 0.36862745
v 0.01936117 -0.00933634 -0.05201742 0.13725490 0.19607843 0.36862745
v 0.01880059 -0.00933634 -0.05223948 0.13725490 0.19607843 0.36862745
v 0.01778573 -0.00933634 -0.05241652 0.13725490 0.19607843 0.36862745
v 0.01457928 -0.00612919 -0.05134323 0.13725490 0.19607843 0.36862745
v 0.01687285 -0.00933634 -0.05223048 0.13725490 0.19607843 0.36862745
v 0.01554339 -0.00821478 -0.05180536 0.13725490 0.19607843 0.36862745
v 0.01457928 -0.00709322 -0.05144726 0.13725490 0.19607843 0.36862745
v 0.01457928 -0.01114967 -0.04476645 0.13725490 0.19607843 0.36862745
v 0.01476630 -0.01115138 -0.04588775 0.13725490 0.19607843 0.36862745
v 0.01639828 -0.01197329 -0.04700906 0.13725490 0.19607843 0.36862745
v 0.01695887 -0.01229007 -0.04700906 0.13725490 0.19607843 0.36862745
v 0.01778573 -0.01273869 -0.04700906 0.13725490 0.19607843 0.36862745
v 0.01856427 -0.01314964 -0.04700906 0.13725490 0.19607843 0.36862745
v 0.01912486 -0.01342704 -0.04700906 0.13725490 0.19607843 0.36862745
v 0.01951582 -0.01358971 -0.04700906 0.13725490 0.19607843 0.36862745
v 0.01951582 -0.00959661 -0.05191839 0.13725490 0.19607843 0.36862745
v 0.01951582 -0.01044078 -0.05170533 0.13725490 0.19607843 0.36862745
v 0.01860970 -0.01002640 -0.05213045 0.13725490 0.19607843 0.36862745
v 0.01778573 -0.01005208 -0.05215145 0.13725490 0.19607843 0.36862745
v 0.01712125 -0.00997503 -0.05210644 0.13725490 0.19607843 0.36862745
v 0.01631226 -0.00933634 -0.05192539 0.13725490 0.19607843 0.36862745
v 0.01457928 -0.00814971 -0.05129722 0.13725490 0.19607843 0.36862745
v 0.01457928 -0.00725075 -0.05144326 0.13725490 0.19607843 0.36862745
v 0.01457928 -0.01106919 -0.04556666 0.13725490 0.19607843 0.36862745
v 0.01457928 -0.01103323 -0.04588775 0.13725490 0.19607843 0.36862745
v 0.01457928 -0.01095104 -0.04650092 0.13725490 0.19607843 0.36862745
v 0.01488856 -0.01107775 -0.04700906 0.13725490 0.19607843 0.36862745
v 0.01554339 -0.01147158 -0.04700906 0.13725490 0.19607843 0.36862745
v 0.01653311 -0.01188767 -0.04812936 0.13725490 0.19607843 0.36862745
v 0.01709322 -0.01221472 -0.04812936 0.13725490 0.19607843 0.36862745
v 0.01778573 -0.01257431 -0.04812936 0.13725490 0.19607843 0.36862745
v 0.01875420 -0.01306060 -0.04812936 0.13725490 0.19607843 0.36862745
v 0.01931478 -0.01333628 -0.04812936 0.13725490 0.19607843 0.36862745
v 0.01951582 -0.01346813 -0.04781228 0.13725490 0.19607843 0.36862745
v 0.01951582 -0.01095789 -0.05149428 0.13725490 0.19607843 0.36862745
v 0.01951582 -0.01142193 -0.05121120 0.13725490 0.19607843 0.36862745
v 0.01778573 -0.01061201 -0.05173234 0.13725490 0.19607843 0.36862745
v 0.01951582 -0.01172672 -0.05101715 0.13725490 0.19607843 0.36862745
v 0.01890691 -0.01139453 -0.05123920 0.13725490 0.19607843 0.36862745
v 0.01548830 -0.00938428 -0.05137524 0.13725490 0.19607843 0.36862745
v 0.01778573 -0.01125412 -0.05117119 0.13725490 0.19607843 0.36862745
v 0.01706374 -0.01111371 -0.05104315 0.13725490 0.19607843 0.36862745
v 0.01671917 -0.01042365 -0.05146427 0.13725490 0.19607843 0.36862745
v 0.01582513 -0.01012229 -0.05113818 0.13725490 0.19607843 0.36862745
v 0.01477451 -0.00904354 -0.05109417 0.13725490 0.19607843 0.36862745
v 0.01457928 -0.00856067 -0.05115418 0.13725490 0.19607843 0.36862745
v 0.01457928 -0.00833464 -0.05123320 0.13725490 0.19607843 0.36862745
v 0.01457928 -0.01087228 -0.04700906 0.13725490 0.19607843 0.36862745
v 0.01496637 -0.01102981 -0.04761922 0.13725490 0.19607843 0.36862745
v 0.01718842 -0.01215993 -0.04876853 0.13725490 0.19607843 0.36862745
v 0.01549361 -0.01127296 -0.04804734 0.13725490 0.19607843 0.36862745
v 0.01944720 -0.01327122 -0.04871452 0.13725490 0.19607843 0.36862745
v 0.01951582 -0.01341334 -0.04812936 0.13725490 0.19607843 0.36862745
v 0.01951582 -0.01198185 -0.05077008 0.13725490 0.19607843 0.36862745
v 0.01890691 -0.01195445 -0.05070006 0.13725490 0.19607843 0.36862745
v 0.01507752 -0.00979181 -0.05082710 0.13725490 0.19607843 0.36862745
v 0.01890691 -0.01237739 -0.05013891 0.13725490 0.19607843 0.36862745
v 0.01631709 -0.01087056 -0.05069506 0.13725490 0.19607843 0.36862745
v 0.01815398 -0.01222500 -0.04995586 0.13725490 0.19607843 0.36862745
v 0.01668051 -0.01129179 -0.05034196 0.13725490 0.19607843 0.36862745
v 0.01457928 -0.00889114 -0.05100914 0.13725490 0.19607843 0.36862745
v 0.01457928 -0.01083289 -0.04724912 0.13725490 0.19607843 0.36862745
v 0.01457928 -0.01067194 -0.04799432 0.13725490 0.19607843 0.36862745
v 0.01508670 -0.01094762 -0.04836643 0.13725490 0.19607843 0.36862745
v 0.01582513 -0.01119933 -0.04925067 0.13725490 0.19607843 0.36862745
v 0.01675493 -0.01178665 -0.04918565 0.13725490 0.19607843 0.36862745
v 0.01740637 -0.01205719 -0.04951574 0.13725490 0.19607843 0.36862745
v 0.01951582 -0.01300410 -0.04931168 0.13725490 0.19607843 0.36862745
v 0.01951582 -0.01328320 -0.04873753 0.13725490 0.19607843 0.36862745
v 0.01951582 -0.01331060 -0.04864550 0.13725490 0.19607843 0.36862745
v 0.01951582 -0.01227637 -0.05046599 0.13725490 0.19607843 0.36862745
v 0.01457928 -0.00971305 -0.05026094 0.13725490 0.19607843 0.36862745
v 0.01457928 -0.00949387 -0.05053101 0.13725490 0.19607843 0.36862745
v 0.01554001 -0.01047160 -0.05038797 0.13725490 0.19607843 0.36862745
v 0.01477596 -0.01007092 -0.05007989 0.13725490 0.19607843 0.36862745
v 0.01951582 -0.01246815 -0.05020993 0.13725490 0.19607843 0.36862745
v 0.01951582 -0.01277294 -0.04977581 0.13725490 0.19607843 0.36862745
v 0.01600200 -0.01108632 -0.04994786 0.13725490 0.19607843 0.36862745
v 0.01457928 -0.01065310 -0.04807835 0.13725490 0.19607843 0.36862745
v 0.01526454 -0.01081577 -0.04925067 0.13725490 0.19607843 0.36862745
v 0.01457928 -0.01038598 -0.04897159 0.13725490 0.19607843 0.36862745
v 0.01457928 -0.01032091 -0.04918865 0.13725490 0.19607843 0.36862745
v 0.01457928 -0.00998188 -0.04992685 0.13725490 0.19607843 0.36862745
v 0.01457928 -0.01013941 -0.04959376 0.13725490 0.19607843 0.36862745
f 2151 2152 2153
f 2151 2153 2154
f 2151 2154 2155
f 2151 2155 2160
f 2151 2160 2170
f 2151 2170 2183
f 2151 2183 2182
f 2151 2182 2181
f 2151 2181 2202
f 2151 2202 2220
f 2151 2220 2223
f 2151 2223 2239
f 2151 2239 2238
f 2151 2238 2263
f 2151 2263 2262
f 2151 2262 2277
f 2151 2277 2289
f 2151 2289 2288
f 2151 2288 2299
f 2151 2299 2300
f 2151 2300 2298
f 2151 2298 2297
f 2151 2297 2295
f 2151 2295 2279
f 2151 2279 2278
f 2151 2278 2264
f 2151 2264 2242
f 2151 2242 2241
f 2151 2241 2240
f 2151 2240 2224
f 2151 2224 2205
f 2151 2205 2184
f 2151 2184 2171
f 2151 2171 2161
f 2151 2161 2156
f 2151 2156 2163
f 2151 2163 2175
f 2151 2175 2193
f 2151 2193 2176
f 2151 2176 2164
f 2151 2164 2157
f 2151 2157 2152
f 2152 2157 2165
f 2152 2165 2178
f 2152 2178 2197
f 2152 2197 2215
f 2152 2215 2231
f 2152 2231 2250
f 2152 2250 2269
f 2152 2269 2286
f 2152 2286 2285
f 2152 2285 2284
f 2152 2284 2293
f 2152 2293 2292
f 2152 2292 2287
f 2152 2287 2270
f 2152 2270 2254
f 2152 2254 2252
f 2152 2252 2251
f 2152 2251 2233
f 2152 2233 2232
f 2152 2232 2216
f 2152 2216 2198
f 2152 2198 2179
f 2152 2179 2166
f 2152 2166 2158
f 2152 2158 2153
f 2153 2158 2159
f 2153 2159 2154
f 2154 2159 2158
f 2154 2158 2160
f 2154 2160 2155
f 2156 2161 2162
f 2156 2162 2163
f 2157 2164 2165
f 2158 2166 2167
f 2158 2167 2168
f 2158 2168 2169
f 2158 2169 2170
f 2158 2170 2160
f 2161 2171 2172
f 2161 2172 2162
f 2162 2172 2173
f 2162 2173 2174
f 2162 2174 2163
f 2163 2174 2175
f 2164 2176 2177
f 2164 2177 2178
f 2164 2178 2165
f 2166 2179 2180
f 2166 2180 2167
f 2167 2180 2168
f 2168 2180 2181
f 2168 2181 2182
f 2168 2182 2169
f 2169 2182 2183
f 2169 2183 2170
f 2171 2184 2185
f 2171 2185 2172
f 2172 2185 2186
f 2172 2186 2187
f 2172 2187 2188
f 2172 2188 2173
f 2173 2188 2189
f 2173 2189 2190
f 2173 2190 2174
f 2174 2191 2175
f 2174 2190 2192
f 2174 2192 2191
f 2175 2191 2193
f 2176 2194 2177
f 2176 2193 2194
f 2177 2194 2195
f 2177 2195 2196
f 2177 2196 2178
f 2178 2196 2197
f 2179 2198 2199
f 2179 2199 2180
f 2180 2199 2200
f 2180 2200 2201
f 2180 2201 2181
f 2181 2201 2203
f 2181 2203 2204
f 2181 2204 2202
f 2184 2205 2185
f 2185 2205 2206
f 2185 2206 2186
f 2186 2207 2208
f 2186 2208 2209
f 2186 2209 2187
f 2186 2206 2207
f 2187 2209 2210
f 2187 2210 2188
f 2188 2210 2211
f 2188 2211 2189
f 2189 2211 2192
f 2189 2192 2190
f 2191 2192 2212
f 2191 2212 2193
f 2192 2195 2212
f 2192 2211 2213
f 2192 2213 2214
f 2192 2214 2195
f 2193 2212 2194
f 2194 2212 2195
f 2195 2214 2197
f 2195 2197 2196
f 2197 2214 2215
f 2198 2216 2200
f 2198 2200 2199
f 2200 2216 2217
f 2200 2217 2218
f 2200 2218 2201
f 2201 2218 2219
f 2201 2219 2203
f 2202 2204 2220
f 2203 2219 2221
f 2203 2221 2222
f 2203 2222 2223
f 2203 2223 2204
f 2204 2223 2220
f 2205 2224 2206
f 2206 2224 2225
f 2206 2225 2207
f 2207 2226 2208
f 2207 2225 2226
f 2208 2226 2227
f 2208 2227 2209
f 2209 2227 2228
f 2209 2228 2210
f 2210 2228 2229
f 2210 2229 2211
f 2211 2229 2230
f 2211 2230 2213
f 2213 2230 2231
f 2213 2231 2215
f 2213 2215 2214
f 2216 2232 2217
f 2217 2232 2218
f 2218 2232 2233
f 2218 2233 2234
f 2218 2234 2219
f 2219 2234 2235
f 2219 2235 2236
f 2219 2236 2221
f 2221 2237 2222
f 2221 2236 2237
f 2222 2237 2238
f 2222 2238 2239
f 2222 2239 2223
f 2224 2240 2225
f 2225 2240 2241
f 2225 2241 2242
f 2225 2242 2243
f 2225 2243 2244
f 2225 2244 2226
f 2226 2244 2245
f 2226 2245 2246
f 2226 2246 2227
f 2227 2246 2228
f 2228 2246 2229
f 2229 2246 2247
f 2229 2247 2248
f 2229 2248 2230
f 2230 2249 2250
f 2230 2250 2231
f 2230 2248 2249
f 2233 2251 2234
f 2234 2251 2252
f 2234 2252 2235
f 2235 2253 2236
f 2235 2252 2254
f 2235 2254 2255
f 2235 2255 2253
f 2236 2256 2237
f 2236 2253 2257
f 2236 2257 2258
f 2236 2258 2259
f 2236 2259 2260
f 2236 2260 2256
f 2237 2261 2262
f 2237 2262 2263
f 2237 2263 2238
f 2237 2256 2261
f 2242 2264 2243
f 2243 2264 2265
f 2243 2265 2244
f 2244 2265 2245
f 2245 2266 2246
f 2245 2265 2267
f 2245 2267 2266
f 2246 2266 2247
f 2247 2266 2248
f 2248 2266 2249
f 2249 2268 2269
f 2249 2269 2250
f 2249 2266 2268
f 2253 2255 2257
f 2254 2270 2271
f 2254 2271 2255
f 2255 2271 2257
f 2256 2260 2272
f 2256 2272 2261
f 2257 2271 2273
f 2257 2273 2258
f 2258 2274 2260
f 2258 2260 2259
f 2258 2273 2275
f 2258 2275 2276
f 2258 2276 2274
f 2260 2274 2272
f 2261 2277 2262
f 2261 2272 2277
f 2264 2278 2265
f 2265 2278 2279
f 2265 2279 2280
f 2265 2280 2267
f 2266 2267 2280
f 2266 2280 2281
f 2266 2281 2282
f 2266 2282 2283
f 2266 2283 2268
f 2268 2284 2285
f 2268 2285 2286
f 2268 2286 2269
f 2268 2283 2275
f 2268 2275 2284
f 2270 2287 2271
f 2271 2287 2273
f 2272 2288 2289
f 2272 2289 2277
f 2272 2274 2290
f 2272 2290 2291
f 2272 2291 2288
f 2273 2287 2292
f 2273 2292 2293
f 2273 2293 2275
f 2274 2276 2294
f 2274 2294 2290
f 2275 2293 2284
f 2275 2283 2276
f 2276 2283 2294
f 2279 2295 2280
f 2280 2296 2281
f 2280 2295 2297
f 2280 2297 2298
f 2280 2298 2296
f 2281 2296 2294
f 2281 2294 2282
f 2282 2294 2283
f 2288 2291 2299
f 2290 2294 2291
f 2291 2300 2299
f 2291 2294 2300
f 2294 2296 2298
f 2294 2298 2300

o geometry_22
v 0.01084745 -0.00134430 -0.04248855 0.81960784 0.09411765 0.83529412
v 0.01084745 0.00166223 -0.04248855 0.81960784 0.09411765 0.83529412
v 0.01457927 -0.00134430 -0.04248855 0.81960784 0.09411765 0.83529412
v 0.01084745 -0.00134430 -0.02763305 0.81960784 0.09411765 0.83529412
v 0.01298112 0.00241149 -0.04248855 0.81960784 0.09411765 0.83529412
v 0.01084745 0.00623642 -0.03588320 0.81960784 0.09411765 0.83529412
v 0.01457927 0.00233717 -0.04248855 0.81960784 0.09411765 0.83529412
v 0.01457927 -0.00134430 -0.03270413 0.81960784 0.09411765 0.83529412
v 0.01173145 -0.00134430 -0.02763305 0.81960784 0.09411765 0.83529412
v 0.01084745 0.00738148 -0.02763305 0.81960784 0.09411765 0.83529412
v 0.01330039 0.00245557 -0.04248855 0.81960784 0.09411765 0.83529412
v 0.01084745 0.00645506 -0.03553853 0.81960784 0.09411765 0.83529412
v 0.01442183 0.00237347 -0.04248855 0.81960784 0.09411765 0.83529412
v 0.01457927 0.00484766 -0.03772432 0.81960784 0.09411765 0.83529412
v 0.01457927 0.00408717 -0.02763305 0.81960784 0.09411765 0.83529412
v 0.01318788 -0.00134430 -0.03022603 0.81960784 0.09411765 0.83529412
v 0.01084745 0.00747308 -0.02990173 0.81960784 0.09411765 0.83529412
v 0.01291464 0.00701592 -0.02763305 0.81960784 0.09411765 0.83529412
v 0.01389362 0.00693901 -0.02841836 0.81960784 0.09411765 0.83529412
v 0.01397252 0.00698481 -0.02906842 0.81960784 0.09411765 0.83529412
v 0.01330039 0.00709370 -0.02906842 0.81960784 0.09411765 0.83529412
v 0.01084745 0.00688543 -0.03470668 0.81960784 0.09411765 0.83529412
v 0.01457927 0.00522877 -0.03691574 0.81960784 0.09411765 0.83529412
v 0.01457927 0.00631506 -0.02763305 0.81960784 0.09411765 0.83529412
v 0.01084745 0.00748432 -0.03018968 0.81960784 0.09411765 0.83529412
v 0.01312578 0.00697012 -0.02763305 0.81960784 0.09411765 0.83529412
v 0.01358751 0.00684568 -0.02763305 0.81960784 0.09411765 0.83529412
v 0.01435827 0.00646543 -0.02763305 0.81960784 0.09411765 0.83529412
v 0.01453325 0.00652938 -0.02906842 0.81960784 0.09411765 0.83529412
v 0.01457927 0.00651296 -0.03025948 0.81960784 0.09411765 0.83529412
v 0.01397033 0.00698309 -0.03018968 0.81960784 0.09411765 0.83529412
v 0.01330039 0.00711617 -0.03018968 0.81960784 0.09411765 0.83529412
v 0.01084745 0.00725876 -0.03244527 0.81960784 0.09411765 0.83529412
v 0.01294313 0.00696926 -0.03212678 0.81960784 0.09411765 0.83529412
v 0.01331025 0.00682580 -0.03247290 0.81960784 0.09411765 0.83529412
v 0.01330039 0.00659679 -0.03355344 0.81960784 0.09411765 0.83529412
v 0.01457927 0.00556494 -0.03595155 0.81960784 0.09411765 0.83529412
v 0.01457927 0.00648963 -0.02906842 0.81960784 0.09411765 0.83529412
v 0.01084745 0.00743679 -0.03102444 0.81960784 0.09411765 0.83529412
v 0.01457927 0.00649309 -0.02914259 0.81960784 0.09411765 0.83529412
v 0.01457927 0.00644123 -0.03155961 0.81960784 0.09411765 0.83529412
v 0.01457927 0.00634444 -0.03263724 0.81960784 0.09411765 0.83529412
v 0.01389033 0.00693728 -0.03085719 0.81960784 0.09411765 0.83529412
v 0.01331025 0.00701333 -0.03126294 0.81960784 0.09411765 0.83529412
v 0.01084745 0.00741605 -0.03131093 0.81960784 0.09411765 0.83529412
v 0.01369052 0.00688111 -0.03160470 0.81960784 0.09411765 0.83529412
v 0.01457927 0.00616642 -0.03373813 0.81960784 0.09411765 0.83529412
v 0.01457927 0.00576111 -0.03524186 0.81960784 0.09411765 0.83529412
f 2301 2302 2305
f 2301 2305 2311
f 2301 2311 2313
f 2301 2313 2307
f 2301 2307 2303
f 2301 2303 2308
f 2301 2308 2316
f 2301 2316 2309
f 2301 2309 2304
f 2301 2304 2310
f 2301 2310 2317
f 2301 2317 2325
f 2301 2325 2339
f 2301 2339 2345
f 2301 2345 2333
f 2301 2333 2322
f 2301 2322 2312
f 2301 2312 2306
f 2301 2306 2302
f 2302 2306 2305
f 2303 2307 2314
f 2303 2314 2323
f 2303 2323 2337
f 2303 2337 2348
f 2303 2348 2347
f 2303 2347 2342
f 2303 2342 2341
f 2303 2341 2330
f 2303 2330 2340
f 2303 2340 2338
f 2303 2338 2324
f 2303 2324 2315
f 2303 2315 2308
f 2304 2309 2315
f 2304 2315 2324
f 2304 2324 2328
f 2304 2328 2327
f 2304 2327 2326
f 2304 2326 2318
f 2304 2318 2310
f 2305 2306 2312
f 2305 2312 2311
f 2307 2313 2314
f 2308 2315 2316
f 2309 2316 2315
f 2310 2318 2319
f 2310 2319 2320
f 2310 2320 2321
f 2310 2321 2317
f 2311 2312 2313
f 2312 2314 2313
f 2312 2322 2314
f 2314 2322 2323
f 2317 2321 2325
f 2318 2326 2319
f 2319 2326 2327
f 2319 2327 2328
f 2319 2328 2324
f 2319 2324 2320
f 2320 2329 2330
f 2320 2330 2331
f 2320 2331 2332
f 2320 2332 2321
f 2320 2324 2329
f 2321 2332 2325
f 2322 2333 2334
f 2322 2334 2335
f 2322 2335 2336
f 2322 2336 2337
f 2322 2337 2323
f 2324 2338 2329
f 2325 2332 2339
f 2329 2338 2340
f 2329 2340 2330
f 2330 2341 2331
f 2331 2341 2342
f 2331 2342 2343
f 2331 2343 2332
f 2332 2343 2344
f 2332 2344 2345
f 2332 2345 2339
f 2333 2345 2334
f 2334 2345 2344
f 2334 2344 2346
f 2334 2346 2335
f 2335 2347 2336
f 2335 2346 2347
f 2336 2347 2348
f 2336 2348 2337
f 2342 2347 2343
f 2343 2346 2344
f 2343 2347 2346

o geometry_23
v 0.01457927 -0.01130216 -0.04140075 0.09411765 0.97254902 0.46666667
v 0.01457927 -0.01128949 -0.04027950 0.09411765 0.97254902 0.46666667
v 0.01451718 -0.01125927 -0.04027950 0.09411765 0.97254902 0.46666667
v 0.01395682 -0.01096783 -0.04027950 0.09411765 0.97254902 0.46666667
v 0.01451827 -0.01126999 -0.04140075 0.09411765 0.97254902 0.46666667
v 0.01454640 -0.01126707 -0.04248855 0.09411765 0.97254902 0.46666667
v 0.01457927 -0.01128364 -0.04248855 0.09411765 0.97254902 0.46666667
v 0.01457927 -0.01125732 -0.03915824 0.09411765 0.97254902 0.46666667
v 0.01084745 -0.00922403 -0.02769994 0.09411765 0.97254902 0.46666667
v 0.01084745 -0.00923085 -0.02794717 0.09411765 0.97254902 0.46666667
v 0.01084745 -0.00924353 -0.02906842 0.09411765 0.97254902 0.46666667
v 0.01395755 -0.01096393 -0.04140075 0.09411765 0.97254902 0.46666667
v 0.01084745 -0.00924742 -0.03018968 0.09411765 0.97254902 0.46666667
v 0.01084745 -0.00924548 -0.03131093 0.09411765 0.97254902 0.46666667
v 0.01398567 -0.01094443 -0.04248855 0.09411765 0.97254902 0.46666667
v 0.01457927 -0.00134430 -0.04248855 0.09411765 0.97254902 0.46666667
v 0.01457927 -0.01121443 -0.03803263 0.09411765 0.97254902 0.46666667
v 0.01084745 -0.00922208 -0.02763305 0.09411765 0.97254902 0.46666667
v 0.01330039 -0.01059548 -0.04027950 0.09411765 0.97254902 0.46666667
v 0.01241236 -0.01009447 -0.03915824 0.09411765 0.97254902 0.46666667
v 0.01243647 -0.01008569 -0.04027950 0.09411765 0.97254902 0.46666667
v 0.01084745 -0.00923963 -0.03243218 0.09411765 0.97254902 0.46666667
v 0.01330039 -0.01050678 -0.04248855 0.09411765 0.97254902 0.46666667
v 0.01248834 -0.01005938 -0.04140075 0.09411765 0.97254902 0.46666667
v 0.01084745 -0.00134430 -0.04248855 0.09411765 0.97254902 0.46666667
v 0.01457927 -0.00134430 -0.03270413 0.09411765 0.97254902 0.46666667
v 0.01457927 -0.01116375 -0.03691574 0.09411765 0.97254902 0.46666667
v 0.01105822 -0.00929909 -0.02763305 0.09411765 0.97254902 0.46666667
v 0.01084745 -0.00134430 -0.02763305 0.09411765 0.97254902 0.46666667
v 0.01457927 -0.01115790 -0.03680521 0.09411765 0.97254902 0.46666667
v 0.01457927 -0.01108869 -0.03553708 0.09411765 0.97254902 0.46666667
v 0.01084745 -0.00922890 -0.03355344 0.09411765 0.97254902 0.46666667
v 0.01185200 -0.00975136 -0.03915824 0.09411765 0.97254902 0.46666667
v 0.01187574 -0.00972894 -0.04027950 0.09411765 0.97254902 0.46666667
v 0.01254131 -0.01000967 -0.04248855 0.09411765 0.97254902 0.46666667
v 0.01192762 -0.00968800 -0.04140075 0.09411765 0.97254902 0.46666667
v 0.01084745 -0.00876396 -0.04248855 0.09411765 0.97254902 0.46666667
v 0.01318788 -0.00134430 -0.03022603 0.09411765 0.97254902 0.46666667
v 0.01457927 -0.00189697 -0.02763305 0.09411765 0.97254902 0.46666667
v 0.01217967 -0.00965486 -0.02763305 0.09411765 0.97254902 0.46666667
v 0.01457927 -0.01100194 -0.03421077 0.09411765 0.97254902 0.46666667
v 0.01457927 -0.01088107 -0.03266923 0.09411765 0.97254902 0.46666667
v 0.01457927 -0.01086938 -0.03253398 0.09411765 0.97254902 0.46666667
v 0.01173145 -0.00134430 -0.02763305 0.09411765 0.97254902 0.46666667
v 0.01084745 -0.00920941 -0.03467469 0.09411765 0.97254902 0.46666667
v 0.01084745 -0.00918407 -0.03579449 0.09411765 0.97254902 0.46666667
v 0.01084745 -0.00915775 -0.03691574 0.09411765 0.97254902 0.46666667
v 0.01084745 -0.00912753 -0.03803699 0.09411765 0.97254902 0.46666667
v 0.01084745 -0.00902421 -0.04016170 0.09411765 0.97254902 0.46666667
v 0.01105822 -0.00922598 -0.03915824 0.09411765 0.97254902 0.46666667
v 0.01084745 -0.00908367 -0.03915824 0.09411765 0.97254902 0.46666667
v 0.01199702 -0.00962854 -0.04248855 0.09411765 0.97254902 0.46666667
v 0.01084745 -0.00900862 -0.04034785 0.09411765 0.97254902 0.46666667
v 0.01084745 -0.00895013 -0.04102409 0.09411765 0.97254902 0.46666667
v 0.01114224 -0.00912753 -0.04140075 0.09411765 0.97254902 0.46666667
v 0.01122114 -0.00905540 -0.04248855 0.09411765 0.97254902 0.46666667
v 0.01084745 -0.00885461 -0.04185303 0.09411765 0.97254902 0.46666667
v 0.01457927 -0.01029234 -0.02763305 0.09411765 0.97254902 0.46666667
v 0.01288614 -0.00985858 -0.02763305 0.09411765 0.97254902 0.46666667
v 0.01457927 -0.01075046 -0.03131093 0.09411765 0.97254902 0.46666667
v 0.01123758 -0.00906807 -0.04248855 0.09411765 0.97254902 0.46666667
v 0.01084745 -0.00890919 -0.04140075 0.09411765 0.97254902 0.46666667
v 0.01442183 -0.01026017 -0.02763305 0.09411765 0.97254902 0.46666667
v 0.01457927 -0.01033328 -0.02794717 0.09411765 0.97254902 0.46666667
v 0.01329016 -0.00997263 -0.02763305 0.09411765 0.97254902 0.46666667
v 0.01457927 -0.01061692 -0.03018241 0.09411765 0.97254902 0.46666667
v 0.01344687 -0.01001356 -0.02763305 0.09411765 0.97254902 0.46666667
f 2349 2350 2351
f 2349 2351 2352
f 2349 2352 2353
f 2349 2353 2354
f 2349 2354 2355
f 2349 2355 2364
f 2349 2364 2374
f 2349 2374 2387
f 2349 2387 2406
f 2349 2406 2412
f 2349 2412 2414
f 2349 2414 2408
f 2349 2408 2391
f 2349 2391 2390
f 2349 2390 2389
f 2349 2389 2379
f 2349 2379 2378
f 2349 2378 2375
f 2349 2375 2365
f 2349 2365 2356
f 2349 2356 2350
f 2350 2356 2357
f 2350 2357 2358
f 2350 2358 2351
f 2351 2358 2359
f 2351 2359 2352
f 2352 2360 2353
f 2352 2359 2361
f 2352 2361 2362
f 2352 2362 2360
f 2353 2360 2354
f 2354 2363 2371
f 2354 2371 2383
f 2354 2383 2400
f 2354 2400 2409
f 2354 2409 2404
f 2354 2404 2385
f 2354 2385 2373
f 2354 2373 2364
f 2354 2364 2355
f 2354 2360 2363
f 2356 2365 2366
f 2356 2366 2357
f 2357 2366 2377
f 2357 2377 2373
f 2357 2373 2385
f 2357 2385 2405
f 2357 2405 2410
f 2357 2410 2402
f 2357 2402 2401
f 2357 2401 2397
f 2357 2397 2399
f 2357 2399 2396
f 2357 2396 2395
f 2357 2395 2394
f 2357 2394 2393
f 2357 2393 2380
f 2357 2380 2370
f 2357 2370 2362
f 2357 2362 2361
f 2357 2361 2359
f 2357 2359 2358
f 2360 2367 2368
f 2360 2368 2369
f 2360 2369 2363
f 2360 2362 2370
f 2360 2370 2367
f 2363 2369 2372
f 2363 2372 2371
f 2364 2373 2377
f 2364 2377 2392
f 2364 2392 2386
f 2364 2386 2374
f 2365 2375 2366
f 2366 2376 2388
f 2366 2388 2407
f 2366 2407 2413
f 2366 2413 2415
f 2366 2415 2411
f 2366 2411 2406
f 2366 2406 2387
f 2366 2387 2392
f 2366 2392 2377
f 2366 2375 2378
f 2366 2378 2379
f 2366 2379 2376
f 2367 2370 2368
f 2368 2380 2381
f 2368 2381 2369
f 2368 2370 2380
f 2369 2382 2372
f 2369 2381 2382
f 2371 2372 2383
f 2372 2382 2384
f 2372 2384 2383
f 2374 2386 2387
f 2376 2379 2389
f 2376 2389 2390
f 2376 2390 2391
f 2376 2391 2388
f 2380 2393 2381
f 2381 2393 2394
f 2381 2394 2395
f 2381 2395 2396
f 2381 2396 2382
f 2382 2397 2384
f 2382 2396 2398
f 2382 2398 2399
f 2382 2399 2397
f 2383 2384 2400
f 2384 2397 2401
f 2384 2401 2402
f 2384 2402 2403
f 2384 2403 2400
f 2385 2404 2405
f 2386 2392 2387
f 2388 2391 2408
f 2388 2408 2407
f 2396 2399 2398
f 2400 2403 2409
f 2402 2410 2403
f 2403 2410 2409
f 2404 2409 2405
f 2405 2409 2410
f 2406 2411 2412
f 2407 2408 2413
f 2408 2414 2413
f 2411 2415 2414
f 2411 2414 2412
f 2413 2414 2415

o geometry_24
v 0.01084745 -0.00876310 -0.04249001 0.97647059 0.60392157 0.73725490
v 0.01084745 -0.00875994 -0.04252307 0.97647059 0.60392157 0.73725490
v 0.01122918 -0.00906110 -0.04249001 0.97647059 0.60392157 0.73725490
v 0.01084745 0.00166063 -0.04249001 0.97647059 0.60392157 0.73725490
v 0.01124050 -0.00906583 -0.04252307 0.97647059 0.60392157 0.73725490
v 0.01084745 -0.00871580 -0.04279954 0.97647059 0.60392157 0.73725490
v 0.01283354 -0.00982423 -0.04580117 0.97647059 0.60392157 0.73725490
v 0.01276889 -0.00987469 -0.04516137 0.97647059 0.60392157 0.73725490
v 0.01126059 -0.00908475 -0.04249001 0.97647059 0.60392157 0.73725490
v 0.01298112 0.00241115 -0.04249001 0.97647059 0.60392157 0.73725490
v 0.01251976 0.00482353 -0.04292627 0.97647059 0.60392157 0.73725490
v 0.01251976 0.00482353 -0.04318815 0.97647059 0.60392157 0.73725490
v 0.01084745 0.00127275 -0.04476530 0.97647059 0.60392157 0.73725490
v 0.01270350 -0.00992357 -0.04441396 0.97647059 0.60392157 0.73725490
v 0.01084745 -0.00853920 -0.04372294 0.97647059 0.60392157 0.73725490
v 0.01157255 -0.00881986 -0.04553540 0.97647059 0.60392157 0.73725490
v 0.01148707 -0.00889081 -0.04476530 0.97647059 0.60392157 0.73725490
v 0.01332815 -0.01019319 -0.04580117 0.97647059 0.60392157 0.73725490
v 0.01194953 -0.00908633 -0.04580117 0.97647059 0.60392157 0.73725490
v 0.01199921 -0.00962714 -0.04252307 0.97647059 0.60392157 0.73725490
v 0.01199702 -0.00962872 -0.04249001 0.97647059 0.60392157 0.73725490
v 0.01330039 0.00245372 -0.04249001 0.97647059 0.60392157 0.73725490
v 0.01283573 0.00482353 -0.04292627 0.97647059 0.60392157 0.73725490
v 0.01283573 0.00482353 -0.04318815 0.97647059 0.60392157 0.73725490
v 0.01201383 0.00107251 -0.04580117 0.97647059 0.60392157 0.73725490
v 0.01084745 0.00103151 -0.04580117 0.97647059 0.60392157 0.73725490
v 0.01264249 -0.00996614 -0.04364451 0.97647059 0.60392157 0.73725490
v 0.01338769 -0.01023576 -0.04580117 0.97647059 0.60392157 0.73725490
v 0.01320578 -0.01023576 -0.04477859 0.97647059 0.60392157 0.73725490
v 0.01084745 -0.00845406 -0.04407039 0.97647059 0.60392157 0.73725490
v 0.01084745 -0.00828220 -0.04476530 0.97647059 0.60392157 0.73725490
v 0.01106370 -0.00822386 -0.04580117 0.97647059 0.60392157 0.73725490
v 0.01116671 -0.00832950 -0.04580117 0.97647059 0.60392157 0.73725490
v 0.01255994 -0.01001975 -0.04252307 0.97647059 0.60392157 0.73725490
v 0.01254131 -0.01000871 -0.04249001 0.97647059 0.60392157 0.73725490
v 0.01442183 0.00237173 -0.04249001 0.97647059 0.60392157 0.73725490
v 0.01451316 0.00235123 -0.04249001 0.97647059 0.60392157 0.73725490
v 0.01457927 0.00233546 -0.04249001 0.97647059 0.60392157 0.73725490
v 0.01457927 0.00090853 -0.04580117 0.97647059 0.60392157 0.73725490
v 0.01324523 0.00100313 -0.04580117 0.97647059 0.60392157 0.73725490
v 0.01217967 0.00107251 -0.04580117 0.97647059 0.60392157 0.73725490
v 0.01084745 -0.00798577 -0.04580117 0.97647059 0.60392157 0.73725490
v 0.01411170 -0.01086014 -0.04476530 0.97647059 0.60392157 0.73725490
v 0.01330039 -0.01041708 -0.04364451 0.97647059 0.60392157 0.73725490
v 0.01419827 -0.01080180 -0.04580117 0.97647059 0.60392157 0.73725490
v 0.01084745 -0.00802361 -0.04570847 0.97647059 0.60392157 0.73725490
v 0.01098224 -0.00813871 -0.04580117 0.97647059 0.60392157 0.73725490
v 0.01403937 -0.01090902 -0.04364451 0.97647059 0.60392157 0.73725490
v 0.01330039 -0.01050696 -0.04249001 0.97647059 0.60392157 0.73725490
v 0.01258149 -0.01003552 -0.04249001 0.97647059 0.60392157 0.73725490
v 0.01255775 -0.01001975 -0.04249001 0.97647059 0.60392157 0.73725490
v 0.01457927 -0.01128270 -0.04249001 0.97647059 0.60392157 0.73725490
v 0.01457927 -0.01104304 -0.04580117 0.97647059 0.60392157 0.73725490
v 0.01454348 -0.01102097 -0.04580117 0.97647059 0.60392157 0.73725490
v 0.01457927 -0.01106827 -0.04556619 0.97647059 0.60392157 0.73725490
v 0.01457927 -0.01114868 -0.04476530 0.97647059 0.60392157 0.73725490
v 0.01457927 -0.01116287 -0.04460000 0.97647059 0.60392157 0.73725490
v 0.01457927 -0.01123540 -0.04360594 0.97647059 0.60392157 0.73725490
v 0.01398641 -0.01094371 -0.04252307 0.97647059 0.60392157 0.73725490
v 0.01398567 -0.01094371 -0.04249001 0.97647059 0.60392157 0.73725490
v 0.01454640 -0.01126694 -0.04249001 0.97647059 0.60392157 0.73725490
v 0.01457927 -0.01128428 -0.04252307 0.97647059 0.60392157 0.73725490
v 0.01454713 -0.01126694 -0.04252307 0.97647059 0.60392157 0.73725490
v 0.01452996 -0.01125748 -0.04249001 0.97647059 0.60392157 0.73725490
f 2416 2417 2418
f 2416 2418 2424
f 2416 2424 2436
f 2416 2436 2450
f 2416 2450 2466
f 2416 2466 2465
f 2416 2465 2464
f 2416 2464 2475
f 2416 2475 2479
f 2416 2479 2476
f 2416 2476 2467
f 2416 2467 2453
f 2416 2453 2452
f 2416 2452 2451
f 2416 2451 2437
f 2416 2437 2425
f 2416 2425 2419
f 2416 2419 2428
f 2416 2428 2441
f 2416 2441 2457
f 2416 2457 2461
f 2416 2461 2446
f 2416 2446 2445
f 2416 2445 2430
f 2416 2430 2421
f 2416 2421 2417
f 2417 2420 2418
f 2417 2421 2422
f 2417 2422 2423
f 2417 2423 2420
f 2418 2420 2424
f 2419 2425 2426
f 2419 2426 2427
f 2419 2427 2428
f 2420 2423 2429
f 2420 2429 2424
f 2421 2430 2431
f 2421 2431 2432
f 2421 2432 2422
f 2422 2433 2423
f 2422 2432 2434
f 2422 2434 2448
f 2422 2448 2447
f 2422 2447 2462
f 2422 2462 2457
f 2422 2457 2441
f 2422 2441 2440
f 2422 2440 2456
f 2422 2456 2455
f 2422 2455 2454
f 2422 2454 2468
f 2422 2468 2469
f 2422 2469 2460
f 2422 2460 2443
f 2422 2443 2433
f 2423 2433 2429
f 2424 2429 2435
f 2424 2435 2436
f 2425 2437 2426
f 2426 2437 2438
f 2426 2438 2439
f 2426 2439 2427
f 2427 2439 2456
f 2427 2456 2440
f 2427 2440 2441
f 2427 2441 2428
f 2429 2442 2435
f 2429 2433 2443
f 2429 2443 2444
f 2429 2444 2442
f 2430 2445 2431
f 2431 2434 2432
f 2431 2445 2446
f 2431 2446 2447
f 2431 2447 2448
f 2431 2448 2434
f 2435 2442 2449
f 2435 2449 2436
f 2436 2449 2450
f 2437 2451 2438
f 2438 2451 2452
f 2438 2452 2453
f 2438 2453 2439
f 2439 2453 2454
f 2439 2454 2455
f 2439 2455 2456
f 2442 2444 2458
f 2442 2458 2459
f 2442 2459 2449
f 2443 2460 2444
f 2444 2460 2458
f 2446 2461 2447
f 2447 2461 2462
f 2449 2459 2463
f 2449 2463 2464
f 2449 2464 2465
f 2449 2465 2466
f 2449 2466 2450
f 2453 2467 2477
f 2453 2477 2473
f 2453 2473 2472
f 2453 2472 2471
f 2453 2471 2470
f 2453 2470 2468
f 2453 2468 2454
f 2457 2462 2461
f 2458 2460 2469
f 2458 2469 2470
f 2458 2470 2471
f 2458 2471 2472
f 2458 2472 2463
f 2458 2463 2459
f 2463 2472 2473
f 2463 2473 2474
f 2463 2474 2464
f 2464 2474 2475
f 2467 2476 2477
f 2468 2470 2469
f 2473 2477 2478
f 2473 2478 2474
f 2474 2478 2479
f 2474 2479 2475
f 2476 2479 2478
f 2476 2478 2477

o geometry_25
v 0.01217967 0.00107220 -0.04580117 0.03529412 0.28235294 0.11764706
v 0.01201383 0.00107220 -0.04580117 0.03529412 0.28235294 0.11764706
v 0.01324523 0.00100306 -0.04580117 0.03529412 0.28235294 0.11764706
v 0.01457927 0.00198152 -0.04740289 0.03529412 0.28235294 0.11764706
v 0.01084745 0.00103176 -0.04580117 0.03529412 0.28235294 0.11764706
v 0.01457927 0.00090782 -0.04580117 0.03529412 0.28235294 0.11764706
v 0.01457927 0.00228419 -0.04803075 0.03529412 0.28235294 0.11764706
v 0.01084745 0.00203109 -0.04905047 0.03529412 0.28235294 0.11764706
v 0.01084745 -0.00798572 -0.04580117 0.03529412 0.28235294 0.11764706
v 0.01457927 -0.01104373 -0.04580117 0.03529412 0.28235294 0.11764706
v 0.01457927 0.00228419 -0.04813466 0.03529412 0.28235294 0.11764706
v 0.01084745 0.00207414 -0.04925055 0.03529412 0.28235294 0.11764706
v 0.01084745 -0.00792440 -0.04601009 0.03529412 0.28235294 0.11764706
v 0.01098224 -0.00813836 -0.04580117 0.03529412 0.28235294 0.11764706
v 0.01419827 -0.01080107 -0.04580117 0.03529412 0.28235294 0.11764706
v 0.01420558 -0.01079585 -0.04588739 0.03529412 0.28235294 0.11764706
v 0.01457927 -0.01103329 -0.04588739 0.03529412 0.28235294 0.11764706
v 0.01457927 0.00175060 -0.04931300 0.03529412 0.28235294 0.11764706
v 0.01098370 0.00166841 -0.05044272 0.03529412 0.28235294 0.11764706
v 0.01084745 0.00173755 -0.05028741 0.03529412 0.28235294 0.11764706
v 0.01084745 -0.00776524 -0.04651802 0.03529412 0.28235294 0.11764706
v 0.01165730 -0.00873848 -0.04628368 0.03529412 0.28235294 0.11764706
v 0.01106370 -0.00822316 -0.04580117 0.03529412 0.28235294 0.11764706
v 0.01338769 -0.01023617 -0.04580117 0.03529412 0.28235294 0.11764706
v 0.01432759 -0.01070583 -0.04700826 0.03529412 0.28235294 0.11764706
v 0.01457927 -0.01087283 -0.04700826 0.03529412 0.28235294 0.11764706
v 0.01457927 -0.01094980 -0.04650089 0.03529412 0.28235294 0.11764706
v 0.01340303 -0.01023617 -0.04588739 0.03529412 0.28235294 0.11764706
v 0.01084745 0.00155882 -0.05060355 0.03529412 0.28235294 0.11764706
v 0.01457927 0.00127964 -0.04979717 0.03529412 0.28235294 0.11764706
v 0.01130808 0.00119223 -0.05086387 0.03529412 0.28235294 0.11764706
v 0.01084745 0.00127703 -0.05091251 0.03529412 0.28235294 0.11764706
v 0.01084745 0.00167102 -0.05043387 0.03529412 0.28235294 0.11764706
v 0.01126096 -0.00806660 -0.04700826 0.03529412 0.28235294 0.11764706
v 0.01176250 -0.00862628 -0.04700826 0.03529412 0.28235294 0.11764706
v 0.01084745 -0.00756955 -0.04700826 0.03529412 0.28235294 0.11764706
v 0.01116671 -0.00833014 -0.04580117 0.03529412 0.28235294 0.11764706
v 0.01232323 -0.00914291 -0.04700826 0.03529412 0.28235294 0.11764706
v 0.01297637 -0.00970389 -0.04700826 0.03529412 0.28235294 0.11764706
v 0.01209054 -0.00918596 -0.04590066 0.03529412 0.28235294 0.11764706
v 0.01194953 -0.00908681 -0.04580117 0.03529412 0.28235294 0.11764706
v 0.01332815 -0.01019312 -0.04580117 0.03529412 0.28235294 0.11764706
v 0.01457927 -0.01067191 -0.04799482 0.03529412 0.28235294 0.11764706
v 0.01457927 -0.01083238 -0.04724924 0.03529412 0.28235294 0.11764706
v 0.01353710 -0.01014485 -0.04700826 0.03529412 0.28235294 0.11764706
v 0.01283354 -0.00982392 -0.04580117 0.03529412 0.28235294 0.11764706
v 0.01284231 -0.00981739 -0.04588739 0.03529412 0.28235294 0.11764706
v 0.01457927 0.00100828 -0.04992871 0.03529412 0.28235294 0.11764706
v 0.01188597 0.00044468 -0.05103686 0.03529412 0.28235294 0.11764706
v 0.01098370 0.00079302 -0.05107666 0.03529412 0.28235294 0.11764706
v 0.01084745 0.00096522 -0.05103355 0.03529412 0.28235294 0.11764706
v 0.01084745 -0.00748736 -0.04718789 0.03529412 0.28235294 0.11764706
v 0.01144141 -0.00786700 -0.04791026 0.03529412 0.28235294 0.11764706
v 0.01253327 -0.00897070 -0.04812968 0.03529412 0.28235294 0.11764706
v 0.01315171 -0.00953168 -0.04812968 0.03529412 0.28235294 0.11764706
v 0.01371244 -0.01001309 -0.04812968 0.03529412 0.28235294 0.11764706
v 0.01457927 -0.01065365 -0.04807938 0.03529412 0.28235294 0.11764706
v 0.01452412 -0.01062103 -0.04804844 0.03529412 0.28235294 0.11764706
v 0.01457927 0.00078388 -0.05002875 0.03529412 0.28235294 0.11764706
v 0.01457927 -0.00036809 -0.05046538 0.03529412 0.28235294 0.11764706
v 0.01301034 -0.00066163 -0.05103410 0.03529412 0.28235294 0.11764706
v 0.01222752 -0.00031982 -0.05114630 0.03529412 0.28235294 0.11764706
v 0.01084745 0.00093522 -0.05104128 0.03529412 0.28235294 0.11764706
v 0.01105822 -0.00036809 -0.05128558 0.03529412 0.28235294 0.11764706
v 0.01084745 0.00078519 -0.05106837 0.03529412 0.28235294 0.11764706
v 0.01084745 -0.00699030 -0.04805009 0.03529412 0.28235294 0.11764706
v 0.01163721 -0.00762825 -0.04865695 0.03529412 0.28235294 0.11764706
v 0.01268523 -0.00883372 -0.04878131 0.03529412 0.28235294 0.11764706
v 0.01382896 -0.00992307 -0.04874981 0.03529412 0.28235294 0.11764706
v 0.01457927 -0.01038620 -0.04897254 0.03529412 0.28235294 0.11764706
v 0.01457927 -0.00148875 -0.05063782 0.03529412 0.28235294 0.11764706
v 0.01442183 -0.00148875 -0.05069253 0.03529412 0.28235294 0.11764706
v 0.01319956 -0.00148875 -0.05111700 0.03529412 0.28235294 0.11764706
v 0.01217967 -0.00148875 -0.05133366 0.03529412 0.28235294 0.11764706
v 0.01105822 -0.00148875 -0.05122754 0.03529412 0.28235294 0.11764706
v 0.01084745 -0.00036809 -0.05123805 0.03529412 0.28235294 0.11764706
v 0.01084745 -0.00005107 -0.05121483 0.03529412 0.28235294 0.11764706
v 0.01457927 -0.00709467 -0.05144696 0.03529412 0.28235294 0.11764706
v 0.01457927 -0.00725122 -0.05144365 0.03529412 0.28235294 0.11764706
v 0.01084745 -0.00676591 -0.04832092 0.03529412 0.28235294 0.11764706
v 0.01267902 -0.00775219 -0.04987454 0.03529412 0.28235294 0.11764706
v 0.01291902 -0.00849974 -0.04952855 0.03529412 0.28235294 0.11764706
v 0.01084745 -0.00649585 -0.04861440 0.03529412 0.28235294 0.11764706
v 0.01137822 -0.00688071 -0.04896370 0.03529412 0.28235294 0.11764706
v 0.01366641 -0.00898375 -0.05002156 0.03529412 0.28235294 0.11764706
v 0.01402805 -0.00973129 -0.04949705 0.03529412 0.28235294 0.11764706
v 0.01457927 -0.00998177 -0.04992705 0.03529412 0.28235294 0.11764706
v 0.01440978 -0.01019964 -0.04917428 0.03529412 0.28235294 0.11764706
v 0.01457927 -0.01032097 -0.04918920 0.03529412 0.28235294 0.11764706
v 0.01457927 -0.00613056 -0.05134416 0.03529412 0.28235294 0.11764706
v 0.01084745 -0.00148875 -0.05116122 0.03529412 0.28235294 0.11764706
v 0.01084745 -0.00120826 -0.05119438 0.03529412 0.28235294 0.11764706
v 0.01457927 -0.00815010 -0.05129718 0.03529412 0.28235294 0.11764706
v 0.01084745 -0.00586703 -0.04913835 0.03529412 0.28235294 0.11764706
v 0.01084745 -0.00542998 -0.04946223 0.03529412 0.28235294 0.11764706
v 0.01084745 -0.00517819 -0.04963744 0.03529412 0.28235294 0.11764706
v 0.01402659 -0.00846190 -0.05076936 0.03529412 0.28235294 0.11764706
v 0.01457927 -0.00889242 -0.05100923 0.03529412 0.28235294 0.11764706
v 0.01457927 -0.00949385 -0.05053114 0.03529412 0.28235294 0.11764706
v 0.01457927 -0.00971302 -0.05026088 0.03529412 0.28235294 0.11764706
v 0.01457927 -0.01013963 -0.04959378 0.03529412 0.28235294 0.11764706
v 0.01084745 -0.00234197 -0.05101255 0.03529412 0.28235294 0.11764706
v 0.01457927 -0.00833535 -0.05123362 0.03529412 0.28235294 0.11764706
v 0.01440905 -0.00813966 -0.05120765 0.03529412 0.28235294 0.11764706
v 0.01084745 -0.00460547 -0.04998011 0.03529412 0.28235294 0.11764706
v 0.01084745 -0.00306211 -0.05072127 0.03529412 0.28235294 0.11764706
v 0.01382933 -0.00771436 -0.05095617 0.03529412 0.28235294 0.11764706
v 0.01457927 -0.00856105 -0.05115459 0.03529412 0.28235294 0.11764706
v 0.01084745 -0.00289121 -0.05079865 0.03529412 0.28235294 0.11764706
f 2480 2481 2484
f 2480 2484 2488
f 2480 2488 2493
f 2480 2493 2502
f 2480 2502 2516
f 2480 2516 2520
f 2480 2520 2525
f 2480 2525 2521
f 2480 2521 2503
f 2480 2503 2494
f 2480 2494 2489
f 2480 2489 2485
f 2480 2485 2482
f 2480 2482 2483
f 2480 2483 2481
f 2481 2483 2484
f 2482 2485 2483
f 2483 2486 2484
f 2483 2485 2489
f 2483 2489 2496
f 2483 2496 2506
f 2483 2506 2505
f 2483 2505 2523
f 2483 2523 2522
f 2483 2522 2536
f 2483 2536 2549
f 2483 2549 2568
f 2483 2568 2580
f 2483 2580 2566
f 2483 2566 2579
f 2483 2579 2578
f 2483 2578 2577
f 2483 2577 2587
f 2483 2587 2582
f 2483 2582 2572
f 2483 2572 2558
f 2483 2558 2557
f 2483 2557 2569
f 2483 2569 2550
f 2483 2550 2539
f 2483 2539 2538
f 2483 2538 2527
f 2483 2527 2509
f 2483 2509 2497
f 2483 2497 2490
f 2483 2490 2486
f 2484 2486 2487
f 2484 2487 2491
f 2484 2491 2499
f 2484 2499 2512
f 2484 2512 2508
f 2484 2508 2511
f 2484 2511 2530
f 2484 2530 2542
f 2484 2542 2544
f 2484 2544 2556
f 2484 2556 2555
f 2484 2555 2571
f 2484 2571 2570
f 2484 2570 2581
f 2484 2581 2588
f 2484 2588 2585
f 2484 2585 2584
f 2484 2584 2575
f 2484 2575 2574
f 2484 2574 2573
f 2484 2573 2562
f 2484 2562 2559
f 2484 2559 2545
f 2484 2545 2531
f 2484 2531 2515
f 2484 2515 2500
f 2484 2500 2492
f 2484 2492 2488
f 2486 2490 2491
f 2486 2491 2487
f 2488 2492 2493
f 2489 2494 2495
f 2489 2495 2496
f 2490 2497 2498
f 2490 2498 2499
f 2490 2499 2491
f 2492 2500 2501
f 2492 2501 2493
f 2493 2501 2502
f 2494 2503 2495
f 2495 2504 2505
f 2495 2505 2506
f 2495 2506 2496
f 2495 2503 2507
f 2495 2507 2504
f 2497 2508 2498
f 2497 2509 2510
f 2497 2510 2511
f 2497 2511 2508
f 2498 2508 2512
f 2498 2512 2499
f 2500 2513 2514
f 2500 2514 2501
f 2500 2515 2513
f 2501 2516 2502
f 2501 2514 2517
f 2501 2517 2518
f 2501 2518 2519
f 2501 2519 2520
f 2501 2520 2516
f 2503 2521 2507
f 2504 2522 2523
f 2504 2523 2505
f 2504 2507 2524
f 2504 2524 2522
f 2507 2521 2525
f 2507 2525 2526
f 2507 2526 2524
f 2509 2527 2510
f 2510 2527 2528
f 2510 2528 2529
f 2510 2529 2511
f 2511 2529 2530
f 2513 2515 2531
f 2513 2531 2532
f 2513 2532 2514
f 2514 2533 2517
f 2514 2532 2533
f 2517 2533 2534
f 2517 2534 2518
f 2518 2535 2524
f 2518 2524 2526
f 2518 2526 2519
f 2518 2534 2535
f 2519 2526 2520
f 2520 2526 2525
f 2522 2524 2536
f 2524 2535 2537
f 2524 2537 2536
f 2527 2538 2528
f 2528 2539 2540
f 2528 2540 2541
f 2528 2541 2529
f 2528 2538 2539
f 2529 2542 2530
f 2529 2541 2543
f 2529 2543 2544
f 2529 2544 2542
f 2531 2545 2532
f 2532 2545 2546
f 2532 2546 2547
f 2532 2547 2533
f 2533 2547 2548
f 2533 2548 2534
f 2534 2548 2535
f 2535 2548 2536
f 2535 2536 2537
f 2536 2548 2549
f 2539 2550 2551
f 2539 2551 2552
f 2539 2552 2540
f 2540 2552 2553
f 2540 2553 2541
f 2541 2553 2543
f 2543 2554 2555
f 2543 2555 2556
f 2543 2556 2544
f 2543 2553 2557
f 2543 2557 2558
f 2543 2558 2554
f 2545 2559 2546
f 2546 2560 2561
f 2546 2561 2547
f 2546 2559 2562
f 2546 2562 2563
f 2546 2563 2560
f 2547 2561 2564
f 2547 2564 2565
f 2547 2565 2548
f 2548 2565 2566
f 2548 2566 2567
f 2548 2567 2568
f 2548 2568 2549
f 2550 2569 2551
f 2551 2569 2552
f 2552 2569 2553
f 2553 2569 2557
f 2554 2570 2571
f 2554 2571 2555
f 2554 2558 2570
f 2558 2572 2570
f 2560 2563 2573
f 2560 2573 2574
f 2560 2574 2575
f 2560 2575 2576
f 2560 2576 2564
f 2560 2564 2561
f 2562 2573 2563
f 2564 2576 2577
f 2564 2577 2578
f 2564 2578 2579
f 2564 2579 2566
f 2564 2566 2565
f 2566 2580 2567
f 2567 2580 2568
f 2570 2572 2581
f 2572 2582 2583
f 2572 2583 2581
f 2575 2584 2576
f 2576 2584 2585
f 2576 2585 2586
f 2576 2586 2577
f 2577 2586 2587
f 2581 2583 2588
f 2582 2587 2583
f 2583 2587 2588
f 2585 2588 2586
f 2586 2588 2587

o geometry_26
v 0.00985299 -0.00141505 0.00314464 0.29411765 0.11764706 0.31764706
v 0.00938115 -0.00141505 0.00394730 0.29411765 0.11764706 0.31764706
v 0.00985416 -0.00148842 0.00314464 0.29411765 0.11764706 0.31764706
v 0.00258411 -0.00141505 0.00314464 0.29411765 0.11764706 0.31764706
v 0.00935885 -0.00141505 0.00398413 0.29411765 0.11764706 0.31764706
v 0.00936002 -0.00148842 0.00398463 0.29411765 0.11764706 0.31764706
v 0.00976965 -0.00261021 0.00314464 0.29411765 0.11764706 0.31764706
v -0.00213662 -0.00248035 0.00314464 0.29411765 0.11764706 0.31764706
v 0.00229654 -0.00141505 0.00356762 0.29411765 0.11764706 0.31764706
v 0.00669097 -0.00141505 0.00822737 0.29411765 0.11764706 0.31764706
v 0.00669566 -0.00148842 0.00822737 0.29411765 0.11764706 0.31764706
v 0.00930955 -0.00261021 0.00390401 0.29411765 0.11764706 0.31764706
v 0.00668393 -0.00179876 0.00822737 0.29411765 0.11764706 0.31764706
v 0.00665341 -0.00259627 0.00822737 0.29411765 0.11764706 0.31764706
v 0.00653839 -0.00373127 0.00822737 0.29411765 0.11764706 0.31764706
v 0.00961472 -0.00372907 0.00314464 0.29411765 0.11764706 0.31764706
v -0.00213662 -0.00852292 0.00314464 0.29411765 0.11764706 0.31764706
v -0.00213662 -0.00247301 0.00822737 0.29411765 0.11764706 0.31764706
v -0.00048401 -0.00141505 0.00822737 0.29411765 0.11764706 0.31764706
v -0.00025044 -0.00141505 0.00777503 0.29411765 0.11764706 0.31764706
v 0.00032938 -0.00141505 0.00681412 0.29411765 0.11764706 0.31764706
v 0.00660881 -0.00303794 0.00822737 0.29411765 0.11764706 0.31764706
v 0.00632712 -0.00485233 0.00822737 0.29411765 0.11764706 0.31764706
v 0.00953256 -0.00409150 0.00314464 0.29411765 0.11764706 0.31764706
v -0.00213662 -0.00852952 0.00321580 0.29411765 0.11764706 0.31764706
v -0.00127510 -0.00858528 0.00314464 0.29411765 0.11764706 0.31764706
v -0.00213662 -0.00886481 0.00822737 0.29411765 0.11764706 0.31764706
v 0.00624965 -0.00514580 0.00822737 0.29411765 0.11764706 0.31764706
v 0.00939523 -0.00465937 0.00314464 0.29411765 0.11764706 0.31764706
v -0.00213662 -0.00855006 0.00345068 0.29411765 0.11764706 0.31764706
v -0.00127510 -0.00860729 0.00345068 0.29411765 0.11764706 0.31764706
v -0.00015419 -0.00861169 0.00314464 0.29411765 0.11764706 0.31764706
v -0.00213662 -0.00862930 0.00457182 0.29411765 0.11764706 0.31764706
v -0.00209084 -0.00886628 0.00822737 0.29411765 0.11764706 0.31764706
v 0.00607594 -0.00561242 0.00822737 0.29411765 0.11764706 0.31764706
v 0.00923443 -0.00511718 0.00314464 0.29411765 0.11764706 0.31764706
v -0.00127510 -0.00888902 0.00822737 0.29411765 0.11764706 0.31764706
v 0.00096671 -0.00880538 0.00586167 0.29411765 0.11764706 0.31764706
v 0.00096671 -0.00886187 0.00681412 0.29411765 0.11764706 0.31764706
v 0.00320970 -0.00865718 0.00314464 0.29411765 0.11764706 0.31764706
v 0.00577429 -0.00615534 0.00822737 0.29411765 0.11764706 0.31764706
v 0.00837527 -0.00562049 0.00421702 0.29411765 0.11764706 0.31764706
v 0.00896565 -0.00566011 0.00314464 0.29411765 0.11764706 0.31764706
v -0.00015419 -0.00891030 0.00822737 0.29411765 0.11764706 0.31764706
v 0.00320970 -0.00866672 0.00345068 0.29411765 0.11764706 0.31764706
v 0.00096671 -0.00889416 0.00793527 0.29411765 0.11764706 0.31764706
v 0.00432944 -0.00856914 0.00314464 0.29411765 0.11764706 0.31764706
v 0.00571913 -0.00623898 0.00822737 0.29411765 0.11764706 0.31764706
v 0.00602664 -0.00655152 0.00740132 0.29411765 0.11764706 0.31764706
v 0.00875555 -0.00599980 0.00314464 0.29411765 0.11764706 0.31764706
v 0.00096671 -0.00889049 0.00822737 0.29411765 0.11764706 0.31764706
v 0.00181766 -0.00882079 0.00681412 0.29411765 0.11764706 0.31764706
v 0.00176837 -0.00882739 0.00793527 0.29411765 0.11764706 0.31764706
v 0.00545152 -0.00831895 0.00314464 0.29411765 0.11764706 0.31764706
v 0.00432944 -0.00856253 0.00345068 0.29411765 0.11764706 0.31764706
v 0.00528954 -0.00681858 0.00822737 0.29411765 0.11764706 0.31764706
v 0.00466277 -0.00744074 0.00822737 0.29411765 0.11764706 0.31764706
v 0.00618509 -0.00672100 0.00681412 0.29411765 0.11764706 0.31764706
v 0.00818512 -0.00674521 0.00314464 0.29411765 0.11764706 0.31764706
v 0.00840109 -0.00651044 0.00314464 0.29411765 0.11764706 0.31764706
v 0.00814287 -0.00636810 0.00381792 0.29411765 0.11764706 0.31764706
v 0.00173198 -0.00882079 0.00822737 0.29411765 0.11764706 0.31764706
v 0.00657712 -0.00789782 0.00314464 0.29411765 0.11764706 0.31764706
v 0.00545152 -0.00828667 0.00345068 0.29411765 0.11764706 0.31764706
v 0.00214631 -0.00872761 0.00822737 0.29411765 0.11764706 0.31764706
v 0.00448906 -0.00759922 0.00822737 0.29411765 0.11764706 0.31764706
v 0.00770037 -0.00715020 0.00314464 0.29411765 0.11764706 0.31764706
v 0.00582946 -0.00751338 0.00591093 0.29411765 0.11764706 0.31764706
v 0.00687877 -0.00775696 0.00314464 0.29411765 0.11764706 0.31764706
v 0.00657947 -0.00784940 0.00336707 0.29411765 0.11764706 0.31764706
v 0.00320970 -0.00840186 0.00793527 0.29411765 0.11764706 0.31764706
v 0.00229302 -0.00868066 0.00822737 0.29411765 0.11764706 0.31764706
v 0.00410525 -0.00787361 0.00822737 0.29411765 0.11764706 0.31764706
v 0.00488695 -0.00765204 0.00736798 0.29411765 0.11764706 0.31764706
v 0.00695741 -0.00753172 0.00368506 0.29411765 0.11764706 0.31764706
v 0.00738934 -0.00739525 0.00314464 0.29411765 0.11764706 0.31764706
v 0.00602664 -0.00766598 0.00516400 0.29411765 0.11764706 0.31764706
v 0.00617218 -0.00775035 0.00457182 0.29411765 0.11764706 0.31764706
v 0.00417802 -0.00791543 0.00793527 0.29411765 0.11764706 0.31764706
v 0.00323552 -0.00831969 0.00822737 0.29411765 0.11764706 0.31764706
f 2589 2590 2591
f 2589 2591 2595
f 2589 2595 2604
f 2589 2604 2612
f 2589 2612 2617
f 2589 2617 2624
f 2589 2624 2631
f 2589 2631 2638
f 2589 2638 2648
f 2589 2648 2647
f 2589 2647 2655
f 2589 2655 2664
f 2589 2664 2657
f 2589 2657 2651
f 2589 2651 2642
f 2589 2642 2635
f 2589 2635 2628
f 2589 2628 2620
f 2589 2620 2614
f 2589 2614 2605
f 2589 2605 2596
f 2589 2596 2592
f 2589 2592 2597
f 2589 2597 2609
f 2589 2609 2608
f 2589 2608 2607
f 2589 2607 2598
f 2589 2598 2593
f 2589 2593 2590
f 2590 2593 2594
f 2590 2594 2591
f 2591 2594 2595
f 2592 2596 2597
f 2593 2598 2599
f 2593 2599 2594
f 2594 2600 2595
f 2594 2599 2601
f 2594 2601 2602
f 2594 2602 2600
f 2595 2600 2603
f 2595 2603 2604
f 2596 2605 2613
f 2596 2613 2618
f 2596 2618 2621
f 2596 2621 2615
f 2596 2615 2606
f 2596 2606 2607
f 2596 2607 2608
f 2596 2608 2609
f 2596 2609 2597
f 2598 2607 2606
f 2598 2606 2615
f 2598 2615 2622
f 2598 2622 2625
f 2598 2625 2632
f 2598 2632 2639
f 2598 2639 2650
f 2598 2650 2653
f 2598 2653 2660
f 2598 2660 2668
f 2598 2668 2661
f 2598 2661 2654
f 2598 2654 2645
f 2598 2645 2644
f 2598 2644 2636
f 2598 2636 2629
f 2598 2629 2623
f 2598 2623 2616
f 2598 2616 2611
f 2598 2611 2603
f 2598 2603 2610
f 2598 2610 2602
f 2598 2602 2601
f 2598 2601 2599
f 2600 2602 2610
f 2600 2610 2603
f 2603 2611 2604
f 2604 2611 2612
f 2605 2614 2613
f 2611 2616 2617
f 2611 2617 2612
f 2613 2614 2618
f 2614 2619 2618
f 2614 2620 2619
f 2615 2621 2619
f 2615 2619 2622
f 2616 2623 2624
f 2616 2624 2617
f 2618 2619 2621
f 2619 2625 2622
f 2619 2620 2626
f 2619 2626 2627
f 2619 2627 2625
f 2620 2628 2626
f 2623 2629 2630
f 2623 2630 2624
f 2624 2630 2631
f 2625 2627 2632
f 2626 2628 2627
f 2627 2628 2633
f 2627 2633 2634
f 2627 2634 2632
f 2628 2635 2633
f 2629 2636 2637
f 2629 2637 2630
f 2630 2637 2631
f 2631 2637 2638
f 2632 2634 2639
f 2633 2640 2634
f 2633 2635 2640
f 2634 2641 2639
f 2634 2640 2641
f 2635 2642 2643
f 2635 2643 2641
f 2635 2641 2640
f 2636 2644 2637
f 2637 2644 2645
f 2637 2645 2646
f 2637 2646 2647
f 2637 2647 2648
f 2637 2648 2649
f 2637 2649 2638
f 2638 2649 2648
f 2639 2641 2650
f 2641 2643 2650
f 2642 2651 2652
f 2642 2652 2653
f 2642 2653 2643
f 2643 2653 2650
f 2645 2654 2647
f 2645 2647 2646
f 2647 2654 2656
f 2647 2656 2655
f 2651 2657 2658
f 2651 2658 2659
f 2651 2659 2652
f 2652 2659 2660
f 2652 2660 2653
f 2654 2661 2662
f 2654 2662 2656
f 2655 2656 2663
f 2655 2663 2664
f 2656 2662 2665
f 2656 2665 2663
f 2657 2664 2663
f 2657 2663 2665
f 2657 2665 2666
f 2657 2666 2667
f 2657 2667 2668
f 2657 2668 2659
f 2657 2659 2658
f 2659 2668 2660
f 2661 2668 2667
f 2661 2667 2665
f 2661 2665 2662
f 2665 2667 2666

o geometry_27
v -0.03514832 -0.00216386 0.05059118 0.41176471 0.06274510 0.69019608
v -0.03499233 -0.00216386 0.05069171 0.41176471 0.06274510 0.69019608
v -0.03457559 -0.00216386 0.05059118 0.41176471 0.06274510 0.69019608
v -0.03477981 -0.00709265 0.05059118 0.41176471 0.06274510 0.69019608
v -0.03453037 -0.00821583 0.05167102 0.41176471 0.06274510 0.69019608
v -0.03454922 -0.00706006 0.05167102 0.41176471 0.06274510 0.69019608
v -0.03453226 -0.00696998 0.05167102 0.41176471 0.06274510 0.69019608
v -0.03492978 -0.00216386 0.05073199 0.41176471 0.06274510 0.69019608
v -0.03129972 -0.00552958 0.05059541 0.41176471 0.06274510 0.69019608
v -0.03129972 -0.00563596 0.05059118 0.41176471 0.06274510 0.69019608
v -0.03129972 -0.00573371 0.05167102 0.41176471 0.06274510 0.69019608
v -0.03456730 -0.00821583 0.05059118 0.41176471 0.06274510 0.69019608
v -0.03453075 -0.00821583 0.05166615 0.41176471 0.06274510 0.69019608
v -0.03437551 -0.00882534 0.05166615 0.41176471 0.06274510 0.69019608
v -0.03437551 -0.00882343 0.05167102 0.41176471 0.06274510 0.69019608
v -0.03390715 -0.00589950 0.05167102 0.41176471 0.06274510 0.69019608
v -0.03263584 -0.00567621 0.05167102 0.41176471 0.06274510 0.69019608
v -0.03129972 -0.01165056 0.05059118 0.41176471 0.06274510 0.69019608
v -0.03129972 -0.01195340 0.05167102 0.41176471 0.06274510 0.69019608
v -0.03437061 -0.00881097 0.05059118 0.41176471 0.06274510 0.69019608
v -0.03412080 -0.00938694 0.05166615 0.41176471 0.06274510 0.69019608
v -0.03412080 -0.00938694 0.05167102 0.41176471 0.06274510 0.69019608
v -0.03129972 -0.01170902 0.05078632 0.41176471 0.06274510 0.69019608
v -0.03150319 -0.01159210 0.05059118 0.41176471 0.06274510 0.69019608
v -0.03138676 -0.01192752 0.05167102 0.41176471 0.06274510 0.69019608
v -0.03129972 -0.01194477 0.05163402 0.41176471 0.06274510 0.69019608
v -0.03436006 -0.00883397 0.05059118 0.41176471 0.06274510 0.69019608
v -0.03407257 -0.00937160 0.05059118 0.41176471 0.06274510 0.69019608
v -0.03356012 -0.01034816 0.05166615 0.41176471 0.06274510 0.69019608
v -0.03355786 -0.01035199 0.05167102 0.41176471 0.06274510 0.69019608
v -0.03154916 -0.01157772 0.05059118 0.41176471 0.06274510 0.69019608
v -0.03149414 -0.01189398 0.05167102 0.41176471 0.06274510 0.69019608
v -0.03351189 -0.01023603 0.05059118 0.41176471 0.06274510 0.69019608
v -0.03311437 -0.01090880 0.05166615 0.41176471 0.06274510 0.69019608
v -0.03311475 -0.01090880 0.05167102 0.41176471 0.06274510 0.69019608
v -0.03152580 -0.01188056 0.05167102 0.41176471 0.06274510 0.69019608
v -0.03235098 -0.01122793 0.05059118 0.41176471 0.06274510 0.69019608
v -0.03349343 -0.01025903 0.05059118 0.41176471 0.06274510 0.69019608
v -0.03295348 -0.01079667 0.05059118 0.41176471 0.06274510 0.69019608
v -0.03255370 -0.01134676 0.05166615 0.41176471 0.06274510 0.69019608
v -0.03255068 -0.01134964 0.05167102 0.41176471 0.06274510 0.69019608
v -0.03239281 -0.01120588 0.05059118 0.41176471 0.06274510 0.69019608
f 2669 2670 2676
f 2669 2676 2671
f 2669 2671 2678
f 2669 2678 2686
f 2669 2686 2692
f 2669 2692 2699
f 2669 2699 2705
f 2669 2705 2710
f 2669 2710 2707
f 2669 2707 2706
f 2669 2706 2701
f 2669 2701 2696
f 2669 2696 2695
f 2669 2695 2688
f 2669 2688 2680
f 2669 2680 2672
f 2669 2672 2673
f 2669 2673 2674
f 2669 2674 2675
f 2669 2675 2670
f 2670 2675 2676
f 2671 2677 2678
f 2671 2676 2679
f 2671 2679 2677
f 2672 2680 2681
f 2672 2681 2673
f 2673 2681 2682
f 2673 2682 2683
f 2673 2683 2690
f 2673 2690 2698
f 2673 2698 2703
f 2673 2703 2709
f 2673 2709 2704
f 2673 2704 2700
f 2673 2700 2693
f 2673 2693 2687
f 2673 2687 2679
f 2673 2679 2685
f 2673 2685 2684
f 2673 2684 2675
f 2673 2675 2674
f 2675 2684 2676
f 2676 2685 2679
f 2676 2684 2685
f 2677 2679 2687
f 2677 2687 2694
f 2677 2694 2691
f 2677 2691 2686
f 2677 2686 2678
f 2680 2688 2682
f 2680 2682 2681
f 2682 2688 2689
f 2682 2689 2690
f 2682 2690 2683
f 2686 2691 2692
f 2687 2693 2694
f 2688 2695 2689
f 2689 2695 2696
f 2689 2696 2697
f 2689 2697 2690
f 2690 2697 2698
f 2691 2694 2692
f 2692 2694 2699
f 2693 2700 2694
f 2694 2700 2699
f 2696 2701 2697
f 2697 2701 2698
f 2698 2701 2702
f 2698 2702 2703
f 2699 2700 2704
f 2699 2704 2705
f 2701 2706 2702
f 2702 2706 2707
f 2702 2707 2708
f 2702 2708 2709
f 2702 2709 2703
f 2704 2709 2705
f 2705 2709 2710
f 2707 2710 2708
f 2708 2710 2709

o geometry_28
v -0.00714959 -0.00326396 0.03080583 0.56470588 0.26274510 0.52156863
v -0.00713595 -0.00373104 0.03080508 0.56470588 0.26274510 0.52156863
v -0.00714959 -0.00326632 0.03080508 0.56470588 0.26274510 0.52156863
v -0.00717686 -0.00326396 0.03080508 0.56470588 0.26274510 0.52156863
v -0.00732687 -0.00326396 0.03110752 0.56470588 0.26274510 0.52156863
v -0.00731943 -0.00373104 0.03111787 0.56470588 0.26274510 0.52156863
v -0.00724009 -0.00485280 0.03080508 0.56470588 0.26274510 0.52156863
v -0.01410556 -0.00326396 0.03080508 0.56470588 0.26274510 0.52156863
v -0.00986702 -0.00326396 0.03512565 0.56470588 0.26274510 0.52156863
v -0.00985710 -0.00373104 0.03514265 0.56470588 0.26274510 0.52156863
v -0.00737397 -0.00485280 0.03103135 0.56470588 0.26274510 0.52156863
v -0.00988437 -0.00485280 0.03509237 0.56470588 0.26274510 0.52156863
v -0.00731943 -0.00534029 0.03080508 0.56470588 0.26274510 0.52156863
v -0.01461384 -0.00326396 0.03152752 0.56470588 0.26274510 0.52156863
v -0.01979951 -0.00362742 0.03080508 0.56470588 0.26274510 0.52156863
v -0.01078316 -0.00326396 0.03656904 0.56470588 0.26274510 0.52156863
v -0.01190509 -0.00326396 0.03833556 0.56470588 0.26274510 0.52156863
v -0.01191872 -0.00330792 0.03835849 0.56470588 0.26274510 0.52156863
v -0.01191500 -0.00373104 0.03835849 0.56470588 0.26274510 0.52156863
v -0.00742976 -0.00549572 0.03094632 0.56470588 0.26274510 0.52156863
v -0.00961040 -0.00597379 0.03441135 0.56470588 0.26274510 0.52156863
v -0.01087861 -0.00597379 0.03641819 0.56470588 0.26274510 0.52156863
v -0.01051910 -0.00597379 0.03585770 0.56470588 0.26274510 0.52156863
v -0.00995875 -0.00597379 0.03497110 0.56470588 0.26274510 0.52156863
v -0.01196087 -0.00449877 0.03835849 0.56470588 0.26274510 0.52156863
v -0.01198691 -0.00485280 0.03835849 0.56470588 0.26274510 0.52156863
v -0.00736406 -0.00560797 0.03080508 0.56470588 0.26274510 0.52156863
v -0.01567874 -0.00326396 0.03319200 0.56470588 0.26274510 0.52156863
v -0.01979951 -0.00973080 0.03080508 0.56470588 0.26274510 0.52156863
v -0.01979951 -0.00438887 0.03835849 0.56470588 0.26274510 0.52156863
v -0.01887222 -0.00326396 0.03835849 0.56470588 0.26274510 0.52156863
v -0.01701514 -0.00326396 0.03532751 0.56470588 0.26274510 0.52156863
v -0.01191996 -0.00326396 0.03835849 0.56470588 0.26274510 0.52156863
v -0.00966494 -0.00660179 0.03432113 0.56470588 0.26274510 0.52156863
v -0.01213319 -0.00597379 0.03835849 0.56470588 0.26274510 0.52156863
v -0.01188153 -0.00670619 0.03772257 0.56470588 0.26274510 0.52156863
v -0.00749670 -0.00624304 0.03083762 0.56470588 0.26274510 0.52156863
v -0.00747315 -0.00621714 0.03080508 0.56470588 0.26274510 0.52156863
v -0.01979951 -0.00982814 0.03121252 0.56470588 0.26274510 0.52156863
v -0.01945611 -0.00982893 0.03080508 0.56470588 0.26274510 0.52156863
v -0.01979951 -0.01119483 0.03835849 0.56470588 0.26274510 0.52156863
v -0.01007777 -0.00702333 0.03475519 0.56470588 0.26274510 0.52156863
v -0.00979015 -0.00734832 0.03411335 0.56470588 0.26274510 0.52156863
v -0.00771365 -0.00710340 0.03080508 0.56470588 0.26274510 0.52156863
v -0.00751778 -0.00639376 0.03080508 0.56470588 0.26274510 0.52156863
v -0.01238981 -0.00708770 0.03835849 0.56470588 0.26274510 0.52156863
v -0.01161252 -0.00708613 0.03714876 0.56470588 0.26274510 0.52156863
v -0.01100878 -0.00709477 0.03620228 0.56470588 0.26274510 0.52156863
v -0.01217534 -0.00615826 0.03835849 0.56470588 0.26274510 0.52156863
v -0.01960488 -0.00985797 0.03111121 0.56470588 0.26274510 0.52156863
v -0.01979951 -0.00995139 0.03178854 0.56470588 0.26274510 0.52156863
v -0.01907553 -0.00991842 0.03080508 0.56470588 0.26274510 0.52156863
v -0.01979951 -0.01118541 0.03827789 0.56470588 0.26274510 0.52156863
v -0.01921685 -0.01125999 0.03835849 0.56470588 0.26274510 0.52156863
v -0.01076828 -0.00773219 0.03547097 0.56470588 0.26274510 0.52156863
v -0.00860004 -0.00754850 0.03198671 0.56470588 0.26274510 0.52156863
v -0.00781035 -0.00732085 0.03080508 0.56470588 0.26274510 0.52156863
v -0.01245799 -0.00729573 0.03835849 0.56470588 0.26274510 0.52156863
v -0.01198691 -0.00745273 0.03756285 0.56470588 0.26274510 0.52156863
v -0.01979951 -0.01033682 0.03372588 0.56470588 0.26274510 0.52156863
v -0.01891560 -0.00995453 0.03080508 0.56470588 0.26274510 0.52156863
v -0.01979951 -0.01117677 0.03820838 0.56470588 0.26274510 0.52156863
v -0.01921685 -0.01124193 0.03821060 0.56470588 0.26274510 0.52156863
v -0.01809492 -0.01128197 0.03835849 0.56470588 0.26274510 0.52156863
v -0.01658620 -0.01102998 0.03529942 0.56470588 0.26274510 0.52156863
v -0.01809492 -0.01127490 0.03821060 0.56470588 0.26274510 0.52156863
v -0.00956825 -0.00786721 0.03336577 0.56470588 0.26274510 0.52156863
v -0.01174269 -0.00802892 0.03681527 0.56470588 0.26274510 0.52156863
v -0.01192988 -0.00877624 0.03652837 0.56470588 0.26274510 0.52156863
v -0.00836574 -0.00796376 0.03123914 0.56470588 0.26274510 0.52156863
v -0.00818598 -0.00809800 0.03080508 0.56470588 0.26274510 0.52156863
v -0.01278404 -0.00813097 0.03835849 0.56470588 0.26274510 0.52156863
v -0.01979951 -0.01055819 0.03484614 0.56470588 0.26274510 0.52156863
v -0.01873709 -0.00998671 0.03080508 0.56470588 0.26274510 0.52156863
v -0.01979951 -0.01105510 0.03742457 0.56470588 0.26274510 0.52156863
v -0.01915983 -0.01108493 0.03710883 0.56470588 0.26274510 0.52156863
v -0.01874825 -0.01103233 0.03645295 0.56470588 0.26274510 0.52156863
v -0.01696555 -0.01095383 0.03489420 0.56470588 0.26274510 0.52156863
v -0.01626512 -0.01102998 0.03529942 0.56470588 0.26274510 0.52156863
v -0.01473161 -0.01085728 0.03372588 0.56470588 0.26274510 0.52156863
v -0.01614611 -0.01104725 0.03596787 0.56470588 0.26274510 0.52156863
v -0.01697423 -0.01117285 0.03821060 0.56470588 0.26274510 0.52156863
v -0.01696803 -0.01116657 0.03835849 0.56470588 0.26274510 0.52156863
v -0.01473161 -0.01065082 0.03148315 0.56470588 0.26274510 0.52156863
v -0.01473161 -0.01078270 0.03260489 0.56470588 0.26274510 0.52156863
v -0.01288817 -0.00833978 0.03835849 0.56470588 0.26274510 0.52156863
v -0.01292412 -0.00893403 0.03785345 0.56470588 0.26274510 0.52156863
v -0.01360348 -0.00936892 0.03835849 0.56470588 0.26274510 0.52156863
v -0.01369894 -0.00948353 0.03835849 0.56470588 0.26274510 0.52156863
v -0.01325140 -0.00968135 0.03729073 0.56470588 0.26274510 0.52156863
v -0.01171913 -0.00900860 0.03578079 0.56470588 0.26274510 0.52156863
v -0.00861492 -0.00871109 0.03083910 0.56470588 0.26274510 0.52156863
v -0.00857029 -0.00867576 0.03080508 0.56470588 0.26274510 0.52156863
v -0.01811104 -0.01009740 0.03080508 0.56470588 0.26274510 0.52156863
v -0.01949578 -0.01097660 0.03674798 0.56470588 0.26274510 0.52156863
v -0.01697423 -0.01026146 0.03080508 0.56470588 0.26274510 0.52156863
v -0.01653042 -0.01032191 0.03080508 0.56470588 0.26274510 0.52156863
v -0.01585230 -0.01041375 0.03080508 0.56470588 0.26274510 0.52156863
v -0.01585230 -0.01053464 0.03148315 0.56470588 0.26274510 0.52156863
v -0.01697423 -0.01078113 0.03372588 0.56470588 0.26274510 0.52156863
v -0.01473161 -0.01054720 0.03080508 0.56470588 0.26274510 0.52156863
v -0.01360968 -0.01067202 0.03148315 0.56470588 0.26274510 0.52156863
v -0.01249023 -0.01056290 0.03080508 0.56470588 0.26274510 0.52156863
v -0.01360968 -0.01072304 0.03260489 0.56470588 0.26274510 0.52156863
v -0.01558576 -0.01098916 0.03596787 0.56470588 0.26274510 0.52156863
v -0.01473161 -0.01087612 0.03484614 0.56470588 0.26274510 0.52156863
v -0.01360968 -0.01071519 0.03372588 0.56470588 0.26274510 0.52156863
v -0.01629983 -0.01104725 0.03821060 0.56470588 0.26274510 0.52156863
v -0.01631843 -0.01104332 0.03835849 0.56470588 0.26274510 0.52156863
v -0.01360968 -0.01061079 0.03080508 0.56470588 0.26274510 0.52156863
v -0.01346835 -0.00918837 0.03835849 0.56470588 0.26274510 0.52156863
v -0.01456549 -0.01021829 0.03835849 0.56470588 0.26274510 0.52156863
v -0.01399770 -0.01003067 0.03795105 0.56470588 0.26274510 0.52156863
v -0.01304189 -0.00990429 0.03654316 0.56470588 0.26274510 0.52156863
v -0.00936618 -0.00906905 0.03148315 0.56470588 0.26274510 0.52156863
v -0.00921989 -0.00925117 0.03080508 0.56470588 0.26274510 0.52156863
v -0.00865335 -0.00875976 0.03080508 0.56470588 0.26274510 0.52156863
v -0.01136830 -0.01036665 0.03080508 0.56470588 0.26274510 0.52156863
v -0.01249023 -0.01057311 0.03148315 0.56470588 0.26274510 0.52156863
v -0.01473161 -0.01082509 0.03596787 0.56470588 0.26274510 0.52156863
v -0.01588701 -0.01090281 0.03835849 0.56470588 0.26274510 0.52156863
v -0.01360968 -0.01061942 0.03484614 0.56470588 0.26274510 0.52156863
v -0.01467086 -0.01028972 0.03835849 0.56470588 0.26274510 0.52156863
v -0.01361836 -0.01012252 0.03698534 0.56470588 0.26274510 0.52156863
v -0.01288817 -0.01000712 0.03596787 0.56470588 0.26274510 0.52156863
v -0.01464607 -0.01030228 0.03827937 0.56470588 0.26274510 0.52156863
v -0.01076208 -0.00992627 0.03213238 0.56470588 0.26274510 0.52156863
v -0.01096787 -0.00978261 0.03287996 0.56470588 0.26274510 0.52156863
v -0.01004429 -0.00962954 0.03148315 0.56470588 0.26274510 0.52156863
v -0.00987445 -0.00977241 0.03080508 0.56470588 0.26274510 0.52156863
v -0.01038521 -0.01004559 0.03080508 0.56470588 0.26274510 0.52156863
v -0.01136830 -0.01029993 0.03148315 0.56470588 0.26274510 0.52156863
v -0.01576800 -0.01084707 0.03835849 0.56470588 0.26274510 0.52156863
v -0.01473161 -0.01067202 0.03708887 0.56470588 0.26274510 0.52156863
v -0.01360968 -0.01040433 0.03596787 0.56470588 0.26274510 0.52156863
v -0.01060464 -0.01000320 0.03148315 0.56470588 0.26274510 0.52156863
v -0.00998107 -0.00984306 0.03080508 0.56470588 0.26274510 0.52156863
f 2711 2712 2713
f 2711 2713 2714
f 2711 2714 2718
f 2711 2718 2724
f 2711 2724 2738
f 2711 2738 2742
f 2711 2742 2741
f 2711 2741 2743
f 2711 2743 2727
f 2711 2727 2726
f 2711 2726 2719
f 2711 2719 2715
f 2711 2715 2716
f 2711 2716 2712
f 2712 2716 2717
f 2712 2717 2723
f 2712 2723 2737
f 2712 2737 2748
f 2712 2748 2755
f 2712 2755 2754
f 2712 2754 2767
f 2712 2767 2781
f 2712 2781 2803
f 2712 2803 2827
f 2712 2827 2826
f 2712 2826 2840
f 2712 2840 2847
f 2712 2847 2841
f 2712 2841 2828
f 2712 2828 2813
f 2712 2813 2820
f 2712 2820 2811
f 2712 2811 2808
f 2712 2808 2807
f 2712 2807 2806
f 2712 2806 2804
f 2712 2804 2784
f 2712 2784 2771
f 2712 2771 2762
f 2712 2762 2750
f 2712 2750 2739
f 2712 2739 2725
f 2712 2725 2718
f 2712 2718 2714
f 2712 2714 2713
f 2715 2719 2720
f 2715 2720 2716
f 2716 2721 2717
f 2716 2720 2722
f 2716 2722 2721
f 2717 2721 2723
f 2718 2725 2724
f 2719 2726 2720
f 2720 2726 2727
f 2720 2727 2728
f 2720 2728 2729
f 2720 2729 2722
f 2721 2730 2723
f 2721 2722 2731
f 2721 2731 2730
f 2722 2732 2733
f 2722 2733 2734
f 2722 2734 2731
f 2722 2729 2735
f 2722 2735 2736
f 2722 2736 2732
f 2723 2730 2737
f 2724 2725 2738
f 2725 2739 2749
f 2725 2749 2761
f 2725 2761 2770
f 2725 2770 2783
f 2725 2783 2785
f 2725 2785 2772
f 2725 2772 2763
f 2725 2763 2751
f 2725 2751 2740
f 2725 2740 2741
f 2725 2741 2742
f 2725 2742 2738
f 2727 2743 2728
f 2728 2743 2741
f 2728 2741 2740
f 2728 2740 2751
f 2728 2751 2764
f 2728 2764 2774
f 2728 2774 2793
f 2728 2793 2819
f 2728 2819 2831
f 2728 2831 2843
f 2728 2843 2833
f 2728 2833 2822
f 2728 2822 2799
f 2728 2799 2798
f 2728 2798 2821
f 2728 2821 2796
f 2728 2796 2782
f 2728 2782 2768
f 2728 2768 2756
f 2728 2756 2759
f 2728 2759 2745
f 2728 2745 2736
f 2728 2736 2735
f 2728 2735 2729
f 2730 2731 2744
f 2730 2744 2737
f 2731 2734 2744
f 2732 2744 2733
f 2732 2736 2745
f 2732 2745 2746
f 2732 2746 2744
f 2733 2744 2734
f 2737 2744 2747
f 2737 2747 2748
f 2739 2750 2749
f 2744 2752 2753
f 2744 2753 2754
f 2744 2754 2755
f 2744 2755 2747
f 2744 2746 2756
f 2744 2756 2757
f 2744 2757 2758
f 2744 2758 2752
f 2745 2759 2746
f 2746 2759 2756
f 2747 2755 2748
f 2749 2750 2760
f 2749 2760 2761
f 2750 2762 2760
f 2751 2763 2764
f 2752 2765 2753
f 2752 2758 2765
f 2753 2765 2766
f 2753 2766 2754
f 2754 2766 2767
f 2756 2768 2769
f 2756 2769 2757
f 2757 2769 2758
f 2758 2769 2765
f 2760 2762 2761
f 2761 2762 2771
f 2761 2771 2770
f 2763 2772 2773
f 2763 2773 2764
f 2764 2773 2775
f 2764 2775 2776
f 2764 2776 2774
f 2765 2777 2766
f 2765 2769 2778
f 2765 2778 2779
f 2765 2779 2777
f 2766 2780 2767
f 2766 2777 2780
f 2767 2780 2781
f 2768 2782 2769
f 2769 2782 2778
f 2770 2771 2783
f 2771 2784 2785
f 2771 2785 2783
f 2772 2785 2786
f 2772 2786 2773
f 2773 2786 2787
f 2773 2787 2788
f 2773 2788 2775
f 2774 2776 2789
f 2774 2789 2790
f 2774 2790 2791
f 2774 2791 2792
f 2774 2792 2793
f 2775 2789 2776
f 2775 2788 2794
f 2775 2794 2795
f 2775 2795 2789
f 2777 2779 2780
f 2778 2782 2779
f 2779 2782 2796
f 2779 2796 2797
f 2779 2797 2798
f 2779 2798 2799
f 2779 2799 2800
f 2779 2800 2801
f 2779 2801 2802
f 2779 2802 2803
f 2779 2803 2781
f 2779 2781 2780
f 2784 2804 2785
f 2785 2804 2805
f 2785 2805 2787
f 2785 2787 2786
f 2787 2805 2804
f 2787 2804 2806
f 2787 2806 2807
f 2787 2807 2808
f 2787 2808 2809
f 2787 2809 2810
f 2787 2810 2811
f 2787 2811 2794
f 2787 2794 2788
f 2789 2795 2812
f 2789 2812 2790
f 2790 2812 2813
f 2790 2813 2814
f 2790 2814 2791
f 2791 2815 2792
f 2791 2814 2815
f 2792 2815 2816
f 2792 2816 2817
f 2792 2817 2793
f 2793 2818 2819
f 2793 2817 2818
f 2794 2811 2820
f 2794 2820 2795
f 2795 2820 2812
f 2796 2821 2797
f 2797 2821 2798
f 2799 2822 2823
f 2799 2823 2800
f 2800 2823 2824
f 2800 2824 2801
f 2801 2824 2802
f 2802 2825 2826
f 2802 2826 2827
f 2802 2827 2803
f 2802 2824 2825
f 2808 2811 2809
f 2809 2811 2810
f 2812 2820 2813
f 2813 2828 2829
f 2813 2829 2814
f 2814 2829 2816
f 2814 2816 2815
f 2816 2829 2817
f 2817 2830 2819
f 2817 2819 2818
f 2817 2829 2828
f 2817 2828 2830
f 2819 2830 2832
f 2819 2832 2831
f 2822 2833 2823
f 2823 2834 2835
f 2823 2835 2824
f 2823 2833 2836
f 2823 2836 2834
f 2824 2835 2837
f 2824 2837 2838
f 2824 2838 2839
f 2824 2839 2826
f 2824 2826 2825
f 2826 2839 2840
f 2828 2841 2842
f 2828 2842 2832
f 2828 2832 2830
f 2831 2832 2844
f 2831 2844 2843
f 2832 2842 2841
f 2832 2841 2844
f 2833 2843 2836
f 2834 2836 2845
f 2834 2845 2837
f 2834 2837 2835
f 2836 2843 2844
f 2836 2844 2845
f 2837 2845 2846
f 2837 2846 2847
f 2837 2847 2840
f 2837 2840 2839
f 2837 2839 2838
f 2841 2847 2846
f 2841 2846 2844
f 2844 2846 2845

o geometry_29
v -0.01531670 -0.00917142 0.02308154 0.09019608 0.57254902 0.92549020
v -0.01531670 -0.00312631 0.02308154 0.09019608 0.57254902 0.92549020
v -0.01473095 -0.00932555 0.02308154 0.09019608 0.57254902 0.92549020
v -0.01531670 -0.00929766 0.02363419 0.09019608 0.57254902 0.92549020
v -0.01531670 -0.00447171 0.03080434 0.09019608 0.57254902 0.92549020
v -0.01405646 -0.00311383 0.03080434 0.09019608 0.57254902 0.92549020
v -0.01399814 -0.00311383 0.03064331 0.09019608 0.57254902 0.92549020
v -0.01357722 -0.00311383 0.02967862 0.09019608 0.57254902 0.92549020
v -0.01237657 -0.00311383 0.02746800 0.09019608 0.57254902 0.92549020
v -0.01120001 -0.00311383 0.02530879 0.09019608 0.57254902 0.92549020
v -0.01001331 -0.00311383 0.02319872 0.09019608 0.57254902 0.92549020
v -0.00985483 -0.00311383 0.02308154 0.09019608 0.57254902 0.92549020
v -0.01473095 -0.00943271 0.02363419 0.09019608 0.57254902 0.92549020
v -0.01361018 -0.00952593 0.02308154 0.09019608 0.57254902 0.92549020
v -0.01531670 -0.00951272 0.02475538 0.09019608 0.57254902 0.92549020
v -0.01531670 -0.01047204 0.03080434 0.09019608 0.57254902 0.92549020
v -0.00715433 -0.00311383 0.03080434 0.09019608 0.57254902 0.92549020
v -0.00236568 -0.00311383 0.02308154 0.09019608 0.57254902 0.92549020
v -0.01473095 -0.00962428 0.02475538 0.09019608 0.57254902 0.92549020
v -0.01248814 -0.00965952 0.02308154 0.09019608 0.57254902 0.92549020
v -0.01361018 -0.00961548 0.02363419 0.09019608 0.57254902 0.92549020
v -0.01531670 -0.00970209 0.02590378 0.09019608 0.57254902 0.92549020
v -0.01473095 -0.01054764 0.03080434 0.09019608 0.57254902 0.92549020
v -0.01531670 -0.01040378 0.03036131 0.09019608 0.57254902 0.92549020
v -0.00714925 -0.00326650 0.03080434 0.09019608 0.57254902 0.92549020
v -0.00236442 -0.00315347 0.02308154 0.09019608 0.57254902 0.92549020
v -0.01248814 -0.00973952 0.02363419 0.09019608 0.57254902 0.92549020
v -0.00987004 -0.00991714 0.02308154 0.09019608 0.57254902 0.92549020
v -0.01136737 -0.01017037 0.02587657 0.09019608 0.57254902 0.92549020
v -0.01136737 -0.01031276 0.02699700 0.09019608 0.57254902 0.92549020
v -0.01361018 -0.01057112 0.03036131 0.09019608 0.57254902 0.92549020
v -0.01361018 -0.01061149 0.03080434 0.09019608 0.57254902 0.92549020
v -0.00713531 -0.00373112 0.03080434 0.09019608 0.57254902 0.92549020
v -0.00236695 -0.00373112 0.02308154 0.09019608 0.57254902 0.92549020
v -0.00906877 -0.00996265 0.02308154 0.09019608 0.57254902 0.92549020
v -0.01136737 -0.01040378 0.02811894 0.09019608 0.57254902 0.92549020
v -0.00800505 -0.00997073 0.02308154 0.09019608 0.57254902 0.92549020
v -0.01248814 -0.01055645 0.03036131 0.09019608 0.57254902 0.92549020
v -0.01248814 -0.01056305 0.03080434 0.09019608 0.57254902 0.92549020
v -0.00723927 -0.00485265 0.03080434 0.09019608 0.57254902 0.92549020
v -0.00240372 -0.00430729 0.02308154 0.09019608 0.57254902 0.92549020
v -0.01024659 -0.01028414 0.02699700 0.09019608 0.57254902 0.92549020
v -0.00728238 -0.00993109 0.02308154 0.09019608 0.57254902 0.92549020
v -0.01136737 -0.01043607 0.02924013 0.09019608 0.57254902 0.92549020
v -0.01024659 -0.01030102 0.02811894 0.09019608 0.57254902 0.92549020
v -0.01136737 -0.01041038 0.03036131 0.09019608 0.57254902 0.92549020
v -0.01136737 -0.01036634 0.03080434 0.09019608 0.57254902 0.92549020
v -0.00736352 -0.00560792 0.03080434 0.09019608 0.57254902 0.92549020
v -0.00246077 -0.00488935 0.02308154 0.09019608 0.57254902 0.92549020
v -0.00700599 -0.00988338 0.02308154 0.09019608 0.57254902 0.92549020
v -0.00728872 -0.00993476 0.02363419 0.09019608 0.57254902 0.92549020
v -0.00737366 -0.00991788 0.02440685 0.09019608 0.57254902 0.92549020
v -0.01024659 -0.01023423 0.02924013 0.09019608 0.57254902 0.92549020
v -0.01022250 -0.01007642 0.03030764 0.09019608 0.57254902 0.92549020
v -0.01038352 -0.01004559 0.03080434 0.09019608 0.57254902 0.92549020
v -0.00747255 -0.00621712 0.03080434 0.09019608 0.57254902 0.92549020
v -0.00410390 -0.00640869 0.02527628 0.09019608 0.57254902 0.92549020
v -0.00262939 -0.00570921 0.02308154 0.09019608 0.57254902 0.92549020
v -0.00672199 -0.00980851 0.02308154 0.09019608 0.57254902 0.92549020
v -0.00672833 -0.00978723 0.02363419 0.09019608 0.57254902 0.92549020
v -0.00752454 -0.00988118 0.02515380 0.09019608 0.57254902 0.92549020
v -0.00854642 -0.00990687 0.02760409 0.09019608 0.57254902 0.92549020
v -0.00948842 -0.00998247 0.02924013 0.09019608 0.57254902 0.92549020
v -0.00963676 -0.00992448 0.02989787 0.09019608 0.57254902 0.92549020
v -0.00997908 -0.00984301 0.03080434 0.09019608 0.57254902 0.92549020
v -0.00751820 -0.00639402 0.03080434 0.09019608 0.57254902 0.92549020
v -0.00629473 -0.00662742 0.02872527 0.09019608 0.57254902 0.92549020
v -0.00726843 -0.00709424 0.03009066 0.09019608 0.57254902 0.92549020
v -0.00507760 -0.00684909 0.02663259 0.09019608 0.57254902 0.92549020
v -0.00480121 -0.00717131 0.02596351 0.09019608 0.57254902 0.92549020
v -0.00292100 -0.00662228 0.02313824 0.09019608 0.57254902 0.92549020
v -0.00286902 -0.00656357 0.02308154 0.09019608 0.57254902 0.92549020
v -0.00268898 -0.00597418 0.02308154 0.09019608 0.57254902 0.92549020
v -0.00576223 -0.00950391 0.02308154 0.09019608 0.57254902 0.92549020
v -0.00695401 -0.00971897 0.02477050 0.09019608 0.57254902 0.92549020
v -0.00576223 -0.00941216 0.02363419 0.09019608 0.57254902 0.92549020
v -0.00872518 -0.00982173 0.02835180 0.09019608 0.57254902 0.92549020
v -0.00983328 -0.00980558 0.03064558 0.09019608 0.57254902 0.92549020
v -0.00476951 -0.00901948 0.02308154 0.09019608 0.57254902 0.92549020
v -0.00494067 -0.00896223 0.02363419 0.09019608 0.57254902 0.92549020
v -0.00987385 -0.00977255 0.03080434 0.09019608 0.57254902 0.92549020
v -0.00771344 -0.00710231 0.03080434 0.09019608 0.57254902 0.92549020
v -0.00761455 -0.00709424 0.03065087 0.09019608 0.57254902 0.92549020
v -0.00738507 -0.00775409 0.02989787 0.09019608 0.57254902 0.92549020
v -0.00641390 -0.00737462 0.02852493 0.09019608 0.57254902 0.92549020
v -0.00522720 -0.00759628 0.02639444 0.09019608 0.57254902 0.92549020
v -0.00423322 -0.00709424 0.02505250 0.09019608 0.57254902 0.92549020
v -0.00290452 -0.00665825 0.02308154 0.09019608 0.57254902 0.92549020
v -0.00390738 -0.00709424 0.02449228 0.09019608 0.57254902 0.92549020
v -0.00512197 -0.00884112 0.02434788 0.09019608 0.57254902 0.92549020
v -0.00439043 -0.00875745 0.02308154 0.09019608 0.57254902 0.92549020
v -0.00921837 -0.00925142 0.03080434 0.09019608 0.57254902 0.92549020
v -0.00801266 -0.00905838 0.02914638 0.09019608 0.57254902 0.92549020
v -0.00839301 -0.00893140 0.03009066 0.09019608 0.57254902 0.92549020
v -0.00780980 -0.00732104 0.03080434 0.09019608 0.57254902 0.92549020
v -0.00818635 -0.00809833 0.03080434 0.09019608 0.57254902 0.92549020
v -0.00857051 -0.00867598 0.03080434 0.09019608 0.57254902 0.92549020
v -0.00764498 -0.00850202 0.02945786 0.09019608 0.57254902 0.92549020
v -0.00619330 -0.00783850 0.02777722 0.09019608 0.57254902 0.92549020
v -0.00404557 -0.00770271 0.02425716 0.09019608 0.57254902 0.92549020
v -0.00318091 -0.00725571 0.02308154 0.09019608 0.57254902 0.92549020
v -0.00423829 -0.00862093 0.02308154 0.09019608 0.57254902 0.92549020
v -0.00532229 -0.00865249 0.02509559 0.09019608 0.57254902 0.92549020
v -0.00627317 -0.00881910 0.02652524 0.09019608 0.57254902 0.92549020
v -0.00865292 -0.00875965 0.03080434 0.09019608 0.57254902 0.92549020
v -0.00742691 -0.00879341 0.02871091 0.09019608 0.57254902 0.92549020
v -0.00387442 -0.00789942 0.02363419 0.09019608 0.57254902 0.92549020
v -0.00333431 -0.00753243 0.02308154 0.09019608 0.57254902 0.92549020
v -0.00371594 -0.00804989 0.02308154 0.09019608 0.57254902 0.92549020
v -0.00438029 -0.00846018 0.02363419 0.09019608 0.57254902 0.92549020
f 2848 2849 2859
f 2848 2859 2865
f 2848 2865 2873
f 2848 2873 2881
f 2848 2881 2888
f 2848 2888 2896
f 2848 2896 2905
f 2848 2905 2920
f 2848 2920 2919
f 2848 2919 2935
f 2848 2935 2948
f 2848 2948 2955
f 2848 2955 2956
f 2848 2956 2949
f 2848 2949 2938
f 2848 2938 2926
f 2848 2926 2921
f 2848 2921 2906
f 2848 2906 2897
f 2848 2897 2890
f 2848 2890 2884
f 2848 2884 2882
f 2848 2882 2875
f 2848 2875 2867
f 2848 2867 2861
f 2848 2861 2850
f 2848 2850 2851
f 2848 2851 2862
f 2848 2862 2869
f 2848 2869 2871
f 2848 2871 2863
f 2848 2863 2852
f 2848 2852 2849
f 2849 2852 2853
f 2849 2853 2854
f 2849 2854 2855
f 2849 2855 2856
f 2849 2856 2857
f 2849 2857 2858
f 2849 2858 2859
f 2850 2860 2851
f 2850 2861 2860
f 2851 2860 2862
f 2852 2863 2870
f 2852 2870 2879
f 2852 2879 2886
f 2852 2886 2894
f 2852 2894 2902
f 2852 2902 2912
f 2852 2912 2928
f 2852 2928 2939
f 2852 2939 2952
f 2852 2952 2944
f 2852 2944 2943
f 2852 2943 2942
f 2852 2942 2929
f 2852 2929 2913
f 2852 2913 2903
f 2852 2903 2895
f 2852 2895 2887
f 2852 2887 2880
f 2852 2880 2872
f 2852 2872 2864
f 2852 2864 2853
f 2853 2864 2865
f 2853 2865 2859
f 2853 2859 2858
f 2853 2858 2857
f 2853 2857 2856
f 2853 2856 2855
f 2853 2855 2854
f 2860 2866 2862
f 2860 2861 2866
f 2861 2867 2868
f 2861 2868 2866
f 2862 2866 2869
f 2863 2871 2868
f 2863 2868 2870
f 2864 2872 2865
f 2865 2872 2873
f 2866 2871 2869
f 2866 2868 2871
f 2867 2874 2870
f 2867 2870 2868
f 2867 2875 2874
f 2870 2876 2877
f 2870 2877 2878
f 2870 2878 2879
f 2870 2874 2875
f 2870 2875 2876
f 2872 2880 2873
f 2873 2880 2881
f 2875 2882 2877
f 2875 2877 2876
f 2877 2883 2879
f 2877 2879 2878
f 2877 2882 2884
f 2877 2884 2883
f 2879 2883 2885
f 2879 2885 2886
f 2880 2887 2888
f 2880 2888 2881
f 2883 2889 2885
f 2883 2884 2890
f 2883 2890 2889
f 2885 2889 2891
f 2885 2891 2886
f 2886 2891 2892
f 2886 2892 2893
f 2886 2893 2894
f 2887 2895 2896
f 2887 2896 2888
f 2889 2890 2891
f 2890 2897 2898
f 2890 2898 2892
f 2890 2892 2891
f 2892 2898 2899
f 2892 2899 2893
f 2893 2899 2900
f 2893 2900 2894
f 2894 2900 2901
f 2894 2901 2902
f 2895 2903 2896
f 2896 2904 2905
f 2896 2903 2904
f 2897 2906 2907
f 2897 2907 2898
f 2898 2907 2899
f 2899 2907 2908
f 2899 2908 2900
f 2900 2908 2909
f 2900 2909 2901
f 2901 2909 2910
f 2901 2910 2911
f 2901 2911 2902
f 2902 2911 2912
f 2903 2913 2904
f 2904 2914 2915
f 2904 2915 2916
f 2904 2916 2917
f 2904 2917 2918
f 2904 2918 2919
f 2904 2919 2920
f 2904 2920 2905
f 2904 2913 2914
f 2906 2921 2907
f 2907 2921 2908
f 2908 2921 2922
f 2908 2922 2909
f 2909 2922 2923
f 2909 2923 2924
f 2909 2924 2911
f 2909 2911 2910
f 2911 2925 2912
f 2911 2924 2923
f 2911 2923 2926
f 2911 2926 2927
f 2911 2927 2925
f 2912 2925 2928
f 2913 2929 2930
f 2913 2930 2914
f 2914 2930 2915
f 2915 2930 2931
f 2915 2931 2932
f 2915 2932 2916
f 2916 2932 2917
f 2917 2932 2931
f 2917 2931 2933
f 2917 2933 2934
f 2917 2934 2918
f 2918 2935 2919
f 2918 2934 2936
f 2918 2936 2935
f 2921 2926 2923
f 2921 2923 2922
f 2925 2927 2937
f 2925 2937 2928
f 2926 2938 2927
f 2927 2938 2937
f 2928 2937 2940
f 2928 2940 2941
f 2928 2941 2939
f 2929 2942 2931
f 2929 2931 2930
f 2931 2942 2943
f 2931 2943 2944
f 2931 2944 2945
f 2931 2945 2946
f 2931 2946 2933
f 2933 2946 2947
f 2933 2947 2936
f 2933 2936 2934
f 2935 2936 2947
f 2935 2947 2948
f 2937 2938 2949
f 2937 2949 2950
f 2937 2950 2951
f 2937 2951 2940
f 2939 2941 2952
f 2940 2953 2941
f 2940 2951 2953
f 2941 2953 2952
f 2944 2952 2953
f 2944 2953 2945
f 2945 2953 2947
f 2945 2947 2946
f 2947 2950 2954
f 2947 2954 2955
f 2947 2955 2948
f 2947 2953 2950
f 2949 2956 2957
f 2949 2957 2950
f 2950 2957 2956
f 2950 2956 2954
f 2950 2953 2951
f 2954 2956 2955

o geometry_30
v -0.01598752 -0.00259932 0.02308154 0.31764706 0.66666667 0.12941176
v -0.01921250 -0.00259932 0.02810231 0.31764706 0.66666667 0.12941176
v -0.01531670 -0.00447194 0.03080434 0.31764706 0.66666667 0.12941176
v -0.01531670 -0.00312643 0.02308154 0.31764706 0.66666667 0.12941176
v -0.02522316 -0.00259932 0.02308154 0.31764706 0.66666667 0.12941176
v -0.02109287 -0.00259932 0.03080434 0.31764706 0.66666667 0.12941176
v -0.01531670 -0.01047205 0.03080434 0.31764706 0.66666667 0.12941176
v -0.01531670 -0.00917123 0.02308154 0.31764706 0.66666667 0.12941176
v -0.02507771 -0.00281201 0.02308154 0.31764706 0.66666667 0.12941176
v -0.02532408 -0.00259932 0.02322669 0.31764706 0.66666667 0.12941176
v -0.03047840 -0.00259932 0.03080434 0.31764706 0.66666667 0.12941176
v -0.01531670 -0.01040423 0.03036131 0.31764706 0.66666667 0.12941176
v -0.01585395 -0.01041348 0.03080434 0.31764706 0.66666667 0.12941176
v -0.01531670 -0.00923211 0.02334614 0.31764706 0.66666667 0.12941176
v -0.01585543 -0.00904716 0.02308154 0.31764706 0.66666667 0.12941176
v -0.02519644 -0.00290295 0.02334237 0.31764706 0.66666667 0.12941176
v -0.02483580 -0.00313722 0.02308154 0.31764706 0.66666667 0.12941176
v -0.03002575 -0.00327593 0.03080434 0.31764706 0.66666667 0.12941176
v -0.03045317 -0.00263785 0.03080434 0.31764706 0.66666667 0.12941176
v -0.01531670 -0.00970219 0.02590378 0.31764706 0.66666667 0.12941176
v -0.01653219 -0.01032254 0.03080434 0.31764706 0.66666667 0.12941176
v -0.01531670 -0.00929761 0.02363419 0.31764706 0.66666667 0.12941176
v -0.01585395 -0.00917354 0.02363419 0.31764706 0.66666667 0.12941176
v -0.01659452 -0.00882445 0.02308154 0.31764706 0.66666667 0.12941176
v -0.01921843 -0.00954036 0.02924013 0.31764706 0.66666667 0.12941176
v -0.02545468 -0.00325821 0.02409008 0.31764706 0.66666667 0.12941176
v -0.02455531 -0.00348631 0.02308154 0.31764706 0.66666667 0.12941176
v -0.02997529 -0.00331138 0.03076730 0.31764706 0.66666667 0.12941176
v -0.02998568 -0.00332987 0.03080434 0.31764706 0.66666667 0.12941176
v -0.01531670 -0.00951262 0.02475538 0.31764706 0.66666667 0.12941176
v -0.01697445 -0.01026167 0.03080434 0.31764706 0.66666667 0.12941176
v -0.01811277 -0.01009675 0.03080434 0.31764706 0.66666667 0.12941176
v -0.01585395 -0.00941089 0.02475538 0.31764706 0.66666667 0.12941176
v -0.01851496 -0.00987327 0.02992962 0.31764706 0.66666667 0.12941176
v -0.01922734 -0.00978388 0.03032654 0.31764706 0.66666667 0.12941176
v -0.01674442 -0.00877127 0.02308154 0.31764706 0.66666667 0.12941176
v -0.02033894 -0.00947331 0.03036131 0.31764706 0.66666667 0.12941176
v -0.02033894 -0.00917739 0.02924013 0.31764706 0.66666667 0.12941176
v -0.02150397 -0.00919281 0.03080434 0.31764706 0.66666667 0.12941176
v -0.01945738 -0.00982857 0.03080434 0.31764706 0.66666667 0.12941176
v -0.02033152 -0.00958274 0.03080434 0.31764706 0.66666667 0.12941176
v -0.02866333 -0.00419760 0.02992206 0.31764706 0.66666667 0.12941176
v -0.02950779 -0.00391863 0.03080434 0.31764706 0.66666667 0.12941176
v -0.02995006 -0.00337534 0.03080434 0.31764706 0.66666667 0.12941176
v -0.02425552 -0.00382231 0.02308154 0.31764706 0.66666667 0.12941176
v -0.01873907 -0.00998655 0.03080434 0.31764706 0.66666667 0.12941176
v -0.01885928 -0.00994340 0.03067733 0.31764706 0.66666667 0.12941176
v -0.01907744 -0.00991874 0.03080434 0.31764706 0.66666667 0.12941176
v -0.01858620 -0.00875047 0.02540632 0.31764706 0.66666667 0.12941176
v -0.01713325 -0.00862948 0.02308154 0.31764706 0.66666667 0.12941176
v -0.02231430 -0.00888995 0.03080434 0.31764706 0.66666667 0.12941176
v -0.02153810 -0.00903868 0.03029403 0.31764706 0.66666667 0.12941176
v -0.02538344 -0.00429162 0.02531711 0.31764706 0.66666667 0.12941176
v -0.02765562 -0.00432244 0.02863606 0.31764706 0.66666667 0.12941176
v -0.02896906 -0.00451356 0.03080434 0.31764706 0.66666667 0.12941176
v -0.02911153 -0.00436251 0.03080434 0.31764706 0.66666667 0.12941176
v -0.02411601 -0.00413595 0.02328415 0.31764706 0.66666667 0.12941176
v -0.02403884 -0.00406428 0.02308154 0.31764706 0.66666667 0.12941176
v -0.01891716 -0.00995496 0.03080434 0.31764706 0.66666667 0.12941176
v -0.02223860 -0.00886606 0.03062290 0.31764706 0.66666667 0.12941176
v -0.02196256 -0.00875355 0.02987519 0.31764706 0.66666667 0.12941176
v -0.01809051 -0.00822875 0.02308154 0.31764706 0.66666667 0.12941176
v -0.02250871 -0.00880903 0.03080434 0.31764706 0.66666667 0.12941176
v -0.02383403 -0.00428083 0.02308154 0.31764706 0.66666667 0.12941176
v -0.02437573 -0.00440490 0.02403186 0.31764706 0.66666667 0.12941176
v -0.02426294 -0.00541365 0.02531559 0.31764706 0.66666667 0.12941176
v -0.02840807 -0.00507457 0.03080434 0.31764706 0.66666667 0.12941176
v -0.02283819 -0.00866801 0.03080434 0.31764706 0.66666667 0.12941176
v -0.01900769 -0.00781261 0.02308154 0.31764706 0.66666667 0.12941176
v -0.02348378 -0.00463532 0.02308154 0.31764706 0.66666667 0.12941176
v -0.02313056 -0.00497825 0.02308154 0.31764706 0.66666667 0.12941176
v -0.02298215 -0.00526646 0.02329171 0.31764706 0.66666667 0.12941176
v -0.02324780 -0.00550613 0.02403942 0.31764706 0.66666667 0.12941176
v -0.02721484 -0.00615499 0.03080434 0.31764706 0.66666667 0.12941176
v -0.02770163 -0.00574117 0.03080434 0.31764706 0.66666667 0.12941176
v -0.02784113 -0.00562249 0.03080434 0.31764706 0.66666667 0.12941176
v -0.02779958 -0.00557625 0.03066977 0.31764706 0.66666667 0.12941176
v -0.02753986 -0.00532888 0.02992206 0.31764706 0.66666667 0.12941176
v -0.02798806 -0.00548455 0.03080434 0.31764706 0.66666667 0.12941176
v -0.02373459 -0.00822952 0.03080434 0.31764706 0.66666667 0.12941176
v -0.02258143 -0.00825881 0.02924013 0.31764706 0.66666667 0.12941176
v -0.01932826 -0.00764924 0.02308154 0.31764706 0.66666667 0.12941176
v -0.02221189 -0.00775867 0.02729034 0.31764706 0.66666667 0.12941176
v -0.02290942 -0.00519248 0.02308154 0.31764706 0.66666667 0.12941176
v -0.02268384 -0.00539284 0.02308154 0.31764706 0.66666667 0.12941176
v -0.02236476 -0.00565563 0.02308154 0.31764706 0.66666667 0.12941176
v -0.02303261 -0.00646016 0.02546604 0.31764706 0.66666667 0.12941176
v -0.02368413 -0.00617118 0.02585464 0.31764706 0.66666667 0.12941176
v -0.02365297 -0.00564869 0.02486727 0.31764706 0.66666667 0.12941176
v -0.02665088 -0.00659040 0.03080434 0.31764706 0.66666667 0.12941176
v -0.02457015 -0.00780799 0.03080434 0.31764706 0.66666667 0.12941176
v -0.02258440 -0.00788274 0.02816203 0.31764706 0.66666667 0.12941176
v -0.01952861 -0.00754289 0.02308154 0.31764706 0.66666667 0.12941176
v -0.02322109 -0.00770010 0.02856424 0.31764706 0.66666667 0.12941176
v -0.02295840 -0.00754906 0.02781653 0.31764706 0.66666667 0.12941176
v -0.02193436 -0.00761225 0.02654338 0.31764706 0.66666667 0.12941176
v -0.02164644 -0.00619584 0.02308154 0.31764706 0.66666667 0.12941176
v -0.02115669 -0.00654955 0.02308154 0.31764706 0.66666667 0.12941176
v -0.02104093 -0.00662739 0.02308154 0.31764706 0.66666667 0.12941176
v -0.02329826 -0.00663818 0.02621300 0.31764706 0.66666667 0.12941176
v -0.02661080 -0.00660581 0.03077713 0.31764706 0.66666667 0.12941176
v -0.02662416 -0.00660966 0.03080434 0.31764706 0.66666667 0.12941176
v -0.02478534 -0.00769394 0.03080434 0.31764706 0.66666667 0.12941176
v -0.02345409 -0.00782186 0.02924013 0.31764706 0.66666667 0.12941176
v -0.02032113 -0.00706973 0.02308154 0.31764706 0.66666667 0.12941176
v -0.02258440 -0.00740418 0.02694861 0.31764706 0.66666667 0.12941176
v -0.02509107 -0.00752594 0.03080434 0.31764706 0.66666667 0.12941176
v -0.02593702 -0.00702426 0.03080434 0.31764706 0.66666667 0.12941176
v -0.02658557 -0.00663355 0.03080434 0.31764706 0.66666667 0.12941176
v -0.02262893 -0.00689557 0.02585464 0.31764706 0.66666667 0.12941176
f 2958 2959 2960
f 2958 2960 2961
f 2958 2961 2965
f 2958 2965 2972
f 2958 2972 2981
f 2958 2981 2993
f 2958 2993 3007
f 2958 3007 3019
f 2958 3019 3026
f 2958 3026 3039
f 2958 3039 3050
f 2958 3050 3062
f 2958 3062 3056
f 2958 3056 3055
f 2958 3055 3054
f 2958 3054 3043
f 2958 3043 3042
f 2958 3042 3041
f 2958 3041 3028
f 2958 3028 3027
f 2958 3027 3021
f 2958 3021 3015
f 2958 3015 3002
f 2958 3002 2984
f 2958 2984 2974
f 2958 2974 2966
f 2958 2966 2962
f 2958 2962 2967
f 2958 2967 2968
f 2958 2968 2963
f 2958 2963 2959
f 2959 2963 2960
f 2960 2964 2969
f 2960 2969 2977
f 2960 2977 2987
f 2960 2987 2979
f 2960 2979 2971
f 2960 2971 2965
f 2960 2965 2961
f 2960 2963 2968
f 2960 2968 2976
f 2960 2976 2975
f 2960 2975 2986
f 2960 2986 3001
f 2960 3001 3000
f 2960 3000 3013
f 2960 3013 3012
f 2960 3012 3024
f 2960 3024 3036
f 2960 3036 3033
f 2960 3033 3032
f 2960 3032 3031
f 2960 3031 3047
f 2960 3047 3059
f 2960 3059 3066
f 2960 3066 3065
f 2960 3065 3064
f 2960 3064 3060
f 2960 3060 3048
f 2960 3048 3037
f 2960 3037 3025
f 2960 3025 3020
f 2960 3020 3008
f 2960 3008 2996
f 2960 2996 2998
f 2960 2998 2997
f 2960 2997 3005
f 2960 3005 3016
f 2960 3016 3003
f 2960 3003 2989
f 2960 2989 2988
f 2960 2988 2978
f 2960 2978 2970
f 2960 2970 2964
f 2962 2966 2967
f 2964 2970 2969
f 2965 2971 2972
f 2966 2973 2967
f 2966 2974 2973
f 2967 2973 2975
f 2967 2975 2976
f 2967 2976 2968
f 2969 2970 2977
f 2970 2978 2977
f 2971 2979 2980
f 2971 2980 2972
f 2972 2980 2982
f 2972 2982 2981
f 2973 2974 2983
f 2973 2983 2975
f 2974 2984 2983
f 2975 2985 2986
f 2975 2983 2985
f 2977 2978 2988
f 2977 2988 2989
f 2977 2989 2987
f 2979 2987 2990
f 2979 2990 2980
f 2980 2990 2991
f 2980 2991 2992
f 2980 2992 2982
f 2981 2982 2994
f 2981 2994 2995
f 2981 2995 2996
f 2981 2996 2993
f 2982 2992 2997
f 2982 2997 2998
f 2982 2998 2994
f 2983 2999 3000
f 2983 3000 3001
f 2983 3001 2985
f 2983 2984 2999
f 2984 3002 2999
f 2985 3001 2986
f 2987 2989 2991
f 2987 2991 2990
f 2989 3003 3004
f 2989 3004 2991
f 2991 3004 3005
f 2991 3005 2997
f 2991 2997 2992
f 2993 3006 3007
f 2993 2996 3006
f 2994 2998 2996
f 2994 2996 2995
f 2996 3008 3009
f 2996 3009 3006
f 2999 3010 3011
f 2999 3011 3012
f 2999 3012 3013
f 2999 3013 3000
f 2999 3002 3014
f 2999 3014 3010
f 3002 3015 3014
f 3003 3016 3004
f 3004 3016 3005
f 3006 3009 3008
f 3006 3008 3017
f 3006 3017 3018
f 3006 3018 3007
f 3007 3018 3019
f 3008 3020 3018
f 3008 3018 3017
f 3010 3014 3021
f 3010 3021 3022
f 3010 3022 3023
f 3010 3023 3011
f 3011 3023 3012
f 3012 3023 3024
f 3014 3015 3021
f 3018 3020 3025
f 3018 3025 3026
f 3018 3026 3019
f 3021 3027 3022
f 3022 3027 3023
f 3023 3027 3028
f 3023 3028 3029
f 3023 3029 3030
f 3023 3030 3031
f 3023 3031 3032
f 3023 3032 3033
f 3023 3033 3034
f 3023 3034 3035
f 3023 3035 3024
f 3024 3035 3036
f 3025 3037 3038
f 3025 3038 3026
f 3026 3038 3040
f 3026 3040 3039
f 3028 3041 3029
f 3029 3041 3042
f 3029 3042 3030
f 3030 3042 3043
f 3030 3043 3044
f 3030 3044 3045
f 3030 3045 3046
f 3030 3046 3031
f 3031 3046 3045
f 3031 3045 3047
f 3033 3036 3034
f 3034 3036 3035
f 3037 3048 3049
f 3037 3049 3038
f 3038 3049 3040
f 3039 3040 3050
f 3040 3049 3051
f 3040 3051 3052
f 3040 3052 3053
f 3040 3053 3050
f 3043 3054 3044
f 3044 3054 3055
f 3044 3055 3056
f 3044 3056 3057
f 3044 3057 3058
f 3044 3058 3047
f 3044 3047 3045
f 3047 3058 3059
f 3048 3060 3051
f 3048 3051 3061
f 3048 3061 3049
f 3049 3061 3051
f 3050 3053 3063
f 3050 3063 3062
f 3051 3060 3064
f 3051 3064 3052
f 3052 3063 3053
f 3052 3064 3065
f 3052 3065 3066
f 3052 3066 3063
f 3056 3067 3057
f 3056 3062 3067
f 3057 3067 3059
f 3057 3059 3058
f 3059 3067 3066
f 3062 3063 3067
f 3063 3066 3067

o geometry_31
v 0.00203159 -0.00197569 0.01584096 0.71372549 0.28627451 0.18039216
v 0.00204296 -0.00260966 0.01584096 0.71372549 0.28627451 0.18039216
v -0.00492525 -0.00197569 0.01584096 0.71372549 0.28627451 0.18039216
v -0.00176202 -0.00197569 0.02207517 0.71372549 0.28627451 0.18039216
v -0.00173675 -0.00260966 0.02211557 0.71372549 0.28627451 0.18039216
v 0.00204043 -0.00269889 0.01584096 0.71372549 0.28627451 0.18039216
v -0.00174307 -0.00373126 0.02210848 0.71372549 0.28627451 0.18039216
v -0.00561373 -0.00197569 0.01695004 0.71372549 0.28627451 0.18039216
v -0.01086263 -0.00271063 0.01584096 0.71372549 0.28627451 0.18039216
v -0.00191614 -0.00197569 0.02231825 0.71372549 0.28627451 0.18039216
v -0.00211826 -0.00197569 0.02263573 0.71372549 0.28627451 0.18039216
v -0.00209426 -0.00260966 0.02267613 0.71372549 0.28627451 0.18039216
v -0.00209299 -0.00373126 0.02266904 0.71372549 0.28627451 0.18039216
v 0.00198737 -0.00373126 0.01584096 0.71372549 0.28627451 0.18039216
v 0.00128499 -0.00373126 0.01705279 0.71372549 0.28627451 0.18039216
v -0.00178476 -0.00463840 0.02204186 0.71372549 0.28627451 0.18039216
v -0.00669762 -0.00197569 0.01869692 0.71372549 0.28627451 0.18039216
v -0.01086263 -0.00881326 0.01584096 0.71372549 0.28627451 0.18039216
v -0.01086263 -0.00378761 0.02308007 0.71372549 0.28627451 0.18039216
v -0.00917616 -0.00197569 0.02308007 0.71372549 0.28627451 0.18039216
v -0.00241639 -0.00197569 0.02308007 0.71372549 0.28627451 0.18039216
v -0.00236460 -0.00315363 0.02308007 0.71372549 0.28627451 0.18039216
v -0.00236586 -0.00373126 0.02308007 0.71372549 0.28627451 0.18039216
v -0.00236712 -0.00260966 0.02308007 0.71372549 0.28627451 0.18039216
v -0.00240376 -0.00430732 0.02308007 0.71372549 0.28627451 0.18039216
v 0.00197979 -0.00380248 0.01584096 0.71372549 0.28627451 0.18039216
v 0.00156418 -0.00452725 0.01641215 0.71372549 0.28627451 0.18039216
v -0.00246061 -0.00488886 0.02308007 0.71372549 0.28627451 0.18039216
v -0.00207910 -0.00494834 0.02245431 0.71372549 0.28627451 0.18039216
v -0.00184160 -0.00538587 0.02194478 0.71372549 0.28627451 0.18039216
v -0.00057454 -0.00485285 0.01994773 0.71372549 0.28627451 0.18039216
v -0.00010081 -0.00485285 0.01914905 0.71372549 0.28627451 0.18039216
v -0.01086263 -0.00884301 0.01598057 0.71372549 0.28627451 0.18039216
v -0.01055944 -0.00887353 0.01584096 0.71372549 0.28627451 0.18039216
v -0.01086263 -0.00981745 0.02308007 0.71372549 0.28627451 0.18039216
v 0.00183578 -0.00488103 0.01584096 0.71372549 0.28627451 0.18039216
v 0.00064957 -0.00485285 0.01787769 0.71372549 0.28627451 0.18039216
v 0.00125973 -0.00488181 0.01683381 0.71372549 0.28627451 0.18039216
v 0.00150354 -0.00527472 0.01630656 0.71372549 0.28627451 0.18039216
v -0.00262989 -0.00570912 0.02308007 0.71372549 0.28627451 0.18039216
v -0.00268926 -0.00597288 0.02308007 0.71372549 0.28627451 0.18039216
v -0.00234565 -0.00597288 0.02251242 0.71372549 0.28627451 0.18039216
v -0.00192245 -0.00597288 0.02181013 0.71372549 0.28627451 0.18039216
v -0.00158516 -0.00597288 0.02124957 0.71372549 0.28627451 0.18039216
v -0.00064655 -0.00565433 0.01982513 0.71372549 0.28627451 0.18039216
v -0.01030174 -0.00891736 0.01584096 0.71372549 0.28627451 0.18039216
v -0.01086263 -0.00897998 0.01690185 0.71372549 0.28627451 0.18039216
v -0.01086263 -0.00929931 0.01914905 0.71372549 0.28627451 0.18039216
v -0.01024615 -0.00923044 0.01802793 0.71372549 0.28627451 0.18039216
v -0.00912437 -0.00907860 0.01584096 0.71372549 0.28627451 0.18039216
v -0.01008951 -0.00989572 0.02308007 0.71372549 0.28627451 0.18039216
v 0.00155786 -0.00597288 0.01584096 0.71372549 0.28627451 0.18039216
v -0.00039516 -0.00600576 0.01921921 0.71372549 0.28627451 0.18039216
v 0.00019353 -0.00597288 0.01821502 0.71372549 0.28627451 0.18039216
v 0.00139869 -0.00597288 0.01612089 0.71372549 0.28627451 0.18039216
v -0.00286864 -0.00656225 0.02308007 0.71372549 0.28627451 0.18039216
v -0.00075645 -0.00640101 0.01963946 0.71372549 0.28627451 0.18039216
v -0.00098763 -0.00600576 0.02022695 0.71372549 0.28627451 0.18039216
v -0.01024615 -0.00908251 0.01690610 0.71372549 0.28627451 0.18039216
v -0.01086263 -0.00914669 0.01802793 0.71372549 0.28627451 0.18039216
v -0.00906878 -0.00908407 0.01584096 0.71372549 0.28627451 0.18039216
v -0.00986970 -0.00991686 0.02308007 0.71372549 0.28627451 0.18039216
v -0.00800384 -0.00918895 0.01584096 0.71372549 0.28627451 0.18039216
v 0.00041713 -0.00655677 0.01748934 0.71372549 0.28627451 0.18039216
v 0.00097044 -0.00712892 0.01584096 0.71372549 0.28627451 0.18039216
v -0.00290528 -0.00665695 0.02308007 0.71372549 0.28627451 0.18039216
v -0.00172159 -0.00675009 0.02102279 0.71372549 0.28627451 0.18039216
v -0.00906878 -0.00996225 0.02308007 0.71372549 0.28627451 0.18039216
v -0.00931765 -0.00986285 0.02222825 0.71372549 0.28627451 0.18039216
v -0.00856979 -0.00989807 0.02194690 0.71372549 0.28627451 0.18039216
v -0.00794700 -0.00919365 0.01584096 0.71372549 0.28627451 0.18039216
v 0.00058388 -0.00681506 0.01690610 0.71372549 0.28627451 0.18039216
v -0.00054043 -0.00683775 0.01889251 0.71372549 0.28627451 0.18039216
v -0.00076403 -0.00758522 0.01850133 0.71372549 0.28627451 0.18039216
v 0.00095654 -0.00715083 0.01584096 0.71372549 0.28627451 0.18039216
v -0.00295328 -0.00676183 0.02308007 0.71372549 0.28627451 0.18039216
v -0.00318067 -0.00725571 0.02308007 0.71372549 0.28627451 0.18039216
v -0.00309477 -0.00736920 0.02283487 0.71372549 0.28627451 0.18039216
v -0.00800384 -0.00995051 0.02251242 0.71372549 0.28627451 0.18039216
v -0.00800384 -0.00997086 0.02308007 0.71372549 0.28627451 0.18039216
v -0.00688206 -0.00927975 0.01584096 0.71372549 0.28627451 0.18039216
v -0.00682521 -0.00928366 0.01584096 0.71372549 0.28627451 0.18039216
v -0.00688206 -0.00954273 0.01802793 0.71372549 0.28627451 0.18039216
v -0.00688206 -0.00966953 0.01914905 0.71372549 0.28627451 0.18039216
v -0.00800384 -0.00990668 0.02186753 0.71372549 0.28627451 0.18039216
v -0.00288254 -0.00774646 0.02208722 0.71372549 0.28627451 0.18039216
v 0.00038807 -0.00763297 0.01631223 0.71372549 0.28627451 0.18039216
v -0.00423803 -0.00862072 0.02308007 0.71372549 0.28627451 0.18039216
v -0.00009702 -0.00817772 0.01584096 0.71372549 0.28627451 0.18039216
v -0.00333479 -0.00753200 0.02308007 0.71372549 0.28627451 0.18039216
v -0.00735579 -0.00990903 0.02184344 0.71372549 0.28627451 0.18039216
v -0.00728125 -0.00993094 0.02308007 0.71372549 0.28627451 0.18039216
v -0.00727494 -0.00992781 0.02251242 0.71372549 0.28627451 0.18039216
v -0.00576027 -0.00935175 0.01584096 0.71372549 0.28627451 0.18039216
v -0.00576027 -0.00947151 0.01690610 0.71372549 0.28627451 0.18039216
v -0.00576027 -0.00959047 0.01802793 0.71372549 0.28627451 0.18039216
v -0.00371630 -0.00805014 0.02308007 0.71372549 0.28627451 0.18039216
v -0.00033578 -0.00798205 0.01690610 0.71372549 0.28627451 0.18039216
v -0.00418497 -0.00868099 0.02287385 0.71372549 0.28627451 0.18039216
v -0.00399296 -0.00884301 0.02212620 0.71372549 0.28627451 0.18039216
v -0.00439089 -0.00875691 0.02308007 0.71372549 0.28627451 0.18039216
v -0.00016777 -0.00823251 0.01584096 0.71372549 0.28627451 0.18039216
v -0.00576027 -0.00968283 0.01914905 0.71372549 0.28627451 0.18039216
v -0.00576027 -0.00972118 0.02026947 0.71372549 0.28627451 0.18039216
v -0.00463975 -0.00955760 0.01914905 0.71372549 0.28627451 0.18039216
v -0.00700586 -0.00988320 0.02308007 0.71372549 0.28627451 0.18039216
v -0.00463975 -0.00938071 0.01584096 0.71372549 0.28627451 0.18039216
v -0.00351923 -0.00935958 0.01584096 0.71372549 0.28627451 0.18039216
v -0.00107606 -0.00854245 0.01690610 0.71372549 0.28627451 0.18039216
v -0.00196540 -0.00869743 0.01833479 0.71372549 0.28627451 0.18039216
v -0.00476860 -0.00901989 0.02308007 0.71372549 0.28627451 0.18039216
v -0.00381610 -0.00895258 0.02139059 0.71372549 0.28627451 0.18039216
v -0.00178223 -0.00880857 0.01758713 0.71372549 0.28627451 0.18039216
v -0.00035852 -0.00836948 0.01584096 0.71372549 0.28627451 0.18039216
v -0.00239871 -0.00921713 0.01584096 0.71372549 0.28627451 0.18039216
v -0.00463975 -0.00950907 0.02026947 0.71372549 0.28627451 0.18039216
v -0.00672162 -0.00980806 0.02308007 0.71372549 0.28627451 0.18039216
v -0.00087899 -0.00868960 0.01599829 0.71372549 0.28627451 0.18039216
v -0.00576027 -0.00950438 0.02308007 0.71372549 0.28627451 0.18039216
v -0.00459048 -0.00907938 0.02250534 0.71372549 0.28627451 0.18039216
v -0.00463975 -0.00936271 0.02139059 0.71372549 0.28627451 0.18039216
v -0.00163695 -0.00887196 0.01690610 0.71372549 0.28627451 0.18039216
v -0.00107227 -0.00880074 0.01584096 0.71372549 0.28627451 0.18039216
v -0.00130977 -0.00890484 0.01584096 0.71372549 0.28627451 0.18039216
v -0.00239871 -0.00913495 0.01690610 0.71372549 0.28627451 0.18039216
v -0.00576027 -0.00959908 0.02251242 0.71372549 0.28627451 0.18039216
f 3068 3069 3073
f 3068 3073 3081
f 3068 3081 3093
f 3068 3093 3103
f 3068 3103 3119
f 3068 3119 3132
f 3068 3132 3142
f 3068 3142 3156
f 3068 3156 3169
f 3068 3169 3181
f 3068 3181 3190
f 3068 3190 3191
f 3068 3191 3182
f 3068 3182 3175
f 3068 3175 3174
f 3068 3174 3161
f 3068 3161 3149
f 3068 3149 3148
f 3068 3148 3138
f 3068 3138 3130
f 3068 3130 3128
f 3068 3128 3117
f 3068 3117 3113
f 3068 3113 3101
f 3068 3101 3085
f 3068 3085 3076
f 3068 3076 3070
f 3068 3070 3075
f 3068 3075 3084
f 3068 3084 3087
f 3068 3087 3088
f 3068 3088 3078
f 3068 3078 3077
f 3068 3077 3071
f 3068 3071 3072
f 3068 3072 3069
f 3069 3072 3074
f 3069 3074 3073
f 3070 3076 3075
f 3071 3077 3072
f 3072 3077 3078
f 3072 3078 3079
f 3072 3079 3080
f 3072 3080 3074
f 3073 3074 3082
f 3073 3082 3081
f 3074 3080 3083
f 3074 3083 3082
f 3075 3076 3084
f 3076 3085 3100
f 3076 3100 3114
f 3076 3114 3127
f 3076 3127 3115
f 3076 3115 3102
f 3076 3102 3086
f 3076 3086 3087
f 3076 3087 3084
f 3078 3088 3079
f 3079 3089 3090
f 3079 3090 3080
f 3079 3088 3091
f 3079 3091 3089
f 3080 3090 3092
f 3080 3092 3083
f 3081 3082 3093
f 3082 3094 3093
f 3082 3083 3094
f 3083 3092 3095
f 3083 3095 3096
f 3083 3096 3097
f 3083 3097 3098
f 3083 3098 3099
f 3083 3099 3094
f 3085 3101 3100
f 3086 3102 3118
f 3086 3118 3129
f 3086 3129 3135
f 3086 3135 3147
f 3086 3147 3159
f 3086 3159 3173
f 3086 3173 3184
f 3086 3184 3186
f 3086 3186 3178
f 3086 3178 3168
f 3086 3168 3155
f 3086 3155 3164
f 3086 3164 3157
f 3086 3157 3144
f 3086 3144 3143
f 3086 3143 3133
f 3086 3133 3123
f 3086 3123 3108
f 3086 3108 3107
f 3086 3107 3095
f 3086 3095 3092
f 3086 3092 3090
f 3086 3090 3089
f 3086 3089 3091
f 3086 3091 3088
f 3086 3088 3087
f 3093 3094 3103
f 3094 3099 3104
f 3094 3104 3105
f 3094 3105 3106
f 3094 3106 3103
f 3095 3107 3097
f 3095 3097 3096
f 3097 3107 3108
f 3097 3108 3109
f 3097 3109 3110
f 3097 3110 3111
f 3097 3111 3112
f 3097 3112 3106
f 3097 3106 3104
f 3097 3104 3099
f 3097 3099 3098
f 3100 3101 3113
f 3100 3113 3114
f 3102 3115 3116
f 3102 3116 3117
f 3102 3117 3118
f 3103 3106 3119
f 3104 3106 3105
f 3106 3112 3120
f 3106 3120 3121
f 3106 3121 3122
f 3106 3122 3119
f 3108 3123 3109
f 3109 3123 3110
f 3110 3123 3111
f 3111 3124 3125
f 3111 3125 3112
f 3111 3123 3124
f 3112 3125 3124
f 3112 3124 3120
f 3113 3126 3127
f 3113 3127 3114
f 3113 3117 3126
f 3115 3127 3126
f 3115 3126 3116
f 3116 3126 3117
f 3117 3128 3118
f 3118 3128 3130
f 3118 3130 3129
f 3119 3122 3131
f 3119 3131 3132
f 3120 3124 3121
f 3121 3124 3122
f 3122 3124 3131
f 3123 3133 3124
f 3124 3133 3134
f 3124 3134 3131
f 3129 3130 3136
f 3129 3136 3137
f 3129 3137 3135
f 3130 3138 3137
f 3130 3137 3136
f 3131 3139 3132
f 3131 3134 3140
f 3131 3140 3141
f 3131 3141 3139
f 3132 3139 3141
f 3132 3141 3142
f 3133 3143 3134
f 3134 3143 3144
f 3134 3144 3145
f 3134 3145 3140
f 3135 3137 3146
f 3135 3146 3147
f 3137 3138 3148
f 3137 3148 3149
f 3137 3149 3150
f 3137 3150 3151
f 3137 3151 3152
f 3137 3152 3146
f 3140 3145 3153
f 3140 3153 3141
f 3141 3154 3142
f 3141 3153 3155
f 3141 3155 3154
f 3142 3154 3156
f 3144 3157 3145
f 3145 3157 3153
f 3146 3152 3158
f 3146 3158 3147
f 3147 3158 3160
f 3147 3160 3159
f 3149 3161 3150
f 3150 3161 3151
f 3151 3161 3162
f 3151 3162 3163
f 3151 3163 3152
f 3152 3163 3158
f 3153 3157 3164
f 3153 3164 3155
f 3154 3165 3156
f 3154 3155 3166
f 3154 3166 3167
f 3154 3167 3165
f 3155 3168 3166
f 3156 3165 3169
f 3158 3163 3170
f 3158 3170 3160
f 3159 3160 3171
f 3159 3171 3172
f 3159 3172 3173
f 3160 3170 3171
f 3161 3174 3162
f 3162 3174 3163
f 3163 3174 3175
f 3163 3175 3170
f 3165 3176 3169
f 3165 3167 3177
f 3165 3177 3176
f 3166 3168 3167
f 3167 3168 3178
f 3167 3178 3179
f 3167 3179 3180
f 3167 3180 3177
f 3169 3176 3181
f 3170 3175 3171
f 3171 3175 3182
f 3171 3182 3172
f 3172 3182 3183
f 3172 3183 3173
f 3173 3183 3184
f 3176 3185 3181
f 3176 3177 3180
f 3176 3180 3185
f 3178 3186 3187
f 3178 3187 3179
f 3179 3187 3188
f 3179 3188 3180
f 3180 3188 3189
f 3180 3189 3185
f 3181 3185 3190
f 3182 3191 3192
f 3182 3192 3183
f 3183 3188 3193
f 3183 3193 3184
f 3183 3192 3191
f 3183 3191 3188
f 3184 3193 3186
f 3185 3189 3190
f 3186 3193 3188
f 3186 3188 3187
f 3188 3191 3189
f 3189 3191 3190

o geometry_32
v -0.01299743 -0.00067533 0.01584167 0.58431373 0.01960784 0.82745098
v -0.01086263 -0.00378787 0.02308007 0.58431373 0.01960784 0.82745098
v -0.01086263 -0.00271038 0.01584096 0.58431373 0.01960784 0.82745098
v -0.01299743 -0.00067622 0.01584096 0.58431373 0.01960784 0.82745098
v -0.01359476 -0.00067533 0.01584096 0.58431373 0.01960784 0.82745098
v -0.01325044 -0.00067533 0.01631719 0.58431373 0.01960784 0.82745098
v -0.01086263 -0.00981787 0.02308007 0.58431373 0.01960784 0.82745098
v -0.01610832 -0.00067533 0.02122405 0.58431373 0.01960784 0.82745098
v -0.01710986 -0.00067533 0.02279589 0.58431373 0.01960784 0.82745098
v -0.01729250 -0.00067533 0.02308007 0.58431373 0.01960784 0.82745098
v -0.01086263 -0.00881287 0.01584096 0.58431373 0.01960784 0.82745098
v -0.02143636 -0.00067533 0.01584096 0.58431373 0.01960784 0.82745098
v -0.01086263 -0.00929971 0.01914905 0.58431373 0.01960784 0.82745098
v -0.01248993 -0.00965946 0.02308007 0.58431373 0.01960784 0.82745098
v -0.02615658 -0.00067533 0.02308007 0.58431373 0.01960784 0.82745098
v -0.01086263 -0.00884329 0.01598057 0.58431373 0.01960784 0.82745098
v -0.01126833 -0.00873143 0.01584096 0.58431373 0.01960784 0.82745098
v -0.02115491 -0.00140827 0.01584096 0.58431373 0.01960784 0.82745098
v -0.02314899 -0.00094559 0.01857432 0.58431373 0.01960784 0.82745098
v -0.02181661 -0.00067533 0.01641782 0.58431373 0.01960784 0.82745098
v -0.01086263 -0.00914667 0.01802793 0.58431373 0.01960784 0.82745098
v -0.01361123 -0.00952523 0.02308007 0.58431373 0.01960784 0.82745098
v -0.02559369 -0.00067533 0.02219281 0.58431373 0.01960784 0.82745098
v -0.02537362 -0.00089906 0.02196604 0.58431373 0.01960784 0.82745098
v -0.02584669 -0.00150671 0.02308007 0.58431373 0.01960784 0.82745098
v -0.01103479 -0.00882540 0.01605923 0.58431373 0.01960784 0.82745098
v -0.01086263 -0.00898022 0.01690185 0.58431373 0.01960784 0.82745098
v -0.01361123 -0.00943394 0.02251242 0.58431373 0.01960784 0.82745098
v -0.01144948 -0.00869026 0.01584096 0.58431373 0.01960784 0.82745098
v -0.01473253 -0.00932566 0.02308007 0.58431373 0.01960784 0.82745098
v -0.02114293 -0.00143422 0.01584096 0.58431373 0.01960784 0.82745098
v -0.02540955 -0.00067533 0.02191076 0.58431373 0.01960784 0.82745098
v -0.02557423 -0.00205619 0.02308007 0.58431373 0.01960784 0.82745098
v -0.01246748 -0.00863478 0.01689830 0.58431373 0.01960784 0.82745098
v -0.01243604 -0.00840389 0.01584096 0.58431373 0.01960784 0.82745098
v -0.01473253 -0.00921648 0.02251242 0.58431373 0.01960784 0.82745098
v -0.01585682 -0.00904734 0.02308007 0.58431373 0.01960784 0.82745098
v -0.02112497 -0.00146644 0.01584096 0.58431373 0.01960784 0.82745098
v -0.02545147 -0.00215553 0.02297377 0.58431373 0.01960784 0.82745098
v -0.02548291 -0.00221728 0.02308007 0.58431373 0.01960784 0.82745098
v -0.01248843 -0.00838867 0.01584096 0.58431373 0.01960784 0.82745098
v -0.01585831 -0.00892294 0.02253864 0.58431373 0.01960784 0.82745098
v -0.01659337 -0.00882450 0.02308007 0.58431373 0.01960784 0.82745098
v -0.02047674 -0.00255288 0.01584096 0.58431373 0.01960784 0.82745098
v -0.02097377 -0.00216627 0.01622152 0.58431373 0.01960784 0.82745098
v -0.02537811 -0.00237300 0.02308007 0.58431373 0.01960784 0.82745098
v -0.02039740 -0.00267101 0.01584096 0.58431373 0.01960784 0.82745098
v -0.01623557 -0.00871711 0.02218218 0.58431373 0.01960784 0.82745098
v -0.01713231 -0.00862941 0.02308007 0.58431373 0.01960784 0.82745098
v -0.01361123 -0.00825980 0.01690610 0.58431373 0.01960784 0.82745098
v -0.01365913 -0.00793942 0.01584096 0.58431373 0.01960784 0.82745098
v -0.01548704 -0.00883882 0.02169107 0.58431373 0.01960784 0.82745098
v -0.01674457 -0.00877081 0.02308007 0.58431373 0.01960784 0.82745098
v -0.02507721 -0.00281240 0.02308007 0.58431373 0.01960784 0.82745098
v -0.02023721 -0.00288668 0.01584096 0.58431373 0.01960784 0.82745098
v -0.02483618 -0.00313726 0.02308007 0.58431373 0.01960784 0.82745098
v -0.01809043 -0.00822848 0.02308007 0.58431373 0.01960784 0.82745098
v -0.01697512 -0.00820074 0.02139059 0.58431373 0.01960784 0.82745098
v -0.01381782 -0.00787230 0.01584096 0.58431373 0.01960784 0.82745098
v -0.01965635 -0.00361605 0.01584096 0.58431373 0.01960784 0.82745098
v -0.01997523 -0.00340574 0.01603088 0.58431373 0.01960784 0.82745098
v -0.02455623 -0.00348628 0.02308007 0.58431373 0.01960784 0.82745098
v -0.01818475 -0.00798417 0.02243305 0.58431373 0.01960784 0.82745098
v -0.01900663 -0.00781234 0.02308007 0.58431373 0.01960784 0.82745098
v -0.01433131 -0.00773180 0.01611522 0.58431373 0.01960784 0.82745098
v -0.01462773 -0.00748659 0.01584096 0.58431373 0.01960784 0.82745098
v -0.01939138 -0.00391227 0.01584096 0.58431373 0.01960784 0.82745098
v -0.02090790 -0.00430245 0.01857290 0.58431373 0.01960784 0.82745098
v -0.02403974 -0.00406440 0.02308007 0.58431373 0.01960784 0.82745098
v -0.01534033 -0.00767900 0.01739721 0.58431373 0.01960784 0.82745098
v -0.01932700 -0.00764947 0.02308007 0.58431373 0.01960784 0.82745098
v -0.01887489 -0.00776581 0.02275408 0.58431373 0.01960784 0.82745098
v -0.01507984 -0.00754745 0.01664956 0.58431373 0.01960784 0.82745098
v -0.01475049 -0.00742484 0.01584096 0.58431373 0.01960784 0.82745098
v -0.01907699 -0.00422638 0.01584096 0.58431373 0.01960784 0.82745098
v -0.01964438 -0.00415300 0.01653334 0.58431373 0.01960784 0.82745098
v -0.01990337 -0.00441342 0.01728099 0.58431373 0.01960784 0.82745098
v -0.01825361 -0.00501571 0.01584096 0.58431373 0.01960784 0.82745098
v -0.02030159 -0.00457540 0.01813069 0.58431373 0.01960784 0.82745098
v -0.02073573 -0.00528150 0.01994560 0.58431373 0.01960784 0.82745098
v -0.02109353 -0.00448233 0.01914905 0.58431373 0.01960784 0.82745098
v -0.02290946 -0.00519290 0.02308007 0.58431373 0.01960784 0.82745098
v -0.02313103 -0.00497812 0.02308007 0.58431373 0.01960784 0.82745098
v -0.02348284 -0.00463536 0.02308007 0.58431373 0.01960784 0.82745098
v -0.02383465 -0.00428008 0.02308007 0.58431373 0.01960784 0.82745098
v -0.01861739 -0.00763515 0.02200643 0.58431373 0.01960784 0.82745098
v -0.01952611 -0.00754297 0.02308007 0.58431373 0.01960784 0.82745098
v -0.01586131 -0.00679839 0.01584096 0.58431373 0.01960784 0.82745098
v -0.01859644 -0.00469980 0.01584096 0.58431373 0.01960784 0.82745098
v -0.01889585 -0.00451544 0.01599333 0.58431373 0.01960784 0.82745098
v -0.01795270 -0.00527702 0.01584096 0.58431373 0.01960784 0.82745098
v -0.01773862 -0.00557324 0.01602592 0.58431373 0.01960784 0.82745098
v -0.02098275 -0.00548375 0.02069326 0.58431373 0.01960784 0.82745098
v -0.02236304 -0.00565468 0.02308007 0.58431373 0.01960784 0.82745098
v -0.02268341 -0.00539247 0.02308007 0.58431373 0.01960784 0.82745098
v -0.02031955 -0.00706956 0.02308007 0.58431373 0.01960784 0.82745098
v -0.01648109 -0.00657735 0.01624278 0.58431373 0.01960784 0.82745098
v -0.01690476 -0.00609140 0.01584096 0.58431373 0.01960784 0.82745098
v -0.02035099 -0.00682703 0.02254290 0.58431373 0.01960784 0.82745098
v -0.02103964 -0.00662657 0.02308007 0.58431373 0.01960784 0.82745098
v -0.01873417 -0.00658719 0.01958843 0.58431373 0.01960784 0.82745098
v -0.01721765 -0.00586588 0.01584096 0.58431373 0.01960784 0.82745098
v -0.02164594 -0.00619522 0.02308007 0.58431373 0.01960784 0.82745098
v -0.01848266 -0.00641358 0.01884149 0.58431373 0.01960784 0.82745098
v -0.01726405 -0.00634735 0.01690610 0.58431373 0.01960784 0.82745098
v -0.01700955 -0.00601802 0.01584096 0.58431373 0.01960784 0.82745098
v -0.02115491 -0.00654961 0.02308007 0.58431373 0.01960784 0.82745098
f 3194 3195 3196
f 3194 3196 3197
f 3194 3197 3198
f 3194 3198 3205
f 3194 3205 3213
f 3194 3213 3225
f 3194 3225 3216
f 3194 3216 3208
f 3194 3208 3203
f 3194 3203 3202
f 3194 3202 3201
f 3194 3201 3199
f 3194 3199 3195
f 3195 3200 3206
f 3195 3206 3214
f 3195 3214 3220
f 3195 3220 3209
f 3195 3209 3204
f 3195 3204 3196
f 3195 3199 3201
f 3195 3201 3202
f 3195 3202 3203
f 3195 3203 3208
f 3195 3208 3218
f 3195 3218 3226
f 3195 3226 3233
f 3195 3233 3239
f 3195 3239 3247
f 3195 3247 3249
f 3195 3249 3255
f 3195 3255 3262
f 3195 3262 3278
f 3195 3278 3277
f 3195 3277 3276
f 3195 3276 3275
f 3195 3275 3288
f 3195 3288 3287
f 3195 3287 3296
f 3195 3296 3300
f 3195 3300 3293
f 3195 3293 3289
f 3195 3289 3280
f 3195 3280 3264
f 3195 3264 3257
f 3195 3257 3250
f 3195 3250 3242
f 3195 3242 3246
f 3195 3246 3236
f 3195 3236 3230
f 3195 3230 3223
f 3195 3223 3215
f 3195 3215 3207
f 3195 3207 3200
f 3196 3204 3210
f 3196 3210 3222
f 3196 3222 3228
f 3196 3228 3234
f 3196 3234 3244
f 3196 3244 3252
f 3196 3252 3259
f 3196 3259 3267
f 3196 3267 3281
f 3196 3281 3291
f 3196 3291 3299
f 3196 3299 3295
f 3196 3295 3284
f 3196 3284 3271
f 3196 3271 3282
f 3196 3282 3268
f 3196 3268 3260
f 3196 3260 3253
f 3196 3253 3248
f 3196 3248 3240
f 3196 3240 3237
f 3196 3237 3231
f 3196 3231 3224
f 3196 3224 3211
f 3196 3211 3205
f 3196 3205 3198
f 3196 3198 3197
f 3200 3207 3206
f 3204 3209 3210
f 3205 3211 3212
f 3205 3212 3213
f 3206 3207 3214
f 3207 3215 3214
f 3208 3216 3217
f 3208 3217 3218
f 3209 3219 3210
f 3209 3220 3215
f 3209 3215 3221
f 3209 3221 3219
f 3210 3219 3223
f 3210 3223 3222
f 3211 3224 3218
f 3211 3218 3212
f 3212 3218 3217
f 3212 3217 3216
f 3212 3216 3225
f 3212 3225 3213
f 3214 3215 3220
f 3215 3223 3221
f 3218 3224 3226
f 3219 3221 3223
f 3222 3227 3228
f 3222 3223 3229
f 3222 3229 3230
f 3222 3230 3227
f 3223 3230 3229
f 3224 3231 3232
f 3224 3232 3226
f 3226 3232 3233
f 3227 3234 3228
f 3227 3230 3234
f 3230 3235 3234
f 3230 3236 3235
f 3231 3237 3238
f 3231 3238 3232
f 3232 3238 3233
f 3233 3238 3237
f 3233 3237 3240
f 3233 3240 3239
f 3234 3241 3242
f 3234 3242 3243
f 3234 3243 3244
f 3234 3235 3245
f 3234 3245 3236
f 3234 3236 3241
f 3235 3236 3245
f 3236 3246 3241
f 3239 3240 3247
f 3240 3248 3249
f 3240 3249 3247
f 3241 3246 3242
f 3242 3250 3251
f 3242 3251 3244
f 3242 3244 3243
f 3244 3251 3252
f 3248 3253 3254
f 3248 3254 3249
f 3249 3254 3255
f 3250 3256 3251
f 3250 3257 3256
f 3251 3256 3258
f 3251 3258 3252
f 3252 3258 3259
f 3253 3260 3254
f 3254 3260 3261
f 3254 3261 3255
f 3255 3261 3262
f 3256 3257 3263
f 3256 3263 3258
f 3257 3264 3265
f 3257 3265 3263
f 3258 3263 3266
f 3258 3266 3259
f 3259 3266 3267
f 3260 3268 3269
f 3260 3269 3261
f 3261 3269 3270
f 3261 3270 3271
f 3261 3271 3272
f 3261 3272 3273
f 3261 3273 3274
f 3261 3274 3275
f 3261 3275 3276
f 3261 3276 3277
f 3261 3277 3278
f 3261 3278 3262
f 3263 3265 3279
f 3263 3279 3266
f 3264 3280 3279
f 3264 3279 3265
f 3266 3279 3267
f 3267 3279 3280
f 3267 3280 3281
f 3268 3282 3283
f 3268 3283 3269
f 3269 3283 3270
f 3270 3283 3282
f 3270 3282 3271
f 3271 3284 3285
f 3271 3285 3273
f 3271 3273 3272
f 3273 3285 3286
f 3273 3286 3287
f 3273 3287 3288
f 3273 3288 3275
f 3273 3275 3274
f 3280 3289 3281
f 3281 3290 3291
f 3281 3289 3292
f 3281 3292 3293
f 3281 3293 3294
f 3281 3294 3290
f 3284 3295 3285
f 3285 3295 3296
f 3285 3296 3287
f 3285 3287 3286
f 3289 3293 3292
f 3290 3294 3297
f 3290 3297 3298
f 3290 3298 3291
f 3291 3298 3299
f 3293 3300 3294
f 3294 3300 3297
f 3295 3299 3296
f 3296 3299 3300
f 3297 3300 3299
f 3297 3299 3298

o geometry_33
v -0.00513065 0.00469449 0.00314414 0.00392157 0.67450980 0.26666667
v -0.00192870 0.00468848 0.00904389 0.00392157 0.67450980 0.26666667
v -0.00408975 0.00468848 0.01248530 0.00392157 0.67450980 0.26666667
v -0.00513065 0.00468848 0.01440424 0.00392157 0.67450980 0.26666667
v -0.00513065 0.01121512 0.00314414 0.00392157 0.67450980 0.26666667
v 0.00184424 0.00468848 0.00314414 0.00392157 0.67450980 0.26666667
v 0.00156831 0.00468848 0.00349213 0.00392157 0.67450980 0.26666667
v -0.00513065 0.00468848 0.01584096 0.00392157 0.67450980 0.26666667
v -0.00513065 0.01122789 0.00320877 0.00392157 0.67450980 0.26666667
v -0.00496400 0.01129777 0.00314414 0.00392157 0.67450980 0.26666667
v 0.00882460 0.00468848 0.00314414 0.00392157 0.67450980 0.26666667
v -0.00513065 0.01093338 0.01584096 0.00392157 0.67450980 0.26666667
v 0.00075826 0.00468848 0.01584096 0.00392157 0.67450980 0.26666667
v -0.00513065 0.01127372 0.00345112 0.00392157 0.67450980 0.26666667
v -0.00502137 0.01132782 0.00345112 0.00392157 0.67450980 0.26666667
v -0.00440393 0.01153218 0.00314414 0.00392157 0.67450980 0.26666667
v 0.00866341 0.00518810 0.00314414 0.00392157 0.67450980 0.26666667
v 0.00021048 0.00645932 0.01584096 0.00392157 0.67450980 0.26666667
v 0.00040036 0.00586578 0.01584096 0.00392157 0.67450980 0.26666667
v 0.00060936 0.00519035 0.01584096 0.00392157 0.67450980 0.26666667
v -0.00513065 0.01103406 0.01515367 0.00392157 0.67450980 0.26666667
v -0.00469626 0.01090859 0.01584096 0.00392157 0.67450980 0.26666667
v -0.00463889 0.01107838 0.01466275 0.00392157 0.67450980 0.26666667
v -0.00513065 0.01130453 0.00364625 0.00392157 0.67450980 0.26666667
v -0.00445994 0.01155096 0.00345112 0.00392157 0.67450980 0.26666667
v -0.00513065 0.01137816 0.00415829 0.00392157 0.67450980 0.26666667
v -0.00420313 0.01160656 0.00314414 0.00392157 0.67450980 0.26666667
v 0.00835059 0.00604760 0.00314414 0.00392157 0.67450980 0.26666667
v 0.00041812 0.00694992 0.01524191 0.00392157 0.67450980 0.26666667
v -0.00017883 0.00747434 0.01584096 0.00392157 0.67450980 0.26666667
v 0.00096726 0.01234810 0.00314414 0.00392157 0.67450980 0.26666667
v -0.00463889 0.01121813 0.01354171 0.00392157 0.67450980 0.26666667
v -0.00513065 0.01116028 0.01403139 0.00392157 0.67450980 0.26666667
v -0.00463889 0.01090107 0.01584096 0.00392157 0.67450980 0.26666667
v -0.00463889 0.01091159 0.01578379 0.00392157 0.67450980 0.26666667
v 0.00239338 0.01223465 0.00314414 0.00392157 0.67450980 0.26666667
v 0.00208193 0.01226846 0.00314414 0.00392157 0.67450980 0.26666667
v -0.00351875 0.01115877 0.01354171 0.00392157 0.67450980 0.26666667
v 0.00125002 0.01233307 0.00314414 0.00392157 0.67450980 0.26666667
v -0.00513065 0.01139093 0.00426766 0.00392157 0.67450980 0.26666667
v -0.00513065 0.01144352 0.00492761 0.00392157 0.67450980 0.26666667
v -0.00471812 0.01155471 0.00460696 0.00392157 0.67450980 0.26666667
v -0.00351875 0.01184247 0.00345112 0.00392157 0.67450980 0.26666667
v -0.00321140 0.01191384 0.00314414 0.00392157 0.67450980 0.26666667
v 0.00830415 0.00617232 0.00314414 0.00392157 0.67450980 0.26666667
v 0.00811837 0.00665165 0.00314414 0.00392157 0.67450980 0.26666667
v -0.00020752 0.00754045 0.01584096 0.00392157 0.67450980 0.26666667
v 0.00775091 0.00749913 0.00314414 0.00392157 0.67450980 0.26666667
v 0.00019136 0.01236388 0.00314414 0.00392157 0.67450980 0.26666667
v -0.00513065 0.01126471 0.01291035 0.00392157 0.67450980 0.26666667
v -0.00015288 0.01235862 0.00314414 0.00392157 0.67450980 0.26666667
v -0.00357476 0.01069822 0.01584096 0.00392157 0.67450980 0.26666667
v -0.00351875 0.01096043 0.01466275 0.00392157 0.67450980 0.26666667
v 0.00320890 0.01209641 0.00314414 0.00392157 0.67450980 0.26666667
v -0.00513065 0.01146155 0.00541729 0.00392157 0.67450980 0.26666667
v -0.00463889 0.01160956 0.00569320 0.00392157 0.67450980 0.26666667
v -0.00351875 0.01187778 0.00457216 0.00392157 0.67450980 0.26666667
v -0.00513065 0.01146982 0.00569320 0.00392157 0.67450980 0.26666667
v -0.00239725 0.01209190 0.00314414 0.00392157 0.67450980 0.26666667
v 0.00366924 0.00780642 0.00945526 0.00392157 0.67450980 0.26666667
v 0.00025693 0.00769748 0.01498092 0.00392157 0.67450980 0.26666667
v -0.00061732 0.00836765 0.01584096 0.00392157 0.67450980 0.26666667
v 0.00760475 0.00781544 0.00314414 0.00392157 0.67450980 0.26666667
v -0.00098205 0.01230828 0.00314414 0.00392157 0.67450980 0.26666667
v -0.00513065 0.01130002 0.01242067 0.00392157 0.67450980 0.26666667
v -0.00352012 0.01068244 0.01584096 0.00392157 0.67450980 0.26666667
v -0.00351875 0.01069747 0.01578379 0.00392157 0.67450980 0.26666667
v 0.00050964 0.01144127 0.00863126 0.00392157 0.67450980 0.26666667
v -0.00059547 0.01143526 0.00975106 0.00392157 0.67450980 0.26666667
v 0.00351488 0.01202504 0.00314414 0.00392157 0.67450980 0.26666667
v -0.00513065 0.01148860 0.00648737 0.00392157 0.67450980 0.26666667
v -0.00513065 0.01149536 0.00754130 0.00392157 0.67450980 0.26666667
v -0.00351875 0.01186576 0.00569320 0.00392157 0.67450980 0.26666667
v -0.00209126 0.01215727 0.00314414 0.00392157 0.67450980 0.26666667
v 0.00706244 0.00898297 0.00314414 0.00392157 0.67450980 0.26666667
v 0.00591635 0.00896344 0.00498354 0.00392157 0.67450980 0.26666667
v -0.00071158 0.00916780 0.01522948 0.00392157 0.67450980 0.26666667
v -0.00085228 0.00875232 0.01584096 0.00392157 0.67450980 0.26666667
v 0.00615130 0.00940897 0.00423535 0.00392157 0.67450980 0.26666667
v 0.00273079 0.00927824 0.00974733 0.00392157 0.67450980 0.26666667
v -0.00127575 0.01227748 0.00314414 0.00392157 0.67450980 0.26666667
v -0.00513065 0.01134435 0.01176818 0.00392157 0.67450980 0.26666667
v -0.00274695 0.01041197 0.01584096 0.00392157 0.67450980 0.26666667
v 0.00434133 0.01175231 0.00314414 0.00392157 0.67450980 0.26666667
v -0.00513065 0.01147883 0.00865363 0.00392157 0.67450980 0.26666667
v -0.00513065 0.01144728 0.00970632 0.00392157 0.67450980 0.26666667
v -0.00513065 0.01142699 0.01027181 0.00392157 0.67450980 0.26666667
v -0.00513065 0.01141272 0.01065087 0.00392157 0.67450980 0.26666667
v 0.00683295 0.00941723 0.00314414 0.00392157 0.67450980 0.26666667
v -0.00138503 0.00941648 0.01584096 0.00392157 0.67450980 0.26666667
v 0.00592864 0.01015652 0.00388736 0.00392157 0.67450980 0.26666667
v 0.00493281 0.01033008 0.00519855 0.00392157 0.67450980 0.26666667
v 0.00669908 0.00965164 0.00314414 0.00392157 0.67450980 0.26666667
v 0.00664990 0.00973729 0.00314414 0.00392157 0.67450980 0.26666667
v -0.00271963 0.01040220 0.01584096 0.00392157 0.67450980 0.26666667
v 0.00434542 0.01164863 0.00344615 0.00392157 0.67450980 0.26666667
v 0.00461453 0.01163586 0.00314414 0.00392157 0.67450980 0.26666667
v -0.00215546 0.01005434 0.01584096 0.00392157 0.67450980 0.26666667
v 0.00267205 0.01030679 0.00853432 0.00392157 0.67450980 0.26666667
v 0.00617862 0.01044953 0.00314414 0.00392157 0.67450980 0.26666667
v 0.00617043 0.01046156 0.00314414 0.00392157 0.67450980 0.26666667
v 0.00616360 0.01046907 0.00314414 0.00392157 0.67450980 0.26666667
v 0.00558031 0.01100626 0.00314414 0.00392157 0.67450980 0.26666667
v -0.00213907 0.01007313 0.01578379 0.00392157 0.67450980 0.26666667
v -0.00190685 0.01024367 0.01512757 0.00392157 0.67450980 0.26666667
v 0.00498745 0.01146531 0.00314414 0.00392157 0.67450980 0.26666667
v 0.00488227 0.01151565 0.00314414 0.00392157 0.67450980 0.26666667
v 0.00166529 0.01039319 0.00981817 0.00392157 0.67450980 0.26666667
v 0.00472928 0.01130828 0.00381651 0.00392157 0.67450980 0.26666667
f 3301 3302 3303
f 3301 3303 3304
f 3301 3304 3308
f 3301 3308 3312
f 3301 3312 3321
f 3301 3321 3333
f 3301 3333 3350
f 3301 3350 3365
f 3301 3365 3382
f 3301 3382 3388
f 3301 3388 3387
f 3301 3387 3386
f 3301 3386 3385
f 3301 3385 3372
f 3301 3372 3371
f 3301 3371 3358
f 3301 3358 3355
f 3301 3355 3341
f 3301 3341 3340
f 3301 3340 3326
f 3301 3326 3324
f 3301 3324 3314
f 3301 3314 3309
f 3301 3309 3305
f 3301 3305 3310
f 3301 3310 3316
f 3301 3316 3327
f 3301 3327 3344
f 3301 3344 3359
f 3301 3359 3374
f 3301 3374 3381
f 3301 3381 3364
f 3301 3364 3351
f 3301 3351 3349
f 3301 3349 3331
f 3301 3331 3339
f 3301 3339 3337
f 3301 3337 3336
f 3301 3336 3354
f 3301 3354 3370
f 3301 3370 3384
f 3301 3384 3397
f 3301 3397 3407
f 3301 3407 3406
f 3301 3406 3403
f 3301 3403 3402
f 3301 3402 3401
f 3301 3401 3400
f 3301 3400 3394
f 3301 3394 3393
f 3301 3393 3389
f 3301 3389 3375
f 3301 3375 3363
f 3301 3363 3348
f 3301 3348 3346
f 3301 3346 3345
f 3301 3345 3328
f 3301 3328 3317
f 3301 3317 3311
f 3301 3311 3306
f 3301 3306 3307
f 3301 3307 3302
f 3302 3307 3306
f 3302 3306 3311
f 3302 3311 3313
f 3302 3313 3308
f 3302 3308 3304
f 3302 3304 3303
f 3305 3309 3310
f 3308 3313 3320
f 3308 3320 3319
f 3308 3319 3318
f 3308 3318 3330
f 3308 3330 3347
f 3308 3347 3362
f 3308 3362 3378
f 3308 3378 3390
f 3308 3390 3398
f 3308 3398 3395
f 3308 3395 3383
f 3308 3383 3366
f 3308 3366 3352
f 3308 3352 3334
f 3308 3334 3322
f 3308 3322 3312
f 3309 3314 3315
f 3309 3315 3310
f 3310 3315 3316
f 3311 3317 3318
f 3311 3318 3319
f 3311 3319 3320
f 3311 3320 3313
f 3312 3322 3323
f 3312 3323 3321
f 3314 3324 3315
f 3315 3325 3316
f 3315 3324 3326
f 3315 3326 3325
f 3316 3325 3327
f 3317 3328 3329
f 3317 3329 3318
f 3318 3329 3330
f 3321 3323 3331
f 3321 3331 3332
f 3321 3332 3333
f 3322 3334 3335
f 3322 3335 3336
f 3322 3336 3337
f 3322 3337 3338
f 3322 3338 3339
f 3322 3339 3323
f 3323 3339 3331
f 3325 3326 3340
f 3325 3340 3341
f 3325 3341 3342
f 3325 3342 3343
f 3325 3343 3344
f 3325 3344 3327
f 3328 3345 3329
f 3329 3345 3346
f 3329 3346 3330
f 3330 3346 3348
f 3330 3348 3347
f 3331 3349 3332
f 3332 3349 3333
f 3333 3349 3351
f 3333 3351 3350
f 3334 3352 3353
f 3334 3353 3335
f 3335 3353 3336
f 3336 3353 3354
f 3337 3339 3338
f 3341 3355 3342
f 3342 3356 3357
f 3342 3357 3343
f 3342 3355 3358
f 3342 3358 3356
f 3343 3357 3344
f 3344 3357 3359
f 3347 3348 3360
f 3347 3360 3361
f 3347 3361 3362
f 3348 3363 3360
f 3350 3364 3365
f 3350 3351 3364
f 3352 3366 3367
f 3352 3367 3368
f 3352 3368 3369
f 3352 3369 3353
f 3353 3369 3354
f 3354 3368 3370
f 3354 3369 3368
f 3356 3358 3371
f 3356 3371 3372
f 3356 3372 3357
f 3357 3373 3374
f 3357 3374 3359
f 3357 3372 3373
f 3360 3363 3375
f 3360 3375 3361
f 3361 3375 3376
f 3361 3376 3362
f 3362 3377 3378
f 3362 3376 3379
f 3362 3379 3380
f 3362 3380 3377
f 3364 3381 3382
f 3364 3382 3365
f 3366 3383 3384
f 3366 3384 3368
f 3366 3368 3367
f 3368 3384 3370
f 3372 3385 3373
f 3373 3381 3374
f 3373 3385 3386
f 3373 3386 3387
f 3373 3387 3388
f 3373 3388 3381
f 3375 3389 3379
f 3375 3379 3376
f 3377 3390 3378
f 3377 3380 3391
f 3377 3391 3392
f 3377 3392 3390
f 3379 3389 3393
f 3379 3393 3394
f 3379 3394 3380
f 3380 3394 3391
f 3381 3388 3382
f 3383 3395 3384
f 3384 3396 3397
f 3384 3395 3396
f 3390 3392 3399
f 3390 3399 3398
f 3391 3394 3400
f 3391 3400 3401
f 3391 3401 3392
f 3392 3401 3402
f 3392 3402 3403
f 3392 3403 3399
f 3395 3398 3404
f 3395 3404 3405
f 3395 3405 3406
f 3395 3406 3407
f 3395 3407 3397
f 3395 3397 3396
f 3398 3399 3408
f 3398 3408 3404
f 3399 3403 3408
f 3403 3406 3409
f 3403 3409 3408
f 3404 3408 3409
f 3404 3409 3405
f 3405 3409 3406

o geometry_34
v 0.00184443 0.00468813 0.00314414 0.73333333 0.96078431 0.24705882
v 0.00882386 0.00468813 0.00314414 0.73333333 0.96078431 0.24705882
v 0.00312882 0.00113787 0.00314414 0.73333333 0.96078431 0.24705882
v 0.00156786 0.00468813 0.00349213 0.73333333 0.96078431 0.24705882
v 0.00901210 0.00411808 0.00314414 0.73333333 0.96078431 0.24705882
v 0.00075842 0.00468813 0.01584096 0.73333333 0.96078431 0.24705882
v 0.00521106 0.00113787 0.00314414 0.73333333 0.96078431 0.24705882
v 0.00170832 0.00113787 0.00543966 0.73333333 0.96078431 0.24705882
v -0.00408953 0.00468813 0.01248530 0.73333333 0.96078431 0.24705882
v -0.00192765 0.00468813 0.00904389 0.73333333 0.96078431 0.24705882
v 0.00923799 0.00330091 0.00314414 0.73333333 0.96078431 0.24705882
v 0.00092639 0.00411808 0.01584096 0.73333333 0.96078431 0.24705882
v 0.00122034 0.00305760 0.01584096 0.73333333 0.96078431 0.24705882
v -0.00512921 0.00468813 0.01584096 0.73333333 0.96078431 0.24705882
v 0.00953773 0.00187580 0.00314414 0.73333333 0.96078431 0.24705882
v 0.00966081 0.00113787 0.00314538 0.73333333 0.96078431 0.24705882
v 0.00159248 0.00113787 0.00563106 0.73333333 0.96078431 0.24705882
v -0.00445588 0.00113787 0.01572910 0.73333333 0.96078431 0.24705882
v -0.00451525 0.00113787 0.01582853 0.73333333 0.96078431 0.24705882
v -0.00452249 0.00113787 0.01584096 0.73333333 0.96078431 0.24705882
v -0.00512921 0.00468813 0.01440424 0.73333333 0.96078431 0.24705882
v 0.00933645 0.00287963 0.00314414 0.73333333 0.96078431 0.24705882
v 0.00145636 0.00217438 0.01584096 0.73333333 0.96078431 0.24705882
v 0.00153455 0.00187580 0.01584096 0.73333333 0.96078431 0.24705882
v -0.00512921 0.00331620 0.01584096 0.73333333 0.96078431 0.24705882
v 0.00939872 0.00259565 0.00314414 0.73333333 0.96078431 0.24705882
v 0.00953628 0.00187580 0.00314662 0.73333333 0.96078431 0.24705882
v 0.00937410 0.00113787 0.00362387 0.73333333 0.96078431 0.24705882
v -0.00512921 0.00444725 0.01461677 0.73333333 0.96078431 0.24705882
v 0.00168804 0.00113787 0.01584096 0.73333333 0.96078431 0.24705882
v 0.00161854 0.00149624 0.01584096 0.73333333 0.96078431 0.24705882
f 3410 3411 3414
f 3410 3414 3420
f 3410 3420 3431
f 3410 3431 3435
f 3410 3435 3424
f 3410 3424 3416
f 3410 3416 3412
f 3410 3412 3413
f 3410 3413 3419
f 3410 3419 3418
f 3410 3418 3430
f 3410 3430 3423
f 3410 3423 3415
f 3410 3415 3411
f 3411 3415 3414
f 3412 3416 3425
f 3412 3425 3437
f 3412 3437 3439
f 3412 3439 3429
f 3412 3429 3428
f 3412 3428 3427
f 3412 3427 3426
f 3412 3426 3417
f 3412 3417 3418
f 3412 3418 3419
f 3412 3419 3413
f 3414 3415 3421
f 3414 3421 3422
f 3414 3422 3420
f 3415 3423 3434
f 3415 3434 3429
f 3415 3429 3439
f 3415 3439 3440
f 3415 3440 3433
f 3415 3433 3432
f 3415 3432 3422
f 3415 3422 3421
f 3416 3424 3425
f 3417 3426 3418
f 3418 3427 3428
f 3418 3428 3429
f 3418 3429 3430
f 3418 3426 3427
f 3420 3422 3432
f 3420 3432 3433
f 3420 3433 3431
f 3423 3430 3438
f 3423 3438 3434
f 3424 3435 3436
f 3424 3436 3425
f 3425 3436 3437
f 3429 3434 3438
f 3429 3438 3430
f 3431 3440 3435
f 3431 3433 3440
f 3435 3440 3439
f 3435 3439 3436
f 3436 3439 3437

o geometry_35
v -0.01369432 0.00159517 0.00314414 0.57254902 0.58823529 0.56862745
v -0.01983223 0.00159517 0.01288674 0.57254902 0.58823529 0.56862745
v -0.01983223 0.00159700 0.01288674 0.57254902 0.58823529 0.56862745
v -0.01366539 0.00189653 0.00314414 0.57254902 0.58823529 0.56862745
v -0.00824572 0.00159517 0.00314414 0.57254902 0.58823529 0.56862745
v -0.02168308 0.00159517 0.01584096 0.57254902 0.58823529 0.56862745
v -0.02166334 0.00183974 0.01584096 0.57254902 0.58823529 0.56862745
v -0.01415210 0.00230415 0.00404520 0.57254902 0.58823529 0.56862745
v -0.01343781 0.00299756 0.00314414 0.57254902 0.58823529 0.56862745
v -0.00824572 0.00941318 0.00314414 0.57254902 0.58823529 0.56862745
v -0.00824572 0.00159517 0.00635314 0.57254902 0.58823529 0.56862745
v -0.01328390 0.00159517 0.01584096 0.57254902 0.58823529 0.56862745
v -0.02159757 0.00207698 0.01584096 0.57254902 0.58823529 0.56862745
v -0.02097931 0.00268520 0.01509526 0.57254902 0.58823529 0.56862745
v -0.01526498 0.00345922 0.00629846 0.57254902 0.58823529 0.56862745
v -0.01318130 0.00384119 0.00314414 0.57254902 0.58823529 0.56862745
v -0.00824572 0.00944249 0.00322119 0.57254902 0.58823529 0.56862745
v -0.00832333 0.00936646 0.00314414 0.57254902 0.58823529 0.56862745
v -0.00824572 0.00530861 0.01584096 0.57254902 0.58823529 0.56862745
v -0.01182770 0.00159517 0.01317135 0.57254902 0.58823529 0.56862745
v -0.01299187 0.00159517 0.01532767 0.57254902 0.58823529 0.56862745
v -0.02133317 0.00302870 0.01584096 0.57254902 0.58823529 0.56862745
v -0.01309448 0.00405370 0.00314414 0.57254902 0.58823529 0.56862745
v -0.02085565 0.00343265 0.01529287 0.57254902 0.58823529 0.56862745
v -0.00824572 0.00951577 0.00342875 0.57254902 0.58823529 0.56862745
v -0.00874559 0.00928769 0.00367234 0.57254902 0.58823529 0.56862745
v -0.00860352 0.00918968 0.00314414 0.57254902 0.58823529 0.56862745
v -0.01262881 0.00159517 0.01466275 0.57254902 0.58823529 0.56862745
v -0.01212630 0.00159517 0.01373311 0.57254902 0.58823529 0.56862745
v -0.00824572 0.01088518 0.01584096 0.57254902 0.58823529 0.56862745
v -0.02102403 0.00375875 0.01584096 0.57254902 0.58823529 0.56862745
v -0.01297477 0.00433949 0.00314414 0.57254902 0.58823529 0.56862745
v -0.01987564 0.00374959 0.01394315 0.57254902 0.58823529 0.56862745
v -0.01294188 0.00441460 0.00314414 0.57254902 0.58823529 0.56862745
v -0.00824572 0.00955516 0.00355676 0.57254902 0.58823529 0.56862745
v -0.01193556 0.00916769 0.00960440 0.57254902 0.58823529 0.56862745
v -0.00896921 0.00942784 0.00457216 0.57254902 0.58823529 0.56862745
v -0.01418762 0.00805384 0.01071053 0.57254902 0.58823529 0.56862745
v -0.01434416 0.00815735 0.01129839 0.57254902 0.58823529 0.56862745
v -0.01474932 0.00829017 0.01249897 0.57254902 0.58823529 0.56862745
v -0.00883635 0.00901381 0.00314414 0.57254902 0.58823529 0.56862745
v -0.00824572 0.01091175 0.01490262 0.57254902 0.58823529 0.56862745
v -0.01024784 0.01071481 0.01584096 0.57254902 0.58823529 0.56862745
v -0.02085039 0.00407385 0.01584096 0.57254902 0.58823529 0.56862745
v -0.01967438 0.00449704 0.01427126 0.57254902 0.58823529 0.56862745
v -0.02010848 0.00412148 0.01465281 0.57254902 0.58823529 0.56862745
v -0.01315236 0.00484970 0.00384261 0.57254902 0.58823529 0.56862745
v -0.01251173 0.00520877 0.00314414 0.57254902 0.58823529 0.56862745
v -0.00824572 0.00985652 0.00455103 0.57254902 0.58823529 0.56862745
v -0.01207369 0.00924922 0.01017735 0.57254902 0.58823529 0.56862745
v -0.01659885 0.00815002 0.01584096 0.57254902 0.58823529 0.56862745
v -0.01473222 0.00861718 0.01354171 0.57254902 0.58823529 0.56862745
v -0.01433890 0.00926479 0.01488149 0.57254902 0.58823529 0.56862745
v -0.01490586 0.00773783 0.01129839 0.57254902 0.58823529 0.56862745
v -0.01852730 0.00681450 0.01584096 0.57254902 0.58823529 0.56862745
v -0.01513343 0.00792652 0.01217832 0.57254902 0.58823529 0.56862745
v -0.01092661 0.00813720 0.00491642 0.57254902 0.58823529 0.56862745
v -0.01531759 0.00806026 0.01292526 0.57254902 0.58823529 0.56862745
v -0.00972955 0.00830208 0.00314414 0.57254902 0.58823529 0.56862745
v -0.00995580 0.00825903 0.00345112 0.57254902 0.58823529 0.56862745
v -0.00824572 0.01093648 0.01378158 0.57254902 0.58823529 0.56862745
v -0.01030308 0.01070931 0.01584096 0.57254902 0.58823529 0.56862745
v -0.00824572 0.01095296 0.01266054 0.57254902 0.58823529 0.56862745
v -0.02078330 0.00419201 0.01584096 0.57254902 0.58823529 0.56862745
v -0.02073200 0.00427720 0.01584096 0.57254902 0.58823529 0.56862745
v -0.01990064 0.00484603 0.01501945 0.57254902 0.58823529 0.56862745
v -0.01870094 0.00474619 0.01290786 0.57254902 0.58823529 0.56862745
v -0.01292084 0.00559715 0.00422914 0.57254902 0.58823529 0.56862745
v -0.01203817 0.00593698 0.00314414 0.57254902 0.58823529 0.56862745
v -0.00824572 0.00991972 0.00478344 0.57254902 0.58823529 0.56862745
v -0.01715528 0.00778729 0.01584096 0.57254902 0.58823529 0.56862745
v -0.01514132 0.00904037 0.01584096 0.57254902 0.58823529 0.56862745
v -0.01454542 0.00937837 0.01578379 0.57254902 0.58823529 0.56862745
v -0.00824572 0.01012216 0.00558756 0.57254902 0.58823529 0.56862745
v -0.01634365 0.00685481 0.01199189 0.57254902 0.58823529 0.56862745
v -0.01898376 0.00640047 0.01584096 0.57254902 0.58823529 0.56862745
v -0.01806558 0.00715800 0.01584096 0.57254902 0.58823529 0.56862745
v -0.01072140 0.00796682 0.00416948 0.57254902 0.58823529 0.56862745
v -0.01558858 0.00717724 0.01129839 0.57254902 0.58823529 0.56862745
v -0.01804321 0.00717449 0.01584096 0.57254902 0.58823529 0.56862745
v -0.01768410 0.00742272 0.01584096 0.57254902 0.58823529 0.56862745
v -0.01718159 0.00776989 0.01584096 0.57254902 0.58823529 0.56862745
v -0.00986767 0.00818941 0.00314414 0.57254902 0.58823529 0.56862745
v -0.01136860 0.01058748 0.01584096 0.57254902 0.58823529 0.56862745
v -0.00824572 0.01094930 0.01153950 0.57254902 0.58823529 0.56862745
v -0.02007822 0.00522800 0.01584096 0.57254902 0.58823529 0.56862745
v -0.02007296 0.00523533 0.01584096 0.57254902 0.58823529 0.56862745
v -0.01960860 0.00559348 0.01551534 0.57254902 0.58823529 0.56862745
v -0.01864175 0.00578401 0.01412585 0.57254902 0.58823529 0.56862745
v -0.01314183 0.00591866 0.00497732 0.57254902 0.58823529 0.56862745
v -0.01188821 0.00612476 0.00314414 0.57254902 0.58823529 0.56862745
v -0.01455989 0.00938204 0.01584096 0.57254902 0.58823529 0.56862745
v -0.01367459 0.00983271 0.01584096 0.57254902 0.58823529 0.56862745
v -0.01361145 0.00985377 0.01578379 0.57254902 0.58823529 0.56862745
v -0.01193556 0.01028795 0.01408732 0.57254902 0.58823529 0.56862745
v -0.00824572 0.01014689 0.00569320 0.57254902 0.58823529 0.56862745
v -0.01886143 0.00600293 0.01487279 0.57254902 0.58823529 0.56862745
v -0.01911794 0.00627682 0.01584096 0.57254902 0.58823529 0.56862745
v -0.01208684 0.00707556 0.00486298 0.57254902 0.58823529 0.56862745
v -0.01051619 0.00777721 0.00345112 0.57254902 0.58823529 0.56862745
v -0.01043331 0.00768928 0.00314414 0.57254902 0.58823529 0.56862745
v -0.01136860 0.01058657 0.01578379 0.57254902 0.58823529 0.56862745
v -0.01142254 0.01057741 0.01584096 0.57254902 0.58823529 0.56862745
v -0.00824572 0.01091449 0.01041846 0.57254902 0.58823529 0.56862745
v -0.01970200 0.00570432 0.01584096 0.57254902 0.58823529 0.56862745
v -0.01186716 0.00685023 0.00411479 0.57254902 0.58823529 0.56862745
v -0.01156592 0.00651864 0.00314414 0.57254902 0.58823529 0.56862745
v -0.01361145 0.00986202 0.01584096 0.57254902 0.58823529 0.56862745
v -0.01282349 0.01020002 0.01578379 0.57254902 0.58823529 0.56862745
v -0.01204738 0.01032826 0.01466275 0.57254902 0.58823529 0.56862745
v -0.00824572 0.01082381 0.00929742 0.57254902 0.58823529 0.56862745
v -0.00824572 0.01079175 0.00907496 0.57254902 0.58823529 0.56862745
v -0.00824572 0.01066259 0.00819006 0.57254902 0.58823529 0.56862745
v -0.00824572 0.01061405 0.00793652 0.57254902 0.58823529 0.56862745
v -0.00824572 0.01046291 0.00715229 0.57254902 0.58823529 0.56862745
v -0.00824572 0.01042902 0.00699569 0.57254902 0.58823529 0.56862745
v -0.01085689 0.00728716 0.00314414 0.57254902 0.58823529 0.56862745
v -0.01102001 0.00713144 0.00314414 0.57254902 0.58823529 0.56862745
v -0.01226311 0.01038688 0.01578379 0.57254902 0.58823529 0.56862745
v -0.01227100 0.01038780 0.01584096 0.57254902 0.58823529 0.56862745
v -0.01286296 0.01019086 0.01584096 0.57254902 0.58823529 0.56862745
v -0.01283139 0.01020277 0.01584096 0.57254902 0.58823529 0.56862745
f 3441 3442 3443
f 3441 3443 3444
f 3441 3444 3449
f 3441 3449 3456
f 3441 3456 3463
f 3441 3463 3472
f 3441 3472 3474
f 3441 3474 3488
f 3441 3488 3509
f 3441 3509 3531
f 3441 3531 3547
f 3441 3547 3558
f 3441 3558 3557
f 3441 3557 3541
f 3441 3541 3523
f 3441 3523 3499
f 3441 3499 3481
f 3441 3481 3467
f 3441 3467 3458
f 3441 3458 3450
f 3441 3450 3445
f 3441 3445 3451
f 3441 3451 3460
f 3441 3460 3469
f 3441 3469 3468
f 3441 3468 3461
f 3441 3461 3452
f 3441 3452 3446
f 3441 3446 3442
f 3442 3446 3443
f 3443 3446 3447
f 3443 3447 3444
f 3444 3448 3449
f 3444 3447 3448
f 3445 3450 3457
f 3445 3457 3465
f 3445 3465 3475
f 3445 3475 3489
f 3445 3489 3510
f 3445 3510 3514
f 3445 3514 3536
f 3445 3536 3556
f 3445 3556 3555
f 3445 3555 3554
f 3445 3554 3553
f 3445 3553 3552
f 3445 3552 3551
f 3445 3551 3544
f 3445 3544 3525
f 3445 3525 3503
f 3445 3503 3501
f 3445 3501 3482
f 3445 3482 3470
f 3445 3470 3459
f 3445 3459 3451
f 3446 3452 3459
f 3446 3459 3470
f 3446 3470 3483
f 3446 3483 3502
f 3446 3502 3524
f 3446 3524 3543
f 3446 3543 3560
f 3446 3560 3562
f 3446 3562 3561
f 3446 3561 3548
f 3446 3548 3533
f 3446 3533 3532
f 3446 3532 3512
f 3446 3512 3491
f 3446 3491 3511
f 3446 3511 3522
f 3446 3522 3521
f 3446 3521 3520
f 3446 3520 3517
f 3446 3517 3495
f 3446 3495 3516
f 3446 3516 3538
f 3446 3538 3545
f 3446 3545 3527
f 3446 3527 3526
f 3446 3526 3505
f 3446 3505 3504
f 3446 3504 3484
f 3446 3484 3471
f 3446 3471 3462
f 3446 3462 3453
f 3446 3453 3447
f 3447 3453 3454
f 3447 3454 3449
f 3447 3449 3448
f 3449 3455 3456
f 3449 3454 3455
f 3450 3458 3457
f 3451 3459 3460
f 3452 3461 3459
f 3453 3462 3454
f 3454 3462 3455
f 3455 3462 3456
f 3456 3462 3464
f 3456 3464 3463
f 3457 3458 3466
f 3457 3466 3465
f 3458 3467 3466
f 3459 3461 3468
f 3459 3468 3469
f 3459 3469 3460
f 3462 3471 3464
f 3463 3464 3472
f 3464 3471 3473
f 3464 3473 3474
f 3464 3474 3472
f 3465 3466 3475
f 3466 3476 3477
f 3466 3477 3475
f 3466 3467 3478
f 3466 3478 3479
f 3466 3479 3480
f 3466 3480 3476
f 3467 3481 3478
f 3470 3482 3483
f 3471 3484 3485
f 3471 3485 3486
f 3471 3486 3487
f 3471 3487 3473
f 3473 3487 3474
f 3474 3487 3488
f 3475 3477 3489
f 3476 3490 3489
f 3476 3489 3477
f 3476 3480 3491
f 3476 3491 3492
f 3476 3492 3493
f 3476 3493 3490
f 3478 3494 3495
f 3478 3495 3496
f 3478 3496 3479
f 3478 3481 3497
f 3478 3497 3494
f 3479 3496 3498
f 3479 3498 3480
f 3480 3498 3491
f 3481 3499 3500
f 3481 3500 3497
f 3482 3501 3483
f 3483 3501 3503
f 3483 3503 3502
f 3484 3504 3485
f 3485 3504 3505
f 3485 3505 3506
f 3485 3506 3507
f 3485 3507 3487
f 3485 3487 3486
f 3487 3507 3488
f 3488 3507 3508
f 3488 3508 3509
f 3489 3490 3493
f 3489 3493 3510
f 3491 3512 3493
f 3491 3493 3492
f 3491 3498 3511
f 3493 3512 3513
f 3493 3513 3514
f 3493 3514 3510
f 3494 3497 3495
f 3495 3515 3516
f 3495 3517 3496
f 3495 3497 3518
f 3495 3518 3519
f 3495 3519 3515
f 3496 3517 3520
f 3496 3520 3498
f 3497 3500 3518
f 3498 3520 3521
f 3498 3521 3522
f 3498 3522 3511
f 3499 3523 3518
f 3499 3518 3500
f 3502 3503 3524
f 3503 3525 3524
f 3505 3526 3506
f 3506 3526 3527
f 3506 3527 3528
f 3506 3528 3529
f 3506 3529 3530
f 3506 3530 3509
f 3506 3509 3508
f 3506 3508 3507
f 3509 3530 3531
f 3512 3532 3513
f 3513 3532 3533
f 3513 3533 3534
f 3513 3534 3514
f 3514 3535 3536
f 3514 3534 3535
f 3515 3537 3538
f 3515 3538 3516
f 3515 3519 3518
f 3515 3518 3539
f 3515 3539 3537
f 3518 3523 3540
f 3518 3540 3539
f 3523 3541 3540
f 3524 3542 3543
f 3524 3525 3542
f 3525 3544 3542
f 3527 3545 3528
f 3528 3545 3529
f 3529 3545 3537
f 3529 3537 3539
f 3529 3539 3546
f 3529 3546 3530
f 3530 3546 3547
f 3530 3547 3531
f 3533 3548 3534
f 3534 3548 3549
f 3534 3549 3535
f 3535 3550 3551
f 3535 3551 3552
f 3535 3552 3553
f 3535 3553 3554
f 3535 3554 3555
f 3535 3555 3556
f 3535 3556 3536
f 3535 3549 3550
f 3537 3545 3538
f 3539 3540 3541
f 3539 3541 3557
f 3539 3557 3558
f 3539 3558 3546
f 3542 3559 3543
f 3542 3544 3559
f 3543 3559 3560
f 3544 3551 3559
f 3546 3558 3547
f 3548 3561 3549
f 3549 3561 3562
f 3549 3562 3559
f 3549 3559 3550
f 3550 3559 3551
f 3559 3562 3560

o geometry_36
v -0.01377144 0.00075404 0.00314414 0.21960784 0.94901961 0.44705882
v -0.01370149 0.00150781 0.00314414 0.21960784 0.94901961 0.44705882
v -0.01375192 0.00048150 0.00314414 0.21960784 0.94901961 0.44705882
v -0.01515735 0.00075404 0.00534520 0.21960784 0.94901961 0.44705882
v -0.01983235 0.00159517 0.01288674 0.21960784 0.94901961 0.44705882
v -0.01420738 0.00155560 0.00395323 0.21960784 0.94901961 0.44705882
v -0.01369336 0.00159517 0.00314414 0.21960784 0.94901961 0.44705882
v -0.01367872 -0.00037456 0.00314414 0.21960784 0.94901961 0.44705882
v -0.01951678 0.00075404 0.01228645 0.21960784 0.94901961 0.44705882
v -0.02174855 0.00086567 0.01584096 0.21960784 0.94901961 0.44705882
v -0.02168186 0.00159517 0.01584096 0.21960784 0.94901961 0.44705882
v -0.00643523 0.00159517 0.00314414 0.21960784 0.94901961 0.44705882
v -0.01357949 -0.00077179 0.00314414 0.21960784 0.94901961 0.44705882
v -0.02104421 -0.00036672 0.01499583 0.21960784 0.94901961 0.44705882
v -0.01982584 -0.00000085 0.01289792 0.21960784 0.94901961 0.44705882
v -0.02174692 0.00075404 0.01584096 0.21960784 0.94901961 0.44705882
v -0.01328344 0.00159517 0.01584096 0.21960784 0.94901961 0.44705882
v -0.01212689 0.00159517 0.01373311 0.21960784 0.94901961 0.44705882
v -0.00513065 -0.00221885 0.00509166 0.21960784 0.94901961 0.44705882
v -0.00513065 -0.00139490 0.00345112 0.21960784 0.94901961 0.44705882
v -0.00513065 -0.00133553 0.00332559 0.21960784 0.94901961 0.44705882
v -0.00513065 -0.00125004 0.00314414 0.21960784 0.94901961 0.44705882
v -0.01336640 -0.00148226 0.00314414 0.21960784 0.94901961 0.44705882
v -0.01753877 -0.00093868 0.00960813 0.21960784 0.94901961 0.44705882
v -0.02094498 -0.00101969 0.01514746 0.21960784 0.94901961 0.44705882
v -0.02159076 -0.00026779 0.01584096 0.21960784 0.94901961 0.44705882
v -0.02164932 0.00011414 0.01584096 0.21960784 0.94901961 0.44705882
v -0.01299227 0.00159517 0.01532767 0.21960784 0.94901961 0.44705882
v -0.01170071 -0.00221885 0.01584096 0.21960784 0.94901961 0.44705882
v -0.01145996 -0.00221885 0.01553149 0.21960784 0.94901961 0.44705882
v -0.00872393 -0.00221885 0.01129839 0.21960784 0.94901961 0.44705882
v -0.01262953 0.00159517 0.01466275 0.21960784 0.94901961 0.44705882
v -0.00513065 -0.00221885 0.00314414 0.21960784 0.94901961 0.44705882
v -0.01325091 -0.00178653 0.00314414 0.21960784 0.94901961 0.44705882
v -0.01977704 -0.00204898 0.01410223 0.21960784 0.94901961 0.44705882
v -0.02114343 -0.00143335 0.01584096 0.21960784 0.94901961 0.44705882
v -0.02115482 -0.00140759 0.01584096 0.21960784 0.94901961 0.44705882
v -0.02157612 -0.00031483 0.01584096 0.21960784 0.94901961 0.44705882
v -0.01975590 -0.00221885 0.01584096 0.21960784 0.94901961 0.44705882
v -0.01302643 -0.00221885 0.00314414 0.21960784 0.94901961 0.44705882
v -0.01989416 -0.00221885 0.01449497 0.21960784 0.94901961 0.44705882
v -0.02054808 -0.00221885 0.01561725 0.21960784 0.94901961 0.44705882
v -0.02074653 -0.00176749 0.01547308 0.21960784 0.94901961 0.44705882
v -0.02112554 -0.00146546 0.01584096 0.21960784 0.94901961 0.44705882
v -0.02067170 -0.00221885 0.01583475 0.21960784 0.94901961 0.44705882
f 3563 3564 3569
f 3563 3569 3574
f 3563 3574 3584
f 3563 3584 3595
f 3563 3595 3602
f 3563 3602 3596
f 3563 3596 3585
f 3563 3585 3575
f 3563 3575 3570
f 3563 3570 3565
f 3563 3565 3566
f 3563 3566 3567
f 3563 3567 3568
f 3563 3568 3564
f 3564 3568 3569
f 3565 3570 3571
f 3565 3571 3566
f 3566 3571 3572
f 3566 3572 3567
f 3567 3572 3573
f 3567 3573 3579
f 3567 3579 3590
f 3567 3590 3594
f 3567 3594 3580
f 3567 3580 3574
f 3567 3574 3569
f 3567 3569 3568
f 3570 3575 3576
f 3570 3576 3577
f 3570 3577 3578
f 3570 3578 3571
f 3571 3578 3572
f 3572 3578 3589
f 3572 3589 3588
f 3572 3588 3600
f 3572 3600 3599
f 3572 3599 3598
f 3572 3598 3606
f 3572 3606 3601
f 3572 3601 3591
f 3572 3591 3579
f 3572 3579 3573
f 3574 3580 3581
f 3574 3581 3582
f 3574 3582 3583
f 3574 3583 3584
f 3575 3585 3586
f 3575 3586 3576
f 3576 3586 3587
f 3576 3587 3588
f 3576 3588 3577
f 3577 3588 3589
f 3577 3589 3578
f 3579 3591 3592
f 3579 3592 3593
f 3579 3593 3581
f 3579 3581 3590
f 3580 3594 3581
f 3581 3593 3592
f 3581 3592 3591
f 3581 3591 3601
f 3581 3601 3607
f 3581 3607 3604
f 3581 3604 3603
f 3581 3603 3602
f 3581 3602 3595
f 3581 3595 3584
f 3581 3584 3583
f 3581 3583 3582
f 3581 3594 3590
f 3585 3596 3587
f 3585 3587 3586
f 3587 3597 3598
f 3587 3598 3599
f 3587 3599 3600
f 3587 3600 3588
f 3587 3596 3597
f 3596 3602 3597
f 3597 3603 3604
f 3597 3604 3605
f 3597 3605 3598
f 3597 3602 3603
f 3598 3605 3606
f 3601 3606 3607
f 3604 3607 3605
f 3605 3607 3606

o geometry_37
v -0.01302499 -0.00221885 0.00314414 0.84313725 0.69803922 0.29411765
v -0.01294892 -0.00236580 0.00314414 0.84313725 0.69803922 0.29411765
v -0.01989393 -0.00221885 0.01449497 0.84313725 0.69803922 0.29411765
v -0.00513217 -0.00221885 0.00314414 0.84313725 0.69803922 0.29411765
v -0.01275723 -0.00268070 0.00314414 0.84313725 0.69803922 0.29411765
v -0.02039750 -0.00267090 0.01584096 0.84313725 0.69803922 0.29411765
v -0.02047661 -0.00255264 0.01584096 0.84313725 0.69803922 0.29411765
v -0.02054812 -0.00221885 0.01561725 0.84313725 0.69803922 0.29411765
v -0.01262183 -0.00288153 0.00314414 0.84313725 0.69803922 0.29411765
v -0.00513217 -0.00221885 0.00509166 0.84313725 0.69803922 0.29411765
v -0.00513217 -0.00803740 0.00314414 0.84313725 0.69803922 0.29411765
v -0.01973723 -0.00312015 0.01528293 0.84313725 0.69803922 0.29411765
v -0.02023776 -0.00288643 0.01584096 0.84313725 0.69803922 0.29411765
v -0.01301282 -0.00311735 0.00407378 0.84313725 0.69803922 0.29411765
v -0.02067287 -0.00221885 0.01583475 0.84313725 0.69803922 0.29411765
v -0.01975549 -0.00221885 0.01584096 0.84313725 0.69803922 0.29411765
v -0.01213652 -0.00352741 0.00314414 0.84313725 0.69803922 0.29411765
v -0.00513217 -0.00227413 0.01584096 0.84313725 0.69803922 0.29411765
v -0.00872410 -0.00221885 0.01129839 0.84313725 0.69803922 0.29411765
v -0.00575745 -0.00788415 0.00314414 0.84313725 0.69803922 0.29411765
v -0.00513217 -0.00806819 0.00331689 0.84313725 0.69803922 0.29411765
v -0.01965660 -0.00361628 0.01584096 0.84313725 0.69803922 0.29411765
v -0.01169989 -0.00221885 0.01584096 0.84313725 0.69803922 0.29411765
v -0.01168924 -0.00403474 0.00314414 0.84313725 0.69803922 0.29411765
v -0.00513217 -0.00936695 0.01584096 0.84313725 0.69803922 0.29411765
v -0.01145951 -0.00221885 0.01553149 0.84313725 0.69803922 0.29411765
v -0.00639947 -0.00768192 0.00314414 0.84313725 0.69803922 0.29411765
v -0.00513217 -0.00809198 0.00345112 0.84313725 0.69803922 0.29411765
v -0.00576202 -0.00793733 0.00345112 0.84313725 0.69803922 0.29411765
v -0.01144886 -0.00869028 0.01584096 0.84313725 0.69803922 0.29411765
v -0.01248947 -0.00838868 0.01584096 0.84313725 0.69803922 0.29411765
v -0.01939036 -0.00391228 0.01584096 0.84313725 0.69803922 0.29411765
v -0.01160100 -0.00413131 0.00314414 0.84313725 0.69803922 0.29411765
v -0.00513217 -0.00936555 0.01581610 0.84313725 0.69803922 0.29411765
v -0.00576202 -0.00935156 0.01584096 0.84313725 0.69803922 0.29411765
v -0.00852176 -0.00763853 0.00632083 0.84313725 0.69803922 0.29411765
v -0.00665505 -0.00758115 0.00314414 0.84313725 0.69803922 0.29411765
v -0.00513217 -0.00825922 0.00457216 0.84313725 0.69803922 0.29411765
v -0.00576202 -0.00831101 0.00569320 0.84313725 0.69803922 0.29411765
v -0.01126782 -0.00873156 0.01584096 0.84313725 0.69803922 0.29411765
v -0.00576202 -0.00813327 0.00457216 0.84313725 0.69803922 0.29411765
v -0.01365788 -0.00793943 0.01584096 0.84313725 0.69803922 0.29411765
v -0.01248947 -0.00837538 0.01578379 0.84313725 0.69803922 0.29411765
v -0.01907696 -0.00422648 0.01584096 0.84313725 0.69803922 0.29411765
v -0.01119936 -0.00454347 0.00314414 0.84313725 0.69803922 0.29411765
v -0.00513217 -0.00876445 0.00863126 0.84313725 0.69803922 0.29411765
v -0.00688326 -0.00928018 0.01584096 0.84313725 0.69803922 0.29411765
v -0.00800450 -0.00703813 0.00345112 0.84313725 0.69803922 0.29411765
v -0.00831942 -0.00755036 0.00569320 0.84313725 0.69803922 0.29411765
v -0.00696541 -0.00744890 0.00314414 0.84313725 0.69803922 0.29411765
v -0.01381610 -0.00787225 0.01584096 0.84313725 0.69803922 0.29411765
v -0.01462546 -0.00748598 0.01584096 0.84313725 0.69803922 0.29411765
v -0.00513217 -0.00841317 0.00569320 0.84313725 0.69803922 0.29411765
v -0.00576202 -0.00846775 0.00681548 0.84313725 0.69803922 0.29411765
v -0.01056191 -0.00887362 0.01584096 0.84313725 0.69803922 0.29411765
v -0.01859621 -0.00469952 0.01584096 0.84313725 0.69803922 0.29411765
v -0.01073991 -0.00497103 0.00314414 0.84313725 0.69803922 0.29411765
v -0.00619713 -0.00876375 0.00973242 0.84313725 0.69803922 0.29411765
v -0.00579853 -0.00872876 0.00900660 0.84313725 0.69803922 0.29411765
v -0.00576202 -0.00860911 0.00793652 0.84313725 0.69803922 0.29411765
v -0.00513217 -0.00855312 0.00681548 0.84313725 0.69803922 0.29411765
v -0.00794821 -0.00919411 0.01584096 0.84313725 0.69803922 0.29411765
v -0.00800450 -0.00918921 0.01584096 0.84313725 0.69803922 0.29411765
v -0.00906945 -0.00908425 0.01584096 0.84313725 0.69803922 0.29411765
v -0.00912574 -0.00907865 0.01584096 0.84313725 0.69803922 0.29411765
v -0.00800146 -0.00694576 0.00314414 0.84313725 0.69803922 0.29411765
v -0.01474869 -0.00742510 0.01584096 0.84313725 0.69803922 0.29411765
v -0.00728642 -0.00875606 0.01092430 0.84313725 0.69803922 0.29411765
v -0.01030328 -0.00891770 0.01584096 0.84313725 0.69803922 0.29411765
v -0.01825239 -0.00501581 0.01584096 0.84313725 0.69803922 0.29411765
v -0.01053757 -0.00515856 0.00314414 0.84313725 0.69803922 0.29411765
v -0.00865412 -0.00658818 0.00314414 0.84313725 0.69803922 0.29411765
v -0.01586993 -0.00679252 0.01584096 0.84313725 0.69803922 0.29411765
v -0.01586081 -0.00679601 0.01583475 0.84313725 0.69803922 0.29411765
v -0.01749779 -0.00538319 0.01527795 0.84313725 0.69803922 0.29411765
v -0.01795115 -0.00527822 0.01584096 0.84313725 0.69803922 0.29411765
v -0.01032001 -0.00534820 0.00314414 0.84313725 0.69803922 0.29411765
v -0.00891884 -0.00640974 0.00314414 0.84313725 0.69803922 0.29411765
v -0.01623963 -0.00641394 0.01549421 0.84313725 0.69803922 0.29411765
v -0.01690446 -0.00609135 0.01584096 0.84313725 0.69803922 0.29411765
v -0.01721634 -0.00586603 0.01584096 0.84313725 0.69803922 0.29411765
v -0.00996858 -0.00563720 0.00314414 0.84313725 0.69803922 0.29411765
v -0.00924289 -0.00617742 0.00314414 0.84313725 0.69803922 0.29411765
v -0.01700791 -0.00601858 0.01584096 0.84313725 0.69803922 0.29411765
f 3608 3609 3610
f 3608 3610 3615
f 3608 3615 3622
f 3608 3622 3623
f 3608 3623 3630
f 3608 3630 3633
f 3608 3633 3626
f 3608 3626 3617
f 3608 3617 3611
f 3608 3611 3618
f 3608 3618 3627
f 3608 3627 3634
f 3608 3634 3644
f 3608 3644 3657
f 3608 3657 3673
f 3608 3673 3679
f 3608 3679 3685
f 3608 3685 3690
f 3608 3690 3689
f 3608 3689 3684
f 3608 3684 3678
f 3608 3678 3664
f 3608 3664 3652
f 3608 3652 3640
f 3608 3640 3631
f 3608 3631 3624
f 3608 3624 3616
f 3608 3616 3612
f 3608 3612 3609
f 3609 3612 3610
f 3610 3613 3614
f 3610 3614 3615
f 3610 3612 3616
f 3610 3616 3613
f 3611 3617 3625
f 3611 3625 3632
f 3611 3632 3641
f 3611 3641 3653
f 3611 3653 3668
f 3611 3668 3660
f 3611 3660 3645
f 3611 3645 3635
f 3611 3635 3628
f 3611 3628 3618
f 3613 3619 3620
f 3613 3620 3629
f 3613 3629 3639
f 3613 3639 3651
f 3613 3651 3663
f 3613 3663 3677
f 3613 3677 3683
f 3613 3683 3688
f 3613 3688 3691
f 3613 3691 3687
f 3613 3687 3680
f 3613 3680 3674
f 3613 3674 3659
f 3613 3659 3658
f 3613 3658 3649
f 3613 3649 3638
f 3613 3638 3637
f 3613 3637 3647
f 3613 3647 3662
f 3613 3662 3676
f 3613 3676 3672
f 3613 3672 3671
f 3613 3671 3670
f 3613 3670 3669
f 3613 3669 3654
f 3613 3654 3642
f 3613 3642 3632
f 3613 3632 3625
f 3613 3625 3630
f 3613 3630 3623
f 3613 3623 3614
f 3613 3616 3621
f 3613 3621 3619
f 3614 3622 3615
f 3614 3623 3622
f 3616 3624 3621
f 3617 3626 3625
f 3618 3628 3627
f 3619 3629 3620
f 3619 3621 3624
f 3619 3624 3629
f 3624 3631 3629
f 3625 3626 3633
f 3625 3633 3630
f 3627 3628 3635
f 3627 3635 3636
f 3627 3636 3637
f 3627 3637 3638
f 3627 3638 3634
f 3629 3631 3639
f 3631 3640 3639
f 3632 3642 3641
f 3634 3643 3644
f 3634 3638 3643
f 3635 3645 3646
f 3635 3646 3647
f 3635 3647 3648
f 3635 3648 3636
f 3636 3648 3637
f 3637 3648 3647
f 3638 3649 3650
f 3638 3650 3643
f 3639 3640 3652
f 3639 3652 3651
f 3641 3642 3653
f 3642 3654 3653
f 3643 3655 3656
f 3643 3656 3657
f 3643 3657 3644
f 3643 3650 3649
f 3643 3649 3658
f 3643 3658 3659
f 3643 3659 3655
f 3645 3660 3661
f 3645 3661 3646
f 3646 3661 3662
f 3646 3662 3647
f 3651 3652 3663
f 3652 3664 3663
f 3653 3665 3666
f 3653 3666 3667
f 3653 3667 3668
f 3653 3654 3669
f 3653 3669 3670
f 3653 3670 3671
f 3653 3671 3672
f 3653 3672 3665
f 3655 3673 3657
f 3655 3657 3656
f 3655 3659 3674
f 3655 3674 3673
f 3660 3668 3667
f 3660 3667 3661
f 3661 3667 3675
f 3661 3675 3676
f 3661 3676 3662
f 3663 3664 3678
f 3663 3678 3677
f 3665 3667 3666
f 3665 3672 3675
f 3665 3675 3667
f 3672 3676 3675
f 3673 3674 3679
f 3674 3680 3681
f 3674 3681 3679
f 3677 3682 3683
f 3677 3678 3682
f 3678 3684 3682
f 3679 3681 3680
f 3679 3680 3686
f 3679 3686 3685
f 3680 3687 3686
f 3682 3688 3683
f 3682 3684 3689
f 3682 3689 3688
f 3685 3686 3687
f 3685 3687 3691
f 3685 3691 3690
f 3688 3689 3690
f 3688 3690 3691

o geometry_38
v 0.00146333 0.00505264 -0.00894428 0.81176471 0.39607843 0.87843137
v 0.00168816 0.00489692 0.00314296 0.81176471 0.39607843 0.87843137
v 0.00146333 0.00512548 0.00314296 0.81176471 0.39607843 0.87843137
v 0.00146333 0.01233733 -0.00894428 0.81176471 0.39607843 0.87843137
v 0.00658198 0.00489692 -0.00894428 0.81176471 0.39607843 0.87843137
v 0.00875835 0.00489692 0.00314296 0.81176471 0.39607843 0.87843137
v 0.00146333 0.01231639 0.00314296 0.81176471 0.39607843 0.87843137
v 0.00146333 0.01243477 -0.00857154 0.81176471 0.39607843 0.87843137
v 0.00162821 0.01245753 -0.00894428 0.81176471 0.39607843 0.87843137
v 0.01677433 0.00489692 -0.00894428 0.81176471 0.39607843 0.87843137
v 0.00946882 0.00489692 0.00207445 0.81176471 0.39607843 0.87843137
v 0.00866392 0.00518831 0.00314296 0.81176471 0.39607843 0.87843137
v 0.00208236 0.01226813 0.00314296 0.81176471 0.39607843 0.87843137
v 0.00657299 0.01405379 -0.00664043 0.81176471 0.39607843 0.87843137
v 0.00146333 0.01235919 0.00291340 0.81176471 0.39607843 0.87843137
v 0.00146333 0.01247847 -0.00840115 0.81176471 0.39607843 0.87843137
v 0.00151879 0.01253311 -0.00834672 0.81176471 0.39607843 0.87843137
v 0.00209586 0.01275894 -0.00894428 0.81176471 0.39607843 0.87843137
v 0.01665292 0.00530760 -0.00894428 0.81176471 0.39607843 0.87843137
v 0.00835216 0.00604700 0.00314296 0.81176471 0.39607843 0.87843137
v 0.01659147 0.00548243 -0.00894428 0.81176471 0.39607843 0.87843137
v 0.01631567 0.00625006 -0.00894428 0.81176471 0.39607843 0.87843137
v 0.00239413 0.01223444 0.00314296 0.81176471 0.39607843 0.87843137
v 0.00657299 0.01419948 -0.00776218 0.81176471 0.39607843 0.87843137
v 0.00545183 0.01405106 -0.00664043 0.81176471 0.39607843 0.87843137
v 0.00146333 0.01251581 0.00202949 0.81176471 0.39607843 0.87843137
v 0.00775111 0.01386166 -0.00656825 0.81176471 0.39607843 0.87843137
v 0.00769565 0.01416670 -0.00776218 0.81176471 0.39607843 0.87843137
v 0.00146333 0.01256771 -0.00804262 0.81176471 0.39607843 0.87843137
v 0.00146333 0.01261324 -0.00784383 0.81176471 0.39607843 0.87843137
v 0.00223375 0.01284362 -0.00894428 0.81176471 0.39607843 0.87843137
v 0.00830569 0.00617266 0.00314296 0.81176471 0.39607843 0.87843137
v 0.01626771 0.00636115 -0.00894428 0.81176471 0.39607843 0.87843137
v 0.00823075 0.00685924 0.00285069 0.81176471 0.39607843 0.87843137
v 0.00811983 0.00665163 0.00314296 0.81176471 0.39607843 0.87843137
v 0.00820377 0.00643582 0.00314296 0.81176471 0.39607843 0.87843137
v 0.00320952 0.01209603 0.00314296 0.81176471 0.39607843 0.87843137
v 0.00545183 0.01412209 -0.00776218 0.81176471 0.39607843 0.87843137
v 0.00881681 0.01417126 -0.00888393 0.81176471 0.39607843 0.87843137
v 0.00433068 0.01389262 -0.00664043 0.81176471 0.39607843 0.87843137
v 0.00371914 0.01365860 -0.00488799 0.81176471 0.39607843 0.87843137
v 0.00146333 0.01270885 0.00071013 0.81176471 0.39607843 0.87843137
v 0.00146333 0.01254313 0.00185909 0.81176471 0.39607843 0.87843137
v 0.00856200 0.01375512 -0.00689365 0.81176471 0.39607843 0.87843137
v 0.00888875 0.01390354 -0.00768645 0.81176471 0.39607843 0.87843137
v 0.00351529 0.01202500 0.00314296 0.81176471 0.39607843 0.87843137
v 0.00146333 0.01279263 -0.00696465 0.81176471 0.39607843 0.87843137
v 0.00315556 0.01337813 -0.00894428 0.81176471 0.39607843 0.87843137
v 0.01608934 0.00676272 -0.00894428 0.81176471 0.39607843 0.87843137
v 0.00775261 0.00749938 0.00314296 0.81176471 0.39607843 0.87843137
v 0.00433068 0.01379518 -0.00888393 0.81176471 0.39607843 0.87843137
v 0.00433068 0.01392631 -0.00776218 0.81176471 0.39607843 0.87843137
v 0.00881231 0.01416033 -0.00894428 0.81176471 0.39607843 0.87843137
v 0.00774661 0.01407565 -0.00894428 0.81176471 0.39607843 0.87843137
v 0.00999942 0.01390810 -0.00882595 0.81176471 0.39607843 0.87843137
v 0.00999342 0.01392358 -0.00894428 0.81176471 0.39607843 0.87843137
v 0.00887676 0.01416488 -0.00894428 0.81176471 0.39607843 0.87843137
v 0.00363820 0.01368045 -0.00551986 0.81176471 0.39607843 0.87843137
v 0.00208836 0.01327615 -0.00439811 0.81176471 0.39607843 0.87843137
v 0.00146333 0.01304850 -0.00265395 0.81176471 0.39607843 0.87843137
v 0.00146333 0.01296655 -0.00153219 0.81176471 0.39607843 0.87843137
v 0.00146333 0.01285182 -0.00041163 0.81176471 0.39607843 0.87843137
v 0.00966817 0.01376969 -0.00800949 0.81176471 0.39607843 0.87843137
v 0.00434267 0.01175183 0.00314296 0.81176471 0.39607843 0.87843137
v 0.00433068 0.01203229 0.00232886 0.81176471 0.39607843 0.87843137
v 0.00146333 0.01294014 -0.00601565 0.81176471 0.39607843 0.87843137
v 0.00371164 0.01367499 -0.00894428 0.81176471 0.39607843 0.87843137
v 0.00314507 0.01338269 -0.00888393 0.81176471 0.39607843 0.87843137
v 0.01574310 0.00745476 -0.00894428 0.81176471 0.39607843 0.87843137
v 0.00713657 0.00916849 0.00289328 0.81176471 0.39607843 0.87843137
v 0.00706312 0.00898364 0.00314296 0.81176471 0.39607843 0.87843137
v 0.00831019 0.00815683 0.00184963 0.81176471 0.39607843 0.87843137
v 0.00760721 0.00781536 0.00314296 0.81176471 0.39607843 0.87843137
v 0.00433068 0.01378244 -0.00894428 0.81176471 0.39607843 0.87843137
v 0.00370565 0.01367772 -0.00888393 0.81176471 0.39607843 0.87843137
v 0.00361122 0.01371232 -0.00776218 0.81176471 0.39607843 0.87843137
v 0.00357974 0.01370868 -0.00664043 0.81176471 0.39607843 0.87843137
v 0.01024973 0.01385346 -0.00894428 0.81176471 0.39607843 0.87843137
v 0.00208836 0.01325612 -0.00551986 0.81176471 0.39607843 0.87843137
v 0.00146333 0.01308310 -0.00377333 0.81176471 0.39607843 0.87843137
v 0.01041610 0.01361034 -0.00841417 0.81176471 0.39607843 0.87843137
v 0.01062445 0.01371141 -0.00894428 0.81176471 0.39607843 0.87843137
v 0.00461696 0.01163527 0.00314296 0.81176471 0.39607843 0.87843137
v 0.00146333 0.01304941 -0.00489508 0.81176471 0.39607843 0.87843137
v 0.01569064 0.00755493 -0.00894428 0.81176471 0.39607843 0.87843137
v 0.00683380 0.00941799 0.00314296 0.81176471 0.39607843 0.87843137
v 0.01565467 0.00761867 -0.00894428 0.81176471 0.39607843 0.87843137
v 0.01107411 0.01339635 -0.00882595 0.81176471 0.39607843 0.87843137
v 0.01094671 0.01352201 -0.00894428 0.81176471 0.39607843 0.87843137
v 0.00488376 0.01151598 0.00314296 0.81176471 0.39607843 0.87843137
v 0.00501866 0.01148229 0.00306841 0.81176471 0.39607843 0.87843137
v 0.00605288 0.01143494 0.00182596 0.81176471 0.39607843 0.87843137
v 0.00670040 0.00965201 0.00314296 0.81176471 0.39607843 0.87843137
v 0.01513606 0.00845732 -0.00894428 0.81176471 0.39607843 0.87843137
v 0.00937139 0.01027759 -0.00160319 0.81176471 0.39607843 0.87843137
v 0.00716205 0.01032129 0.00181176 0.81176471 0.39607843 0.87843137
v 0.00665093 0.00973761 0.00314296 0.81176471 0.39607843 0.87843137
v 0.01194046 0.01280173 -0.00888393 0.81176471 0.39607843 0.87843137
v 0.01195994 0.01281448 -0.00894428 0.81176471 0.39607843 0.87843137
v 0.01120301 0.01335628 -0.00894428 0.81176471 0.39607843 0.87843137
v 0.00498868 0.01146499 0.00314296 0.81176471 0.39607843 0.87843137
v 0.00576510 0.01121094 0.00257261 0.81176471 0.39607843 0.87843137
v 0.00558224 0.01100605 0.00314296 0.81176471 0.39607843 0.87843137
v 0.00616530 0.01046881 0.00314296 0.81176471 0.39607843 0.87843137
v 0.01170364 0.01260869 -0.00819171 0.81176471 0.39607843 0.87843137
v 0.01503863 0.00860393 -0.00894428 0.81176471 0.39607843 0.87843137
v 0.01055700 0.01147501 -0.00486195 0.81176471 0.39607843 0.87843137
v 0.01487525 0.00884341 -0.00894428 0.81176471 0.39607843 0.87843137
v 0.01153277 0.01128014 -0.00621918 0.81176471 0.39607843 0.87843137
v 0.00617279 0.01046152 0.00314296 0.81176471 0.39607843 0.87843137
v 0.01258647 0.01215886 -0.00894428 0.81176471 0.39607843 0.87843137
v 0.01292672 0.01168262 -0.00894428 0.81176471 0.39607843 0.87843137
f 3692 3693 3694
f 3692 3694 3698
f 3692 3698 3706
f 3692 3706 3717
f 3692 3717 3734
f 3692 3734 3733
f 3692 3733 3753
f 3692 3753 3752
f 3692 3752 3751
f 3692 3751 3771
f 3692 3771 3775
f 3692 3775 3757
f 3692 3757 3738
f 3692 3738 3721
f 3692 3721 3720
f 3692 3720 3707
f 3692 3707 3699
f 3692 3699 3695
f 3692 3695 3700
f 3692 3700 3709
f 3692 3709 3722
f 3692 3722 3739
f 3692 3739 3758
f 3692 3758 3765
f 3692 3765 3745
f 3692 3745 3744
f 3692 3744 3748
f 3692 3748 3747
f 3692 3747 3769
f 3692 3769 3773
f 3692 3773 3780
f 3692 3780 3791
f 3692 3791 3790
f 3692 3790 3802
f 3692 3802 3803
f 3692 3803 3799
f 3692 3799 3797
f 3692 3797 3785
f 3692 3785 3778
f 3692 3778 3776
f 3692 3776 3760
f 3692 3760 3740
f 3692 3740 3724
f 3692 3724 3713
f 3692 3713 3712
f 3692 3712 3710
f 3692 3710 3701
f 3692 3701 3696
f 3692 3696 3693
f 3693 3696 3701
f 3693 3701 3702
f 3693 3702 3697
f 3693 3697 3703
f 3693 3703 3711
f 3693 3711 3723
f 3693 3723 3727
f 3693 3727 3726
f 3693 3726 3741
f 3693 3741 3764
f 3693 3764 3762
f 3693 3762 3777
f 3693 3777 3784
f 3693 3784 3788
f 3693 3788 3801
f 3693 3801 3795
f 3693 3795 3794
f 3693 3794 3792
f 3693 3792 3781
f 3693 3781 3774
f 3693 3774 3755
f 3693 3755 3737
f 3693 3737 3728
f 3693 3728 3714
f 3693 3714 3704
f 3693 3704 3698
f 3693 3698 3694
f 3695 3699 3700
f 3697 3702 3703
f 3698 3704 3705
f 3698 3705 3706
f 3699 3707 3708
f 3699 3708 3700
f 3700 3708 3709
f 3701 3710 3702
f 3702 3710 3703
f 3703 3710 3712
f 3703 3712 3713
f 3703 3713 3711
f 3704 3714 3705
f 3705 3715 3716
f 3705 3716 3717
f 3705 3717 3706
f 3705 3714 3718
f 3705 3718 3719
f 3705 3719 3715
f 3707 3720 3708
f 3708 3720 3721
f 3708 3721 3709
f 3709 3721 3722
f 3711 3713 3723
f 3713 3724 3725
f 3713 3725 3726
f 3713 3726 3727
f 3713 3727 3723
f 3714 3728 3718
f 3715 3729 3716
f 3715 3719 3730
f 3715 3730 3729
f 3716 3729 3731
f 3716 3731 3732
f 3716 3732 3733
f 3716 3733 3734
f 3716 3734 3717
f 3718 3735 3736
f 3718 3736 3719
f 3718 3728 3737
f 3718 3737 3735
f 3719 3736 3730
f 3721 3738 3722
f 3722 3738 3739
f 3724 3740 3725
f 3725 3741 3726
f 3725 3740 3741
f 3729 3742 3743
f 3729 3743 3731
f 3729 3730 3744
f 3729 3744 3745
f 3729 3745 3742
f 3730 3736 3746
f 3730 3746 3747
f 3730 3747 3748
f 3730 3748 3744
f 3731 3749 3732
f 3731 3743 3750
f 3731 3750 3751
f 3731 3751 3749
f 3732 3749 3751
f 3732 3751 3752
f 3732 3752 3753
f 3732 3753 3733
f 3735 3754 3736
f 3735 3737 3754
f 3736 3754 3746
f 3737 3755 3756
f 3737 3756 3754
f 3738 3757 3758
f 3738 3758 3759
f 3738 3759 3739
f 3739 3759 3758
f 3740 3760 3761
f 3740 3761 3762
f 3740 3762 3763
f 3740 3763 3741
f 3741 3763 3764
f 3742 3765 3758
f 3742 3758 3743
f 3742 3745 3765
f 3743 3758 3766
f 3743 3766 3767
f 3743 3767 3768
f 3743 3768 3750
f 3746 3769 3747
f 3746 3754 3769
f 3750 3770 3771
f 3750 3771 3751
f 3750 3768 3767
f 3750 3767 3770
f 3754 3772 3773
f 3754 3773 3769
f 3754 3756 3755
f 3754 3755 3772
f 3755 3774 3772
f 3757 3775 3758
f 3758 3775 3766
f 3760 3776 3761
f 3761 3777 3762
f 3761 3776 3778
f 3761 3778 3777
f 3762 3764 3763
f 3766 3775 3770
f 3766 3770 3767
f 3770 3775 3771
f 3772 3779 3780
f 3772 3780 3773
f 3772 3774 3781
f 3772 3781 3782
f 3772 3782 3783
f 3772 3783 3779
f 3777 3778 3784
f 3778 3785 3786
f 3778 3786 3787
f 3778 3787 3788
f 3778 3788 3784
f 3779 3789 3790
f 3779 3790 3791
f 3779 3791 3780
f 3779 3783 3789
f 3781 3792 3782
f 3782 3792 3783
f 3783 3792 3793
f 3783 3793 3794
f 3783 3794 3795
f 3783 3795 3796
f 3783 3796 3789
f 3785 3797 3786
f 3786 3798 3787
f 3786 3797 3799
f 3786 3799 3800
f 3786 3800 3798
f 3787 3798 3801
f 3787 3801 3788
f 3789 3796 3802
f 3789 3802 3790
f 3792 3794 3793
f 3795 3801 3796
f 3796 3798 3802
f 3796 3801 3798
f 3798 3800 3803
f 3798 3803 3802
f 3799 3803 3800

o geometry_39
v 0.00658151 0.00489692 -0.00894428 0.58039216 0.87843137 0.69019608
v 0.00812815 0.00168200 -0.00894428 0.58039216 0.87843137 0.69019608
v 0.00307829 0.00168200 0.00314296 0.58039216 0.87843137 0.69019608
v 0.00168695 0.00489692 0.00314296 0.58039216 0.87843137 0.69019608
v 0.01677439 0.00489692 -0.00894428 0.58039216 0.87843137 0.69019608
v 0.01755081 0.00168200 -0.00894428 0.58039216 0.87843137 0.69019608
v 0.00957229 0.00168200 0.00314296 0.58039216 0.87843137 0.69019608
v 0.00875860 0.00489692 0.00314296 0.58039216 0.87843137 0.69019608
v 0.00946980 0.00489692 0.00207445 0.58039216 0.87843137 0.69019608
v 0.00928191 0.00411806 0.00274419 0.58039216 0.87843137 0.69019608
v 0.01698091 0.00420995 -0.00894428 0.58039216 0.87843137 0.69019608
v 0.01753373 0.00183243 -0.00894428 0.58039216 0.87843137 0.69019608
v 0.01746229 0.00168200 -0.00880938 0.58039216 0.87843137 0.69019608
v 0.00953968 0.00187586 0.00314296 0.58039216 0.87843137 0.69019608
v 0.00901327 0.00411806 0.00314296 0.58039216 0.87843137 0.69019608
v 0.00936732 0.00351919 0.00287553 0.58039216 0.87843137 0.69019608
v 0.01718278 0.00344996 -0.00894428 0.58039216 0.87843137 0.69019608
v 0.01752596 0.00187586 -0.00894428 0.58039216 0.87843137 0.69019608
v 0.00939992 0.00259588 0.00314296 0.58039216 0.87843137 0.69019608
v 0.00923843 0.00330111 0.00314296 0.58039216 0.87843137 0.69019608
v 0.00933781 0.00287973 0.00314296 0.58039216 0.87843137 0.69019608
v 0.00945427 0.00277211 0.00300570 0.58039216 0.87843137 0.69019608
v 0.01729614 0.00299711 -0.00894428 0.58039216 0.87843137 0.69019608
v 0.01736136 0.00268462 -0.00894428 0.58039216 0.87843137 0.69019608
f 3804 3805 3806
f 3804 3806 3807
f 3804 3807 3811
f 3804 3811 3812
f 3804 3812 3808
f 3804 3808 3814
f 3804 3814 3820
f 3804 3820 3826
f 3804 3826 3827
f 3804 3827 3821
f 3804 3821 3815
f 3804 3815 3809
f 3804 3809 3805
f 3805 3809 3816
f 3805 3816 3810
f 3805 3810 3806
f 3806 3810 3817
f 3806 3817 3822
f 3806 3822 3824
f 3806 3824 3823
f 3806 3823 3818
f 3806 3818 3811
f 3806 3811 3807
f 3808 3812 3813
f 3808 3813 3814
f 3809 3815 3816
f 3810 3816 3815
f 3810 3815 3817
f 3811 3818 3813
f 3811 3813 3812
f 3813 3818 3819
f 3813 3819 3814
f 3814 3819 3820
f 3815 3821 3817
f 3817 3821 3822
f 3818 3823 3819
f 3819 3823 3824
f 3819 3824 3825
f 3819 3825 3826
f 3819 3826 3820
f 3821 3827 3822
f 3822 3825 3824
f 3822 3827 3825
f 3825 3827 3826

o geometry_40
v -0.00579479 0.00511758 -0.00894428 0.72156863 0.49803922 0.95294118
v -0.00590458 0.00511758 -0.00875969 0.72156863 0.49803922 0.95294118
v -0.00574127 0.00524233 -0.00894428 0.72156863 0.49803922 0.95294118
v 0.00146196 0.00511758 -0.00894428 0.72156863 0.49803922 0.95294118
v -0.00573441 0.00525715 -0.00894428 0.72156863 0.49803922 0.95294118
v -0.01255614 0.00511758 0.00314296 0.72156863 0.49803922 0.95294118
v 0.00146196 0.01233785 -0.00894428 0.72156863 0.49803922 0.95294118
v 0.00146196 0.00511758 -0.00883897 0.72156863 0.49803922 0.95294118
v -0.00571108 0.00530081 -0.00894428 0.72156863 0.49803922 0.95294118
v -0.01251086 0.00520880 0.00314296 0.72156863 0.49803922 0.95294118
v -0.00463108 0.00511758 0.00314296 0.72156863 0.49803922 0.95294118
v 0.00146196 0.01247898 -0.00840115 0.72156863 0.49803922 0.95294118
v 0.00137139 0.01227157 -0.00894428 0.72156863 0.49803922 0.95294118
v -0.00860253 0.00919009 0.00314296 0.72156863 0.49803922 0.95294118
v -0.00785874 0.00966572 0.00314296 0.72156863 0.49803922 0.95294118
v 0.00146196 0.00512537 0.00314296 0.72156863 0.49803922 0.95294118
v -0.00020677 0.00511758 -0.00544886 0.72156863 0.49803922 0.95294118
v -0.00532684 0.00598931 -0.00894428 0.72156863 0.49803922 0.95294118
v -0.01203741 0.00593707 0.00314296 0.72156863 0.49803922 0.95294118
v -0.01194958 0.00582947 0.00285069 0.72156863 0.49803922 0.95294118
v -0.00364439 0.00511758 0.00122722 0.72156863 0.49803922 0.95294118
v 0.00146196 0.01256787 -0.00804262 0.72156863 0.49803922 0.95294118
v -0.00713005 0.01011640 0.00314296 0.72156863 0.49803922 0.95294118
v 0.00116966 0.01212342 -0.00894428 0.72156863 0.49803922 0.95294118
v -0.00883445 0.00901465 0.00314296 0.72156863 0.49803922 0.95294118
v 0.00032843 0.01150432 -0.00894428 0.72156863 0.49803922 0.95294118
v 0.00146196 0.01231679 0.00314296 0.72156863 0.49803922 0.95294118
v -0.00504414 0.00641816 -0.00894428 0.72156863 0.49803922 0.95294118
v -0.01188646 0.00612498 0.00314296 0.72156863 0.49803922 0.95294118
v -0.00439641 0.00730081 -0.00894428 0.72156863 0.49803922 0.95294118
v -0.00502356 0.00644701 -0.00894428 0.72156863 0.49803922 0.95294118
v 0.00146196 0.01261309 -0.00784383 0.72156863 0.49803922 0.95294118
v -0.00659348 0.01043921 0.00314296 0.72156863 0.49803922 0.95294118
v -0.00972919 0.00830354 0.00314296 0.72156863 0.49803922 0.95294118
v -0.00026303 0.01105364 -0.00894428 0.72156863 0.49803922 0.95294118
v -0.00095604 0.01052498 -0.00894428 0.72156863 0.49803922 0.95294118
v -0.00099172 0.01049691 -0.00894428 0.72156863 0.49803922 0.95294118
v -0.00154888 0.01005637 -0.00894428 0.72156863 0.49803922 0.95294118
v 0.00146196 0.01235890 0.00291340 0.72156863 0.49803922 0.95294118
v 0.00124925 0.01233317 0.00314296 0.72156863 0.49803922 0.95294118
v -0.01156397 0.00651952 0.00314296 0.72156863 0.49803922 0.95294118
v -0.00392571 0.00785754 -0.00894428 0.72156863 0.49803922 0.95294118
v 0.00146196 0.01279243 -0.00696465 0.72156863 0.49803922 0.95294118
v -0.00645487 0.01051796 0.00314296 0.72156863 0.49803922 0.95294118
v -0.00986642 0.00819048 0.00314296 0.72156863 0.49803922 0.95294118
v -0.00218151 0.00952459 -0.00894428 0.72156863 0.49803922 0.95294118
v 0.00146196 0.01251562 0.00202949 0.72156863 0.49803922 0.95294118
v 0.00096518 0.01234798 0.00314296 0.72156863 0.49803922 0.95294118
v -0.01101916 0.00713239 0.00314296 0.72156863 0.49803922 0.95294118
v -0.00393669 0.00787937 -0.00888393 0.72156863 0.49803922 0.95294118
v -0.00336170 0.00843375 -0.00894428 0.72156863 0.49803922 0.95294118
v 0.00146196 0.01293980 -0.00601565 0.72156863 0.49803922 0.95294118
v -0.00550387 0.01103024 0.00314296 0.72156863 0.49803922 0.95294118
v -0.00496592 0.01129769 0.00314296 0.72156863 0.49803922 0.95294118
v -0.01043181 0.00768989 0.00314296 0.72156863 0.49803922 0.95294118
v -0.00221994 0.00949184 -0.00894428 0.72156863 0.49803922 0.95294118
v 0.00146196 0.01254292 0.00185909 0.72156863 0.49803922 0.95294118
v 0.00096518 0.01245871 0.00245783 0.72156863 0.49803922 0.95294118
v 0.00018983 0.01236358 0.00314296 0.72156863 0.49803922 0.95294118
v -0.01085586 0.00728834 0.00314296 0.72156863 0.49803922 0.95294118
v -0.00278121 0.00899438 -0.00894428 0.72156863 0.49803922 0.95294118
v -0.00333151 0.00846416 -0.00894428 0.72156863 0.49803922 0.95294118
v 0.00146196 0.01304974 -0.00489508 0.72156863 0.49803922 0.95294118
v -0.00440465 0.01153239 0.00314296 0.72156863 0.49803922 0.95294118
v 0.00146196 0.01270822 0.00071013 0.72156863 0.49803922 0.95294118
v 0.00096518 0.01254759 0.00189696 0.72156863 0.49803922 0.95294118
v -0.00015325 0.01235890 0.00314296 0.72156863 0.49803922 0.95294118
v -0.00131696 0.01238385 0.00008535 0.72156863 0.49803922 0.95294118
v 0.00146196 0.01308327 -0.00377333 0.72156863 0.49803922 0.95294118
v -0.00420429 0.01160646 0.00314296 0.72156863 0.49803922 0.95294118
v 0.00146196 0.01285169 -0.00041163 0.72156863 0.49803922 0.95294118
v 0.00096518 0.01264116 0.00120711 0.72156863 0.49803922 0.95294118
v 0.00022963 0.01254136 0.00186501 0.72156863 0.49803922 0.95294118
v -0.00098349 0.01230822 0.00314296 0.72156863 0.49803922 0.95294118
v -0.00073510 0.01253278 -0.00058320 0.72156863 0.49803922 0.95294118
v -0.00321349 0.01191368 0.00314296 0.72156863 0.49803922 0.95294118
v 0.00146196 0.01304818 -0.00265395 0.72156863 0.49803922 0.95294118
v -0.00075569 0.01253746 0.00008535 0.72156863 0.49803922 0.95294118
v -0.00075020 0.01253512 0.00077047 0.72156863 0.49803922 0.95294118
v 0.00146196 0.01296709 -0.00153219 0.72156863 0.49803922 0.95294118
v -0.00051828 0.01251173 0.00151713 0.72156863 0.49803922 0.95294118
v -0.00127716 0.01227703 0.00314296 0.72156863 0.49803922 0.95294118
v -0.00239834 0.01209145 0.00314296 0.72156863 0.49803922 0.95294118
v -0.00209231 0.01215695 0.00314296 0.72156863 0.49803922 0.95294118
v -0.00127716 0.01234175 0.00232886 0.72156863 0.49803922 0.95294118
f 3828 3829 3830
f 3828 3830 3832
f 3828 3832 3836
f 3828 3836 3845
f 3828 3845 3855
f 3828 3855 3858
f 3828 3858 3857
f 3828 3857 3869
f 3828 3869 3878
f 3828 3878 3889
f 3828 3889 3888
f 3828 3888 3883
f 3828 3883 3873
f 3828 3873 3865
f 3828 3865 3864
f 3828 3864 3863
f 3828 3863 3862
f 3828 3862 3853
f 3828 3853 3851
f 3828 3851 3840
f 3828 3840 3834
f 3828 3834 3831
f 3828 3831 3835
f 3828 3835 3844
f 3828 3844 3848
f 3828 3848 3838
f 3828 3838 3833
f 3828 3833 3829
f 3829 3832 3830
f 3829 3833 3832
f 3831 3834 3839
f 3831 3839 3849
f 3831 3849 3859
f 3831 3859 3870
f 3831 3870 3879
f 3831 3879 3890
f 3831 3890 3896
f 3831 3896 3904
f 3831 3904 3907
f 3831 3907 3898
f 3831 3898 3892
f 3831 3892 3884
f 3831 3884 3874
f 3831 3874 3866
f 3831 3866 3854
f 3831 3854 3843
f 3831 3843 3835
f 3832 3833 3837
f 3832 3837 3836
f 3833 3838 3843
f 3833 3843 3854
f 3833 3854 3867
f 3833 3867 3875
f 3833 3875 3886
f 3833 3886 3894
f 3833 3894 3901
f 3833 3901 3909
f 3833 3909 3911
f 3833 3911 3910
f 3833 3910 3903
f 3833 3903 3897
f 3833 3897 3891
f 3833 3891 3881
f 3833 3881 3880
f 3833 3880 3871
f 3833 3871 3860
f 3833 3860 3850
f 3833 3850 3842
f 3833 3842 3841
f 3833 3841 3852
f 3833 3852 3861
f 3833 3861 3872
f 3833 3872 3882
f 3833 3882 3887
f 3833 3887 3876
f 3833 3876 3868
f 3833 3868 3856
f 3833 3856 3846
f 3833 3846 3837
f 3834 3840 3841
f 3834 3841 3842
f 3834 3842 3839
f 3835 3843 3844
f 3836 3837 3845
f 3837 3846 3847
f 3837 3847 3845
f 3838 3848 3843
f 3839 3842 3850
f 3839 3850 3849
f 3840 3851 3841
f 3841 3851 3853
f 3841 3853 3852
f 3843 3848 3844
f 3845 3847 3855
f 3846 3856 3857
f 3846 3857 3858
f 3846 3858 3855
f 3846 3855 3847
f 3849 3850 3860
f 3849 3860 3859
f 3852 3853 3862
f 3852 3862 3863
f 3852 3863 3864
f 3852 3864 3865
f 3852 3865 3861
f 3854 3866 3867
f 3856 3868 3857
f 3857 3868 3869
f 3859 3860 3871
f 3859 3871 3870
f 3861 3865 3872
f 3865 3873 3872
f 3866 3874 3867
f 3867 3874 3875
f 3868 3876 3869
f 3869 3877 3878
f 3869 3876 3877
f 3870 3871 3880
f 3870 3880 3881
f 3870 3881 3879
f 3872 3873 3883
f 3872 3883 3882
f 3874 3884 3885
f 3874 3885 3875
f 3875 3885 3886
f 3876 3887 3888
f 3876 3888 3889
f 3876 3889 3878
f 3876 3878 3877
f 3879 3881 3891
f 3879 3891 3890
f 3882 3883 3888
f 3882 3888 3887
f 3884 3892 3893
f 3884 3893 3885
f 3885 3893 3886
f 3886 3893 3894
f 3890 3895 3896
f 3890 3891 3897
f 3890 3897 3895
f 3892 3898 3899
f 3892 3899 3893
f 3893 3899 3900
f 3893 3900 3894
f 3894 3900 3901
f 3895 3902 3896
f 3895 3897 3903
f 3895 3903 3902
f 3896 3902 3905
f 3896 3905 3906
f 3896 3906 3904
f 3898 3907 3900
f 3898 3900 3899
f 3900 3908 3901
f 3900 3907 3908
f 3901 3908 3909
f 3902 3903 3905
f 3903 3910 3906
f 3903 3906 3905
f 3904 3906 3908
f 3904 3908 3907
f 3906 3910 3911
f 3906 3911 3912
f 3906 3912 3908
f 3908 3912 3909
f 3909 3912 3911

o geometry_41
v -0.00681369 0.00168200 -0.00894428 0.64313725 0.42352941 0.60392157
v -0.01368352 0.00168200 0.00314296 0.64313725 0.42352941 0.60392157
v -0.01366276 0.00189589 0.00314296 0.64313725 0.42352941 0.60392157
v -0.00679886 0.00180038 -0.00894428 0.64313725 0.42352941 0.60392157
v -0.00004320 0.00168200 -0.00894428 0.64313725 0.42352941 0.60392157
v -0.00644743 0.00168200 0.00314296 0.64313725 0.42352941 0.60392157
v -0.01351152 0.00263304 0.00314296 0.64313725 0.42352941 0.60392157
v -0.00657051 0.00296967 -0.00894428 0.64313725 0.42352941 0.60392157
v -0.00678848 0.00187571 -0.00894428 0.64313725 0.42352941 0.60392157
v 0.00146185 0.00505233 -0.00894428 0.64313725 0.42352941 0.60392157
v 0.00146185 0.00507722 -0.00889931 0.64313725 0.42352941 0.60392157
v 0.00146185 0.00511758 -0.00883897 0.64313725 0.42352941 0.60392157
v -0.00006692 0.00168200 -0.00889340 0.64313725 0.42352941 0.60392157
v -0.00595811 0.00168200 0.00234306 0.64313725 0.42352941 0.60392157
v -0.00463100 0.00511758 0.00314296 0.64313725 0.42352941 0.60392157
v -0.01343589 0.00299725 0.00314296 0.64313725 0.42352941 0.60392157
v -0.00635995 0.00372936 -0.00894428 0.64313725 0.42352941 0.60392157
v 0.00146185 0.00511758 -0.00894428 0.64313725 0.42352941 0.60392157
v -0.00020631 0.00511758 -0.00544886 0.64313725 0.42352941 0.60392157
v -0.00053253 0.00168200 -0.00793612 0.64313725 0.42352941 0.60392157
v -0.00539613 0.00168200 0.00141773 0.64313725 0.42352941 0.60392157
v -0.00508325 0.00168200 0.00085804 0.64313725 0.42352941 0.60392157
v -0.00364345 0.00511758 0.00122722 0.64313725 0.42352941 0.60392157
v -0.01255511 0.00511758 0.00314296 0.64313725 0.42352941 0.60392157
v -0.01317937 0.00384101 0.00314296 0.64313725 0.42352941 0.60392157
v -0.01308002 0.00363620 0.00283767 0.64313725 0.42352941 0.60392157
v -0.00623391 0.00411811 -0.00894428 0.64313725 0.42352941 0.60392157
v -0.00579648 0.00511758 -0.00894428 0.64313725 0.42352941 0.60392157
v -0.01294064 0.00441439 0.00314296 0.64313725 0.42352941 0.60392157
v -0.00590621 0.00511758 -0.00875969 0.64313725 0.42352941 0.60392157
v -0.01309337 0.00405321 0.00314296 0.64313725 0.42352941 0.60392157
v -0.00633771 0.00470932 -0.00835145 0.64313725 0.42352941 0.60392157
v -0.00618498 0.00425028 -0.00894428 0.64313725 0.42352941 0.60392157
v -0.01297326 0.00433939 0.00314296 0.64313725 0.42352941 0.60392157
f 3913 3914 3915
f 3913 3915 3916
f 3913 3916 3921
f 3913 3921 3920
f 3913 3920 3929
f 3913 3929 3939
f 3913 3939 3945
f 3913 3945 3940
f 3913 3940 3930
f 3913 3930 3922
f 3913 3922 3917
f 3913 3917 3925
f 3913 3925 3932
f 3913 3932 3934
f 3913 3934 3933
f 3913 3933 3926
f 3913 3926 3918
f 3913 3918 3914
f 3914 3918 3927
f 3914 3927 3936
f 3914 3936 3941
f 3914 3941 3946
f 3914 3946 3943
f 3914 3943 3937
f 3914 3937 3928
f 3914 3928 3919
f 3914 3919 3915
f 3915 3919 3920
f 3915 3920 3921
f 3915 3921 3916
f 3917 3922 3923
f 3917 3923 3924
f 3917 3924 3925
f 3918 3926 3927
f 3919 3928 3920
f 3920 3928 3929
f 3922 3930 3924
f 3922 3924 3923
f 3924 3931 3932
f 3924 3932 3925
f 3924 3930 3940
f 3924 3940 3942
f 3924 3942 3936
f 3924 3936 3927
f 3924 3927 3935
f 3924 3935 3931
f 3926 3933 3927
f 3927 3933 3934
f 3927 3934 3932
f 3927 3932 3935
f 3928 3937 3938
f 3928 3938 3929
f 3929 3938 3939
f 3931 3935 3932
f 3936 3942 3941
f 3937 3943 3944
f 3937 3944 3945
f 3937 3945 3939
f 3937 3939 3938
f 3940 3945 3944
f 3940 3944 3942
f 3941 3942 3944
f 3941 3944 3946
f 3943 3946 3944

o geometry_42
v 0.01768814 -0.00036656 -0.00894428 0.01568627 0.29803922 0.65882353
v 0.01768595 -0.00148785 -0.00894428 0.01568627 0.29803922 0.65882353
v 0.01766190 0.00076709 -0.00894428 0.01568627 0.29803922 0.65882353
v 0.00254321 -0.00148460 0.01505369 0.01568627 0.29803922 0.65882353
v 0.01767283 -0.00163834 -0.00894428 0.01568627 0.29803922 0.65882353
v 0.01764003 0.00095657 -0.00894428 0.01568627 0.29803922 0.65882353
v 0.00193094 -0.00036656 0.01583972 0.01568627 0.29803922 0.65882353
v 0.00202496 -0.00148460 0.01583972 0.01568627 0.29803922 0.65882353
v 0.00984234 -0.00163834 0.00314447 0.01568627 0.29803922 0.65882353
v 0.01754819 -0.00163834 -0.00874777 0.01568627 0.29803922 0.65882353
v 0.00804926 -0.00163834 -0.00894428 0.01568627 0.29803922 0.65882353
v 0.01755038 0.00168200 -0.00894428 0.01568627 0.29803922 0.65882353
v 0.00178224 0.00065691 0.01583972 0.01568627 0.29803922 0.65882353
v -0.00465096 -0.00148460 0.01583972 0.01568627 0.29803922 0.65882353
v 0.00240326 -0.00163834 0.00314447 0.01568627 0.29803922 0.65882353
v 0.00812798 0.00168200 -0.00894428 0.01568627 0.29803922 0.65882353
v 0.01746072 0.00168200 -0.00880842 0.01568627 0.29803922 0.65882353
v 0.00168822 0.00113696 0.01583972 0.01568627 0.29803922 0.65882353
v -0.00452195 0.00113696 0.01583972 0.01568627 0.29803922 0.65882353
v 0.00307894 0.00168200 0.00314447 0.01568627 0.29803922 0.65882353
v 0.00956900 0.00168200 0.00314447 0.01568627 0.29803922 0.65882353
f 3947 3948 3951
f 3947 3951 3957
f 3947 3957 3962
f 3947 3962 3958
f 3947 3958 3952
f 3947 3952 3949
f 3947 3949 3950
f 3947 3950 3948
f 3948 3950 3951
f 3949 3952 3953
f 3949 3953 3950
f 3950 3953 3954
f 3950 3954 3955
f 3950 3955 3956
f 3950 3956 3951
f 3951 3956 3955
f 3951 3955 3961
f 3951 3961 3957
f 3952 3958 3953
f 3953 3959 3964
f 3953 3964 3965
f 3953 3965 3960
f 3953 3960 3954
f 3953 3958 3959
f 3954 3960 3961
f 3954 3961 3955
f 3957 3961 3960
f 3957 3960 3962
f 3958 3962 3966
f 3958 3966 3967
f 3958 3967 3963
f 3958 3963 3964
f 3958 3964 3959
f 3960 3965 3962
f 3962 3965 3966
f 3963 3967 3964
f 3964 3967 3966
f 3964 3966 3965

o geometry_43
v 0.00229165 -0.00806986 -0.00894428 0.28627451 0.61568627 0.42745098
v 0.00229165 -0.00176888 -0.00894428 0.28627451 0.61568627 0.42745098
v 0.00321021 -0.00819422 -0.00894428 0.28627451 0.61568627 0.42745098
v 0.00229165 -0.00807124 -0.00893245 0.28627451 0.61568627 0.42745098
v 0.00229165 -0.00170773 0.00314296 0.28627451 0.61568627 0.42745098
v 0.00240308 -0.00163834 0.00314296 0.28627451 0.61568627 0.42745098
v 0.00804996 -0.00163834 -0.00894428 0.28627451 0.61568627 0.42745098
v 0.00321021 -0.00819765 -0.00888393 0.28627451 0.61568627 0.42745098
v 0.00229165 -0.00822857 -0.00664043 0.28627451 0.61568627 0.42745098
v 0.00229165 -0.00816261 -0.00776218 0.28627451 0.61568627 0.42745098
v 0.00229165 -0.00807673 -0.00888393 0.28627451 0.61568627 0.42745098
v 0.00433055 -0.00826292 -0.00894428 0.28627451 0.61568627 0.42745098
v 0.00229165 -0.00863119 0.00314296 0.28627451 0.61568627 0.42745098
v 0.00984341 -0.00163834 0.00314296 0.28627451 0.61568627 0.42745098
v 0.01767526 -0.00163834 -0.00894428 0.28627451 0.61568627 0.42745098
v 0.00229165 -0.00840858 -0.00327635 0.28627451 0.61568627 0.42745098
v 0.00881643 -0.00851233 -0.00894428 0.28627451 0.61568627 0.42745098
v 0.00321021 -0.00865729 0.00314296 0.28627451 0.61568627 0.42745098
v 0.00229165 -0.00845530 -0.00215697 0.28627451 0.61568627 0.42745098
v 0.00977113 -0.00260983 0.00314296 0.28627451 0.61568627 0.42745098
v 0.01723706 -0.00212958 -0.00830412 0.28627451 0.61568627 0.42745098
v 0.01754877 -0.00163834 -0.00874785 0.28627451 0.61568627 0.42745098
v 0.01761654 -0.00238585 -0.00894428 0.28627451 0.61568627 0.42745098
v 0.00993677 -0.00854118 -0.00894428 0.28627451 0.61568627 0.42745098
v 0.00433055 -0.00856866 0.00314296 0.28627451 0.61568627 0.42745098
v 0.01105712 -0.00850065 -0.00894428 0.28627451 0.61568627 0.42745098
v 0.00961603 -0.00372905 0.00314296 0.28627451 0.61568627 0.42745098
v 0.01760148 -0.00255487 -0.00894428 0.28627451 0.61568627 0.42745098
v 0.00545240 -0.00831926 0.00314296 0.28627451 0.61568627 0.42745098
v 0.01217896 -0.00829453 -0.00894428 0.28627451 0.61568627 0.42745098
v 0.00953321 -0.00409112 0.00314296 0.28627451 0.61568627 0.42745098
v 0.01717683 -0.00287778 -0.00839524 0.28627451 0.61568627 0.42745098
v 0.01730483 -0.00373111 -0.00894428 0.28627451 0.61568627 0.42745098
v 0.00657424 -0.00807605 0.00232886 0.28627451 0.61568627 0.42745098
v 0.00657876 -0.00789810 0.00314296 0.28627451 0.61568627 0.42745098
v 0.01217896 -0.00828491 -0.00888393 0.28627451 0.61568627 0.42745098
v 0.01335502 -0.00792146 -0.00894428 0.28627451 0.61568627 0.42745098
v 0.00939618 -0.00465932 0.00314296 0.28627451 0.61568627 0.42745098
v 0.00947599 -0.00458237 0.00305421 0.28627451 0.61568627 0.42745098
v 0.01683952 -0.00481184 -0.00894428 0.28627451 0.61568627 0.42745098
v 0.00923505 -0.00511758 0.00314296 0.28627451 0.61568627 0.42745098
v 0.00934649 -0.00532920 0.00283649 0.28627451 0.61568627 0.42745098
v 0.01354024 -0.00785069 -0.00894428 0.28627451 0.61568627 0.42745098
v 0.00687993 -0.00775656 0.00314296 0.28627451 0.61568627 0.42745098
v 0.01377214 -0.00761022 -0.00844848 0.28627451 0.61568627 0.42745098
v 0.01682748 -0.00483383 -0.00894428 0.28627451 0.61568627 0.42745098
v 0.00896702 -0.00565967 0.00314296 0.28627451 0.61568627 0.42745098
v 0.01610618 -0.00541714 -0.00831714 0.28627451 0.61568627 0.42745098
v 0.01429014 -0.00746388 -0.00894428 0.28627451 0.61568627 0.42745098
v 0.00715851 -0.00767000 0.00293706 0.28627451 0.61568627 0.42745098
v 0.00739041 -0.00739517 0.00314296 0.28627451 0.61568627 0.42745098
v 0.01443470 -0.00737594 -0.00894428 0.28627451 0.61568627 0.42745098
v 0.01635163 -0.00559646 -0.00894428 0.28627451 0.61568627 0.42745098
v 0.00875771 -0.00599976 0.00314296 0.28627451 0.61568627 0.42745098
v 0.00840233 -0.00651025 0.00314296 0.28627451 0.61568627 0.42745098
v 0.00835565 -0.00663804 0.00306959 0.28627451 0.61568627 0.42745098
v 0.01522075 -0.00680980 -0.00894428 0.28627451 0.61568627 0.42745098
v 0.01526743 -0.00677614 -0.00894428 0.28627451 0.61568627 0.42745098
v 0.01525388 -0.00675896 -0.00888393 0.28627451 0.61568627 0.42745098
v 0.00770211 -0.00714989 0.00314296 0.28627451 0.61568627 0.42745098
v 0.01628839 -0.00563288 -0.00888393 0.28627451 0.61568627 0.42745098
v 0.01630947 -0.00565280 -0.00894428 0.28627451 0.61568627 0.42745098
v 0.00818549 -0.00674591 0.00314296 0.28627451 0.61568627 0.42745098
v 0.01505210 -0.00659682 -0.00821064 0.28627451 0.61568627 0.42745098
v 0.01583212 -0.00621550 -0.00894428 0.28627451 0.61568627 0.42745098
v 0.01532164 -0.00673148 -0.00894428 0.28627451 0.61568627 0.42745098
f 3968 3969 3974
f 3968 3974 3982
f 3968 3982 3990
f 3968 3990 3995
f 3968 3995 4000
f 3968 4000 4007
f 3968 4007 4013
f 3968 4013 4020
f 3968 4020 4029
f 3968 4029 4032
f 3968 4032 4033
f 3968 4033 4025
f 3968 4025 4024
f 3968 4024 4019
f 3968 4019 4016
f 3968 4016 4010
f 3968 4010 4004
f 3968 4004 3997
f 3968 3997 3993
f 3968 3993 3991
f 3968 3991 3984
f 3968 3984 3979
f 3968 3979 3970
f 3968 3970 3971
f 3968 3971 3978
f 3968 3978 3977
f 3968 3977 3976
f 3968 3976 3983
f 3968 3983 3986
f 3968 3986 3980
f 3968 3980 3972
f 3968 3972 3969
f 3969 3972 3973
f 3969 3973 3974
f 3970 3975 3976
f 3970 3976 3977
f 3970 3977 3978
f 3970 3978 3971
f 3970 3979 3975
f 3972 3980 3985
f 3972 3985 3992
f 3972 3992 3996
f 3972 3996 4002
f 3972 4002 4011
f 3972 4011 4018
f 3972 4018 4027
f 3972 4027 4030
f 3972 4030 4022
f 3972 4022 4021
f 3972 4021 4014
f 3972 4014 4008
f 3972 4008 4005
f 3972 4005 3998
f 3972 3998 3994
f 3972 3994 3987
f 3972 3987 3981
f 3972 3981 3973
f 3973 3981 3989
f 3973 3989 3982
f 3973 3982 3974
f 3975 3983 3976
f 3975 3979 3983
f 3979 3984 3983
f 3980 3986 3984
f 3980 3984 3985
f 3981 3987 3988
f 3981 3988 3989
f 3982 3989 3988
f 3982 3988 3990
f 3983 3984 3986
f 3984 3991 3985
f 3985 3991 3993
f 3985 3993 3992
f 3987 3994 3995
f 3987 3995 3988
f 3988 3995 3990
f 3992 3993 3997
f 3992 3997 3996
f 3994 3998 3995
f 3995 3999 4000
f 3995 3998 3999
f 3996 4001 4002
f 3996 3997 4003
f 3996 4003 4004
f 3996 4004 4001
f 3997 4004 4003
f 3998 4005 4006
f 3998 4006 3999
f 3999 4006 4000
f 4000 4006 4005
f 4000 4005 4008
f 4000 4008 4009
f 4000 4009 4007
f 4001 4004 4010
f 4001 4010 4002
f 4002 4010 4012
f 4002 4012 4011
f 4007 4009 4013
f 4008 4014 4009
f 4009 4014 4015
f 4009 4015 4013
f 4010 4016 4012
f 4011 4017 4018
f 4011 4012 4017
f 4012 4016 4019
f 4012 4019 4017
f 4013 4015 4020
f 4014 4021 4015
f 4015 4021 4022
f 4015 4022 4023
f 4015 4023 4020
f 4017 4019 4024
f 4017 4024 4025
f 4017 4025 4018
f 4018 4025 4026
f 4018 4026 4027
f 4020 4028 4029
f 4020 4023 4028
f 4022 4030 4023
f 4023 4030 4031
f 4023 4031 4032
f 4023 4032 4029
f 4023 4029 4028
f 4025 4033 4026
f 4026 4033 4031
f 4026 4031 4027
f 4027 4031 4030
f 4031 4033 4032

o geometry_44
v -0.00696424 -0.00036665 -0.00894428 0.13333333 0.29803922 0.56862745
v -0.00693615 0.00068121 -0.00894428 0.13333333 0.29803922 0.56862745
v -0.00695488 -0.00045052 -0.00894428 0.13333333 0.29803922 0.56862745
v -0.01367947 -0.00037461 0.00314296 0.13333333 0.29803922 0.56862745
v -0.01375126 0.00048132 0.00314296 0.13333333 0.29803922 0.56862745
v -0.01376998 0.00075414 0.00314296 0.13333333 0.29803922 0.56862745
v -0.00693303 0.00075414 -0.00894428 0.13333333 0.29803922 0.56862745
v -0.00682847 -0.00148811 -0.00894428 0.13333333 0.29803922 0.56862745
v -0.01357959 -0.00077174 0.00314296 0.13333333 0.29803922 0.56862745
v -0.00681443 -0.00154943 -0.00894428 0.13333333 0.29803922 0.56862745
v -0.01370132 0.00150764 0.00314296 0.13333333 0.29803922 0.56862745
v -0.00681443 0.00168200 -0.00894428 0.13333333 0.29803922 0.56862745
v -0.01368415 0.00168200 0.00314296 0.13333333 0.29803922 0.56862745
v -0.01317852 -0.00126501 0.00266846 0.13333333 0.29803922 0.56862745
v -0.01336423 -0.00148247 0.00314296 0.13333333 0.29803922 0.56862745
v -0.00676137 -0.00170458 -0.00894428 0.13333333 0.29803922 0.56862745
v -0.00004458 0.00168200 -0.00894428 0.13333333 0.29803922 0.56862745
v -0.00644769 0.00168200 0.00314296 0.13333333 0.29803922 0.56862745
v -0.01327996 -0.00170458 0.00314296 0.13333333 0.29803922 0.56862745
v 0.00216990 -0.00170458 -0.00894428 0.13333333 0.29803922 0.56862745
v -0.00006799 0.00168200 -0.00889340 0.13333333 0.29803922 0.56862745
v -0.00463740 -0.00170458 0.00314296 0.13333333 0.29803922 0.56862745
v -0.00258522 -0.00170458 0.00015990 0.13333333 0.29803922 0.56862745
v -0.00235582 -0.00170458 -0.00017615 0.13333333 0.29803922 0.56862745
v -0.00180181 -0.00170458 -0.00105415 0.13333333 0.29803922 0.56862745
v -0.00595610 0.00168200 0.00234306 0.13333333 0.29803922 0.56862745
v -0.00047686 -0.00170458 -0.00330594 0.13333333 0.29803922 0.56862745
v -0.00053148 0.00168200 -0.00793612 0.13333333 0.29803922 0.56862745
v -0.00539741 0.00168200 0.00141773 0.13333333 0.29803922 0.56862745
v -0.00508373 0.00168200 0.00085804 0.13333333 0.29803922 0.56862745
f 4034 4035 4040
f 4034 4040 4045
f 4034 4045 4050
f 4034 4050 4053
f 4034 4053 4049
f 4034 4049 4043
f 4034 4043 4041
f 4034 4041 4036
f 4034 4036 4037
f 4034 4037 4038
f 4034 4038 4039
f 4034 4039 4035
f 4035 4039 4040
f 4036 4041 4037
f 4037 4042 4048
f 4037 4048 4052
f 4037 4052 4055
f 4037 4055 4051
f 4037 4051 4046
f 4037 4046 4044
f 4037 4044 4039
f 4037 4039 4038
f 4037 4041 4043
f 4037 4043 4042
f 4039 4044 4040
f 4040 4044 4046
f 4040 4046 4045
f 4042 4047 4048
f 4042 4043 4047
f 4043 4049 4048
f 4043 4048 4047
f 4045 4046 4051
f 4045 4051 4059
f 4045 4059 4062
f 4045 4062 4063
f 4045 4063 4061
f 4045 4061 4054
f 4045 4054 4050
f 4048 4049 4052
f 4049 4053 4060
f 4049 4060 4058
f 4049 4058 4057
f 4049 4057 4056
f 4049 4056 4055
f 4049 4055 4052
f 4050 4054 4053
f 4051 4055 4056
f 4051 4056 4057
f 4051 4057 4058
f 4051 4058 4059
f 4053 4054 4060
f 4054 4061 4060
f 4058 4060 4062
f 4058 4062 4059
f 4060 4061 4063
f 4060 4063 4062

o geometry_45
v -0.00676131 -0.00170458 -0.00894428 0.58823529 0.57254902 0.65098039
v -0.00649455 -0.00249447 -0.00894428 0.58823529 0.57254902 0.65098039
v -0.01328084 -0.00170458 0.00314296 0.58823529 0.57254902 0.65098039
v 0.00217123 -0.00170458 -0.00894428 0.58823529 0.57254902 0.65098039
v -0.00641377 -0.00266737 -0.00894428 0.58823529 0.57254902 0.65098039
v -0.01303390 -0.00201308 0.00291577 0.58823529 0.57254902 0.65098039
v -0.01324883 -0.00178729 0.00314296 0.58823529 0.57254902 0.65098039
v -0.00463793 -0.00170458 0.00314296 0.58823529 0.57254902 0.65098039
v -0.00047805 -0.00170458 -0.00330594 0.58823529 0.57254902 0.65098039
v 0.00229165 -0.00170797 0.00314296 0.58823529 0.57254902 0.65098039
v 0.00229165 -0.00176899 -0.00894428 0.58823529 0.57254902 0.65098039
v -0.00583300 -0.00361117 -0.00894428 0.58823529 0.57254902 0.65098039
v -0.00637261 -0.00324165 -0.00842718 0.58823529 0.57254902 0.65098039
v -0.01294854 -0.00236565 0.00314296 0.58823529 0.57254902 0.65098039
v -0.00258466 -0.00170458 0.00015990 0.58823529 0.57254902 0.65098039
v -0.00180116 -0.00170458 -0.00105415 0.58823529 0.57254902 0.65098039
v 0.00229165 -0.00863125 0.00314296 0.58823529 0.57254902 0.65098039
v -0.00235602 -0.00170458 -0.00017615 0.58823529 0.57254902 0.65098039
v 0.00229165 -0.00806984 -0.00894428 0.58823529 0.57254902 0.65098039
v -0.00575068 -0.00373728 -0.00894428 0.58823529 0.57254902 0.65098039
v -0.01262081 -0.00288162 0.00314296 0.58823529 0.57254902 0.65098039
v -0.01275648 -0.00268093 0.00314296 0.58823529 0.57254902 0.65098039
v -0.00015642 -0.00861158 0.00314296 0.58823529 0.57254902 0.65098039
v 0.00229165 -0.00845496 -0.00215697 0.58823529 0.57254902 0.65098039
v 0.00208739 -0.00804340 -0.00894428 0.58823529 0.57254902 0.65098039
v 0.00229165 -0.00807120 -0.00893245 0.58823529 0.57254902 0.65098039
v -0.00570800 -0.00379492 -0.00894428 0.58823529 0.57254902 0.65098039
v -0.01205224 -0.00331895 0.00266373 0.58823529 0.57254902 0.65098039
v -0.01213455 -0.00352710 0.00314296 0.58823529 0.57254902 0.65098039
v -0.00127679 -0.00858582 0.00314296 0.58823529 0.57254902 0.65098039
v 0.00229165 -0.00840885 -0.00327635 0.58823529 0.57254902 0.65098039
v 0.00096549 -0.00796068 -0.00776218 0.58823529 0.57254902 0.65098039
v 0.00089537 -0.00779660 -0.00894428 0.58823529 0.57254902 0.65098039
v 0.00229165 -0.00807662 -0.00888393 0.58823529 0.57254902 0.65098039
v 0.00208739 -0.00804950 -0.00888393 0.58823529 0.57254902 0.65098039
v -0.00351907 -0.00836885 0.00314296 0.58823529 0.57254902 0.65098039
v -0.00464098 -0.00816883 0.00314296 0.58823529 0.57254902 0.65098039
v -0.00472786 -0.00486212 -0.00894428 0.58823529 0.57254902 0.65098039
v -0.00533607 -0.00443022 -0.00862361 0.58823529 0.57254902 0.65098039
v -0.01168793 -0.00403494 0.00314296 0.58823529 0.57254902 0.65098039
v -0.00239870 -0.00850581 0.00314296 0.58823529 0.57254902 0.65098039
v 0.00229165 -0.00816273 -0.00776218 0.58823529 0.57254902 0.65098039
v 0.00208739 -0.00821630 -0.00664043 0.58823529 0.57254902 0.65098039
v 0.00229165 -0.00822850 -0.00664043 0.58823529 0.57254902 0.65098039
v 0.00026735 -0.00769219 -0.00858693 0.58823529 0.57254902 0.65098039
v 0.00087707 -0.00779185 -0.00894428 0.58823529 0.57254902 0.65098039
v -0.00464098 -0.00805289 0.00232886 0.58823529 0.57254902 0.65098039
v 0.00208739 -0.00814510 -0.00776218 0.58823529 0.57254902 0.65098039
v -0.00575526 -0.00788407 0.00314296 0.58823529 0.57254902 0.65098039
v -0.00468518 -0.00490213 -0.00894428 0.58823529 0.57254902 0.65098039
v -0.01119709 -0.00454345 0.00314296 0.58823529 0.57254902 0.65098039
v -0.01159799 -0.00413122 0.00314296 0.58823529 0.57254902 0.65098039
v -0.00010611 -0.00753082 -0.00894428 0.58823529 0.57254902 0.65098039
v -0.00639852 -0.00768202 0.00314296 0.58823529 0.57254902 0.65098039
v -0.00012745 -0.00752471 -0.00894428 0.58823529 0.57254902 0.65098039
v -0.00465012 -0.00493399 -0.00894428 0.58823529 0.57254902 0.65098039
v -0.01053554 -0.00515842 0.00314296 0.58823529 0.57254902 0.65098039
v -0.01073827 -0.00497128 0.00314296 0.58823529 0.57254902 0.65098039
v -0.00665461 -0.00758099 0.00314296 0.58823529 0.57254902 0.65098039
v -0.00127679 -0.00712604 -0.00888393 0.58823529 0.57254902 0.65098039
v -0.00128137 -0.00711044 -0.00894428 0.58823529 0.57254902 0.65098039
v -0.00362273 -0.00578694 -0.00894428 0.58823529 0.57254902 0.65098039
v -0.00419283 -0.00550150 -0.00856681 0.58823529 0.57254902 0.65098039
v -0.01031908 -0.00534759 0.00314296 0.58823529 0.57254902 0.65098039
v -0.00696405 -0.00744878 0.00314296 0.58823529 0.57254902 0.65098039
v -0.00217919 -0.00670634 -0.00894428 0.58823529 0.57254902 0.65098039
v -0.00358767 -0.00581339 -0.00894428 0.58823529 0.57254902 0.65098039
v -0.00996696 -0.00563710 0.00314296 0.58823529 0.57254902 0.65098039
v -0.00800059 -0.00694568 0.00314296 0.58823529 0.57254902 0.65098039
v -0.00292002 -0.00651243 -0.00824733 0.58823529 0.57254902 0.65098039
v -0.00270051 -0.00642564 -0.00894428 0.58823529 0.57254902 0.65098039
v -0.00891823 -0.00641005 0.00314296 0.58823529 0.57254902 0.65098039
v -0.00924139 -0.00617749 0.00314296 0.58823529 0.57254902 0.65098039
v -0.00273557 -0.00640530 -0.00894428 0.58823529 0.57254902 0.65098039
v -0.00865300 -0.00658769 0.00314296 0.58823529 0.57254902 0.65098039
f 4064 4065 4066
f 4064 4066 4071
f 4064 4071 4078
f 4064 4078 4081
f 4064 4081 4079
f 4064 4079 4072
f 4064 4072 4067
f 4064 4067 4074
f 4064 4074 4082
f 4064 4082 4088
f 4064 4088 4096
f 4064 4096 4109
f 4064 4109 4116
f 4064 4116 4118
f 4064 4118 4124
f 4064 4124 4129
f 4064 4129 4134
f 4064 4134 4137
f 4064 4137 4130
f 4064 4130 4125
f 4064 4125 4119
f 4064 4119 4113
f 4064 4113 4101
f 4064 4101 4090
f 4064 4090 4083
f 4064 4083 4075
f 4064 4075 4068
f 4064 4068 4065
f 4065 4068 4069
f 4065 4069 4070
f 4065 4070 4066
f 4066 4070 4077
f 4066 4077 4085
f 4066 4085 4084
f 4066 4084 4092
f 4066 4092 4103
f 4066 4103 4115
f 4066 4115 4114
f 4066 4114 4121
f 4066 4121 4120
f 4066 4120 4127
f 4066 4127 4131
f 4066 4131 4136
f 4066 4136 4135
f 4066 4135 4138
f 4066 4138 4132
f 4066 4132 4128
f 4066 4128 4122
f 4066 4122 4117
f 4066 4117 4112
f 4066 4112 4100
f 4066 4100 4099
f 4066 4099 4104
f 4066 4104 4093
f 4066 4093 4086
f 4066 4086 4080
f 4066 4080 4073
f 4066 4073 4071
f 4067 4072 4073
f 4067 4073 4074
f 4068 4075 4076
f 4068 4076 4069
f 4069 4077 4070
f 4069 4076 4077
f 4071 4073 4078
f 4072 4079 4073
f 4073 4080 4087
f 4073 4087 4094
f 4073 4094 4107
f 4073 4107 4105
f 4073 4105 4097
f 4073 4097 4089
f 4073 4089 4082
f 4073 4082 4074
f 4073 4079 4081
f 4073 4081 4078
f 4075 4083 4076
f 4076 4083 4084
f 4076 4084 4085
f 4076 4085 4077
f 4080 4086 4087
f 4082 4089 4088
f 4083 4090 4091
f 4083 4091 4084
f 4084 4091 4092
f 4086 4093 4087
f 4087 4093 4094
f 4088 4095 4096
f 4088 4089 4097
f 4088 4097 4098
f 4088 4098 4099
f 4088 4099 4100
f 4088 4100 4095
f 4090 4101 4102
f 4090 4102 4092
f 4090 4092 4091
f 4092 4102 4103
f 4093 4104 4105
f 4093 4105 4106
f 4093 4106 4107
f 4093 4107 4094
f 4095 4100 4096
f 4096 4108 4109
f 4096 4100 4110
f 4096 4110 4108
f 4097 4105 4111
f 4097 4111 4104
f 4097 4104 4099
f 4097 4099 4098
f 4100 4112 4110
f 4101 4113 4114
f 4101 4114 4102
f 4102 4114 4115
f 4102 4115 4103
f 4104 4111 4105
f 4105 4107 4106
f 4108 4116 4109
f 4108 4110 4112
f 4108 4112 4116
f 4112 4117 4118
f 4112 4118 4116
f 4113 4119 4120
f 4113 4120 4121
f 4113 4121 4114
f 4117 4122 4123
f 4117 4123 4118
f 4118 4123 4124
f 4119 4125 4126
f 4119 4126 4120
f 4120 4126 4127
f 4122 4128 4124
f 4122 4124 4123
f 4124 4128 4129
f 4125 4130 4131
f 4125 4131 4126
f 4126 4131 4127
f 4128 4132 4129
f 4129 4133 4134
f 4129 4132 4133
f 4130 4135 4136
f 4130 4136 4131
f 4130 4137 4135
f 4132 4138 4133
f 4133 4137 4134
f 4133 4138 4137
f 4135 4137 4138

o geometry_46
v 0.00887556 0.01416546 -0.00894494 0.65098039 0.43137255 0.89411765
v 0.00774652 0.01407514 -0.00894494 0.65098039 0.43137255 0.89411765
v 0.00999420 0.01392289 -0.00894494 0.65098039 0.43137255 0.89411765
v 0.00993658 0.01406095 -0.01000570 0.65098039 0.43137255 0.89411765
v 0.00657286 0.01382483 -0.01315440 0.65098039 0.43137255 0.89411765
v 0.00614612 0.01380935 -0.01316033 0.65098039 0.43137255 0.89411765
v 0.00614612 0.01382096 -0.00894494 0.65098039 0.43137255 0.89411765
v 0.01025025 0.01385322 -0.00894494 0.65098039 0.43137255 0.89411765
v 0.01057171 0.01378355 -0.00909648 0.65098039 0.43137255 0.89411765
v 0.01057171 0.01388031 -0.01000570 0.65098039 0.43137255 0.89411765
v 0.01057171 0.01381967 -0.01052423 0.65098039 0.43137255 0.89411765
v 0.00769713 0.01341324 -0.01567521 0.65098039 0.43137255 0.89411765
v 0.00663698 0.01340034 -0.01567521 0.65098039 0.43137255 0.89411765
v 0.00657286 0.01339002 -0.01567521 0.65098039 0.43137255 0.89411765
v 0.00614612 0.01328809 -0.01567521 0.65098039 0.43137255 0.89411765
v 0.00614612 0.00513889 -0.00894494 0.65098039 0.43137255 0.89411765
v 0.01057171 0.01373194 -0.00894494 0.65098039 0.43137255 0.89411765
v 0.01057171 0.01376419 -0.01071200 0.65098039 0.43137255 0.89411765
v 0.00776039 0.01339131 -0.01567521 0.65098039 0.43137255 0.89411765
v 0.00614612 0.00484600 -0.01567521 0.65098039 0.43137255 0.89411765
v 0.00614612 0.00511953 -0.00923549 0.65098039 0.43137255 0.89411765
v 0.00818150 0.00098429 -0.00894494 0.65098039 0.43137255 0.89411765
v 0.01057171 0.00098429 -0.00894494 0.65098039 0.43137255 0.89411765
v 0.00870919 0.01295005 -0.01567521 0.65098039 0.43137255 0.89411765
v 0.01057171 0.01004183 -0.01567521 0.65098039 0.43137255 0.89411765
v 0.01007045 0.00098429 -0.01567521 0.65098039 0.43137255 0.89411765
v 0.00918576 0.00098429 -0.01424350 0.65098039 0.43137255 0.89411765
v 0.00888033 0.00098429 -0.01344892 0.65098039 0.43137255 0.89411765
v 0.00841242 0.00098429 -0.01203104 0.65098039 0.43137255 0.89411765
v 0.00829458 0.00098429 -0.01149407 0.65098039 0.43137255 0.89411765
v 0.00824432 0.00098429 -0.01112709 0.65098039 0.43137255 0.89411765
v 0.00821963 0.00098429 -0.01093865 0.65098039 0.43137255 0.89411765
v 0.00818930 0.00098429 -0.01047218 0.65098039 0.43137255 0.89411765
v 0.00817240 0.00098429 -0.01000570 0.65098039 0.43137255 0.89411765
v 0.00817110 0.00098429 -0.00989831 0.65098039 0.43137255 0.89411765
v 0.01057171 0.00098429 -0.01567521 0.65098039 0.43137255 0.89411765
f 4139 4140 4145
f 4139 4145 4154
f 4139 4154 4160
f 4139 4160 4161
f 4139 4161 4155
f 4139 4155 4146
f 4139 4146 4141
f 4139 4141 4142
f 4139 4142 4143
f 4139 4143 4144
f 4139 4144 4140
f 4140 4144 4145
f 4141 4146 4147
f 4141 4147 4142
f 4142 4148 4149
f 4142 4149 4150
f 4142 4150 4143
f 4142 4147 4148
f 4143 4150 4151
f 4143 4151 4144
f 4144 4151 4152
f 4144 4152 4153
f 4144 4153 4158
f 4144 4158 4159
f 4144 4159 4154
f 4144 4154 4145
f 4146 4155 4147
f 4147 4155 4161
f 4147 4161 4174
f 4147 4174 4163
f 4147 4163 4156
f 4147 4156 4149
f 4147 4149 4148
f 4149 4156 4157
f 4149 4157 4150
f 4150 4157 4162
f 4150 4162 4163
f 4150 4163 4174
f 4150 4174 4164
f 4150 4164 4158
f 4150 4158 4153
f 4150 4153 4152
f 4150 4152 4151
f 4154 4159 4160
f 4156 4162 4157
f 4156 4163 4162
f 4158 4164 4165
f 4158 4165 4166
f 4158 4166 4167
f 4158 4167 4168
f 4158 4168 4169
f 4158 4169 4170
f 4158 4170 4171
f 4158 4171 4172
f 4158 4172 4173
f 4158 4173 4160
f 4158 4160 4159
f 4160 4173 4172
f 4160 4172 4171
f 4160 4171 4170
f 4160 4170 4169
f 4160 4169 4168
f 4160 4168 4167
f 4160 4167 4166
f 4160 4166 4165
f 4160 4165 4164
f 4160 4164 4174
f 4160 4174 4161

o geometry_47
v 0.01007096 0.00098429 -0.01567521 0.36470588 0.43529412 0.89019608
v 0.01079627 -0.00135058 -0.01567521 0.36470588 0.43529412 0.89019608
v 0.01076544 -0.00135058 -0.01567257 0.36470588 0.43529412 0.89019608
v 0.00997553 -0.00135058 -0.01447081 0.36470588 0.43529412 0.89019608
v 0.00918709 0.00098429 -0.01424350 0.36470588 0.43529412 0.89019608
v 0.02317048 0.00098429 -0.01567521 0.36470588 0.43529412 0.89019608
v 0.02279755 -0.00135058 -0.01567521 0.36470588 0.43529412 0.89019608
v 0.00935153 -0.00135058 -0.01336853 0.36470588 0.43529412 0.89019608
v 0.00888023 -0.00135058 -0.01225572 0.36470588 0.43529412 0.89019608
v 0.00888170 0.00098429 -0.01344892 0.36470588 0.43529412 0.89019608
v 0.01763821 0.00098429 -0.00894494 0.36470588 0.43529412 0.89019608
v 0.01764261 0.00095663 -0.00894494 0.36470588 0.43529412 0.89019608
v 0.01766316 0.00076717 -0.00894494 0.36470588 0.43529412 0.89019608
v 0.01768812 -0.00036690 -0.00894494 0.36470588 0.43529412 0.89019608
v 0.01768666 -0.00135058 -0.00894494 0.36470588 0.43529412 0.89019608
v 0.02316461 0.00075414 -0.01567521 0.36470588 0.43529412 0.89019608
v 0.02292382 -0.00076046 -0.01567521 0.36470588 0.43529412 0.89019608
v 0.00887142 -0.00135058 -0.01222804 0.36470588 0.43529412 0.89019608
v 0.00841334 0.00098429 -0.01203104 0.36470588 0.43529412 0.89019608
v 0.00818282 0.00098429 -0.00894494 0.36470588 0.43529412 0.89019608
v 0.00829000 -0.00135058 -0.00894494 0.36470588 0.43529412 0.89019608
v 0.02300457 -0.00036690 -0.01567521 0.36470588 0.43529412 0.89019608
v 0.02314699 0.00060672 -0.01567521 0.36470588 0.43529412 0.89019608
v 0.00858659 -0.00135058 -0.01112709 0.36470588 0.43529412 0.89019608
v 0.00829441 0.00098429 -0.01149407 0.36470588 0.43529412 0.89019608
v 0.00817108 0.00098429 -0.00989831 0.36470588 0.43529412 0.89019608
v 0.00817255 0.00098429 -0.01000570 0.36470588 0.43529412 0.89019608
v 0.00817842 0.00089013 -0.01000570 0.36470588 0.43529412 0.89019608
v 0.00819017 0.00098429 -0.01047218 0.36470588 0.43529412 0.89019608
v 0.00821953 0.00098429 -0.01093865 0.36470588 0.43529412 0.89019608
v 0.00839278 -0.00135058 -0.01000570 0.36470588 0.43529412 0.89019608
v 0.00824449 0.00098429 -0.01112709 0.36470588 0.43529412 0.89019608
f 4175 4176 4177
f 4175 4177 4178
f 4175 4178 4179
f 4175 4179 4184
f 4175 4184 4193
f 4175 4193 4199
f 4175 4199 4206
f 4175 4206 4204
f 4175 4204 4203
f 4175 4203 4201
f 4175 4201 4200
f 4175 4200 4194
f 4175 4194 4185
f 4175 4185 4180
f 4175 4180 4190
f 4175 4190 4197
f 4175 4197 4196
f 4175 4196 4191
f 4175 4191 4181
f 4175 4181 4176
f 4176 4181 4189
f 4176 4189 4195
f 4176 4195 4205
f 4176 4205 4198
f 4176 4198 4192
f 4176 4192 4183
f 4176 4183 4182
f 4176 4182 4178
f 4176 4178 4177
f 4178 4182 4179
f 4179 4183 4184
f 4179 4182 4183
f 4180 4185 4186
f 4180 4186 4187
f 4180 4187 4188
f 4180 4188 4189
f 4180 4189 4190
f 4181 4191 4189
f 4183 4192 4193
f 4183 4193 4184
f 4185 4194 4195
f 4185 4195 4189
f 4185 4189 4188
f 4185 4188 4187
f 4185 4187 4186
f 4189 4191 4196
f 4189 4196 4197
f 4189 4197 4190
f 4192 4198 4193
f 4193 4198 4199
f 4194 4200 4195
f 4195 4200 4201
f 4195 4201 4202
f 4195 4202 4203
f 4195 4203 4204
f 4195 4204 4205
f 4198 4205 4199
f 4199 4205 4206
f 4201 4203 4202
f 4204 4206 4205

o geometry_48
v 0.02279900 -0.00135058 -0.01567521 0.80392157 0.70196078 0.09803922
v 0.01768708 -0.00135058 -0.00894494 0.80392157 0.70196078 0.09803922
v 0.01768708 -0.00140106 -0.00894494 0.80392157 0.70196078 0.09803922
v 0.01768545 -0.00148867 -0.00894494 0.80392157 0.70196078 0.09803922
v 0.01761698 -0.00238549 -0.00894494 0.80392157 0.70196078 0.09803922
v 0.01760068 -0.00255476 -0.00894494 0.80392157 0.70196078 0.09803922
v 0.02276966 -0.00148867 -0.01567521 0.80392157 0.70196078 0.09803922
v 0.01079673 -0.00135058 -0.01567521 0.80392157 0.70196078 0.09803922
v 0.00828967 -0.00135058 -0.00894494 0.80392157 0.70196078 0.09803922
v 0.01730564 -0.00373147 -0.00894494 0.80392157 0.70196078 0.09803922
v 0.02243550 -0.00261118 -0.01567191 0.80392157 0.70196078 0.09803922
v 0.02243713 -0.00261341 -0.01567521 0.80392157 0.70196078 0.09803922
v 0.00614612 -0.00170248 -0.01567521 0.80392157 0.70196078 0.09803922
v 0.01076576 -0.00135058 -0.01567257 0.80392157 0.70196078 0.09803922
v 0.00839236 -0.00135058 -0.01000570 0.80392157 0.70196078 0.09803922
v 0.00614612 -0.00204398 -0.01179913 0.80392157 0.70196078 0.09803922
v 0.00614612 -0.00206551 -0.01158434 0.80392157 0.70196078 0.09803922
v 0.00614612 -0.00244859 -0.00894494 0.80392157 0.70196078 0.09803922
v 0.01683944 -0.00481166 -0.00894494 0.80392157 0.70196078 0.09803922
v 0.01729749 -0.00443527 -0.00933301 0.80392157 0.70196078 0.09803922
v 0.02204428 -0.00358299 -0.01567521 0.80392157 0.70196078 0.09803922
v 0.00614612 -0.00818886 -0.01567521 0.80392157 0.70196078 0.09803922
v 0.00858634 -0.00135058 -0.01112709 0.80392157 0.70196078 0.09803922
v 0.00887161 -0.00135058 -0.01222804 0.80392157 0.70196078 0.09803922
v 0.00887976 -0.00135058 -0.01225572 0.80392157 0.70196078 0.09803922
v 0.00935085 -0.00135058 -0.01336853 0.80392157 0.70196078 0.09803922
v 0.00997517 -0.00135058 -0.01447081 0.80392157 0.70196078 0.09803922
v 0.00614612 -0.00831729 -0.00894494 0.80392157 0.70196078 0.09803922
v 0.01682639 -0.00483394 -0.00894494 0.80392157 0.70196078 0.09803922
v 0.02140692 -0.00481686 -0.01567521 0.80392157 0.70196078 0.09803922
v 0.02195625 -0.00376413 -0.01567521 0.80392157 0.70196078 0.09803922
v 0.02201657 -0.00364535 -0.01567521 0.80392157 0.70196078 0.09803922
v 0.00614612 -0.00819257 -0.01561130 0.80392157 0.70196078 0.09803922
v 0.01127271 -0.00882955 -0.01567521 0.80392157 0.70196078 0.09803922
v 0.00769469 -0.00844647 -0.00894494 0.80392157 0.70196078 0.09803922
v 0.00614612 -0.00831432 -0.00931126 0.80392157 0.70196078 0.09803922
v 0.01218067 -0.00891047 -0.01567521 0.80392157 0.70196078 0.09803922
v 0.01709373 -0.00518212 -0.00964399 0.80392157 0.70196078 0.09803922
v 0.01635204 -0.00559639 -0.00894494 0.80392157 0.70196078 0.09803922
v 0.02128792 -0.00501434 -0.01567521 0.80392157 0.70196078 0.09803922
v 0.00614612 -0.00823192 -0.01448992 0.80392157 0.70196078 0.09803922
v 0.00614612 -0.00827720 -0.01224847 0.80392157 0.70196078 0.09803922
v 0.00614612 -0.00826013 -0.01336853 0.80392157 0.70196078 0.09803922
v 0.00881618 -0.00851255 -0.00894494 0.80392157 0.70196078 0.09803922
v 0.01330216 -0.00893497 -0.01567521 0.80392157 0.70196078 0.09803922
v 0.01105917 -0.00868256 -0.01112709 0.80392157 0.70196078 0.09803922
v 0.00993768 -0.00859866 -0.01000570 0.80392157 0.70196078 0.09803922
v 0.01630966 -0.00565281 -0.00894494 0.80392157 0.70196078 0.09803922
v 0.02066360 -0.00587924 -0.01567521 0.80392157 0.70196078 0.09803922
v 0.02102385 -0.00538257 -0.01567521 0.80392157 0.70196078 0.09803922
v 0.00993768 -0.00854076 -0.00894494 0.80392157 0.70196078 0.09803922
v 0.01448886 -0.00888523 -0.01567521 0.80392157 0.70196078 0.09803922
v 0.01105917 -0.00861203 -0.01000570 0.80392157 0.70196078 0.09803922
v 0.01583205 -0.00621555 -0.00894494 0.80392157 0.70196078 0.09803922
v 0.02042724 -0.00616581 -0.01567521 0.80392157 0.70196078 0.09803922
v 0.01105917 -0.00850067 -0.00894494 0.80392157 0.70196078 0.09803922
v 0.01490616 -0.00884588 -0.01567521 0.80392157 0.70196078 0.09803922
v 0.01532183 -0.00673152 -0.00894494 0.80392157 0.70196078 0.09803922
v 0.01954537 -0.00660754 -0.01494058 0.80392157 0.70196078 0.09803922
v 0.01985997 -0.00677681 -0.01567521 0.80392157 0.70196078 0.09803922
v 0.01218067 -0.00829428 -0.00894494 0.80392157 0.70196078 0.09803922
v 0.01554189 -0.00876942 -0.01567521 0.80392157 0.70196078 0.09803922
v 0.01526641 -0.00677606 -0.00894494 0.80392157 0.70196078 0.09803922
v 0.01979966 -0.00683174 -0.01567521 0.80392157 0.70196078 0.09803922
v 0.01642377 -0.00856748 -0.01567521 0.80392157 0.70196078 0.09803922
v 0.01655743 -0.00853185 -0.01567521 0.80392157 0.70196078 0.09803922
v 0.01335596 -0.00792085 -0.00894494 0.80392157 0.70196078 0.09803922
v 0.01522077 -0.00680947 -0.00894494 0.80392157 0.70196078 0.09803922
v 0.01901559 -0.00743903 -0.01567521 0.80392157 0.70196078 0.09803922
v 0.01974098 -0.00687852 -0.01567521 0.80392157 0.70196078 0.09803922
v 0.01784845 -0.00806339 -0.01567521 0.80392157 0.70196078 0.09803922
v 0.01354179 -0.00785106 -0.00894494 0.80392157 0.70196078 0.09803922
v 0.01443670 -0.00737593 -0.00894494 0.80392157 0.70196078 0.09803922
v 0.01879553 -0.00757415 -0.01567521 0.80392157 0.70196078 0.09803922
v 0.01817936 -0.00791491 -0.01567521 0.80392157 0.70196078 0.09803922
v 0.01401125 -0.00773302 -0.00919662 0.80392157 0.70196078 0.09803922
v 0.01429162 -0.00746353 -0.00894494 0.80392157 0.70196078 0.09803922
f 4207 4208 4209
f 4207 4209 4210
f 4207 4210 4211
f 4207 4211 4212
f 4207 4212 4213
f 4207 4213 4218
f 4207 4218 4227
f 4207 4227 4238
f 4207 4238 4237
f 4207 4237 4236
f 4207 4236 4246
f 4207 4246 4256
f 4207 4256 4255
f 4207 4255 4261
f 4207 4261 4266
f 4207 4266 4270
f 4207 4270 4276
f 4207 4276 4275
f 4207 4275 4280
f 4207 4280 4281
f 4207 4281 4277
f 4207 4277 4272
f 4207 4272 4271
f 4207 4271 4268
f 4207 4268 4263
f 4207 4263 4258
f 4207 4258 4251
f 4207 4251 4243
f 4207 4243 4240
f 4207 4240 4228
f 4207 4228 4219
f 4207 4219 4214
f 4207 4214 4220
f 4207 4220 4233
f 4207 4233 4232
f 4207 4232 4231
f 4207 4231 4230
f 4207 4230 4229
f 4207 4229 4221
f 4207 4221 4215
f 4207 4215 4208
f 4208 4215 4224
f 4208 4224 4234
f 4208 4234 4241
f 4208 4241 4250
f 4208 4250 4257
f 4208 4257 4262
f 4208 4262 4267
f 4208 4267 4273
f 4208 4273 4278
f 4208 4278 4283
f 4208 4283 4279
f 4208 4279 4274
f 4208 4274 4269
f 4208 4269 4264
f 4208 4264 4260
f 4208 4260 4254
f 4208 4254 4245
f 4208 4245 4235
f 4208 4235 4225
f 4208 4225 4216
f 4208 4216 4212
f 4208 4212 4211
f 4208 4211 4210
f 4208 4210 4209
f 4212 4216 4213
f 4213 4217 4218
f 4213 4216 4217
f 4214 4219 4220
f 4215 4221 4219
f 4215 4219 4222
f 4215 4222 4223
f 4215 4223 4224
f 4216 4225 4226
f 4216 4226 4218
f 4216 4218 4217
f 4218 4226 4227
f 4219 4228 4239
f 4219 4239 4247
f 4219 4247 4249
f 4219 4249 4248
f 4219 4248 4242
f 4219 4242 4234
f 4219 4234 4224
f 4219 4224 4223
f 4219 4223 4222
f 4219 4221 4229
f 4219 4229 4230
f 4219 4230 4231
f 4219 4231 4232
f 4219 4232 4233
f 4219 4233 4220
f 4225 4235 4236
f 4225 4236 4237
f 4225 4237 4226
f 4226 4237 4238
f 4226 4238 4227
f 4228 4240 4239
f 4234 4242 4240
f 4234 4240 4243
f 4234 4243 4241
f 4235 4244 4236
f 4235 4245 4244
f 4236 4244 4246
f 4239 4240 4247
f 4240 4242 4248
f 4240 4248 4249
f 4240 4249 4247
f 4241 4243 4250
f 4243 4251 4252
f 4243 4252 4253
f 4243 4253 4250
f 4244 4245 4246
f 4245 4254 4255
f 4245 4255 4256
f 4245 4256 4246
f 4250 4253 4257
f 4251 4258 4259
f 4251 4259 4252
f 4252 4259 4257
f 4252 4257 4253
f 4254 4260 4261
f 4254 4261 4255
f 4257 4259 4262
f 4258 4263 4262
f 4258 4262 4259
f 4260 4264 4265
f 4260 4265 4261
f 4261 4265 4266
f 4262 4263 4268
f 4262 4268 4267
f 4264 4269 4270
f 4264 4270 4265
f 4265 4270 4266
f 4267 4268 4271
f 4267 4271 4272
f 4267 4272 4273
f 4269 4274 4275
f 4269 4275 4276
f 4269 4276 4270
f 4272 4277 4273
f 4273 4277 4278
f 4274 4279 4275
f 4275 4279 4280
f 4277 4281 4282
f 4277 4282 4278
f 4278 4282 4283
f 4279 4283 4280
f 4280 4283 4282
f 4280 4282 4281

o geometry_49
v -0.00361990 -0.00036680 -0.01567521 0.91764706 0.71372549 0.99607843
v -0.00360513 0.00068618 -0.01567521 0.91764706 0.71372549 0.99607843
v -0.00353470 -0.00116124 -0.01567521 0.91764706 0.71372549 0.99607843
v -0.00696531 -0.00036680 -0.00894494 0.91764706 0.71372549 0.99607843
v -0.00360400 0.00075475 -0.01567521 0.91764706 0.71372549 0.99607843
v -0.00686876 -0.00116124 -0.00894494 0.91764706 0.71372549 0.99607843
v 0.00463970 -0.00116124 -0.01567521 0.91764706 0.71372549 0.99607843
v -0.00693578 0.00068181 -0.00894494 0.91764706 0.71372549 0.99607843
v -0.00347563 0.00187543 -0.01567521 0.91764706 0.71372549 0.99607843
v -0.00693351 0.00075475 -0.00894494 0.91764706 0.71372549 0.99607843
v 0.00136358 -0.00116124 -0.00894494 0.91764706 0.71372549 0.99607843
v 0.00400015 0.00330052 -0.01567521 0.91764706 0.71372549 0.99607843
v 0.00462720 -0.00116124 -0.01563765 0.91764706 0.71372549 0.99607843
v -0.00321777 0.00301882 -0.01567521 0.91764706 0.71372549 0.99607843
v -0.00679946 0.00179987 -0.00894494 0.91764706 0.71372549 0.99607843
v -0.00678924 0.00187543 -0.00894494 0.91764706 0.71372549 0.99607843
v -0.00657114 0.00296947 -0.00894494 0.91764706 0.71372549 0.99607843
v 0.00205765 -0.00116124 -0.01006368 0.91764706 0.71372549 0.99607843
v 0.00034462 0.00330052 -0.00894494 0.91764706 0.71372549 0.99607843
v 0.00264949 -0.00116124 -0.01112709 0.91764706 0.71372549 0.99607843
v 0.00320384 -0.00116124 -0.01217006 0.91764706 0.71372549 0.99607843
v 0.00374797 -0.00116124 -0.01336853 0.91764706 0.71372549 0.99607843
v 0.00426483 -0.00116124 -0.01455185 0.91764706 0.71372549 0.99607843
v -0.00313371 0.00330052 -0.01567521 0.91764706 0.71372549 0.99607843
v -0.00321550 0.00302756 -0.01567521 0.91764706 0.71372549 0.99607843
v -0.00647912 0.00330052 -0.00894494 0.91764706 0.71372549 0.99607843
f 4284 4285 4288
f 4284 4288 4292
f 4284 4292 4297
f 4284 4297 4308
f 4284 4308 4307
f 4284 4307 4295
f 4284 4295 4290
f 4284 4290 4286
f 4284 4286 4287
f 4284 4287 4285
f 4285 4287 4288
f 4286 4289 4287
f 4286 4290 4296
f 4286 4296 4306
f 4286 4306 4305
f 4286 4305 4304
f 4286 4304 4303
f 4286 4303 4301
f 4286 4301 4294
f 4286 4294 4289
f 4287 4289 4294
f 4287 4294 4302
f 4287 4302 4309
f 4287 4309 4300
f 4287 4300 4299
f 4287 4299 4298
f 4287 4298 4293
f 4287 4293 4291
f 4287 4291 4288
f 4288 4291 4293
f 4288 4293 4292
f 4290 4295 4296
f 4292 4293 4298
f 4292 4298 4299
f 4292 4299 4300
f 4292 4300 4297
f 4294 4301 4302
f 4295 4302 4303
f 4295 4303 4304
f 4295 4304 4305
f 4295 4305 4306
f 4295 4306 4296
f 4295 4307 4309
f 4295 4309 4302
f 4297 4300 4308
f 4300 4309 4308
f 4301 4303 4302
f 4307 4308 4309

o geometry_50
v 0.00463897 -0.00116124 -0.01567521 0.14901961 0.86666667 0.16078431
v 0.00426441 -0.00116124 -0.01455185 0.14901961 0.86666667 0.16078431
v 0.00614484 -0.00206492 -0.01158434 0.14901961 0.86666667 0.16078431
v 0.00614484 -0.00204390 -0.01179913 0.14901961 0.86666667 0.16078431
v 0.00614484 -0.00170205 -0.01567521 0.14901961 0.86666667 0.16078431
v -0.00353378 -0.00116124 -0.01567521 0.14901961 0.86666667 0.16078431
v 0.00374844 -0.00116124 -0.01336853 0.14901961 0.86666667 0.16078431
v 0.00614484 -0.00244881 -0.00894494 0.14901961 0.86666667 0.16078431
v 0.00320316 -0.00116124 -0.01217006 0.14901961 0.86666667 0.16078431
v 0.00614484 -0.00818893 -0.01567521 0.14901961 0.86666667 0.16078431
v -0.00349938 -0.00148839 -0.01567521 0.14901961 0.86666667 0.16078431
v -0.00686785 -0.00116124 -0.00894494 0.14901961 0.86666667 0.16078431
v 0.00614484 -0.00831783 -0.00894494 0.14901961 0.86666667 0.16078431
v 0.00264897 -0.00116124 -0.01112709 0.14901961 0.86666667 0.16078431
v 0.00205656 -0.00116124 -0.01006368 0.14901961 0.86666667 0.16078431
v 0.00136350 -0.00116124 -0.00894494 0.14901961 0.86666667 0.16078431
v 0.00614484 -0.00819314 -0.01561130 0.14901961 0.86666667 0.16078431
v 0.00545051 -0.00811048 -0.01567521 0.14901961 0.86666667 0.16078431
v -0.00348409 -0.00155634 -0.01567521 0.14901961 0.86666667 0.16078431
v -0.00682836 -0.00148839 -0.00894494 0.14901961 0.86666667 0.16078431
v 0.00614484 -0.00831433 -0.00931126 0.14901961 0.86666667 0.16078431
v 0.00432938 -0.00826249 -0.00894494 0.14901961 0.86666667 0.16078431
v 0.00614484 -0.00823167 -0.01448992 0.14901961 0.86666667 0.16078431
v 0.00545051 -0.00823027 -0.01336853 0.14901961 0.86666667 0.16078431
v 0.00545051 -0.00818123 -0.01448992 0.14901961 0.86666667 0.16078431
v 0.00545051 -0.00811468 -0.01561130 0.14901961 0.86666667 0.16078431
v 0.00432938 -0.00799209 -0.01448992 0.14901961 0.86666667 0.16078431
v 0.00432938 -0.00788911 -0.01561130 0.14901961 0.86666667 0.16078431
v 0.00432684 -0.00788140 -0.01567521 0.14901961 0.86666667 0.16078431
v 0.00208714 -0.00804322 -0.00894494 0.14901961 0.86666667 0.16078431
v -0.00320508 -0.00260222 -0.01567521 0.14901961 0.86666667 0.16078431
v -0.00413766 -0.00221133 -0.01404716 0.14901961 0.86666667 0.16078431
v -0.00681434 -0.00155003 -0.00894494 0.14901961 0.86666667 0.16078431
v 0.00614484 -0.00827720 -0.01224847 0.14901961 0.86666667 0.16078431
v 0.00545051 -0.00825759 -0.01224847 0.14901961 0.86666667 0.16078431
v 0.00432938 -0.00824217 -0.01000570 0.14901961 0.86666667 0.16078431
v 0.00320826 -0.00819384 -0.00894494 0.14901961 0.86666667 0.16078431
v 0.00614484 -0.00826039 -0.01336853 0.14901961 0.86666667 0.16078431
v 0.00089467 -0.00779594 -0.00894494 0.14901961 0.86666667 0.16078431
v 0.00087683 -0.00779174 -0.00894494 0.14901961 0.86666667 0.16078431
v 0.00427205 -0.00786809 -0.01567521 0.14901961 0.86666667 0.16078431
v -0.00636589 -0.00215038 -0.00953528 0.14901961 0.86666667 0.16078431
v -0.00318852 -0.00264846 -0.01567521 0.14901961 0.86666667 0.16078431
v -0.00649457 -0.00249504 -0.00894494 0.14901961 0.86666667 0.16078431
v -0.00010670 -0.00753114 -0.00894494 0.14901961 0.86666667 0.16078431
v 0.00046660 -0.00763972 -0.00933564 0.14901961 0.86666667 0.16078431
v 0.00360320 -0.00770347 -0.01567521 0.14901961 0.86666667 0.16078431
v -0.00399624 -0.00295879 -0.01375133 0.14901961 0.86666667 0.16078431
v -0.00266618 -0.00366913 -0.01567521 0.14901961 0.86666667 0.16078431
v -0.00306877 -0.00334969 -0.01529175 0.14901961 0.86666667 0.16078431
v -0.00641430 -0.00266737 -0.00894494 0.14901961 0.86666667 0.16078431
v -0.00012709 -0.00752483 -0.00894494 0.14901961 0.86666667 0.16078431
v 0.00309487 -0.00754935 -0.01567521 0.14901961 0.86666667 0.16078431
v -0.00527534 -0.00327964 -0.01072123 0.14901961 0.86666667 0.16078431
v -0.00263178 -0.00372727 -0.01567521 0.14901961 0.86666667 0.16078431
v -0.00619263 -0.00289785 -0.00917620 0.14901961 0.86666667 0.16078431
v -0.00583336 -0.00361098 -0.00894494 0.14901961 0.86666667 0.16078431
v -0.00128006 -0.00711082 -0.00894494 0.14901961 0.86666667 0.16078431
v -0.00015511 -0.00733779 -0.01000570 0.14901961 0.86666667 0.16078431
v 0.00304519 -0.00753254 -0.01567521 0.14901961 0.86666667 0.16078431
v -0.00544096 -0.00350310 -0.01000570 0.14901961 0.86666667 0.16078431
v -0.00575055 -0.00373778 -0.00894494 0.14901961 0.86666667 0.16078431
v -0.00281524 -0.00409715 -0.01474621 0.14901961 0.86666667 0.16078431
v -0.00261140 -0.00375599 -0.01567521 0.14901961 0.86666667 0.16078431
v -0.00217824 -0.00670592 -0.00894494 0.14901961 0.86666667 0.16078431
v 0.00099022 -0.00670872 -0.01567521 0.14901961 0.86666667 0.16078431
v 0.00208714 -0.00718648 -0.01567521 0.14901961 0.86666667 0.16078431
v 0.00208714 -0.00719769 -0.01561130 0.14901961 0.86666667 0.16078431
v -0.00570850 -0.00379452 -0.00894494 0.14901961 0.86666667 0.16078431
v -0.00407905 -0.00429190 -0.01168712 0.14901961 0.86666667 0.16078431
v -0.00204064 -0.00450486 -0.01567521 0.14901961 0.86666667 0.16078431
v -0.00298850 -0.00432622 -0.01399841 0.14901961 0.86666667 0.16078431
v -0.00269930 -0.00642571 -0.00894494 0.14901961 0.86666667 0.16078431
v -0.00197822 -0.00661135 -0.00975270 0.14901961 0.86666667 0.16078431
v 0.00038634 -0.00654480 -0.01509541 0.14901961 0.86666667 0.16078431
v 0.00076344 -0.00659103 -0.01567521 0.14901961 0.86666667 0.16078431
v -0.00516705 -0.00425267 -0.00937188 0.14901961 0.86666667 0.16078431
v -0.00472625 -0.00486143 -0.00894494 0.14901961 0.86666667 0.16078431
v -0.00424340 -0.00446073 -0.01093997 0.14901961 0.86666667 0.16078431
v -0.00312992 -0.00447263 -0.01336853 0.14901961 0.86666667 0.16078431
v -0.00145333 -0.00506528 -0.01567521 0.14901961 0.86666667 0.16078431
v -0.00205466 -0.00451957 -0.01561130 0.14901961 0.86666667 0.16078431
v -0.00273370 -0.00640469 -0.00894494 0.14901961 0.86666667 0.16078431
v 0.00023346 -0.00628770 -0.01567521 0.14901961 0.86666667 0.16078431
v -0.00445743 -0.00466038 -0.01000570 0.14901961 0.86666667 0.16078431
v -0.00468420 -0.00490136 -0.00894494 0.14901961 0.86666667 0.16078431
v -0.00467911 -0.00489575 -0.00896997 0.14901961 0.86666667 0.16078431
v -0.00254260 -0.00503236 -0.01336853 0.14901961 0.86666667 0.16078431
v -0.00139982 -0.00511362 -0.01567521 0.14901961 0.86666667 0.16078431
v -0.00167373 -0.00527684 -0.01470141 0.14901961 0.86666667 0.16078431
v -0.00278339 -0.00637177 -0.00894494 0.14901961 0.86666667 0.16078431
v -0.00007358 -0.00609085 -0.01567521 0.14901961 0.86666667 0.16078431
v -0.00464853 -0.00493358 -0.00894494 0.14901961 0.86666667 0.16078431
v -0.00401663 -0.00536160 -0.00931522 0.14901961 0.86666667 0.16078431
v -0.00279485 -0.00527054 -0.01224847 0.14901961 0.86666667 0.16078431
v -0.00089149 -0.00554164 -0.01567521 0.14901961 0.86666667 0.16078431
v -0.00184699 -0.00542115 -0.01395426 0.14901961 0.86666667 0.16078431
v -0.00223429 -0.00570556 -0.01224847 0.14901961 0.86666667 0.16078431
v -0.00358601 -0.00581274 -0.00894494 0.14901961 0.86666667 0.16078431
v -0.00362168 -0.00578682 -0.00894494 0.14901961 0.86666667 0.16078431
v -0.00198204 -0.00552202 -0.01336853 0.14901961 0.86666667 0.16078431
f 4310 4311 4312
f 4310 4312 4313
f 4310 4313 4314
f 4310 4314 4319
f 4310 4319 4327
f 4310 4327 4338
f 4310 4338 4350
f 4310 4350 4356
f 4310 4356 4362
f 4310 4362 4369
f 4310 4369 4376
f 4310 4376 4375
f 4310 4375 4385
f 4310 4385 4393
f 4310 4393 4401
f 4310 4401 4405
f 4310 4405 4398
f 4310 4398 4390
f 4310 4390 4380
f 4310 4380 4373
f 4310 4373 4364
f 4310 4364 4358
f 4310 4358 4352
f 4310 4352 4340
f 4310 4340 4328
f 4310 4328 4320
f 4310 4320 4315
f 4310 4315 4321
f 4310 4321 4325
f 4310 4325 4324
f 4310 4324 4323
f 4310 4323 4318
f 4310 4318 4316
f 4310 4316 4311
f 4311 4316 4312
f 4312 4317 4322
f 4312 4322 4330
f 4312 4330 4343
f 4312 4343 4347
f 4312 4347 4332
f 4312 4332 4326
f 4312 4326 4319
f 4312 4319 4314
f 4312 4314 4313
f 4312 4316 4318
f 4312 4318 4317
f 4315 4320 4321
f 4317 4318 4323
f 4317 4323 4324
f 4317 4324 4325
f 4317 4325 4321
f 4317 4321 4329
f 4317 4329 4342
f 4317 4342 4353
f 4317 4353 4360
f 4317 4360 4366
f 4317 4366 4371
f 4317 4371 4378
f 4317 4378 4387
f 4317 4387 4395
f 4317 4395 4402
f 4317 4402 4409
f 4317 4409 4408
f 4317 4408 4400
f 4317 4400 4392
f 4317 4392 4382
f 4317 4382 4374
f 4317 4374 4367
f 4317 4367 4361
f 4317 4361 4354
f 4317 4354 4349
f 4317 4349 4348
f 4317 4348 4339
f 4317 4339 4346
f 4317 4346 4331
f 4317 4331 4322
f 4319 4326 4335
f 4319 4335 4327
f 4320 4328 4329
f 4320 4329 4321
f 4322 4331 4330
f 4326 4332 4333
f 4326 4333 4334
f 4326 4334 4335
f 4327 4336 4337
f 4327 4337 4338
f 4327 4335 4339
f 4327 4339 4336
f 4328 4340 4341
f 4328 4341 4342
f 4328 4342 4329
f 4330 4331 4344
f 4330 4344 4343
f 4331 4345 4344
f 4331 4346 4345
f 4332 4347 4333
f 4333 4347 4344
f 4333 4344 4345
f 4333 4345 4346
f 4333 4346 4334
f 4334 4346 4339
f 4334 4339 4335
f 4336 4339 4337
f 4337 4339 4348
f 4337 4348 4349
f 4337 4349 4338
f 4338 4349 4350
f 4340 4351 4341
f 4340 4352 4351
f 4341 4351 4342
f 4342 4351 4353
f 4343 4344 4347
f 4349 4354 4355
f 4349 4355 4356
f 4349 4356 4350
f 4351 4352 4357
f 4351 4357 4353
f 4352 4358 4359
f 4352 4359 4357
f 4353 4357 4360
f 4354 4361 4362
f 4354 4362 4356
f 4354 4356 4355
f 4357 4363 4360
f 4357 4359 4363
f 4358 4364 4359
f 4359 4364 4363
f 4360 4363 4365
f 4360 4365 4366
f 4361 4367 4368
f 4361 4368 4369
f 4361 4369 4362
f 4363 4370 4371
f 4363 4371 4366
f 4363 4366 4365
f 4363 4364 4372
f 4363 4372 4370
f 4364 4373 4372
f 4367 4374 4375
f 4367 4375 4376
f 4367 4376 4377
f 4367 4377 4368
f 4368 4377 4369
f 4369 4377 4376
f 4370 4378 4371
f 4370 4372 4379
f 4370 4379 4378
f 4372 4373 4380
f 4372 4380 4381
f 4372 4381 4379
f 4374 4382 4383
f 4374 4383 4384
f 4374 4384 4375
f 4375 4384 4385
f 4378 4386 4387
f 4378 4379 4386
f 4379 4388 4386
f 4379 4381 4389
f 4379 4389 4388
f 4380 4390 4391
f 4380 4391 4389
f 4380 4389 4381
f 4382 4392 4393
f 4382 4393 4384
f 4382 4384 4383
f 4384 4393 4385
f 4386 4388 4394
f 4386 4394 4387
f 4387 4394 4396
f 4387 4396 4395
f 4388 4389 4397
f 4388 4397 4394
f 4389 4391 4390
f 4389 4390 4397
f 4390 4398 4399
f 4390 4399 4397
f 4392 4400 4401
f 4392 4401 4393
f 4394 4397 4396
f 4395 4396 4403
f 4395 4403 4402
f 4396 4397 4404
f 4396 4404 4403
f 4397 4399 4404
f 4398 4405 4399
f 4399 4406 4404
f 4399 4405 4406
f 4400 4407 4405
f 4400 4405 4401
f 4400 4408 4407
f 4402 4403 4409
f 4403 4404 4406
f 4403 4406 4410
f 4403 4410 4409
f 4405 4407 4410
f 4405 4410 4406
f 4407 4408 4410
f 4408 4409 4410

o geometry_51
v 0.00960378 0.00164099 -0.01567521 0.61176471 0.12156863 0.84705882
v 0.00960378 0.00221399 -0.01673835 0.61176471 0.12156863 0.84705882
v 0.01102754 -0.00038569 -0.01568016 0.61176471 0.12156863 0.84705882
v 0.01100071 -0.00035002 -0.01567521 0.61176471 0.12156863 0.84705882
v 0.00960378 0.01059496 -0.01567521 0.61176471 0.12156863 0.84705882
v 0.00960378 0.00395194 -0.01988940 0.61176471 0.12156863 0.84705882
v 0.01217900 -0.00038569 -0.01786131 0.61176471 0.12156863 0.84705882
v 0.01107435 -0.00038569 -0.01567521 0.61176471 0.12156863 0.84705882
v 0.01330020 0.00988930 -0.01567521 0.61176471 0.12156863 0.84705882
v 0.00960378 0.01074546 -0.01622596 0.61176471 0.12156863 0.84705882
v 0.01362046 -0.00038569 -0.01988940 0.61176471 0.12156863 0.84705882
v 0.01358735 -0.00038569 -0.01985722 0.61176471 0.12156863 0.84705882
v 0.01293312 -0.00038569 -0.01902717 0.61176471 0.12156863 0.84705882
v 0.01261058 -0.00038569 -0.01859275 0.61176471 0.12156863 0.84705882
v 0.00960378 0.01100297 -0.01988940 0.61176471 0.12156863 0.84705882
v 0.01543527 -0.00038569 -0.01567521 0.61176471 0.12156863 0.84705882
v 0.00960378 0.01096284 -0.01893146 0.61176471 0.12156863 0.84705882
v 0.00960378 0.01089261 -0.01785429 0.61176471 0.12156863 0.84705882
v 0.01543527 0.00935643 -0.01567521 0.61176471 0.12156863 0.84705882
v 0.01543527 -0.00038569 -0.01988940 0.61176471 0.12156863 0.84705882
v 0.01246957 0.01020478 -0.01897560 0.61176471 0.12156863 0.84705882
v 0.01183933 0.01032518 -0.01970870 0.61176471 0.12156863 0.84705882
v 0.01201116 0.01020033 -0.01988940 0.61176471 0.12156863 0.84705882
v 0.01543527 0.00735427 -0.01988609 0.61176471 0.12156863 0.84705882
v 0.01283950 0.00962621 -0.01988940 0.61176471 0.12156863 0.84705882
v 0.01224807 0.01008773 -0.01988940 0.61176471 0.12156863 0.84705882
v 0.01543527 0.00734647 -0.01988940 0.61176471 0.12156863 0.84705882
f 4411 4412 4413
f 4411 4413 4414
f 4411 4414 4418
f 4411 4418 4426
f 4411 4426 4429
f 4411 4429 4419
f 4411 4419 4415
f 4411 4415 4420
f 4411 4420 4428
f 4411 4428 4427
f 4411 4427 4425
f 4411 4425 4416
f 4411 4416 4412
f 4412 4416 4413
f 4413 4417 4424
f 4413 4424 4423
f 4413 4423 4422
f 4413 4422 4421
f 4413 4421 4430
f 4413 4430 4426
f 4413 4426 4418
f 4413 4418 4414
f 4413 4416 4417
f 4415 4419 4420
f 4416 4421 4422
f 4416 4422 4423
f 4416 4423 4424
f 4416 4424 4417
f 4416 4425 4433
f 4416 4433 4436
f 4416 4436 4435
f 4416 4435 4437
f 4416 4437 4430
f 4416 4430 4421
f 4419 4427 4428
f 4419 4428 4420
f 4419 4429 4427
f 4425 4427 4429
f 4425 4429 4431
f 4425 4431 4432
f 4425 4432 4433
f 4426 4430 4437
f 4426 4437 4434
f 4426 4434 4429
f 4429 4434 4435
f 4429 4435 4436
f 4429 4436 4431
f 4431 4436 4433
f 4431 4433 4432
f 4434 4437 4435

o geometry_52
v 0.00960378 -0.00875746 -0.01988940 0.80392157 0.56862745 0.40392157
v 0.01000967 -0.00882027 -0.01988940 0.80392157 0.56862745 0.40392157
v 0.00960378 -0.00874330 -0.01952223 0.80392157 0.56862745 0.40392157
v 0.00960378 -0.00165168 -0.01988940 0.80392157 0.56862745 0.40392157
v 0.01105837 -0.00898128 -0.01988940 0.80392157 0.56862745 0.40392157
v 0.00960378 -0.00872118 -0.01897560 0.80392157 0.56862745 0.40392157
v 0.00960378 -0.00183392 -0.01567521 0.80392157 0.56862745 0.40392157
v 0.01102754 -0.00038569 -0.01568016 0.80392157 0.56862745 0.40392157
v 0.01217900 -0.00038569 -0.01786131 0.80392157 0.56862745 0.40392157
v 0.01261058 -0.00038569 -0.01859275 0.80392157 0.56862745 0.40392157
v 0.01293312 -0.00038569 -0.01902717 0.80392157 0.56862745 0.40392157
v 0.01358735 -0.00038569 -0.01985722 0.80392157 0.56862745 0.40392157
v 0.01362046 -0.00038569 -0.01988940 0.80392157 0.56862745 0.40392157
v 0.01217957 -0.00914141 -0.01988940 0.80392157 0.56862745 0.40392157
v 0.01127302 -0.00882912 -0.01567521 0.80392157 0.56862745 0.40392157
v 0.01074382 -0.00874949 -0.01567521 0.80392157 0.56862745 0.40392157
v 0.00960378 -0.00857610 -0.01567521 0.80392157 0.56862745 0.40392157
v 0.01103439 -0.00039985 -0.01567521 0.80392157 0.56862745 0.40392157
v 0.01107435 -0.00038569 -0.01567521 0.80392157 0.56862745 0.40392157
v 0.01543527 -0.00038569 -0.01988940 0.80392157 0.56862745 0.40392157
v 0.01330020 -0.00927677 -0.01988940 0.80392157 0.56862745 0.40392157
v 0.01442140 -0.00937850 -0.01988940 0.80392157 0.56862745 0.40392157
v 0.01217957 -0.00891051 -0.01567521 0.80392157 0.56862745 0.40392157
v 0.01543527 -0.00038569 -0.01567521 0.80392157 0.56862745 0.40392157
v 0.01543527 -0.00942362 -0.01988940 0.80392157 0.56862745 0.40392157
v 0.01330020 -0.00893439 -0.01567521 0.80392157 0.56862745 0.40392157
v 0.01543527 -0.00878223 -0.01567521 0.80392157 0.56862745 0.40392157
v 0.01543527 -0.00929092 -0.01897560 0.80392157 0.56862745 0.40392157
v 0.01448933 -0.00888574 -0.01567521 0.80392157 0.56862745 0.40392157
v 0.01490664 -0.00884592 -0.01567521 0.80392157 0.56862745 0.40392157
v 0.01543527 -0.00881938 -0.01587571 0.80392157 0.56862745 0.40392157
v 0.01543527 -0.00912283 -0.01785429 0.80392157 0.56862745 0.40392157
v 0.01543527 -0.00882204 -0.01589180 0.80392157 0.56862745 0.40392157
f 4438 4439 4440
f 4438 4440 4443
f 4438 4443 4454
f 4438 4454 4444
f 4438 4444 4441
f 4438 4441 4450
f 4438 4450 4457
f 4438 4457 4462
f 4438 4462 4459
f 4438 4459 4458
f 4438 4458 4451
f 4438 4451 4442
f 4438 4442 4439
f 4439 4442 4440
f 4440 4442 4443
f 4441 4444 4445
f 4441 4445 4446
f 4441 4446 4447
f 4441 4447 4448
f 4441 4448 4449
f 4441 4449 4450
f 4442 4451 4452
f 4442 4452 4453
f 4442 4453 4443
f 4443 4453 4454
f 4444 4455 4445
f 4444 4454 4453
f 4444 4453 4452
f 4444 4452 4460
f 4444 4460 4463
f 4444 4463 4466
f 4444 4466 4467
f 4444 4467 4464
f 4444 4464 4461
f 4444 4461 4456
f 4444 4456 4455
f 4445 4455 4456
f 4445 4456 4461
f 4445 4461 4457
f 4445 4457 4450
f 4445 4450 4449
f 4445 4449 4448
f 4445 4448 4447
f 4445 4447 4446
f 4451 4458 4452
f 4452 4458 4459
f 4452 4459 4460
f 4457 4461 4464
f 4457 4464 4468
f 4457 4468 4470
f 4457 4470 4469
f 4457 4469 4465
f 4457 4465 4462
f 4459 4462 4460
f 4460 4462 4463
f 4462 4465 4466
f 4462 4466 4463
f 4464 4467 4468
f 4465 4469 4466
f 4466 4469 4467
f 4467 4470 4468
f 4467 4469 4470

o geometry_53
v 0.00769732 0.01341299 -0.01567521 0.06666667 0.69411765 0.45098039
v 0.00699954 0.01340467 -0.01567521 0.06666667 0.69411765 0.45098039
v 0.00776054 0.01339159 -0.01567521 0.06666667 0.69411765 0.45098039
v 0.00949262 0.01378630 -0.01705601 0.06666667 0.69411765 0.45098039
v 0.00881524 0.01376490 -0.01703249 0.06666667 0.69411765 0.45098039
v 0.00699954 0.01345222 -0.01603536 0.06666667 0.69411765 0.45098039
v 0.00699954 0.00413377 -0.01567521 0.06666667 0.69411765 0.45098039
v 0.00870918 0.01295052 -0.01567521 0.06666667 0.69411765 0.45098039
v 0.00949262 0.01378630 -0.01745742 0.06666667 0.69411765 0.45098039
v 0.00960378 0.01059534 -0.01567521 0.06666667 0.69411765 0.45098039
v 0.00960378 0.01074514 -0.01622596 0.06666667 0.69411765 0.45098039
v 0.00960378 0.01089256 -0.01785429 0.06666667 0.69411765 0.45098039
v 0.00960378 0.01096271 -0.01893146 0.06666667 0.69411765 0.45098039
v 0.00960378 0.01100194 -0.01988940 0.06666667 0.69411765 0.45098039
v 0.00881524 0.01376490 -0.01746897 0.06666667 0.69411765 0.45098039
v 0.00815851 0.01366741 -0.01718349 0.06666667 0.69411765 0.45098039
v 0.00699954 0.01345222 -0.01607579 0.06666667 0.69411765 0.45098039
v 0.00699954 0.00409810 -0.01610178 0.06666667 0.69411765 0.45098039
v 0.00729655 0.00382109 -0.01567521 0.06666667 0.69411765 0.45098039
v 0.00850778 0.01286848 -0.01988940 0.06666667 0.69411765 0.45098039
v 0.00837087 0.01295765 -0.01988940 0.06666667 0.69411765 0.45098039
v 0.00769426 0.01334047 -0.01988940 0.06666667 0.69411765 0.45098039
v 0.00906406 0.01192927 -0.01988940 0.06666667 0.69411765 0.45098039
v 0.00960378 0.00164068 -0.01567521 0.06666667 0.69411765 0.45098039
v 0.00960378 0.00395187 -0.01988940 0.06666667 0.69411765 0.45098039
v 0.00815851 0.01366741 -0.01736377 0.06666667 0.69411765 0.45098039
v 0.00748724 0.01332501 -0.01988940 0.06666667 0.69411765 0.45098039
v 0.00699954 0.01324893 -0.01988940 0.06666667 0.69411765 0.45098039
v 0.00699954 0.01343915 -0.01674990 0.06666667 0.69411765 0.45098039
v 0.00699954 0.00383298 -0.01988940 0.06666667 0.69411765 0.45098039
v 0.00960378 0.00221372 -0.01673835 0.06666667 0.69411765 0.45098039
v 0.00699954 0.01339159 -0.01782871 0.06666667 0.69411765 0.45098039
v 0.00699954 0.01328697 -0.01940176 0.06666667 0.69411765 0.45098039
f 4471 4472 4477
f 4471 4477 4489
f 4471 4489 4494
f 4471 4494 4480
f 4471 4480 4478
f 4471 4478 4473
f 4471 4473 4474
f 4471 4474 4472
f 4472 4474 4475
f 4472 4475 4476
f 4472 4476 4487
f 4472 4487 4499
f 4472 4499 4502
f 4472 4502 4503
f 4472 4503 4498
f 4472 4498 4500
f 4472 4500 4488
f 4472 4488 4477
f 4473 4478 4474
f 4474 4479 4485
f 4474 4485 4475
f 4474 4478 4480
f 4474 4480 4481
f 4474 4481 4482
f 4474 4482 4483
f 4474 4483 4484
f 4474 4484 4479
f 4475 4485 4496
f 4475 4496 4486
f 4475 4486 4476
f 4476 4486 4496
f 4476 4496 4487
f 4477 4488 4489
f 4479 4490 4491
f 4479 4491 4492
f 4479 4492 4485
f 4479 4484 4493
f 4479 4493 4490
f 4480 4494 4501
f 4480 4501 4495
f 4480 4495 4484
f 4480 4484 4483
f 4480 4483 4482
f 4480 4482 4481
f 4484 4495 4500
f 4484 4500 4498
f 4484 4498 4497
f 4484 4497 4492
f 4484 4492 4491
f 4484 4491 4490
f 4484 4490 4493
f 4485 4492 4497
f 4485 4497 4498
f 4485 4498 4496
f 4487 4496 4499
f 4488 4500 4489
f 4489 4500 4494
f 4494 4500 4501
f 4495 4501 4500
f 4496 4502 4499
f 4496 4498 4503
f 4496 4503 4502

o geometry_54
v -0.00350221 0.00164055 -0.01567521 0.72156863 0.86274510 0.97254902
v -0.00343436 0.00164055 -0.01582661 0.72156863 0.86274510 0.97254902
v 0.00367150 0.00164055 -0.01567521 0.72156863 0.86274510 0.97254902
v -0.00348370 0.00180705 -0.01567521 0.72156863 0.86274510 0.97254902
v -0.00180182 0.00164055 -0.01945663 0.72156863 0.86274510 0.97254902
v 0.00379898 0.00164055 -0.01588850 0.72156863 0.86274510 0.97254902
v 0.00699826 0.00413348 -0.01567521 0.72156863 0.86274510 0.97254902
v -0.00347548 0.00187643 -0.01567521 0.72156863 0.86274510 0.97254902
v -0.00160341 0.00164055 -0.01988940 0.72156863 0.86274510 0.97254902
v -0.00157359 0.00187643 -0.01988940 0.72156863 0.86274510 0.97254902
v 0.00614909 0.00164055 -0.01988940 0.72156863 0.86274510 0.97254902
v 0.00699826 0.00409764 -0.01610178 0.72156863 0.86274510 0.97254902
v 0.00699826 0.01340451 -0.01567521 0.72156863 0.86274510 0.97254902
v -0.00321744 0.00301999 -0.01567521 0.72156863 0.86274510 0.97254902
v -0.00302211 0.00266964 -0.01631425 0.72156863 0.86274510 0.97254902
v -0.00132583 0.00301768 -0.01988940 0.72156863 0.86274510 0.97254902
v 0.00699826 0.00383285 -0.01988940 0.72156863 0.86274510 0.97254902
v 0.00699826 0.01345307 -0.01603536 0.72156863 0.86274510 0.97254902
v 0.00663638 0.01339988 -0.01567521 0.72156863 0.86274510 0.97254902
v -0.00321538 0.00302808 -0.01567521 0.72156863 0.86274510 0.97254902
v -0.00101434 0.00410226 -0.01988940 0.72156863 0.86274510 0.97254902
v 0.00699826 0.01324841 -0.01988940 0.72156863 0.86274510 0.97254902
v 0.00699826 0.01343920 -0.01674990 0.72156863 0.86274510 0.97254902
v 0.00657264 0.01336982 -0.01673340 0.72156863 0.86274510 0.97254902
v 0.00657264 0.01338948 -0.01567521 0.72156863 0.86274510 0.97254902
v -0.00299127 0.00377388 -0.01567521 0.72156863 0.86274510 0.97254902
v -0.00291725 0.00341659 -0.01608528 0.72156863 0.86274510 0.97254902
v -0.00287613 0.00411845 -0.01567521 0.72156863 0.86274510 0.97254902
v -0.00283398 0.00424217 -0.01567521 0.72156863 0.86274510 0.97254902
v -0.00077377 0.00480759 -0.01988940 0.72156863 0.86274510 0.97254902
v 0.00657264 0.01318250 -0.01988940 0.72156863 0.86274510 0.97254902
v 0.00699826 0.01328772 -0.01940176 0.72156863 0.86274510 0.97254902
v 0.00699826 0.01339179 -0.01782871 0.72156863 0.86274510 0.97254902
v 0.00657264 0.01332472 -0.01785429 0.72156863 0.86274510 0.97254902
v 0.00551478 0.01313741 -0.01567521 0.72156863 0.86274510 0.97254902
v -0.00247725 0.00514407 -0.01567521 0.72156863 0.86274510 0.97254902
v -0.00080359 0.00488853 -0.01974830 0.72156863 0.86274510 0.97254902
v -0.00068433 0.00502960 -0.01988940 0.72156863 0.86274510 0.97254902
v 0.00657264 0.01325419 -0.01897560 0.72156863 0.86274510 0.97254902
v 0.00639788 0.01309347 -0.01988940 0.72156863 0.86274510 0.97254902
v 0.00455870 0.01272115 -0.01567521 0.72156863 0.86274510 0.97254902
v 0.00459982 0.01274080 -0.01567521 0.72156863 0.86274510 0.97254902
v 0.00545105 0.01311428 -0.01567521 0.72156863 0.86274510 0.97254902
v -0.00064321 0.00563548 -0.01936463 0.72156863 0.86274510 0.97254902
v -0.00053938 0.00536723 -0.01988940 0.72156863 0.86274510 0.97254902
v -0.00058873 0.00525276 -0.01988940 0.72156863 0.86274510 0.97254902
v -0.00196014 0.00618819 -0.01567521 0.72156863 0.86274510 0.97254902
v -0.00004797 0.00641135 -0.01988940 0.72156863 0.86274510 0.97254902
v 0.00575021 0.01271074 -0.01988940 0.72156863 0.86274510 0.97254902
v 0.00399842 0.01237426 -0.01567521 0.72156863 0.86274510 0.97254902
v -0.00190874 0.00628762 -0.01567521 0.72156863 0.86274510 0.97254902
v 0.00030670 0.00708083 -0.01988940 0.72156863 0.86274510 0.97254902
v 0.00518992 0.01229911 -0.01988940 0.72156863 0.86274510 0.97254902
v 0.00319654 0.01179497 -0.01567521 0.72156863 0.86274510 0.97254902
v -0.00169799 0.00666457 -0.01567521 0.72156863 0.86274510 0.97254902
v 0.00037250 0.00718836 -0.01988940 0.72156863 0.86274510 0.97254902
v 0.00503366 0.01218348 -0.01988940 0.72156863 0.86274510 0.97254902
v 0.00315131 0.01176144 -0.01567521 0.72156863 0.86274510 0.97254902
v -0.00120350 0.00741846 -0.01567521 0.72156863 0.86274510 0.97254902
v 0.00062540 0.00758497 -0.01988940 0.72156863 0.86274510 0.97254902
v 0.00055857 0.00748090 -0.01988940 0.72156863 0.86274510 0.97254902
v 0.00444562 0.01172791 -0.01988940 0.72156863 0.86274510 0.97254902
v 0.00381542 0.01136715 -0.01938691 0.72156863 0.86274510 0.97254902
v 0.00266093 0.01139605 -0.01567521 0.72156863 0.86274510 0.97254902
v -0.00116135 0.00748090 -0.01567521 0.72156863 0.86274510 0.97254902
v 0.00052876 0.00785322 -0.01922024 0.72156863 0.86274510 0.97254902
v 0.00120830 0.00844639 -0.01988940 0.72156863 0.86274510 0.97254902
v 0.00389767 0.01129083 -0.01988940 0.72156863 0.86274510 0.97254902
v 0.00283570 0.01125615 -0.01673340 0.72156863 0.86274510 0.97254902
v 0.00145297 0.01035425 -0.01567521 0.72156863 0.86274510 0.97254902
v 0.00203588 0.01086185 -0.01567521 0.72156863 0.86274510 0.97254902
v 0.00205335 0.01087689 -0.01567521 0.72156863 0.86274510 0.97254902
v -0.00108527 0.00758497 -0.01567521 0.72156863 0.86274510 0.97254902
v 0.00154447 0.00890428 -0.01988940 0.72156863 0.86274510 0.97254902
v 0.00378355 0.01118446 -0.01988940 0.72156863 0.86274510 0.97254902
v 0.00254270 0.01038894 -0.01871693 0.72156863 0.86274510 0.97254902
v 0.00084848 0.00976339 -0.01567521 0.72156863 0.86274510 0.97254902
v -0.00073368 0.00805788 -0.01567521 0.72156863 0.86274510 0.97254902
v 0.00163391 0.00902338 -0.01988940 0.72156863 0.86274510 0.97254902
v 0.00331271 0.01073466 -0.01988940 0.72156863 0.86274510 0.97254902
v 0.00267224 0.01026059 -0.01946447 0.72156863 0.86274510 0.97254902
v 0.00032624 0.00924422 -0.01567521 0.72156863 0.86274510 0.97254902
v -0.00020321 0.00866262 -0.01567521 0.72156863 0.86274510 0.97254902
v 0.00155578 0.00912975 -0.01945787 0.72156863 0.86274510 0.97254902
v 0.00219317 0.00962579 -0.01988940 0.72156863 0.86274510 0.97254902
v 0.00274728 0.01018659 -0.01988940 0.72156863 0.86274510 0.97254902
v 0.00263214 0.01007212 -0.01988940 0.72156863 0.86274510 0.97254902
v 0.00142419 0.00927082 -0.01871033 0.72156863 0.86274510 0.97254902
f 4504 4505 4508
f 4504 4508 4512
f 4504 4512 4514
f 4504 4514 4509
f 4504 4509 4506
f 4504 4506 4510
f 4504 4510 4516
f 4504 4516 4522
f 4504 4522 4528
f 4504 4528 4538
f 4504 4538 4546
f 4504 4546 4545
f 4504 4545 4544
f 4504 4544 4553
f 4504 4553 4557
f 4504 4557 4561
f 4504 4561 4567
f 4504 4567 4575
f 4504 4575 4574
f 4504 4574 4573
f 4504 4573 4580
f 4504 4580 4585
f 4504 4585 4586
f 4504 4586 4581
f 4504 4581 4576
f 4504 4576 4568
f 4504 4568 4562
f 4504 4562 4558
f 4504 4558 4554
f 4504 4554 4550
f 4504 4550 4539
f 4504 4539 4532
f 4504 4532 4531
f 4504 4531 4529
f 4504 4529 4523
f 4504 4523 4517
f 4504 4517 4511
f 4504 4511 4507
f 4504 4507 4505
f 4505 4507 4508
f 4506 4509 4510
f 4507 4511 4508
f 4508 4511 4513
f 4508 4513 4512
f 4509 4514 4510
f 4510 4514 4515
f 4510 4515 4520
f 4510 4520 4525
f 4510 4525 4535
f 4510 4535 4536
f 4510 4536 4526
f 4510 4526 4521
f 4510 4521 4516
f 4511 4517 4518
f 4511 4518 4513
f 4512 4513 4519
f 4512 4519 4524
f 4512 4524 4533
f 4512 4533 4541
f 4512 4541 4549
f 4512 4549 4548
f 4512 4548 4551
f 4512 4551 4555
f 4512 4555 4559
f 4512 4559 4564
f 4512 4564 4563
f 4512 4563 4570
f 4512 4570 4577
f 4512 4577 4582
f 4512 4582 4588
f 4512 4588 4590
f 4512 4590 4589
f 4512 4589 4583
f 4512 4583 4578
f 4512 4578 4571
f 4512 4571 4565
f 4512 4565 4560
f 4512 4560 4556
f 4512 4556 4552
f 4512 4552 4543
f 4512 4543 4534
f 4512 4534 4525
f 4512 4525 4520
f 4512 4520 4514
f 4513 4518 4519
f 4514 4520 4515
f 4516 4521 4522
f 4517 4523 4518
f 4518 4523 4519
f 4519 4523 4524
f 4521 4526 4527
f 4521 4527 4528
f 4521 4528 4522
f 4523 4529 4530
f 4523 4530 4524
f 4524 4531 4532
f 4524 4532 4533
f 4524 4530 4529
f 4524 4529 4531
f 4525 4534 4535
f 4526 4536 4537
f 4526 4537 4527
f 4527 4537 4538
f 4527 4538 4528
f 4532 4539 4540
f 4532 4540 4533
f 4533 4540 4541
f 4534 4538 4542
f 4534 4542 4535
f 4534 4543 4544
f 4534 4544 4545
f 4534 4545 4546
f 4534 4546 4538
f 4535 4542 4536
f 4536 4542 4537
f 4537 4542 4538
f 4539 4547 4548
f 4539 4548 4549
f 4539 4549 4541
f 4539 4541 4540
f 4539 4550 4551
f 4539 4551 4547
f 4543 4552 4544
f 4544 4552 4553
f 4547 4551 4548
f 4550 4554 4551
f 4551 4554 4555
f 4552 4556 4557
f 4552 4557 4553
f 4554 4558 4555
f 4555 4558 4559
f 4556 4560 4557
f 4557 4560 4561
f 4558 4562 4563
f 4558 4563 4564
f 4558 4564 4559
f 4560 4565 4566
f 4560 4566 4567
f 4560 4567 4561
f 4562 4568 4569
f 4562 4569 4563
f 4563 4569 4570
f 4565 4571 4566
f 4566 4572 4567
f 4566 4571 4573
f 4566 4573 4574
f 4566 4574 4575
f 4566 4575 4572
f 4567 4572 4575
f 4568 4576 4570
f 4568 4570 4569
f 4570 4576 4577
f 4571 4578 4573
f 4573 4579 4580
f 4573 4578 4579
f 4576 4581 4577
f 4577 4581 4582
f 4578 4583 4579
f 4579 4583 4584
f 4579 4584 4580
f 4580 4584 4585
f 4581 4586 4587
f 4581 4587 4582
f 4582 4587 4588
f 4583 4589 4584
f 4584 4589 4590
f 4584 4590 4585
f 4585 4591 4587
f 4585 4587 4586
f 4585 4590 4591
f 4587 4591 4588
f 4588 4591 4590

o geometry_55
v 0.01687392 0.00154216 -0.02763305 0.85490196 0.00784314 0.35686275
v 0.01334631 0.00390624 -0.02763305 0.85490196 0.00784314 0.35686275
v 0.01838449 0.00154216 -0.02763305 0.85490196 0.00784314 0.35686275
v 0.01334631 0.00154216 -0.02136402 0.85490196 0.00784314 0.35686275
v 0.01334631 0.00690224 -0.02763305 0.85490196 0.00784314 0.35686275
v 0.01838449 0.00495411 -0.02763305 0.85490196 0.00784314 0.35686275
v 0.01838449 0.00154216 -0.01988981 0.85490196 0.00784314 0.35686275
v 0.01334631 0.00154216 -0.01988981 0.85490196 0.00784314 0.35686275
v 0.01358796 0.00684625 -0.02763305 0.85490196 0.00784314 0.35686275
v 0.01334631 0.00897108 -0.01988981 0.85490196 0.00784314 0.35686275
v 0.01838449 0.00560494 -0.01988981 0.85490196 0.00784314 0.35686275
f 4592 4593 4596
f 4592 4596 4600
f 4592 4600 4597
f 4592 4597 4594
f 4592 4594 4598
f 4592 4598 4599
f 4592 4599 4595
f 4592 4595 4593
f 4593 4595 4599
f 4593 4599 4601
f 4593 4601 4596
f 4594 4597 4602
f 4594 4602 4598
f 4596 4601 4600
f 4597 4600 4601
f 4597 4601 4602
f 4598 4602 4601
f 4598 4601 4599

o geometry_56
v 0.01838449 0.00154188 -0.01988981 0.72941176 0.16862745 0.51764706
v 0.01334631 0.00154188 -0.01988981 0.72941176 0.16862745 0.51764706
v 0.01838449 -0.00129971 -0.01988981 0.72941176 0.16862745 0.51764706
v 0.01838449 0.00154188 -0.02763305 0.72941176 0.16862745 0.51764706
v 0.01334631 -0.00129888 -0.01988981 0.72941176 0.16862745 0.51764706
v 0.01334631 0.00154188 -0.02136402 0.72941176 0.16862745 0.51764706
v 0.01334779 -0.00129971 -0.01988981 0.72941176 0.16862745 0.51764706
v 0.01838449 -0.00129971 -0.02763305 0.72941176 0.16862745 0.51764706
v 0.01687392 0.00154188 -0.02763305 0.72941176 0.16862745 0.51764706
v 0.01334631 -0.00129971 -0.01994286 0.72941176 0.16862745 0.51764706
v 0.01337047 -0.00129971 -0.02003836 0.72941176 0.16862745 0.51764706
v 0.01334631 -0.00129971 -0.01998455 0.72941176 0.16862745 0.51764706
v 0.01692028 -0.00129971 -0.02763305 0.72941176 0.16862745 0.51764706
v 0.01601285 -0.00129971 -0.02570330 0.72941176 0.16862745 0.51764706
f 4603 4604 4607
f 4603 4607 4609
f 4603 4609 4605
f 4603 4605 4610
f 4603 4610 4606
f 4603 4606 4611
f 4603 4611 4608
f 4603 4608 4604
f 4604 4608 4614
f 4604 4614 4612
f 4604 4612 4607
f 4605 4609 4612
f 4605 4612 4614
f 4605 4614 4613
f 4605 4613 4616
f 4605 4616 4615
f 4605 4615 4610
f 4606 4610 4615
f 4606 4615 4611
f 4607 4612 4609
f 4608 4613 4614
f 4608 4611 4615
f 4608 4615 4616
f 4608 4616 4613

o geometry_57
v 0.01126983 0.01022812 -0.01988981 0.05098039 0.19607843 0.01568627
v 0.01069994 0.01012425 -0.02009286 0.05098039 0.19607843 0.01568627
v 0.01069994 0.01014822 -0.01988981 0.05098039 0.19607843 0.01568627
v 0.01201095 0.01020015 -0.01988981 0.05098039 0.19607843 0.01568627
v 0.01069994 0.00963485 -0.02121665 0.05098039 0.19607843 0.01568627
v 0.01069994 0.00313682 -0.01988981 0.05098039 0.19607843 0.01568627
v 0.01224745 0.01008729 -0.01988981 0.05098039 0.19607843 0.01568627
v 0.01219927 0.01006232 -0.02008881 0.05098039 0.19607843 0.01568627
v 0.01069994 0.00782806 -0.02448942 0.05098039 0.19607843 0.01568627
v 0.01069994 0.00378902 -0.02448942 0.05098039 0.19607843 0.01568627
v 0.01334631 0.00002563 -0.01988981 0.05098039 0.19607843 0.01568627
v 0.01283962 0.00962686 -0.01988981 0.05098039 0.19607843 0.01568627
v 0.01292355 0.00949502 -0.02009736 0.05098039 0.19607843 0.01568627
v 0.01280569 0.00928827 -0.02075651 0.05098039 0.19607843 0.01568627
v 0.01334631 0.00668047 -0.02448942 0.05098039 0.19607843 0.01568627
v 0.01282149 0.00697511 -0.02448942 0.05098039 0.19607843 0.01568627
v 0.01275543 0.00701206 -0.02448942 0.05098039 0.19607843 0.01568627
v 0.01217933 0.00727774 -0.02448942 0.05098039 0.19607843 0.01568627
v 0.01208944 0.00731369 -0.02448942 0.05098039 0.19607843 0.01568627
v 0.01106726 0.00769223 -0.02448942 0.05098039 0.19607843 0.01568627
v 0.01334631 0.00310985 -0.02448942 0.05098039 0.19607843 0.01568627
v 0.01334631 0.00897066 -0.01988981 0.05098039 0.19607843 0.01568627
v 0.01295619 0.00952298 -0.01988981 0.05098039 0.19607843 0.01568627
v 0.01305981 0.00939214 -0.01988981 0.05098039 0.19607843 0.01568627
v 0.01334631 0.00885580 -0.02013518 0.05098039 0.19607843 0.01568627
f 4617 4618 4619
f 4617 4619 4622
f 4617 4622 4627
f 4617 4627 4638
f 4617 4638 4640
f 4617 4640 4639
f 4617 4639 4628
f 4617 4628 4623
f 4617 4623 4620
f 4617 4620 4621
f 4617 4621 4618
f 4618 4621 4625
f 4618 4625 4626
f 4618 4626 4622
f 4618 4622 4619
f 4620 4623 4624
f 4620 4624 4625
f 4620 4625 4621
f 4622 4626 4627
f 4623 4628 4624
f 4624 4628 4629
f 4624 4629 4630
f 4624 4630 4631
f 4624 4631 4632
f 4624 4632 4633
f 4624 4633 4634
f 4624 4634 4635
f 4624 4635 4636
f 4624 4636 4625
f 4625 4636 4635
f 4625 4635 4634
f 4625 4634 4633
f 4625 4633 4632
f 4625 4632 4631
f 4625 4631 4637
f 4625 4637 4626
f 4626 4637 4627
f 4627 4637 4631
f 4627 4631 4641
f 4627 4641 4638
f 4628 4639 4629
f 4629 4639 4640
f 4629 4640 4641
f 4629 4641 4631
f 4629 4631 4630
f 4638 4641 4640

o geometry_58
v 0.01069994 0.00782867 -0.02448942 0.79215686 0.22352941 0.34509804
v 0.01208944 0.00731452 -0.02448942 0.79215686 0.22352941 0.34509804
v 0.01334631 0.00690235 -0.02763305 0.79215686 0.22352941 0.34509804
v 0.01312586 0.00697056 -0.02763305 0.79215686 0.22352941 0.34509804
v 0.01291474 0.00701580 -0.02763305 0.79215686 0.22352941 0.34509804
v 0.01069994 0.00745886 -0.02763305 0.79215686 0.22352941 0.34509804
v 0.01069994 0.00378948 -0.02448942 0.79215686 0.22352941 0.34509804
v 0.01217933 0.00727790 -0.02448942 0.79215686 0.22352941 0.34509804
v 0.01275543 0.00701221 -0.02448942 0.79215686 0.22352941 0.34509804
v 0.01282149 0.00697559 -0.02448942 0.79215686 0.22352941 0.34509804
v 0.01334631 0.00668118 -0.02448942 0.79215686 0.22352941 0.34509804
v 0.01334631 0.00390581 -0.02763305 0.79215686 0.22352941 0.34509804
v 0.01069994 0.00049279 -0.02763305 0.79215686 0.22352941 0.34509804
v 0.01069994 0.00224131 -0.02501253 0.79215686 0.22352941 0.34509804
v 0.01334631 0.00310946 -0.02448942 0.79215686 0.22352941 0.34509804
v 0.01283574 0.00217955 -0.02763305 0.79215686 0.22352941 0.34509804
v 0.01206794 0.00111680 -0.02763305 0.79215686 0.22352941 0.34509804
v 0.01185708 0.00115917 -0.02716070 0.79215686 0.22352941 0.34509804
v 0.01069994 0.00079367 -0.02681144 0.79215686 0.22352941 0.34509804
v 0.01069994 0.00150743 -0.02574367 0.79215686 0.22352941 0.34509804
v 0.01069994 0.00122667 -0.02613324 0.79215686 0.22352941 0.34509804
v 0.01254872 0.00155555 -0.02763305 0.79215686 0.22352941 0.34509804
v 0.01260441 0.00163238 -0.02758073 0.79215686 0.22352941 0.34509804
v 0.01264949 0.00167762 -0.02763305 0.79215686 0.22352941 0.34509804
f 4642 4643 4644
f 4642 4644 4645
f 4642 4645 4646
f 4642 4646 4647
f 4642 4647 4654
f 4642 4654 4660
f 4642 4660 4662
f 4642 4662 4661
f 4642 4661 4655
f 4642 4655 4648
f 4642 4648 4656
f 4642 4656 4652
f 4642 4652 4651
f 4642 4651 4650
f 4642 4650 4649
f 4642 4649 4643
f 4643 4649 4644
f 4644 4649 4650
f 4644 4650 4651
f 4644 4651 4652
f 4644 4652 4656
f 4644 4656 4653
f 4644 4653 4657
f 4644 4657 4665
f 4644 4665 4663
f 4644 4663 4658
f 4644 4658 4654
f 4644 4654 4647
f 4644 4647 4646
f 4644 4646 4645
f 4648 4655 4656
f 4653 4656 4657
f 4654 4658 4659
f 4654 4659 4660
f 4655 4661 4656
f 4656 4661 4662
f 4656 4662 4660
f 4656 4660 4659
f 4656 4659 4658
f 4656 4658 4663
f 4656 4663 4664
f 4656 4664 4665
f 4656 4665 4657
f 4663 4665 4664

o geometry_59
v -0.00171175 0.00077411 -0.01988981 0.92549020 0.70196078 0.03137255
v -0.00017487 0.00077411 -0.02343755 0.92549020 0.70196078 0.03137255
v 0.00626181 0.00077411 -0.01988981 0.92549020 0.70196078 0.03137255
v -0.00169596 0.00095161 -0.01988981 0.92549020 0.70196078 0.03137255
v 0.00855195 0.00077411 -0.02343755 0.92549020 0.70196078 0.03137255
v -0.00005945 0.00187733 -0.02343755 0.92549020 0.70196078 0.03137255
v 0.00784243 0.00077411 -0.02232408 0.92549020 0.70196078 0.03137255
v 0.01069994 0.00313711 -0.01988981 0.92549020 0.70196078 0.03137255
v -0.00157325 0.00187610 -0.01988981 0.92549020 0.70196078 0.03137255
v 0.01069994 0.00393341 -0.02343755 0.92549020 0.70196078 0.03137255
v -0.00005581 0.00189952 -0.02343755 0.92549020 0.70196078 0.03137255
v 0.01069994 0.01014723 -0.01988981 0.92549020 0.70196078 0.03137255
v -0.00132662 0.00301754 -0.01988981 0.92549020 0.70196078 0.03137255
v 0.00014708 0.00303233 -0.02343755 0.92549020 0.70196078 0.03137255
v 0.01069994 0.00822306 -0.02343755 0.92549020 0.70196078 0.03137255
v 0.01069994 0.01013614 -0.01998775 0.92549020 0.70196078 0.03137255
v 0.00920194 0.01220947 -0.02121825 0.92549020 0.70196078 0.03137255
v 0.00864064 0.01292318 -0.02121825 0.92549020 0.70196078 0.03137255
v 0.00850700 0.01286894 -0.01988981 0.92549020 0.70196078 0.03137255
v -0.00101439 0.00410228 -0.01988981 0.92549020 0.70196078 0.03137255
v 0.00033540 0.00377193 -0.02343755 0.92549020 0.70196078 0.03137255
v 0.00892615 0.01192473 -0.02343755 0.92549020 0.70196078 0.03137255
v 0.00939997 0.01143783 -0.02293638 0.92549020 0.70196078 0.03137255
v 0.01069994 0.00963445 -0.02121652 0.92549020 0.70196078 0.03137255
v 0.01069994 0.01012381 -0.02009298 0.92549020 0.70196078 0.03137255
v 0.00913147 0.01215277 -0.02233936 0.92549020 0.70196078 0.03137255
v 0.00857139 0.01286401 -0.02233936 0.92549020 0.70196078 0.03137255
v 0.00769300 0.01336694 -0.02121825 0.92549020 0.70196078 0.03137255
v 0.00769300 0.01334105 -0.01988981 0.92549020 0.70196078 0.03137255
v 0.00836971 0.01295769 -0.01988981 0.92549020 0.70196078 0.03137255
v -0.00077383 0.00480736 -0.01988981 0.92549020 0.70196078 0.03137255
v -0.00064748 0.00445852 -0.02049655 0.92549020 0.70196078 0.03137255
v 0.00049577 0.00429334 -0.02343755 0.92549020 0.70196078 0.03137255
v 0.00047511 0.00422924 -0.02343755 0.92549020 0.70196078 0.03137255
v 0.00044839 0.00414419 -0.02343755 0.92549020 0.70196078 0.03137255
v 0.00843896 0.01273335 -0.02343755 0.92549020 0.70196078 0.03137255
v 0.00946801 0.01159191 -0.02233936 0.92549020 0.70196078 0.03137255
v 0.00842681 0.01274814 -0.02343755 0.92549020 0.70196078 0.03137255
v 0.00769300 0.01324983 -0.02233936 0.92549020 0.70196078 0.03137255
v 0.00657283 0.01316601 -0.02009715 0.92549020 0.70196078 0.03137255
v 0.00657283 0.01318204 -0.01988981 0.92549020 0.70196078 0.03137255
v 0.00748646 0.01332503 -0.01988981 0.92549020 0.70196078 0.03137255
v -0.00068393 0.00502924 -0.01988981 0.92549020 0.70196078 0.03137255
v 0.00084324 0.00524249 -0.02343755 0.92549020 0.70196078 0.03137255
v 0.00040708 0.00467547 -0.02289714 0.92549020 0.70196078 0.03137255
v 0.00769300 0.01305631 -0.02343755 0.92549020 0.70196078 0.03137255
v 0.00672470 0.01283443 -0.02343755 0.92549020 0.70196078 0.03137255
v 0.00657283 0.01304768 -0.02121825 0.92549020 0.70196078 0.03137255
v 0.00639788 0.01309329 -0.01988981 0.92549020 0.70196078 0.03137255
v -0.00058795 0.00525358 -0.01988981 0.92549020 0.70196078 0.03137255
v -0.00053935 0.00536699 -0.01988981 0.92549020 0.70196078 0.03137255
v 0.00132921 0.00633955 -0.02343755 0.92549020 0.70196078 0.03137255
v 0.00616705 0.01239067 -0.02343755 0.92549020 0.70196078 0.03137255
v 0.00444671 0.01172873 -0.01988981 0.92549020 0.70196078 0.03137255
v 0.00503352 0.01218359 -0.01988981 0.92549020 0.70196078 0.03137255
v 0.00518903 0.01229822 -0.01988981 0.92549020 0.70196078 0.03137255
v 0.00577706 0.01269637 -0.02009715 0.92549020 0.70196078 0.03137255
v 0.00575033 0.01271116 -0.01988981 0.92549020 0.70196078 0.03137255
v -0.00004852 0.00641105 -0.01988981 0.92549020 0.70196078 0.03137255
v 0.00133528 0.00635311 -0.02343755 0.92549020 0.70196078 0.03137255
v 0.00615368 0.01237958 -0.02343755 0.92549020 0.70196078 0.03137255
v 0.00389878 0.01129114 -0.01988981 0.92549020 0.70196078 0.03137255
v 0.00030745 0.00708038 -0.01988981 0.92549020 0.70196078 0.03137255
v 0.00044353 0.00684741 -0.02056462 0.92549020 0.70196078 0.03137255
v 0.00157098 0.00683138 -0.02343755 0.92549020 0.70196078 0.03137255
v 0.00553164 0.01183104 -0.02343755 0.92549020 0.70196078 0.03137255
v 0.00498249 0.01133921 -0.02343755 0.92549020 0.70196078 0.03137255
v 0.00497034 0.01132812 -0.02343755 0.92549020 0.70196078 0.03137255
v 0.00495698 0.01131579 -0.02343755 0.92549020 0.70196078 0.03137255
v 0.00378458 0.01118390 -0.01988981 0.92549020 0.70196078 0.03137255
v 0.00037306 0.00718639 -0.01988981 0.92549020 0.70196078 0.03137255
v 0.00245302 0.00832413 -0.02343755 0.92549020 0.70196078 0.03137255
v 0.00220760 0.00792475 -0.02343755 0.92549020 0.70196078 0.03137255
v 0.00189415 0.00741197 -0.02343755 0.92549020 0.70196078 0.03137255
v 0.00331440 0.01073521 -0.01988981 0.92549020 0.70196078 0.03137255
v 0.00444428 0.01076726 -0.02343755 0.92549020 0.70196078 0.03137255
v 0.00219424 0.00962582 -0.01988981 0.92549020 0.70196078 0.03137255
v 0.00263404 0.01007204 -0.01988981 0.92549020 0.70196078 0.03137255
v 0.00274824 0.01018668 -0.01988981 0.92549020 0.70196078 0.03137255
v 0.00062577 0.00758577 -0.01988981 0.92549020 0.70196078 0.03137255
v 0.00142154 0.00819594 -0.02092687 0.92549020 0.70196078 0.03137255
v 0.00125996 0.00841165 -0.02009715 0.92549020 0.70196078 0.03137255
v 0.00284179 0.00887390 -0.02343755 0.92549020 0.70196078 0.03137255
v 0.00389635 0.01016203 -0.02343755 0.92549020 0.70196078 0.03137255
v 0.00163416 0.00902305 -0.01988981 0.92549020 0.70196078 0.03137255
v 0.00120772 0.00844617 -0.01988981 0.92549020 0.70196078 0.03137255
v 0.00154425 0.00890472 -0.01988981 0.92549020 0.70196078 0.03137255
v 0.00284908 0.00888376 -0.02343755 0.92549020 0.70196078 0.03137255
v 0.00388420 0.01014847 -0.02343755 0.92549020 0.70196078 0.03137255
v 0.00257694 0.00924616 -0.02196670 0.92549020 0.70196078 0.03137255
v 0.00167182 0.00897251 -0.02009715 0.92549020 0.70196078 0.03137255
v 0.00387327 0.01013614 -0.02343755 0.92549020 0.70196078 0.03137255
v 0.00340916 0.00958761 -0.02343755 0.92549020 0.70196078 0.03137255
f 4666 4667 4670
f 4666 4670 4672
f 4666 4672 4668
f 4666 4668 4673
f 4666 4673 4677
f 4666 4677 4684
f 4666 4684 4695
f 4666 4695 4694
f 4666 4694 4707
f 4666 4707 4706
f 4666 4706 4714
f 4666 4714 4723
f 4666 4723 4721
f 4666 4721 4720
f 4666 4720 4719
f 4666 4719 4727
f 4666 4727 4735
f 4666 4735 4740
f 4666 4740 4744
f 4666 4744 4743
f 4666 4743 4742
f 4666 4742 4750
f 4666 4750 4752
f 4666 4752 4751
f 4666 4751 4745
f 4666 4745 4736
f 4666 4736 4728
f 4666 4728 4724
f 4666 4724 4716
f 4666 4716 4715
f 4666 4715 4708
f 4666 4708 4696
f 4666 4696 4685
f 4666 4685 4678
f 4666 4678 4674
f 4666 4674 4669
f 4666 4669 4667
f 4667 4669 4671
f 4667 4671 4676
f 4667 4676 4679
f 4667 4679 4686
f 4667 4686 4700
f 4667 4700 4699
f 4667 4699 4698
f 4667 4698 4709
f 4667 4709 4717
f 4667 4717 4725
f 4667 4725 4730
f 4667 4730 4739
f 4667 4739 4738
f 4667 4738 4737
f 4667 4737 4748
f 4667 4748 4753
f 4667 4753 4758
f 4667 4758 4757
f 4667 4757 4754
f 4667 4754 4749
f 4667 4749 4741
f 4667 4741 4734
f 4667 4734 4733
f 4667 4733 4732
f 4667 4732 4731
f 4667 4731 4726
f 4667 4726 4718
f 4667 4718 4712
f 4667 4712 4711
f 4667 4711 4703
f 4667 4703 4701
f 4667 4701 4687
f 4667 4687 4680
f 4667 4680 4675
f 4667 4675 4670
f 4668 4672 4673
f 4669 4674 4671
f 4670 4675 4673
f 4670 4673 4672
f 4671 4674 4676
f 4673 4675 4680
f 4673 4680 4689
f 4673 4689 4690
f 4673 4690 4681
f 4673 4681 4677
f 4674 4678 4679
f 4674 4679 4676
f 4677 4681 4682
f 4677 4682 4683
f 4677 4683 4684
f 4678 4685 4686
f 4678 4686 4679
f 4680 4687 4688
f 4680 4688 4689
f 4681 4690 4682
f 4682 4690 4691
f 4682 4691 4683
f 4683 4691 4692
f 4683 4692 4693
f 4683 4693 4694
f 4683 4694 4695
f 4683 4695 4684
f 4685 4696 4697
f 4685 4697 4698
f 4685 4698 4699
f 4685 4699 4700
f 4685 4700 4686
f 4687 4701 4688
f 4688 4701 4691
f 4688 4691 4702
f 4688 4702 4689
f 4689 4702 4690
f 4690 4702 4691
f 4691 4701 4692
f 4692 4701 4703
f 4692 4703 4704
f 4692 4704 4693
f 4693 4704 4705
f 4693 4705 4706
f 4693 4706 4707
f 4693 4707 4694
f 4696 4708 4709
f 4696 4709 4710
f 4696 4710 4697
f 4697 4710 4698
f 4698 4710 4709
f 4703 4711 4704
f 4704 4711 4712
f 4704 4712 4713
f 4704 4713 4705
f 4705 4713 4714
f 4705 4714 4706
f 4708 4715 4709
f 4709 4715 4716
f 4709 4716 4717
f 4712 4718 4719
f 4712 4719 4720
f 4712 4720 4721
f 4712 4721 4722
f 4712 4722 4723
f 4712 4723 4713
f 4713 4723 4714
f 4716 4724 4725
f 4716 4725 4717
f 4718 4726 4727
f 4718 4727 4719
f 4721 4723 4722
f 4724 4728 4729
f 4724 4729 4730
f 4724 4730 4725
f 4726 4731 4727
f 4727 4731 4732
f 4727 4732 4733
f 4727 4733 4734
f 4727 4734 4735
f 4728 4736 4737
f 4728 4737 4738
f 4728 4738 4739
f 4728 4739 4729
f 4729 4739 4730
f 4734 4740 4735
f 4734 4741 4742
f 4734 4742 4743
f 4734 4743 4744
f 4734 4744 4740
f 4736 4745 4737
f 4737 4745 4746
f 4737 4746 4747
f 4737 4747 4748
f 4741 4749 4750
f 4741 4750 4742
f 4745 4751 4747
f 4745 4747 4746
f 4747 4751 4748
f 4748 4752 4753
f 4748 4751 4752
f 4749 4754 4750
f 4750 4755 4756
f 4750 4756 4752
f 4750 4754 4757
f 4750 4757 4755
f 4752 4756 4753
f 4753 4756 4755
f 4753 4755 4758
f 4755 4757 4758

o geometry_60
v 0.00855213 0.00077411 -0.02343755 0.16078431 0.61960784 0.57647059
v 0.00784228 0.00077411 -0.02232408 0.16078431 0.61960784 0.57647059
v 0.01069872 -0.00179555 -0.01988981 0.16078431 0.61960784 0.57647059
v 0.01069872 -0.00120677 -0.02233728 0.16078431 0.61960784 0.57647059
v 0.01069872 -0.00102013 -0.02330800 0.16078431 0.61960784 0.57647059
v 0.01069872 -0.00101340 -0.02343755 0.16078431 0.61960784 0.57647059
v -0.00017427 0.00077411 -0.02343755 0.16078431 0.61960784 0.57647059
v 0.00626186 0.00077411 -0.01988981 0.16078431 0.61960784 0.57647059
v 0.01069872 -0.00892536 -0.01988981 0.16078431 0.61960784 0.57647059
v 0.01069872 -0.00905427 -0.02343755 0.16078431 0.61960784 0.57647059
v -0.00017670 0.00075390 -0.02343755 0.16078431 0.61960784 0.57647059
v -0.00018279 0.00077411 -0.02341844 0.16078431 0.61960784 0.57647059
v -0.00171086 0.00077411 -0.01988981 0.16078431 0.61960784 0.57647059
v 0.01069872 -0.00893594 -0.02009715 0.16078431 0.61960784 0.57647059
v 0.01000836 -0.00882049 -0.01988981 0.16078431 0.61960784 0.57647059
v 0.00995356 -0.00889265 -0.02343755 0.16078431 0.61960784 0.57647059
v 0.01069872 -0.00901868 -0.02233936 0.16078431 0.61960784 0.57647059
v 0.00952254 -0.00875411 -0.02009715 0.16078431 0.61960784 0.57647059
v 0.00881513 -0.00862616 -0.01988981 0.16078431 0.61960784 0.57647059
v 0.00881513 -0.00863193 -0.02009715 0.16078431 0.61960784 0.57647059
v 0.00769373 -0.00840969 -0.01988981 0.16078431 0.61960784 0.57647059
v 0.00769373 -0.00840969 -0.02009715 0.16078431 0.61960784 0.57647059
v -0.00020714 -0.00033996 -0.02343755 0.16078431 0.61960784 0.57647059
v -0.00173399 0.00006314 -0.01988981 0.16078431 0.61960784 0.57647059
v -0.00171451 0.00073658 -0.01988981 0.16078431 0.61960784 0.57647059
v 0.01069872 -0.00898116 -0.02121825 0.16078431 0.61960784 0.57647059
v 0.00955176 -0.00875026 -0.01988981 0.16078431 0.61960784 0.57647059
v 0.00940444 -0.00876950 -0.02343755 0.16078431 0.61960784 0.57647059
v 0.00657234 -0.00814705 -0.01988981 0.16078431 0.61960784 0.57647059
v -0.00020714 -0.00036786 -0.02343755 0.16078431 0.61960784 0.57647059
v -0.00173764 -0.00036786 -0.01988981 0.16078431 0.61960784 0.57647059
v 0.00881513 -0.00861076 -0.02343755 0.16078431 0.61960784 0.57647059
v 0.00657234 -0.00813839 -0.02009715 0.16078431 0.61960784 0.57647059
v 0.00540712 -0.00780071 -0.01988981 0.16078431 0.61960784 0.57647059
v -0.00012922 -0.00145979 -0.02343755 0.16078431 0.61960784 0.57647059
v -0.00166215 -0.00132799 -0.01988981 0.16078431 0.61960784 0.57647059
v 0.00769373 -0.00827116 -0.02343755 0.16078431 0.61960784 0.57647059
v 0.00527197 -0.00775742 -0.01988981 0.16078431 0.61960784 0.57647059
v -0.00012678 -0.00148865 -0.02343755 0.16078431 0.61960784 0.57647059
v -0.00163658 -0.00150405 -0.01988981 0.16078431 0.61960784 0.57647059
v 0.00648955 -0.00784400 -0.02343755 0.16078431 0.61960784 0.57647059
v 0.00454873 -0.00748804 -0.01988981 0.16078431 0.61960784 0.57647059
v 0.00499436 -0.00761600 -0.02030796 0.16078431 0.61960784 0.57647059
v 0.00007290 -0.00256520 -0.02343755 0.16078431 0.61960784 0.57647059
v -0.00072218 -0.00207936 -0.02179721 0.16078431 0.61960784 0.57647059
v -0.00145273 -0.00234681 -0.01988981 0.16078431 0.61960784 0.57647059
v 0.00643232 -0.00782284 -0.02343755 0.16078431 0.61960784 0.57647059
v 0.00441723 -0.00743802 -0.01988981 0.16078431 0.61960784 0.57647059
v 0.00595625 -0.00767757 -0.02311142 0.16078431 0.61960784 0.57647059
v 0.00009482 -0.00267776 -0.02343755 0.16078431 0.61960784 0.57647059
v -0.00137480 -0.00262869 -0.01988981 0.16078431 0.61960784 0.57647059
v 0.00557393 -0.00747650 -0.02343755 0.16078431 0.61960784 0.57647059
v 0.00552157 -0.00745437 -0.02343755 0.16078431 0.61960784 0.57647059
v 0.00313024 -0.00688772 -0.01988981 0.16078431 0.61960784 0.57647059
v 0.00019344 -0.00296734 -0.02343755 0.16078431 0.61960784 0.57647059
v -0.00077332 -0.00327808 -0.02080079 0.16078431 0.61960784 0.57647059
v -0.00107041 -0.00336467 -0.01988981 0.16078431 0.61960784 0.57647059
v 0.00027380 -0.00342143 -0.02324340 0.16078431 0.61960784 0.57647059
v 0.00423215 -0.00684924 -0.02343755 0.16078431 0.61960784 0.57647059
v 0.00252876 -0.00660488 -0.01988981 0.16078431 0.61960784 0.57647059
v 0.00046740 -0.00363885 -0.02343755 0.16078431 0.61960784 0.57647059
v -0.00091699 -0.00352341 -0.02009715 0.16078431 0.61960784 0.57647059
v -0.00096326 -0.00358690 -0.01988981 0.16078431 0.61960784 0.57647059
v 0.00398133 -0.00672321 -0.02343755 0.16078431 0.61960784 0.57647059
v 0.00251050 -0.00659525 -0.01988981 0.16078431 0.61960784 0.57647059
v 0.00366354 -0.00658948 -0.02326528 0.16078431 0.61960784 0.57647059
v 0.00057089 -0.00382453 -0.02343755 0.16078431 0.61960784 0.57647059
v -0.00084150 -0.00379471 -0.01988981 0.16078431 0.61960784 0.57647059
v 0.00343220 -0.00642978 -0.02343755 0.16078431 0.61960784 0.57647059
v 0.00203442 -0.00633935 -0.01988981 0.16078431 0.61960784 0.57647059
v 0.00116020 -0.00466248 -0.02343755 0.16078431 0.61960784 0.57647059
v 0.00048322 -0.00416798 -0.02269639 0.16078431 0.61960784 0.57647059
v -0.00062599 -0.00415355 -0.01988981 0.16078431 0.61960784 0.57647059
v 0.00322522 -0.00631626 -0.02343755 0.16078431 0.61960784 0.57647059
v 0.00124299 -0.00583619 -0.01988981 0.16078431 0.61960784 0.57647059
v 0.00119429 -0.00469904 -0.02343755 0.16078431 0.61960784 0.57647059
v -0.00026559 -0.00455762 -0.01988981 0.16078431 0.61960784 0.57647059
v 0.00107375 -0.00572844 -0.01988981 0.16078431 0.61960784 0.57647059
v 0.00226820 -0.00569573 -0.02343755 0.16078431 0.61960784 0.57647059
v 0.00170933 -0.00524164 -0.02343755 0.16078431 0.61960784 0.57647059
v -0.00005982 -0.00475580 -0.01988981 0.16078431 0.61960784 0.57647059
v 0.00089964 -0.00560434 -0.01988981 0.16078431 0.61960784 0.57647059
v 0.00225115 -0.00568419 -0.02343755 0.16078431 0.61960784 0.57647059
v 0.00158635 -0.00536093 -0.02273981 0.16078431 0.61960784 0.57647059
v 0.00052097 -0.00530995 -0.01988981 0.16078431 0.61960784 0.57647059
v 0.00145607 -0.00547157 -0.02199205 0.16078431 0.61960784 0.57647059
f 4759 4760 4761
f 4759 4761 4762
f 4759 4762 4763
f 4759 4763 4764
f 4759 4764 4768
f 4759 4768 4774
f 4759 4774 4786
f 4759 4786 4790
f 4759 4790 4795
f 4759 4795 4799
f 4759 4799 4805
f 4759 4805 4810
f 4759 4810 4811
f 4759 4811 4817
f 4759 4817 4822
f 4759 4822 4827
f 4759 4827 4832
f 4759 4832 4837
f 4759 4837 4841
f 4759 4841 4838
f 4759 4838 4834
f 4759 4834 4829
f 4759 4829 4825
f 4759 4825 4819
f 4759 4819 4813
f 4759 4813 4808
f 4759 4808 4802
f 4759 4802 4797
f 4759 4797 4793
f 4759 4793 4788
f 4759 4788 4781
f 4759 4781 4769
f 4759 4769 4765
f 4759 4765 4770
f 4759 4770 4771
f 4759 4771 4766
f 4759 4766 4760
f 4760 4766 4761
f 4761 4767 4772
f 4761 4772 4784
f 4761 4784 4775
f 4761 4775 4768
f 4761 4768 4764
f 4761 4764 4763
f 4761 4763 4762
f 4761 4766 4771
f 4761 4771 4783
f 4761 4783 4782
f 4761 4782 4789
f 4761 4789 4794
f 4761 4794 4798
f 4761 4798 4804
f 4761 4804 4809
f 4761 4809 4815
f 4761 4815 4821
f 4761 4821 4826
f 4761 4826 4831
f 4761 4831 4835
f 4761 4835 4839
f 4761 4839 4843
f 4761 4843 4840
f 4761 4840 4836
f 4761 4836 4833
f 4761 4833 4828
f 4761 4828 4823
f 4761 4823 4818
f 4761 4818 4812
f 4761 4812 4806
f 4761 4806 4800
f 4761 4800 4796
f 4761 4796 4792
f 4761 4792 4787
f 4761 4787 4779
f 4761 4779 4777
f 4761 4777 4785
f 4761 4785 4773
f 4761 4773 4767
f 4765 4769 4770
f 4767 4773 4772
f 4768 4775 4776
f 4768 4776 4777
f 4768 4777 4778
f 4768 4778 4779
f 4768 4779 4780
f 4768 4780 4774
f 4769 4781 4782
f 4769 4782 4783
f 4769 4783 4771
f 4769 4771 4770
f 4772 4773 4785
f 4772 4785 4776
f 4772 4776 4784
f 4774 4780 4786
f 4775 4784 4776
f 4776 4785 4777
f 4777 4779 4778
f 4779 4787 4780
f 4780 4787 4786
f 4781 4788 4789
f 4781 4789 4782
f 4786 4787 4790
f 4787 4791 4790
f 4787 4792 4791
f 4788 4793 4789
f 4789 4793 4794
f 4790 4791 4792
f 4790 4792 4795
f 4792 4796 4795
f 4793 4797 4794
f 4794 4797 4798
f 4795 4796 4799
f 4796 4800 4801
f 4796 4801 4799
f 4797 4802 4803
f 4797 4803 4798
f 4798 4803 4804
f 4799 4801 4805
f 4800 4806 4801
f 4801 4806 4807
f 4801 4807 4805
f 4802 4808 4803
f 4803 4808 4804
f 4804 4808 4809
f 4805 4807 4810
f 4806 4811 4810
f 4806 4810 4807
f 4806 4812 4811
f 4808 4813 4809
f 4809 4814 4815
f 4809 4813 4816
f 4809 4816 4814
f 4811 4812 4817
f 4812 4818 4817
f 4813 4819 4816
f 4814 4820 4815
f 4814 4816 4819
f 4814 4819 4820
f 4815 4820 4821
f 4817 4818 4822
f 4818 4823 4824
f 4818 4824 4822
f 4819 4825 4820
f 4820 4825 4821
f 4821 4825 4826
f 4822 4824 4827
f 4823 4828 4824
f 4824 4828 4827
f 4825 4829 4830
f 4825 4830 4826
f 4826 4830 4831
f 4827 4828 4832
f 4828 4833 4832
f 4829 4834 4835
f 4829 4835 4831
f 4829 4831 4830
f 4832 4833 4836
f 4832 4836 4837
f 4834 4838 4835
f 4835 4838 4839
f 4836 4840 4841
f 4836 4841 4837
f 4838 4841 4842
f 4838 4842 4839
f 4839 4842 4843
f 4840 4844 4841
f 4840 4843 4844
f 4841 4844 4842
f 4842 4844 4843

o geometry_61
v 0.03458947 0.00073323 -0.02784685 0.23529412 0.93333333 0.61176471
v 0.03458947 0.00093444 -0.02799957 0.23529412 0.93333333 0.61176471
v 0.03458947 -0.00036149 -0.02790734 0.23529412 0.93333333 0.61176471
v 0.03522737 -0.00004872 -0.02844259 0.23529412 0.93333333 0.61176471
v 0.03522737 0.00033479 -0.02844259 0.23529412 0.93333333 0.61176471
v 0.03634660 0.00030789 -0.02956527 0.23529412 0.93333333 0.61176471
v 0.03769569 0.00054895 -0.03151050 0.23529412 0.93333333 0.61176471
v 0.03501251 0.00108187 -0.02868830 0.23529412 0.93333333 0.61176471
v 0.03532563 0.00139166 -0.02943600 0.23529412 0.93333333 0.61176471
v 0.03458947 0.00141756 -0.02908067 0.23529412 0.93333333 0.61176471
v 0.03458947 -0.00148909 -0.02833070 0.23529412 0.93333333 0.61176471
v 0.03635271 -0.00216346 -0.02957359 0.23529412 0.93333333 0.61176471
v 0.03638880 -0.00148909 -0.02953957 0.23529412 0.93333333 0.61176471
v 0.03638435 -0.00036747 -0.02953277 0.23529412 0.93333333 0.61176471
v 0.03739811 -0.00014335 -0.03076356 0.23529412 0.93333333 0.61176471
v 0.03869390 0.00041746 -0.03274129 0.23529412 0.93333333 0.61176471
v 0.03799326 0.00085675 -0.03233985 0.23529412 0.93333333 0.61176471
v 0.03754301 0.00136377 -0.03268534 0.23529412 0.93333333 0.61176471
v 0.03458947 0.00141955 -0.02909655 0.23529412 0.93333333 0.61176471
v 0.03829028 0.00116454 -0.03335517 0.23529412 0.93333333 0.61176471
v 0.03458947 -0.00262565 -0.02881833 0.23529412 0.93333333 0.61176471
v 0.03459224 -0.00262266 -0.02881833 0.23529412 0.93333333 0.61176471
v 0.03569316 -0.00256688 -0.02940349 0.23529412 0.93333333 0.61176471
v 0.03529676 -0.00326416 -0.02955923 0.23529412 0.93333333 0.61176471
v 0.03604403 -0.00291153 -0.02983366 0.23529412 0.93333333 0.61176471
v 0.03640434 -0.00329205 -0.03058135 0.23529412 0.93333333 0.61176471
v 0.03659366 -0.00256688 -0.03020032 0.23529412 0.93333333 0.61176471
v 0.03986865 -0.00353012 -0.03556954 0.23529412 0.93333333 0.61176471
v 0.03970876 -0.00326814 -0.03515902 0.23529412 0.93333333 0.61176471
v 0.03959995 -0.00188156 -0.03418376 0.23529412 0.93333333 0.61176471
v 0.03931514 -0.00150005 -0.03360768 0.23529412 0.93333333 0.61176471
v 0.03970154 -0.00113448 -0.03401895 0.23529412 0.93333333 0.61176471
v 0.03736313 -0.00168433 -0.03084747 0.23529412 0.93333333 0.61176471
v 0.03701393 -0.00138151 -0.03030012 0.23529412 0.93333333 0.61176471
v 0.03740977 -0.00093625 -0.03074843 0.23529412 0.93333333 0.61176471
v 0.03740977 -0.00089142 -0.03074843 0.23529412 0.93333333 0.61176471
v 0.03703114 -0.00045712 -0.03030012 0.23529412 0.93333333 0.61176471
v 0.03774954 -0.00045712 -0.03120658 0.23529412 0.93333333 0.61176471
v 0.03839465 -0.00036747 -0.03205029 0.23529412 0.93333333 0.61176471
v 0.03880327 -0.00036747 -0.03261125 0.23529412 0.93333333 0.61176471
v 0.03940119 -0.00033958 -0.03360768 0.23529412 0.93333333 0.61176471
v 0.03961716 0.00005189 -0.03425407 0.23529412 0.93333333 0.61176471
v 0.03883491 0.00077606 -0.03365833 0.23529412 0.93333333 0.61176471
v 0.03853401 0.00131695 -0.03410287 0.23529412 0.93333333 0.61176471
v 0.03853401 0.00131695 -0.03411950 0.23529412 0.93333333 0.61176471
v 0.03802380 0.00134085 -0.03365682 0.23529412 0.93333333 0.61176471
v 0.03728263 0.00136377 -0.03321153 0.23529412 0.93333333 0.61176471
v 0.03458947 0.00116156 -0.03556954 0.23529412 0.93333333 0.61176471
v 0.03458947 -0.00363869 -0.02941105 0.23529412 0.93333333 0.61176471
v 0.03458947 -0.00411882 -0.02980946 0.23529412 0.93333333 0.61176471
v 0.03458947 -0.00463181 -0.03028349 0.23529412 0.93333333 0.61176471
v 0.03458947 -0.00527231 -0.03091174 0.23529412 0.93333333 0.61176471
v 0.03932402 -0.00438577 -0.03556954 0.23529412 0.93333333 0.61176471
v 0.03946893 -0.00401522 -0.03543194 0.23529412 0.93333333 0.61176471
v 0.03965102 -0.00388971 -0.03556954 0.23529412 0.93333333 0.61176471
v 0.03458947 -0.00566876 -0.03135022 0.23529412 0.93333333 0.61176471
v 0.03458947 -0.00580025 -0.03149613 0.23529412 0.93333333 0.61176471
v 0.03458947 -0.00595365 -0.03166775 0.23529412 0.93333333 0.61176471
v 0.03458947 -0.00633217 -0.03209338 0.23529412 0.93333333 0.61176471
v 0.03516963 -0.00653637 -0.03298775 0.23529412 0.93333333 0.61176471
v 0.03624445 -0.00649254 -0.03416411 0.23529412 0.93333333 0.61176471
v 0.03774288 -0.00620766 -0.03556954 0.23529412 0.93333333 0.61176471
v 0.03797050 -0.00598254 -0.03556954 0.23529412 0.93333333 0.61176471
v 0.03819368 -0.00575144 -0.03556954 0.23529412 0.93333333 0.61176471
v 0.03843685 -0.00529622 -0.03534046 0.23529412 0.93333333 0.61176471
v 0.03880993 -0.00508205 -0.03556954 0.23529412 0.93333333 0.61176471
v 0.03901868 -0.00481211 -0.03556954 0.23529412 0.93333333 0.61176471
v 0.04018177 -0.00260971 -0.03556954 0.23529412 0.93333333 0.61176471
v 0.03982979 -0.00260971 -0.03495036 0.23529412 0.93333333 0.61176471
v 0.03970154 -0.00069519 -0.03401895 0.23529412 0.93333333 0.61176471
v 0.03989863 -0.00150005 -0.03460411 0.23529412 0.93333333 0.61176471
v 0.04026116 -0.00149108 -0.03556954 0.23529412 0.93333333 0.61176471
v 0.03970432 0.00027103 -0.03500102 0.23529412 0.93333333 0.61176471
v 0.03982257 -0.00033958 -0.03464569 0.23529412 0.93333333 0.61176471
v 0.03850514 0.00131695 -0.03411950 0.23529412 0.93333333 0.61176471
v 0.03969766 0.00026008 -0.03556954 0.23529412 0.93333333 0.61176471
v 0.03958163 0.00033777 -0.03556954 0.23529412 0.93333333 0.61176471
v 0.03909696 0.00044436 -0.03556954 0.23529412 0.93333333 0.61176471
v 0.03458947 -0.00875670 -0.03556954 0.23529412 0.93333333 0.61176471
v 0.03458947 -0.00673061 -0.03258555 0.23529412 0.93333333 0.61176471
v 0.03541668 -0.00674257 -0.03355249 0.23529412 0.93333333 0.61176471
v 0.03458947 -0.00738406 -0.03348823 0.23529412 0.93333333 0.61176471
v 0.03656368 -0.00675851 -0.03491180 0.23529412 0.93333333 0.61176471
v 0.03731150 -0.00644473 -0.03534878 0.23529412 0.93333333 0.61176471
v 0.03707999 -0.00678341 -0.03556954 0.23529412 0.93333333 0.61176471
v 0.03997136 -0.00036249 -0.03556954 0.23529412 0.93333333 0.61176471
v 0.03635049 -0.00737410 -0.03556954 0.23529412 0.93333333 0.61176471
v 0.03458947 -0.00871188 -0.03549620 0.23529412 0.93333333 0.61176471
v 0.03458947 -0.00773967 -0.03399551 0.23529412 0.93333333 0.61176471
v 0.03504305 -0.00755639 -0.03426239 0.23529412 0.93333333 0.61176471
v 0.03678686 -0.00702247 -0.03556954 0.23529412 0.93333333 0.61176471
v 0.03458947 -0.00820286 -0.03469105 0.23529412 0.93333333 0.61176471
v 0.03609899 -0.00750559 -0.03546445 0.23529412 0.93333333 0.61176471
f 4845 4846 4854
f 4845 4854 4863
f 4845 4863 4892
f 4845 4892 4923
f 4845 4923 4932
f 4845 4932 4936
f 4845 4936 4933
f 4845 4933 4926
f 4845 4926 4924
f 4845 4924 4903
f 4845 4903 4902
f 4845 4902 4901
f 4845 4901 4900
f 4845 4900 4896
f 4845 4896 4895
f 4845 4895 4894
f 4845 4894 4893
f 4845 4893 4865
f 4845 4865 4855
f 4845 4855 4847
f 4845 4847 4848
f 4845 4848 4849
f 4845 4849 4850
f 4845 4850 4846
f 4846 4850 4851
f 4846 4851 4852
f 4846 4852 4853
f 4846 4853 4854
f 4847 4855 4856
f 4847 4856 4857
f 4847 4857 4848
f 4848 4857 4858
f 4848 4858 4849
f 4849 4858 4850
f 4850 4858 4859
f 4850 4859 4860
f 4850 4860 4851
f 4851 4861 4853
f 4851 4853 4852
f 4851 4860 4861
f 4853 4862 4863
f 4853 4863 4854
f 4853 4861 4864
f 4853 4864 4862
f 4855 4865 4866
f 4855 4866 4856
f 4856 4866 4867
f 4856 4867 4868
f 4856 4868 4869
f 4856 4869 4870
f 4856 4870 4871
f 4856 4871 4872
f 4856 4872 4873
f 4856 4873 4874
f 4856 4874 4875
f 4856 4875 4876
f 4856 4876 4877
f 4856 4877 4878
f 4856 4878 4857
f 4857 4878 4879
f 4857 4879 4858
f 4858 4879 4880
f 4858 4880 4881
f 4858 4881 4859
f 4859 4881 4880
f 4859 4880 4882
f 4859 4882 4883
f 4859 4883 4860
f 4860 4883 4884
f 4860 4884 4885
f 4860 4885 4886
f 4860 4886 4887
f 4860 4887 4864
f 4860 4864 4861
f 4862 4888 4889
f 4862 4889 4890
f 4862 4890 4891
f 4862 4891 4863
f 4862 4864 4888
f 4863 4891 4892
f 4864 4887 4888
f 4865 4893 4868
f 4865 4868 4867
f 4865 4867 4866
f 4868 4893 4894
f 4868 4894 4895
f 4868 4895 4869
f 4869 4895 4896
f 4869 4896 4870
f 4870 4897 4898
f 4870 4898 4899
f 4870 4899 4871
f 4870 4896 4900
f 4870 4900 4901
f 4870 4901 4902
f 4870 4902 4903
f 4870 4903 4904
f 4870 4904 4905
f 4870 4905 4906
f 4870 4906 4907
f 4870 4907 4908
f 4870 4908 4909
f 4870 4909 4910
f 4870 4910 4911
f 4870 4911 4897
f 4871 4899 4872
f 4872 4912 4913
f 4872 4913 4873
f 4872 4899 4897
f 4872 4897 4911
f 4872 4911 4910
f 4872 4910 4908
f 4872 4908 4907
f 4872 4907 4906
f 4872 4906 4929
f 4872 4929 4935
f 4872 4935 4931
f 4872 4931 4923
f 4872 4923 4892
f 4872 4892 4922
f 4872 4922 4921
f 4872 4921 4920
f 4872 4920 4930
f 4872 4930 4916
f 4872 4916 4912
f 4873 4913 4874
f 4874 4913 4912
f 4874 4912 4876
f 4874 4876 4875
f 4876 4914 4884
f 4876 4884 4879
f 4876 4879 4877
f 4876 4912 4915
f 4876 4915 4916
f 4876 4916 4914
f 4877 4879 4878
f 4879 4884 4883
f 4879 4883 4880
f 4880 4883 4882
f 4884 4914 4885
f 4885 4914 4886
f 4886 4917 4887
f 4886 4914 4918
f 4886 4918 4917
f 4887 4917 4888
f 4888 4917 4889
f 4889 4892 4919
f 4889 4919 4890
f 4889 4917 4920
f 4889 4920 4921
f 4889 4921 4922
f 4889 4922 4892
f 4890 4919 4891
f 4891 4919 4892
f 4897 4899 4898
f 4903 4924 4904
f 4904 4924 4925
f 4904 4925 4905
f 4905 4925 4926
f 4905 4926 4927
f 4905 4927 4928
f 4905 4928 4906
f 4906 4928 4929
f 4908 4910 4909
f 4912 4916 4915
f 4914 4916 4918
f 4916 4930 4918
f 4917 4918 4930
f 4917 4930 4920
f 4923 4931 4932
f 4924 4926 4925
f 4926 4933 4934
f 4926 4934 4927
f 4927 4935 4929
f 4927 4929 4928
f 4927 4934 4935
f 4931 4935 4934
f 4931 4934 4936
f 4931 4936 4937
f 4931 4937 4932
f 4932 4937 4936
f 4933 4936 4934

o geometry_62
v 0.03458947 -0.01035567 -0.03928729 0.53333333 0.58823529 0.72941176
v 0.03781831 -0.00808799 -0.03928729 0.53333333 0.58823529 0.72941176
v 0.03789968 -0.00801600 -0.03915883 0.53333333 0.58823529 0.72941176
v 0.03458947 -0.01033829 -0.03920468 0.53333333 0.58823529 0.72941176
v 0.03458947 0.00232445 -0.03928729 0.53333333 0.58823529 0.72941176
v 0.03790708 -0.00802345 -0.03928729 0.53333333 0.58823529 0.72941176
v 0.03765188 -0.00782734 -0.03803761 0.53333333 0.58823529 0.72941176
v 0.03458947 -0.01001558 -0.03803761 0.53333333 0.58823529 0.72941176
v 0.03458947 -0.01008509 -0.03827270 0.53333333 0.58823529 0.72941176
v 0.03846063 -0.00759772 -0.03915883 0.53333333 0.58823529 0.72941176
v 0.03821159 -0.00741650 -0.03803761 0.53333333 0.58823529 0.72941176
v 0.03458947 0.00212709 -0.03811039 0.53333333 0.58823529 0.72941176
v 0.03958191 0.00033728 -0.03556954 0.53333333 0.58823529 0.72941176
v 0.03909062 0.00078784 -0.03928729 0.53333333 0.58823529 0.72941176
v 0.03846803 -0.00760393 -0.03928729 0.53333333 0.58823529 0.72941176
v 0.03744969 -0.00768336 -0.03742841 0.53333333 0.58823529 0.72941176
v 0.03458947 -0.00951041 -0.03688109 0.53333333 0.58823529 0.72941176
v 0.03458947 -0.00986540 -0.03765622 0.53333333 0.58823529 0.72941176
v 0.03891001 -0.00710745 -0.03928729 0.53333333 0.58823529 0.72941176
v 0.03895994 -0.00703670 -0.03915883 0.53333333 0.58823529 0.72941176
v 0.03940500 -0.00626467 -0.03803761 0.53333333 0.58823529 0.72941176
v 0.03884405 -0.00685548 -0.03803761 0.53333333 0.58823529 0.72941176
v 0.03867145 -0.00666434 -0.03727957 0.53333333 0.58823529 0.72941176
v 0.03458947 0.00125577 -0.03579517 0.53333333 0.58823529 0.72941176
v 0.03909678 0.00044403 -0.03556954 0.53333333 0.58823529 0.72941176
v 0.03969780 0.00026033 -0.03556954 0.53333333 0.58823529 0.72941176
v 0.03909987 0.00077915 -0.03928729 0.53333333 0.58823529 0.72941176
v 0.03458947 -0.00898414 -0.03594546 0.53333333 0.58823529 0.72941176
v 0.03458947 -0.00947566 -0.03680976 0.53333333 0.58823529 0.72941176
v 0.03951719 -0.00630315 -0.03928729 0.53333333 0.58823529 0.72941176
v 0.03952027 -0.00634038 -0.03915883 0.53333333 0.58823529 0.72941176
v 0.03987163 -0.00570489 -0.03803761 0.53333333 0.58823529 0.72941176
v 0.03976068 -0.00554725 -0.03728103 0.53333333 0.58823529 0.72941176
v 0.03909617 -0.00597299 -0.03690656 0.53333333 0.58823529 0.72941176
v 0.03838111 -0.00639872 -0.03653209 0.53333333 0.58823529 0.72941176
v 0.03763400 -0.00670902 -0.03609685 0.53333333 0.58823529 0.72941176
v 0.03635060 -0.00737430 -0.03556954 0.53333333 0.58823529 0.72941176
v 0.03458947 -0.00875576 -0.03556954 0.53333333 0.58823529 0.72941176
v 0.03458947 -0.00889353 -0.03579517 0.53333333 0.58823529 0.72941176
v 0.03458947 0.00116144 -0.03556954 0.53333333 0.58823529 0.72941176
v 0.04000725 -0.00036772 -0.03579517 0.53333333 0.58823529 0.72941176
v 0.04080614 -0.00198128 -0.03731706 0.53333333 0.58823529 0.72941176
v 0.04080614 -0.00198128 -0.03779779 0.53333333 0.58823529 0.72941176
v 0.03969533 0.00025536 -0.03579517 0.53333333 0.58823529 0.72941176
v 0.03997088 -0.00036276 -0.03556954 0.53333333 0.58823529 0.72941176
v 0.04076607 -0.00207189 -0.03854527 0.53333333 0.58823529 0.72941176
v 0.04063292 -0.00251128 -0.03920759 0.53333333 0.58823529 0.72941176
v 0.04054785 -0.00242191 -0.03928729 0.53333333 0.58823529 0.72941176
v 0.03984328 -0.00580418 -0.03928729 0.53333333 0.58823529 0.72941176
v 0.03988704 -0.00577936 -0.03915883 0.53333333 0.58823529 0.72941176
v 0.04078272 -0.00431350 -0.03851688 0.53333333 0.58823529 0.72941176
v 0.04047573 -0.00475289 -0.03810093 0.53333333 0.58823529 0.72941176
v 0.04073155 -0.00416828 -0.03776940 0.53333333 0.58823529 0.72941176
v 0.04000355 -0.00487080 -0.03691093 0.53333333 0.58823529 0.72941176
v 0.03952150 -0.00525681 -0.03653355 0.53333333 0.58823529 0.72941176
v 0.03774311 -0.00620757 -0.03556954 0.53333333 0.58823529 0.72941176
v 0.03708045 -0.00678349 -0.03556954 0.53333333 0.58823529 0.72941176
v 0.03877378 -0.00565152 -0.03608848 0.53333333 0.58823529 0.72941176
v 0.03678703 -0.00702304 -0.03556954 0.53333333 0.58823529 0.72941176
v 0.04034567 -0.00148853 -0.03579517 0.53333333 0.58823529 0.72941176
v 0.04085360 -0.00261057 -0.03719223 0.53333333 0.58823529 0.72941176
v 0.04088689 -0.00251128 -0.03811803 0.53333333 0.58823529 0.72941176
v 0.04026060 -0.00149101 -0.03556954 0.53333333 0.58823529 0.72941176
v 0.04085422 -0.00281909 -0.03886624 0.53333333 0.58823529 0.72941176
v 0.04065388 -0.00303134 -0.03928729 0.53333333 0.58823529 0.72941176
v 0.04058361 -0.00251996 -0.03928729 0.53333333 0.58823529 0.72941176
v 0.03987040 -0.00575950 -0.03928729 0.53333333 0.58823529 0.72941176
v 0.04046402 -0.00475289 -0.03907440 0.53333333 0.58823529 0.72941176
v 0.04078272 -0.00431350 -0.03864425 0.53333333 0.58823529 0.72941176
v 0.04087271 -0.00376985 -0.03810093 0.53333333 0.58823529 0.72941176
v 0.04084682 -0.00342232 -0.03725737 0.53333333 0.58823529 0.72941176
v 0.04057313 -0.00376985 -0.03689673 0.53333333 0.58823529 0.72941176
v 0.03979581 -0.00450961 -0.03618019 0.53333333 0.58823529 0.72941176
v 0.03881015 -0.00508180 -0.03556954 0.53333333 0.58823529 0.72941176
v 0.03912144 -0.00490307 -0.03576059 0.53333333 0.58823529 0.72941176
v 0.03797057 -0.00598168 -0.03556954 0.53333333 0.58823529 0.72941176
v 0.03819372 -0.00575081 -0.03556954 0.53333333 0.58823529 0.72941176
v 0.04069210 -0.00261057 -0.03663144 0.53333333 0.58823529 0.72941176
v 0.04018170 -0.00261057 -0.03556954 0.53333333 0.58823529 0.72941176
v 0.04030991 -0.00261057 -0.03579517 0.53333333 0.58823529 0.72941176
v 0.04084189 -0.00373138 -0.03883385 0.53333333 0.58823529 0.72941176
v 0.04071182 -0.00373138 -0.03928729 0.53333333 0.58823529 0.72941176
v 0.04036909 -0.00477150 -0.03928729 0.53333333 0.58823529 0.72941176
v 0.04060827 -0.00407271 -0.03928729 0.53333333 0.58823529 0.72941176
v 0.04069580 -0.00381454 -0.03928729 0.53333333 0.58823529 0.72941176
v 0.03995917 -0.00367801 -0.03580208 0.53333333 0.58823529 0.72941176
v 0.03986855 -0.00353030 -0.03556954 0.53333333 0.58823529 0.72941176
v 0.03965095 -0.00389025 -0.03556954 0.53333333 0.58823529 0.72941176
v 0.03932363 -0.00438549 -0.03556954 0.53333333 0.58823529 0.72941176
v 0.03901911 -0.00481246 -0.03556954 0.53333333 0.58823529 0.72941176
f 4938 4939 4940
f 4938 4940 4941
f 4938 4941 4946
f 4938 4946 4945
f 4938 4945 4955
f 4938 4955 4954
f 4938 4954 4966
f 4938 4966 4965
f 4938 4965 4976
f 4938 4976 4975
f 4938 4975 4977
f 4938 4977 4961
f 4938 4961 4949
f 4938 4949 4942
f 4938 4942 4951
f 4938 4951 4964
f 4938 4964 4985
f 4938 4985 5003
f 4938 5003 5002
f 4938 5002 5019
f 4938 5019 5022
f 4938 5022 5021
f 4938 5021 5020
f 4938 5020 5004
f 4938 5004 4986
f 4938 4986 4967
f 4938 4967 4956
f 4938 4956 4952
f 4938 4952 4943
f 4938 4943 4939
f 4939 4943 4940
f 4940 4944 4945
f 4940 4945 4946
f 4940 4946 4941
f 4940 4943 4947
f 4940 4947 4948
f 4940 4948 4944
f 4942 4949 4950
f 4942 4950 4951
f 4943 4952 4947
f 4944 4953 4954
f 4944 4954 4955
f 4944 4955 4945
f 4944 4948 4953
f 4947 4956 4957
f 4947 4957 4958
f 4947 4958 4959
f 4947 4959 4948
f 4947 4952 4956
f 4948 4959 4960
f 4948 4960 4953
f 4949 4961 4962
f 4949 4962 4950
f 4950 4963 4951
f 4950 4962 4977
f 4950 4977 4975
f 4950 4975 4974
f 4950 4974 4996
f 4950 4996 4994
f 4950 4994 4993
f 4950 4993 5013
f 4950 5013 5014
f 4950 5014 5011
f 4950 5011 5027
f 4950 5027 5026
f 4950 5026 5025
f 4950 5025 5024
f 4950 5024 5016
f 4950 5016 5000
f 4950 5000 4982
f 4950 4982 4963
f 4951 4963 4964
f 4953 4965 4966
f 4953 4966 4954
f 4953 4960 4965
f 4956 4967 4968
f 4956 4968 4957
f 4957 4968 4969
f 4957 4969 4958
f 4958 4969 4970
f 4958 4970 4959
f 4959 4970 4960
f 4960 4970 4971
f 4960 4971 4972
f 4960 4972 4973
f 4960 4973 4974
f 4960 4974 4975
f 4960 4975 4976
f 4960 4976 4965
f 4961 4977 4962
f 4963 4978 4979
f 4963 4979 4980
f 4963 4980 4981
f 4963 4981 4964
f 4963 4982 4978
f 4964 4981 4980
f 4964 4980 4983
f 4964 4983 4984
f 4964 4984 4985
f 4967 4986 4987
f 4967 4987 4968
f 4968 4987 4969
f 4969 4987 4988
f 4969 4988 4989
f 4969 4989 4970
f 4970 4989 4990
f 4970 4990 4991
f 4970 4991 4992
f 4970 4992 4971
f 4971 4992 4972
f 4972 4993 4994
f 4972 4994 4973
f 4972 4992 4995
f 4972 4995 4993
f 4973 4994 4996
f 4973 4996 4974
f 4978 4982 4979
f 4979 4997 4998
f 4979 4998 4999
f 4979 4999 4980
f 4979 4982 4997
f 4980 4999 4983
f 4982 5000 4997
f 4983 4999 5001
f 4983 5001 4984
f 4984 5001 5002
f 4984 5002 5003
f 4984 5003 4985
f 4986 5004 4987
f 4987 5004 5005
f 4987 5005 5006
f 4987 5006 4988
f 4988 5006 5007
f 4988 5007 4990
f 4988 4990 4989
f 4990 5007 5008
f 4990 5008 5009
f 4990 5009 4991
f 4991 5009 5010
f 4991 5010 4992
f 4992 5011 4995
f 4992 5010 5012
f 4992 5012 5011
f 4993 4995 5013
f 4995 5011 5014
f 4995 5014 5013
f 4997 5000 5015
f 4997 5015 4998
f 4998 5015 5008
f 4998 5008 5007
f 4998 5007 4999
f 4999 5007 5001
f 5000 5016 5017
f 5000 5017 5015
f 5001 5007 5018
f 5001 5018 5019
f 5001 5019 5002
f 5004 5020 5005
f 5005 5020 5021
f 5005 5021 5022
f 5005 5022 5006
f 5006 5022 5018
f 5006 5018 5007
f 5008 5015 5017
f 5008 5017 5009
f 5009 5023 5010
f 5009 5017 5016
f 5009 5016 5023
f 5010 5023 5024
f 5010 5024 5025
f 5010 5025 5026
f 5010 5026 5027
f 5010 5027 5012
f 5011 5012 5027
f 5016 5024 5023
f 5018 5022 5019

o geometry_63
v -0.01585289 0.00972310 0.03080508 0.30980392 0.39607843 0.20784314
v -0.01585289 0.00965510 0.03148315 0.30980392 0.39607843 0.20784314
v -0.01517451 0.00970629 0.03080508 0.30980392 0.39607843 0.20784314
v -0.01629572 0.00971775 0.03080508 0.30980392 0.39607843 0.20784314
v -0.01921653 0.00914928 0.03634055 0.30980392 0.39607843 0.20784314
v -0.01921653 0.00907287 0.03708887 0.30980392 0.39607843 0.20784314
v -0.01921653 0.00892846 0.03821060 0.30980392 0.39607843 0.20784314
v -0.01473168 0.00958709 0.03148315 0.30980392 0.39607843 0.20784314
v -0.01473168 0.00967955 0.03080508 0.30980392 0.39607843 0.20784314
v -0.01741694 0.00966503 0.03080508 0.30980392 0.39607843 0.20784314
v -0.01809532 0.00960008 0.03148315 0.30980392 0.39607843 0.20784314
v -0.01697410 0.00964134 0.03148315 0.30980392 0.39607843 0.20784314
v -0.01979951 0.00914546 0.03628066 0.30980392 0.39607843 0.20784314
v -0.01979951 0.00910420 0.03672950 0.30980392 0.39607843 0.20784314
v -0.01979951 0.00906752 0.03708887 0.30980392 0.39607843 0.20784314
v -0.01979951 0.00900257 0.03767155 0.30980392 0.39607843 0.20784314
v -0.01979951 0.00891547 0.03835849 0.30980392 0.39607843 0.20784314
v -0.01936375 0.00891241 0.03835849 0.30980392 0.39607843 0.20784314
v -0.01921653 0.00890554 0.03835849 0.30980392 0.39607843 0.20784314
v -0.01405330 0.00961536 0.03080508 0.30980392 0.39607843 0.20784314
v -0.01824253 0.00880850 0.03835849 0.30980392 0.39607843 0.20784314
v -0.01809532 0.00881690 0.03821060 0.30980392 0.39607843 0.20784314
v -0.01809532 0.00962835 0.03080508 0.30980392 0.39607843 0.20784314
v -0.01809532 0.00951145 0.03260489 0.30980392 0.39607843 0.20784314
v -0.01921653 0.00954431 0.03080508 0.30980392 0.39607843 0.20784314
v -0.01921653 0.00950839 0.03148315 0.30980392 0.39607843 0.20784314
v -0.01979951 0.00916532 0.03601150 0.30980392 0.39607843 0.20784314
v -0.01979951 0.00202043 0.03835849 0.30980392 0.39607843 0.20784314
v -0.01361165 0.00954889 0.03080508 0.30980392 0.39607843 0.20784314
v -0.01809532 0.00878634 0.03835849 0.30980392 0.39607843 0.20784314
v -0.01361165 0.00941976 0.03148315 0.30980392 0.39607843 0.20784314
v -0.01965936 0.00947095 0.03080508 0.30980392 0.39607843 0.20784314
v -0.01979951 0.00939302 0.03206583 0.30980392 0.39607843 0.20784314
v -0.01979951 0.00933418 0.03318683 0.30980392 0.39607843 0.20784314
v -0.01979951 0.00927077 0.03430856 0.30980392 0.39607843 0.20784314
v -0.01979951 0.00921346 0.03527132 0.30980392 0.39607843 0.20784314
v -0.01979951 0.00313828 0.03080508 0.30980392 0.39607843 0.20784314
v -0.01971118 0.00191805 0.03835849 0.30980392 0.39607843 0.20784314
v -0.01283787 0.00938920 0.03080508 0.30980392 0.39607843 0.20784314
v -0.01712132 0.00858386 0.03835849 0.30980392 0.39607843 0.20784314
v -0.01416636 0.00916456 0.03316982 0.30980392 0.39607843 0.20784314
v -0.01372118 0.00921881 0.03249323 0.30980392 0.39607843 0.20784314
v -0.01304986 0.00916380 0.03204513 0.30980392 0.39607843 0.20784314
v -0.01979951 0.00944345 0.03080508 0.30980392 0.39607843 0.20784314
v -0.01979951 0.00944039 0.03094410 0.30980392 0.39607843 0.20784314
v -0.01957103 0.00191805 0.03815810 0.30980392 0.39607843 0.20784314
v -0.01436069 0.00191805 0.03080508 0.30980392 0.39607843 0.20784314
v -0.01246334 0.00191805 0.03835849 0.30980392 0.39607843 0.20784314
v -0.01255756 0.00932272 0.03080508 0.30980392 0.39607843 0.20784314
v -0.01697175 0.00854031 0.03835849 0.30980392 0.39607843 0.20784314
v -0.01697410 0.00858310 0.03821060 0.30980392 0.39607843 0.20784314
v -0.01199225 0.00914240 0.03085685 0.30980392 0.39607843 0.20784314
v -0.01197105 0.00915004 0.03080508 0.30980392 0.39607843 0.20784314
v -0.01609904 0.00821710 0.03835849 0.30980392 0.39607843 0.20784314
v -0.01600482 0.00818043 0.03835849 0.30980392 0.39607843 0.20784314
v -0.00776768 0.00191805 0.03080508 0.30980392 0.39607843 0.20784314
v -0.01217951 0.00191805 0.03792370 0.30980392 0.39607843 0.20784314
v -0.01198518 0.00213428 0.03755915 0.30980392 0.39607843 0.20784314
v -0.01270243 0.00305194 0.03835849 0.30980392 0.39607843 0.20784314
v -0.01191216 0.00912101 0.03080508 0.30980392 0.39607843 0.20784314
v -0.01526284 0.00806199 0.03769225 0.30980392 0.39607843 0.20784314
v -0.01551252 0.00787938 0.03835849 0.30980392 0.39607843 0.20784314
v -0.00800912 0.00301450 0.03080508 0.30980392 0.39607843 0.20784314
v -0.00858150 0.00235433 0.03201629 0.30980392 0.39607843 0.20784314
v -0.00825526 0.00191805 0.03161477 0.30980392 0.39607843 0.20784314
v -0.01177908 0.00191805 0.03728630 0.30980392 0.39607843 0.20784314
v -0.01208293 0.00299769 0.03739869 0.30980392 0.39607843 0.20784314
v -0.01267769 0.00307792 0.03831042 0.30980392 0.39607843 0.20784314
v -0.00882294 0.00191805 0.03255535 0.30980392 0.39607843 0.20784314
v -0.00882412 0.00193868 0.03255017 0.30980392 0.39607843 0.20784314
v -0.00956138 0.00299769 0.03336429 0.30980392 0.39607843 0.20784314
v -0.01270832 0.00307792 0.03835849 0.30980392 0.39607843 0.20784314
v -0.01166248 0.00898500 0.03080508 0.30980392 0.39607843 0.20784314
v -0.01192747 0.00804366 0.03316760 0.30980392 0.39607843 0.20784314
v -0.01295211 0.00811624 0.03442688 0.30980392 0.39607843 0.20784314
v -0.01133389 0.00878787 0.03080508 0.30980392 0.39607843 0.20784314
v -0.01488714 0.00734223 0.03835849 0.30980392 0.39607843 0.20784314
v -0.00814220 0.00360589 0.03080508 0.30980392 0.39607843 0.20784314
v -0.00880409 0.00191805 0.03252429 0.30980392 0.39607843 0.20784314
v -0.00826351 0.00411859 0.03080508 0.30980392 0.39607843 0.20784314
v -0.00909617 0.00299769 0.03260489 0.30980392 0.39607843 0.20784314
v -0.01272009 0.00312452 0.03835849 0.30980392 0.39607843 0.20784314
v -0.00964971 0.00368383 0.03322528 0.30980392 0.39607843 0.20784314
v -0.00853321 0.00477875 0.03097220 0.30980392 0.39607843 0.20784314
v -0.00844959 0.00411859 0.03110752 0.30980392 0.39607843 0.20784314
v -0.01409923 0.00699916 0.03775732 0.30980392 0.39607843 0.20784314
v -0.01092639 0.00792064 0.03188245 0.30980392 0.39607843 0.20784314
v -0.01065669 0.00817126 0.03113488 0.30980392 0.39607843 0.20784314
v -0.01050711 0.00823238 0.03080508 0.30980392 0.39607843 0.20784314
v -0.01173668 0.00819189 0.03260489 0.30980392 0.39607843 0.20784314
v -0.01072382 0.00838138 0.03080508 0.30980392 0.39607843 0.20784314
v -0.01430298 0.00671722 0.03835849 0.30980392 0.39607843 0.20784314
v -0.00846255 0.00489718 0.03080508 0.30980392 0.39607843 0.20784314
v -0.01292855 0.00383588 0.03835849 0.30980392 0.39607843 0.20784314
v -0.01309697 0.00685170 0.03645960 0.30980392 0.39607843 0.20784314
v -0.01184503 0.00702285 0.03441060 0.30980392 0.39607843 0.20784314
v -0.00999008 0.00771358 0.03080508 0.30980392 0.39607843 0.20784314
v -0.01416518 0.00650328 0.03835849 0.30980392 0.39607843 0.20784314
v -0.00866865 0.00551609 0.03080508 0.30980392 0.39607843 0.20784314
v -0.01302866 0.00411859 0.03835849 0.30980392 0.39607843 0.20784314
v -0.01396850 0.00619535 0.03835849 0.30980392 0.39607843 0.20784314
v -0.01084748 0.00685017 0.03310549 0.30980392 0.39607843 0.20784314
v -0.00960143 0.00703737 0.03104910 0.30980392 0.39607843 0.20784314
v -0.00953783 0.00716573 0.03080508 0.30980392 0.39607843 0.20784314
v -0.00906202 0.00637950 0.03080508 0.30980392 0.39607843 0.20784314
v -0.01312524 0.00563681 0.03754067 0.30980392 0.39607843 0.20784314
v -0.01348563 0.00525095 0.03835849 0.30980392 0.39607843 0.20784314
v -0.01295800 0.00488954 0.03779134 0.30980392 0.39607843 0.20784314
v -0.01311228 0.00433712 0.03835849 0.30980392 0.39607843 0.20784314
v -0.01287320 0.00610443 0.03679309 0.30980392 0.39607843 0.20784314
f 5028 5029 5030
f 5028 5030 5036
f 5028 5036 5047
f 5028 5047 5056
f 5028 5056 5066
f 5028 5066 5076
f 5028 5076 5080
f 5028 5080 5087
f 5028 5087 5100
f 5028 5100 5103
f 5028 5103 5118
f 5028 5118 5116
f 5028 5116 5124
f 5028 5124 5131
f 5028 5131 5132
f 5028 5132 5126
f 5028 5126 5120
f 5028 5120 5107
f 5028 5107 5105
f 5028 5105 5090
f 5028 5090 5083
f 5028 5083 5074
f 5028 5074 5064
f 5028 5064 5071
f 5028 5071 5059
f 5028 5059 5052
f 5028 5052 5050
f 5028 5050 5037
f 5028 5037 5031
f 5028 5031 5032
f 5028 5032 5029
f 5029 5032 5033
f 5029 5033 5034
f 5029 5034 5035
f 5029 5035 5036
f 5029 5036 5030
f 5031 5037 5038
f 5031 5038 5039
f 5031 5039 5040
f 5031 5040 5041
f 5031 5041 5032
f 5032 5041 5042
f 5032 5042 5033
f 5033 5042 5043
f 5033 5043 5044
f 5033 5044 5045
f 5033 5045 5034
f 5034 5045 5046
f 5034 5046 5035
f 5035 5047 5036
f 5035 5046 5048
f 5035 5048 5049
f 5035 5049 5047
f 5037 5050 5038
f 5038 5051 5039
f 5038 5050 5052
f 5038 5052 5053
f 5038 5053 5054
f 5038 5054 5040
f 5038 5040 5051
f 5039 5051 5040
f 5040 5054 5063
f 5040 5063 5062
f 5040 5062 5061
f 5040 5061 5060
f 5040 5060 5072
f 5040 5072 5071
f 5040 5071 5064
f 5040 5064 5055
f 5040 5055 5044
f 5040 5044 5043
f 5040 5043 5042
f 5040 5042 5041
f 5044 5055 5065
f 5044 5065 5075
f 5044 5075 5086
f 5044 5086 5099
f 5044 5099 5109
f 5044 5109 5121
f 5044 5121 5127
f 5044 5127 5136
f 5044 5136 5134
f 5044 5134 5128
f 5044 5128 5125
f 5044 5125 5119
f 5044 5119 5104
f 5044 5104 5089
f 5044 5089 5082
f 5044 5082 5081
f 5044 5081 5077
f 5044 5077 5067
f 5044 5067 5057
f 5044 5057 5048
f 5044 5048 5046
f 5044 5046 5045
f 5047 5049 5056
f 5048 5057 5049
f 5049 5057 5058
f 5049 5058 5056
f 5052 5059 5060
f 5052 5060 5061
f 5052 5061 5053
f 5053 5061 5062
f 5053 5062 5063
f 5053 5063 5054
f 5055 5064 5065
f 5056 5058 5066
f 5057 5067 5068
f 5057 5068 5058
f 5058 5068 5069
f 5058 5069 5070
f 5058 5070 5066
f 5059 5071 5072
f 5059 5072 5060
f 5064 5073 5065
f 5064 5074 5073
f 5065 5073 5074
f 5065 5074 5083
f 5065 5083 5092
f 5065 5092 5106
f 5065 5106 5096
f 5065 5096 5093
f 5065 5093 5084
f 5065 5084 5075
f 5066 5070 5076
f 5067 5077 5078
f 5067 5078 5070
f 5067 5070 5068
f 5068 5070 5069
f 5070 5079 5080
f 5070 5080 5076
f 5070 5078 5077
f 5070 5077 5081
f 5070 5081 5082
f 5070 5082 5079
f 5075 5084 5085
f 5075 5085 5086
f 5079 5087 5080
f 5079 5082 5088
f 5079 5088 5087
f 5082 5089 5088
f 5083 5090 5091
f 5083 5091 5092
f 5084 5093 5085
f 5085 5094 5095
f 5085 5095 5086
f 5085 5093 5096
f 5085 5096 5097
f 5085 5097 5091
f 5085 5091 5098
f 5085 5098 5094
f 5086 5095 5099
f 5087 5088 5100
f 5088 5089 5101
f 5088 5101 5102
f 5088 5102 5103
f 5088 5103 5100
f 5089 5104 5101
f 5090 5105 5091
f 5091 5096 5106
f 5091 5106 5092
f 5091 5105 5107
f 5091 5107 5108
f 5091 5108 5098
f 5091 5097 5096
f 5094 5109 5095
f 5094 5098 5110
f 5094 5110 5111
f 5094 5111 5109
f 5095 5109 5099
f 5098 5108 5107
f 5098 5107 5112
f 5098 5112 5111
f 5098 5111 5110
f 5101 5104 5113
f 5101 5113 5114
f 5101 5114 5115
f 5101 5115 5116
f 5101 5116 5117
f 5101 5117 5102
f 5102 5117 5103
f 5103 5117 5118
f 5104 5119 5113
f 5107 5120 5111
f 5107 5111 5112
f 5109 5111 5121
f 5111 5120 5121
f 5113 5119 5122
f 5113 5122 5123
f 5113 5123 5124
f 5113 5124 5114
f 5114 5124 5115
f 5115 5124 5116
f 5116 5118 5117
f 5119 5125 5122
f 5120 5126 5121
f 5121 5126 5127
f 5122 5125 5128
f 5122 5128 5129
f 5122 5129 5130
f 5122 5130 5123
f 5123 5130 5131
f 5123 5131 5124
f 5126 5132 5133
f 5126 5133 5134
f 5126 5134 5135
f 5126 5135 5136
f 5126 5136 5127
f 5128 5134 5133
f 5128 5133 5137
f 5128 5137 5129
f 5129 5132 5130
f 5129 5137 5132
f 5130 5132 5131
f 5132 5137 5133
f 5134 5136 5135

o geometry_64
v -0.01436005 0.00191677 0.03080508 0.18431373 0.94117647 0.73725490
v -0.01410551 -0.00326318 0.03080508 0.18431373 0.94117647 0.73725490
v -0.01957132 0.00191677 0.03815810 0.18431373 0.94117647 0.73725490
v -0.00776788 0.00191677 0.03080508 0.18431373 0.94117647 0.73725490
v -0.01461459 -0.00326318 0.03152752 0.18431373 0.94117647 0.73725490
v -0.00717764 -0.00326318 0.03080508 0.18431373 0.94117647 0.73725490
v -0.01971027 0.00191677 0.03835849 0.18431373 0.94117647 0.73725490
v -0.00803594 0.00191677 0.03125097 0.18431373 0.94117647 0.73725490
v -0.00776173 0.00188838 0.03080508 0.18431373 0.94117647 0.73725490
v -0.01567824 -0.00326318 0.03319200 0.18431373 0.94117647 0.73725490
v -0.00716903 -0.00260953 0.03080508 0.18431373 0.94117647 0.73725490
v -0.00714936 -0.00326318 0.03080583 0.18431373 0.94117647 0.73725490
v -0.01701487 -0.00326318 0.03532751 0.18431373 0.94117647 0.73725490
v -0.01887288 -0.00326318 0.03835849 0.18431373 0.94117647 0.73725490
v -0.01246269 0.00191677 0.03835849 0.18431373 0.94117647 0.73725490
v -0.00825482 0.00191677 0.03161477 0.18431373 0.94117647 0.73725490
v -0.00850690 0.00160643 0.03214052 0.18431373 0.94117647 0.73725490
v -0.00754531 0.00075401 0.03080508 0.18431373 0.94117647 0.73725490
v -0.00721084 -0.00216684 0.03080508 0.18431373 0.94117647 0.73725490
v -0.00733873 -0.00260953 0.03109347 0.18431373 0.94117647 0.73725490
v -0.00732766 -0.00326318 0.03110752 0.18431373 0.94117647 0.73725490
v -0.01191919 -0.00326318 0.03835849 0.18431373 0.94117647 0.73725490
v -0.01244425 0.00182499 0.03835849 0.18431373 0.94117647 0.73725490
v -0.01217987 0.00191677 0.03792370 0.18431373 0.94117647 0.73725490
v -0.00882292 0.00191677 0.03255535 0.18431373 0.94117647 0.73725490
v -0.00843312 0.00075401 0.03225587 0.18431373 0.94117647 0.73725490
v -0.00795970 0.00075401 0.03148315 0.18431373 0.94117647 0.73725490
v -0.01191673 0.00138636 0.03767007 0.18431373 0.94117647 0.73725490
v -0.00743587 0.00002076 0.03080508 0.18431373 0.94117647 0.73725490
v -0.00731782 -0.00110752 0.03080508 0.18431373 0.94117647 0.73725490
v -0.00741619 -0.00013695 0.03080508 0.18431373 0.94117647 0.73725490
v -0.00739652 -0.00148784 0.03100030 0.18431373 0.94117647 0.73725490
v -0.00774451 -0.00148784 0.03156079 0.18431373 0.94117647 0.73725490
v -0.00957424 -0.00148784 0.03445941 0.18431373 0.94117647 0.73725490
v -0.01175564 -0.00148784 0.03791408 0.18431373 0.94117647 0.73725490
v -0.01170031 -0.00260953 0.03799838 0.18431373 0.94117647 0.73725490
v -0.01078422 -0.00288945 0.03656904 0.18431373 0.94117647 0.73725490
v -0.00986689 -0.00326318 0.03512565 0.18431373 0.94117647 0.73725490
v -0.01190443 -0.00326318 0.03833556 0.18431373 0.94117647 0.73725490
v -0.01193640 -0.00260953 0.03835849 0.18431373 0.94117647 0.73725490
v -0.01240121 0.00155927 0.03835849 0.18431373 0.94117647 0.73725490
v -0.01227947 0.00180623 0.03811003 0.18431373 0.94117647 0.73725490
v -0.01177900 0.00191677 0.03728630 0.18431373 0.94117647 0.73725490
v -0.00746907 -0.00007610 0.03088199 0.18431373 0.94117647 0.73725490
v -0.00878357 0.00075401 0.03281637 0.18431373 0.94117647 0.73725490
v -0.01227701 0.00075401 0.03835849 0.18431373 0.94117647 0.73725490
v -0.01187984 0.00075401 0.03773070 0.18431373 0.94117647 0.73725490
v -0.00836549 -0.00036717 0.03236087 0.18431373 0.94117647 0.73725490
v -0.01181466 -0.00036717 0.03782683 0.18431373 0.94117647 0.73725490
v -0.01215897 -0.00031646 0.03835849 0.18431373 0.94117647 0.73725490
v -0.01226841 0.00067744 0.03835849 0.18431373 0.94117647 0.73725490
f 5138 5139 5140
f 5138 5140 5144
f 5138 5144 5152
f 5138 5152 5161
f 5138 5161 5180
f 5138 5180 5162
f 5138 5162 5153
f 5138 5153 5145
f 5138 5145 5141
f 5138 5141 5146
f 5138 5146 5155
f 5138 5155 5166
f 5138 5166 5168
f 5138 5168 5167
f 5138 5167 5156
f 5138 5156 5148
f 5138 5148 5143
f 5138 5143 5139
f 5139 5142 5140
f 5139 5143 5149
f 5139 5149 5158
f 5139 5158 5175
f 5139 5175 5176
f 5139 5176 5159
f 5139 5159 5151
f 5139 5151 5150
f 5139 5150 5147
f 5139 5147 5142
f 5140 5142 5144
f 5141 5145 5146
f 5142 5147 5144
f 5143 5148 5149
f 5144 5147 5150
f 5144 5150 5151
f 5144 5151 5159
f 5144 5159 5177
f 5144 5177 5187
f 5144 5187 5188
f 5144 5188 5183
f 5144 5183 5178
f 5144 5178 5160
f 5144 5160 5152
f 5145 5153 5146
f 5146 5153 5154
f 5146 5154 5155
f 5148 5156 5157
f 5148 5157 5149
f 5149 5157 5158
f 5152 5160 5161
f 5153 5162 5154
f 5154 5163 5164
f 5154 5164 5155
f 5154 5162 5165
f 5154 5165 5163
f 5155 5164 5166
f 5156 5167 5157
f 5157 5167 5168
f 5157 5168 5169
f 5157 5169 5170
f 5157 5170 5171
f 5157 5171 5172
f 5157 5172 5173
f 5157 5173 5174
f 5157 5174 5158
f 5158 5174 5175
f 5159 5176 5173
f 5159 5173 5177
f 5160 5178 5165
f 5160 5165 5179
f 5160 5179 5161
f 5161 5165 5180
f 5161 5179 5165
f 5162 5180 5165
f 5163 5181 5166
f 5163 5166 5164
f 5163 5165 5182
f 5163 5182 5181
f 5165 5178 5183
f 5165 5183 5184
f 5165 5184 5182
f 5166 5181 5168
f 5168 5181 5169
f 5169 5181 5170
f 5170 5181 5185
f 5170 5185 5186
f 5170 5186 5171
f 5171 5186 5172
f 5172 5186 5187
f 5172 5187 5173
f 5173 5187 5177
f 5173 5176 5174
f 5174 5176 5175
f 5181 5182 5185
f 5182 5184 5185
f 5183 5188 5184
f 5184 5188 5186
f 5184 5186 5185
f 5186 5188 5187

o geometry_65
v -0.03156495 0.00201537 0.03080508 0.49019608 0.22352941 0.25098039
v -0.03196532 0.00201537 0.03136854 0.49019608 0.22352941 0.25098039
v -0.03217786 0.00255421 0.03194530 0.49019608 0.22352941 0.25098039
v -0.03126015 0.00281381 0.03080508 0.49019608 0.22352941 0.25098039
v -0.02148335 0.00201537 0.03080508 0.49019608 0.22352941 0.25098039
v -0.03298847 0.00201537 0.03283707 0.49019608 0.22352941 0.25098039
v -0.03318618 0.00228443 0.03323193 0.49019608 0.22352941 0.25098039
v -0.03443835 0.00258111 0.03527797 0.49019608 0.22352941 0.25098039
v -0.03344320 0.00279127 0.03397951 0.49019608 0.22352941 0.25098039
v -0.03111681 0.00305669 0.03080508 0.49019608 0.22352941 0.25098039
v -0.01980116 0.00313813 0.03080508 0.49019608 0.22352941 0.25098039
v -0.02125104 0.00201537 0.03080878 0.49019608 0.22352941 0.25098039
v -0.03346627 0.00201537 0.03352475 0.49019608 0.22352941 0.25098039
v -0.03424229 0.00201537 0.03467459 0.49019608 0.22352941 0.25098039
v -0.03454379 0.00201537 0.03512417 0.49019608 0.22352941 0.25098039
v -0.03543020 0.00230188 0.03660157 0.49019608 0.22352941 0.25098039
v -0.03624576 0.00285671 0.03835849 0.49019608 0.22352941 0.25098039
v -0.03420933 0.00332865 0.03564399 0.49019608 0.22352941 0.25098039
v -0.03321913 0.00353880 0.03430560 0.49019608 0.22352941 0.25098039
v -0.03090921 0.00339773 0.03080508 0.49019608 0.22352941 0.25098039
v -0.01980116 0.00944419 0.03080508 0.49019608 0.22352941 0.25098039
v -0.01980116 0.00202046 0.03835849 0.49019608 0.22352941 0.25098039
v -0.02417881 0.00201537 0.03781278 0.49019608 0.22352941 0.25098039
v -0.03524237 0.00201537 0.03617270 0.49019608 0.22352941 0.25098039
v -0.03663129 0.00201537 0.03835849 0.49019608 0.22352941 0.25098039
v -0.03655056 0.00225461 0.03835849 0.49019608 0.22352941 0.25098039
v -0.03613537 0.00300796 0.03835849 0.49019608 0.22352941 0.25098039
v -0.03542855 0.00349081 0.03772552 0.49019608 0.22352941 0.25098039
v -0.03346298 0.00381295 0.03505244 0.49019608 0.22352941 0.25098039
v -0.02985311 0.00465938 0.03080508 0.49019608 0.22352941 0.25098039
v -0.03033585 0.00411036 0.03080508 0.49019608 0.22352941 0.25098039
v -0.03095534 0.00350535 0.03097442 0.49019608 0.22352941 0.25098039
v -0.01980116 0.00943983 0.03094410 0.49019608 0.22352941 0.25098039
v -0.02063484 0.00928858 0.03080508 0.49019608 0.22352941 0.25098039
v -0.02721531 0.00840651 0.03835849 0.49019608 0.22352941 0.25098039
v -0.02706703 0.00843414 0.03835849 0.49019608 0.22352941 0.25098039
v -0.02609331 0.00859703 0.03835849 0.49019608 0.22352941 0.25098039
v -0.02497295 0.00873083 0.03835849 0.49019608 0.22352941 0.25098039
v -0.02442759 0.00201537 0.03835849 0.49019608 0.22352941 0.25098039
v -0.01980116 0.00891553 0.03835849 0.49019608 0.22352941 0.25098039
v -0.03609253 0.00306614 0.03835849 0.49019608 0.22352941 0.25098039
v -0.03561638 0.00370823 0.03835849 0.49019608 0.22352941 0.25098039
v -0.03309392 0.00456048 0.03563143 0.49019608 0.22352941 0.25098039
v -0.02988112 0.00469137 0.03090047 0.49019608 0.22352941 0.25098039
v -0.02975260 0.00475246 0.03080508 0.49019608 0.22352941 0.25098039
v -0.02093964 0.00916932 0.03547540 0.49019608 0.22352941 0.25098039
v -0.01980116 0.00939256 0.03206583 0.49019608 0.22352941 0.25098039
v -0.02482466 0.00874901 0.03821060 0.49019608 0.22352941 0.25098039
v -0.02482466 0.00874392 0.03835849 0.49019608 0.22352941 0.25098039
v -0.02197927 0.00900498 0.03080508 0.49019608 0.22352941 0.25098039
v -0.02818080 0.00816291 0.03835849 0.49019608 0.22352941 0.25098039
v -0.01980116 0.00900280 0.03767155 0.49019608 0.22352941 0.25098039
v -0.02033992 0.00891990 0.03835849 0.49019608 0.22352941 0.25098039
v -0.03543185 0.00388857 0.03835849 0.49019608 0.22352941 0.25098039
v -0.03504466 0.00425943 0.03835849 0.49019608 0.22352941 0.25098039
v -0.03447130 0.00476700 0.03835849 0.49019608 0.22352941 0.25098039
v -0.03331799 0.00474664 0.03637900 0.49019608 0.22352941 0.25098039
v -0.02862401 0.00570433 0.03080508 0.49019608 0.22352941 0.25098039
v -0.02882501 0.00553853 0.03080508 0.49019608 0.22352941 0.25098039
v -0.02954995 0.00492843 0.03080508 0.49019608 0.22352941 0.25098039
v -0.02033992 0.00914241 0.03622520 0.49019608 0.22352941 0.25098039
v -0.02033992 0.00917732 0.03566470 0.49019608 0.22352941 0.25098039
v -0.01980116 0.00933366 0.03318683 0.49019608 0.22352941 0.25098039
v -0.02385094 0.00879919 0.03835849 0.49019608 0.22352941 0.25098039
v -0.02370265 0.00880719 0.03835849 0.49019608 0.22352941 0.25098039
v -0.02258229 0.00884500 0.03080508 0.49019608 0.22352941 0.25098039
v -0.02820716 0.00815491 0.03835849 0.49019608 0.22352941 0.25098039
v -0.01980116 0.00906751 0.03708887 0.49019608 0.22352941 0.25098039
v -0.02033992 0.00906315 0.03708887 0.49019608 0.22352941 0.25098039
v -0.02033992 0.00893735 0.03821060 0.49019608 0.22352941 0.25098039
v -0.02048656 0.00891844 0.03835849 0.49019608 0.22352941 0.25098039
v -0.03423240 0.00493716 0.03835849 0.49019608 0.22352941 0.25098039
v -0.03185328 0.00562216 0.03596787 0.49019608 0.22352941 0.25098039
v -0.03270179 0.00502588 0.03599005 0.49019608 0.22352941 0.25098039
v -0.02868826 0.00575596 0.03101731 0.49019608 0.22352941 0.25098039
v -0.02806877 0.00608246 0.03080508 0.49019608 0.22352941 0.25098039
v -0.01980116 0.00910460 0.03672950 0.49019608 0.22352941 0.25098039
v -0.01980116 0.00914532 0.03628066 0.49019608 0.22352941 0.25098039
v -0.01980116 0.00916496 0.03601150 0.49019608 0.22352941 0.25098039
v -0.01980116 0.00921368 0.03527132 0.49019608 0.22352941 0.25098039
v -0.01980116 0.00927040 0.03430856 0.49019608 0.22352941 0.25098039
v -0.02302385 0.00870465 0.03080508 0.49019608 0.22352941 0.25098039
v -0.02822858 0.00814764 0.03835849 0.49019608 0.22352941 0.25098039
v -0.03316147 0.00566943 0.03835849 0.49019608 0.22352941 0.25098039
v -0.03205099 0.00576105 0.03663707 0.49019608 0.22352941 0.25098039
v -0.02891398 0.00591521 0.03176488 0.49019608 0.22352941 0.25098039
v -0.02754154 0.00643005 0.03080508 0.49019608 0.22352941 0.25098039
v -0.02376032 0.00842615 0.03080508 0.49019608 0.22352941 0.25098039
v -0.02863883 0.00799784 0.03835849 0.49019608 0.22352941 0.25098039
v -0.03309556 0.00571160 0.03835849 0.49019608 0.22352941 0.25098039
v -0.03225529 0.00588612 0.03738464 0.49019608 0.22352941 0.25098039
v -0.02874098 0.00691726 0.03429821 0.49019608 0.22352941 0.25098039
v -0.02663042 0.00699143 0.03080508 0.49019608 0.22352941 0.25098039
v -0.02715600 0.00666784 0.03080508 0.49019608 0.22352941 0.25098039
v -0.02414421 0.00826326 0.03080508 0.49019608 0.22352941 0.25098039
v -0.02854822 0.00796003 0.03801761 0.49019608 0.22352941 0.25098039
v -0.02919737 0.00772442 0.03831930 0.49019608 0.22352941 0.25098039
v -0.02915782 0.00775205 0.03835849 0.49019608 0.22352941 0.25098039
v -0.02444736 0.00813091 0.03080508 0.49019608 0.22352941 0.25098039
v -0.03253373 0.00602429 0.03835849 0.49019608 0.22352941 0.25098039
v -0.03249254 0.00600465 0.03821060 0.49019608 0.22352941 0.25098039
v -0.02893705 0.00702561 0.03504505 0.49019608 0.22352941 0.25098039
v -0.02530246 0.00769897 0.03080508 0.49019608 0.22352941 0.25098039
v -0.02632562 0.00715795 0.03080508 0.49019608 0.22352941 0.25098039
v -0.02818904 0.00762989 0.03596787 0.49019608 0.22352941 0.25098039
v -0.02930775 0.00737247 0.03708887 0.49019608 0.22352941 0.25098039
v -0.02920560 0.00772879 0.03835849 0.49019608 0.22352941 0.25098039
v -0.03028972 0.00714632 0.03821060 0.49019608 0.22352941 0.25098039
v -0.03032596 0.00716159 0.03835849 0.49019608 0.22352941 0.25098039
v -0.03172806 0.00644314 0.03835849 0.49019608 0.22352941 0.25098039
v -0.03058629 0.00671292 0.03708887 0.49019608 0.22352941 0.25098039
v -0.02930940 0.00710778 0.03607065 0.49019608 0.22352941 0.25098039
v -0.03002610 0.00700306 0.03708887 0.49019608 0.22352941 0.25098039
f 5189 5190 5191
f 5189 5191 5192
f 5189 5192 5198
f 5189 5198 5208
f 5189 5208 5219
f 5189 5219 5218
f 5189 5218 5233
f 5189 5233 5248
f 5189 5248 5247
f 5189 5247 5246
f 5189 5246 5264
f 5189 5264 5275
f 5189 5275 5282
f 5189 5282 5281
f 5189 5281 5292
f 5189 5292 5291
f 5189 5291 5287
f 5189 5287 5283
f 5189 5283 5276
f 5189 5276 5270
f 5189 5270 5254
f 5189 5254 5238
f 5189 5238 5222
f 5189 5222 5209
f 5189 5209 5199
f 5189 5199 5193
f 5189 5193 5200
f 5189 5200 5211
f 5189 5211 5227
f 5189 5227 5213
f 5189 5213 5212
f 5189 5212 5203
f 5189 5203 5202
f 5189 5202 5201
f 5189 5201 5194
f 5189 5194 5190
f 5190 5194 5195
f 5190 5195 5191
f 5191 5195 5196
f 5191 5196 5197
f 5191 5197 5192
f 5192 5197 5198
f 5193 5199 5200
f 5194 5201 5195
f 5195 5201 5202
f 5195 5202 5203
f 5195 5203 5204
f 5195 5204 5196
f 5196 5204 5205
f 5196 5205 5206
f 5196 5206 5207
f 5196 5207 5197
f 5197 5207 5198
f 5198 5207 5208
f 5199 5209 5221
f 5199 5221 5235
f 5199 5235 5251
f 5199 5251 5269
f 5199 5269 5268
f 5199 5268 5267
f 5199 5267 5266
f 5199 5266 5265
f 5199 5265 5256
f 5199 5256 5240
f 5199 5240 5228
f 5199 5228 5210
f 5199 5210 5200
f 5200 5210 5211
f 5203 5212 5204
f 5204 5212 5213
f 5204 5213 5214
f 5204 5214 5205
f 5205 5214 5213
f 5205 5213 5227
f 5205 5227 5210
f 5205 5210 5228
f 5205 5228 5241
f 5205 5241 5259
f 5205 5259 5253
f 5205 5253 5252
f 5205 5252 5237
f 5205 5237 5226
f 5205 5226 5225
f 5205 5225 5224
f 5205 5224 5223
f 5205 5223 5239
f 5205 5239 5255
f 5205 5255 5271
f 5205 5271 5277
f 5205 5277 5286
f 5205 5286 5295
f 5205 5295 5297
f 5205 5297 5298
f 5205 5298 5288
f 5205 5288 5278
f 5205 5278 5272
f 5205 5272 5260
f 5205 5260 5244
f 5205 5244 5243
f 5205 5243 5242
f 5205 5242 5230
f 5205 5230 5229
f 5205 5229 5215
f 5205 5215 5216
f 5205 5216 5206
f 5206 5216 5207
f 5207 5216 5217
f 5207 5217 5218
f 5207 5218 5219
f 5207 5219 5220
f 5207 5220 5208
f 5208 5220 5219
f 5209 5222 5223
f 5209 5223 5224
f 5209 5224 5225
f 5209 5225 5226
f 5209 5226 5221
f 5210 5227 5211
f 5215 5229 5216
f 5216 5229 5230
f 5216 5230 5217
f 5217 5230 5231
f 5217 5231 5218
f 5218 5232 5233
f 5218 5231 5232
f 5221 5234 5235
f 5221 5226 5236
f 5221 5236 5237
f 5221 5237 5234
f 5222 5238 5223
f 5223 5238 5239
f 5226 5237 5236
f 5228 5240 5241
f 5230 5242 5231
f 5231 5242 5243
f 5231 5243 5244
f 5231 5244 5245
f 5231 5245 5246
f 5231 5246 5247
f 5231 5247 5248
f 5231 5248 5233
f 5231 5233 5232
f 5234 5249 5250
f 5234 5250 5251
f 5234 5251 5235
f 5234 5237 5252
f 5234 5252 5253
f 5234 5253 5249
f 5238 5254 5239
f 5239 5254 5255
f 5240 5256 5257
f 5240 5257 5258
f 5240 5258 5241
f 5241 5258 5259
f 5244 5260 5261
f 5244 5261 5262
f 5244 5262 5245
f 5245 5262 5263
f 5245 5263 5246
f 5246 5263 5264
f 5249 5257 5265
f 5249 5265 5266
f 5249 5266 5267
f 5249 5267 5268
f 5249 5268 5250
f 5249 5253 5257
f 5250 5268 5269
f 5250 5269 5251
f 5253 5259 5257
f 5254 5270 5255
f 5255 5270 5271
f 5256 5265 5257
f 5257 5259 5258
f 5260 5272 5273
f 5260 5273 5261
f 5261 5273 5274
f 5261 5274 5263
f 5261 5263 5262
f 5263 5274 5264
f 5264 5274 5275
f 5270 5276 5277
f 5270 5277 5271
f 5272 5278 5273
f 5273 5278 5279
f 5273 5279 5280
f 5273 5280 5281
f 5273 5281 5282
f 5273 5282 5275
f 5273 5275 5274
f 5276 5283 5277
f 5277 5284 5285
f 5277 5285 5286
f 5277 5283 5287
f 5277 5287 5284
f 5278 5288 5289
f 5278 5289 5280
f 5278 5280 5279
f 5280 5290 5291
f 5280 5291 5292
f 5280 5292 5281
f 5280 5289 5290
f 5284 5293 5294
f 5284 5294 5285
f 5284 5287 5293
f 5285 5295 5286
f 5285 5294 5296
f 5285 5296 5297
f 5285 5297 5295
f 5287 5291 5290
f 5287 5290 5294
f 5287 5294 5293
f 5288 5298 5299
f 5288 5299 5290
f 5288 5290 5289
f 5290 5299 5300
f 5290 5300 5294
f 5294 5300 5301
f 5294 5301 5296
f 5296 5301 5298
f 5296 5298 5297
f 5298 5301 5299
f 5299 5301 5300

o geometry_66
v -0.02125174 0.00201537 0.03081035 0.05490196 0.43137255 0.30980392
v -0.02200440 -0.00017435 0.03080841 0.05490196 0.43137255 0.30980392
v -0.02135188 0.00185596 0.03080841 0.05490196 0.43137255 0.30980392
v -0.02148593 0.00201537 0.03080841 0.05490196 0.43137255 0.30980392
v -0.02418001 0.00201537 0.03781514 0.05490196 0.43137255 0.30980392
v -0.03155966 -0.00017435 0.03080841 0.05490196 0.43137255 0.30980392
v -0.02563042 -0.00055686 0.03835739 0.05490196 0.43137255 0.30980392
v -0.02979591 -0.00161970 0.04501359 0.05490196 0.43137255 0.30980392
v -0.03156289 0.00201537 0.03080841 0.05490196 0.43137255 0.30980392
v -0.02442875 0.00201537 0.03835739 0.05490196 0.43137255 0.30980392
v -0.03658763 -0.00161970 0.04501359 0.05490196 0.43137255 0.30980392
v -0.03641320 -0.00055686 0.03835739 0.05490196 0.43137255 0.30980392
v -0.03297776 -0.00017435 0.03283606 0.05490196 0.43137255 0.30980392
v -0.03326365 0.00009394 0.03311687 0.05490196 0.43137255 0.30980392
v -0.03165657 0.00032593 0.03080841 0.05490196 0.43137255 0.30980392
v -0.02735218 -0.00055686 0.04153734 0.05490196 0.43137255 0.30980392
v -0.02840041 0.00150833 0.04493806 0.05490196 0.43137255 0.30980392
v -0.03208781 0.00111621 0.05059108 0.05490196 0.43137255 0.30980392
v -0.03055503 -0.00161970 0.04613296 0.05490196 0.43137255 0.30980392
v -0.03163072 0.00186059 0.03080841 0.05490196 0.43137255 0.30980392
v -0.03196506 0.00201537 0.03137003 0.05490196 0.43137255 0.30980392
v -0.03662801 0.00201537 0.03835739 0.05490196 0.43137255 0.30980392
v -0.03706572 -0.00036650 0.04157413 0.05490196 0.43137255 0.30980392
v -0.03698981 -0.00055686 0.04157413 0.05490196 0.43137255 0.30980392
v -0.03694620 -0.00055686 0.04045476 0.05490196 0.43137255 0.30980392
v -0.03692197 -0.00055686 0.04023592 0.05490196 0.43137255 0.30980392
v -0.03677822 -0.00055686 0.03937412 0.05490196 0.43137255 0.30980392
v -0.03676207 -0.00055686 0.03930247 0.05490196 0.43137255 0.30980392
v -0.03673300 -0.00055686 0.03917852 0.05490196 0.43137255 0.30980392
v -0.03661186 -0.00055686 0.03878539 0.05490196 0.43137255 0.30980392
v -0.03659248 -0.00161970 0.04605937 0.05490196 0.43137255 0.30980392
v -0.03669585 -0.00009180 0.03858398 0.05490196 0.43137255 0.30980392
v -0.03651334 -0.00029284 0.03835739 0.05490196 0.43137255 0.30980392
v -0.03564600 -0.00017435 0.03673450 0.05490196 0.43137255 0.30980392
v -0.03549902 -0.00017435 0.03649048 0.05490196 0.43137255 0.30980392
v -0.03533266 -0.00017435 0.03624453 0.05490196 0.43137255 0.30980392
v -0.03463814 0.00075398 0.03499153 0.05490196 0.43137255 0.30980392
v -0.03330241 0.00075398 0.03306265 0.05490196 0.43137255 0.30980392
v -0.03173409 0.00075398 0.03080841 0.05490196 0.43137255 0.30980392
v -0.03552486 0.00000996 0.03644788 0.05490196 0.43137255 0.30980392
v -0.03759872 0.00111621 0.05059108 0.05490196 0.43137255 0.30980392
v -0.03435549 -0.00161970 0.05059108 0.05490196 0.43137255 0.30980392
v -0.03384833 -0.00161970 0.05041678 0.05490196 0.43137255 0.30980392
v -0.03335733 -0.00161970 0.04996167 0.05490196 0.43137255 0.30980392
v -0.03330079 -0.00161970 0.04990745 0.05490196 0.43137255 0.30980392
v -0.03286470 -0.00161970 0.04935938 0.05490196 0.43137255 0.30980392
v -0.03230101 -0.00161970 0.04859829 0.05490196 0.43137255 0.30980392
v -0.03189561 -0.00161970 0.04803666 0.05490196 0.43137255 0.30980392
v -0.03127862 -0.00161970 0.04717099 0.05490196 0.43137255 0.30980392
v -0.03107027 -0.00161970 0.04687856 0.05490196 0.43137255 0.30980392
v -0.03329272 0.00153644 0.03307814 0.05490196 0.43137255 0.30980392
v -0.03358829 0.00189617 0.03365526 0.05490196 0.43137255 0.30980392
v -0.03298746 0.00201537 0.03283800 0.05490196 0.43137255 0.30980392
v -0.03667485 0.00187518 0.03835739 0.05490196 0.43137255 0.30980392
v -0.03710449 0.00150833 0.03904102 0.05490196 0.43137255 0.30980392
v -0.03723531 0.00150833 0.03933345 0.05490196 0.43137255 0.30980392
v -0.03751150 0.00150833 0.04014877 0.05490196 0.43137255 0.30980392
v -0.03758096 0.00150833 0.04047025 0.05490196 0.43137255 0.30980392
v -0.03771501 0.00150833 0.04145212 0.05490196 0.43137255 0.30980392
v -0.03772793 0.00150833 0.04157413 0.05490196 0.43137255 0.30980392
v -0.03775055 0.00150833 0.04269350 0.05490196 0.43137255 0.30980392
v -0.03774409 0.00150833 0.04381481 0.05490196 0.43137255 0.30980392
v -0.03773601 0.00150833 0.04501359 0.05490196 0.43137255 0.30980392
v -0.03524060 0.00201537 0.03617481 0.05490196 0.43137255 0.30980392
v -0.03749535 0.00075398 0.04157413 0.05490196 0.43137255 0.30980392
v -0.03702373 -0.00036650 0.04045476 0.05490196 0.43137255 0.30980392
v -0.03743721 0.00075398 0.04045476 0.05490196 0.43137255 0.30980392
v -0.03681053 -0.00042628 0.03930247 0.05490196 0.43137255 0.30980392
v -0.03719655 0.00075398 0.03933345 0.05490196 0.43137255 0.30980392
v -0.03657794 -0.00161970 0.04718067 0.05490196 0.43137255 0.30980392
v -0.03762941 0.00111621 0.05012241 0.05490196 0.43137255 0.30980392
v -0.03749858 0.00075398 0.04830198 0.05490196 0.43137255 0.30980392
v -0.03749697 0.00075398 0.04269350 0.05490196 0.43137255 0.30980392
v -0.03680084 0.00075398 0.03844260 0.05490196 0.43137255 0.30980392
v -0.03519860 0.00075398 0.03582041 0.05490196 0.43137255 0.30980392
v -0.03556686 0.00075398 0.03638203 0.05490196 0.43137255 0.30980392
v -0.03650688 -0.00161970 0.04830198 0.05490196 0.43137255 0.30980392
v -0.03742913 0.00078138 0.05059108 0.05490196 0.43137255 0.30980392
v -0.03542795 -0.00161970 0.05059108 0.05490196 0.43137255 0.30980392
v -0.03554586 0.00155351 0.03641495 0.05490196 0.43137255 0.30980392
v -0.03419236 0.00187518 0.03452867 0.05490196 0.43137255 0.30980392
v -0.03346393 0.00201537 0.03352744 0.05490196 0.43137255 0.30980392
v -0.03670231 0.00160689 0.03835739 0.05490196 0.43137255 0.30980392
v -0.03678791 0.00150833 0.03848715 0.05490196 0.43137255 0.30980392
v -0.03770532 0.00137881 0.04157413 0.05490196 0.43137255 0.30980392
v -0.03771178 0.00133219 0.04269350 0.05490196 0.43137255 0.30980392
v -0.03454285 0.00201537 0.03512516 0.05490196 0.43137255 0.30980392
v -0.03456869 0.00187518 0.03508642 0.05490196 0.43137255 0.30980392
v -0.03517115 0.00190649 0.03601213 0.05490196 0.43137255 0.30980392
v -0.03763425 0.00111621 0.04900692 0.05490196 0.43137255 0.30980392
v -0.03633406 -0.00161970 0.04927223 0.05490196 0.43137255 0.30980392
v -0.03687190 -0.00012988 0.05059108 0.05490196 0.43137255 0.30980392
v -0.03629691 -0.00161970 0.04944265 0.05490196 0.43137255 0.30980392
v -0.03577683 -0.00131796 0.05059108 0.05490196 0.43137255 0.30980392
v -0.03574129 -0.00161970 0.05045551 0.05490196 0.43137255 0.30980392
v -0.03685414 -0.00015194 0.05059108 0.05490196 0.43137255 0.30980392
f 5302 5303 5304
f 5302 5304 5305
f 5302 5305 5310
f 5302 5310 5322
f 5302 5322 5354
f 5302 5354 5383
f 5302 5383 5388
f 5302 5388 5365
f 5302 5365 5323
f 5302 5323 5311
f 5302 5311 5306
f 5302 5306 5303
f 5303 5307 5316
f 5303 5316 5340
f 5303 5340 5321
f 5303 5321 5310
f 5303 5310 5305
f 5303 5305 5304
f 5303 5306 5308
f 5303 5308 5309
f 5303 5309 5312
f 5303 5312 5307
f 5306 5311 5308
f 5307 5312 5313
f 5307 5313 5314
f 5307 5314 5315
f 5307 5315 5316
f 5308 5311 5317
f 5308 5317 5309
f 5309 5317 5318
f 5309 5318 5319
f 5309 5319 5320
f 5309 5320 5351
f 5309 5351 5350
f 5309 5350 5349
f 5309 5349 5348
f 5309 5348 5347
f 5309 5347 5346
f 5309 5346 5345
f 5309 5345 5344
f 5309 5344 5343
f 5309 5343 5380
f 5309 5380 5396
f 5309 5396 5394
f 5309 5394 5392
f 5309 5392 5378
f 5309 5378 5371
f 5309 5371 5332
f 5309 5332 5312
f 5310 5321 5322
f 5311 5323 5342
f 5311 5342 5319
f 5311 5319 5318
f 5311 5318 5317
f 5312 5324 5325
f 5312 5325 5326
f 5312 5326 5327
f 5312 5327 5328
f 5312 5328 5329
f 5312 5329 5330
f 5312 5330 5331
f 5312 5331 5313
f 5312 5332 5324
f 5313 5331 5333
f 5313 5333 5334
f 5313 5334 5335
f 5313 5335 5336
f 5313 5336 5337
f 5313 5337 5314
f 5314 5337 5315
f 5315 5338 5339
f 5315 5339 5340
f 5315 5340 5316
f 5315 5337 5341
f 5315 5341 5338
f 5319 5342 5379
f 5319 5379 5393
f 5319 5393 5397
f 5319 5397 5395
f 5319 5395 5380
f 5319 5380 5343
f 5319 5343 5344
f 5319 5344 5345
f 5319 5345 5346
f 5319 5346 5347
f 5319 5347 5348
f 5319 5348 5349
f 5319 5349 5350
f 5319 5350 5351
f 5319 5351 5320
f 5321 5340 5352
f 5321 5352 5353
f 5321 5353 5354
f 5321 5354 5322
f 5323 5355 5356
f 5323 5356 5357
f 5323 5357 5358
f 5323 5358 5359
f 5323 5359 5360
f 5323 5360 5361
f 5323 5361 5362
f 5323 5362 5363
f 5323 5363 5364
f 5323 5364 5342
f 5323 5365 5355
f 5324 5332 5366
f 5324 5366 5367
f 5324 5367 5325
f 5325 5367 5326
f 5326 5367 5327
f 5327 5367 5368
f 5327 5368 5328
f 5328 5368 5369
f 5328 5369 5329
f 5329 5369 5330
f 5330 5369 5370
f 5330 5370 5331
f 5331 5370 5333
f 5332 5371 5372
f 5332 5372 5373
f 5332 5373 5374
f 5332 5374 5366
f 5333 5370 5375
f 5333 5375 5335
f 5333 5335 5334
f 5335 5341 5336
f 5335 5375 5341
f 5336 5341 5337
f 5338 5341 5376
f 5338 5376 5352
f 5338 5352 5339
f 5339 5352 5340
f 5341 5375 5377
f 5341 5377 5376
f 5342 5364 5372
f 5342 5372 5378
f 5342 5378 5379
f 5352 5376 5381
f 5352 5381 5382
f 5352 5382 5353
f 5353 5382 5383
f 5353 5383 5354
f 5355 5384 5385
f 5355 5385 5356
f 5355 5365 5381
f 5355 5381 5384
f 5356 5385 5375
f 5356 5375 5357
f 5357 5375 5370
f 5357 5370 5358
f 5358 5370 5359
f 5359 5370 5368
f 5359 5368 5360
f 5360 5368 5386
f 5360 5386 5361
f 5361 5386 5362
f 5362 5386 5387
f 5362 5387 5372
f 5362 5372 5363
f 5363 5372 5364
f 5365 5388 5389
f 5365 5389 5390
f 5365 5390 5381
f 5366 5374 5387
f 5366 5387 5386
f 5366 5386 5368
f 5366 5368 5367
f 5368 5370 5369
f 5371 5378 5372
f 5372 5387 5391
f 5372 5391 5373
f 5373 5391 5374
f 5374 5391 5387
f 5375 5385 5381
f 5375 5381 5377
f 5376 5377 5381
f 5378 5392 5379
f 5379 5392 5394
f 5379 5394 5393
f 5380 5395 5396
f 5381 5390 5389
f 5381 5389 5382
f 5381 5385 5384
f 5382 5389 5388
f 5382 5388 5383
f 5393 5394 5397
f 5394 5396 5397
f 5395 5397 5396

o geometry_67
v -0.03156065 -0.00017510 0.03080508 0.69411765 0.37647059 0.17647059
v -0.03153431 -0.00031491 0.03080508 0.69411765 0.37647059 0.17647059
v -0.03298022 -0.00017510 0.03283485 0.69411765 0.37647059 0.17647059
v -0.02200183 -0.00017510 0.03080508 0.69411765 0.37647059 0.17647059
v -0.03124450 -0.00111356 0.03080508 0.69411765 0.37647059 0.17647059
v -0.03213871 -0.00099067 0.03200372 0.69411765 0.37647059 0.17647059
v -0.03453306 -0.00036707 0.03515079 0.69411765 0.37647059 0.17647059
v -0.03533428 -0.00017510 0.03624221 0.69411765 0.37647059 0.17647059
v -0.02494635 -0.00017510 0.03708887 0.69411765 0.37647059 0.17647059
v -0.02071090 -0.00300880 0.03080508 0.69411765 0.37647059 0.17647059
v -0.03118251 -0.00127834 0.03080508 0.69411765 0.37647059 0.17647059
v -0.03441373 -0.00106363 0.03532160 0.69411765 0.37647059 0.17647059
v -0.03541796 -0.00073823 0.03661636 0.69411765 0.37647059 0.17647059
v -0.03513591 -0.00036568 0.03603072 0.69411765 0.37647059 0.17647059
v -0.03550010 -0.00017510 0.03648844 0.69411765 0.37647059 0.17647059
v -0.02529814 -0.00017510 0.03780391 0.69411765 0.37647059 0.17647059
v -0.02455116 -0.00300880 0.03835849 0.69411765 0.37647059 0.17647059
v -0.03020463 -0.00300880 0.03080508 0.69411765 0.37647059 0.17647059
v -0.03090666 -0.00188947 0.03080508 0.69411765 0.37647059 0.17647059
v -0.03096555 -0.00199710 0.03095815 0.69411765 0.37647059 0.17647059
v -0.03467098 -0.00145783 0.03595086 0.69411765 0.37647059 0.17647059
v -0.03526454 -0.00148834 0.03683894 0.69411765 0.37647059 0.17647059
v -0.03562718 -0.00148834 0.03740017 0.69411765 0.37647059 0.17647059
v -0.03577130 -0.00036568 0.03702971 0.69411765 0.37647059 0.17647059
v -0.03564732 -0.00017510 0.03673319 0.69411765 0.37647059 0.17647059
v -0.02561584 -0.00017510 0.03835849 0.69411765 0.37647059 0.17647059
v -0.03539782 -0.00300880 0.03835849 0.69411765 0.37647059 0.17647059
v -0.03092526 -0.00300880 0.03182847 0.69411765 0.37647059 0.17647059
v -0.03045258 -0.00263763 0.03080508 0.69411765 0.37647059 0.17647059
v -0.03076098 -0.00215217 0.03080508 0.69411765 0.37647059 0.17647059
v -0.03428665 -0.00300880 0.03661932 0.69411765 0.37647059 0.17647059
v -0.03489725 -0.00257522 0.03711918 0.69411765 0.37647059 0.17647059
v -0.03450516 -0.00229781 0.03631393 0.69411765 0.37647059 0.17647059
v -0.03550475 -0.00210474 0.03760204 0.69411765 0.37647059 0.17647059
v -0.03423861 -0.00181096 0.03556635 0.69411765 0.37647059 0.17647059
v -0.03603476 -0.00148834 0.03821060 0.69411765 0.37647059 0.17647059
v -0.03651518 -0.00029328 0.03835849 0.69411765 0.37647059 0.17647059
v -0.03639430 -0.00042671 0.03820912 0.69411765 0.37647059 0.17647059
v -0.03654153 -0.00017510 0.03835849 0.69411765 0.37647059 0.17647059
v -0.03561013 -0.00264790 0.03835849 0.69411765 0.37647059 0.17647059
v -0.03529088 -0.00285234 0.03796363 0.69411765 0.37647059 0.17647059
v -0.03521959 -0.00300880 0.03801317 0.69411765 0.37647059 0.17647059
v -0.03432384 -0.00300880 0.03667330 0.69411765 0.37647059 0.17647059
v -0.03472058 -0.00300880 0.03725080 0.69411765 0.37647059 0.17647059
v -0.03563183 -0.00253083 0.03828676 0.69411765 0.37647059 0.17647059
v -0.03614634 -0.00135102 0.03835849 0.69411765 0.37647059 0.17647059
v -0.03509252 -0.00300880 0.03780982 0.69411765 0.37647059 0.17647059
f 5398 5399 5400
f 5398 5400 5405
f 5398 5405 5412
f 5398 5412 5422
f 5398 5422 5436
f 5398 5436 5423
f 5398 5423 5413
f 5398 5413 5406
f 5398 5406 5401
f 5398 5401 5407
f 5398 5407 5415
f 5398 5415 5426
f 5398 5426 5427
f 5398 5427 5416
f 5398 5416 5408
f 5398 5408 5402
f 5398 5402 5399
f 5399 5402 5403
f 5399 5403 5404
f 5399 5404 5400
f 5400 5404 5405
f 5401 5406 5407
f 5402 5408 5403
f 5403 5408 5409
f 5403 5409 5404
f 5404 5409 5410
f 5404 5410 5411
f 5404 5411 5405
f 5405 5411 5412
f 5406 5413 5407
f 5407 5413 5414
f 5407 5414 5424
f 5407 5424 5439
f 5407 5439 5444
f 5407 5444 5441
f 5407 5441 5440
f 5407 5440 5428
f 5407 5428 5425
f 5407 5425 5415
f 5408 5416 5417
f 5408 5417 5409
f 5409 5418 5419
f 5409 5419 5410
f 5409 5417 5418
f 5410 5420 5421
f 5410 5421 5422
f 5410 5422 5412
f 5410 5412 5411
f 5410 5419 5420
f 5413 5423 5414
f 5414 5423 5436
f 5414 5436 5434
f 5414 5434 5443
f 5414 5443 5437
f 5414 5437 5424
f 5415 5425 5426
f 5416 5427 5417
f 5417 5427 5428
f 5417 5428 5429
f 5417 5429 5430
f 5417 5430 5431
f 5417 5431 5432
f 5417 5432 5418
f 5418 5432 5431
f 5418 5431 5419
f 5419 5431 5420
f 5420 5431 5433
f 5420 5433 5434
f 5420 5434 5435
f 5420 5435 5421
f 5421 5435 5434
f 5421 5434 5436
f 5421 5436 5422
f 5424 5437 5438
f 5424 5438 5439
f 5425 5428 5426
f 5426 5428 5427
f 5428 5440 5429
f 5429 5440 5441
f 5429 5441 5438
f 5429 5438 5431
f 5429 5431 5430
f 5431 5437 5442
f 5431 5442 5433
f 5431 5438 5437
f 5433 5443 5434
f 5433 5442 5437
f 5433 5437 5443
f 5438 5441 5444
f 5438 5444 5439

o geometry_68
v -0.02071109 -0.00300960 0.03080508 0.02352941 0.06666667 0.67843137
v -0.02455131 -0.00300960 0.03835849 0.02352941 0.06666667 0.67843137
v -0.01979951 -0.00438872 0.03835849 0.02352941 0.06666667 0.67843137
v -0.02049121 -0.00314503 0.03080508 0.02352941 0.06666667 0.67843137
v -0.03020400 -0.00300960 0.03080508 0.02352941 0.06666667 0.67843137
v -0.03539708 -0.00300960 0.03835849 0.02352941 0.06666667 0.67843137
v -0.01979951 -0.01119535 0.03835849 0.02352941 0.06666667 0.67843137
v -0.01979951 -0.00362744 0.03080508 0.02352941 0.06666667 0.67843137
v -0.03002535 -0.00327565 0.03080508 0.02352941 0.06666667 0.67843137
v -0.03098273 -0.00316026 0.03205400 0.02352941 0.06666667 0.67843137
v -0.03092471 -0.00300960 0.03182847 0.02352941 0.06666667 0.67843137
v -0.03521995 -0.00300960 0.03801317 0.02352941 0.06666667 0.67843137
v -0.03505962 -0.00358497 0.03835849 0.02352941 0.06666667 0.67843137
v -0.02032783 -0.01114326 0.03835849 0.02352941 0.06666667 0.67843137
v -0.01979951 -0.01117692 0.03820838 0.02352941 0.06666667 0.67843137
v -0.01979951 -0.00973049 0.03080508 0.02352941 0.06666667 0.67843137
v -0.02998565 -0.00333014 0.03080508 0.02352941 0.06666667 0.67843137
v -0.03427479 -0.00419159 0.03776176 0.02352941 0.06666667 0.67843137
v -0.03454200 -0.00344393 0.03738316 0.02352941 0.06666667 0.67843137
v -0.03428700 -0.00300960 0.03661932 0.02352941 0.06666667 0.67843137
v -0.03509322 -0.00300960 0.03780982 0.02352941 0.06666667 0.67843137
v -0.03490541 -0.00370838 0.03823648 0.02352941 0.06666667 0.67843137
v -0.03494969 -0.00374363 0.03835849 0.02352941 0.06666667 0.67843137
v -0.02064849 -0.01109357 0.03835849 0.02352941 0.06666667 0.67843137
v -0.02032630 -0.01111762 0.03820616 0.02352941 0.06666667 0.67843137
v -0.01979951 -0.01105511 0.03742457 0.02352941 0.06666667 0.67843137
v -0.01990640 -0.00970084 0.03080508 0.02352941 0.06666667 0.67843137
v -0.01979951 -0.00982825 0.03121252 0.02352941 0.06666667 0.67843137
v -0.02370234 -0.01046372 0.03821060 0.02352941 0.06666667 0.67843137
v -0.02950772 -0.00391833 0.03080508 0.02352941 0.06666667 0.67843137
v -0.02993679 -0.00436788 0.03194604 0.02352941 0.06666667 0.67843137
v -0.03088501 -0.00530225 0.03442909 0.02352941 0.06666667 0.67843137
v -0.03190041 -0.00518045 0.03570685 0.02352941 0.06666667 0.67843137
v -0.03216152 -0.00546252 0.03645443 0.02352941 0.06666667 0.67843137
v -0.03385030 -0.00491440 0.03812778 0.02352941 0.06666667 0.67843137
v -0.03425494 -0.00465396 0.03835849 0.02352941 0.06666667 0.67843137
v -0.03473286 -0.00405456 0.03835849 0.02352941 0.06666667 0.67843137
v -0.03472065 -0.00300960 0.03725080 0.02352941 0.06666667 0.67843137
v -0.01994305 -0.01104790 0.03749556 0.02352941 0.06666667 0.67843137
v -0.02132644 -0.01097417 0.03835849 0.02352941 0.06666667 0.67843137
v -0.01979951 -0.01055828 0.03484614 0.02352941 0.06666667 0.67843137
v -0.02033088 -0.00958224 0.03080508 0.02352941 0.06666667 0.67843137
v -0.01979951 -0.00995086 0.03178854 0.02352941 0.06666667 0.67843137
v -0.02258921 -0.01074499 0.03835849 0.02352941 0.06666667 0.67843137
v -0.02370234 -0.01049818 0.03835849 0.02352941 0.06666667 0.67843137
v -0.02486128 -0.01015600 0.03835849 0.02352941 0.06666667 0.67843137
v -0.02911072 -0.00436227 0.03080508 0.02352941 0.06666667 0.67843137
v -0.02986807 -0.00541284 0.03316613 0.02352941 0.06666667 0.67843137
v -0.03115222 -0.00555868 0.03517593 0.02352941 0.06666667 0.67843137
v -0.03279672 -0.00610440 0.03835849 0.02352941 0.06666667 0.67843137
v -0.03315555 -0.00576543 0.03835849 0.02352941 0.06666667 0.67843137
v -0.03316624 -0.00534633 0.03774623 0.02352941 0.06666667 0.67843137
v -0.03393276 -0.00499614 0.03835849 0.02352941 0.06666667 0.67843137
v -0.02033852 -0.01046131 0.03484614 0.02352941 0.06666667 0.67843137
v -0.01979951 -0.01033630 0.03372588 0.02352941 0.06666667 0.67843137
v -0.02146081 -0.00939793 0.03148315 0.02352941 0.06666667 0.67843137
v -0.02150509 -0.00919278 0.03080508 0.02352941 0.06666667 0.67843137
v -0.02523690 -0.01003580 0.03835849 0.02352941 0.06666667 0.67843137
v -0.02896871 -0.00451373 0.03080508 0.02352941 0.06666667 0.67843137
v -0.03200577 -0.00644898 0.03778912 0.02352941 0.06666667 0.67843137
v -0.02840833 -0.00507467 0.03080508 0.02352941 0.06666667 0.67843137
v -0.02798842 -0.00548496 0.03080508 0.02352941 0.06666667 0.67843137
v -0.02784184 -0.00562279 0.03080508 0.02352941 0.06666667 0.67843137
v -0.02770289 -0.00574139 0.03080508 0.02352941 0.06666667 0.67843137
v -0.02721580 -0.00615488 0.03080508 0.02352941 0.06666667 0.67843137
v -0.02736086 -0.00632397 0.03127907 0.02352941 0.06666667 0.67843137
v -0.03248065 -0.00637686 0.03835849 0.02352941 0.06666667 0.67843137
v -0.03358156 -0.00534793 0.03835849 0.02352941 0.06666667 0.67843137
v -0.02231436 -0.00888987 0.03080508 0.02352941 0.06666667 0.67843137
v -0.02577133 -0.00985229 0.03835849 0.02352941 0.06666667 0.67843137
v -0.02604465 -0.00975773 0.03835849 0.02352941 0.06666667 0.67843137
v -0.02763876 -0.00654354 0.03202664 0.02352941 0.06666667 0.67843137
v -0.03098121 -0.00652831 0.03654020 0.02352941 0.06666667 0.67843137
v -0.03175077 -0.00694020 0.03835849 0.02352941 0.06666667 0.67843137
v -0.02665236 -0.00659162 0.03080508 0.02352941 0.06666667 0.67843137
v -0.02250828 -0.00880974 0.03080508 0.02352941 0.06666667 0.67843137
v -0.02706464 -0.00936587 0.03835849 0.02352941 0.06666667 0.67843137
v -0.02812890 -0.00892674 0.03835849 0.02352941 0.06666667 0.67843137
v -0.02662641 -0.00661005 0.03080508 0.02352941 0.06666667 0.67843137
v -0.03152479 -0.00709887 0.03835849 0.02352941 0.06666667 0.67843137
v -0.02283810 -0.00866790 0.03080508 0.02352941 0.06666667 0.67843137
v -0.02820983 -0.00889308 0.03835849 0.02352941 0.06666667 0.67843137
v -0.02658671 -0.00663409 0.03080508 0.02352941 0.06666667 0.67843137
v -0.03042540 -0.00779684 0.03835849 0.02352941 0.06666667 0.67843137
v -0.03069414 -0.00747149 0.03801169 0.02352941 0.06666667 0.67843137
v -0.03141485 -0.00717099 0.03835849 0.02352941 0.06666667 0.67843137
v -0.02373746 -0.00822957 0.03080508 0.02352941 0.06666667 0.67843137
v -0.02923440 -0.00841388 0.03835849 0.02352941 0.06666667 0.67843137
v -0.02593776 -0.00702514 0.03080508 0.02352941 0.06666667 0.67843137
v -0.03036585 -0.00782889 0.03835849 0.02352941 0.06666667 0.67843137
v -0.02509337 -0.00752599 0.03080508 0.02352941 0.06666667 0.67843137
v -0.02478646 -0.00769347 0.03080508 0.02352941 0.06666667 0.67843137
v -0.02457116 -0.00780806 0.03080508 0.02352941 0.06666667 0.67843137
v -0.03033226 -0.00784652 0.03835849 0.02352941 0.06666667 0.67843137
f 5445 5446 5447
f 5445 5447 5448
f 5445 5448 5452
f 5445 5452 5460
f 5445 5460 5471
f 5445 5471 5486
f 5445 5486 5501
f 5445 5501 5513
f 5445 5513 5520
f 5445 5520 5525
f 5445 5525 5531
f 5445 5531 5537
f 5445 5537 5536
f 5445 5536 5535
f 5445 5535 5533
f 5445 5533 5527
f 5445 5527 5523
f 5445 5523 5519
f 5445 5519 5509
f 5445 5509 5508
f 5445 5508 5507
f 5445 5507 5506
f 5445 5506 5505
f 5445 5505 5503
f 5445 5503 5491
f 5445 5491 5474
f 5445 5474 5461
f 5445 5461 5453
f 5445 5453 5449
f 5445 5449 5455
f 5445 5455 5464
f 5445 5464 5482
f 5445 5482 5465
f 5445 5465 5456
f 5445 5456 5450
f 5445 5450 5446
f 5446 5450 5457
f 5446 5457 5467
f 5446 5467 5481
f 5446 5481 5480
f 5446 5480 5497
f 5446 5497 5512
f 5446 5512 5495
f 5446 5495 5494
f 5446 5494 5511
f 5446 5511 5518
f 5446 5518 5524
f 5446 5524 5530
f 5446 5530 5528
f 5446 5528 5534
f 5446 5534 5538
f 5446 5538 5532
f 5446 5532 5526
f 5446 5526 5522
f 5446 5522 5521
f 5446 5521 5515
f 5446 5515 5514
f 5446 5514 5502
f 5446 5502 5490
f 5446 5490 5489
f 5446 5489 5488
f 5446 5488 5484
f 5446 5484 5468
f 5446 5468 5458
f 5446 5458 5451
f 5446 5451 5447
f 5447 5451 5459
f 5447 5459 5470
f 5447 5470 5485
f 5447 5485 5499
f 5447 5499 5487
f 5447 5487 5472
f 5447 5472 5460
f 5447 5460 5452
f 5447 5452 5448
f 5449 5453 5454
f 5449 5454 5455
f 5450 5456 5457
f 5451 5458 5459
f 5453 5461 5462
f 5453 5462 5463
f 5453 5463 5454
f 5454 5463 5455
f 5455 5463 5464
f 5456 5465 5466
f 5456 5466 5457
f 5457 5466 5467
f 5458 5468 5469
f 5458 5469 5470
f 5458 5470 5459
f 5460 5472 5473
f 5460 5473 5471
f 5461 5474 5462
f 5462 5475 5476
f 5462 5476 5477
f 5462 5477 5478
f 5462 5478 5479
f 5462 5479 5480
f 5462 5480 5481
f 5462 5481 5466
f 5462 5466 5463
f 5462 5474 5475
f 5463 5466 5465
f 5463 5465 5482
f 5463 5482 5464
f 5466 5481 5467
f 5468 5483 5469
f 5468 5484 5485
f 5468 5485 5483
f 5469 5483 5470
f 5470 5483 5485
f 5471 5473 5486
f 5472 5487 5488
f 5472 5488 5489
f 5472 5489 5473
f 5473 5489 5490
f 5473 5490 5486
f 5474 5491 5475
f 5475 5492 5476
f 5475 5491 5492
f 5476 5493 5478
f 5476 5478 5477
f 5476 5492 5493
f 5478 5494 5495
f 5478 5495 5496
f 5478 5496 5497
f 5478 5497 5479
f 5478 5493 5494
f 5479 5497 5480
f 5484 5498 5485
f 5484 5488 5498
f 5485 5498 5499
f 5486 5500 5501
f 5486 5490 5502
f 5486 5502 5500
f 5487 5499 5498
f 5487 5498 5488
f 5491 5503 5492
f 5492 5504 5493
f 5492 5503 5505
f 5492 5505 5506
f 5492 5506 5507
f 5492 5507 5508
f 5492 5508 5509
f 5492 5509 5510
f 5492 5510 5504
f 5493 5504 5494
f 5494 5504 5511
f 5495 5512 5496
f 5496 5512 5497
f 5500 5502 5501
f 5501 5502 5514
f 5501 5514 5515
f 5501 5515 5513
f 5504 5510 5516
f 5504 5516 5517
f 5504 5517 5518
f 5504 5518 5511
f 5509 5519 5510
f 5510 5519 5516
f 5513 5515 5521
f 5513 5521 5522
f 5513 5522 5520
f 5516 5519 5523
f 5516 5523 5524
f 5516 5524 5518
f 5516 5518 5517
f 5520 5522 5526
f 5520 5526 5525
f 5523 5527 5528
f 5523 5528 5529
f 5523 5529 5530
f 5523 5530 5524
f 5525 5526 5532
f 5525 5532 5531
f 5527 5533 5528
f 5528 5530 5529
f 5528 5533 5535
f 5528 5535 5536
f 5528 5536 5534
f 5531 5532 5537
f 5532 5538 5537
f 5534 5536 5537
f 5534 5537 5538

o geometry_69
v -0.01531670 0.00389549 0.02308154 0.45098039 0.53333333 0.89411765
v -0.01464224 0.00287992 0.03032956 0.45098039 0.53333333 0.89411765
v -0.01468476 0.00287992 0.03039382 0.45098039 0.53333333 0.89411765
v -0.01492454 0.00287992 0.03080132 0.45098039 0.53333333 0.89411765
v -0.01531670 0.00324341 0.03080434 0.45098039 0.53333333 0.89411765
v -0.01531670 0.01012842 0.02308154 0.45098039 0.53333333 0.89411765
v -0.00957611 0.00287992 0.02308154 0.45098039 0.53333333 0.89411765
v -0.00993992 0.00287992 0.02359488 0.45098039 0.53333333 0.89411765
v -0.01487375 0.00287992 0.03080434 0.45098039 0.53333333 0.89411765
v -0.01531670 0.00970985 0.03080434 0.45098039 0.53333333 0.89411765
v -0.01531670 0.01012989 0.02309741 0.45098039 0.53333333 0.89411765
v -0.01530016 0.01013135 0.02308154 0.45098039 0.53333333 0.89411765
v -0.00324965 0.00287992 0.02308154 0.45098039 0.53333333 0.89411765
v -0.00798032 0.00287992 0.03080434 0.45098039 0.53333333 0.89411765
v -0.01531670 0.00975391 0.03036131 0.45098039 0.53333333 0.89411765
v -0.01517377 0.00970618 0.03080434 0.45098039 0.53333333 0.89411765
v -0.01360988 0.00993970 0.02811894 0.45098039 0.53333333 0.89411765
v -0.01531670 0.01014898 0.02363419 0.45098039 0.53333333 0.89411765
v -0.01473083 0.01021360 0.02363419 0.45098039 0.53333333 0.89411765
v -0.01473083 0.01019377 0.02308154 0.45098039 0.53333333 0.89411765
v -0.00327800 0.00302311 0.02308154 0.45098039 0.53333333 0.89411765
v -0.00555533 0.00287992 0.02687301 0.45098039 0.53333333 0.89411765
v -0.00614711 0.00287992 0.02784148 0.45098039 0.53333333 0.89411765
v -0.00800985 0.00301430 0.03080434 0.45098039 0.53333333 0.89411765
v -0.01531670 0.00980238 0.02982453 0.45098039 0.53333333 0.89411765
v -0.01088133 0.01037588 0.02308154 0.45098039 0.53333333 0.89411765
v -0.01136679 0.01034210 0.02351625 0.45098039 0.53333333 0.89411765
v -0.01136679 0.01038176 0.02308154 0.45098039 0.53333333 0.89411765
v -0.01473083 0.00967901 0.03080434 0.45098039 0.53333333 0.89411765
v -0.01473083 0.00973923 0.03036131 0.45098039 0.53333333 0.89411765
v -0.01024585 0.01032815 0.02338773 0.45098039 0.53333333 0.89411765
v -0.01024585 0.01036046 0.02308154 0.45098039 0.53333333 0.89411765
v -0.01531670 0.01014237 0.02421860 0.45098039 0.53333333 0.89411765
v -0.01473083 0.01017101 0.02475538 0.45098039 0.53333333 0.89411765
v -0.01197747 0.01035532 0.02308154 0.45098039 0.53333333 0.89411765
v -0.01413787 0.01023783 0.02308154 0.45098039 0.53333333 0.89411765
v -0.00352487 0.00411872 0.02308154 0.45098039 0.53333333 0.89411765
v -0.00616011 0.00299741 0.02782031 0.45098039 0.53333333 0.89411765
v -0.00814214 0.00360543 0.03080434 0.45098039 0.53333333 0.89411765
v -0.01531670 0.01012181 0.02475538 0.45098039 0.53333333 0.89411765
v -0.01405282 0.00961512 0.03080434 0.45098039 0.53333333 0.89411765
v -0.01360988 0.00980385 0.02924013 0.45098039 0.53333333 0.89411765
v -0.00954540 0.01030098 0.02317604 0.45098039 0.53333333 0.89411765
v -0.00985487 0.01033550 0.02308154 0.45098039 0.53333333 0.89411765
v -0.00363354 0.00451525 0.02308154 0.45098039 0.53333333 0.89411765
v -0.00733775 0.00524003 0.02884926 0.45098039 0.53333333 0.89411765
v -0.00634791 0.00456886 0.02751488 0.45098039 0.53333333 0.89411765
v -0.00658533 0.00416425 0.02806602 0.45098039 0.53333333 0.89411765
v -0.00719365 0.00411872 0.02907758 0.45098039 0.53333333 0.89411765
v -0.00826381 0.00411872 0.03080434 0.45098039 0.53333333 0.89411765
v -0.01360988 0.00954904 0.03080434 0.45098039 0.53333333 0.89411765
v -0.01360988 0.00963348 0.03036131 0.45098039 0.53333333 0.89411765
v -0.00888748 0.01023783 0.02308154 0.45098039 0.53333333 0.89411765
v -0.00948752 0.01030759 0.02308154 0.45098039 0.53333333 0.89411765
v -0.00382962 0.00521653 0.02308154 0.45098039 0.53333333 0.89411765
v -0.00743343 0.00582529 0.02869730 0.45098039 0.53333333 0.89411765
v -0.00768266 0.00524003 0.02940948 0.45098039 0.53333333 0.89411765
v -0.00846225 0.00489710 0.03080434 0.45098039 0.53333333 0.89411765
v -0.01283620 0.00938895 0.03080434 0.45098039 0.53333333 0.89411765
v -0.01248893 0.00966139 0.02924013 0.45098039 0.53333333 0.89411765
v -0.00858745 0.01018202 0.02308154 0.45098039 0.53333333 0.89411765
v -0.00404814 0.00588183 0.02308154 0.45098039 0.53333333 0.89411765
v -0.00405758 0.00586274 0.02310800 0.45098039 0.53333333 0.89411765
v -0.00800631 0.00635106 0.02923030 0.45098039 0.53333333 0.89411765
v -0.00840673 0.00612929 0.03003849 0.45098039 0.53333333 0.89411765
v -0.00866069 0.00552642 0.03078620 0.45098039 0.53333333 0.89411765
v -0.00828861 0.00518716 0.03039156 0.45098039 0.53333333 0.89411765
v -0.00419342 0.00628644 0.02308154 0.45098039 0.53333333 0.89411765
v -0.00427729 0.00651775 0.02308154 0.45098039 0.53333333 0.89411765
v -0.00517972 0.00696275 0.02422918 0.45098039 0.53333333 0.89411765
v -0.00866895 0.00551614 0.03080434 0.45098039 0.53333333 0.89411765
v -0.01255626 0.00932286 0.03080434 0.45098039 0.53333333 0.89411765
v -0.00798504 0.01004617 0.02308154 0.45098039 0.53333333 0.89411765
v -0.01136679 0.00966873 0.02811894 0.45098039 0.53333333 0.89411765
v -0.00858982 0.00687610 0.02976405 0.45098039 0.53333333 0.89411765
v -0.00880952 0.00644652 0.03039156 0.45098039 0.53333333 0.89411765
v -0.00906229 0.00637970 0.03080434 0.45098039 0.53333333 0.89411765
v -0.00470488 0.00745328 0.02308154 0.45098039 0.53333333 0.89411765
v -0.01197038 0.00915030 0.03080434 0.45098039 0.53333333 0.89411765
v -0.00800513 0.00990445 0.02363419 0.45098039 0.53333333 0.89411765
v -0.00745115 0.00986994 0.02308154 0.45098039 0.53333333 0.89411765
v -0.00737909 0.00811564 0.02653582 0.45098039 0.53333333 0.89411765
v -0.00953713 0.00716542 0.03080434 0.45098039 0.53333333 0.89411765
v -0.00513956 0.00811784 0.02316621 0.45098039 0.53333333 0.89411765
v -0.00511239 0.00814942 0.02308154 0.45098039 0.53333333 0.89411765
v -0.01063328 0.00924209 0.02890445 0.45098039 0.53333333 0.89411765
v -0.01191014 0.00912093 0.03080434 0.45098039 0.53333333 0.89411765
v -0.00958556 0.00922006 0.02769708 0.45098039 0.53333333 0.89411765
v -0.00854020 0.00918041 0.02647156 0.45098039 0.53333333 0.89411765
v -0.00688418 0.00961806 0.02308154 0.45098039 0.53333333 0.89411765
v -0.00964816 0.00807745 0.02985553 0.45098039 0.53333333 0.89411765
v -0.00990802 0.00778519 0.03060324 0.45098039 0.53333333 0.89411765
v -0.00940247 0.00743933 0.03028193 0.45098039 0.53333333 0.89411765
v -0.00565219 0.00872072 0.02308154 0.45098039 0.53333333 0.89411765
v -0.00651328 0.00899462 0.02393207 0.45098039 0.53333333 0.89411765
v -0.00998953 0.00771396 0.03080434 0.45098039 0.53333333 0.89411765
v -0.01166091 0.00898508 0.03080434 0.45098039 0.53333333 0.89411765
v -0.01094275 0.00910404 0.02965216 0.45098039 0.53333333 0.89411765
v -0.01133608 0.00896819 0.03043389 0.45098039 0.53333333 0.89411765
v -0.00988676 0.00904749 0.02844479 0.45098039 0.53333333 0.89411765
v -0.01133254 0.00878828 0.03080434 0.45098039 0.53333333 0.89411765
v -0.01072187 0.00838146 0.03080434 0.45098039 0.53333333 0.89411765
v -0.01050571 0.00823240 0.03080434 0.45098039 0.53333333 0.89411765
v -0.00624751 0.00922153 0.02318511 0.45098039 0.53333333 0.89411765
v -0.00620971 0.00924503 0.02308154 0.45098039 0.53333333 0.89411765
v -0.00726098 0.00928541 0.02445297 0.45098039 0.53333333 0.89411765
v -0.00647194 0.00940144 0.02308154 0.45098039 0.53333333 0.89411765
v -0.00688536 0.00942493 0.02358883 0.45098039 0.53333333 0.89411765
f 5539 5540 5541
f 5539 5541 5542
f 5539 5542 5543
f 5539 5543 5548
f 5539 5548 5553
f 5539 5553 5563
f 5539 5563 5578
f 5539 5578 5571
f 5539 5571 5556
f 5539 5556 5549
f 5539 5549 5544
f 5539 5544 5550
f 5539 5550 5558
f 5539 5558 5574
f 5539 5574 5573
f 5539 5573 5566
f 5539 5566 5564
f 5539 5564 5570
f 5539 5570 5582
f 5539 5582 5592
f 5539 5592 5591
f 5539 5591 5599
f 5539 5599 5611
f 5539 5611 5619
f 5539 5619 5628
f 5539 5628 5645
f 5539 5645 5643
f 5539 5643 5632
f 5539 5632 5623
f 5539 5623 5616
f 5539 5616 5607
f 5539 5607 5606
f 5539 5606 5600
f 5539 5600 5593
f 5539 5593 5583
f 5539 5583 5575
f 5539 5575 5559
f 5539 5559 5551
f 5539 5551 5545
f 5539 5545 5546
f 5539 5546 5540
f 5540 5546 5545
f 5540 5545 5551
f 5540 5551 5560
f 5540 5560 5561
f 5540 5561 5552
f 5540 5552 5547
f 5540 5547 5542
f 5540 5542 5541
f 5542 5547 5543
f 5543 5547 5552
f 5543 5552 5562
f 5543 5562 5577
f 5543 5577 5588
f 5543 5588 5596
f 5543 5596 5609
f 5543 5609 5615
f 5543 5615 5621
f 5543 5621 5634
f 5543 5634 5641
f 5543 5641 5640
f 5543 5640 5639
f 5543 5639 5635
f 5543 5635 5625
f 5543 5625 5617
f 5543 5617 5610
f 5543 5610 5597
f 5543 5597 5589
f 5543 5589 5579
f 5543 5579 5567
f 5543 5567 5554
f 5543 5554 5548
f 5544 5549 5550
f 5548 5554 5555
f 5548 5555 5553
f 5549 5556 5550
f 5550 5557 5558
f 5550 5556 5557
f 5551 5559 5560
f 5552 5561 5562
f 5553 5555 5564
f 5553 5564 5565
f 5553 5565 5566
f 5553 5566 5563
f 5554 5567 5568
f 5554 5568 5555
f 5555 5568 5569
f 5555 5569 5570
f 5555 5570 5564
f 5556 5571 5557
f 5557 5571 5572
f 5557 5572 5573
f 5557 5573 5574
f 5557 5574 5558
f 5559 5575 5560
f 5560 5576 5561
f 5560 5575 5576
f 5561 5576 5562
f 5562 5576 5577
f 5563 5572 5578
f 5563 5566 5572
f 5564 5566 5565
f 5566 5573 5572
f 5567 5579 5580
f 5567 5580 5568
f 5568 5580 5569
f 5569 5581 5582
f 5569 5582 5570
f 5569 5580 5581
f 5571 5578 5572
f 5575 5583 5584
f 5575 5584 5585
f 5575 5585 5586
f 5575 5586 5576
f 5576 5586 5587
f 5576 5587 5577
f 5577 5587 5588
f 5579 5589 5590
f 5579 5590 5581
f 5579 5581 5580
f 5581 5591 5592
f 5581 5592 5582
f 5581 5590 5591
f 5583 5593 5584
f 5584 5587 5585
f 5584 5593 5594
f 5584 5594 5595
f 5584 5595 5587
f 5585 5587 5586
f 5587 5595 5588
f 5588 5595 5596
f 5589 5597 5598
f 5589 5598 5590
f 5590 5598 5591
f 5591 5598 5599
f 5593 5600 5601
f 5593 5601 5594
f 5594 5602 5603
f 5594 5603 5604
f 5594 5604 5605
f 5594 5605 5595
f 5594 5601 5600
f 5594 5600 5606
f 5594 5606 5607
f 5594 5607 5608
f 5594 5608 5602
f 5595 5605 5596
f 5596 5605 5609
f 5597 5610 5611
f 5597 5611 5612
f 5597 5612 5598
f 5598 5612 5599
f 5599 5612 5611
f 5602 5613 5603
f 5602 5608 5613
f 5603 5613 5614
f 5603 5614 5615
f 5603 5615 5604
f 5604 5609 5605
f 5604 5615 5609
f 5607 5616 5608
f 5608 5616 5613
f 5610 5617 5618
f 5610 5618 5611
f 5611 5618 5619
f 5613 5620 5621
f 5613 5621 5615
f 5613 5615 5614
f 5613 5616 5622
f 5613 5622 5620
f 5616 5623 5622
f 5617 5624 5619
f 5617 5619 5618
f 5617 5625 5626
f 5617 5626 5624
f 5619 5626 5627
f 5619 5627 5628
f 5619 5624 5626
f 5620 5629 5630
f 5620 5630 5631
f 5620 5631 5621
f 5620 5622 5623
f 5620 5623 5632
f 5620 5632 5633
f 5620 5633 5629
f 5621 5631 5630
f 5621 5630 5634
f 5625 5635 5636
f 5625 5636 5626
f 5626 5636 5627
f 5627 5636 5637
f 5627 5637 5638
f 5627 5638 5639
f 5627 5639 5640
f 5627 5640 5641
f 5627 5641 5642
f 5627 5642 5643
f 5627 5643 5644
f 5627 5644 5645
f 5627 5645 5646
f 5627 5646 5628
f 5628 5646 5645
f 5629 5641 5630
f 5629 5633 5642
f 5629 5642 5641
f 5630 5641 5634
f 5632 5643 5642
f 5632 5642 5633
f 5635 5639 5637
f 5635 5637 5636
f 5637 5639 5638
f 5643 5645 5644

o geometry_70
v -0.00985378 -0.00311251 0.02308154 0.98823529 0.21568627 0.66274510
v -0.01001362 -0.00311251 0.02319872 0.98823529 0.21568627 0.66274510
v -0.00957590 0.00287933 0.02308154 0.98823529 0.21568627 0.66274510
v -0.00236453 -0.00311251 0.02308154 0.98823529 0.21568627 0.66274510
v -0.00993985 0.00287933 0.02359488 0.98823529 0.21568627 0.66274510
v -0.01120014 -0.00311251 0.02530879 0.98823529 0.21568627 0.66274510
v -0.01492448 0.00287933 0.03080132 0.98823529 0.21568627 0.66274510
v -0.01469209 0.00287933 0.03040592 0.98823529 0.21568627 0.66274510
v -0.01468471 0.00287933 0.03039382 0.98823529 0.21568627 0.66274510
v -0.01464168 0.00287933 0.03032956 0.98823529 0.21568627 0.66274510
v -0.00324982 0.00287933 0.02308154 0.98823529 0.21568627 0.66274510
v -0.00236699 -0.00260919 0.02308154 0.98823529 0.21568627 0.66274510
v -0.00715367 -0.00311251 0.03080434 0.98823529 0.21568627 0.66274510
v -0.01237683 -0.00311251 0.02746800 0.98823529 0.21568627 0.66274510
v -0.01489866 0.00285234 0.03080434 0.98823529 0.21568627 0.66274510
v -0.01487407 0.00287933 0.03080434 0.98823529 0.21568627 0.66274510
v -0.01357688 -0.00311251 0.02967862 0.98823529 0.21568627 0.66274510
v -0.01399739 -0.00311251 0.03064331 0.98823529 0.21568627 0.66274510
v -0.01405641 -0.00311251 0.03080434 0.98823529 0.21568627 0.66274510
v -0.00557860 0.00287933 0.02691081 0.98823529 0.21568627 0.66274510
v -0.00519621 0.00245754 0.02644585 0.98823529 0.21568627 0.66274510
v -0.00307891 0.00202344 0.02308154 0.98823529 0.21568627 0.66274510
v -0.00244691 -0.00148813 0.02308154 0.98823529 0.21568627 0.66274510
v -0.00716842 -0.00260919 0.03080434 0.98823529 0.21568627 0.66274510
v -0.00797993 0.00287933 0.03080434 0.98823529 0.21568627 0.66274510
v -0.00614789 0.00287933 0.02784148 0.98823529 0.21568627 0.66274510
v -0.00303096 0.00177588 0.02308154 0.98823529 0.21568627 0.66274510
v -0.00618354 0.00287933 0.02789969 0.98823529 0.21568627 0.66274510
v -0.00638150 0.00187561 0.02858541 0.98823529 0.21568627 0.66274510
v -0.00603846 0.00187561 0.02802519 0.98823529 0.21568627 0.66274510
v -0.00262274 -0.00038292 0.02308154 0.98823529 0.21568627 0.66274510
v -0.00625609 0.00056155 0.02878727 0.98823529 0.21568627 0.66274510
v -0.00743524 0.00002068 0.03080434 0.98823529 0.21568627 0.66274510
v -0.00741679 -0.00013654 0.03080434 0.98823529 0.21568627 0.66274510
v -0.00731720 -0.00110741 0.03080434 0.98823529 0.21568627 0.66274510
v -0.00721146 -0.00216687 0.03080434 0.98823529 0.21568627 0.66274510
v -0.00776230 0.00188851 0.03080434 0.98823529 0.21568627 0.66274510
v -0.00632371 0.00130892 0.02867764 0.98823529 0.21568627 0.66274510
v -0.00656225 0.00086308 0.02919250 0.98823529 0.21568627 0.66274510
v -0.00718195 0.00075397 0.03022069 0.98823529 0.21568627 0.66274510
v -0.00753114 0.00075397 0.03078091 0.98823529 0.21568627 0.66274510
v -0.00754590 0.00075397 0.03080434 0.98823529 0.21568627 0.66274510
f 5647 5648 5649
f 5647 5649 5657
f 5647 5657 5668
f 5647 5668 5673
f 5647 5673 5677
f 5647 5677 5669
f 5647 5669 5658
f 5647 5658 5650
f 5647 5650 5659
f 5647 5659 5665
f 5647 5665 5664
f 5647 5664 5663
f 5647 5663 5660
f 5647 5660 5652
f 5647 5652 5648
f 5648 5651 5649
f 5648 5652 5653
f 5648 5653 5654
f 5648 5654 5655
f 5648 5655 5656
f 5648 5656 5651
f 5649 5651 5656
f 5649 5656 5655
f 5649 5655 5654
f 5649 5654 5653
f 5649 5653 5662
f 5649 5662 5671
f 5649 5671 5674
f 5649 5674 5672
f 5649 5672 5666
f 5649 5666 5657
f 5650 5658 5659
f 5652 5660 5653
f 5653 5661 5662
f 5653 5660 5663
f 5653 5663 5664
f 5653 5664 5665
f 5653 5665 5661
f 5657 5666 5667
f 5657 5667 5668
f 5658 5669 5670
f 5658 5670 5659
f 5659 5670 5682
f 5659 5682 5681
f 5659 5681 5680
f 5659 5680 5679
f 5659 5679 5688
f 5659 5688 5683
f 5659 5683 5671
f 5659 5671 5662
f 5659 5662 5661
f 5659 5661 5665
f 5666 5672 5667
f 5667 5673 5668
f 5667 5672 5674
f 5667 5674 5675
f 5667 5675 5676
f 5667 5676 5673
f 5669 5677 5678
f 5669 5678 5679
f 5669 5679 5680
f 5669 5680 5681
f 5669 5681 5682
f 5669 5682 5670
f 5671 5683 5675
f 5671 5675 5674
f 5673 5676 5684
f 5673 5684 5677
f 5675 5683 5684
f 5675 5684 5676
f 5677 5684 5678
f 5678 5684 5685
f 5678 5685 5686
f 5678 5686 5687
f 5678 5687 5679
f 5679 5687 5688
f 5683 5688 5687
f 5683 5687 5684
f 5684 5687 5686
f 5684 5686 5685

o geometry_71
v -0.02617834 0.00250168 0.02308154 0.26274510 0.01960784 0.75686275
v -0.02768490 0.00250168 0.02523168 0.26274510 0.01960784 0.75686275
v -0.02767861 0.00255333 0.02523999 0.26274510 0.01960784 0.75686275
v -0.02600868 0.00303841 0.02308154 0.26274510 0.01960784 0.75686275
v -0.01677298 0.00250168 0.02308154 0.26274510 0.01960784 0.75686275
v -0.02993295 0.00250168 0.02858541 0.26274510 0.01960784 0.75686275
v -0.02992509 0.00255183 0.02859524 0.26274510 0.01960784 0.75686275
v -0.02749952 0.00330116 0.02550914 0.26274510 0.01960784 0.75686275
v -0.02650196 0.00355268 0.02419894 0.26274510 0.01960784 0.75686275
v -0.02557038 0.00384388 0.02308154 0.26274510 0.01960784 0.75686275
v -0.01531670 0.00389553 0.02308154 0.26274510 0.01960784 0.75686275
v -0.01531670 0.00324352 0.03080434 0.26274510 0.01960784 0.75686275
v -0.01681697 0.00250168 0.02317150 0.26274510 0.01960784 0.75686275
v -0.03106718 0.00250168 0.03029403 0.26274510 0.01960784 0.75686275
v -0.03118029 0.00275769 0.03063424 0.26274510 0.01960784 0.75686275
v -0.02972872 0.00329891 0.02889311 0.26274510 0.01960784 0.75686275
v -0.02873116 0.00353097 0.02758141 0.26274510 0.01960784 0.75686275
v -0.02774145 0.00371587 0.02625685 0.26274510 0.01960784 0.75686275
v -0.02515564 0.00442328 0.02308154 0.26274510 0.01960784 0.75686275
v -0.01531670 0.01012820 0.02308154 0.26274510 0.01960784 0.75686275
v -0.02093132 0.00250168 0.03080434 0.26274510 0.01960784 0.75686275
v -0.02057471 0.00250168 0.03041272 0.26274510 0.01960784 0.75686275
v -0.01704947 0.00250168 0.02364553 0.26274510 0.01960784 0.75686275
v -0.01531670 0.00970974 0.03080434 0.26274510 0.01960784 0.75686275
v -0.03121171 0.00250168 0.03054049 0.26274510 0.01960784 0.75686275
v -0.03136567 0.00250168 0.03080434 0.26274510 0.01960784 0.75686275
v -0.03125884 0.00281383 0.03080434 0.26274510 0.01960784 0.75686275
v -0.03111745 0.00305712 0.03080434 0.26274510 0.01960784 0.75686275
v -0.03090852 0.00339773 0.03080434 0.26274510 0.01960784 0.75686275
v -0.02997222 0.00369192 0.02964082 0.26274510 0.01960784 0.75686275
v -0.02524519 0.00449290 0.02329625 0.26274510 0.01960784 0.75686275
v -0.02461995 0.00504984 0.02308154 0.26274510 0.01960784 0.75686275
v -0.01531670 0.01012970 0.02309741 0.26274510 0.01960784 0.75686275
v -0.01585397 0.01004361 0.02308154 0.26274510 0.01960784 0.75686275
v -0.01531670 0.00975391 0.03036131 0.26274510 0.01960784 0.75686275
v -0.01585397 0.00972247 0.03080434 0.26274510 0.01960784 0.75686275
v -0.03033511 0.00411037 0.03080434 0.26274510 0.01960784 0.75686275
v -0.02965331 0.00443975 0.03015189 0.26274510 0.01960784 0.75686275
v -0.02547612 0.00478335 0.02404396 0.26274510 0.01960784 0.75686275
v -0.02442672 0.00525345 0.02308154 0.26274510 0.01960784 0.75686275
v -0.01585397 0.01009002 0.02363419 0.26274510 0.01960784 0.75686275
v -0.01531670 0.01014916 0.02363419 0.26274510 0.01960784 0.75686275
v -0.01642266 0.00991485 0.02308154 0.26274510 0.01960784 0.75686275
v -0.01531670 0.00980257 0.02982453 0.26274510 0.01960784 0.75686275
v -0.01585397 0.00976664 0.03036131 0.26274510 0.01960784 0.75686275
v -0.01629698 0.00971723 0.03080434 0.26274510 0.01960784 0.75686275
v -0.02985283 0.00465983 0.03080434 0.26274510 0.01960784 0.75686275
v -0.02410310 0.00559106 0.02308154 0.26274510 0.01960784 0.75686275
v -0.01585397 0.01007730 0.02475538 0.26274510 0.01960784 0.75686275
v -0.01697564 0.00983476 0.02363419 0.26274510 0.01960784 0.75686275
v -0.01921740 0.00956901 0.02811894 0.26274510 0.01960784 0.75686275
v -0.01921740 0.00959147 0.02924013 0.26274510 0.01960784 0.75686275
v -0.01531670 0.01014242 0.02421860 0.26274510 0.01960784 0.75686275
v -0.01697564 0.00976140 0.02308154 0.26274510 0.01960784 0.75686275
v -0.01531670 0.01012221 0.02475538 0.26274510 0.01960784 0.75686275
v -0.01741865 0.00966483 0.03080434 0.26274510 0.01960784 0.75686275
v -0.02975386 0.00475190 0.03080434 0.26274510 0.01960784 0.75686275
v -0.02436859 0.00589349 0.02402128 0.26274510 0.01960784 0.75686275
v -0.02413766 0.00567939 0.02327432 0.26274510 0.01960784 0.75686275
v -0.02348728 0.00614202 0.02308154 0.26274510 0.01960784 0.75686275
v -0.01921740 0.00956751 0.03036131 0.26274510 0.01960784 0.75686275
v -0.02006572 0.00927108 0.02699700 0.26274510 0.01960784 0.75686275
v -0.02038777 0.00929279 0.02822630 0.26274510 0.01960784 0.75686275
v -0.02033907 0.00935267 0.02924013 0.26274510 0.01960784 0.75686275
v -0.02197916 0.00900458 0.03080434 0.26274510 0.01960784 0.75686275
v -0.02033907 0.00935192 0.03036131 0.26274510 0.01960784 0.75686275
v -0.02063441 0.00928829 0.03080434 0.26274510 0.01960784 0.75686275
v -0.01764801 0.00953233 0.02308154 0.26274510 0.01960784 0.75686275
v -0.01809731 0.00962815 0.03080434 0.26274510 0.01960784 0.75686275
v -0.02954963 0.00492857 0.03080434 0.26274510 0.01960784 0.75686275
v -0.02458224 0.00607090 0.02475538 0.26274510 0.01960784 0.75686275
v -0.02308983 0.00646241 0.02308154 0.26274510 0.01960784 0.75686275
v -0.02929356 0.00514416 0.03080434 0.26274510 0.01960784 0.75686275
v -0.02882384 0.00553866 0.03080434 0.26274510 0.01960784 0.75686275
v -0.02862433 0.00570410 0.03080434 0.26274510 0.01960784 0.75686275
v -0.01966041 0.00947095 0.03080434 0.26274510 0.01960784 0.75686275
v -0.01921740 0.00954431 0.03080434 0.26274510 0.01960784 0.75686275
v -0.01989292 0.00921119 0.02619032 0.26274510 0.01960784 0.75686275
v -0.02375906 0.00842668 0.03080434 0.26274510 0.01960784 0.75686275
v -0.02302385 0.00870515 0.03080434 0.26274510 0.01960784 0.75686275
v -0.02258241 0.00884514 0.03080434 0.26274510 0.01960784 0.75686275
v -0.01807374 0.00937139 0.02308154 0.26274510 0.01960784 0.75686275
v -0.01819785 0.00940732 0.02354498 0.26274510 0.01960784 0.75686275
v -0.02387374 0.00663084 0.02475538 0.26274510 0.01960784 0.75686275
v -0.02278977 0.00669746 0.02308154 0.26274510 0.01960784 0.75686275
v -0.02806821 0.00608288 0.03080434 0.26274510 0.01960784 0.75686275
v -0.02411252 0.00681574 0.02559230 0.26274510 0.01960784 0.75686275
v -0.01879795 0.00922766 0.02385949 0.26274510 0.01960784 0.75686275
v -0.01863929 0.00915580 0.02311178 0.26274510 0.01960784 0.75686275
v -0.02380462 0.00832188 0.03027059 0.26274510 0.01960784 0.75686275
v -0.02414237 0.00826349 0.03080434 0.26274510 0.01960784 0.75686275
v -0.01863143 0.00915205 0.02308154 0.26274510 0.01960784 0.75686275
v -0.02314638 0.00692428 0.02418760 0.26274510 0.01960784 0.75686275
v -0.02229021 0.00705229 0.02308154 0.26274510 0.01960784 0.75686275
v -0.02754037 0.00643022 0.03080434 0.26274510 0.01960784 0.75686275
v -0.02431047 0.00695497 0.02634001 0.26274510 0.01960784 0.75686275
v -0.02331447 0.00702833 0.02475538 0.26274510 0.01960784 0.75686275
v -0.02313381 0.00803817 0.02757460 0.26274510 0.01960784 0.75686275
v -0.02331290 0.00813399 0.02832155 0.26274510 0.01960784 0.75686275
v -0.02353755 0.00823804 0.02924013 0.26274510 0.01960784 0.75686275
v -0.02440472 0.00811228 0.03058434 0.26274510 0.01960784 0.75686275
v -0.02444557 0.00813099 0.03080434 0.26274510 0.01960784 0.75686275
v -0.01920326 0.00884214 0.02308154 0.26274510 0.01960784 0.75686275
v -0.02203257 0.00721024 0.02308154 0.26274510 0.01960784 0.75686275
v -0.02662921 0.00699165 0.03080434 0.26274510 0.01960784 0.75686275
v -0.02660722 0.00698117 0.03071892 0.26274510 0.01960784 0.75686275
v -0.02641870 0.00686589 0.02997121 0.26274510 0.01960784 0.75686275
v -0.02372450 0.00718104 0.02593024 0.26274510 0.01960784 0.75686275
v -0.02102872 0.00781434 0.02308154 0.26274510 0.01960784 0.75686275
v -0.02297043 0.00795283 0.02699700 0.26274510 0.01960784 0.75686275
v -0.02600397 0.00721248 0.03035149 0.26274510 0.01960784 0.75686275
v -0.02424606 0.00803442 0.02983663 0.26274510 0.01960784 0.75686275
v -0.01981908 0.00850828 0.02308154 0.26274510 0.01960784 0.75686275
v -0.02479589 0.00784503 0.03027059 0.26274510 0.01960784 0.75686275
v -0.02530174 0.00769906 0.03080434 0.26274510 0.01960784 0.75686275
v -0.02632287 0.00715784 0.03080434 0.26274510 0.01960784 0.75686275
v -0.02023539 0.00827322 0.02308154 0.26274510 0.01960784 0.75686275
f 5689 5690 5691
f 5689 5691 5692
f 5689 5692 5698
f 5689 5698 5707
f 5689 5707 5720
f 5689 5720 5728
f 5689 5728 5736
f 5689 5736 5748
f 5689 5748 5760
f 5689 5760 5773
f 5689 5773 5782
f 5689 5782 5792
f 5689 5792 5797
f 5689 5797 5805
f 5689 5805 5801
f 5689 5801 5791
f 5689 5791 5780
f 5689 5780 5770
f 5689 5770 5756
f 5689 5756 5742
f 5689 5742 5731
f 5689 5731 5722
f 5689 5722 5708
f 5689 5708 5699
f 5689 5699 5693
f 5689 5693 5701
f 5689 5701 5711
f 5689 5711 5710
f 5689 5710 5709
f 5689 5709 5714
f 5689 5714 5713
f 5689 5713 5702
f 5689 5702 5694
f 5689 5694 5690
f 5690 5694 5691
f 5691 5694 5695
f 5691 5695 5692
f 5692 5695 5696
f 5692 5696 5697
f 5692 5697 5698
f 5693 5699 5700
f 5693 5700 5701
f 5694 5702 5695
f 5695 5702 5703
f 5695 5703 5696
f 5696 5703 5697
f 5697 5703 5704
f 5697 5704 5705
f 5697 5705 5706
f 5697 5706 5698
f 5698 5706 5707
f 5699 5708 5721
f 5699 5721 5730
f 5699 5730 5741
f 5699 5741 5743
f 5699 5743 5732
f 5699 5732 5723
f 5699 5723 5712
f 5699 5712 5700
f 5700 5709 5710
f 5700 5710 5711
f 5700 5711 5701
f 5700 5712 5724
f 5700 5724 5734
f 5700 5734 5744
f 5700 5744 5757
f 5700 5757 5765
f 5700 5765 5764
f 5700 5764 5755
f 5700 5755 5753
f 5700 5753 5769
f 5700 5769 5768
f 5700 5768 5767
f 5700 5767 5779
f 5700 5779 5790
f 5700 5790 5803
f 5700 5803 5804
f 5700 5804 5793
f 5700 5793 5783
f 5700 5783 5774
f 5700 5774 5763
f 5700 5763 5762
f 5700 5762 5761
f 5700 5761 5758
f 5700 5758 5745
f 5700 5745 5735
f 5700 5735 5725
f 5700 5725 5717
f 5700 5717 5716
f 5700 5716 5715
f 5700 5715 5714
f 5700 5714 5709
f 5702 5713 5703
f 5703 5713 5714
f 5703 5714 5715
f 5703 5715 5704
f 5704 5715 5716
f 5704 5716 5717
f 5704 5717 5718
f 5704 5718 5705
f 5705 5718 5706
f 5706 5718 5707
f 5707 5718 5719
f 5707 5719 5720
f 5708 5722 5721
f 5712 5723 5733
f 5712 5733 5724
f 5717 5725 5718
f 5718 5725 5726
f 5718 5726 5727
f 5718 5727 5719
f 5719 5727 5720
f 5720 5727 5726
f 5720 5726 5728
f 5721 5722 5729
f 5721 5729 5730
f 5722 5731 5729
f 5723 5732 5733
f 5724 5733 5734
f 5725 5735 5726
f 5726 5735 5728
f 5728 5735 5736
f 5729 5737 5730
f 5729 5731 5738
f 5729 5738 5739
f 5729 5739 5740
f 5729 5740 5737
f 5730 5737 5741
f 5731 5742 5738
f 5732 5743 5733
f 5733 5743 5744
f 5733 5744 5734
f 5735 5745 5746
f 5735 5746 5747
f 5735 5747 5736
f 5736 5747 5748
f 5737 5743 5741
f 5737 5740 5749
f 5737 5749 5743
f 5738 5742 5750
f 5738 5750 5751
f 5738 5751 5739
f 5739 5751 5752
f 5739 5752 5740
f 5740 5752 5753
f 5740 5753 5754
f 5740 5754 5755
f 5740 5755 5749
f 5742 5756 5750
f 5743 5749 5757
f 5743 5757 5744
f 5745 5758 5746
f 5746 5759 5760
f 5746 5760 5748
f 5746 5748 5747
f 5746 5758 5761
f 5746 5761 5762
f 5746 5762 5763
f 5746 5763 5759
f 5749 5755 5764
f 5749 5764 5765
f 5749 5765 5757
f 5750 5756 5766
f 5750 5766 5767
f 5750 5767 5768
f 5750 5768 5751
f 5751 5768 5769
f 5751 5769 5753
f 5751 5753 5752
f 5753 5755 5754
f 5756 5770 5771
f 5756 5771 5766
f 5759 5772 5760
f 5759 5763 5772
f 5760 5772 5773
f 5763 5774 5775
f 5763 5775 5772
f 5766 5771 5776
f 5766 5776 5777
f 5766 5777 5778
f 5766 5778 5767
f 5767 5778 5779
f 5770 5780 5777
f 5770 5777 5771
f 5771 5777 5776
f 5772 5775 5781
f 5772 5781 5773
f 5773 5781 5782
f 5774 5783 5784
f 5774 5784 5775
f 5775 5784 5785
f 5775 5785 5781
f 5777 5780 5786
f 5777 5786 5787
f 5777 5787 5788
f 5777 5788 5778
f 5778 5788 5789
f 5778 5789 5779
f 5779 5789 5790
f 5780 5791 5786
f 5781 5785 5782
f 5782 5785 5792
f 5783 5793 5794
f 5783 5794 5795
f 5783 5795 5784
f 5784 5796 5785
f 5784 5795 5796
f 5785 5797 5792
f 5785 5796 5797
f 5786 5798 5796
f 5786 5796 5795
f 5786 5795 5794
f 5786 5794 5799
f 5786 5799 5800
f 5786 5800 5787
f 5786 5791 5801
f 5786 5801 5798
f 5787 5800 5788
f 5788 5800 5789
f 5789 5800 5802
f 5789 5802 5803
f 5789 5803 5790
f 5793 5804 5800
f 5793 5800 5794
f 5794 5800 5799
f 5796 5798 5805
f 5796 5805 5797
f 5798 5801 5805
f 5800 5804 5802
f 5802 5804 5803

o geometry_72
v -0.02644299 0.00075408 0.02308154 0.31764706 0.38039216 0.58823529
v -0.02638440 0.00170876 0.02308154 0.31764706 0.38039216 0.58823529
v -0.02626723 -0.00038586 0.02308154 0.31764706 0.38039216 0.58823529
v -0.03099581 0.00017387 0.02979127 0.31764706 0.38039216 0.58823529
v -0.03173740 0.00075408 0.03080434 0.31764706 0.38039216 0.58823529
v -0.02874946 0.00126537 0.02643451 0.31764706 0.38039216 0.58823529
v -0.02874946 0.00132679 0.02643451 0.31764706 0.38039216 0.58823529
v -0.02637207 0.00187554 0.02308154 0.31764706 0.38039216 0.58823529
v -0.02584633 -0.00150582 0.02308154 0.31764706 0.38039216 0.58823529
v -0.02662337 -0.00119075 0.02401599 0.31764706 0.38039216 0.58823529
v -0.02987495 -0.00094160 0.02866933 0.31764706 0.38039216 0.58823529
v -0.03153389 -0.00031446 0.03080434 0.31764706 0.38039216 0.58823529
v -0.03165877 0.00032566 0.03080434 0.31764706 0.38039216 0.58823529
v -0.03163256 0.00186056 0.03080434 0.31764706 0.38039216 0.58823529
v -0.03102048 0.00144712 0.02975800 0.31764706 0.38039216 0.58823529
v -0.02768411 0.00250168 0.02523168 0.31764706 0.38039216 0.58823529
v -0.02765481 0.00250168 0.02518934 0.31764706 0.38039216 0.58823529
v -0.02617780 0.00250168 0.02308154 0.31764706 0.38039216 0.58823529
v -0.03093260 0.00219460 0.02988653 0.31764706 0.38039216 0.58823529
v -0.02621172 -0.00153378 0.02363873 0.31764706 0.38039216 0.58823529
v -0.02557343 -0.00205507 0.02308154 0.31764706 0.38039216 0.58823529
v -0.02645070 -0.00193823 0.02427530 0.31764706 0.38039216 0.58823529
v -0.03090793 -0.00188930 0.03080434 0.31764706 0.38039216 0.58823529
v -0.03118236 -0.00127813 0.03080434 0.31764706 0.38039216 0.58823529
v -0.03113303 -0.00124967 0.03071438 0.31764706 0.38039216 0.58823529
v -0.03124404 -0.00111336 0.03080434 0.31764706 0.38039216 0.58823529
v -0.03136429 0.00250168 0.03080434 0.31764706 0.38039216 0.58823529
v -0.03121320 0.00250168 0.03054049 0.31764706 0.38039216 0.58823529
v -0.03106827 0.00250168 0.03029403 0.31764706 0.38039216 0.58823529
v -0.03129645 0.00184258 0.03030083 0.31764706 0.38039216 0.58823529
v -0.02993199 0.00250168 0.02858541 0.31764706 0.38039216 0.58823529
v -0.01677151 0.00250168 0.02308154 0.31764706 0.38039216 0.58823529
v -0.02548401 -0.00221635 0.02308154 0.31764706 0.38039216 0.58823529
v -0.03076146 -0.00215243 0.03080434 0.31764706 0.38039216 0.58823529
v -0.02093119 0.00250168 0.03080434 0.31764706 0.38039216 0.58823529
v -0.01704903 0.00250168 0.02364553 0.31764706 0.38039216 0.58823529
v -0.01598830 -0.00259932 0.02308154 0.31764706 0.38039216 0.58823529
v -0.02522345 -0.00259932 0.02308154 0.31764706 0.38039216 0.58823529
v -0.02530054 -0.00259932 0.02319267 0.31764706 0.38039216 0.58823529
v -0.03047778 -0.00259932 0.03080434 0.31764706 0.38039216 0.58823529
v -0.02109307 -0.00259932 0.03080434 0.31764706 0.38039216 0.58823529
v -0.02057350 0.00250168 0.03041272 0.31764706 0.38039216 0.58823529
v -0.01921212 -0.00259932 0.02810231 0.31764706 0.38039216 0.58823529
f 5806 5807 5813
f 5806 5813 5823
f 5806 5823 5837
f 5806 5837 5842
f 5806 5842 5843
f 5806 5843 5838
f 5806 5838 5826
f 5806 5826 5814
f 5806 5814 5808
f 5806 5808 5809
f 5806 5809 5810
f 5806 5810 5811
f 5806 5811 5812
f 5806 5812 5807
f 5807 5812 5813
f 5808 5814 5815
f 5808 5815 5816
f 5808 5816 5817
f 5808 5817 5809
f 5809 5817 5818
f 5809 5818 5810
f 5810 5818 5817
f 5810 5817 5831
f 5810 5831 5829
f 5810 5829 5828
f 5810 5828 5839
f 5810 5839 5845
f 5810 5845 5846
f 5810 5846 5840
f 5810 5840 5832
f 5810 5832 5819
f 5810 5819 5820
f 5810 5820 5812
f 5810 5812 5811
f 5812 5820 5813
f 5813 5821 5822
f 5813 5822 5823
f 5813 5820 5824
f 5813 5824 5821
f 5814 5825 5815
f 5814 5826 5827
f 5814 5827 5825
f 5815 5825 5828
f 5815 5828 5829
f 5815 5829 5816
f 5816 5829 5830
f 5816 5830 5831
f 5816 5831 5817
f 5819 5832 5833
f 5819 5833 5834
f 5819 5834 5824
f 5819 5824 5835
f 5819 5835 5820
f 5820 5835 5824
f 5821 5824 5836
f 5821 5836 5834
f 5821 5834 5833
f 5821 5833 5832
f 5821 5832 5840
f 5821 5840 5847
f 5821 5847 5841
f 5821 5841 5837
f 5821 5837 5823
f 5821 5823 5822
f 5824 5834 5836
f 5825 5827 5828
f 5826 5838 5827
f 5827 5838 5839
f 5827 5839 5828
f 5829 5831 5830
f 5837 5841 5842
f 5838 5843 5844
f 5838 5844 5845
f 5838 5845 5839
f 5840 5846 5847
f 5841 5847 5842
f 5842 5847 5848
f 5842 5848 5846
f 5842 5846 5845
f 5842 5845 5844
f 5842 5844 5843
f 5846 5848 5847

o geometry_73
v -0.01086263 0.00481421 0.01584096 0.82745098 0.62745098 0.87058824
v -0.00995605 0.00380935 0.02252943 0.82745098 0.62745098 0.87058824
v -0.01022802 0.00380935 0.02308007 0.82745098 0.62745098 0.87058824
v -0.01086263 0.00427426 0.02308007 0.82745098 0.62745098 0.87058824
v -0.01086263 0.01064495 0.01584096 0.82745098 0.62745098 0.87058824
v -0.00539758 0.00380935 0.01584096 0.82745098 0.62745098 0.87058824
v -0.00543478 0.00380935 0.01588065 0.82745098 0.62745098 0.87058824
v -0.00345658 0.00380935 0.02308007 0.82745098 0.62745098 0.87058824
v -0.01086263 0.01037498 0.02308007 0.82745098 0.62745098 0.87058824
v -0.01086263 0.01065337 0.01640081 0.82745098 0.62745098 0.87058824
v -0.01030241 0.01070947 0.01584096 0.82745098 0.62745098 0.87058824
v 0.00101123 0.00380935 0.01584096 0.82745098 0.62745098 0.87058824
v -0.00338103 0.00380935 0.02296173 0.82745098 0.62745098 0.87058824
v -0.00352515 0.00411859 0.02308007 0.82745098 0.62745098 0.87058824
v -0.01024662 0.01036025 0.02308007 0.82745098 0.62745098 0.87058824
v -0.01086263 0.01037708 0.02306306 0.82745098 0.62745098 0.87058824
v -0.01086263 0.01065126 0.01690610 0.82745098 0.62745098 0.87058824
v -0.01024662 0.01071157 0.01690610 0.82745098 0.62745098 0.87058824
v -0.01024662 0.01071507 0.01584096 0.82745098 0.62745098 0.87058824
v -0.00060550 0.00380935 0.01848999 0.82745098 0.62745098 0.87058824
v 0.00092522 0.00411859 0.01584096 0.82745098 0.62745098 0.87058824
v -0.00295563 0.00468869 0.02195612 0.82745098 0.62745098 0.87058824
v -0.00324969 0.00380935 0.02275479 0.82745098 0.62745098 0.87058824
v -0.00320436 0.00380935 0.02268322 0.82745098 0.62745098 0.87058824
v -0.00284987 0.00380935 0.02212265 0.82745098 0.62745098 0.87058824
v -0.00323923 0.00411859 0.02262723 0.82745098 0.62745098 0.87058824
v -0.00363324 0.00451549 0.02308007 0.82745098 0.62745098 0.87058824
v -0.01024662 0.01041916 0.02251242 0.82745098 0.62745098 0.87058824
v -0.00985493 0.01033571 0.02308007 0.82745098 0.62745098 0.87058824
v -0.00688182 0.01079642 0.01802793 0.82745098 0.62745098 0.87058824
v -0.01086263 0.01039882 0.02282424 0.82745098 0.62745098 0.87058824
v -0.00688182 0.01090230 0.01690610 0.82745098 0.62745098 0.87058824
v -0.01086263 0.01063233 0.01752194 0.82745098 0.62745098 0.87058824
v -0.01024662 0.01067300 0.01802793 0.82745098 0.62745098 0.87058824
v -0.00800342 0.01090721 0.01584096 0.82745098 0.62745098 0.87058824
v -0.00805921 0.01090300 0.01584096 0.82745098 0.62745098 0.87058824
v -0.00077984 0.00380935 0.01877275 0.82745098 0.62745098 0.87058824
v 0.00063465 0.00510172 0.01584096 0.82745098 0.62745098 0.87058824
v -0.00209090 0.00529666 0.02023829 0.82745098 0.62745098 0.87058824
v -0.00306954 0.00543620 0.02177257 0.82745098 0.62745098 0.87058824
v -0.00337405 0.00513327 0.02240258 0.82745098 0.62745098 0.87058824
v -0.00382967 0.00521672 0.02308007 0.82745098 0.62745098 0.87058824
v -0.00288590 0.00411859 0.02206667 0.82745098 0.62745098 0.87058824
v -0.00274642 0.00513327 0.02139555 0.82745098 0.62745098 0.87058824
v -0.00948765 0.01030766 0.02308007 0.82745098 0.62745098 0.87058824
v -0.00688182 0.01064355 0.01914905 0.82745098 0.62745098 0.87058824
v -0.00469673 0.01090861 0.01584096 0.82745098 0.62745098 0.87058824
v -0.00576138 0.01097032 0.01584096 0.82745098 0.62745098 0.87058824
v -0.00581717 0.01097313 0.01584096 0.82745098 0.62745098 0.87058824
v -0.01086263 0.01042687 0.02251242 0.82745098 0.62745098 0.87058824
v -0.00688182 0.01097243 0.01584096 0.82745098 0.62745098 0.87058824
v -0.01086263 0.01046053 0.02200643 0.82745098 0.62745098 0.87058824
v -0.01086263 0.01061480 0.01802793 0.82745098 0.62745098 0.87058824
v -0.01086263 0.01050751 0.02088531 0.82745098 0.62745098 0.87058824
v -0.00800342 0.01086163 0.01690610 0.82745098 0.62745098 0.87058824
v -0.00693877 0.01097032 0.01584096 0.82745098 0.62745098 0.87058824
v 0.00060792 0.00519007 0.01584096 0.82745098 0.62745098 0.87058824
v -0.00186425 0.00570758 0.01966426 0.82745098 0.62745098 0.87058824
v -0.00283941 0.00614655 0.02102492 0.82745098 0.62745098 0.87058824
v -0.00404818 0.00588149 0.02308007 0.82745098 0.62745098 0.87058824
v -0.00888559 0.01023824 0.02308007 0.82745098 0.62745098 0.87058824
v -0.00879726 0.01025787 0.02291495 0.82745098 0.62745098 0.87058824
v -0.00831142 0.01032098 0.02216730 0.82745098 0.62745098 0.87058824
v -0.00576138 0.01068492 0.01802793 0.82745098 0.62745098 0.87058824
v -0.00464094 0.01090090 0.01584096 0.82745098 0.62745098 0.87058824
v 0.00039871 0.00586606 0.01584096 0.82745098 0.62745098 0.87058824
v 0.00024064 0.00636113 0.01584096 0.82745098 0.62745098 0.87058824
v 0.00020809 0.00645930 0.01584096 0.82745098 0.62745098 0.87058824
v -0.00197351 0.00636113 0.01948355 0.82745098 0.62745098 0.87058824
v -0.00296842 0.00689406 0.02081373 0.82745098 0.62745098 0.87058824
v -0.00317995 0.00645650 0.02139555 0.82745098 0.62745098 0.87058824
v -0.00254767 0.00645650 0.02037223 0.82745098 0.62745098 0.87058824
v -0.00419346 0.00628610 0.02308007 0.82745098 0.62745098 0.87058824
v -0.00383316 0.00628610 0.02251809 0.82745098 0.62745098 0.87058824
v -0.00858572 0.01018214 0.02308007 0.82745098 0.62745098 0.87058824
v -0.00756408 0.01026699 0.02186470 0.82745098 0.62745098 0.87058824
v -0.00464094 0.01070315 0.01690610 0.82745098 0.62745098 0.87058824
v -0.00717355 0.01034202 0.02111704 0.82745098 0.62745098 0.87058824
v -0.00357629 0.01069825 0.01584096 0.82745098 0.62745098 0.87058824
v -0.00018011 0.00747398 0.01584096 0.82745098 0.62745098 0.87058824
v -0.00311487 0.00748170 0.02059192 0.82745098 0.62745098 0.87058824
v -0.00395287 0.00717245 0.02214816 0.82745098 0.62745098 0.87058824
v -0.00419346 0.00661007 0.02289582 0.82745098 0.62745098 0.87058824
v -0.00072405 0.00802585 0.01633420 0.82745098 0.62745098 0.87058824
v -0.00276037 0.00748170 0.02003135 0.82745098 0.62745098 0.87058824
v -0.00427715 0.00651750 0.02308007 0.82745098 0.62745098 0.87058824
v -0.00798366 0.01004610 0.02308007 0.82745098 0.62745098 0.87058824
v -0.00796390 0.01018775 0.02252943 0.82745098 0.62745098 0.87058824
v -0.00642620 0.01026068 0.02073436 0.82745098 0.62745098 0.87058824
v -0.00501984 0.01035254 0.01881456 0.82745098 0.62745098 0.87058824
v -0.00352166 0.01068282 0.01584096 0.82745098 0.62745098 0.87058824
v -0.00020916 0.00753990 0.01584096 0.82745098 0.62745098 0.87058824
v -0.00291379 0.00811000 0.01978119 0.82745098 0.62745098 0.87058824
v -0.00414813 0.00791926 0.02184981 0.82745098 0.62745098 0.87058824
v -0.00470487 0.00745365 0.02308007 0.82745098 0.62745098 0.87058824
v -0.00061829 0.00836665 0.01584096 0.82745098 0.62745098 0.87058824
v -0.00745017 0.00987009 0.02308007 0.82745098 0.62745098 0.87058824
v -0.00534877 0.01023613 0.01956150 0.82745098 0.62745098 0.87058824
v -0.00396914 0.01033641 0.01761903 0.82745098 0.62745098 0.87058824
v -0.00356467 0.01042126 0.01682885 0.82745098 0.62745098 0.87058824
v -0.00274759 0.01041214 0.01584096 0.82745098 0.62745098 0.87058824
v -0.00294866 0.00917307 0.01860338 0.82745098 0.62745098 0.87058824
v -0.00511050 0.00814927 0.02308007 0.82745098 0.62745098 0.87058824
v -0.00085423 0.00875233 0.01584096 0.82745098 0.62745098 0.87058824
v -0.00195607 0.00899776 0.01729445 0.82745098 0.62745098 0.87058824
v -0.00688298 0.00961835 0.02308007 0.82745098 0.62745098 0.87058824
v -0.00688182 0.00983433 0.02251242 0.82745098 0.62745098 0.87058824
v -0.00427366 0.01019757 0.01836668 0.82745098 0.62745098 0.87058824
v -0.00291844 0.01030836 0.01640365 0.82745098 0.62745098 0.87058824
v -0.00272085 0.01040233 0.01584096 0.82745098 0.62745098 0.87058824
v -0.00276037 0.00933926 0.01802793 0.82745098 0.62745098 0.87058824
v -0.00396217 0.00926423 0.01988324 0.82745098 0.62745098 0.87058824
v -0.00523138 0.00913660 0.02191005 0.82745098 0.62745098 0.87058824
v -0.00565096 0.00872077 0.02308007 0.82745098 0.62745098 0.87058824
v -0.00170734 0.00929648 0.01654680 0.82745098 0.62745098 0.87058824
v -0.00138655 0.00941710 0.01584096 0.82745098 0.62745098 0.87058824
v -0.00647037 0.00940167 0.02308007 0.82745098 0.62745098 0.87058824
v -0.00215598 0.01005381 0.01584096 0.82745098 0.62745098 0.87058824
v -0.00620886 0.00924529 0.02308007 0.82745098 0.62745098 0.87058824
v -0.00496870 0.00933856 0.02116311 0.82745098 0.62745098 0.87058824
f 5849 5850 5851
f 5849 5851 5852
f 5849 5852 5857
f 5849 5857 5864
f 5849 5864 5879
f 5849 5879 5898
f 5849 5898 5900
f 5849 5900 5902
f 5849 5902 5901
f 5849 5901 5881
f 5849 5881 5865
f 5849 5865 5858
f 5849 5858 5853
f 5849 5853 5859
f 5849 5859 5867
f 5849 5867 5884
f 5849 5884 5883
f 5849 5883 5904
f 5849 5904 5899
f 5849 5899 5897
f 5849 5897 5896
f 5849 5896 5895
f 5849 5895 5913
f 5849 5913 5927
f 5849 5927 5939
f 5849 5939 5949
f 5849 5949 5958
f 5849 5958 5966
f 5849 5966 5964
f 5849 5964 5952
f 5849 5952 5944
f 5849 5944 5940
f 5849 5940 5928
f 5849 5928 5916
f 5849 5916 5915
f 5849 5915 5914
f 5849 5914 5905
f 5849 5905 5886
f 5849 5886 5869
f 5849 5869 5860
f 5849 5860 5854
f 5849 5854 5855
f 5849 5855 5850
f 5850 5855 5854
f 5850 5854 5860
f 5850 5860 5868
f 5850 5868 5885
f 5850 5885 5873
f 5850 5873 5872
f 5850 5872 5871
f 5850 5871 5861
f 5850 5861 5856
f 5850 5856 5851
f 5851 5856 5862
f 5851 5862 5875
f 5851 5875 5890
f 5851 5890 5908
f 5851 5908 5921
f 5851 5921 5934
f 5851 5934 5943
f 5851 5943 5951
f 5851 5951 5962
f 5851 5962 5967
f 5851 5967 5965
f 5851 5965 5954
f 5851 5954 5945
f 5851 5945 5935
f 5851 5935 5923
f 5851 5923 5909
f 5851 5909 5893
f 5851 5893 5877
f 5851 5877 5863
f 5851 5863 5857
f 5851 5857 5852
f 5853 5858 5859
f 5856 5861 5862
f 5857 5863 5864
f 5858 5865 5866
f 5858 5866 5867
f 5858 5867 5859
f 5860 5869 5870
f 5860 5870 5868
f 5861 5871 5862
f 5862 5871 5872
f 5862 5872 5873
f 5862 5873 5874
f 5862 5874 5870
f 5862 5870 5875
f 5863 5876 5864
f 5863 5877 5878
f 5863 5878 5876
f 5864 5876 5878
f 5864 5878 5880
f 5864 5880 5879
f 5865 5881 5866
f 5866 5881 5882
f 5866 5882 5883
f 5866 5883 5884
f 5866 5884 5867
f 5868 5870 5885
f 5869 5886 5887
f 5869 5887 5870
f 5870 5888 5889
f 5870 5889 5890
f 5870 5890 5875
f 5870 5874 5891
f 5870 5891 5885
f 5870 5887 5892
f 5870 5892 5888
f 5873 5891 5874
f 5873 5885 5891
f 5877 5893 5878
f 5878 5893 5894
f 5878 5894 5895
f 5878 5895 5896
f 5878 5896 5897
f 5878 5897 5880
f 5879 5880 5898
f 5880 5899 5900
f 5880 5900 5898
f 5880 5897 5899
f 5881 5901 5882
f 5882 5901 5902
f 5882 5902 5900
f 5882 5900 5903
f 5882 5903 5883
f 5883 5903 5904
f 5886 5905 5906
f 5886 5906 5887
f 5887 5906 5892
f 5888 5890 5889
f 5888 5892 5906
f 5888 5906 5907
f 5888 5907 5908
f 5888 5908 5890
f 5893 5909 5910
f 5893 5910 5894
f 5894 5910 5911
f 5894 5911 5912
f 5894 5912 5895
f 5895 5912 5913
f 5899 5904 5900
f 5900 5904 5903
f 5905 5914 5906
f 5906 5914 5915
f 5906 5915 5916
f 5906 5916 5917
f 5906 5917 5907
f 5907 5918 5919
f 5907 5919 5908
f 5907 5917 5920
f 5907 5920 5918
f 5908 5919 5922
f 5908 5922 5921
f 5909 5923 5924
f 5909 5924 5910
f 5910 5924 5911
f 5911 5924 5912
f 5912 5925 5913
f 5912 5924 5926
f 5912 5926 5925
f 5913 5925 5927
f 5916 5928 5918
f 5916 5918 5917
f 5917 5918 5920
f 5918 5929 5930
f 5918 5930 5931
f 5918 5931 5922
f 5918 5922 5919
f 5918 5928 5932
f 5918 5932 5933
f 5918 5933 5929
f 5921 5922 5934
f 5922 5931 5934
f 5923 5935 5936
f 5923 5936 5924
f 5924 5936 5935
f 5924 5935 5937
f 5924 5937 5925
f 5924 5925 5926
f 5925 5937 5927
f 5927 5938 5939
f 5927 5937 5938
f 5928 5940 5932
f 5929 5933 5941
f 5929 5941 5930
f 5930 5941 5942
f 5930 5942 5943
f 5930 5943 5931
f 5931 5943 5934
f 5932 5940 5944
f 5932 5944 5941
f 5932 5941 5933
f 5935 5945 5937
f 5937 5945 5946
f 5937 5946 5938
f 5938 5946 5947
f 5938 5947 5939
f 5939 5947 5948
f 5939 5948 5949
f 5941 5950 5951
f 5941 5951 5942
f 5941 5944 5952
f 5941 5952 5953
f 5941 5953 5950
f 5942 5951 5943
f 5945 5954 5955
f 5945 5955 5946
f 5946 5956 5947
f 5946 5955 5956
f 5947 5957 5958
f 5947 5958 5948
f 5947 5956 5957
f 5948 5958 5949
f 5950 5959 5960
f 5950 5960 5961
f 5950 5961 5962
f 5950 5962 5951
f 5950 5953 5963
f 5950 5963 5959
f 5952 5964 5963
f 5952 5963 5953
f 5954 5965 5957
f 5954 5957 5956
f 5954 5956 5955
f 5957 5966 5958
f 5957 5965 5967
f 5957 5967 5966
f 5959 5963 5966
f 5959 5966 5960
f 5960 5968 5961
f 5960 5966 5968
f 5961 5968 5967
f 5961 5967 5962
f 5963 5964 5966
f 5966 5967 5968

o geometry_74
v -0.00539748 0.00380935 0.01584096 0.27058824 0.79607843 0.18431373
v -0.00492461 -0.00197490 0.01584096 0.27058824 0.79607843 0.18431373
v -0.00543469 0.00380935 0.01588065 0.27058824 0.79607843 0.18431373
v 0.00101023 0.00380935 0.01584096 0.27058824 0.79607843 0.18431373
v -0.00561351 -0.00197490 0.01695004 0.27058824 0.79607843 0.18431373
v -0.00995573 0.00380935 0.02252943 0.27058824 0.79607843 0.18431373
v 0.00203278 -0.00197490 0.01584096 0.27058824 0.79607843 0.18431373
v -0.00060520 0.00380935 0.01848999 0.27058824 0.79607843 0.18431373
v -0.00067361 0.00369894 0.01865440 0.27058824 0.79607843 0.18431373
v 0.00121906 0.00305744 0.01584096 0.27058824 0.79607843 0.18431373
v -0.00669847 -0.00197490 0.01869692 0.27058824 0.79607843 0.18431373
v -0.00917562 -0.00197490 0.02308007 0.27058824 0.79607843 0.18431373
v -0.01022817 0.00380935 0.02308007 0.27058824 0.79607843 0.18431373
v 0.00202558 -0.00157460 0.01584096 0.27058824 0.79607843 0.18431373
v -0.00153653 -0.00197490 0.02170524 0.27058824 0.79607843 0.18431373
v -0.00284952 0.00380935 0.02212265 0.27058824 0.79607843 0.18431373
v 0.00153351 0.00187522 0.01584096 0.27058824 0.79607843 0.18431373
v 0.00145430 0.00217417 0.01584096 0.27058824 0.79607843 0.18431373
v 0.00129948 0.00275736 0.01584096 0.27058824 0.79607843 0.18431373
v -0.00241625 -0.00197490 0.02308007 0.27058824 0.79607843 0.18431373
v -0.00345560 0.00380935 0.02308007 0.27058824 0.79607843 0.18431373
v 0.00202198 -0.00148798 0.01584096 0.27058824 0.79607843 0.18431373
v -0.00176216 -0.00197490 0.02207517 0.27058824 0.79607843 0.18431373
v -0.00275470 0.00299686 0.02226935 0.27058824 0.79607843 0.18431373
v 0.00137269 0.00187522 0.01610033 0.27058824 0.79607843 0.18431373
v 0.00161752 0.00149587 0.01584096 0.27058824 0.79607843 0.18431373
v -0.00211861 -0.00197490 0.02263573 0.27058824 0.79607843 0.18431373
v -0.00244746 -0.00148798 0.02308007 0.27058824 0.79607843 0.18431373
v -0.00327798 0.00302234 0.02308007 0.27058824 0.79607843 0.18431373
v 0.00192836 -0.00036691 0.01584096 0.27058824 0.79607843 0.18431373
v -0.00178016 -0.00148798 0.02204470 0.27058824 0.79607843 0.18431373
v -0.00208021 0.00187522 0.02156634 0.27058824 0.79607843 0.18431373
v 0.00147350 0.00096535 0.01626191 0.27058824 0.79607843 0.18431373
v 0.00177714 0.00065734 0.01584734 0.27058824 0.79607843 0.18431373
v 0.00178074 0.00065790 0.01584096 0.27058824 0.79607843 0.18431373
v -0.00213782 -0.00148798 0.02260526 0.27058824 0.79607843 0.18431373
v -0.00182217 -0.00083912 0.02197596 0.27058824 0.79607843 0.18431373
v -0.00262268 -0.00038333 0.02308007 0.27058824 0.79607843 0.18431373
v -0.00307875 0.00202357 0.02308007 0.27058824 0.79607843 0.18431373
v -0.00302234 0.00208302 0.02297377 0.27058824 0.79607843 0.18431373
v 0.00179515 0.00056335 0.01584096 0.27058824 0.79607843 0.18431373
v 0.00152991 0.00021854 0.01635121 0.27058824 0.79607843 0.18431373
v -0.00197219 0.00075472 0.02174068 0.27058824 0.79607843 0.18431373
v -0.00188938 -0.00009174 0.02186895 0.27058824 0.79607843 0.18431373
v -0.00303074 0.00177557 0.02308007 0.27058824 0.79607843 0.18431373
f 5969 5970 5971
f 5969 5971 5974
f 5969 5974 5981
f 5969 5981 5989
f 5969 5989 5984
f 5969 5984 5976
f 5969 5976 5972
f 5969 5972 5978
f 5969 5978 5987
f 5969 5987 5986
f 5969 5986 5985
f 5969 5985 5994
f 5969 5994 6003
f 5969 6003 6009
f 5969 6009 5998
f 5969 5998 5990
f 5969 5990 5982
f 5969 5982 5975
f 5969 5975 5970
f 5970 5973 5974
f 5970 5974 5971
f 5970 5975 5983
f 5970 5983 5991
f 5970 5991 5995
f 5970 5995 5988
f 5970 5988 5980
f 5970 5980 5979
f 5970 5979 5973
f 5972 5976 5977
f 5972 5977 5978
f 5973 5979 5974
f 5974 5980 5981
f 5974 5979 5980
f 5975 5982 5983
f 5976 5984 5977
f 5977 5985 5986
f 5977 5986 5987
f 5977 5987 5978
f 5977 5984 5985
f 5980 5988 5996
f 5980 5996 6006
f 5980 6006 6013
f 5980 6013 6007
f 5980 6007 5997
f 5980 5997 5989
f 5980 5989 5981
f 5982 5990 5991
f 5982 5991 5983
f 5984 5989 5992
f 5984 5992 5993
f 5984 5993 5985
f 5985 5993 5994
f 5988 5995 5996
f 5989 5997 5992
f 5990 5998 5999
f 5990 5999 5991
f 5991 5999 5995
f 5992 5997 6000
f 5992 6000 6001
f 5992 6001 5993
f 5993 6001 5994
f 5994 6001 6002
f 5994 6002 6003
f 5995 5999 6004
f 5995 6004 5996
f 5996 6004 6005
f 5996 6005 6006
f 5997 6007 6008
f 5997 6008 6000
f 5998 6009 6010
f 5998 6010 6005
f 5998 6005 5999
f 5999 6005 6004
f 6000 6008 6007
f 6000 6007 6011
f 6000 6011 6001
f 6001 6010 6002
f 6001 6011 6012
f 6001 6012 6005
f 6001 6005 6010
f 6002 6009 6003
f 6002 6010 6009
f 6005 6012 6006
f 6006 6012 6013
f 6007 6013 6012
f 6007 6012 6011

o geometry_75
v -0.02107488 0.00363487 0.01584096 0.94901961 0.68627451 0.21176471
v -0.02206583 0.00363487 0.01738020 0.94901961 0.68627451 0.21176471
v -0.02206873 0.00364380 0.01739012 0.94901961 0.68627451 0.21176471
v -0.02102418 0.00375853 0.01584096 0.94901961 0.68627451 0.21176471
v -0.01229545 0.00363487 0.01584096 0.94901961 0.68627451 0.21176471
v -0.02545011 0.00363487 0.02268392 0.94901961 0.68627451 0.21176471
v -0.02085033 0.00407387 0.01584096 0.94901961 0.68627451 0.21176471
v -0.02551096 0.00374479 0.02287385 0.94901961 0.68627451 0.21176471
v -0.01086263 0.00481379 0.01584096 0.94901961 0.68627451 0.21176471
v -0.01086263 0.00427448 0.02308007 0.94901961 0.68627451 0.21176471
v -0.01279382 0.00363487 0.01694153 0.94901961 0.68627451 0.21176471
v -0.02553269 0.00363487 0.02282212 0.94901961 0.68627451 0.21176471
v -0.02078368 0.00419135 0.01584096 0.94901961 0.68627451 0.21176471
v -0.02566163 0.00363487 0.02308007 0.94901961 0.68627451 0.21176471
v -0.02557036 0.00384372 0.02308007 0.94901961 0.68627451 0.21176471
v -0.02086481 0.00462555 0.01640294 0.94901961 0.68627451 0.21176471
v -0.02073153 0.00427723 0.01584096 0.94901961 0.68627451 0.21176471
v -0.01086263 0.01064517 0.01584096 0.94901961 0.68627451 0.21176471
v -0.01580432 0.00363487 0.02308007 0.94901961 0.68627451 0.21176471
v -0.01490610 0.00363487 0.02147918 0.94901961 0.68627451 0.21176471
v -0.01385430 0.00363487 0.01921992 0.94901961 0.68627451 0.21176471
v -0.01086263 0.01037517 0.02308007 0.94901961 0.68627451 0.21176471
v -0.02515602 0.00442356 0.02308007 0.94901961 0.68627451 0.21176471
v -0.02207742 0.00475264 0.01849566 0.94901961 0.68627451 0.21176471
v -0.02007814 0.00522806 0.01584096 0.94901961 0.68627451 0.21176471
v -0.02011436 0.00517585 0.01584096 0.94901961 0.68627451 0.21176471
v -0.01086263 0.01065341 0.01640081 0.94901961 0.68627451 0.21176471
v -0.01136824 0.01058746 0.01584096 0.94901961 0.68627451 0.21176471
v -0.01086263 0.01037723 0.02306306 0.94901961 0.68627451 0.21176471
v -0.01088291 0.01037586 0.02308007 0.94901961 0.68627451 0.21176471
v -0.02461998 0.00505012 0.02308007 0.94901961 0.68627451 0.21176471
v -0.02449683 0.00493196 0.02270448 0.94901961 0.68627451 0.21176471
v -0.01970146 0.00570416 0.01584096 0.94901961 0.68627451 0.21176471
v -0.01086263 0.01065135 0.01690610 0.94901961 0.68627451 0.21176471
v -0.01136824 0.01060188 0.01690610 0.94901961 0.68627451 0.21176471
v -0.01142185 0.01057784 0.01584096 0.94901961 0.68627451 0.21176471
v -0.01585358 0.01004403 0.02308007 0.94901961 0.68627451 0.21176471
v -0.01530161 0.01013128 0.02308007 0.94901961 0.68627451 0.21176471
v -0.01086263 0.01042670 0.02251242 0.94901961 0.68627451 0.21176471
v -0.01136824 0.01038135 0.02308007 0.94901961 0.68627451 0.21176471
v -0.02442729 0.00525348 0.02308007 0.94901961 0.68627451 0.21176471
v -0.01982316 0.00584843 0.01626404 0.94901961 0.68627451 0.21176471
v -0.01911907 0.00627782 0.01584096 0.94901961 0.68627451 0.21176471
v -0.01086263 0.01063211 0.01752194 0.94901961 0.68627451 0.21176471
v -0.01473225 0.01019380 0.02308007 0.94901961 0.68627451 0.21176471
v -0.01413826 0.01023777 0.02308007 0.94901961 0.68627451 0.21176471
v -0.01227082 0.01038753 0.01584096 0.94901961 0.68627451 0.21176471
v -0.01642149 0.00991487 0.02308007 0.94901961 0.68627451 0.21176471
v -0.01086263 0.01046105 0.02200643 0.94901961 0.68627451 0.21176471
v -0.01136824 0.01043219 0.02251242 0.94901961 0.68627451 0.21176471
v -0.01197962 0.01035525 0.02308007 0.94901961 0.68627451 0.21176471
v -0.02410277 0.00559080 0.02308007 0.94901961 0.68627451 0.21176471
v -0.02317557 0.00583194 0.02189375 0.94901961 0.68627451 0.21176471
v -0.01852653 0.00681575 0.01584096 0.94901961 0.68627451 0.21176471
v -0.01136824 0.01047066 0.02139059 0.94901961 0.68627451 0.21176471
v -0.01086263 0.01061494 0.01802793 0.94901961 0.68627451 0.21176471
v -0.01283148 0.01020342 0.01584096 0.94901961 0.68627451 0.21176471
v -0.01697491 0.00976167 0.02308007 0.94901961 0.68627451 0.21176471
v -0.01086263 0.01050708 0.02088531 0.94901961 0.68627451 0.21176471
v -0.02348706 0.00614247 0.02308007 0.94901961 0.68627451 0.21176471
v -0.02335377 0.00598171 0.02251242 0.94901961 0.68627451 0.21176471
v -0.01866995 0.00693254 0.01632144 0.94901961 0.68627451 0.21176471
v -0.01806727 0.00715788 0.01584096 0.94901961 0.68627451 0.21176471
v -0.01286336 0.01019036 0.01584096 0.94901961 0.68627451 0.21176471
v -0.01863084 0.00915228 0.02308007 0.94901961 0.68627451 0.21176471
v -0.01807307 0.00937075 0.02308007 0.94901961 0.68627451 0.21176471
v -0.01764858 0.00953220 0.02308007 0.94901961 0.68627451 0.21176471
v -0.01697491 0.00968609 0.02251242 0.94901961 0.68627451 0.21176471
v -0.02308865 0.00646262 0.02308007 0.94901961 0.68627451 0.21176471
v -0.01984055 0.00697101 0.01847510 0.94901961 0.68627451 0.21176471
v -0.01883221 0.00705208 0.01690610 0.94901961 0.68627451 0.21176471
v -0.01808466 0.00716338 0.01588277 0.94901961 0.68627451 0.21176471
v -0.01804409 0.00717437 0.01584096 0.94901961 0.68627451 0.21176471
v -0.01361091 0.00986197 0.01584096 0.94901961 0.68627451 0.21176471
v -0.01848017 0.00908221 0.02251242 0.94901961 0.68627451 0.21176471
v -0.01921613 0.00869061 0.02251242 0.94901961 0.68627451 0.21176471
v -0.01981881 0.00850786 0.02308007 0.94901961 0.68627451 0.21176471
v -0.01367466 0.00983243 0.01584096 0.94901961 0.68627451 0.21176471
v -0.01455985 0.00938175 0.01584096 0.94901961 0.68627451 0.21176471
v -0.02278876 0.00669827 0.02308007 0.94901961 0.68627451 0.21176471
v -0.02002309 0.00710567 0.01914905 0.94901961 0.68627451 0.21176471
v -0.01923642 0.00722796 0.01807187 0.94901961 0.68627451 0.21176471
v -0.01718209 0.00777001 0.01584096 0.94901961 0.68627451 0.21176471
v -0.02196007 0.00688101 0.02205108 0.94901961 0.68627451 0.21176471
v -0.02228894 0.00705277 0.02308007 0.94901961 0.68627451 0.21176471
v -0.01768480 0.00742307 0.01584096 0.94901961 0.68627451 0.21176471
v -0.01927698 0.00834092 0.02137784 0.94901961 0.68627451 0.21176471
v -0.01987676 0.00810390 0.02174280 0.94901961 0.68627451 0.21176471
v -0.02023316 0.00827359 0.02308007 0.94901961 0.68627451 0.21176471
v -0.01514224 0.00904030 0.01584096 0.94901961 0.68627451 0.21176471
v -0.01969277 0.00799192 0.02099515 0.94901961 0.68627451 0.21176471
v -0.01915674 0.00769650 0.01916819 0.94901961 0.68627451 0.21176471
v -0.01715601 0.00778719 0.01584096 0.94901961 0.68627451 0.21176471
v -0.02203106 0.00721009 0.02308007 0.94901961 0.68627451 0.21176471
v -0.01949864 0.00787100 0.02026947 0.94901961 0.68627451 0.21176471
v -0.02102707 0.00781467 0.02308007 0.94901961 0.68627451 0.21176471
v -0.01659969 0.00814993 0.01584096 0.94901961 0.68627451 0.21176471
f 6014 6015 6016
f 6014 6016 6017
f 6014 6017 6020
f 6014 6020 6026
f 6014 6026 6030
f 6014 6030 6039
f 6014 6039 6038
f 6014 6038 6046
f 6014 6046 6056
f 6014 6056 6067
f 6014 6067 6076
f 6014 6076 6086
f 6014 6086 6099
f 6014 6099 6096
f 6014 6096 6106
f 6014 6106 6110
f 6014 6110 6103
f 6014 6103 6092
f 6014 6092 6091
f 6014 6091 6087
f 6014 6087 6077
f 6014 6077 6070
f 6014 6070 6060
f 6014 6060 6049
f 6014 6049 6041
f 6014 6041 6031
f 6014 6031 6022
f 6014 6022 6018
f 6014 6018 6024
f 6014 6024 6034
f 6014 6034 6033
f 6014 6033 6032
f 6014 6032 6027
f 6014 6027 6025
f 6014 6025 6019
f 6014 6019 6015
f 6015 6019 6016
f 6016 6019 6017
f 6017 6019 6021
f 6017 6021 6020
f 6018 6022 6023
f 6018 6023 6024
f 6019 6025 6021
f 6020 6021 6026
f 6021 6025 6027
f 6021 6027 6028
f 6021 6028 6029
f 6021 6029 6030
f 6021 6030 6026
f 6022 6031 6040
f 6022 6040 6047
f 6022 6047 6057
f 6022 6057 6069
f 6022 6069 6072
f 6022 6072 6062
f 6022 6062 6052
f 6022 6052 6042
f 6022 6042 6035
f 6022 6035 6023
f 6023 6032 6033
f 6023 6033 6034
f 6023 6034 6024
f 6023 6035 6043
f 6023 6043 6053
f 6023 6053 6064
f 6023 6064 6059
f 6023 6059 6058
f 6023 6058 6051
f 6023 6051 6050
f 6023 6050 6061
f 6023 6061 6071
f 6023 6071 6080
f 6023 6080 6079
f 6023 6079 6078
f 6023 6078 6090
f 6023 6090 6102
f 6023 6102 6109
f 6023 6109 6107
f 6023 6107 6098
f 6023 6098 6093
f 6023 6093 6082
f 6023 6082 6073
f 6023 6073 6065
f 6023 6065 6054
f 6023 6054 6044
f 6023 6044 6036
f 6023 6036 6028
f 6023 6028 6027
f 6023 6027 6032
f 6028 6036 6037
f 6028 6037 6029
f 6029 6037 6038
f 6029 6038 6039
f 6029 6039 6030
f 6031 6041 6040
f 6035 6042 6043
f 6036 6044 6045
f 6036 6045 6046
f 6036 6046 6038
f 6036 6038 6037
f 6040 6041 6048
f 6040 6048 6047
f 6041 6049 6050
f 6041 6050 6051
f 6041 6051 6048
f 6042 6052 6053
f 6042 6053 6043
f 6044 6054 6055
f 6044 6055 6046
f 6044 6046 6045
f 6046 6055 6056
f 6047 6048 6058
f 6047 6058 6059
f 6047 6059 6057
f 6048 6051 6058
f 6049 6060 6050
f 6050 6060 6061
f 6052 6062 6063
f 6052 6063 6053
f 6053 6063 6064
f 6054 6065 6066
f 6054 6066 6055
f 6055 6066 6056
f 6056 6066 6067
f 6057 6068 6069
f 6057 6059 6068
f 6059 6064 6063
f 6059 6063 6068
f 6060 6070 6071
f 6060 6071 6061
f 6062 6072 6063
f 6063 6072 6069
f 6063 6069 6068
f 6065 6073 6074
f 6065 6074 6066
f 6066 6074 6075
f 6066 6075 6067
f 6067 6075 6076
f 6070 6077 6078
f 6070 6078 6079
f 6070 6079 6080
f 6070 6080 6081
f 6070 6081 6071
f 6071 6081 6080
f 6073 6082 6075
f 6073 6075 6074
f 6075 6083 6084
f 6075 6084 6085
f 6075 6085 6076
f 6075 6082 6083
f 6076 6085 6086
f 6077 6087 6078
f 6078 6088 6089
f 6078 6089 6090
f 6078 6087 6091
f 6078 6091 6092
f 6078 6092 6088
f 6082 6093 6083
f 6083 6094 6095
f 6083 6095 6096
f 6083 6096 6084
f 6083 6093 6097
f 6083 6097 6098
f 6083 6098 6094
f 6084 6096 6099
f 6084 6099 6085
f 6085 6099 6086
f 6088 6092 6089
f 6089 6092 6100
f 6089 6100 6101
f 6089 6101 6090
f 6090 6101 6102
f 6092 6103 6104
f 6092 6104 6100
f 6093 6098 6097
f 6094 6105 6096
f 6094 6096 6095
f 6094 6098 6105
f 6096 6105 6106
f 6098 6107 6104
f 6098 6104 6108
f 6098 6108 6105
f 6100 6104 6101
f 6101 6104 6109
f 6101 6109 6102
f 6103 6110 6108
f 6103 6108 6104
f 6104 6107 6109
f 6105 6108 6110
f 6105 6110 6106

o geometry_76
v -0.02174813 0.00086632 0.01584096 0.94509804 0.72941176 0.25098039
v -0.02204451 0.00143969 0.01630514 0.94509804 0.72941176 0.25098039
v -0.02166365 0.00183924 0.01584096 0.94509804 0.72941176 0.25098039
v -0.02174674 0.00075451 0.01584096 0.94509804 0.72941176 0.25098039
v -0.02557197 0.00075451 0.02166556 0.94509804 0.72941176 0.25098039
v -0.02426735 0.00133590 0.01970182 0.94509804 0.72941176 0.25098039
v -0.02552627 0.00187552 0.02173359 0.94509804 0.72941176 0.25098039
v -0.02196695 0.00218647 0.01642774 0.94509804 0.72941176 0.25098039
v -0.02133264 0.00302817 0.01584096 0.94509804 0.72941176 0.25098039
v -0.02159024 -0.00026734 0.01584096 0.94509804 0.72941176 0.25098039
v -0.02202235 0.00018325 0.01634058 0.94509804 0.72941176 0.25098039
v -0.02549719 -0.00015132 0.02178036 0.94509804 0.72941176 0.25098039
v -0.02626722 -0.00038590 0.02308007 0.94509804 0.72941176 0.25098039
v -0.02609826 0.00075451 0.02251242 0.94509804 0.72941176 0.25098039
v -0.02638494 0.00170845 0.02308007 0.94509804 0.72941176 0.25098039
v -0.02601793 0.00187552 0.02251242 0.94509804 0.72941176 0.25098039
v -0.02543625 0.00256365 0.02187107 0.94509804 0.72941176 0.25098039
v -0.02107504 0.00363487 0.01584096 0.94509804 0.72941176 0.25098039
v -0.02157639 -0.00031502 0.01584096 0.94509804 0.72941176 0.25098039
v -0.02615642 -0.00067533 0.02308007 0.94509804 0.72941176 0.25098039
v -0.02644311 0.00075451 0.02308007 0.94509804 0.72941176 0.25098039
v -0.02559414 -0.00067533 0.02219281 0.94509804 0.72941176 0.25098039
v -0.02637248 0.00187552 0.02308007 0.94509804 0.72941176 0.25098039
v -0.02617166 0.00252399 0.02308007 0.94509804 0.72941176 0.25098039
v -0.02600962 0.00303787 0.02308007 0.94509804 0.72941176 0.25098039
v -0.02527144 0.00331127 0.02212620 0.94509804 0.72941176 0.25098039
v -0.02207082 0.00363487 0.01738729 0.94509804 0.72941176 0.25098039
v -0.01229585 0.00363487 0.01584096 0.94509804 0.72941176 0.25098039
v -0.02143651 -0.00067533 0.01584096 0.94509804 0.72941176 0.25098039
v -0.02181738 -0.00067533 0.01641782 0.94509804 0.72941176 0.25098039
v -0.02191571 -0.00056437 0.01650215 0.94509804 0.72941176 0.25098039
v -0.02540994 -0.00067533 0.02191076 0.94509804 0.72941176 0.25098039
v -0.01729275 -0.00067533 0.02308007 0.94509804 0.72941176 0.25098039
v -0.02566200 0.00363487 0.02308007 0.94509804 0.72941176 0.25098039
v -0.02561491 0.00363487 0.02298511 0.94509804 0.72941176 0.25098039
v -0.02553320 0.00363487 0.02282212 0.94509804 0.72941176 0.25098039
v -0.02545010 0.00363487 0.02268392 0.94509804 0.72941176 0.25098039
v -0.01279443 0.00363487 0.01694153 0.94509804 0.72941176 0.25098039
v -0.01299802 -0.00067533 0.01584167 0.94509804 0.72941176 0.25098039
v -0.01311851 -0.00036691 0.01584096 0.94509804 0.72941176 0.25098039
v -0.01359493 -0.00067533 0.01584096 0.94509804 0.72941176 0.25098039
v -0.01710993 -0.00067533 0.02279589 0.94509804 0.72941176 0.25098039
v -0.01580392 0.00363487 0.02308007 0.94509804 0.72941176 0.25098039
v -0.01385391 0.00363487 0.01921992 0.94509804 0.72941176 0.25098039
v -0.01325008 -0.00067533 0.01631719 0.94509804 0.72941176 0.25098039
v -0.01490509 0.00363487 0.02147918 0.94509804 0.72941176 0.25098039
v -0.01610723 -0.00067533 0.02122405 0.94509804 0.72941176 0.25098039
f 6111 6112 6113
f 6111 6113 6119
f 6111 6119 6128
f 6111 6128 6138
f 6111 6138 6150
f 6111 6150 6151
f 6111 6151 6139
f 6111 6139 6129
f 6111 6129 6120
f 6111 6120 6114
f 6111 6114 6115
f 6111 6115 6112
f 6112 6115 6116
f 6112 6116 6117
f 6112 6117 6113
f 6113 6117 6118
f 6113 6118 6119
f 6114 6120 6121
f 6114 6121 6115
f 6115 6122 6123
f 6115 6123 6124
f 6115 6124 6125
f 6115 6125 6126
f 6115 6126 6117
f 6115 6117 6116
f 6115 6121 6122
f 6117 6126 6127
f 6117 6127 6118
f 6118 6127 6119
f 6119 6127 6128
f 6120 6129 6122
f 6120 6122 6121
f 6122 6129 6123
f 6123 6130 6143
f 6123 6143 6153
f 6123 6153 6144
f 6123 6144 6135
f 6123 6135 6134
f 6123 6134 6133
f 6123 6133 6125
f 6123 6125 6131
f 6123 6131 6124
f 6123 6129 6132
f 6123 6132 6130
f 6124 6131 6125
f 6125 6133 6126
f 6126 6133 6127
f 6127 6133 6134
f 6127 6134 6135
f 6127 6135 6128
f 6128 6135 6136
f 6128 6136 6137
f 6128 6137 6147
f 6128 6147 6146
f 6128 6146 6145
f 6128 6145 6144
f 6128 6144 6153
f 6128 6153 6156
f 6128 6156 6154
f 6128 6154 6148
f 6128 6148 6138
f 6129 6139 6140
f 6129 6140 6141
f 6129 6141 6142
f 6129 6142 6132
f 6130 6132 6142
f 6130 6142 6140
f 6130 6140 6139
f 6130 6139 6151
f 6130 6151 6149
f 6130 6149 6155
f 6130 6155 6157
f 6130 6157 6152
f 6130 6152 6143
f 6135 6144 6145
f 6135 6145 6146
f 6135 6146 6147
f 6135 6147 6136
f 6136 6147 6137
f 6138 6148 6149
f 6138 6149 6150
f 6140 6142 6141
f 6143 6152 6153
f 6148 6154 6149
f 6149 6151 6150
f 6149 6154 6156
f 6149 6156 6155
f 6152 6157 6153
f 6153 6157 6155
f 6153 6155 6156

o geometry_77
v -0.02403782 0.00878891 0.03835849 0.21176471 0.51764706 0.02352941
v -0.02403782 0.00878321 0.03854548 0.21176471 0.51764706 0.02352941
v -0.02403782 0.00232237 0.03835849 0.21176471 0.51764706 0.02352941
v -0.02482453 0.00874401 0.03835849 0.21176471 0.51764706 0.02352941
v -0.02706741 0.00853521 0.04157504 0.21176471 0.51764706 0.02352941
v -0.02403782 0.00875684 0.03933251 0.21176471 0.51764706 0.02352941
v -0.02594529 0.00855801 0.04269565 0.21176471 0.51764706 0.02352941
v -0.02403782 0.00151566 0.04501311 0.21176471 0.51764706 0.02352941
v -0.02498542 0.00150924 0.03835849 0.21176471 0.51764706 0.02352941
v -0.02497178 0.00873047 0.03835849 0.21176471 0.51764706 0.02352941
v -0.02706741 0.00854020 0.04045378 0.21176471 0.51764706 0.02352941
v -0.02818817 0.00840551 0.04157504 0.21176471 0.51764706 0.02352941
v -0.02930893 0.00826155 0.04381691 0.21176471 0.51764706 0.02352941
v -0.02706741 0.00848960 0.04269565 0.21176471 0.51764706 0.02352941
v -0.02403782 0.00868059 0.04078800 0.21176471 0.51764706 0.02352941
v -0.02594529 0.00850243 0.04381691 0.21176471 0.51764706 0.02352941
v -0.02482453 0.00851526 0.04381691 0.21176471 0.51764706 0.02352941
v -0.02403782 0.00340488 0.04501376 0.21176471 0.51764706 0.02352941
v -0.02475090 0.00193398 0.04501376 0.21176471 0.51764706 0.02352941
v -0.02848404 0.00150924 0.04501376 0.21176471 0.51764706 0.02352941
v -0.02839950 0.00150924 0.04493883 0.21176471 0.51764706 0.02352941
v -0.03670975 0.00150924 0.03835849 0.21176471 0.51764706 0.02352941
v -0.02609390 0.00859721 0.03835849 0.21176471 0.51764706 0.02352941
v -0.02706741 0.00850385 0.03933251 0.21176471 0.51764706 0.02352941
v -0.02818817 0.00838342 0.04045378 0.21176471 0.51764706 0.02352941
v -0.02930893 0.00826797 0.04269565 0.21176471 0.51764706 0.02352941
v -0.02937437 0.00819884 0.04501376 0.21176471 0.51764706 0.02352941
v -0.03018699 0.00812615 0.04381691 0.21176471 0.51764706 0.02352941
v -0.03020063 0.00810263 0.04501376 0.21176471 0.51764706 0.02352941
v -0.02930893 0.00820383 0.04501376 0.21176471 0.51764706 0.02352941
v -0.02403782 0.00861930 0.04190862 0.21176471 0.51764706 0.02352941
v -0.02826452 0.00826084 0.04501376 0.21176471 0.51764706 0.02352941
v -0.02602164 0.00838270 0.04501376 0.21176471 0.51764706 0.02352941
v -0.02594529 0.00839411 0.04493818 0.21176471 0.51764706 0.02352941
v -0.02482453 0.00841549 0.04493818 0.21176471 0.51764706 0.02352941
v -0.02403782 0.00848746 0.04381691 0.21176471 0.51764706 0.02352941
v -0.02403782 0.00855160 0.04302988 0.21176471 0.51764706 0.02352941
v -0.02403782 0.00835420 0.04501376 0.21176471 0.51764706 0.02352941
v -0.03773779 0.00150924 0.04501376 0.21176471 0.51764706 0.02352941
v -0.03679019 0.00150924 0.03848684 0.21176471 0.51764706 0.02352941
v -0.03678474 0.00187626 0.03850899 0.21176471 0.51764706 0.02352941
v -0.03670430 0.00160759 0.03835849 0.21176471 0.51764706 0.02352941
v -0.02706741 0.00843401 0.03835849 0.21176471 0.51764706 0.02352941
v -0.02818817 0.00829434 0.03933251 0.21176471 0.51764706 0.02352941
v -0.02997974 0.00808339 0.04184346 0.21176471 0.51764706 0.02352941
v -0.03010518 0.00812045 0.04269565 0.21176471 0.51764706 0.02352941
v -0.02721466 0.00840622 0.03835849 0.21176471 0.51764706 0.02352941
v -0.03162679 0.00778765 0.04501376 0.21176471 0.51764706 0.02352941
v -0.03081009 0.00799004 0.04501376 0.21176471 0.51764706 0.02352941
v -0.02594529 0.00838484 0.04501376 0.21176471 0.51764706 0.02352941
v -0.02489952 0.00840480 0.04501376 0.21176471 0.51764706 0.02352941
v -0.02482453 0.00840480 0.04501376 0.21176471 0.51764706 0.02352941
v -0.02403782 0.00836489 0.04493818 0.21176471 0.51764706 0.02352941
v -0.02403782 0.00845753 0.04415115 0.21176471 0.51764706 0.02352941
v -0.03783732 0.00192899 0.04501376 0.21176471 0.51764706 0.02352941
v -0.03774052 0.00150924 0.04464695 0.21176471 0.51764706 0.02352941
v -0.03710651 0.00150924 0.03904063 0.21176471 0.51764706 0.02352941
v -0.03725513 0.00187626 0.03933251 0.21176471 0.51764706 0.02352941
v -0.03667430 0.00254329 0.03867187 0.21176471 0.51764706 0.02352941
v -0.03667839 0.00187626 0.03835849 0.21176471 0.51764706 0.02352941
v -0.02820725 0.00815466 0.03835849 0.21176471 0.51764706 0.02352941
v -0.02886853 0.00808838 0.03933251 0.21176471 0.51764706 0.02352941
v -0.02817999 0.00816250 0.03835849 0.21176471 0.51764706 0.02352941
v -0.02982704 0.00802995 0.04109617 0.21176471 0.51764706 0.02352941
v -0.03423917 0.00687831 0.04501376 0.21176471 0.51764706 0.02352941
v -0.03377287 0.00705291 0.04501376 0.21176471 0.51764706 0.02352941
v -0.03274756 0.00742919 0.04501376 0.21176471 0.51764706 0.02352941
v -0.03267256 0.00745413 0.04501376 0.21176471 0.51764706 0.02352941
v -0.03796413 0.00299725 0.04501376 0.21176471 0.51764706 0.02352941
v -0.03796549 0.00299725 0.04493818 0.21176471 0.51764706 0.02352941
v -0.03784142 0.00191118 0.04381691 0.21176471 0.51764706 0.02352941
v -0.03774598 0.00150924 0.04381691 0.21176471 0.51764706 0.02352941
v -0.03723741 0.00150924 0.03933251 0.21176471 0.51764706 0.02352941
v -0.03751419 0.00150924 0.04014821 0.21176471 0.51764706 0.02352941
v -0.03763962 0.00181069 0.04047527 0.21176471 0.51764706 0.02352941
v -0.03775688 0.00257180 0.04086293 0.21176471 0.51764706 0.02352941
v -0.03741738 0.00296589 0.04047527 0.21176471 0.51764706 0.02352941
v -0.03685019 0.00294950 0.03941135 0.21176471 0.51764706 0.02352941
v -0.03639752 0.00329086 0.03909080 0.21176471 0.51764706 0.02352941
v -0.03624481 0.00285686 0.03835849 0.21176471 0.51764706 0.02352941
v -0.03655023 0.00225467 0.03835849 0.21176471 0.51764706 0.02352941
v -0.02823044 0.00814753 0.03835849 0.21176471 0.51764706 0.02352941
v -0.02875127 0.00804349 0.03876634 0.21176471 0.51764706 0.02352941
v -0.03481182 0.00663672 0.04501376 0.21176471 0.51764706 0.02352941
v -0.03796413 0.00307350 0.04501376 0.21176471 0.51764706 0.02352941
v -0.03795731 0.00299725 0.04381691 0.21176471 0.51764706 0.02352941
v -0.03783460 0.00189336 0.04269565 0.21176471 0.51764706 0.02352941
v -0.03775143 0.00150924 0.04269565 0.21176471 0.51764706 0.02352941
v -0.03758236 0.00150924 0.04046876 0.21176471 0.51764706 0.02352941
v -0.03775688 0.00214136 0.04086293 0.21176471 0.51764706 0.02352941
v -0.03790550 0.00299725 0.04269565 0.21176471 0.51764706 0.02352941
v -0.03779915 0.00296589 0.04162651 0.21176471 0.51764706 0.02352941
v -0.03774325 0.00361440 0.04203436 0.21176471 0.51764706 0.02352941
v -0.03761917 0.00331936 0.04128772 0.21176471 0.51764706 0.02352941
v -0.03663476 0.00359373 0.03983809 0.21176471 0.51764706 0.02352941
v -0.03561626 0.00370775 0.03835849 0.21176471 0.51764706 0.02352941
v -0.03609210 0.00306566 0.03835849 0.21176471 0.51764706 0.02352941
v -0.03613437 0.00300794 0.03835849 0.21176471 0.51764706 0.02352941
v -0.02864083 0.00799788 0.03835849 0.21176471 0.51764706 0.02352941
v -0.03575670 0.00594403 0.04381691 0.21176471 0.51764706 0.02352941
v -0.03491408 0.00633385 0.04381691 0.21176471 0.51764706 0.02352941
v -0.03524949 0.00643220 0.04501376 0.21176471 0.51764706 0.02352941
v -0.03792186 0.00411895 0.04501376 0.21176471 0.51764706 0.02352941
v -0.03792050 0.00411895 0.04493818 0.21176471 0.51764706 0.02352941
v -0.03780051 0.00194039 0.04157504 0.21176471 0.51764706 0.02352941
v -0.03772961 0.00150924 0.04157504 0.21176471 0.51764706 0.02352941
v -0.03771734 0.00150924 0.04145386 0.21176471 0.51764706 0.02352941
v -0.03783323 0.00416955 0.04379607 0.21176471 0.51764706 0.02352941
v -0.03778960 0.00380467 0.04269565 0.21176471 0.51764706 0.02352941
v -0.03767507 0.00457789 0.04340907 0.21176471 0.51764706 0.02352941
v -0.03775688 0.00474109 0.04415636 0.21176471 0.51764706 0.02352941
v -0.03748692 0.00436481 0.04269565 0.21176471 0.51764706 0.02352941
v -0.03683246 0.00377118 0.04045378 0.21176471 0.51764706 0.02352941
v -0.03565035 0.00374766 0.03847381 0.21176471 0.51764706 0.02352941
v -0.03543083 0.00388877 0.03835849 0.21176471 0.51764706 0.02352941
v -0.02916031 0.00775201 0.03835849 0.21176471 0.51764706 0.02352941
v -0.03557126 0.00585139 0.04308852 0.21176471 0.51764706 0.02352941
v -0.03631708 0.00565612 0.04381691 0.21176471 0.51764706 0.02352941
v -0.03650114 0.00575376 0.04462024 0.21176471 0.51764706 0.02352941
v -0.03609074 0.00602884 0.04497141 0.21176471 0.51764706 0.02352941
v -0.03608801 0.00603882 0.04501376 0.21176471 0.51764706 0.02352941
v -0.03791368 0.00417097 0.04501376 0.21176471 0.51764706 0.02352941
v -0.03779370 0.00481307 0.04493818 0.21176471 0.51764706 0.02352941
v -0.03724422 0.00504966 0.04379607 0.21176471 0.51764706 0.02352941
v -0.03692654 0.00490357 0.04269565 0.21176471 0.51764706 0.02352941
v -0.03670566 0.00475035 0.04199397 0.21176471 0.51764706 0.02352941
v -0.03708743 0.00543093 0.04501376 0.21176471 0.51764706 0.02352941
v -0.03706561 0.00544875 0.04501376 0.21176471 0.51764706 0.02352941
v -0.03526722 0.00449523 0.03911816 0.21176471 0.51764706 0.02352941
v -0.03504361 0.00425934 0.03835849 0.21176471 0.51764706 0.02352941
v -0.02920803 0.00772850 0.03835849 0.21176471 0.51764706 0.02352941
v -0.03032606 0.00716194 0.03835849 0.21176471 0.51764706 0.02352941
v -0.03172906 0.00644288 0.03835849 0.21176471 0.51764706 0.02352941
v -0.03343883 0.00590769 0.03953709 0.21176471 0.51764706 0.02352941
v -0.03322204 0.00579367 0.03878915 0.21176471 0.51764706 0.02352941
v -0.03418600 0.00570387 0.04019121 0.21176471 0.51764706 0.02352941
v -0.03598167 0.00549008 0.04270738 0.21176471 0.51764706 0.02352941
v -0.03658022 0.00579153 0.04501376 0.21176471 0.51764706 0.02352941
v -0.03615073 0.00600746 0.04501376 0.21176471 0.51764706 0.02352941
v -0.03779506 0.00481805 0.04501376 0.21176471 0.51764706 0.02352941
v -0.03703153 0.00547298 0.04501376 0.21176471 0.51764706 0.02352941
v -0.03380423 0.00558914 0.03923088 0.21176471 0.51764706 0.02352941
v -0.03316204 0.00566895 0.03835849 0.21176471 0.51764706 0.02352941
v -0.03490181 0.00492851 0.03942829 0.21176471 0.51764706 0.02352941
v -0.03451868 0.00480380 0.03850899 0.21176471 0.51764706 0.02352941
v -0.03548946 0.00469192 0.03986611 0.21176471 0.51764706 0.02352941
v -0.03447232 0.00476746 0.03835849 0.21176471 0.51764706 0.02352941
v -0.03253349 0.00602456 0.03835849 0.21176471 0.51764706 0.02352941
v -0.03309660 0.00571100 0.03835849 0.21176471 0.51764706 0.02352941
v -0.03423236 0.00493707 0.03835849 0.21176471 0.51764706 0.02352941
f 6158 6159 6163
f 6158 6163 6172
f 6158 6172 6188
f 6158 6188 6194
f 6158 6194 6193
f 6158 6193 6211
f 6158 6211 6210
f 6158 6210 6195
f 6158 6195 6175
f 6158 6175 6165
f 6158 6165 6160
f 6158 6160 6166
f 6158 6166 6179
f 6158 6179 6199
f 6158 6199 6217
f 6158 6217 6238
f 6158 6238 6237
f 6158 6237 6255
f 6158 6255 6254
f 6158 6254 6253
f 6158 6253 6272
f 6158 6272 6287
f 6158 6287 6304
f 6158 6304 6307
f 6158 6307 6300
f 6158 6300 6306
f 6158 6306 6305
f 6158 6305 6290
f 6158 6290 6289
f 6158 6289 6288
f 6158 6288 6273
f 6158 6273 6256
f 6158 6256 6239
f 6158 6239 6218
f 6158 6218 6220
f 6158 6220 6204
f 6158 6204 6200
f 6158 6200 6180
f 6158 6180 6167
f 6158 6167 6161
f 6158 6161 6162
f 6158 6162 6159
f 6159 6162 6164
f 6159 6164 6163
f 6160 6165 6166
f 6161 6167 6168
f 6161 6168 6162
f 6162 6168 6169
f 6162 6169 6170
f 6162 6170 6171
f 6162 6171 6164
f 6163 6164 6173
f 6163 6173 6174
f 6163 6174 6172
f 6164 6171 6173
f 6165 6175 6176
f 6165 6176 6177
f 6165 6177 6178
f 6165 6178 6166
f 6166 6178 6177
f 6166 6177 6196
f 6166 6196 6213
f 6166 6213 6229
f 6166 6229 6245
f 6166 6245 6263
f 6166 6263 6264
f 6166 6264 6246
f 6166 6246 6231
f 6166 6231 6230
f 6166 6230 6214
f 6166 6214 6197
f 6166 6197 6179
f 6167 6180 6168
f 6168 6180 6181
f 6168 6181 6182
f 6168 6182 6169
f 6169 6182 6183
f 6169 6183 6170
f 6170 6184 6171
f 6170 6183 6185
f 6170 6185 6186
f 6170 6186 6184
f 6171 6184 6187
f 6171 6187 6173
f 6172 6174 6188
f 6173 6187 6189
f 6173 6189 6190
f 6173 6190 6191
f 6173 6191 6192
f 6173 6192 6174
f 6174 6192 6193
f 6174 6193 6194
f 6174 6194 6188
f 6175 6195 6209
f 6175 6209 6208
f 6175 6208 6207
f 6175 6207 6190
f 6175 6190 6189
f 6175 6189 6187
f 6175 6187 6184
f 6175 6184 6186
f 6175 6186 6206
f 6175 6206 6205
f 6175 6205 6225
f 6175 6225 6224
f 6175 6224 6223
f 6175 6223 6222
f 6175 6222 6241
f 6175 6241 6259
f 6175 6259 6278
f 6175 6278 6296
f 6175 6296 6295
f 6175 6295 6298
f 6175 6298 6285
f 6175 6285 6284
f 6175 6284 6297
f 6175 6297 6279
f 6175 6279 6260
f 6175 6260 6242
f 6175 6242 6226
f 6175 6226 6212
f 6175 6212 6196
f 6175 6196 6177
f 6175 6177 6176
f 6179 6197 6198
f 6179 6198 6199
f 6180 6200 6181
f 6181 6200 6182
f 6182 6201 6202
f 6182 6202 6203
f 6182 6203 6183
f 6182 6200 6204
f 6182 6204 6201
f 6183 6203 6185
f 6185 6205 6206
f 6185 6206 6186
f 6185 6203 6205
f 6190 6207 6191
f 6191 6207 6208
f 6191 6208 6192
f 6192 6208 6209
f 6192 6209 6195
f 6192 6195 6210
f 6192 6210 6211
f 6192 6211 6193
f 6196 6212 6213
f 6197 6214 6215
f 6197 6215 6198
f 6198 6216 6217
f 6198 6217 6199
f 6198 6215 6216
f 6201 6218 6219
f 6201 6219 6202
f 6201 6204 6220
f 6201 6220 6218
f 6202 6219 6221
f 6202 6221 6222
f 6202 6222 6223
f 6202 6223 6224
f 6202 6224 6203
f 6203 6224 6225
f 6203 6225 6205
f 6212 6226 6227
f 6212 6227 6228
f 6212 6228 6213
f 6213 6228 6229
f 6214 6230 6215
f 6215 6230 6231
f 6215 6231 6232
f 6215 6232 6233
f 6215 6233 6234
f 6215 6234 6216
f 6216 6235 6236
f 6216 6236 6237
f 6216 6237 6238
f 6216 6238 6217
f 6216 6234 6235
f 6218 6239 6219
f 6219 6239 6240
f 6219 6240 6221
f 6221 6240 6241
f 6221 6241 6222
f 6226 6242 6227
f 6227 6242 6243
f 6227 6243 6244
f 6227 6244 6228
f 6228 6245 6229
f 6228 6244 6245
f 6231 6246 6232
f 6232 6246 6247
f 6232 6247 6233
f 6233 6247 6248
f 6233 6248 6249
f 6233 6249 6250
f 6233 6250 6251
f 6233 6251 6234
f 6234 6251 6235
f 6235 6252 6236
f 6235 6251 6252
f 6236 6252 6253
f 6236 6253 6254
f 6236 6254 6255
f 6236 6255 6237
f 6239 6256 6240
f 6240 6256 6257
f 6240 6257 6258
f 6240 6258 6241
f 6241 6258 6257
f 6241 6257 6259
f 6242 6260 6243
f 6243 6260 6261
f 6243 6261 6248
f 6243 6248 6262
f 6243 6262 6244
f 6244 6262 6263
f 6244 6263 6245
f 6246 6264 6247
f 6247 6262 6248
f 6247 6264 6262
f 6248 6261 6265
f 6248 6265 6266
f 6248 6266 6249
f 6249 6266 6250
f 6250 6267 6251
f 6250 6266 6268
f 6250 6268 6267
f 6251 6267 6269
f 6251 6269 6270
f 6251 6270 6252
f 6252 6270 6271
f 6252 6271 6253
f 6253 6271 6272
f 6256 6273 6257
f 6257 6274 6275
f 6257 6275 6276
f 6257 6276 6277
f 6257 6277 6259
f 6257 6273 6274
f 6259 6277 6278
f 6260 6279 6261
f 6261 6279 6280
f 6261 6280 6268
f 6261 6268 6265
f 6262 6264 6263
f 6265 6268 6266
f 6267 6268 6281
f 6267 6281 6282
f 6267 6282 6283
f 6267 6283 6270
f 6267 6270 6269
f 6268 6280 6284
f 6268 6284 6285
f 6268 6285 6281
f 6270 6283 6286
f 6270 6286 6271
f 6271 6286 6287
f 6271 6287 6272
f 6273 6288 6274
f 6274 6289 6290
f 6274 6290 6291
f 6274 6291 6292
f 6274 6292 6293
f 6274 6293 6294
f 6274 6294 6275
f 6274 6288 6289
f 6275 6294 6282
f 6275 6282 6281
f 6275 6281 6276
f 6276 6295 6296
f 6276 6296 6278
f 6276 6278 6277
f 6276 6281 6295
f 6279 6297 6280
f 6280 6297 6284
f 6281 6285 6298
f 6281 6298 6295
f 6282 6294 6293
f 6282 6293 6292
f 6282 6292 6299
f 6282 6299 6300
f 6282 6300 6301
f 6282 6301 6302
f 6282 6302 6283
f 6283 6302 6303
f 6283 6303 6286
f 6286 6303 6304
f 6286 6304 6287
f 6290 6305 6291
f 6291 6305 6292
f 6292 6305 6306
f 6292 6306 6299
f 6299 6306 6300
f 6300 6307 6301
f 6301 6307 6302
f 6302 6307 6304
f 6302 6304 6303

o geometry_78
v 0.00669482 -0.00148470 0.00822787 0.20392157 0.42352941 0.37254902
v 0.00628733 -0.00148470 0.00895743 0.20392157 0.42352941 0.37254902
v 0.00669598 -0.00148857 0.00822787 0.20392157 0.42352941 0.37254902
v -0.00055327 -0.00148470 0.00822787 0.20392157 0.42352941 0.37254902
v 0.00595161 -0.00148470 0.00952156 0.20392157 0.42352941 0.37254902
v 0.00595161 -0.00148857 0.00952156 0.20392157 0.42352941 0.37254902
v 0.00628501 -0.00148857 0.00896116 0.20392157 0.42352941 0.37254902
v 0.00593772 -0.00261012 0.00949175 0.20392157 0.42352941 0.37254902
v 0.00625955 -0.00261012 0.00893061 0.20392157 0.42352941 0.37254902
v 0.00665315 -0.00259620 0.00822787 0.20392157 0.42352941 0.37254902
v -0.00513065 -0.00297727 0.00822787 0.20392157 0.42352941 0.37254902
v -0.00452404 -0.00148470 0.01559429 0.20392157 0.42352941 0.37254902
v 0.00254230 -0.00148470 0.01505551 0.20392157 0.42352941 0.37254902
v 0.00254230 -0.00148857 0.01505551 0.20392157 0.42352941 0.37254902
v 0.00253999 -0.00261012 0.01504582 0.20392157 0.42352941 0.37254902
v 0.00541098 -0.00373090 0.01017884 0.20392157 0.42352941 0.37254902
v 0.00588215 -0.00373090 0.00939338 0.20392157 0.42352941 0.37254902
v 0.00198779 -0.00373090 0.01584096 0.20392157 0.42352941 0.37254902
v 0.00620166 -0.00373090 0.00883298 0.20392157 0.42352941 0.37254902
v 0.00653854 -0.00373090 0.00822787 0.20392157 0.42352941 0.37254902
v -0.00513065 -0.00871643 0.00822787 0.20392157 0.42352941 0.37254902
v -0.00513065 -0.00227466 0.01584096 0.20392157 0.42352941 0.37254902
v -0.00465023 -0.00148470 0.01584096 0.20392157 0.42352941 0.37254902
v 0.00202136 -0.00148470 0.01584096 0.20392157 0.42352941 0.37254902
v 0.00205956 -0.00148857 0.01578432 0.20392157 0.42352941 0.37254902
v 0.00202599 -0.00157514 0.01584096 0.20392157 0.42352941 0.37254902
v 0.00204220 -0.00261012 0.01584096 0.20392157 0.42352941 0.37254902
v 0.00203988 -0.00269901 0.01584096 0.20392157 0.42352941 0.37254902
v 0.00493171 -0.00446133 0.01080556 0.20392157 0.42352941 0.37254902
v 0.00197968 -0.00380278 0.01584096 0.20392157 0.42352941 0.37254902
v 0.00184076 -0.00484085 0.01584096 0.20392157 0.42352941 0.37254902
v 0.00609516 -0.00485245 0.00864146 0.20392157 0.42352941 0.37254902
v 0.00632669 -0.00485245 0.00822787 0.20392157 0.42352941 0.37254902
v -0.00513065 -0.00876435 0.00863103 0.20392157 0.42352941 0.37254902
v -0.00510403 -0.00871952 0.00822787 0.20392157 0.42352941 0.37254902
v -0.00507161 -0.00876744 0.00859824 0.20392157 0.42352941 0.37254902
v -0.00513065 -0.00936725 0.01584096 0.20392157 0.42352941 0.37254902
v 0.00483910 -0.00520878 0.01064981 0.20392157 0.42352941 0.37254902
v 0.00517135 -0.00484240 0.01023696 0.20392157 0.42352941 0.37254902
v 0.00576986 -0.00485245 0.00920261 0.20392157 0.42352941 0.37254902
v 0.00183498 -0.00488105 0.01584096 0.20392157 0.42352941 0.37254902
v 0.00268585 -0.00551409 0.01416572 0.20392157 0.42352941 0.37254902
v 0.00601875 -0.00542752 0.00850882 0.20392157 0.42352941 0.37254902
v 0.00625028 -0.00514617 0.00822787 0.20392157 0.42352941 0.37254902
v -0.00513065 -0.00936261 0.01578432 0.20392157 0.42352941 0.37254902
v -0.00485282 -0.00874812 0.00822787 0.20392157 0.42352941 0.37254902
v -0.00438744 -0.00878290 0.00822787 0.20392157 0.42352941 0.37254902
v -0.00432492 -0.00879372 0.00829494 0.20392157 0.42352941 0.37254902
v -0.00407834 -0.00879836 0.00822787 0.20392157 0.42352941 0.37254902
v -0.00351804 -0.00882078 0.00822787 0.20392157 0.42352941 0.37254902
v -0.00127565 -0.00905653 0.01017884 0.20392157 0.42352941 0.37254902
v -0.00463981 -0.00938117 0.01584096 0.20392157 0.42352941 0.37254902
v 0.00155830 -0.00597323 0.01584096 0.20392157 0.42352941 0.37254902
v 0.00607548 -0.00561303 0.00822787 0.20392157 0.42352941 0.37254902
v 0.00158955 -0.00663410 0.01533720 0.20392157 0.42352941 0.37254902
v -0.00334554 -0.00882696 0.00822787 0.20392157 0.42352941 0.37254902
v -0.00127565 -0.00911141 0.01129964 0.20392157 0.42352941 0.37254902
v -0.00351804 -0.00930928 0.01466278 0.20392157 0.42352941 0.37254902
v -0.00209064 -0.00886638 0.00822787 0.20392157 0.42352941 0.37254902
v -0.00127565 -0.00896145 0.00905729 0.20392157 0.42352941 0.37254902
v -0.00015388 -0.00890966 0.00822787 0.20392157 0.42352941 0.37254902
v 0.00096557 -0.00889034 0.00822787 0.20392157 0.42352941 0.37254902
v -0.00351804 -0.00935952 0.01584096 0.20392157 0.42352941 0.37254902
v -0.00351804 -0.00935875 0.01578432 0.20392157 0.42352941 0.37254902
v 0.00097021 -0.00712879 0.01584096 0.20392157 0.42352941 0.37254902
v 0.00577333 -0.00615564 0.00822787 0.20392157 0.42352941 0.37254902
v 0.00486457 -0.00648801 0.00956776 0.20392157 0.42352941 0.37254902
v 0.00095631 -0.00715043 0.01584096 0.20392157 0.42352941 0.37254902
v -0.00127565 -0.00888880 0.00822787 0.20392157 0.42352941 0.37254902
v 0.00173079 -0.00882078 0.00822787 0.20392157 0.42352941 0.37254902
v -0.00239742 -0.00922116 0.01578432 0.20392157 0.42352941 0.37254902
v -0.00239742 -0.00921653 0.01584096 0.20392157 0.42352941 0.37254902
v 0.00572008 -0.00623912 0.00822787 0.20392157 0.42352941 0.37254902
v 0.00506021 -0.00672376 0.00882032 0.20392157 0.42352941 0.37254902
v 0.00528943 -0.00681883 0.00822787 0.20392157 0.42352941 0.37254902
v 0.00135918 -0.00743565 0.01466278 0.20392157 0.42352941 0.37254902
v 0.00057544 -0.00780357 0.01556449 0.20392157 0.42352941 0.37254902
v -0.00009600 -0.00817768 0.01584096 0.20392157 0.42352941 0.37254902
v 0.00214523 -0.00872802 0.00822787 0.20392157 0.42352941 0.37254902
v 0.00162776 -0.00880222 0.00905729 0.20392157 0.42352941 0.37254902
v 0.00153862 -0.00878058 0.00965123 0.20392157 0.42352941 0.37254902
v -0.00036110 -0.00889266 0.01354198 0.20392157 0.42352941 0.37254902
v -0.00126060 -0.00890966 0.01568745 0.20392157 0.42352941 0.37254902
v -0.00130807 -0.00890503 0.01584096 0.20392157 0.42352941 0.37254902
v 0.00376595 -0.00765285 0.00961173 0.20392157 0.42352941 0.37254902
v 0.00466313 -0.00744029 0.00822787 0.20392157 0.42352941 0.37254902
v 0.00150852 -0.00763584 0.01406735 0.20392157 0.42352941 0.37254902
v -0.00016662 -0.00823256 0.01584096 0.20392157 0.42352941 0.37254902
v -0.00035647 -0.00836937 0.01584096 0.20392157 0.42352941 0.37254902
v 0.00079887 -0.00796898 0.01466278 0.20392157 0.42352941 0.37254902
v 0.00229109 -0.00868087 0.00822787 0.20392157 0.42352941 0.37254902
v 0.00218806 -0.00862290 0.00905729 0.20392157 0.42352941 0.37254902
v 0.00035317 -0.00875894 0.01285340 0.20392157 0.42352941 0.37254902
v 0.00048862 -0.00880686 0.01210596 0.20392157 0.42352941 0.37254902
v -0.00070377 -0.00878213 0.01525001 0.20392157 0.42352941 0.37254902
v -0.00107190 -0.00880068 0.01584096 0.20392157 0.42352941 0.37254902
v 0.00394539 -0.00778270 0.00886428 0.20392157 0.42352941 0.37254902
v 0.00448949 -0.00759951 0.00822787 0.20392157 0.42352941 0.37254902
v 0.00323458 -0.00831990 0.00822787 0.20392157 0.42352941 0.37254902
v 0.00410514 -0.00787391 0.00822787 0.20392157 0.42352941 0.37254902
f 6308 6309 6310
f 6308 6310 6317
f 6308 6317 6327
f 6308 6327 6340
f 6308 6340 6351
f 6308 6351 6361
f 6308 6361 6373
f 6308 6373 6380
f 6308 6380 6382
f 6308 6382 6393
f 6308 6393 6405
f 6308 6405 6407
f 6308 6407 6406
f 6308 6406 6398
f 6308 6398 6386
f 6308 6386 6377
f 6308 6377 6369
f 6308 6369 6368
f 6308 6368 6376
f 6308 6376 6366
f 6308 6366 6363
f 6308 6363 6357
f 6308 6357 6356
f 6308 6356 6354
f 6308 6354 6353
f 6308 6353 6342
f 6308 6342 6328
f 6308 6328 6318
f 6308 6318 6311
f 6308 6311 6319
f 6308 6319 6330
f 6308 6330 6331
f 6308 6331 6320
f 6308 6320 6312
f 6308 6312 6309
f 6309 6312 6313
f 6309 6313 6314
f 6309 6314 6315
f 6309 6315 6316
f 6309 6316 6310
f 6310 6316 6317
f 6311 6318 6319
f 6312 6320 6321
f 6312 6321 6313
f 6313 6315 6314
f 6313 6321 6322
f 6313 6322 6315
f 6315 6323 6324
f 6315 6324 6316
f 6315 6322 6325
f 6315 6325 6323
f 6316 6324 6326
f 6316 6326 6317
f 6317 6326 6327
f 6318 6328 6341
f 6318 6341 6352
f 6318 6352 6344
f 6318 6344 6329
f 6318 6329 6330
f 6318 6330 6319
f 6320 6331 6332
f 6320 6332 6333
f 6320 6333 6334
f 6320 6334 6321
f 6321 6334 6322
f 6322 6334 6335
f 6322 6335 6325
f 6323 6336 6324
f 6323 6325 6337
f 6323 6337 6338
f 6323 6338 6336
f 6324 6336 6339
f 6324 6339 6326
f 6325 6335 6334
f 6325 6334 6333
f 6325 6333 6331
f 6325 6331 6330
f 6325 6330 6329
f 6325 6329 6344
f 6325 6344 6359
f 6325 6359 6370
f 6325 6370 6379
f 6325 6379 6391
f 6325 6391 6403
f 6325 6403 6396
f 6325 6396 6395
f 6325 6395 6385
f 6325 6385 6375
f 6325 6375 6372
f 6325 6372 6360
f 6325 6360 6348
f 6325 6348 6338
f 6325 6338 6337
f 6326 6339 6340
f 6326 6340 6327
f 6328 6342 6343
f 6328 6343 6341
f 6331 6333 6332
f 6336 6345 6346
f 6336 6346 6347
f 6336 6347 6339
f 6336 6338 6348
f 6336 6348 6349
f 6336 6349 6345
f 6339 6350 6351
f 6339 6351 6340
f 6339 6347 6345
f 6339 6345 6350
f 6341 6343 6352
f 6342 6353 6343
f 6343 6353 6354
f 6343 6354 6355
f 6343 6355 6352
f 6344 6352 6355
f 6344 6355 6356
f 6344 6356 6357
f 6344 6357 6358
f 6344 6358 6359
f 6345 6347 6346
f 6345 6349 6360
f 6345 6360 6350
f 6348 6360 6349
f 6350 6361 6351
f 6350 6360 6362
f 6350 6362 6361
f 6354 6356 6355
f 6357 6363 6358
f 6358 6364 6365
f 6358 6365 6359
f 6358 6363 6366
f 6358 6366 6367
f 6358 6367 6368
f 6358 6368 6369
f 6358 6369 6364
f 6359 6365 6371
f 6359 6371 6370
f 6360 6372 6362
f 6361 6362 6374
f 6361 6374 6373
f 6362 6372 6375
f 6362 6375 6374
f 6364 6371 6365
f 6364 6369 6371
f 6366 6376 6367
f 6367 6376 6368
f 6369 6377 6370
f 6369 6370 6371
f 6370 6377 6378
f 6370 6378 6379
f 6373 6374 6380
f 6374 6381 6382
f 6374 6382 6380
f 6374 6375 6383
f 6374 6383 6384
f 6374 6384 6381
f 6375 6385 6384
f 6375 6384 6383
f 6377 6386 6387
f 6377 6387 6378
f 6378 6387 6388
f 6378 6388 6379
f 6379 6388 6389
f 6379 6389 6390
f 6379 6390 6391
f 6381 6384 6382
f 6382 6392 6393
f 6382 6384 6394
f 6382 6394 6392
f 6384 6385 6395
f 6384 6395 6396
f 6384 6396 6397
f 6384 6397 6392
f 6384 6392 6394
f 6386 6398 6388
f 6386 6388 6387
f 6388 6398 6399
f 6388 6399 6400
f 6388 6400 6401
f 6388 6401 6389
f 6389 6401 6390
f 6390 6401 6400
f 6390 6400 6391
f 6391 6402 6403
f 6391 6400 6402
f 6392 6404 6405
f 6392 6405 6393
f 6392 6397 6396
f 6392 6396 6404
f 6396 6403 6402
f 6396 6402 6404
f 6398 6406 6399
f 6399 6406 6400
f 6400 6406 6402
f 6402 6406 6407
f 6402 6407 6404
f 6404 6407 6405

o geometry_79
v -0.00213662 -0.00247339 0.00822737 0.46274510 0.27450980 0.58431373
v -0.00213662 -0.00248010 0.00314464 0.46274510 0.27450980 0.58431373
v -0.00513065 -0.00125015 0.00314464 0.46274510 0.27450980 0.58431373
v -0.00513065 -0.00297729 0.00822737 0.46274510 0.27450980 0.58431373
v -0.00213662 -0.00886540 0.00822737 0.46274510 0.27450980 0.58431373
v -0.00213662 -0.00852325 0.00314464 0.46274510 0.27450980 0.58431373
v -0.00513065 -0.00803723 0.00314464 0.46274510 0.27450980 0.58431373
v -0.00513065 -0.00871632 0.00822737 0.46274510 0.27450980 0.58431373
v -0.00334642 -0.00882738 0.00822737 0.46274510 0.27450980 0.58431373
v -0.00213662 -0.00862910 0.00457182 0.46274510 0.27450980 0.58431373
v -0.00213662 -0.00855009 0.00345068 0.46274510 0.27450980 0.58431373
v -0.00239774 -0.00853294 0.00345068 0.46274510 0.27450980 0.58431373
v -0.00239774 -0.00850536 0.00314464 0.46274510 0.27450980 0.58431373
v -0.00464005 -0.00816843 0.00314464 0.46274510 0.27450980 0.58431373
v -0.00513065 -0.00806780 0.00331582 0.46274510 0.27450980 0.58431373
v -0.00513065 -0.00855307 0.00681412 0.46274510 0.27450980 0.58431373
v -0.00351904 -0.00836895 0.00314464 0.46274510 0.27450980 0.58431373
v -0.00351904 -0.00840249 0.00345068 0.46274510 0.27450980 0.58431373
v -0.00485370 -0.00874837 0.00822737 0.46274510 0.27450980 0.58431373
v -0.00351904 -0.00882067 0.00822737 0.46274510 0.27450980 0.58431373
v -0.00407852 -0.00879831 0.00822737 0.46274510 0.27450980 0.58431373
v -0.00438830 -0.00878266 0.00822737 0.46274510 0.27450980 0.58431373
v -0.00464005 -0.00821241 0.00345068 0.46274510 0.27450980 0.58431373
v -0.00513065 -0.00825937 0.00457182 0.46274510 0.27450980 0.58431373
v -0.00513065 -0.00809165 0.00345068 0.46274510 0.27450980 0.58431373
v -0.00513065 -0.00841293 0.00569247 0.46274510 0.27450980 0.58431373
v -0.00464005 -0.00835777 0.00457182 0.46274510 0.27450980 0.58431373
f 6408 6409 6410
f 6408 6410 6411
f 6408 6411 6415
f 6408 6415 6426
f 6408 6426 6429
f 6408 6429 6428
f 6408 6428 6427
f 6408 6427 6416
f 6408 6416 6412
f 6408 6412 6417
f 6408 6417 6418
f 6408 6418 6413
f 6408 6413 6409
f 6409 6413 6420
f 6409 6420 6424
f 6409 6424 6421
f 6409 6421 6414
f 6409 6414 6410
f 6410 6414 6422
f 6410 6422 6432
f 6410 6432 6431
f 6410 6431 6433
f 6410 6433 6423
f 6410 6423 6415
f 6410 6415 6411
f 6412 6416 6417
f 6413 6418 6419
f 6413 6419 6420
f 6414 6421 6422
f 6415 6423 6424
f 6415 6424 6425
f 6415 6425 6420
f 6415 6420 6426
f 6416 6427 6417
f 6417 6427 6428
f 6417 6428 6418
f 6418 6428 6429
f 6418 6429 6419
f 6419 6429 6426
f 6419 6426 6420
f 6420 6425 6424
f 6421 6430 6431
f 6421 6431 6432
f 6421 6432 6422
f 6421 6424 6430
f 6423 6433 6434
f 6423 6434 6424
f 6424 6434 6430
f 6430 6434 6433
f 6430 6433 6431

o geometry_80
v -0.00581796 0.01097311 0.01584096 0.86274510 0.11372549 0.51372549
v -0.00513096 0.01103428 0.01515352 0.86274510 0.11372549 0.51372549
v -0.00513096 0.01116060 0.01403238 0.86274510 0.11372549 0.51372549
v -0.00688259 0.01097231 0.01584096 0.86274510 0.11372549 0.51372549
v -0.00576157 0.01096993 0.01584096 0.86274510 0.11372549 0.51372549
v -0.00513096 0.01093338 0.01584096 0.86274510 0.11372549 0.51372549
v -0.00513096 0.01126467 0.01291181 0.86274510 0.11372549 0.51372549
v -0.00693898 0.01096993 0.01584096 0.86274510 0.11372549 0.51372549
v -0.00513096 0.00331621 0.01584096 0.86274510 0.11372549 0.51372549
v -0.00513096 0.01130042 0.01242078 0.86274510 0.11372549 0.51372549
v -0.00800392 0.01090717 0.01584096 0.86274510 0.11372549 0.51372549
v -0.00513096 0.01134491 0.01176854 0.86274510 0.11372549 0.51372549
v -0.00576157 0.01126546 0.01242078 0.86274510 0.11372549 0.51372549
v -0.00824440 0.00530789 0.01584096 0.86274510 0.11372549 0.51372549
v -0.00824440 0.00473907 0.01004170 0.86274510 0.11372549 0.51372549
v -0.00513096 0.00587513 0.01004170 0.86274510 0.11372549 0.51372549
v -0.00806031 0.01090319 0.01584096 0.86274510 0.11372549 0.51372549
v -0.00513096 0.01140767 0.01073596 0.86274510 0.11372549 0.51372549
v -0.00518978 0.01140529 0.01070928 0.86274510 0.11372549 0.51372549
v -0.00824440 0.01088492 0.01584096 0.86274510 0.11372549 0.51372549
v -0.00824440 0.01088254 0.01004170 0.86274510 0.11372549 0.51372549
v -0.00513096 0.01143230 0.01004170 0.86274510 0.11372549 0.51372549
v -0.00576157 0.01132902 0.01129965 0.86274510 0.11372549 0.51372549
v -0.00513096 0.01141244 0.01065137 0.86274510 0.11372549 0.51372549
v -0.00513096 0.01142674 0.01027274 0.86274510 0.11372549 0.51372549
v -0.00572256 0.01137430 0.01027274 0.86274510 0.11372549 0.51372549
v -0.00688259 0.01119873 0.01129965 0.86274510 0.11372549 0.51372549
v -0.00824440 0.01091193 0.01490318 0.86274510 0.11372549 0.51372549
v -0.00824440 0.01091432 0.01041863 0.86274510 0.11372549 0.51372549
v -0.00800392 0.01095801 0.01004170 0.86274510 0.11372549 0.51372549
v -0.00542600 0.01140529 0.01004170 0.86274510 0.11372549 0.51372549
v -0.00576889 0.01137351 0.01004170 0.86274510 0.11372549 0.51372549
v -0.00677104 0.01123845 0.01004170 0.86274510 0.11372549 0.51372549
v -0.00688259 0.01121939 0.01017851 0.86274510 0.11372549 0.51372549
v -0.00824440 0.01093656 0.01378204 0.86274510 0.11372549 0.51372549
v -0.00824440 0.01094927 0.01154034 0.86274510 0.11372549 0.51372549
v -0.00800392 0.01096834 0.01017851 0.86274510 0.11372549 0.51372549
v -0.00786737 0.01099694 0.01004170 0.86274510 0.11372549 0.51372549
v -0.00688259 0.01121700 0.01004170 0.86274510 0.11372549 0.51372549
v -0.00800392 0.01100012 0.01129965 0.86274510 0.11372549 0.51372549
v -0.00824440 0.01095245 0.01266147 0.86274510 0.11372549 0.51372549
v -0.00800392 0.01099694 0.01242078 0.86274510 0.11372549 0.51372549
f 6435 6436 6437
f 6435 6437 6438
f 6435 6438 6442
f 6435 6442 6445
f 6435 6445 6451
f 6435 6451 6454
f 6435 6454 6448
f 6435 6448 6443
f 6435 6443 6440
f 6435 6440 6439
f 6435 6439 6436
f 6436 6439 6440
f 6436 6440 6443
f 6436 6443 6450
f 6436 6450 6456
f 6436 6456 6459
f 6436 6459 6458
f 6436 6458 6452
f 6436 6452 6446
f 6436 6446 6444
f 6436 6444 6441
f 6436 6441 6437
f 6437 6441 6438
f 6438 6441 6442
f 6441 6444 6442
f 6442 6444 6446
f 6442 6446 6447
f 6442 6447 6445
f 6443 6448 6449
f 6443 6449 6450
f 6445 6447 6451
f 6446 6452 6447
f 6447 6452 6453
f 6447 6453 6451
f 6448 6454 6462
f 6448 6462 6469
f 6448 6469 6475
f 6448 6475 6470
f 6448 6470 6463
f 6448 6463 6455
f 6448 6455 6449
f 6449 6455 6464
f 6449 6464 6472
f 6449 6472 6473
f 6449 6473 6467
f 6449 6467 6466
f 6449 6466 6465
f 6449 6465 6456
f 6449 6456 6450
f 6451 6453 6457
f 6451 6457 6454
f 6452 6458 6453
f 6453 6458 6459
f 6453 6459 6460
f 6453 6460 6457
f 6454 6457 6460
f 6454 6460 6461
f 6454 6461 6462
f 6455 6463 6464
f 6456 6465 6460
f 6456 6460 6459
f 6460 6465 6466
f 6460 6466 6461
f 6461 6466 6467
f 6461 6467 6468
f 6461 6468 6469
f 6461 6469 6462
f 6463 6470 6471
f 6463 6471 6464
f 6464 6471 6472
f 6467 6473 6468
f 6468 6473 6474
f 6468 6474 6475
f 6468 6475 6476
f 6468 6476 6469
f 6469 6476 6475
f 6470 6475 6474
f 6470 6474 6471
f 6471 6474 6472
f 6472 6474 6473

o geometry_81
v -0.00513096 0.01143163 0.01004170 0.12941176 0.71372549 0.39215686
v -0.00513096 0.01144713 0.00970682 0.12941176 0.71372549 0.39215686
v -0.00527330 0.01141903 0.01004170 0.12941176 0.71372549 0.39215686
v -0.00513096 0.00587572 0.01004170 0.12941176 0.71372549 0.39215686
v -0.00513096 0.01147911 0.00865287 0.12941176 0.71372549 0.39215686
v -0.00576889 0.01137348 0.01004170 0.12941176 0.71372549 0.39215686
v -0.00542600 0.01140546 0.01004170 0.12941176 0.71372549 0.39215686
v -0.00824440 0.00473896 0.01004170 0.12941176 0.71372549 0.39215686
v -0.00824440 0.00159517 0.00635323 0.12941176 0.71372549 0.39215686
v -0.00643485 0.00159517 0.00314414 0.12941176 0.71372549 0.39215686
v -0.00513096 0.00474671 0.00346485 0.12941176 0.71372549 0.39215686
v -0.00513096 0.01149559 0.00754019 0.12941176 0.71372549 0.39215686
v -0.00596700 0.01137057 0.00905663 0.12941176 0.71372549 0.39215686
v -0.00677104 0.01123780 0.01004170 0.12941176 0.71372549 0.39215686
v -0.00824440 0.01088214 0.01004170 0.12941176 0.71372549 0.39215686
v -0.00824440 0.00159517 0.00314414 0.12941176 0.71372549 0.39215686
v -0.00513096 0.00469438 0.00314414 0.12941176 0.71372549 0.39215686
v -0.00513096 0.00471279 0.00325757 0.12941176 0.71372549 0.39215686
v -0.00513096 0.01148880 0.00648692 0.12941176 0.71372549 0.39215686
v -0.00688259 0.01121745 0.01004170 0.12941176 0.71372549 0.39215686
v -0.00804110 0.01094610 0.01004170 0.12941176 0.71372549 0.39215686
v -0.00800392 0.01088117 0.00905663 0.12941176 0.71372549 0.39215686
v -0.00824440 0.01082399 0.00929699 0.12941176 0.71372549 0.39215686
v -0.00824440 0.00941297 0.00314414 0.12941176 0.71372549 0.39215686
v -0.00513096 0.01121551 0.00314414 0.12941176 0.71372549 0.39215686
v -0.00513096 0.01146942 0.00569359 0.12941176 0.71372549 0.39215686
v -0.00688259 0.01119807 0.00905663 0.12941176 0.71372549 0.39215686
v -0.00786737 0.01099650 0.01004170 0.12941176 0.71372549 0.39215686
v -0.00800392 0.01095773 0.01004170 0.12941176 0.71372549 0.39215686
v -0.00513096 0.01144326 0.00492727 0.12941176 0.71372549 0.39215686
v -0.00513096 0.01139092 0.00426763 0.12941176 0.71372549 0.39215686
v -0.00514589 0.01138511 0.00425547 0.12941176 0.71372549 0.39215686
v -0.00824440 0.01079201 0.00907486 0.12941176 0.71372549 0.39215686
v -0.00513096 0.01137832 0.00415825 0.12941176 0.71372549 0.39215686
v -0.00824440 0.00944301 0.00322111 0.12941176 0.71372549 0.39215686
v -0.00785853 0.00966591 0.00314414 0.12941176 0.71372549 0.39215686
v -0.00550311 0.01103041 0.00314414 0.12941176 0.71372549 0.39215686
v -0.00824440 0.01046349 0.00715129 0.12941176 0.71372549 0.39215686
v -0.00824440 0.01066312 0.00818903 0.12941176 0.71372549 0.39215686
v -0.00513096 0.01127366 0.00345067 0.12941176 0.71372549 0.39215686
v -0.00513096 0.01146167 0.00541677 0.12941176 0.71372549 0.39215686
v -0.00513096 0.01130370 0.00364647 0.12941176 0.71372549 0.39215686
v -0.00824440 0.00951570 0.00342839 0.12941176 0.71372549 0.39215686
v -0.00713069 0.01011655 0.00314414 0.12941176 0.71372549 0.39215686
v -0.00645528 0.01051776 0.00314414 0.12941176 0.71372549 0.39215686
v -0.00666589 0.01047802 0.00345067 0.12941176 0.71372549 0.39215686
v -0.00754704 0.01033847 0.00489689 0.12941176 0.71372549 0.39215686
v -0.00824440 0.01014756 0.00569359 0.12941176 0.71372549 0.39215686
v -0.00824440 0.00955543 0.00355599 0.12941176 0.71372549 0.39215686
v -0.00722640 0.01015143 0.00345067 0.12941176 0.71372549 0.39215686
v -0.00659365 0.01043926 0.00314414 0.12941176 0.71372549 0.39215686
v -0.00738580 0.01025222 0.00414947 0.12941176 0.71372549 0.39215686
v -0.00824440 0.01012236 0.00558691 0.12941176 0.71372549 0.39215686
v -0.00824440 0.00985682 0.00455120 0.12941176 0.71372549 0.39215686
v -0.00795393 0.01002836 0.00454242 0.12941176 0.71372549 0.39215686
v -0.00824440 0.00991982 0.00478346 0.12941176 0.71372549 0.39215686
f 6477 6478 6479
f 6477 6479 6483
f 6477 6483 6482
f 6477 6482 6490
f 6477 6490 6496
f 6477 6496 6504
f 6477 6504 6505
f 6477 6505 6497
f 6477 6497 6491
f 6477 6491 6484
f 6477 6484 6480
f 6477 6480 6487
f 6477 6487 6494
f 6477 6494 6493
f 6477 6493 6501
f 6477 6501 6516
f 6477 6516 6518
f 6477 6518 6510
f 6477 6510 6507
f 6477 6507 6506
f 6477 6506 6517
f 6477 6517 6502
f 6477 6502 6495
f 6477 6495 6488
f 6477 6488 6481
f 6477 6481 6478
f 6478 6481 6482
f 6478 6482 6483
f 6478 6483 6479
f 6480 6484 6485
f 6480 6485 6486
f 6480 6486 6487
f 6481 6488 6489
f 6481 6489 6482
f 6482 6489 6490
f 6484 6491 6499
f 6484 6499 6509
f 6484 6509 6515
f 6484 6515 6514
f 6484 6514 6524
f 6484 6524 6529
f 6484 6529 6532
f 6484 6532 6530
f 6484 6530 6525
f 6484 6525 6519
f 6484 6519 6511
f 6484 6511 6500
f 6484 6500 6492
f 6484 6492 6485
f 6485 6492 6486
f 6486 6492 6500
f 6486 6500 6512
f 6486 6512 6520
f 6486 6520 6527
f 6486 6527 6521
f 6486 6521 6513
f 6486 6513 6501
f 6486 6501 6493
f 6486 6493 6494
f 6486 6494 6487
f 6488 6495 6489
f 6489 6495 6490
f 6490 6495 6496
f 6491 6497 6498
f 6491 6498 6499
f 6495 6502 6503
f 6495 6503 6496
f 6496 6503 6504
f 6497 6505 6498
f 6498 6505 6506
f 6498 6506 6507
f 6498 6507 6508
f 6498 6508 6499
f 6499 6508 6510
f 6499 6510 6509
f 6500 6511 6512
f 6501 6513 6514
f 6501 6514 6515
f 6501 6515 6516
f 6502 6517 6503
f 6503 6517 6506
f 6503 6506 6504
f 6504 6506 6505
f 6507 6510 6508
f 6509 6510 6515
f 6510 6518 6515
f 6511 6519 6512
f 6512 6519 6520
f 6513 6521 6522
f 6513 6522 6523
f 6513 6523 6524
f 6513 6524 6514
f 6515 6518 6516
f 6519 6525 6520
f 6520 6525 6526
f 6520 6526 6527
f 6521 6527 6528
f 6521 6528 6522
f 6522 6528 6524
f 6522 6524 6523
f 6524 6528 6529
f 6525 6530 6526
f 6526 6530 6531
f 6526 6531 6527
f 6527 6531 6528
f 6528 6531 6529
f 6529 6531 6532
f 6530 6532 6531

o geometry_82
v 0.01057215 0.00098429 -0.01320856 0.56470588 0.18039216 0.14117647
v 0.02102879 0.00098429 -0.01320856 0.56470588 0.18039216 0.14117647
v 0.01057215 0.00098429 -0.00894428 0.56470588 0.18039216 0.14117647
v 0.01057215 0.00889853 -0.01320856 0.56470588 0.18039216 0.14117647
v 0.02098477 0.00191597 -0.01320856 0.56470588 0.18039216 0.14117647
v 0.01763844 0.00098429 -0.00894428 0.56470588 0.18039216 0.14117647
v 0.01057215 0.01373116 -0.00894428 0.56470588 0.18039216 0.14117647
v 0.01057215 0.01197889 -0.01214489 0.56470588 0.18039216 0.14117647
v 0.01337594 0.01165065 -0.01320856 0.56470588 0.18039216 0.14117647
v 0.02098170 0.00195132 -0.01320856 0.56470588 0.18039216 0.14117647
v 0.01753301 0.00183265 -0.00894428 0.56470588 0.18039216 0.14117647
v 0.01062640 0.01371096 -0.00894428 0.56470588 0.18039216 0.14117647
v 0.01057215 0.01378292 -0.00909623 0.56470588 0.18039216 0.14117647
v 0.01057215 0.01269469 -0.01184766 0.56470588 0.18039216 0.14117647
v 0.01357350 0.01183749 -0.01320856 0.56470588 0.18039216 0.14117647
v 0.02097453 0.00200182 -0.01320856 0.56470588 0.18039216 0.14117647
v 0.02085886 0.00276181 -0.01320856 0.56470588 0.18039216 0.14117647
v 0.01752584 0.00187683 -0.00894428 0.56470588 0.18039216 0.14117647
v 0.01094783 0.01352159 -0.00894428 0.56470588 0.18039216 0.14117647
v 0.01071239 0.01375262 -0.00916219 0.56470588 0.18039216 0.14117647
v 0.01057215 0.01378544 -0.00911335 0.56470588 0.18039216 0.14117647
v 0.01057215 0.01293708 -0.01159385 0.56470588 0.18039216 0.14117647
v 0.01384580 0.01253184 -0.01281449 0.56470588 0.18039216 0.14117647
v 0.01431258 0.01193975 -0.01320856 0.56470588 0.18039216 0.14117647
v 0.02081177 0.00299788 -0.01320856 0.56470588 0.18039216 0.14117647
v 0.01736103 0.00268480 -0.00894428 0.56470588 0.18039216 0.14117647
v 0.01120374 0.01335621 -0.00894428 0.56470588 0.18039216 0.14117647
v 0.01294498 0.01272373 -0.01023588 0.56470588 0.18039216 0.14117647
v 0.01142485 0.01356073 -0.01000544 0.56470588 0.18039216 0.14117647
v 0.01086389 0.01379807 -0.01000544 0.56470588 0.18039216 0.14117647
v 0.01057215 0.01388139 -0.01000544 0.56470588 0.18039216 0.14117647
v 0.01057215 0.01353926 -0.01095265 0.56470588 0.18039216 0.14117647
v 0.01057215 0.01376398 -0.01071219 0.56470588 0.18039216 0.14117647
v 0.01386934 0.01253184 -0.01281449 0.56470588 0.18039216 0.14117647
v 0.01525844 0.01140826 -0.01320856 0.56470588 0.18039216 0.14117647
v 0.01729552 0.00299788 -0.00894428 0.56470588 0.18039216 0.14117647
v 0.02069508 0.00351296 -0.01320856 0.56470588 0.18039216 0.14117647
v 0.01196125 0.01281462 -0.00894428 0.56470588 0.18039216 0.14117647
v 0.01386627 0.01253057 -0.01167818 0.56470588 0.18039216 0.14117647
v 0.01271056 0.01248891 -0.00948864 0.56470588 0.18039216 0.14117647
v 0.01829358 0.00908032 -0.01320856 0.56470588 0.18039216 0.14117647
v 0.01762923 0.00975825 -0.01320856 0.56470588 0.18039216 0.14117647
v 0.01744599 0.00992742 -0.01320856 0.56470588 0.18039216 0.14117647
v 0.01387037 0.01253310 -0.01224758 0.56470588 0.18039216 0.14117647
v 0.01077176 0.01374378 -0.01068631 0.56470588 0.18039216 0.14117647
v 0.01057215 0.01381953 -0.01052434 0.56470588 0.18039216 0.14117647
v 0.01714504 0.01018243 -0.01320856 0.56470588 0.18039216 0.14117647
v 0.02055688 0.00411893 -0.01320856 0.56470588 0.18039216 0.14117647
v 0.01718394 0.00345110 -0.00894428 0.56470588 0.18039216 0.14117647
v 0.01258772 0.01215942 -0.00894428 0.56470588 0.18039216 0.14117647
v 0.01855257 0.00873189 -0.01320856 0.56470588 0.18039216 0.14117647
v 0.02047909 0.00439793 -0.01320856 0.56470588 0.18039216 0.14117647
v 0.01698126 0.00421109 -0.00894428 0.56470588 0.18039216 0.14117647
v 0.01292860 0.01168221 -0.00894428 0.56470588 0.18039216 0.14117647
v 0.01867950 0.00856020 -0.01320856 0.56470588 0.18039216 0.14117647
v 0.02023750 0.00525134 -0.01320856 0.56470588 0.18039216 0.14117647
v 0.01665266 0.00530815 -0.00894428 0.56470588 0.18039216 0.14117647
v 0.01487764 0.00884298 -0.00894428 0.56470588 0.18039216 0.14117647
v 0.01875525 0.00845289 -0.01320856 0.56470588 0.18039216 0.14117647
v 0.01988537 0.00623226 -0.01320856 0.56470588 0.18039216 0.14117647
v 0.01659227 0.00548237 -0.00894428 0.56470588 0.18039216 0.14117647
v 0.01504040 0.00860312 -0.00894428 0.56470588 0.18039216 0.14117647
v 0.01513663 0.00845668 -0.00894428 0.56470588 0.18039216 0.14117647
v 0.01565562 0.00761715 -0.00894428 0.56470588 0.18039216 0.14117647
v 0.01925889 0.00759064 -0.01320856 0.56470588 0.18039216 0.14117647
v 0.01978607 0.00647212 -0.01320856 0.56470588 0.18039216 0.14117647
v 0.01631588 0.00624993 -0.00894428 0.56470588 0.18039216 0.14117647
v 0.01569145 0.00755403 -0.00894428 0.56470588 0.18039216 0.14117647
v 0.01931621 0.00748207 -0.01320856 0.56470588 0.18039216 0.14117647
v 0.01953016 0.00704274 -0.01320856 0.56470588 0.18039216 0.14117647
v 0.01608965 0.00676374 -0.00894428 0.56470588 0.18039216 0.14117647
v 0.01626879 0.00636102 -0.00894428 0.56470588 0.18039216 0.14117647
v 0.01574468 0.00745304 -0.00894428 0.56470588 0.18039216 0.14117647
f 6533 6534 6538
f 6533 6538 6535
f 6533 6535 6539
f 6533 6539 6545
f 6533 6545 6553
f 6533 6553 6563
f 6533 6563 6578
f 6533 6578 6565
f 6533 6565 6564
f 6533 6564 6554
f 6533 6554 6546
f 6533 6546 6540
f 6533 6540 6536
f 6533 6536 6541
f 6533 6541 6547
f 6533 6547 6556
f 6533 6556 6567
f 6533 6567 6579
f 6533 6579 6575
f 6533 6575 6574
f 6533 6574 6573
f 6533 6573 6583
f 6533 6583 6587
f 6533 6587 6591
f 6533 6591 6597
f 6533 6597 6601
f 6533 6601 6602
f 6533 6602 6598
f 6533 6598 6592
f 6533 6592 6588
f 6533 6588 6584
f 6533 6584 6580
f 6533 6580 6569
f 6533 6569 6557
f 6533 6557 6549
f 6533 6549 6548
f 6533 6548 6542
f 6533 6542 6537
f 6533 6537 6534
f 6534 6537 6538
f 6535 6538 6543
f 6535 6543 6550
f 6535 6550 6558
f 6535 6558 6568
f 6535 6568 6581
f 6535 6581 6585
f 6535 6585 6589
f 6535 6589 6593
f 6535 6593 6599
f 6535 6599 6604
f 6535 6604 6603
f 6535 6603 6605
f 6535 6605 6600
f 6535 6600 6596
f 6535 6596 6595
f 6535 6595 6594
f 6535 6594 6590
f 6535 6590 6586
f 6535 6586 6582
f 6535 6582 6570
f 6535 6570 6559
f 6535 6559 6551
f 6535 6551 6544
f 6535 6544 6539
f 6536 6540 6541
f 6537 6542 6538
f 6538 6542 6543
f 6539 6544 6545
f 6540 6546 6547
f 6540 6547 6541
f 6542 6548 6543
f 6543 6548 6549
f 6543 6549 6550
f 6544 6551 6552
f 6544 6552 6545
f 6545 6552 6553
f 6546 6554 6555
f 6546 6555 6547
f 6547 6555 6556
f 6549 6557 6550
f 6550 6557 6558
f 6551 6559 6560
f 6551 6560 6552
f 6552 6561 6562
f 6552 6562 6563
f 6552 6563 6553
f 6552 6560 6561
f 6554 6564 6555
f 6555 6564 6565
f 6555 6565 6566
f 6555 6566 6556
f 6556 6566 6567
f 6557 6568 6558
f 6557 6569 6568
f 6559 6570 6560
f 6560 6571 6561
f 6560 6570 6572
f 6560 6572 6573
f 6560 6573 6574
f 6560 6574 6575
f 6560 6575 6571
f 6561 6571 6576
f 6561 6576 6562
f 6562 6577 6563
f 6562 6576 6566
f 6562 6566 6577
f 6563 6577 6578
f 6565 6578 6577
f 6565 6577 6566
f 6566 6576 6579
f 6566 6579 6567
f 6568 6569 6580
f 6568 6580 6581
f 6570 6582 6572
f 6571 6575 6579
f 6571 6579 6576
f 6572 6582 6573
f 6573 6582 6583
f 6580 6584 6585
f 6580 6585 6581
f 6582 6586 6587
f 6582 6587 6583
f 6584 6588 6585
f 6585 6588 6589
f 6586 6590 6591
f 6586 6591 6587
f 6588 6592 6593
f 6588 6593 6589
f 6590 6594 6591
f 6591 6594 6595
f 6591 6595 6596
f 6591 6596 6597
f 6592 6598 6599
f 6592 6599 6593
f 6596 6600 6597
f 6597 6600 6601
f 6598 6602 6603
f 6598 6603 6604
f 6598 6604 6599
f 6600 6605 6601
f 6601 6605 6603
f 6601 6603 6602

o geometry_83
v 0.01431288 0.01194000 -0.01320898 0.48627451 0.35294118 0.93725490
v 0.01057215 0.01004291 -0.01567497 0.48627451 0.35294118 0.93725490
v 0.01357437 0.01183704 -0.01320898 0.48627451 0.35294118 0.93725490
v 0.01525887 0.01140808 -0.01320898 0.48627451 0.35294118 0.93725490
v 0.01738796 0.01036141 -0.01377074 0.48627451 0.35294118 0.93725490
v 0.01809313 0.01014908 -0.01449038 0.48627451 0.35294118 0.93725490
v 0.01996905 0.00928364 -0.01567497 0.48627451 0.35294118 0.93725490
v 0.01747194 0.01033031 -0.01510645 0.48627451 0.35294118 0.93725490
v 0.01330144 0.00988955 -0.01567497 0.48627451 0.35294118 0.93725490
v 0.01057215 0.00098536 -0.01567497 0.48627451 0.35294118 0.93725490
v 0.01057215 0.01001932 -0.01561172 0.48627451 0.35294118 0.93725490
v 0.01337554 0.01165045 -0.01320898 0.48627451 0.35294118 0.93725490
v 0.01714591 0.01018232 -0.01320898 0.48627451 0.35294118 0.93725490
v 0.01962079 0.00931474 -0.01485080 0.48627451 0.35294118 0.93725490
v 0.01998881 0.00927399 -0.01567497 0.48627451 0.35294118 0.93725490
v 0.01892674 0.00948740 -0.01567497 0.48627451 0.35294118 0.93725490
v 0.01885387 0.00950134 -0.01567497 0.48627451 0.35294118 0.93725490
v 0.01057215 0.00098536 -0.01320898 0.48627451 0.35294118 0.93725490
v 0.02317010 0.00098536 -0.01567497 0.48627451 0.35294118 0.93725490
v 0.01057215 0.00978446 -0.01506879 0.48627451 0.35294118 0.93725490
v 0.01057215 0.00889865 -0.01320898 0.48627451 0.35294118 0.93725490
v 0.01744601 0.00992709 -0.01320898 0.48627451 0.35294118 0.93725490
v 0.01855748 0.00938874 -0.01372125 0.48627451 0.35294118 0.93725490
v 0.01930464 0.00892010 -0.01410340 0.48627451 0.35294118 0.93725490
v 0.02064829 0.00811472 -0.01498551 0.48627451 0.35294118 0.93725490
v 0.02036919 0.00886219 -0.01541690 0.48627451 0.35294118 0.93725490
v 0.02044575 0.00896836 -0.01567497 0.48627451 0.35294118 0.93725490
v 0.02102866 0.00098536 -0.01320898 0.48627451 0.35294118 0.93725490
v 0.02318739 0.00176393 -0.01567497 0.48627451 0.35294118 0.93725490
v 0.02127813 0.00098536 -0.01349360 0.48627451 0.35294118 0.93725490
v 0.01762878 0.00975765 -0.01320898 0.48627451 0.35294118 0.93725490
v 0.01829320 0.00908096 -0.01320898 0.48627451 0.35294118 0.93725490
v 0.01855254 0.00873243 -0.01320898 0.48627451 0.35294118 0.93725490
v 0.01867974 0.00855977 -0.01320898 0.48627451 0.35294118 0.93725490
v 0.01875508 0.00845253 -0.01320898 0.48627451 0.35294118 0.93725490
v 0.01955040 0.00817263 -0.01384509 0.48627451 0.35294118 0.93725490
v 0.02084095 0.00748200 -0.01479890 0.48627451 0.35294118 0.93725490
v 0.02225993 0.00625195 -0.01567497 0.48627451 0.35294118 0.93725490
v 0.02183510 0.00698011 -0.01567497 0.48627451 0.35294118 0.93725490
v 0.02318739 0.00187653 -0.01567497 0.48627451 0.35294118 0.93725490
v 0.02098544 0.00191621 -0.01320898 0.48627451 0.35294118 0.93725490
v 0.01925895 0.00759031 -0.01320898 0.48627451 0.35294118 0.93725490
v 0.02161157 0.00664660 -0.01516705 0.48627451 0.35294118 0.93725490
v 0.01931575 0.00748200 -0.01320898 0.48627451 0.35294118 0.93725490
v 0.02256250 0.00545193 -0.01567497 0.48627451 0.35294118 0.93725490
v 0.01988508 0.00623157 -0.01320898 0.48627451 0.35294118 0.93725490
v 0.02310095 0.00278700 -0.01567497 0.48627451 0.35294118 0.93725490
v 0.02098173 0.00195053 -0.01320898 0.48627451 0.35294118 0.93725490
v 0.01953064 0.00704231 -0.01320898 0.48627451 0.35294118 0.93725490
v 0.01978628 0.00647072 -0.01320898 0.48627451 0.35294118 0.93725490
v 0.01984309 0.00633345 -0.01320898 0.48627451 0.35294118 0.93725490
v 0.02261931 0.00523960 -0.01567497 0.48627451 0.35294118 0.93725490
v 0.02023704 0.00525139 -0.01320898 0.48627451 0.35294118 0.93725490
v 0.02024075 0.00523960 -0.01320898 0.48627451 0.35294118 0.93725490
v 0.02047910 0.00439776 -0.01320898 0.48627451 0.35294118 0.93725490
v 0.02055690 0.00411893 -0.01320898 0.48627451 0.35294118 0.93725490
v 0.02307748 0.00299720 -0.01567497 0.48627451 0.35294118 0.93725490
v 0.02097432 0.00200200 -0.01320898 0.48627451 0.35294118 0.93725490
v 0.02275886 0.00466693 -0.01567497 0.48627451 0.35294118 0.93725490
v 0.02069522 0.00351302 -0.01320898 0.48627451 0.35294118 0.93725490
v 0.02294904 0.00374252 -0.01567497 0.48627451 0.35294118 0.93725490
v 0.02085947 0.00276127 -0.01320898 0.48627451 0.35294118 0.93725490
v 0.02081131 0.00299720 -0.01320898 0.48627451 0.35294118 0.93725490
v 0.02287865 0.00411893 -0.01567497 0.48627451 0.35294118 0.93725490
f 6606 6607 6608
f 6606 6608 6617
f 6606 6617 6626
f 6606 6626 6623
f 6606 6623 6633
f 6606 6633 6646
f 6606 6646 6653
f 6606 6653 6663
f 6606 6663 6667
f 6606 6667 6668
f 6606 6668 6665
f 6606 6665 6661
f 6606 6661 6660
f 6606 6660 6659
f 6606 6659 6658
f 6606 6658 6651
f 6606 6651 6656
f 6606 6656 6655
f 6606 6655 6654
f 6606 6654 6649
f 6606 6649 6647
f 6606 6647 6640
f 6606 6640 6639
f 6606 6639 6638
f 6606 6638 6637
f 6606 6637 6636
f 6606 6636 6627
f 6606 6627 6618
f 6606 6618 6609
f 6606 6609 6610
f 6606 6610 6611
f 6606 6611 6612
f 6606 6612 6613
f 6606 6613 6607
f 6607 6614 6622
f 6607 6622 6621
f 6607 6621 6612
f 6607 6612 6620
f 6607 6620 6632
f 6607 6632 6644
f 6607 6644 6643
f 6607 6643 6650
f 6607 6650 6657
f 6607 6657 6664
f 6607 6664 6669
f 6607 6669 6666
f 6607 6666 6662
f 6607 6662 6652
f 6607 6652 6645
f 6607 6645 6634
f 6607 6634 6624
f 6607 6624 6615
f 6607 6615 6623
f 6607 6623 6626
f 6607 6626 6625
f 6607 6625 6616
f 6607 6616 6608
f 6607 6613 6614
f 6608 6616 6617
f 6609 6618 6610
f 6610 6618 6619
f 6610 6619 6611
f 6611 6619 6620
f 6611 6620 6612
f 6612 6621 6613
f 6613 6621 6622
f 6613 6622 6614
f 6615 6624 6635
f 6615 6635 6633
f 6615 6633 6623
f 6616 6625 6617
f 6617 6625 6626
f 6618 6627 6628
f 6618 6628 6619
f 6619 6628 6629
f 6619 6629 6630
f 6619 6630 6631
f 6619 6631 6632
f 6619 6632 6620
f 6624 6634 6635
f 6627 6636 6628
f 6628 6636 6637
f 6628 6637 6629
f 6629 6637 6638
f 6629 6638 6639
f 6629 6639 6640
f 6629 6640 6641
f 6629 6641 6630
f 6630 6632 6631
f 6630 6641 6642
f 6630 6642 6643
f 6630 6643 6644
f 6630 6644 6632
f 6633 6635 6645
f 6633 6645 6646
f 6634 6645 6635
f 6640 6647 6641
f 6641 6647 6642
f 6642 6648 6643
f 6642 6647 6649
f 6642 6649 6648
f 6643 6648 6651
f 6643 6651 6650
f 6645 6652 6646
f 6646 6652 6653
f 6648 6649 6654
f 6648 6654 6655
f 6648 6655 6656
f 6648 6656 6651
f 6650 6651 6658
f 6650 6658 6659
f 6650 6659 6660
f 6650 6660 6661
f 6650 6661 6657
f 6652 6662 6653
f 6653 6662 6663
f 6657 6661 6664
f 6661 6665 6664
f 6662 6666 6667
f 6662 6667 6663
f 6664 6668 6669
f 6664 6665 6668
f 6666 6669 6667
f 6667 6669 6668

o geometry_84
v 0.01619942 0.00050892 -0.04224876 0.76470588 0.74509804 0.90196078
v 0.01619942 0.00226543 -0.04224876 0.76470588 0.74509804 0.90196078
v 0.01951630 0.00050892 -0.04224876 0.76470588 0.74509804 0.90196078
v 0.01619942 0.00050892 -0.03350880 0.76470588 0.74509804 0.90196078
v 0.01951630 0.00243506 -0.04224876 0.76470588 0.74509804 0.90196078
v 0.01619942 0.00302479 -0.04138464 0.76470588 0.74509804 0.90196078
v 0.01778594 0.00389882 -0.04112283 0.76470588 0.74509804 0.90196078
v 0.01951630 0.00050892 -0.02763305 0.76470588 0.74509804 0.90196078
v 0.01744987 0.00050892 -0.02763305 0.76470588 0.74509804 0.90196078
v 0.01619942 0.00088410 -0.03181632 0.76470588 0.74509804 0.90196078
v 0.01890683 0.00391309 -0.04107132 0.76470588 0.74509804 0.90196078
v 0.01890683 0.00447376 -0.04060778 0.76470588 0.74509804 0.90196078
v 0.01951630 0.00428934 -0.04043611 0.76470588 0.74509804 0.90196078
v 0.01619942 0.00350514 -0.04074656 0.76470588 0.74509804 0.90196078
v 0.01696638 0.00368956 -0.04098119 0.76470588 0.74509804 0.90196078
v 0.01769177 0.00449701 -0.04033167 0.76470588 0.74509804 0.90196078
v 0.01951630 0.00473851 -0.02763305 0.76470588 0.74509804 0.90196078
v 0.01716607 0.00094910 -0.02763305 0.76470588 0.74509804 0.90196078
v 0.01708133 0.00110552 -0.02763305 0.76470588 0.74509804 0.90196078
v 0.01669265 0.00187598 -0.02763305 0.76470588 0.74509804 0.90196078
v 0.01659037 0.00211113 -0.02763305 0.76470588 0.74509804 0.90196078
v 0.01619942 0.00309402 -0.02763305 0.76470588 0.74509804 0.90196078
v 0.01800252 0.00477391 -0.03999403 0.76470588 0.74509804 0.90196078
v 0.01890683 0.00480509 -0.04004696 0.76470588 0.74509804 0.90196078
v 0.01951630 0.00476123 -0.03991248 0.76470588 0.74509804 0.90196078
v 0.01619942 0.00385338 -0.04020577 0.76470588 0.74509804 0.90196078
v 0.01725537 0.00466822 -0.03967928 0.76470588 0.74509804 0.90196078
v 0.01619942 0.00555969 -0.02763305 0.76470588 0.74509804 0.90196078
v 0.01951630 0.00478395 -0.02855583 0.76470588 0.74509804 0.90196078
v 0.01742162 0.00590317 -0.03355316 0.76470588 0.74509804 0.90196078
v 0.01619942 0.00514804 -0.03764773 0.76470588 0.74509804 0.90196078
v 0.01619942 0.00541437 -0.03691523 0.76470588 0.74509804 0.90196078
v 0.01619942 0.00550579 -0.03645026 0.76470588 0.74509804 0.90196078
v 0.01699041 0.00590740 -0.03440154 0.76470588 0.74509804 0.90196078
v 0.01742973 0.00590740 -0.03440154 0.76470588 0.74509804 0.90196078
v 0.01951630 0.00477708 -0.03975368 0.76470588 0.74509804 0.90196078
v 0.01619942 0.00452872 -0.03891673 0.76470588 0.74509804 0.90196078
v 0.01695599 0.00590317 -0.03355316 0.76470588 0.74509804 0.90196078
v 0.01619942 0.00570290 -0.03312395 0.76470588 0.74509804 0.90196078
v 0.01951630 0.00500536 -0.03355316 0.76470588 0.74509804 0.90196078
v 0.01619942 0.00560989 -0.03579502 0.76470588 0.74509804 0.90196078
v 0.01619942 0.00571241 -0.03473489 0.76470588 0.74509804 0.90196078
v 0.01619942 0.00570871 -0.03355316 0.76470588 0.74509804 0.90196078
f 6670 6671 6674
f 6670 6674 6672
f 6670 6672 6677
f 6670 6677 6678
f 6670 6678 6673
f 6670 6673 6679
f 6670 6679 6691
f 6670 6691 6697
f 6670 6697 6708
f 6670 6708 6712
f 6670 6712 6711
f 6670 6711 6710
f 6670 6710 6702
f 6670 6702 6701
f 6670 6701 6700
f 6670 6700 6706
f 6670 6706 6695
f 6670 6695 6683
f 6670 6683 6675
f 6670 6675 6671
f 6671 6675 6676
f 6671 6676 6674
f 6672 6674 6682
f 6672 6682 6694
f 6672 6694 6705
f 6672 6705 6709
f 6672 6709 6698
f 6672 6698 6686
f 6672 6686 6677
f 6673 6678 6679
f 6674 6676 6680
f 6674 6680 6681
f 6674 6681 6682
f 6675 6683 6684
f 6675 6684 6676
f 6676 6684 6685
f 6676 6685 6681
f 6676 6681 6680
f 6677 6686 6697
f 6677 6697 6691
f 6677 6691 6690
f 6677 6690 6689
f 6677 6689 6688
f 6677 6688 6687
f 6677 6687 6678
f 6678 6687 6679
f 6679 6687 6688
f 6679 6688 6689
f 6679 6689 6690
f 6679 6690 6691
f 6681 6685 6692
f 6681 6692 6693
f 6681 6693 6694
f 6681 6694 6682
f 6683 6695 6685
f 6683 6685 6684
f 6685 6695 6696
f 6685 6696 6692
f 6686 6698 6699
f 6686 6699 6697
f 6692 6696 6700
f 6692 6700 6701
f 6692 6701 6693
f 6693 6701 6702
f 6693 6702 6703
f 6693 6703 6704
f 6693 6704 6694
f 6694 6704 6705
f 6695 6706 6696
f 6696 6706 6700
f 6697 6707 6708
f 6697 6699 6707
f 6698 6709 6699
f 6699 6709 6704
f 6699 6704 6703
f 6699 6703 6707
f 6702 6710 6703
f 6703 6710 6711
f 6703 6711 6707
f 6704 6709 6705
f 6707 6711 6712
f 6707 6712 6708

o geometry_85
v 0.01457927 0.00050892 -0.04224876 0.08235294 0.54901961 0.58431373
v 0.01457927 0.00244557 -0.04224876 0.08235294 0.54901961 0.58431373
v 0.01619910 0.00050892 -0.04224876 0.08235294 0.54901961 0.58431373
v 0.01457927 0.00050892 -0.03183778 0.08235294 0.54901961 0.58431373
v 0.01619910 0.00226571 -0.04224876 0.08235294 0.54901961 0.58431373
v 0.01457927 0.00250846 -0.04215434 0.08235294 0.54901961 0.58431373
v 0.01619910 0.00350588 -0.04074656 0.08235294 0.54901961 0.58431373
v 0.01619910 0.00302451 -0.04138464 0.08235294 0.54901961 0.58431373
v 0.01619910 0.00050892 -0.03350880 0.08235294 0.54901961 0.58431373
v 0.01458165 0.00050892 -0.03172476 0.08235294 0.54901961 0.58431373
v 0.01457927 0.00051185 -0.03171761 0.08235294 0.54901961 0.58431373
v 0.01457927 0.00484831 -0.03772356 0.08235294 0.54901961 0.58431373
v 0.01619910 0.00385383 -0.04020577 0.08235294 0.54901961 0.58431373
v 0.01619910 0.00088390 -0.03181632 0.08235294 0.54901961 0.58431373
v 0.01599202 0.00050892 -0.03312539 0.08235294 0.54901961 0.58431373
v 0.01492366 0.00050892 -0.03204380 0.08235294 0.54901961 0.58431373
v 0.01619910 0.00309386 -0.02763305 0.08235294 0.54901961 0.58431373
v 0.01457927 0.00073814 -0.03133562 0.08235294 0.54901961 0.58431373
v 0.01554315 0.00496351 -0.03784373 0.08235294 0.54901961 0.58431373
v 0.01619910 0.00452857 -0.03891673 0.08235294 0.54901961 0.58431373
v 0.01457927 0.00522917 -0.03691523 0.08235294 0.54901961 0.58431373
v 0.01554315 0.00542019 -0.03691523 0.08235294 0.54901961 0.58431373
v 0.01537920 0.00050892 -0.03250304 0.08235294 0.54901961 0.58431373
v 0.01619910 0.00555949 -0.02763305 0.08235294 0.54901961 0.58431373
v 0.01457927 0.00408717 -0.02763305 0.08235294 0.54901961 0.58431373
v 0.01619910 0.00514806 -0.03764773 0.08235294 0.54901961 0.58431373
v 0.01457927 0.00556478 -0.03595239 0.08235294 0.54901961 0.58431373
v 0.01457927 0.00576109 -0.03524135 0.08235294 0.54901961 0.58431373
v 0.01457927 0.00616664 -0.03373771 0.08235294 0.54901961 0.58431373
v 0.01619910 0.00541432 -0.03691523 0.08235294 0.54901961 0.58431373
v 0.01457927 0.00649343 -0.02914383 0.08235294 0.54901961 0.58431373
v 0.01457927 0.00648991 -0.02906801 0.08235294 0.54901961 0.58431373
v 0.01457927 0.00631534 -0.02763305 0.08235294 0.54901961 0.58431373
v 0.01619910 0.00570290 -0.03312395 0.08235294 0.54901961 0.58431373
v 0.01619910 0.00550601 -0.03645026 0.08235294 0.54901961 0.58431373
v 0.01457927 0.00634473 -0.03263753 0.08235294 0.54901961 0.58431373
v 0.01457927 0.00651342 -0.03025976 0.08235294 0.54901961 0.58431373
v 0.01619910 0.00570878 -0.03355316 0.08235294 0.54901961 0.58431373
v 0.01619910 0.00561004 -0.03579502 0.08235294 0.54901961 0.58431373
v 0.01457927 0.00644171 -0.03155880 0.08235294 0.54901961 0.58431373
v 0.01619910 0.00571231 -0.03473489 0.08235294 0.54901961 0.58431373
f 6713 6714 6717
f 6713 6717 6715
f 6713 6715 6721
f 6713 6721 6727
f 6713 6727 6735
f 6713 6735 6728
f 6713 6728 6722
f 6713 6722 6716
f 6713 6716 6723
f 6713 6723 6730
f 6713 6730 6737
f 6713 6737 6745
f 6713 6745 6744
f 6713 6744 6743
f 6713 6743 6749
f 6713 6749 6752
f 6713 6752 6748
f 6713 6748 6741
f 6713 6741 6740
f 6713 6740 6739
f 6713 6739 6733
f 6713 6733 6724
f 6713 6724 6718
f 6713 6718 6714
f 6714 6718 6719
f 6714 6719 6720
f 6714 6720 6717
f 6715 6717 6720
f 6715 6720 6719
f 6715 6719 6725
f 6715 6725 6732
f 6715 6732 6738
f 6715 6738 6742
f 6715 6742 6747
f 6715 6747 6751
f 6715 6751 6753
f 6715 6753 6750
f 6715 6750 6746
f 6715 6746 6736
f 6715 6736 6729
f 6715 6729 6726
f 6715 6726 6721
f 6716 6722 6723
f 6718 6724 6725
f 6718 6725 6719
f 6721 6726 6727
f 6722 6726 6723
f 6722 6728 6726
f 6723 6726 6729
f 6723 6729 6730
f 6724 6731 6732
f 6724 6732 6725
f 6724 6733 6734
f 6724 6734 6731
f 6726 6728 6735
f 6726 6735 6727
f 6729 6736 6745
f 6729 6745 6737
f 6729 6737 6730
f 6731 6734 6732
f 6732 6734 6738
f 6733 6739 6734
f 6734 6739 6740
f 6734 6740 6741
f 6734 6741 6742
f 6734 6742 6738
f 6736 6743 6744
f 6736 6744 6745
f 6736 6746 6743
f 6741 6747 6742
f 6741 6748 6747
f 6743 6746 6749
f 6746 6750 6749
f 6747 6748 6751
f 6748 6752 6753
f 6748 6753 6751
f 6749 6750 6753
f 6749 6753 6752

o geometry_86
v 0.01457928 -0.01078885 -0.03172118 0.96078431 0.29019608 0.23921569
v 0.01514131 -0.01097105 -0.03172118 0.96078431 0.29019608 0.23921569
v 0.01457928 -0.01074972 -0.03130980 0.96078431 0.29019608 0.23921569
v 0.01457928 -0.00166284 -0.03172118 0.96078431 0.29019608 0.23921569
v 0.01531142 -0.01102485 -0.03172118 0.96078431 0.29019608 0.23921569
v 0.01457928 -0.01061765 -0.03018173 0.96078431 0.29019608 0.23921569
v 0.01521960 -0.01094904 -0.03130980 0.96078431 0.29019608 0.23921569
v 0.01457928 -0.00189762 -0.02763305 0.96078431 0.29019608 0.23921569
v 0.01744938 0.00050892 -0.02763305 0.96078431 0.29019608 0.23921569
v 0.01753492 0.00050892 -0.03019133 0.96078431 0.29019608 0.23921569
v 0.01768908 0.00050892 -0.03145106 0.96078431 0.29019608 0.23921569
v 0.01790993 0.00050892 -0.03172118 0.96078431 0.29019608 0.23921569
v 0.01567387 -0.01113369 -0.03172118 0.96078431 0.29019608 0.23921569
v 0.01457928 -0.01033273 -0.02794638 0.96078431 0.29019608 0.23921569
v 0.01578019 -0.01111657 -0.03130980 0.96078431 0.29019608 0.23921569
v 0.01457928 -0.01029238 -0.02763305 0.96078431 0.29019608 0.23921569
v 0.01951582 0.00050892 -0.02763305 0.96078431 0.29019608 0.23921569
v 0.01951582 0.00050892 -0.03172118 0.96078431 0.29019608 0.23921569
v 0.01666456 -0.01141249 -0.03172118 0.96078431 0.29019608 0.23921569
v 0.01596431 -0.01105909 -0.03048145 0.96078431 0.29019608 0.23921569
v 0.01618468 -0.01100284 -0.02973393 0.96078431 0.29019608 0.23921569
v 0.01554339 -0.01051860 -0.02763305 0.96078431 0.29019608 0.23921569
v 0.01951582 -0.01096616 -0.02763305 0.96078431 0.29019608 0.23921569
v 0.01951582 -0.01198355 -0.03172118 0.96078431 0.29019608 0.23921569
v 0.01778573 -0.01168274 -0.03172118 0.96078431 0.29019608 0.23921569
v 0.01666456 -0.01073871 -0.02763305 0.96078431 0.29019608 0.23921569
v 0.01890691 -0.01096983 -0.02763305 0.96078431 0.29019608 0.23921569
v 0.01951582 -0.01161304 -0.03018853 0.96078431 0.29019608 0.23921569
v 0.01951582 -0.01190529 -0.03135342 0.96078431 0.29019608 0.23921569
v 0.01773354 -0.01088545 -0.02763305 0.96078431 0.29019608 0.23921569
v 0.01889627 -0.01189918 -0.03172118 0.96078431 0.29019608 0.23921569
f 6754 6755 6756
f 6754 6756 6759
f 6754 6759 6767
f 6754 6767 6769
f 6754 6769 6761
f 6754 6761 6757
f 6754 6757 6765
f 6754 6765 6771
f 6754 6771 6777
f 6754 6777 6784
f 6754 6784 6778
f 6754 6778 6772
f 6754 6772 6766
f 6754 6766 6758
f 6754 6758 6755
f 6755 6758 6756
f 6756 6758 6760
f 6756 6760 6759
f 6757 6761 6762
f 6757 6762 6763
f 6757 6763 6764
f 6757 6764 6765
f 6758 6766 6760
f 6759 6760 6768
f 6759 6768 6767
f 6760 6766 6768
f 6761 6769 6775
f 6761 6775 6779
f 6761 6779 6783
f 6761 6783 6780
f 6761 6780 6776
f 6761 6776 6770
f 6761 6770 6762
f 6762 6770 6771
f 6762 6771 6765
f 6762 6765 6764
f 6762 6764 6763
f 6766 6772 6768
f 6767 6768 6769
f 6768 6772 6773
f 6768 6773 6769
f 6769 6773 6774
f 6769 6774 6775
f 6770 6776 6781
f 6770 6781 6782
f 6770 6782 6777
f 6770 6777 6771
f 6772 6778 6774
f 6772 6774 6773
f 6774 6778 6775
f 6775 6778 6779
f 6776 6780 6781
f 6777 6782 6783
f 6777 6783 6784
f 6778 6784 6779
f 6779 6784 6783
f 6780 6782 6781
f 6780 6783 6782

o geometry_87
v 0.01951582 0.00050754 -0.03172118 0.09803922 0.01568627 0.92941176
v 0.01951582 0.00050754 -0.04224876 0.09803922 0.01568627 0.92941176
v 0.01790993 0.00050754 -0.03172118 0.09803922 0.01568627 0.92941176
v 0.01951582 -0.01198306 -0.03172118 0.09803922 0.01568627 0.92941176
v 0.01457928 0.00050754 -0.04224876 0.09803922 0.01568627 0.92941176
v 0.01951582 -0.01350426 -0.04224876 0.09803922 0.01568627 0.92941176
v 0.01458169 0.00050754 -0.03172427 0.09803922 0.01568627 0.92941176
v 0.01457928 -0.00166247 -0.03172118 0.09803922 0.01568627 0.92941176
v 0.01935199 -0.01196111 -0.03172118 0.09803922 0.01568627 0.92941176
v 0.01951582 -0.01208868 -0.03212926 0.09803922 0.01568627 0.92941176
v 0.01457928 0.00050754 -0.03183762 0.09803922 0.01568627 0.92941176
v 0.01457928 -0.01128761 -0.04224876 0.09803922 0.01568627 0.92941176
v 0.01951582 -0.01344528 -0.04140066 0.09803922 0.01568627 0.92941176
v 0.01867736 -0.01314488 -0.04140066 0.09803922 0.01568627 0.92941176
v 0.01859810 -0.01317231 -0.04224876 0.09803922 0.01568627 0.92941176
v 0.01457928 -0.01078969 -0.03172118 0.09803922 0.01568627 0.92941176
v 0.01889627 -0.01189938 -0.03172118 0.09803922 0.01568627 0.92941176
v 0.01951582 -0.01214217 -0.03236009 0.09803922 0.01568627 0.92941176
v 0.01554339 -0.01180337 -0.04224876 0.09803922 0.01568627 0.92941176
v 0.01457928 -0.01130133 -0.04140066 0.09803922 0.01568627 0.92941176
v 0.01951582 -0.01336572 -0.04027948 0.09803922 0.01568627 0.92941176
v 0.01878512 -0.01310373 -0.04027948 0.09803922 0.01568627 0.92941176
v 0.01778573 -0.01272377 -0.04027948 0.09803922 0.01568627 0.92941176
v 0.01778573 -0.01279921 -0.04140066 0.09803922 0.01568627 0.92941176
v 0.01778573 -0.01284585 -0.04224876 0.09803922 0.01568627 0.92941176
v 0.01531142 -0.01102562 -0.03172118 0.09803922 0.01568627 0.92941176
v 0.01457928 -0.01086925 -0.03253321 0.09803922 0.01568627 0.92941176
v 0.01951485 -0.01324638 -0.03878216 0.09803922 0.01568627 0.92941176
v 0.01951582 -0.01316408 -0.03803711 0.09803922 0.01568627 0.92941176
v 0.01923263 -0.01218881 -0.03277538 0.09803922 0.01568627 0.92941176
v 0.01778573 -0.01168266 -0.03172118 0.09803922 0.01568627 0.92941176
v 0.01951582 -0.01220527 -0.03265481 0.09803922 0.01568627 0.92941176
v 0.01554339 -0.01179925 -0.04140066 0.09803922 0.01568627 0.92941176
v 0.01615713 -0.01211474 -0.04224876 0.09803922 0.01568627 0.92941176
v 0.01457928 -0.01128898 -0.04027948 0.09803922 0.01568627 0.92941176
v 0.01951582 -0.01330399 -0.03946332 0.09803922 0.01568627 0.92941176
v 0.01942255 -0.01327793 -0.03952927 0.09803922 0.01568627 0.92941176
v 0.01899196 -0.01309001 -0.03915726 0.09803922 0.01568627 0.92941176
v 0.01778573 -0.01264010 -0.03915829 0.09803922 0.01568627 0.92941176
v 0.01696853 -0.01223956 -0.03803711 0.09803922 0.01568627 0.92941176
v 0.01640795 -0.01202009 -0.03803711 0.09803922 0.01568627 0.92941176
v 0.01686850 -0.01228208 -0.03915829 0.09803922 0.01568627 0.92941176
v 0.01630791 -0.01205713 -0.03915829 0.09803922 0.01568627 0.92941176
v 0.01622769 -0.01208868 -0.04027948 0.09803922 0.01568627 0.92941176
v 0.01673415 -0.01235478 -0.04140066 0.09803922 0.01568627 0.92941176
v 0.01617356 -0.01210925 -0.04140066 0.09803922 0.01568627 0.92941176
v 0.01658047 -0.01231363 -0.04224876 0.09803922 0.01568627 0.92941176
v 0.01567387 -0.01113398 -0.03172118 0.09803922 0.01568627 0.92941176
v 0.01890691 -0.01282665 -0.03691696 0.09803922 0.01568627 0.92941176
v 0.01457928 -0.01088159 -0.03266924 0.09803922 0.01568627 0.92941176
v 0.01708887 -0.01219155 -0.03691696 0.09803922 0.01568627 0.92941176
v 0.01717827 -0.01215726 -0.03619561 0.09803922 0.01568627 0.92941176
v 0.01951582 -0.01324638 -0.03878319 0.09803922 0.01568627 0.92941176
v 0.01951582 -0.01300359 -0.03688501 0.09803922 0.01568627 0.92941176
v 0.01887791 -0.01226837 -0.03354104 0.09803922 0.01568627 0.92941176
v 0.01951582 -0.01262226 -0.03467459 0.09803922 0.01568627 0.92941176
v 0.01951582 -0.01239182 -0.03354722 0.09803922 0.01568627 0.92941176
v 0.01666456 -0.01141243 -0.03172118 0.09803922 0.01568627 0.92941176
v 0.01778573 -0.01181160 -0.03243222 0.09803922 0.01568627 0.92941176
v 0.01848502 -0.01211062 -0.03315872 0.09803922 0.01568627 0.92941176
v 0.01554339 -0.01176770 -0.04027948 0.09803922 0.01568627 0.92941176
v 0.01457928 -0.01125743 -0.03915829 0.09803922 0.01568627 0.92941176
v 0.01778573 -0.01254682 -0.03803711 0.09803922 0.01568627 0.92941176
v 0.01652876 -0.01197894 -0.03691696 0.09803922 0.01568627 0.92941176
v 0.01554339 -0.01150571 -0.03579577 0.09803922 0.01568627 0.92941176
v 0.01457928 -0.01100230 -0.03421087 0.09803922 0.01568627 0.92941176
v 0.01469043 -0.01115456 -0.03579577 0.09803922 0.01568627 0.92941176
v 0.01462905 -0.01118748 -0.03691696 0.09803922 0.01568627 0.92941176
v 0.01457928 -0.01121491 -0.03803299 0.09803922 0.01568627 0.92941176
v 0.01890691 -0.01266890 -0.03579577 0.09803922 0.01568627 0.92941176
v 0.01951582 -0.01283076 -0.03579577 0.09803922 0.01568627 0.92941176
v 0.01890691 -0.01248509 -0.03467459 0.09803922 0.01568627 0.92941176
v 0.01457928 -0.01108872 -0.03553815 0.09803922 0.01568627 0.92941176
v 0.01457928 -0.01115730 -0.03680566 0.09803922 0.01568627 0.92941176
v 0.01457928 -0.01116279 -0.03691696 0.09803922 0.01568627 0.92941176
f 6785 6786 6789
f 6785 6789 6795
f 6785 6795 6791
f 6785 6791 6787
f 6785 6787 6792
f 6785 6792 6800
f 6785 6800 6810
f 6785 6810 6832
f 6785 6832 6842
f 6785 6842 6815
f 6785 6815 6801
f 6785 6801 6793
f 6785 6793 6788
f 6785 6788 6794
f 6785 6794 6802
f 6785 6802 6816
f 6785 6816 6841
f 6785 6841 6840
f 6785 6840 6855
f 6785 6855 6838
f 6785 6838 6813
f 6785 6813 6837
f 6785 6837 6820
f 6785 6820 6805
f 6785 6805 6797
f 6785 6797 6790
f 6785 6790 6786
f 6786 6790 6799
f 6786 6799 6809
f 6786 6809 6831
f 6786 6831 6818
f 6786 6818 6803
f 6786 6803 6796
f 6786 6796 6789
f 6787 6791 6792
f 6788 6793 6794
f 6789 6796 6804
f 6789 6804 6819
f 6789 6819 6846
f 6789 6846 6853
f 6789 6853 6859
f 6789 6859 6858
f 6789 6858 6857
f 6789 6857 6850
f 6789 6850 6834
f 6789 6834 6811
f 6789 6811 6800
f 6789 6800 6792
f 6789 6792 6795
f 6790 6797 6798
f 6790 6798 6799
f 6791 6795 6792
f 6793 6801 6794
f 6794 6801 6802
f 6796 6803 6804
f 6797 6805 6798
f 6798 6805 6806
f 6798 6806 6807
f 6798 6807 6799
f 6799 6807 6808
f 6799 6808 6809
f 6800 6811 6812
f 6800 6812 6813
f 6800 6813 6810
f 6801 6814 6802
f 6801 6815 6814
f 6802 6814 6816
f 6803 6817 6804
f 6803 6818 6817
f 6804 6817 6819
f 6805 6820 6821
f 6805 6821 6806
f 6806 6822 6823
f 6806 6823 6807
f 6806 6821 6822
f 6807 6823 6824
f 6807 6824 6825
f 6807 6825 6826
f 6807 6826 6808
f 6808 6826 6827
f 6808 6827 6828
f 6808 6828 6809
f 6809 6828 6829
f 6809 6829 6830
f 6809 6830 6831
f 6810 6813 6833
f 6810 6833 6832
f 6811 6834 6835
f 6811 6835 6836
f 6811 6836 6812
f 6812 6836 6835
f 6812 6835 6822
f 6812 6822 6821
f 6812 6821 6820
f 6812 6820 6837
f 6812 6837 6813
f 6813 6838 6833
f 6814 6839 6840
f 6814 6840 6841
f 6814 6841 6816
f 6814 6815 6839
f 6815 6842 6843
f 6815 6843 6844
f 6815 6844 6839
f 6817 6845 6846
f 6817 6846 6819
f 6817 6818 6830
f 6817 6830 6845
f 6818 6831 6830
f 6822 6847 6823
f 6822 6835 6847
f 6823 6847 6824
f 6824 6835 6848
f 6824 6848 6834
f 6824 6834 6849
f 6824 6849 6825
f 6824 6847 6835
f 6825 6827 6826
f 6825 6849 6850
f 6825 6850 6827
f 6827 6850 6851
f 6827 6851 6828
f 6828 6830 6829
f 6828 6851 6852
f 6828 6852 6853
f 6828 6853 6845
f 6828 6845 6830
f 6832 6833 6838
f 6832 6838 6854
f 6832 6854 6842
f 6834 6850 6849
f 6834 6848 6835
f 6838 6855 6854
f 6839 6844 6840
f 6840 6844 6855
f 6842 6854 6855
f 6842 6855 6856
f 6842 6856 6843
f 6843 6856 6844
f 6844 6856 6855
f 6845 6853 6846
f 6850 6857 6851
f 6851 6857 6852
f 6852 6857 6858
f 6852 6858 6859
f 6852 6859 6853

o geometry_88
v -0.02482317 0.00840539 0.04501441 0.66666667 0.78431373 0.27843137
v -0.02377732 0.00833693 0.04501441 0.66666667 0.78431373 0.27843137
v -0.02489853 0.00840470 0.04501441 0.66666667 0.78431373 0.27843137
v -0.02822563 0.00805695 0.04910302 0.66666667 0.78431373 0.27843137
v -0.02822563 0.00800972 0.04964398 0.66666667 0.78431373 0.27843137
v -0.02822563 0.00800698 0.04966855 0.66666667 0.78431373 0.27843137
v -0.02822563 0.00790567 0.05054468 0.66666667 0.78431373 0.27843137
v -0.02822563 0.00790019 0.05059108 0.66666667 0.78431373 0.27843137
v -0.02369968 0.00833009 0.04501441 0.66666667 0.78431373 0.27843137
v -0.02711127 0.00780914 0.05059108 0.66666667 0.78431373 0.27843137
v -0.02594439 0.00838485 0.04501441 0.66666667 0.78431373 0.27843137
v -0.02822563 0.00805832 0.04908337 0.66666667 0.78431373 0.27843137
v -0.02822563 0.00141204 0.05059108 0.66666667 0.78431373 0.27843137
v -0.02706560 0.00781188 0.05054468 0.66666667 0.78431373 0.27843137
v -0.02594439 0.00787486 0.04942345 0.66666667 0.78431373 0.27843137
v -0.02265154 0.00822398 0.04501441 0.66666667 0.78431373 0.27843137
v -0.02599006 0.00769619 0.05059108 0.66666667 0.78431373 0.27843137
v -0.02601974 0.00838280 0.04501441 0.66666667 0.78431373 0.27843137
v -0.02822563 0.00809939 0.04833661 0.66666667 0.78431373 0.27843137
v -0.01995812 0.00141204 0.05059108 0.66666667 0.78431373 0.27843137
v -0.02822563 0.00141204 0.05024117 0.66666667 0.78431373 0.27843137
v -0.02258075 0.00821508 0.04501441 0.66666667 0.78431373 0.27843137
v -0.02594439 0.00769003 0.05059108 0.66666667 0.78431373 0.27843137
v -0.02594439 0.00769825 0.05054468 0.66666667 0.78431373 0.27843137
v -0.02822563 0.00826232 0.04501441 0.66666667 0.78431373 0.27843137
v -0.01977658 0.00141204 0.05029521 0.66666667 0.78431373 0.27843137
v -0.01971378 0.00187617 0.05008669 0.66666667 0.78431373 0.27843137
v -0.02002434 0.00187617 0.05059108 0.66666667 0.78431373 0.27843137
v -0.02822563 0.00168929 0.04501877 0.66666667 0.78431373 0.27843137
v -0.02776322 0.00141204 0.04952280 0.66666667 0.78431373 0.27843137
v -0.02200758 0.00804531 0.04551334 0.66666667 0.78431373 0.27843137
v -0.02167761 0.00808159 0.04501441 0.66666667 0.78431373 0.27843137
v -0.02486884 0.00750384 0.05059108 0.66666667 0.78431373 0.27843137
v -0.02822563 0.00530370 0.04501441 0.66666667 0.78431373 0.27843137
v -0.01968181 0.00141204 0.05014073 0.66666667 0.78431373 0.27843137
v -0.01656251 0.00141204 0.04501441 0.66666667 0.78431373 0.27843137
v -0.01664129 0.00187617 0.04501441 0.66666667 0.78431373 0.27843137
v -0.01665157 0.00193572 0.04501441 0.66666667 0.78431373 0.27843137
v -0.01976859 0.00247241 0.05000044 0.66666667 0.78431373 0.27843137
v -0.02003462 0.00192819 0.05059108 0.66666667 0.78431373 0.27843137
v -0.02814342 0.00170503 0.04501441 0.66666667 0.78431373 0.27843137
v -0.02396114 0.00141204 0.04501441 0.66666667 0.78431373 0.27843137
v -0.02119008 0.00796933 0.04501441 0.66666667 0.78431373 0.27843137
v -0.02482317 0.00750452 0.05054468 0.66666667 0.78431373 0.27843137
v -0.02481975 0.00749220 0.05059108 0.66666667 0.78431373 0.27843137
v -0.01683654 0.00278525 0.04501441 0.66666667 0.78431373 0.27843137
v -0.01987363 0.00321993 0.04982576 0.66666667 0.78431373 0.27843137
v -0.02016478 0.00290710 0.05044260 0.66666667 0.78431373 0.27843137
v -0.02026069 0.00292147 0.05059108 0.66666667 0.78431373 0.27843137
v -0.02022415 0.00277087 0.05059108 0.66666667 0.78431373 0.27843137
v -0.01687421 0.00295159 0.04501441 0.66666667 0.78431373 0.27843137
v -0.02089436 0.00786049 0.04501441 0.66666667 0.78431373 0.27843137
v -0.02370196 0.00749083 0.04942345 0.66666667 0.78431373 0.27843137
v -0.02367228 0.00715335 0.05059108 0.66666667 0.78431373 0.27843137
v -0.02368369 0.00715677 0.05059108 0.66666667 0.78431373 0.27843137
v -0.02065003 0.00403934 0.05059108 0.66666667 0.78431373 0.27843137
v -0.01746907 0.00374430 0.04560504 0.66666667 0.78431373 0.27843137
v -0.01722359 0.00410232 0.04501441 0.66666667 0.78431373 0.27843137
v -0.01722930 0.00411875 0.04501441 0.66666667 0.78431373 0.27843137
v -0.01964984 0.00387505 0.04907846 0.66666667 0.78431373 0.27843137
v -0.01721674 0.00408041 0.04501441 0.66666667 0.78431373 0.27843137
v -0.02061235 0.00775507 0.04501441 0.66666667 0.78431373 0.27843137
v -0.02312880 0.00693155 0.05059108 0.66666667 0.78431373 0.27843137
v -0.02298836 0.00700548 0.05021279 0.66666667 0.78431373 0.27843137
v -0.02063404 0.00406809 0.05054577 0.66666667 0.78431373 0.27843137
v -0.02066259 0.00406809 0.05059108 0.66666667 0.78431373 0.27843137
v -0.01760494 0.00449182 0.04539433 0.66666667 0.78431373 0.27843137
v -0.01748163 0.00476017 0.04501441 0.66666667 0.78431373 0.27843137
v -0.01723844 0.00414339 0.04501441 0.66666667 0.78431373 0.27843137
v -0.02042053 0.00767497 0.04501441 0.66666667 0.78431373 0.27843137
v -0.02248598 0.00646059 0.05059108 0.66666667 0.78431373 0.27843137
v -0.02093433 0.00689664 0.04769739 0.66666667 0.78431373 0.27843137
v -0.02066944 0.00706846 0.04694954 0.66666667 0.78431373 0.27843137
v -0.02031321 0.00723686 0.04605867 0.66666667 0.78431373 0.27843137
v -0.01980284 0.00462257 0.04882298 0.66666667 0.78431373 0.27843137
v -0.02068086 0.00410848 0.05059108 0.66666667 0.78431373 0.27843137
v -0.01776707 0.00532834 0.04501441 0.66666667 0.78431373 0.27843137
v -0.01940322 0.00715198 0.04501441 0.66666667 0.78431373 0.27843137
v -0.02186600 0.00594786 0.05059108 0.66666667 0.78431373 0.27843137
v -0.01992158 0.00679944 0.04643205 0.66666667 0.78431373 0.27843137
v -0.01965098 0.00701781 0.04568420 0.66666667 0.78431373 0.27843137
v -0.02077905 0.00486217 0.05017294 0.66666667 0.78431373 0.27843137
v -0.02091377 0.00460820 0.05059108 0.66666667 0.78431373 0.27843137
v -0.01840989 0.00624016 0.04501441 0.66666667 0.78431373 0.27843137
v -0.01855375 0.00592595 0.04565745 0.66666667 0.78431373 0.27843137
v -0.01933471 0.00711296 0.04501441 0.66666667 0.78431373 0.27843137
v -0.02138875 0.00534477 0.05059108 0.66666667 0.78431373 0.27843137
v -0.01979370 0.00577672 0.04771868 0.66666667 0.78431373 0.27843137
v -0.01885517 0.00672140 0.04501441 0.66666667 0.78431373 0.27843137
v -0.02134308 0.00528179 0.05059108 0.66666667 0.78431373 0.27843137
v -0.02137505 0.00532629 0.05059108 0.66666667 0.78431373 0.27843137
f 6860 6861 6868
f 6860 6868 6875
f 6860 6875 6881
f 6860 6881 6891
f 6860 6891 6902
f 6860 6902 6911
f 6860 6911 6921
f 6860 6921 6929
f 6860 6929 6937
f 6860 6937 6945
f 6860 6945 6948
f 6860 6948 6943
f 6860 6943 6936
f 6860 6936 6927
f 6860 6927 6928
f 6860 6928 6918
f 6860 6918 6917
f 6860 6917 6920
f 6860 6920 6910
f 6860 6910 6905
f 6860 6905 6897
f 6860 6897 6896
f 6860 6896 6895
f 6860 6895 6901
f 6860 6901 6900
f 6860 6900 6893
f 6860 6893 6884
f 6860 6884 6877
f 6860 6877 6870
f 6860 6870 6862
f 6860 6862 6863
f 6860 6863 6864
f 6860 6864 6865
f 6860 6865 6866
f 6860 6866 6867
f 6860 6867 6861
f 6861 6867 6869
f 6861 6869 6868
f 6862 6870 6871
f 6862 6871 6863
f 6863 6871 6878
f 6863 6878 6884
f 6863 6884 6893
f 6863 6893 6888
f 6863 6888 6880
f 6863 6880 6872
f 6863 6872 6867
f 6863 6867 6866
f 6863 6866 6865
f 6863 6865 6864
f 6867 6872 6879
f 6867 6879 6887
f 6867 6887 6899
f 6867 6899 6909
f 6867 6909 6908
f 6867 6908 6915
f 6867 6915 6925
f 6867 6925 6935
f 6867 6935 6942
f 6867 6942 6949
f 6867 6949 6950
f 6867 6950 6946
f 6867 6946 6938
f 6867 6938 6930
f 6867 6930 6922
f 6867 6922 6913
f 6867 6913 6914
f 6867 6914 6904
f 6867 6904 6892
f 6867 6892 6882
f 6867 6882 6876
f 6867 6876 6869
f 6868 6869 6873
f 6868 6873 6874
f 6868 6874 6875
f 6869 6876 6873
f 6870 6877 6871
f 6871 6877 6878
f 6872 6880 6889
f 6872 6889 6901
f 6872 6901 6895
f 6872 6895 6894
f 6872 6894 6885
f 6872 6885 6879
f 6873 6876 6874
f 6874 6876 6875
f 6875 6876 6881
f 6876 6882 6883
f 6876 6883 6881
f 6877 6884 6878
f 6879 6885 6886
f 6879 6886 6887
f 6880 6888 6889
f 6881 6890 6891
f 6881 6883 6882
f 6881 6882 6890
f 6882 6892 6890
f 6885 6894 6886
f 6886 6894 6895
f 6886 6895 6896
f 6886 6896 6897
f 6886 6897 6898
f 6886 6898 6887
f 6887 6898 6899
f 6888 6893 6900
f 6888 6900 6901
f 6888 6901 6889
f 6890 6902 6891
f 6890 6892 6903
f 6890 6903 6902
f 6892 6904 6903
f 6897 6905 6898
f 6898 6906 6907
f 6898 6907 6908
f 6898 6908 6909
f 6898 6909 6899
f 6898 6905 6910
f 6898 6910 6906
f 6902 6903 6904
f 6902 6904 6912
f 6902 6912 6913
f 6902 6913 6911
f 6904 6914 6912
f 6906 6915 6908
f 6906 6908 6907
f 6906 6910 6916
f 6906 6916 6917
f 6906 6917 6918
f 6906 6918 6919
f 6906 6919 6915
f 6910 6920 6916
f 6911 6913 6921
f 6912 6914 6913
f 6913 6922 6923
f 6913 6923 6921
f 6915 6924 6925
f 6915 6919 6926
f 6915 6926 6927
f 6915 6927 6924
f 6916 6920 6917
f 6918 6928 6919
f 6919 6928 6926
f 6921 6923 6929
f 6922 6930 6931
f 6922 6931 6932
f 6922 6932 6933
f 6922 6933 6923
f 6923 6933 6929
f 6924 6934 6935
f 6924 6935 6925
f 6924 6927 6934
f 6926 6928 6927
f 6927 6936 6934
f 6929 6933 6937
f 6930 6938 6931
f 6931 6938 6939
f 6931 6939 6940
f 6931 6940 6932
f 6932 6940 6933
f 6933 6940 6937
f 6934 6941 6942
f 6934 6942 6935
f 6934 6936 6941
f 6936 6943 6944
f 6936 6944 6941
f 6937 6940 6945
f 6938 6946 6947
f 6938 6947 6943
f 6938 6943 6948
f 6938 6948 6939
f 6939 6948 6940
f 6940 6948 6945
f 6941 6944 6947
f 6941 6947 6949
f 6941 6949 6942
f 6943 6947 6944
f 6946 6950 6947
f 6947 6950 6949

o geometry_89
v -0.01965732 0.00185252 0.03835849 0.58431373 0.06274510 0.48235294
v -0.01989822 0.00185252 0.03865305 0.58431373 0.06274510 0.48235294
v -0.01244929 0.00185252 0.03835849 0.58431373 0.06274510 0.48235294
v -0.01862081 -0.00159387 0.03835849 0.58431373 0.06274510 0.48235294
v -0.02037527 0.00185252 0.03927091 0.58431373 0.06274510 0.48235294
v -0.01244453 0.00182465 0.03835849 0.58431373 0.06274510 0.48235294
v -0.01663813 0.00185252 0.04501361 0.58431373 0.06274510 0.48235294
v -0.01996003 0.00141204 0.05058988 0.58431373 0.06274510 0.48235294
v -0.01203563 -0.00159387 0.03835849 0.58431373 0.06274510 0.48235294
v -0.02287938 -0.00161970 0.04501361 0.58431373 0.06274510 0.48235294
v -0.02677978 -0.00161970 0.05058988 0.58431373 0.06274510 0.48235294
v -0.01929280 -0.00159387 0.03933317 0.58431373 0.06274510 0.48235294
v -0.02776240 0.00141204 0.04952181 0.58431373 0.06274510 0.48235294
v -0.02403635 0.00185252 0.04423411 0.58431373 0.06274510 0.48235294
v -0.01240174 0.00155920 0.03835849 0.58431373 0.06274510 0.48235294
v -0.02403635 0.00185252 0.04501361 0.58431373 0.06274510 0.48235294
v -0.02822519 0.00141204 0.05058988 0.58431373 0.06274510 0.48235294
v -0.01986494 0.00075403 0.05058988 0.58431373 0.06274510 0.48235294
v -0.01227812 0.00075403 0.03835849 0.58431373 0.06274510 0.48235294
v -0.01215450 -0.00036656 0.03835849 0.58431373 0.06274510 0.48235294
v -0.01427824 -0.00148783 0.04196385 0.58431373 0.06274510 0.48235294
v -0.01427348 -0.00159387 0.04197223 0.58431373 0.06274510 0.48235294
v -0.01736242 -0.00161970 0.04687556 0.58431373 0.06274510 0.48235294
v -0.01685684 -0.00161970 0.04605894 0.58431373 0.06274510 0.48235294
v -0.01623081 -0.00161970 0.04501361 0.58431373 0.06274510 0.48235294
v -0.01970011 -0.00161970 0.05058988 0.58431373 0.06274510 0.48235294
v -0.02822519 0.00112348 0.05058988 0.58431373 0.06274510 0.48235294
v -0.02822519 0.00141204 0.05024024 0.58431373 0.06274510 0.48235294
v -0.01972706 -0.00159387 0.03996899 0.58431373 0.06274510 0.48235294
v -0.01975717 -0.00036656 0.05058988 0.58431373 0.06274510 0.48235294
v -0.01226861 0.00067721 0.03835849 0.58431373 0.06274510 0.48235294
v -0.01954321 -0.00161970 0.05034681 0.58431373 0.06274510 0.48235294
v -0.01954480 -0.00148817 0.05034681 0.58431373 0.06274510 0.48235294
v -0.01970011 -0.00148817 0.05058988 0.58431373 0.06274510 0.48235294
f 6951 6952 6955
f 6951 6955 6964
f 6951 6964 6966
f 6951 6966 6957
f 6951 6957 6953
f 6951 6953 6956
f 6951 6956 6965
f 6951 6965 6969
f 6951 6969 6981
f 6951 6981 6970
f 6951 6970 6959
f 6951 6959 6954
f 6951 6954 6952
f 6952 6954 6955
f 6953 6957 6958
f 6953 6958 6956
f 6954 6959 6975
f 6954 6975 6960
f 6954 6960 6961
f 6954 6961 6962
f 6954 6962 6963
f 6954 6963 6964
f 6954 6964 6955
f 6956 6958 6965
f 6957 6966 6967
f 6957 6967 6958
f 6958 6967 6977
f 6958 6977 6961
f 6958 6961 6976
f 6958 6976 6984
f 6958 6984 6980
f 6958 6980 6968
f 6958 6968 6969
f 6958 6969 6965
f 6959 6970 6971
f 6959 6971 6972
f 6959 6972 6973
f 6959 6973 6974
f 6959 6974 6975
f 6960 6975 6974
f 6960 6974 6973
f 6960 6973 6982
f 6960 6982 6976
f 6960 6976 6961
f 6961 6977 6978
f 6961 6978 6963
f 6961 6963 6979
f 6961 6979 6962
f 6962 6979 6963
f 6963 6978 6964
f 6964 6978 6967
f 6964 6967 6966
f 6967 6978 6977
f 6968 6980 6971
f 6968 6971 6970
f 6968 6970 6981
f 6968 6981 6969
f 6971 6980 6972
f 6972 6982 6973
f 6972 6980 6983
f 6972 6983 6982
f 6976 6982 6984
f 6980 6984 6983
f 6982 6983 6984

o geometry_90
v -0.02822677 0.00826236 0.04501441 0.97647059 0.87450980 0.33725490
v -0.02930963 0.00806930 0.04927934 0.97647059 0.87450980 0.33725490
v -0.02822677 0.00809938 0.04833661 0.97647059 0.87450980 0.33725490
v -0.02822677 0.00530359 0.04501441 0.97647059 0.87450980 0.33725490
v -0.02930963 0.00820360 0.04501441 0.97647059 0.87450980 0.33725490
v -0.03115984 0.00805951 0.04920019 0.97647059 0.87450980 0.33725490
v -0.03043062 0.00807000 0.04934757 0.97647059 0.87450980 0.33725490
v -0.02930963 0.00803293 0.04983995 0.97647059 0.87450980 0.33725490
v -0.02822677 0.00805811 0.04908337 0.97647059 0.87450980 0.33725490
v -0.03043062 0.00803783 0.04990819 0.97647059 0.87450980 0.33725490
v -0.02822677 0.00168943 0.04501877 0.97647059 0.87450980 0.33725490
v -0.02823249 0.00168733 0.04501441 0.97647059 0.87450980 0.33725490
v -0.02937350 0.00819871 0.04501441 0.97647059 0.87450980 0.33725490
v -0.03119701 0.00806511 0.04830222 0.97647059 0.87450980 0.33725490
v -0.03159832 0.00792731 0.05059108 0.97647059 0.87450980 0.33725490
v -0.03155161 0.00793361 0.05054468 0.97647059 0.87450980 0.33725490
v -0.03267356 0.00790353 0.04942345 0.97647059 0.87450980 0.33725490
v -0.03271931 0.00784897 0.05059108 0.97647059 0.87450980 0.33725490
v -0.02930963 0.00796508 0.05054468 0.97647059 0.87450980 0.33725490
v -0.02822677 0.00800985 0.04964398 0.97647059 0.87450980 0.33725490
v -0.02822677 0.00805671 0.04910302 0.97647059 0.87450980 0.33725490
v -0.03043062 0.00798047 0.05054468 0.97647059 0.87450980 0.33725490
v -0.03043062 0.00797627 0.05059108 0.97647059 0.87450980 0.33725490
v -0.02822677 0.00112425 0.05059108 0.97647059 0.87450980 0.33725490
v -0.02885971 0.00111656 0.04501441 0.97647059 0.87450980 0.33725490
v -0.03019994 0.00810288 0.04501441 0.97647059 0.87450980 0.33725490
v -0.03175751 0.00800215 0.04830222 0.97647059 0.87450980 0.33725490
v -0.03155161 0.00792941 0.05059108 0.97647059 0.87450980 0.33725490
v -0.03267356 0.00788394 0.04830222 0.97647059 0.87450980 0.33725490
v -0.03379360 0.00774125 0.04942345 0.97647059 0.87450980 0.33725490
v -0.03379360 0.00773845 0.05054468 0.97647059 0.87450980 0.33725490
v -0.03379360 0.00773705 0.05059108 0.97647059 0.87450980 0.33725490
v -0.02935539 0.00796088 0.05059108 0.97647059 0.87450980 0.33725490
v -0.02930963 0.00796019 0.05059108 0.97647059 0.87450980 0.33725490
v -0.02822677 0.00800705 0.04966855 0.97647059 0.87450980 0.33725490
v -0.02822677 0.00790003 0.05059108 0.97647059 0.87450980 0.33725490
v -0.03208828 0.00111656 0.05059108 0.97647059 0.87450980 0.33725490
v -0.03761316 0.00111656 0.04501441 0.97647059 0.87450980 0.33725490
v -0.03081096 0.00799026 0.04501441 0.97647059 0.87450980 0.33725490
v -0.03379360 0.00765871 0.04830222 0.97647059 0.87450980 0.33725490
v -0.03491458 0.00748035 0.04942345 0.97647059 0.87450980 0.33725490
v -0.03603653 0.00729359 0.05054468 0.97647059 0.87450980 0.33725490
v -0.03491458 0.00753770 0.05054468 0.97647059 0.87450980 0.33725490
v -0.03491458 0.00753770 0.05059108 0.97647059 0.87450980 0.33725490
v -0.03383935 0.00773006 0.05059108 0.97647059 0.87450980 0.33725490
v -0.02823440 0.00790073 0.05059108 0.97647059 0.87450980 0.33725490
v -0.02822677 0.00790563 0.05054468 0.97647059 0.87450980 0.33725490
v -0.03759981 0.00111656 0.05059108 0.97647059 0.87450980 0.33725490
v -0.03763508 0.00111656 0.04900858 0.97647059 0.87450980 0.33725490
v -0.03771515 0.00132990 0.04942345 0.97647059 0.87450980 0.33725490
v -0.03770467 0.00136837 0.04501441 0.97647059 0.87450980 0.33725490
v -0.03162787 0.00778742 0.04501441 0.97647059 0.87450980 0.33725490
v -0.03676860 0.00699771 0.04962979 0.97647059 0.87450980 0.33725490
v -0.03687632 0.00704178 0.05054468 0.97647059 0.87450980 0.33725490
v -0.03607180 0.00728310 0.05059108 0.97647059 0.87450980 0.33725490
v -0.03603653 0.00729359 0.05059108 0.97647059 0.87450980 0.33725490
v -0.03496129 0.00752791 0.05059108 0.97647059 0.87450980 0.33725490
v -0.03771134 0.00133829 0.05059108 0.97647059 0.87450980 0.33725490
v -0.03771325 0.00133549 0.05054468 0.97647059 0.87450980 0.33725490
v -0.03760172 0.00111656 0.05056269 0.97647059 0.87450980 0.33725490
v -0.03763032 0.00111656 0.05012272 0.97647059 0.87450980 0.33725490
v -0.03783240 0.00189577 0.05054468 0.97647059 0.87450980 0.33725490
v -0.03783717 0.00192865 0.04501441 0.97647059 0.87450980 0.33725490
v -0.03782859 0.00189087 0.04501441 0.97647059 0.87450980 0.33725490
v -0.03267356 0.00745447 0.04501441 0.97647059 0.87450980 0.33725490
v -0.03658272 0.00691657 0.04888194 0.97647059 0.87450980 0.33725490
v -0.03706601 0.00544838 0.04501441 0.97647059 0.87450980 0.33725490
v -0.03708793 0.00543090 0.04501441 0.97647059 0.87450980 0.33725490
v -0.03714894 0.00659202 0.04932301 0.97647059 0.87450980 0.33725490
v -0.03743681 0.00663679 0.05054468 0.97647059 0.87450980 0.33725490
v -0.03687727 0.00704108 0.05059108 0.97647059 0.87450980 0.33725490
v -0.03743777 0.00663818 0.05059108 0.97647059 0.87450980 0.33725490
v -0.03783240 0.00189927 0.05059108 0.97647059 0.87450980 0.33725490
v -0.03783717 0.00194124 0.05059108 0.97647059 0.87450980 0.33725490
v -0.03796490 0.00299744 0.04501441 0.97647059 0.87450980 0.33725490
v -0.03274886 0.00742929 0.04501441 0.97647059 0.87450980 0.33725490
v -0.03608896 0.00603874 0.04501441 0.97647059 0.87450980 0.33725490
v -0.03657987 0.00579182 0.04501441 0.97647059 0.87450980 0.33725490
v -0.03703169 0.00547287 0.04501441 0.97647059 0.87450980 0.33725490
v -0.03377262 0.00705297 0.04501441 0.97647059 0.87450980 0.33725490
v -0.03423970 0.00687810 0.04501441 0.97647059 0.87450980 0.33725490
v -0.03481163 0.00663679 0.04501441 0.97647059 0.87450980 0.33725490
v -0.03779523 0.00481746 0.04501441 0.97647059 0.87450980 0.33725490
v -0.03773994 0.00584009 0.04874001 0.97647059 0.87450980 0.33725490
v -0.03778665 0.00595270 0.04942345 0.97647059 0.87450980 0.33725490
v -0.03783431 0.00607581 0.05054468 0.97647059 0.87450980 0.33725490
v -0.03783526 0.00607791 0.05059108 0.97647059 0.87450980 0.33725490
v -0.03745397 0.00661580 0.05059108 0.97647059 0.87450980 0.33725490
v -0.03794488 0.00299744 0.05059108 0.97647059 0.87450980 0.33725490
v -0.03795346 0.00411869 0.05059108 0.97647059 0.87450980 0.33725490
v -0.03795727 0.00411869 0.04942345 0.97647059 0.87450980 0.33725490
v -0.03795727 0.00523924 0.05059108 0.97647059 0.87450980 0.33725490
v -0.03795727 0.00523924 0.05054468 0.97647059 0.87450980 0.33725490
v -0.03796395 0.00307298 0.04501441 0.97647059 0.87450980 0.33725490
v -0.03791438 0.00417115 0.04501441 0.97647059 0.87450980 0.33725490
v -0.03792296 0.00411869 0.04501441 0.97647059 0.87450980 0.33725490
v -0.03795251 0.00527562 0.05059108 0.97647059 0.87450980 0.33725490
v -0.03794488 0.00411869 0.04605976 0.97647059 0.87450980 0.33725490
f 6985 6986 6987
f 6985 6987 6993
f 6985 6993 7005
f 6985 7005 7004
f 6985 7004 7019
f 6985 7019 7031
f 6985 7031 7020
f 6985 7020 7008
f 6985 7008 6995
f 6985 6995 6988
f 6985 6988 6996
f 6985 6996 7009
f 6985 7009 7022
f 6985 7022 7035
f 6985 7035 7048
f 6985 7048 7047
f 6985 7047 7059
f 6985 7059 7078
f 6985 7078 7080
f 6985 7080 7079
f 6985 7079 7067
f 6985 7067 7052
f 6985 7052 7051
f 6985 7051 7063
f 6985 7063 7062
f 6985 7062 7061
f 6985 7061 7066
f 6985 7066 7065
f 6985 7065 7064
f 6985 7064 7060
f 6985 7060 7049
f 6985 7049 7036
f 6985 7036 7023
f 6985 7023 7010
f 6985 7010 6997
f 6985 6997 6989
f 6985 6989 6990
f 6985 6990 6991
f 6985 6991 6986
f 6986 6992 6993
f 6986 6993 6987
f 6986 6991 6994
f 6986 6994 6992
f 6988 6995 6996
f 6989 6997 6998
f 6989 6998 6990
f 6990 6999 7000
f 6990 7000 6994
f 6990 6994 6991
f 6990 6998 7001
f 6990 7001 7002
f 6990 7002 6999
f 6992 7003 7004
f 6992 7004 7005
f 6992 7005 6993
f 6992 6994 7006
f 6992 7006 7007
f 6992 7007 7003
f 6994 7000 7006
f 6995 7008 7009
f 6995 7009 6996
f 6997 7010 7011
f 6997 7011 6998
f 6998 7011 7001
f 6999 7012 7000
f 6999 7002 7016
f 6999 7016 7029
f 6999 7029 7028
f 6999 7028 7041
f 6999 7041 7040
f 6999 7040 7039
f 6999 7039 7055
f 6999 7055 7056
f 6999 7056 7072
f 6999 7072 7071
f 6999 7071 7081
f 6999 7081 7076
f 6999 7076 7074
f 6999 7074 7073
f 6999 7073 7058
f 6999 7058 7057
f 6999 7057 7042
f 6999 7042 7032
f 6999 7032 7021
f 6999 7021 7008
f 6999 7008 7020
f 6999 7020 7030
f 6999 7030 7018
f 6999 7018 7017
f 6999 7017 7007
f 6999 7007 7012
f 7000 7012 7007
f 7000 7007 7006
f 7001 7011 7013
f 7001 7013 7014
f 7001 7014 7015
f 7001 7015 7016
f 7001 7016 7002
f 7003 7007 7017
f 7003 7017 7018
f 7003 7018 7004
f 7004 7018 7019
f 7008 7021 7009
f 7009 7021 7032
f 7009 7032 7044
f 7009 7044 7045
f 7009 7045 7033
f 7009 7033 7022
f 7010 7023 7013
f 7010 7013 7011
f 7013 7023 7024
f 7013 7024 7014
f 7014 7024 7025
f 7014 7025 7026
f 7014 7026 7027
f 7014 7027 7028
f 7014 7028 7015
f 7015 7028 7029
f 7015 7029 7016
f 7018 7030 7019
f 7019 7030 7031
f 7020 7031 7030
f 7022 7033 7034
f 7022 7034 7035
f 7023 7036 7024
f 7024 7037 7025
f 7024 7036 7037
f 7025 7037 7026
f 7026 7037 7038
f 7026 7038 7039
f 7026 7039 7040
f 7026 7040 7041
f 7026 7041 7027
f 7027 7041 7028
f 7032 7042 7043
f 7032 7043 7044
f 7033 7045 7043
f 7033 7043 7034
f 7034 7043 7046
f 7034 7046 7047
f 7034 7047 7048
f 7034 7048 7035
f 7036 7049 7037
f 7037 7049 7050
f 7037 7050 7051
f 7037 7051 7052
f 7037 7052 7053
f 7037 7053 7054
f 7037 7054 7038
f 7038 7055 7039
f 7038 7054 7056
f 7038 7056 7055
f 7042 7057 7043
f 7043 7045 7044
f 7043 7057 7046
f 7046 7057 7058
f 7046 7058 7059
f 7046 7059 7047
f 7049 7060 7050
f 7050 7061 7062
f 7050 7062 7063
f 7050 7063 7051
f 7050 7060 7064
f 7050 7064 7065
f 7050 7065 7066
f 7050 7066 7061
f 7052 7067 7053
f 7053 7067 7054
f 7054 7067 7068
f 7054 7068 7069
f 7054 7069 7070
f 7054 7070 7071
f 7054 7071 7072
f 7054 7072 7056
f 7058 7073 7059
f 7059 7073 7074
f 7059 7074 7075
f 7059 7075 7076
f 7059 7076 7077
f 7059 7077 7078
f 7067 7079 7070
f 7067 7070 7069
f 7067 7069 7068
f 7070 7079 7080
f 7070 7080 7077
f 7070 7077 7071
f 7071 7077 7081
f 7074 7076 7075
f 7076 7081 7077
f 7077 7080 7082
f 7077 7082 7078
f 7078 7082 7080

o geometry_91
v -0.02403646 -0.00443137 0.04090528 0.96078431 0.23137255 0.94901961
v -0.02403646 -0.00443863 0.04501376 0.96078431 0.23137255 0.94901961
v -0.02403646 -0.00443137 0.03835849 0.96078431 0.23137255 0.94901961
v -0.02607837 -0.00443137 0.04342731 0.96078431 0.23137255 0.94901961
v -0.02403646 -0.01184413 0.04501376 0.96078431 0.23137255 0.94901961
v -0.02712587 -0.00443137 0.04451600 0.96078431 0.23137255 0.94901961
v -0.02763346 -0.00443137 0.04501376 0.96078431 0.23137255 0.94901961
v -0.02403646 -0.01039787 0.03835849 0.96078431 0.23137255 0.94901961
v -0.03443293 -0.00443137 0.03835849 0.96078431 0.23137255 0.94901961
v -0.02482438 -0.01175270 0.04501376 0.96078431 0.23137255 0.94901961
v -0.02403646 -0.01183397 0.04493818 0.96078431 0.23137255 0.94901961
v -0.03582075 -0.00443137 0.04501376 0.96078431 0.23137255 0.94901961
v -0.02486130 -0.01015622 0.03835849 0.96078431 0.23137255 0.94901961
v -0.02403646 -0.01063734 0.03933251 0.96078431 0.23137255 0.94901961
v -0.02646945 -0.01101033 0.04329114 0.96078431 0.23137255 0.94901961
v -0.02757001 -0.01100380 0.04443390 0.96078431 0.23137255 0.94901961
v -0.02809837 -0.01100671 0.04501376 0.96078431 0.23137255 0.94901961
v -0.02834755 -0.01093414 0.04501376 0.96078431 0.23137255 0.94901961
v -0.03425528 -0.00465415 0.03835849 0.96078431 0.23137255 0.94901961
v -0.03454714 -0.00443137 0.03849140 0.96078431 0.23137255 0.94901961
v -0.02482438 -0.01173819 0.04493818 0.96078431 0.23137255 0.94901961
v -0.02403646 -0.01162425 0.04381691 0.96078431 0.23137255 0.94901961
v -0.02594571 -0.01153790 0.04501376 0.96078431 0.23137255 0.94901961
v -0.03582075 -0.00443137 0.04493818 0.96078431 0.23137255 0.94901961
v -0.03572269 -0.00477679 0.04501376 0.96078431 0.23137255 0.94901961
v -0.02523623 -0.01003575 0.03835849 0.96078431 0.23137255 0.94901961
v -0.02706703 -0.01037102 0.04157504 0.96078431 0.23137255 0.94901961
v -0.02403646 -0.01098131 0.04083035 0.96078431 0.23137255 0.94901961
v -0.02713394 -0.01126287 0.04501376 0.96078431 0.23137255 0.94901961
v -0.02752040 -0.01116490 0.04501376 0.96078431 0.23137255 0.94901961
v -0.02931429 -0.01062573 0.04501376 0.96078431 0.23137255 0.94901961
v -0.03452061 -0.00448362 0.03850964 0.96078431 0.23137255 0.94901961
v -0.03393341 -0.00499594 0.03835849 0.96078431 0.23137255 0.94901961
v -0.03461059 -0.00443137 0.03860346 0.96078431 0.23137255 0.94901961
v -0.02403646 -0.01137970 0.04267285 0.96078431 0.23137255 0.94901961
v -0.03581613 -0.00443137 0.04381691 0.96078431 0.23137255 0.94901961
v -0.03570077 -0.00485226 0.04501376 0.96078431 0.23137255 0.94901961
v -0.03570077 -0.00485226 0.04493818 0.96078431 0.23137255 0.94901961
v -0.02559154 -0.00996827 0.03853179 0.96078431 0.23137255 0.94901961
v -0.02577151 -0.00985288 0.03835849 0.96078431 0.23137255 0.94901961
v -0.02704973 -0.01005535 0.04048700 0.96078431 0.23137255 0.94901961
v -0.03048984 -0.01020992 0.04501376 0.96078431 0.23137255 0.94901961
v -0.02773383 -0.00993924 0.04088247 0.96078431 0.23137255 0.94901961
v -0.03417221 -0.00523106 0.03902760 0.96078431 0.23137255 0.94901961
v -0.03443178 -0.00549666 0.03977489 0.96078431 0.23137255 0.94901961
v -0.03471326 -0.00485516 0.03937356 0.96078431 0.23137255 0.94901961
v -0.03358271 -0.00534790 0.03835849 0.96078431 0.23137255 0.94901961
v -0.03342466 -0.00560333 0.03849466 0.96078431 0.23137255 0.94901961
v -0.03501667 -0.00443137 0.03935271 0.96078431 0.23137255 0.94901961
v -0.03578960 -0.00443137 0.04273604 0.96078431 0.23137255 0.94901961
v -0.03569154 -0.00485226 0.04381691 0.96078431 0.23137255 0.94901961
v -0.03549773 -0.00547852 0.04501376 0.96078431 0.23137255 0.94901961
v -0.03549773 -0.00547779 0.04493818 0.96078431 0.23137255 0.94901961
v -0.02633909 -0.00983982 0.03896114 0.96078431 0.23137255 0.94901961
v -0.02604492 -0.00975709 0.03835849 0.96078431 0.23137255 0.94901961
v -0.03167346 -0.00977379 0.04501376 0.96078431 0.23137255 0.94901961
v -0.02741197 -0.00982023 0.04013518 0.96078431 0.23137255 0.94901961
v -0.03374076 -0.00592336 0.03940678 0.96078431 0.23137255 0.94901961
v -0.03409838 -0.00628329 0.04045378 0.96078431 0.23137255 0.94901961
v -0.03431065 -0.00649011 0.04110073 0.96078431 0.23137255 0.94901961
v -0.03460713 -0.00572234 0.04045378 0.96078431 0.23137255 0.94901961
v -0.03524047 -0.00443137 0.03978597 0.96078431 0.23137255 0.94901961
v -0.03315472 -0.00576588 0.03835849 0.96078431 0.23137255 0.94901961
v -0.03330815 -0.00660041 0.03978597 0.96078431 0.23137255 0.94901961
v -0.03570654 -0.00443137 0.04157504 0.96078431 0.23137255 0.94901961
v -0.03563155 -0.00492700 0.04276536 0.96078431 0.23137255 0.94901961
v -0.03548158 -0.00542700 0.04318559 0.96078431 0.23137255 0.94901961
v -0.03549081 -0.00545312 0.04381691 0.96078431 0.23137255 0.94901961
v -0.03548504 -0.00551698 0.04501376 0.96078431 0.23137255 0.94901961
v -0.02706472 -0.00936596 0.03835849 0.96078431 0.23137255 0.94901961
v -0.03259636 -0.00935217 0.04501376 0.96078431 0.23137255 0.94901961
v -0.03224912 -0.00884202 0.04308526 0.96078431 0.23137255 0.94901961
v -0.02984958 -0.00876800 0.03991758 0.96078431 0.23137255 0.94901961
v -0.02818835 -0.00924549 0.03933251 0.96078431 0.23137255 0.94901961
v -0.03412145 -0.00743494 0.04269565 0.96078431 0.23137255 0.94901961
v -0.03447100 -0.00667806 0.04184737 0.96078431 0.23137255 0.94901961
v -0.03478940 -0.00605906 0.04151445 0.96078431 0.23137255 0.94901961
v -0.03521855 -0.00484210 0.04037885 0.96078431 0.23137255 0.94901961
v -0.03353772 -0.00679707 0.04045378 0.96078431 0.23137255 0.94901961
v -0.03383305 -0.00712217 0.04152096 0.96078431 0.23137255 0.94901961
v -0.03538583 -0.00443137 0.04008176 0.96078431 0.23137255 0.94901961
v -0.03279709 -0.00610477 0.03835849 0.96078431 0.23137255 0.94901961
v -0.03248100 -0.00637690 0.03835849 0.96078431 0.23137255 0.94901961
v -0.03228142 -0.00666572 0.03853701 0.96078431 0.23137255 0.94901961
v -0.03309127 -0.00756701 0.04119325 0.96078431 0.23137255 0.94901961
v -0.03556464 -0.00443137 0.04068832 0.96078431 0.23137255 0.94901961
v -0.03562578 -0.00465197 0.04157504 0.96078431 0.23137255 0.94901961
v -0.03544928 -0.00535007 0.04243830 0.96078431 0.23137255 0.94901961
v -0.03484939 -0.00709532 0.04493818 0.96078431 0.23137255 0.94901961
v -0.03485401 -0.00709532 0.04501376 0.96078431 0.23137255 0.94901961
v -0.03529931 -0.00603874 0.04493818 0.96078431 0.23137255 0.94901961
v -0.03530046 -0.00603946 0.04501376 0.96078431 0.23137255 0.94901961
v -0.02813068 -0.00892692 0.03835849 0.96078431 0.23137255 0.94901961
v -0.03264251 -0.00894579 0.04390617 0.96078431 0.23137255 0.94901961
v -0.03267135 -0.00931371 0.04501376 0.96078431 0.23137255 0.94901961
v -0.03325162 -0.00878977 0.04433944 0.96078431 0.23137255 0.94901961
v -0.03299667 -0.00865407 0.04359214 0.96078431 0.23137255 0.94901961
v -0.03264251 -0.00848281 0.04270542 0.96078431 0.23137255 0.94901961
v -0.03193995 -0.00869471 0.04233797 0.96078431 0.23137255 0.94901961
v -0.03042985 -0.00822012 0.03933251 0.96078431 0.23137255 0.94901961
v -0.02959578 -0.00864754 0.03933251 0.96078431 0.23137255 0.94901961
v -0.02877786 -0.00878904 0.03873768 0.96078431 0.23137255 0.94901961
v -0.02821028 -0.00889354 0.03835849 0.96078431 0.23137255 0.94901961
v -0.03429565 -0.00759168 0.04344164 0.96078431 0.23137255 0.94901961
v -0.03335545 -0.00774552 0.04193989 0.96078431 0.23137255 0.94901961
v -0.03356079 -0.00791098 0.04269565 0.96078431 0.23137255 0.94901961
v -0.03459790 -0.00687472 0.04269565 0.96078431 0.23137255 0.94901961
v -0.03537083 -0.00521220 0.04157504 0.96078431 0.23137255 0.94901961
v -0.03555541 -0.00446112 0.04070331 0.96078431 0.23137255 0.94901961
v -0.03175191 -0.00694003 0.03835849 0.96078431 0.23137255 0.94901961
v -0.03152464 -0.00709895 0.03835849 0.96078431 0.23137255 0.94901961
v -0.03099974 -0.00766135 0.03875982 0.96078431 0.23137255 0.94901961
v -0.03234372 -0.00778834 0.04073002 0.96078431 0.23137255 0.94901961
v -0.03269903 -0.00796395 0.04156983 0.96078431 0.23137255 0.94901961
v -0.03465674 -0.00716861 0.04381626 0.96078431 0.23137255 0.94901961
v -0.03446408 -0.00781156 0.04493818 0.96078431 0.23137255 0.94901961
v -0.03446754 -0.00781954 0.04501376 0.96078431 0.23137255 0.94901961
v -0.03331968 -0.00893853 0.04501376 0.96078431 0.23137255 0.94901961
v -0.03336929 -0.00888411 0.04493818 0.96078431 0.23137255 0.94901961
v -0.03036640 -0.00782970 0.03835849 0.96078431 0.23137255 0.94901961
v -0.02923469 -0.00841387 0.03835849 0.96078431 0.23137255 0.94901961
v -0.02915856 -0.00845015 0.03835849 0.96078431 0.23137255 0.94901961
v -0.03439948 -0.00771505 0.04418893 0.96078431 0.23137255 0.94901961
v -0.03338198 -0.00889572 0.04501376 0.96078431 0.23137255 0.94901961
v -0.03392995 -0.00837106 0.04493818 0.96078431 0.23137255 0.94901961
v -0.03141505 -0.00717152 0.03835849 0.96078431 0.23137255 0.94901961
v -0.03042524 -0.00779777 0.03835849 0.96078431 0.23137255 0.94901961
v -0.03443985 -0.00785728 0.04501376 0.96078431 0.23137255 0.94901961
v -0.03394264 -0.00837976 0.04501376 0.96078431 0.23137255 0.94901961
f 7083 7084 7087
f 7083 7087 7093
f 7083 7093 7104
f 7083 7104 7117
f 7083 7117 7110
f 7083 7110 7096
f 7083 7096 7090
f 7083 7090 7085
f 7083 7085 7091
f 7083 7091 7102
f 7083 7102 7116
f 7083 7116 7131
f 7083 7131 7144
f 7083 7144 7163
f 7083 7163 7168
f 7083 7168 7147
f 7083 7147 7132
f 7083 7132 7118
f 7083 7118 7106
f 7083 7106 7094
f 7083 7094 7089
f 7083 7089 7088
f 7083 7088 7086
f 7083 7086 7084
f 7084 7086 7088
f 7084 7088 7089
f 7084 7089 7094
f 7084 7094 7107
f 7084 7107 7119
f 7084 7119 7134
f 7084 7134 7151
f 7084 7151 7174
f 7084 7174 7172
f 7084 7172 7199
f 7084 7199 7210
f 7084 7210 7211
f 7084 7211 7206
f 7084 7206 7200
f 7084 7200 7177
f 7084 7177 7153
f 7084 7153 7138
f 7084 7138 7124
f 7084 7124 7113
f 7084 7113 7100
f 7084 7100 7099
f 7084 7099 7112
f 7084 7112 7111
f 7084 7111 7105
f 7084 7105 7092
f 7084 7092 7087
f 7085 7090 7095
f 7085 7095 7108
f 7085 7108 7122
f 7085 7122 7137
f 7085 7137 7152
f 7085 7152 7175
f 7085 7175 7185
f 7085 7185 7204
f 7085 7204 7203
f 7085 7203 7202
f 7085 7202 7209
f 7085 7209 7208
f 7085 7208 7193
f 7085 7193 7192
f 7085 7192 7165
f 7085 7165 7164
f 7085 7164 7145
f 7085 7145 7129
f 7085 7129 7115
f 7085 7115 7101
f 7085 7101 7091
f 7087 7092 7093
f 7090 7096 7097
f 7090 7097 7098
f 7090 7098 7099
f 7090 7099 7100
f 7090 7100 7095
f 7091 7101 7102
f 7092 7103 7104
f 7092 7104 7093
f 7092 7105 7103
f 7094 7106 7107
f 7095 7100 7109
f 7095 7109 7108
f 7096 7110 7105
f 7096 7105 7097
f 7097 7105 7111
f 7097 7111 7112
f 7097 7112 7098
f 7098 7112 7099
f 7100 7113 7109
f 7101 7114 7102
f 7101 7115 7114
f 7102 7114 7116
f 7103 7110 7117
f 7103 7117 7104
f 7103 7105 7110
f 7106 7118 7107
f 7107 7118 7120
f 7107 7120 7119
f 7108 7109 7121
f 7108 7121 7122
f 7109 7123 7121
f 7109 7113 7123
f 7113 7124 7125
f 7113 7125 7123
f 7114 7115 7126
f 7114 7126 7127
f 7114 7127 7128
f 7114 7128 7116
f 7115 7129 7130
f 7115 7130 7126
f 7116 7128 7131
f 7118 7132 7133
f 7118 7133 7120
f 7119 7120 7134
f 7120 7133 7135
f 7120 7135 7134
f 7121 7123 7125
f 7121 7125 7136
f 7121 7136 7122
f 7122 7136 7137
f 7124 7138 7125
f 7125 7139 7137
f 7125 7137 7136
f 7125 7138 7139
f 7126 7130 7127
f 7127 7130 7140
f 7127 7140 7141
f 7127 7141 7142
f 7127 7142 7143
f 7127 7143 7128
f 7128 7144 7131
f 7128 7143 7144
f 7129 7145 7130
f 7130 7146 7140
f 7130 7145 7146
f 7132 7147 7148
f 7132 7148 7133
f 7133 7148 7149
f 7133 7149 7150
f 7133 7150 7135
f 7134 7135 7151
f 7135 7150 7151
f 7137 7139 7152
f 7138 7153 7154
f 7138 7154 7155
f 7138 7155 7156
f 7138 7156 7152
f 7138 7152 7139
f 7140 7146 7141
f 7141 7146 7142
f 7142 7157 7158
f 7142 7158 7159
f 7142 7159 7160
f 7142 7160 7143
f 7142 7146 7161
f 7142 7161 7162
f 7142 7162 7157
f 7143 7160 7163
f 7143 7163 7144
f 7145 7164 7146
f 7146 7164 7165
f 7146 7165 7166
f 7146 7166 7167
f 7146 7167 7161
f 7147 7168 7169
f 7147 7169 7170
f 7147 7170 7148
f 7148 7170 7149
f 7149 7170 7171
f 7149 7171 7172
f 7149 7172 7173
f 7149 7173 7150
f 7150 7173 7174
f 7150 7174 7151
f 7152 7156 7155
f 7152 7155 7175
f 7153 7176 7154
f 7153 7177 7178
f 7153 7178 7176
f 7154 7176 7179
f 7154 7179 7180
f 7154 7180 7181
f 7154 7181 7155
f 7155 7181 7182
f 7155 7182 7183
f 7155 7183 7184
f 7155 7184 7185
f 7155 7185 7175
f 7157 7186 7158
f 7157 7162 7187
f 7157 7187 7188
f 7157 7188 7186
f 7158 7186 7189
f 7158 7189 7159
f 7159 7190 7160
f 7159 7189 7190
f 7160 7190 7163
f 7161 7167 7162
f 7162 7167 7187
f 7163 7190 7191
f 7163 7191 7168
f 7165 7192 7166
f 7166 7192 7167
f 7167 7192 7193
f 7167 7193 7194
f 7167 7194 7195
f 7167 7195 7196
f 7167 7196 7187
f 7168 7191 7169
f 7169 7191 7190
f 7169 7190 7170
f 7170 7190 7197
f 7170 7197 7198
f 7170 7198 7171
f 7171 7198 7199
f 7171 7199 7172
f 7172 7174 7173
f 7176 7178 7179
f 7177 7200 7178
f 7178 7200 7201
f 7178 7201 7186
f 7178 7186 7188
f 7178 7188 7187
f 7178 7187 7179
f 7179 7187 7180
f 7180 7187 7196
f 7180 7196 7182
f 7180 7182 7181
f 7182 7194 7202
f 7182 7202 7203
f 7182 7203 7183
f 7182 7196 7194
f 7183 7203 7204
f 7183 7204 7184
f 7184 7204 7185
f 7186 7205 7189
f 7186 7201 7206
f 7186 7206 7207
f 7186 7207 7205
f 7189 7205 7197
f 7189 7197 7190
f 7193 7208 7194
f 7194 7209 7202
f 7194 7196 7195
f 7194 7208 7209
f 7197 7205 7198
f 7198 7205 7210
f 7198 7210 7199
f 7200 7206 7201
f 7205 7207 7211
f 7205 7211 7210
f 7206 7211 7207

o geometry_92
v -0.01898512 -0.00347057 0.03835849 0.94117647 0.79607843 0.62745098
v -0.01903814 -0.00347057 0.03841237 0.94117647 0.79607843 0.62745098
v -0.01862008 -0.00159399 0.03835849 0.94117647 0.79607843 0.62745098
v -0.01191745 -0.00347057 0.03835849 0.94117647 0.79607843 0.62745098
v -0.02385949 -0.00429503 0.04501361 0.94117647 0.79607843 0.62745098
v -0.02393674 -0.00429503 0.04510701 0.94117647 0.79607843 0.62745098
v -0.02482739 -0.00429503 0.04633913 0.94117647 0.79607843 0.62745098
v -0.02577409 -0.00429503 0.04769458 0.94117647 0.79607843 0.62745098
v -0.01876700 -0.00159399 0.03856923 0.94117647 0.79607843 0.62745098
v -0.01203711 -0.00159399 0.03835849 0.94117647 0.79607843 0.62745098
v -0.01191896 -0.00330743 0.03835849 0.94117647 0.79607843 0.62745098
v -0.01329281 -0.00347057 0.04059403 0.94117647 0.79607843 0.62745098
v -0.01737952 -0.00429503 0.04686119 0.94117647 0.79607843 0.62745098
v -0.01625560 -0.00429503 0.04501361 0.94117647 0.79607843 0.62745098
v -0.02703585 -0.00429503 0.04988701 0.94117647 0.79607843 0.62745098
v -0.02678138 -0.00161990 0.05058988 0.94117647 0.79607843 0.62745098
v -0.01972582 -0.00159399 0.03996899 0.94117647 0.79607843 0.62745098
v -0.01968492 -0.00159399 0.03990792 0.94117647 0.79607843 0.62745098
v -0.01929261 -0.00159399 0.03933317 0.94117647 0.79607843 0.62745098
v -0.01878367 -0.00159399 0.03859318 0.94117647 0.79607843 0.62745098
v -0.01427283 -0.00159399 0.04197223 0.94117647 0.79607843 0.62745098
v -0.01193714 -0.00260962 0.03835849 0.94117647 0.79607843 0.62745098
v -0.01387143 -0.00260962 0.04148369 0.94117647 0.79607843 0.62745098
v -0.01385477 -0.00347057 0.04149806 0.94117647 0.79607843 0.62745098
v -0.01863977 -0.00429503 0.04889198 0.94117647 0.79607843 0.62745098
v -0.02739181 -0.00429503 0.05058988 0.94117647 0.79607843 0.62745098
v -0.02288098 -0.00159399 0.04501361 0.94117647 0.79607843 0.62745098
v -0.02287189 -0.00159399 0.04499565 0.94117647 0.79607843 0.62745098
v -0.02060284 -0.00159399 0.04133282 0.94117647 0.79607843 0.62745098
v -0.02009541 -0.00159399 0.04052937 0.94117647 0.79607843 0.62745098
v -0.01969856 -0.00161990 0.05058988 0.94117647 0.79607843 0.62745098
v -0.01473482 -0.00159399 0.04269666 0.94117647 0.79607843 0.62745098
v -0.01954405 -0.00161990 0.05034681 0.94117647 0.79607843 0.62745098
v -0.01897149 -0.00260989 0.04948948 0.94117647 0.79607843 0.62745098
v -0.01896998 -0.00373050 0.04948469 0.94117647 0.79607843 0.62745098
v -0.01927443 -0.00429503 0.04989180 0.94117647 0.79607843 0.62745098
v -0.01896240 -0.00429503 0.04940207 0.94117647 0.79607843 0.62745098
v -0.01973036 -0.00429503 0.05058988 0.94117647 0.79607843 0.62745098
v -0.01622985 -0.00159399 0.04501361 0.94117647 0.79607843 0.62745098
v -0.01968644 -0.00260989 0.05058988 0.94117647 0.79607843 0.62745098
v -0.01953194 -0.00260989 0.05035280 0.94117647 0.79607843 0.62745098
v -0.01953042 -0.00373050 0.05034441 0.94117647 0.79607843 0.62745098
v -0.01955163 -0.00429503 0.05031808 0.94117647 0.79607843 0.62745098
v -0.01972733 -0.00427203 0.05058988 0.94117647 0.79607843 0.62745098
v -0.01969553 -0.00373050 0.05058988 0.94117647 0.79607843 0.62745098
f 7212 7213 7214
f 7212 7214 7221
f 7212 7221 7233
f 7212 7233 7222
f 7212 7222 7215
f 7212 7215 7225
f 7212 7225 7216
f 7212 7216 7213
f 7213 7216 7217
f 7213 7217 7218
f 7213 7218 7214
f 7214 7218 7219
f 7214 7219 7220
f 7214 7220 7231
f 7214 7231 7230
f 7214 7230 7229
f 7214 7229 7228
f 7214 7228 7241
f 7214 7241 7240
f 7214 7240 7239
f 7214 7239 7238
f 7214 7238 7250
f 7214 7250 7243
f 7214 7243 7232
f 7214 7232 7221
f 7215 7222 7223
f 7215 7223 7224
f 7215 7224 7225
f 7216 7225 7224
f 7216 7224 7236
f 7216 7236 7248
f 7216 7248 7247
f 7216 7247 7254
f 7216 7254 7249
f 7216 7249 7237
f 7216 7237 7226
f 7216 7226 7219
f 7216 7219 7218
f 7216 7218 7217
f 7219 7226 7227
f 7219 7227 7228
f 7219 7228 7229
f 7219 7229 7230
f 7219 7230 7231
f 7219 7231 7220
f 7221 7232 7233
f 7222 7233 7223
f 7223 7233 7234
f 7223 7234 7235
f 7223 7235 7236
f 7223 7236 7224
f 7226 7237 7227
f 7227 7238 7239
f 7227 7239 7240
f 7227 7240 7241
f 7227 7241 7228
f 7227 7237 7249
f 7227 7249 7255
f 7227 7255 7256
f 7227 7256 7251
f 7227 7251 7242
f 7227 7242 7250
f 7227 7250 7238
f 7232 7234 7233
f 7232 7243 7242
f 7232 7242 7244
f 7232 7244 7234
f 7234 7244 7242
f 7234 7242 7235
f 7235 7245 7246
f 7235 7246 7247
f 7235 7247 7248
f 7235 7248 7236
f 7235 7242 7245
f 7242 7251 7252
f 7242 7252 7245
f 7242 7243 7250
f 7245 7252 7246
f 7246 7252 7251
f 7246 7251 7253
f 7246 7253 7254
f 7246 7254 7247
f 7249 7254 7255
f 7251 7256 7253
f 7253 7256 7255
f 7253 7255 7254

o geometry_93
v -0.01625564 -0.00429530 0.04501441 0.87058824 0.29019608 0.84705882
v -0.01737833 -0.00429530 0.04686165 0.87058824 0.29019608 0.84705882
v -0.01626812 -0.00485257 0.04501441 0.87058824 0.29019608 0.84705882
v -0.02385929 -0.00429530 0.04501441 0.87058824 0.29019608 0.84705882
v -0.01739534 -0.00485257 0.04684091 0.87058824 0.29019608 0.84705882
v -0.01863937 -0.00429530 0.04889231 0.87058824 0.29019608 0.84705882
v -0.01631802 -0.00535013 0.04501441 0.87058824 0.29019608 0.84705882
v -0.02783973 -0.00430326 0.04501441 0.87058824 0.29019608 0.84705882
v -0.02393754 -0.00429530 0.04510721 0.87058824 0.29019608 0.84705882
v -0.01638152 -0.00597348 0.04501441 0.87058824 0.29019608 0.84705882
v -0.01864390 -0.00442745 0.04888467 0.87058824 0.29019608 0.84705882
v -0.01895463 -0.00482232 0.04932410 0.87058824 0.29019608 0.84705882
v -0.01868019 -0.00517499 0.04882844 0.87058824 0.29019608 0.84705882
v -0.01896143 -0.00429530 0.04940216 0.87058824 0.29019608 0.84705882
v -0.02783973 -0.01107728 0.04501441 0.87058824 0.29019608 0.84705882
v -0.02783973 -0.00465593 0.05059108 0.87058824 0.29019608 0.84705882
v -0.02739178 -0.00429530 0.05059108 0.87058824 0.29019608 0.84705882
v -0.02705158 -0.00429530 0.04991692 0.87058824 0.29019608 0.84705882
v -0.02703684 -0.00429530 0.04988799 0.87058824 0.29019608 0.84705882
v -0.02577466 -0.00429530 0.04769575 0.87058824 0.29019608 0.84705882
v -0.02482775 -0.00429530 0.04633979 0.87058824 0.29019608 0.84705882
v -0.01752122 -0.00659364 0.04664385 0.87058824 0.29019608 0.84705882
v -0.01656637 -0.00685636 0.04501441 0.87058824 0.29019608 0.84705882
v -0.01837287 -0.00597348 0.04818049 0.87058824 0.29019608 0.84705882
v -0.01957267 -0.00485257 0.05029303 0.87058824 0.29019608 0.84705882
v -0.01927329 -0.00429530 0.04989181 0.87058824 0.29019608 0.84705882
v -0.02783973 -0.01111709 0.04514596 0.87058824 0.29019608 0.84705882
v -0.02751993 -0.01116485 0.04501441 0.87058824 0.29019608 0.84705882
v -0.02783973 -0.01237572 0.05059108 0.87058824 0.29019608 0.84705882
v -0.01973144 -0.00429530 0.05059108 0.87058824 0.29019608 0.84705882
v -0.01789885 -0.00701876 0.04708328 0.87058824 0.29019608 0.84705882
v -0.01661853 -0.00709519 0.04501441 0.87058824 0.29019608 0.84705882
v -0.01849308 -0.00709519 0.04799653 0.87058824 0.29019608 0.84705882
v -0.01873689 -0.00597348 0.04874110 0.87058824 0.29019608 0.84705882
v -0.01885597 -0.00709519 0.04855714 0.87058824 0.29019608 0.84705882
v -0.01955113 -0.00429530 0.05031923 0.87058824 0.29019608 0.84705882
v -0.01976886 -0.00485257 0.05059108 0.87058824 0.29019608 0.84705882
v -0.01988680 -0.00563753 0.05059108 0.87058824 0.29019608 0.84705882
v -0.02783973 -0.01163853 0.04718153 0.87058824 0.29019608 0.84705882
v -0.02713323 -0.01126277 0.04501441 0.87058824 0.29019608 0.84705882
v -0.02706519 -0.01242747 0.05059108 0.87058824 0.29019608 0.84705882
v -0.02783973 -0.01237254 0.05055887 0.87058824 0.29019608 0.84705882
v -0.02706519 -0.01242349 0.05054468 0.87058824 0.29019608 0.84705882
v -0.01761194 -0.00734118 0.04649864 0.87058824 0.29019608 0.84705882
v -0.01694286 -0.00814843 0.04501441 0.87058824 0.29019608 0.84705882
v -0.01739874 -0.00821610 0.04571859 0.87058824 0.29019608 0.84705882
v -0.01982669 -0.00744388 0.04990983 0.87058824 0.29019608 0.84705882
v -0.01859514 -0.00783397 0.04783549 0.87058824 0.29019608 0.84705882
v -0.01994123 -0.00597348 0.05059108 0.87058824 0.29019608 0.84705882
v -0.02018165 -0.00708165 0.05059108 0.87058824 0.29019608 0.84705882
v -0.02706519 -0.01154300 0.04605976 0.87058824 0.29019608 0.84705882
v -0.02783973 -0.01209629 0.04904243 0.87058824 0.29019608 0.84705882
v -0.02594477 -0.01153743 0.04501441 0.87058824 0.29019608 0.84705882
v -0.02594477 -0.01239961 0.05059108 0.87058824 0.29019608 0.84705882
v -0.02594477 -0.01232955 0.04942345 0.87058824 0.29019608 0.84705882
v -0.02594477 -0.01239881 0.05054468 0.87058824 0.29019608 0.84705882
v -0.02783973 -0.01237095 0.05054468 0.87058824 0.29019608 0.84705882
v -0.02551611 -0.01215361 0.04765426 0.87058824 0.29019608 0.84705882
v -0.02482322 -0.01215839 0.04756147 0.87058824 0.29019608 0.84705882
v -0.01774575 -0.00821610 0.04627920 0.87058824 0.29019608 0.84705882
v -0.01699843 -0.00830128 0.04501441 0.87058824 0.29019608 0.84705882
v -0.01751101 -0.00882034 0.04554008 0.87058824 0.29019608 0.84705882
v -0.02050824 -0.00822167 0.05059108 0.87058824 0.29019608 0.84705882
v -0.02051732 -0.00825192 0.05059108 0.87058824 0.29019608 0.84705882
v -0.01994350 -0.00821610 0.04972696 0.87058824 0.29019608 0.84705882
v -0.01872555 -0.00858071 0.04763461 0.87058824 0.29019608 0.84705882
v -0.01833999 -0.00821132 0.04722903 0.87058824 0.29019608 0.84705882
v -0.02706519 -0.01181606 0.04718153 0.87058824 0.29019608 0.84705882
v -0.02783973 -0.01220854 0.04961341 0.87058824 0.29019608 0.84705882
v -0.02594477 -0.01177944 0.04605976 0.87058824 0.29019608 0.84705882
v -0.02753467 -0.01212814 0.04892015 0.87058824 0.29019608 0.84705882
v -0.02482322 -0.01175317 0.04501441 0.87058824 0.29019608 0.84705882
v -0.02372094 -0.01211062 0.04720173 0.87058824 0.29019608 0.84705882
v -0.02482322 -0.01226188 0.04942345 0.87058824 0.29019608 0.84705882
v -0.02350207 -0.01209948 0.04830222 0.87058824 0.29019608 0.84705882
v -0.02476538 -0.01223720 0.05048463 0.87058824 0.29019608 0.84705882
v -0.02479260 -0.01223720 0.05059108 0.87058824 0.29019608 0.84705882
v -0.02370166 -0.01202305 0.04605976 0.87058824 0.29019608 0.84705882
v -0.02258011 -0.01192274 0.04501441 0.87058824 0.29019608 0.84705882
v -0.02410765 -0.01215043 0.04758931 0.87058824 0.29019608 0.84705882
v -0.02626456 -0.01211460 0.04789445 0.87058824 0.29019608 0.84705882
v -0.02482322 -0.01195459 0.04605976 0.87058824 0.29019608 0.84705882
v -0.02370166 -0.01188453 0.04501441 0.87058824 0.29019608 0.84705882
v -0.01735678 -0.00905519 0.04501441 0.87058824 0.29019608 0.84705882
v -0.01971102 -0.00890472 0.04896764 0.87058824 0.29019608 0.84705882
v -0.01848741 -0.00906394 0.04688676 0.87058824 0.29019608 0.84705882
v -0.02089381 -0.00990542 0.04999334 0.87058824 0.29019608 0.84705882
v -0.01871535 -0.00981148 0.04652157 0.87058824 0.29019608 0.84705882
v -0.02098227 -0.00933701 0.05059108 0.87058824 0.29019608 0.84705882
v -0.02258011 -0.01196892 0.04605976 0.87058824 0.29019608 0.84705882
v -0.02145969 -0.01182164 0.04501441 0.87058824 0.29019608 0.84705882
v -0.02258011 -0.01195538 0.04718153 0.87058824 0.29019608 0.84705882
v -0.02145969 -0.01176352 0.04605976 0.87058824 0.29019608 0.84705882
v -0.02423579 -0.01214724 0.05007086 0.87058824 0.29019608 0.84705882
v -0.02463383 -0.01219819 0.05059108 0.87058824 0.29019608 0.84705882
v -0.01767318 -0.00954479 0.04501441 0.87058824 0.29019608 0.84705882
v -0.02074412 -0.00933701 0.05022261 0.87058824 0.29019608 0.84705882
v -0.02163433 -0.01029870 0.05059108 0.87058824 0.29019608 0.84705882
v -0.02190990 -0.01060758 0.05059108 0.87058824 0.29019608 0.84705882
v -0.01968721 -0.01000016 0.04788735 0.87058824 0.29019608 0.84705882
v -0.01849761 -0.01005907 0.04577372 0.87058824 0.29019608 0.84705882
v -0.01776957 -0.00968729 0.04501441 0.87058824 0.29019608 0.84705882
v -0.01772648 -0.00962679 0.04501441 0.87058824 0.29019608 0.84705882
v -0.02033474 -0.01152708 0.04501441 0.87058824 0.29019608 0.84705882
v -0.02258011 -0.01184393 0.04830222 0.87058824 0.29019608 0.84705882
v -0.02359847 -0.01202862 0.04942345 0.87058824 0.29019608 0.84705882
v -0.02397383 -0.01198404 0.05059108 0.87058824 0.29019608 0.84705882
v -0.02242361 -0.01108285 0.05059108 0.87058824 0.29019608 0.84705882
v -0.02199722 -0.01103748 0.05002446 0.87058824 0.29019608 0.84705882
v -0.02103217 -0.01090373 0.04863739 0.87058824 0.29019608 0.84705882
v -0.01827988 -0.01024615 0.04501441 0.87058824 0.29019608 0.84705882
v -0.02006371 -0.01076521 0.04718153 0.87058824 0.29019608 0.84705882
v -0.01948762 -0.01117918 0.04501441 0.87058824 0.29019608 0.84705882
v -0.02145969 -0.01159395 0.04718153 0.87058824 0.29019608 0.84705882
v -0.02378105 -0.01188532 0.05059108 0.87058824 0.29019608 0.84705882
v -0.02258011 -0.01160191 0.04942345 0.87058824 0.29019608 0.84705882
v -0.02263341 -0.01126198 0.05059108 0.87058824 0.29019608 0.84705882
v -0.02081783 -0.01107808 0.04788954 0.87058824 0.29019608 0.84705882
v -0.01986752 -0.01095150 0.04645934 0.87058824 0.29019608 0.84705882
v -0.01892514 -0.01080502 0.04501441 0.87058824 0.29019608 0.84705882
v -0.01898184 -0.01085199 0.04501441 0.87058824 0.29019608 0.84705882
v -0.01966680 -0.01109241 0.04571149 0.87058824 0.29019608 0.84705882
v -0.02258238 -0.01127710 0.05045679 0.87058824 0.29019608 0.84705882
v -0.02062392 -0.01119113 0.04718153 0.87058824 0.29019608 0.84705882
f 7257 7258 7259
f 7257 7259 7263
f 7257 7263 7266
f 7257 7266 7279
f 7257 7279 7288
f 7257 7288 7301
f 7257 7301 7317
f 7257 7317 7340
f 7257 7340 7352
f 7257 7352 7359
f 7257 7359 7358
f 7257 7358 7367
f 7257 7367 7376
f 7257 7376 7377
f 7257 7377 7369
f 7257 7369 7360
f 7257 7360 7347
f 7257 7347 7335
f 7257 7335 7339
f 7257 7339 7328
f 7257 7328 7309
f 7257 7309 7296
f 7257 7296 7284
f 7257 7284 7271
f 7257 7271 7264
f 7257 7264 7260
f 7257 7260 7265
f 7257 7265 7277
f 7257 7277 7276
f 7257 7276 7275
f 7257 7275 7274
f 7257 7274 7273
f 7257 7273 7286
f 7257 7286 7292
f 7257 7292 7282
f 7257 7282 7270
f 7257 7270 7262
f 7257 7262 7258
f 7258 7261 7259
f 7258 7262 7261
f 7259 7261 7263
f 7260 7264 7265
f 7261 7266 7263
f 7261 7262 7267
f 7261 7267 7268
f 7261 7268 7269
f 7261 7269 7266
f 7262 7270 7267
f 7264 7271 7283
f 7264 7283 7295
f 7264 7295 7308
f 7264 7308 7325
f 7264 7325 7313
f 7264 7313 7298
f 7264 7298 7285
f 7264 7285 7272
f 7264 7272 7273
f 7264 7273 7274
f 7264 7274 7275
f 7264 7275 7276
f 7264 7276 7277
f 7264 7277 7265
f 7266 7278 7279
f 7266 7269 7280
f 7266 7280 7278
f 7267 7270 7268
f 7268 7270 7281
f 7268 7281 7269
f 7269 7281 7280
f 7270 7282 7281
f 7271 7284 7283
f 7272 7285 7297
f 7272 7297 7310
f 7272 7310 7333
f 7272 7333 7351
f 7272 7351 7363
f 7272 7363 7371
f 7272 7371 7373
f 7272 7373 7364
f 7272 7364 7355
f 7272 7355 7354
f 7272 7354 7345
f 7272 7345 7320
f 7272 7320 7319
f 7272 7319 7306
f 7272 7306 7305
f 7272 7305 7294
f 7272 7294 7293
f 7272 7293 7286
f 7272 7286 7273
f 7278 7287 7288
f 7278 7288 7279
f 7278 7280 7289
f 7278 7289 7287
f 7280 7281 7290
f 7280 7290 7291
f 7280 7291 7289
f 7281 7282 7292
f 7281 7292 7293
f 7281 7293 7294
f 7281 7294 7290
f 7283 7284 7295
f 7284 7296 7295
f 7285 7298 7299
f 7285 7299 7297
f 7286 7293 7292
f 7287 7300 7288
f 7287 7289 7300
f 7288 7300 7302
f 7288 7302 7301
f 7289 7291 7303
f 7289 7303 7304
f 7289 7304 7300
f 7290 7294 7305
f 7290 7305 7291
f 7291 7305 7306
f 7291 7306 7303
f 7295 7296 7307
f 7295 7307 7308
f 7296 7309 7307
f 7297 7299 7311
f 7297 7311 7312
f 7297 7312 7310
f 7298 7313 7299
f 7299 7313 7314
f 7299 7314 7315
f 7299 7315 7311
f 7300 7304 7316
f 7300 7316 7302
f 7301 7302 7317
f 7302 7316 7318
f 7302 7318 7317
f 7303 7306 7319
f 7303 7319 7320
f 7303 7320 7321
f 7303 7321 7304
f 7304 7322 7323
f 7304 7323 7316
f 7304 7321 7322
f 7307 7324 7308
f 7307 7309 7324
f 7308 7324 7309
f 7308 7309 7326
f 7308 7326 7327
f 7308 7327 7325
f 7309 7328 7326
f 7310 7312 7329
f 7310 7329 7330
f 7310 7330 7331
f 7310 7331 7332
f 7310 7332 7333
f 7311 7315 7334
f 7311 7334 7335
f 7311 7335 7336
f 7311 7336 7312
f 7312 7336 7329
f 7313 7325 7327
f 7313 7327 7337
f 7313 7337 7314
f 7314 7337 7338
f 7314 7338 7339
f 7314 7339 7334
f 7314 7334 7315
f 7316 7323 7322
f 7316 7322 7318
f 7317 7318 7340
f 7318 7322 7341
f 7318 7341 7342
f 7318 7342 7343
f 7318 7343 7344
f 7318 7344 7340
f 7320 7345 7341
f 7320 7341 7321
f 7321 7341 7322
f 7326 7328 7327
f 7327 7328 7337
f 7328 7338 7337
f 7328 7339 7338
f 7329 7336 7335
f 7329 7335 7346
f 7329 7346 7330
f 7330 7346 7331
f 7331 7346 7347
f 7331 7347 7348
f 7331 7348 7349
f 7331 7349 7350
f 7331 7350 7333
f 7331 7333 7332
f 7333 7350 7351
f 7334 7339 7335
f 7335 7347 7346
f 7340 7344 7352
f 7341 7345 7353
f 7341 7353 7343
f 7341 7343 7342
f 7343 7353 7345
f 7343 7345 7354
f 7343 7354 7355
f 7343 7355 7356
f 7343 7356 7344
f 7344 7357 7358
f 7344 7358 7359
f 7344 7359 7352
f 7344 7356 7357
f 7347 7360 7349
f 7347 7349 7348
f 7349 7361 7362
f 7349 7362 7350
f 7349 7360 7361
f 7350 7363 7351
f 7350 7362 7363
f 7355 7364 7365
f 7355 7365 7366
f 7355 7366 7356
f 7356 7366 7357
f 7357 7367 7358
f 7357 7366 7368
f 7357 7368 7367
f 7360 7369 7370
f 7360 7370 7361
f 7361 7370 7363
f 7361 7363 7362
f 7363 7370 7369
f 7363 7369 7372
f 7363 7372 7371
f 7364 7373 7365
f 7365 7373 7374
f 7365 7374 7366
f 7366 7374 7375
f 7366 7375 7368
f 7367 7368 7375
f 7367 7375 7376
f 7369 7377 7378
f 7369 7378 7372
f 7371 7372 7379
f 7371 7379 7373
f 7372 7378 7380
f 7372 7380 7379
f 7373 7379 7374
f 7374 7380 7378
f 7374 7378 7375
f 7374 7379 7380
f 7375 7378 7377
f 7375 7377 7376

o geometry_94
v -0.03658857 -0.00161970 0.04501441 0.61568627 0.01176471 0.34509804
v -0.03602222 -0.00373059 0.04501441 0.61568627 0.01176471 0.34509804
v -0.03602650 -0.00373059 0.04605976 0.61568627 0.01176471 0.34509804
v -0.03659114 -0.00161970 0.04568038 0.61568627 0.01176471 0.34509804
v -0.02979753 -0.00161970 0.04501441 0.61568627 0.01176471 0.34509804
v -0.03576689 -0.00462233 0.04501441 0.61568627 0.01176471 0.34509804
v -0.03577117 -0.00462233 0.04605976 0.61568627 0.01176471 0.34509804
v -0.03577375 -0.00462233 0.04718153 0.61568627 0.01176471 0.34509804
v -0.03602479 -0.00373059 0.04718153 0.61568627 0.01176471 0.34509804
v -0.03659199 -0.00161970 0.04605976 0.61568627 0.01176471 0.34509804
v -0.03055580 -0.00161970 0.04613400 0.61568627 0.01176471 0.34509804
v -0.02783973 -0.00462233 0.04571913 0.61568627 0.01176471 0.34509804
v -0.02783973 -0.00430255 0.04501441 0.61568627 0.01176471 0.34509804
v -0.02783973 -0.00462233 0.04501441 0.61568627 0.01176471 0.34509804
v -0.03573348 -0.00462233 0.04835408 0.61568627 0.01176471 0.34509804
v -0.03657914 -0.00161970 0.04718153 0.61568627 0.01176471 0.34509804
v -0.03597681 -0.00373059 0.04830222 0.61568627 0.01176471 0.34509804
v -0.03107160 -0.00161970 0.04687966 0.61568627 0.01176471 0.34509804
v -0.02813018 -0.00462233 0.04606249 0.61568627 0.01176471 0.34509804
v -0.03127894 -0.00161970 0.04717225 0.61568627 0.01176471 0.34509804
v -0.03189756 -0.00161970 0.04803801 0.61568627 0.01176471 0.34509804
v -0.03230026 -0.00161970 0.04859863 0.61568627 0.01176471 0.34509804
v -0.03286575 -0.00161970 0.04935958 0.61568627 0.01176471 0.34509804
v -0.03330186 -0.00161970 0.04990819 0.61568627 0.01176471 0.34509804
v -0.03560067 -0.00462233 0.04942345 0.61568627 0.01176471 0.34509804
v -0.03650803 -0.00161970 0.04830222 0.61568627 0.01176471 0.34509804
v -0.02913436 -0.00462233 0.04720009 0.61568627 0.01176471 0.34509804
v -0.03335841 -0.00161970 0.04996278 0.61568627 0.01176471 0.34509804
v -0.02928002 -0.00462233 0.04734202 0.61568627 0.01176471 0.34509804
v -0.03558696 -0.00462233 0.04948732 0.61568627 0.01176471 0.34509804
v -0.03633410 -0.00161970 0.04927333 0.61568627 0.01176471 0.34509804
v -0.03269524 -0.00462233 0.05054195 0.61568627 0.01176471 0.34509804
v -0.03384936 -0.00161970 0.05041858 0.61568627 0.01176471 0.34509804
v -0.03551328 -0.00440277 0.05004793 0.61568627 0.01176471 0.34509804
v -0.03629725 -0.00161970 0.04944310 0.61568627 0.01176471 0.34509804
v -0.03509258 -0.00462233 0.05037928 0.61568627 0.01176471 0.34509804
v -0.03278521 -0.00462233 0.05059108 0.61568627 0.01176471 0.34509804
v -0.03435659 -0.00161970 0.05059108 0.61568627 0.01176471 0.34509804
v -0.03574119 -0.00161970 0.05045679 0.61568627 0.01176471 0.34509804
v -0.03485097 -0.00462233 0.05059108 0.61568627 0.01176471 0.34509804
v -0.03542845 -0.00161970 0.05059108 0.61568627 0.01176471 0.34509804
v -0.03502404 -0.00375557 0.05059108 0.61568627 0.01176471 0.34509804
f 7381 7382 7383
f 7381 7383 7384
f 7381 7384 7390
f 7381 7390 7396
f 7381 7396 7406
f 7381 7406 7411
f 7381 7411 7415
f 7381 7415 7419
f 7381 7419 7421
f 7381 7421 7418
f 7381 7418 7413
f 7381 7413 7408
f 7381 7408 7404
f 7381 7404 7403
f 7381 7403 7402
f 7381 7402 7401
f 7381 7401 7400
f 7381 7400 7398
f 7381 7398 7391
f 7381 7391 7385
f 7381 7385 7393
f 7381 7393 7394
f 7381 7394 7386
f 7381 7386 7382
f 7382 7386 7387
f 7382 7387 7383
f 7383 7387 7388
f 7383 7388 7389
f 7383 7389 7390
f 7383 7390 7384
f 7385 7391 7392
f 7385 7392 7393
f 7386 7394 7392
f 7386 7392 7399
f 7386 7399 7407
f 7386 7407 7409
f 7386 7409 7412
f 7386 7412 7417
f 7386 7417 7420
f 7386 7420 7416
f 7386 7416 7410
f 7386 7410 7405
f 7386 7405 7395
f 7386 7395 7388
f 7386 7388 7387
f 7388 7395 7389
f 7389 7396 7390
f 7389 7395 7397
f 7389 7397 7396
f 7391 7398 7392
f 7392 7394 7393
f 7392 7398 7400
f 7392 7400 7401
f 7392 7401 7402
f 7392 7402 7403
f 7392 7403 7404
f 7392 7404 7399
f 7395 7405 7397
f 7396 7397 7406
f 7397 7405 7406
f 7399 7404 7407
f 7404 7408 7409
f 7404 7409 7407
f 7405 7410 7411
f 7405 7411 7406
f 7408 7412 7409
f 7408 7413 7412
f 7410 7414 7415
f 7410 7415 7411
f 7410 7416 7414
f 7412 7413 7417
f 7413 7418 7417
f 7414 7419 7415
f 7414 7416 7419
f 7416 7420 7419
f 7417 7418 7421
f 7417 7421 7422
f 7417 7422 7420
f 7419 7420 7422
f 7419 7422 7421

o geometry_95
v -0.02783973 -0.00462233 0.04571913 0.14509804 0.98039216 0.47450980
v -0.02783973 -0.00462233 0.04501441 0.14509804 0.98039216 0.47450980
v -0.02813019 -0.00462233 0.04606249 0.14509804 0.98039216 0.47450980
v -0.02783973 -0.00465572 0.05059108 0.14509804 0.98039216 0.47450980
v -0.02783973 -0.01107738 0.04501441 0.14509804 0.98039216 0.47450980
v -0.03576691 -0.00462233 0.04501441 0.14509804 0.98039216 0.47450980
v -0.02913361 -0.00462233 0.04720009 0.14509804 0.98039216 0.47450980
v -0.02783973 -0.01237522 0.05059108 0.14509804 0.98039216 0.47450980
v -0.02928040 -0.00462233 0.04734202 0.14509804 0.98039216 0.47450980
v -0.03269529 -0.00462233 0.05054195 0.14509804 0.98039216 0.47450980
v -0.03278538 -0.00462233 0.05059108 0.14509804 0.98039216 0.47450980
v -0.02783973 -0.01111685 0.04514596 0.14509804 0.98039216 0.47450980
v -0.02792826 -0.01110395 0.04518199 0.14509804 0.98039216 0.47450980
v -0.02809835 -0.01100680 0.04501441 0.14509804 0.98039216 0.47450980
v -0.03570090 -0.00485230 0.04501441 0.14509804 0.98039216 0.47450980
v -0.03577079 -0.00462233 0.04605976 0.14509804 0.98039216 0.47450980
v -0.02818766 -0.01235549 0.05059108 0.14509804 0.98039216 0.47450980
v -0.02783973 -0.01237143 0.05054468 0.14509804 0.98039216 0.47450980
v -0.03485047 -0.00462233 0.05059108 0.14509804 0.98039216 0.47450980
v -0.02783973 -0.01163826 0.04718153 0.14509804 0.98039216 0.47450980
v -0.02818766 -0.01155857 0.04718153 0.14509804 0.98039216 0.47450980
v -0.02950096 -0.01205114 0.05029740 0.14509804 0.98039216 0.47450980
v -0.03028071 -0.01194033 0.05059108 0.14509804 0.98039216 0.47450980
v -0.03036071 -0.01192060 0.05059108 0.14509804 0.98039216 0.47450980
v -0.02904507 -0.01110395 0.04632014 0.14509804 0.98039216 0.47450980
v -0.02979298 -0.01099617 0.04669953 0.14509804 0.98039216 0.47450980
v -0.02834688 -0.01093394 0.04501441 0.14509804 0.98039216 0.47450980
v -0.03551217 -0.00543595 0.04501441 0.14509804 0.98039216 0.47450980
v -0.03550052 -0.00548756 0.04605976 0.14509804 0.98039216 0.47450980
v -0.03570478 -0.00485230 0.04605976 0.14509804 0.98039216 0.47450980
v -0.03570866 -0.00485230 0.04718153 0.14509804 0.98039216 0.47450980
v -0.03577390 -0.00462233 0.04718153 0.14509804 0.98039216 0.47450980
v -0.02818766 -0.01234790 0.05054468 0.14509804 0.98039216 0.47450980
v -0.02880354 -0.01226062 0.05059108 0.14509804 0.98039216 0.47450980
v -0.02783973 -0.01220825 0.04961341 0.14509804 0.98039216 0.47450980
v -0.03509278 -0.00462233 0.05037928 0.14509804 0.98039216 0.47450980
v -0.03477980 -0.00709354 0.05059108 0.14509804 0.98039216 0.47450980
v -0.02783973 -0.01209592 0.04904243 0.14509804 0.98039216 0.47450980
v -0.02875306 -0.01214146 0.04997970 0.14509804 0.98039216 0.47450980
v -0.02917944 -0.01220142 0.05059108 0.14509804 0.98039216 0.47450980
v -0.02922759 -0.01219004 0.05059108 0.14509804 0.98039216 0.47450980
v -0.03150392 -0.01159197 0.05059108 0.14509804 0.98039216 0.47450980
v -0.03122822 -0.01109939 0.04859699 0.14509804 0.98039216 0.47450980
v -0.03088572 -0.01098555 0.04784969 0.14509804 0.98039216 0.47450980
v -0.02931379 -0.01062579 0.04501441 0.14509804 0.98039216 0.47450980
v -0.03155208 -0.01156388 0.05054468 0.14509804 0.98039216 0.47450980
v -0.03548577 -0.00551640 0.04501441 0.14509804 0.98039216 0.47450980
v -0.03531257 -0.00604768 0.04605976 0.14509804 0.98039216 0.47450980
v -0.03531568 -0.00604995 0.04718153 0.14509804 0.98039216 0.47450980
v -0.03550052 -0.00548907 0.04718153 0.14509804 0.98039216 0.47450980
v -0.03564187 -0.00495855 0.04837373 0.14509804 0.98039216 0.47450980
v -0.03456855 -0.00821606 0.05054468 0.14509804 0.98039216 0.47450980
v -0.03573352 -0.00462233 0.04835408 0.14509804 0.98039216 0.47450980
v -0.02818766 -0.01219004 0.04974333 0.14509804 0.98039216 0.47450980
v -0.03558751 -0.00462233 0.04948732 0.14509804 0.98039216 0.47450980
v -0.03456700 -0.00821606 0.05059108 0.14509804 0.98039216 0.47450980
v -0.03154974 -0.01157755 0.05059108 0.14509804 0.98039216 0.47450980
v -0.03158159 -0.01122159 0.04940380 0.14509804 0.98039216 0.47450980
v -0.03197457 -0.01096885 0.04901677 0.14509804 0.98039216 0.47450980
v -0.03043060 -0.01056963 0.04605976 0.14509804 0.98039216 0.47450980
v -0.03158159 -0.01086791 0.04825473 0.14509804 0.98039216 0.47450980
v -0.03155208 -0.01053624 0.04718153 0.14509804 0.98039216 0.47450980
v -0.03049040 -0.01020988 0.04501441 0.14509804 0.98039216 0.47450980
v -0.03222620 -0.01108801 0.04976462 0.14509804 0.98039216 0.47450980
v -0.03530092 -0.00603933 0.04501441 0.14509804 0.98039216 0.47450980
v -0.03495532 -0.00709506 0.04718153 0.14509804 0.98039216 0.47450980
v -0.03495920 -0.00709506 0.04830222 0.14509804 0.98039216 0.47450980
v -0.03437051 -0.00881109 0.05059108 0.14509804 0.98039216 0.47450980
v -0.03559527 -0.00464737 0.04942345 0.14509804 0.98039216 0.47450980
v -0.03560071 -0.00462233 0.04942345 0.14509804 0.98039216 0.47450980
v -0.03235046 -0.01122766 0.05059108 0.14509804 0.98039216 0.47450980
v -0.03227746 -0.00998598 0.04635999 0.14509804 0.98039216 0.47450980
v -0.03200330 -0.00985847 0.04561214 0.14509804 0.98039216 0.47450980
v -0.03167401 -0.00977423 0.04501441 0.14509804 0.98039216 0.47450980
v -0.03238541 -0.01120034 0.05054468 0.14509804 0.98039216 0.47450980
v -0.03320710 -0.00987897 0.04780711 0.14509804 0.98039216 0.47450980
v -0.03305798 -0.00978713 0.04718153 0.14509804 0.98039216 0.47450980
v -0.03249725 -0.01011728 0.04718153 0.14509804 0.98039216 0.47450980
v -0.03485436 -0.00709506 0.04501441 0.14509804 0.98039216 0.47450980
v -0.03492348 -0.00709506 0.04605976 0.14509804 0.98039216 0.47450980
v -0.03436196 -0.00879136 0.04980120 0.14509804 0.98039216 0.47450980
v -0.03435964 -0.00883386 0.05059108 0.14509804 0.98039216 0.47450980
v -0.03239240 -0.01120641 0.05059108 0.14509804 0.98039216 0.47450980
v -0.03265957 -0.00965052 0.04601554 0.14509804 0.98039216 0.47450980
v -0.03331971 -0.00893784 0.04501441 0.14509804 0.98039216 0.47450980
v -0.03267122 -0.00931353 0.04501441 0.14509804 0.98039216 0.47450980
v -0.03259666 -0.00935224 0.04501441 0.14509804 0.98039216 0.47450980
v -0.03294615 -0.01079201 0.05054468 0.14509804 0.98039216 0.47450980
v -0.03331816 -0.00997991 0.04855441 0.14509804 0.98039216 0.47450980
v -0.03355193 -0.00905776 0.04605976 0.14509804 0.98039216 0.47450980
v -0.03338184 -0.00889610 0.04501441 0.14509804 0.98039216 0.47450980
v -0.03446837 -0.00781988 0.04501441 0.14509804 0.98039216 0.47450980
v -0.03452506 -0.00793448 0.04605976 0.14509804 0.98039216 0.47450980
v -0.03455457 -0.00804605 0.04718153 0.14509804 0.98039216 0.47450980
v -0.03434566 -0.00875721 0.04905335 0.14509804 0.98039216 0.47450980
v -0.03407228 -0.00937197 0.05059108 0.14509804 0.98039216 0.47450980
v -0.03295314 -0.01079732 0.05059108 0.14509804 0.98039216 0.47450980
v -0.03341835 -0.01009452 0.04942345 0.14509804 0.98039216 0.47450980
v -0.03411266 -0.00849536 0.04605976 0.14509804 0.98039216 0.47450980
v -0.03394258 -0.00838000 0.04501441 0.14509804 0.98039216 0.47450980
v -0.03444041 -0.00785782 0.04501441 0.14509804 0.98039216 0.47450980
v -0.03423848 -0.00860617 0.04718153 0.14509804 0.98039216 0.47450980
v -0.03431537 -0.00870484 0.04830222 0.14509804 0.98039216 0.47450980
v -0.03351154 -0.01023644 0.05059108 0.14509804 0.98039216 0.47450980
v -0.03406995 -0.00937121 0.05054468 0.14509804 0.98039216 0.47450980
v -0.03349368 -0.01025921 0.05059108 0.14509804 0.98039216 0.47450980
v -0.03350999 -0.01023189 0.05054468 0.14509804 0.98039216 0.47450980
f 7423 7424 7428
f 7423 7428 7438
f 7423 7438 7454
f 7423 7454 7475
f 7423 7475 7492
f 7423 7492 7477
f 7423 7477 7458
f 7423 7458 7441
f 7423 7441 7433
f 7423 7433 7432
f 7423 7432 7431
f 7423 7431 7429
f 7423 7429 7425
f 7423 7425 7426
f 7423 7426 7430
f 7423 7430 7440
f 7423 7440 7457
f 7423 7457 7460
f 7423 7460 7442
f 7423 7442 7434
f 7423 7434 7427
f 7423 7427 7424
f 7424 7427 7436
f 7424 7436 7449
f 7424 7449 7467
f 7424 7467 7485
f 7424 7485 7496
f 7424 7496 7509
f 7424 7509 7508
f 7424 7508 7507
f 7424 7507 7513
f 7424 7513 7522
f 7424 7522 7523
f 7424 7523 7514
f 7424 7514 7501
f 7424 7501 7487
f 7424 7487 7469
f 7424 7469 7450
f 7424 7450 7437
f 7424 7437 7428
f 7425 7429 7426
f 7426 7429 7431
f 7426 7431 7432
f 7426 7432 7433
f 7426 7433 7441
f 7426 7441 7459
f 7426 7459 7478
f 7426 7478 7490
f 7426 7490 7504
f 7426 7504 7518
f 7426 7518 7526
f 7426 7526 7528
f 7426 7528 7519
f 7426 7519 7505
f 7426 7505 7493
f 7426 7493 7479
f 7426 7479 7464
f 7426 7464 7446
f 7426 7446 7445
f 7426 7445 7463
f 7426 7463 7462
f 7426 7462 7456
f 7426 7456 7439
f 7426 7439 7430
f 7427 7434 7435
f 7427 7435 7436
f 7428 7437 7452
f 7428 7452 7438
f 7430 7439 7440
f 7434 7442 7443
f 7434 7443 7444
f 7434 7444 7445
f 7434 7445 7446
f 7434 7446 7435
f 7435 7446 7447
f 7435 7447 7448
f 7435 7448 7436
f 7436 7448 7449
f 7437 7450 7451
f 7437 7451 7452
f 7438 7453 7454
f 7438 7452 7453
f 7439 7455 7440
f 7439 7456 7455
f 7440 7455 7457
f 7441 7458 7459
f 7442 7460 7461
f 7442 7461 7462
f 7442 7462 7443
f 7443 7462 7444
f 7444 7462 7463
f 7444 7463 7445
f 7446 7448 7447
f 7446 7464 7448
f 7448 7465 7466
f 7448 7466 7467
f 7448 7467 7449
f 7448 7464 7468
f 7448 7468 7465
f 7450 7469 7451
f 7451 7469 7470
f 7451 7470 7471
f 7451 7471 7472
f 7451 7472 7453
f 7451 7453 7452
f 7453 7473 7454
f 7453 7472 7474
f 7453 7474 7473
f 7454 7473 7475
f 7455 7476 7460
f 7455 7460 7457
f 7455 7456 7476
f 7456 7462 7476
f 7458 7477 7459
f 7459 7477 7478
f 7460 7476 7461
f 7461 7476 7462
f 7464 7479 7468
f 7465 7468 7480
f 7465 7480 7481
f 7465 7481 7466
f 7466 7482 7467
f 7466 7481 7483
f 7466 7483 7484
f 7466 7484 7482
f 7467 7482 7485
f 7468 7479 7486
f 7468 7486 7481
f 7468 7481 7480
f 7469 7487 7470
f 7470 7487 7488
f 7470 7488 7471
f 7471 7489 7490
f 7471 7490 7474
f 7471 7474 7472
f 7471 7488 7489
f 7473 7474 7478
f 7473 7478 7475
f 7474 7490 7478
f 7475 7478 7491
f 7475 7491 7492
f 7477 7492 7491
f 7477 7491 7478
f 7479 7493 7486
f 7481 7486 7494
f 7481 7494 7495
f 7481 7495 7484
f 7481 7484 7483
f 7482 7484 7485
f 7484 7495 7485
f 7485 7495 7496
f 7486 7493 7497
f 7486 7497 7498
f 7486 7498 7499
f 7486 7499 7500
f 7486 7500 7494
f 7487 7501 7502
f 7487 7502 7488
f 7488 7502 7503
f 7488 7503 7490
f 7488 7490 7489
f 7490 7503 7504
f 7493 7505 7497
f 7494 7500 7499
f 7494 7499 7506
f 7494 7506 7507
f 7494 7507 7508
f 7494 7508 7509
f 7494 7509 7495
f 7495 7509 7496
f 7497 7505 7510
f 7497 7510 7498
f 7498 7510 7511
f 7498 7511 7512
f 7498 7512 7513
f 7498 7513 7499
f 7499 7513 7507
f 7499 7507 7506
f 7501 7514 7515
f 7501 7515 7516
f 7501 7516 7502
f 7502 7516 7517
f 7502 7517 7503
f 7503 7517 7518
f 7503 7518 7504
f 7505 7519 7510
f 7510 7519 7511
f 7511 7519 7520
f 7511 7520 7521
f 7511 7521 7522
f 7511 7522 7512
f 7512 7522 7513
f 7514 7523 7524
f 7514 7524 7525
f 7514 7525 7515
f 7515 7525 7516
f 7516 7525 7517
f 7517 7525 7526
f 7517 7526 7527
f 7517 7527 7518
f 7518 7527 7526
f 7519 7528 7520
f 7520 7528 7529
f 7520 7529 7524
f 7520 7524 7521
f 7521 7524 7523
f 7521 7523 7522
f 7524 7529 7525
f 7525 7529 7526
f 7526 7529 7528

o geometry_96
v -0.02033766 0.00892039 0.03835849 0.49411765 0.63921569 0.36470588
v -0.01936447 0.00891209 0.03835849 0.49411765 0.63921569 0.36470588
v -0.02048511 0.00891901 0.03835849 0.49411765 0.63921569 0.36470588
v -0.02258007 0.00867548 0.04157504 0.49411765 0.63921569 0.36470588
v -0.02258007 0.00856548 0.04269565 0.49411765 0.63921569 0.36470588
v -0.01921702 0.00890586 0.03835849 0.49411765 0.63921569 0.36470588
v -0.02258007 0.00874466 0.04045378 0.49411765 0.63921569 0.36470588
v -0.02370185 0.00880693 0.03835849 0.49411765 0.63921569 0.36470588
v -0.02370185 0.00877510 0.03933251 0.49411765 0.63921569 0.36470588
v -0.02370185 0.00871561 0.04045378 0.49411765 0.63921569 0.36470588
v -0.02403532 0.00855164 0.04302988 0.49411765 0.63921569 0.36470588
v -0.02403532 0.00848730 0.04381691 0.49411765 0.63921569 0.36470588
v -0.02403532 0.00845755 0.04415115 0.49411765 0.63921569 0.36470588
v -0.02258007 0.00841327 0.04381691 0.49411765 0.63921569 0.36470588
v -0.02403532 0.00836484 0.04493818 0.49411765 0.63921569 0.36470588
v -0.02370185 0.00834270 0.04493818 0.49411765 0.63921569 0.36470588
v -0.01824269 0.00880831 0.03835849 0.49411765 0.63921569 0.36470588
v -0.02145943 0.00848038 0.04269565 0.49411765 0.63921569 0.36470588
v -0.02403532 0.00861944 0.04190862 0.49411765 0.63921569 0.36470588
v -0.02384930 0.00879932 0.03835849 0.49411765 0.63921569 0.36470588
v -0.02403532 0.00875712 0.03933251 0.49411765 0.63921569 0.36470588
v -0.02403532 0.00868101 0.04078800 0.49411765 0.63921569 0.36470588
v -0.02370072 0.00833025 0.04501376 0.49411765 0.63921569 0.36470588
v -0.02258007 0.00822924 0.04493818 0.49411765 0.63921569 0.36470588
v -0.02403532 0.00835377 0.04501376 0.49411765 0.63921569 0.36470588
v -0.02377785 0.00833717 0.04501376 0.49411765 0.63921569 0.36470588
v -0.01809637 0.00878687 0.03835849 0.49411765 0.63921569 0.36470588
v -0.02145943 0.00827698 0.04381691 0.49411765 0.63921569 0.36470588
v -0.02403532 0.00878825 0.03835849 0.49411765 0.63921569 0.36470588
v -0.02403532 0.00878271 0.03854548 0.49411765 0.63921569 0.36470588
v -0.02265153 0.00822370 0.04501376 0.49411765 0.63921569 0.36470588
v -0.02258007 0.00821471 0.04501376 0.49411765 0.63921569 0.36470588
v -0.02167721 0.00808188 0.04501376 0.49411765 0.63921569 0.36470588
v -0.02403532 0.00185252 0.04501376 0.49411765 0.63921569 0.36470588
v -0.01809637 0.00858900 0.03933251 0.49411765 0.63921569 0.36470588
v -0.01712318 0.00858415 0.03835849 0.49411765 0.63921569 0.36470588
v -0.02403532 0.00232228 0.03835849 0.49411765 0.63921569 0.36470588
v -0.02118835 0.00796911 0.04501376 0.49411765 0.63921569 0.36470588
v -0.02087756 0.00804936 0.04440393 0.49411765 0.63921569 0.36470588
v -0.01663772 0.00185252 0.04501376 0.49411765 0.63921569 0.36470588
v -0.02403532 0.00185252 0.04423389 0.49411765 0.63921569 0.36470588
v -0.01837540 0.00814138 0.04134831 0.49411765 0.63921569 0.36470588
v -0.01697346 0.00853988 0.03835849 0.49411765 0.63921569 0.36470588
v -0.01965597 0.00185252 0.03835849 0.49411765 0.63921569 0.36470588
v -0.01989870 0.00185252 0.03865298 0.49411765 0.63921569 0.36470588
v -0.02037168 0.00185252 0.03926410 0.49411765 0.63921569 0.36470588
v -0.02037622 0.00185252 0.03926997 0.49411765 0.63921569 0.36470588
v -0.01978528 0.00804037 0.04324879 0.49411765 0.63921569 0.36470588
v -0.02089344 0.00786049 0.04501376 0.49411765 0.63921569 0.36470588
v -0.01869753 0.00802930 0.04209495 0.49411765 0.63921569 0.36470588
v -0.01244893 0.00185252 0.03835849 0.49411765 0.63921569 0.36470588
v -0.01664113 0.00187604 0.04501376 0.49411765 0.63921569 0.36470588
v -0.01732395 0.00813792 0.04016841 0.49411765 0.63921569 0.36470588
v -0.01695985 0.00825899 0.03932730 0.49411765 0.63921569 0.36470588
v -0.01610009 0.00821748 0.03835849 0.49411765 0.63921569 0.36470588
v -0.02061101 0.00775533 0.04501376 0.49411765 0.63921569 0.36470588
v -0.01762906 0.00800232 0.04091635 0.49411765 0.63921569 0.36470588
v -0.02043747 0.00774703 0.04484175 0.49411765 0.63921569 0.36470588
v -0.02041932 0.00767507 0.04501376 0.49411765 0.63921569 0.36470588
v -0.01270187 0.00305218 0.03835849 0.49411765 0.63921569 0.36470588
v -0.01297295 0.00275814 0.03889143 0.49411765 0.63921569 0.36470588
v -0.01639046 0.00253122 0.04441631 0.49411765 0.63921569 0.36470588
v -0.01665134 0.00193554 0.04501376 0.49411765 0.63921569 0.36470588
v -0.01629178 0.00811301 0.03895007 0.49411765 0.63921569 0.36470588
v -0.01600595 0.00818081 0.03835849 0.49411765 0.63921569 0.36470588
v -0.01657648 0.00794835 0.03969736 0.49411765 0.63921569 0.36470588
v -0.01940303 0.00715204 0.04501376 0.49411765 0.63921569 0.36470588
v -0.01933384 0.00711330 0.04501376 0.49411765 0.63921569 0.36470588
v -0.01272002 0.00312413 0.03835849 0.49411765 0.63921569 0.36470588
v -0.01306369 0.00350603 0.03875201 0.49411765 0.63921569 0.36470588
v -0.01687365 0.00295186 0.04501376 0.49411765 0.63921569 0.36470588
v -0.01551368 0.00787986 0.03835849 0.49411765 0.63921569 0.36470588
v -0.01863741 0.00693618 0.04440393 0.49411765 0.63921569 0.36470588
v -0.01885405 0.00672171 0.04501376 0.49411765 0.63921569 0.36470588
v -0.01292872 0.00383604 0.03835849 0.49411765 0.63921569 0.36470588
v -0.01722300 0.00410240 0.04501376 0.49411765 0.63921569 0.36470588
v -0.01648800 0.00327910 0.04426060 0.49411765 0.63921569 0.36470588
v -0.01736591 0.00706902 0.04238097 0.49411765 0.63921569 0.36470588
v -0.01554431 0.00785772 0.03843993 0.49411765 0.63921569 0.36470588
v -0.01613865 0.00717210 0.04045378 0.49411765 0.63921569 0.36470588
v -0.01510195 0.00710984 0.03905757 0.49411765 0.63921569 0.36470588
v -0.01488871 0.00734160 0.03835849 0.49411765 0.63921569 0.36470588
v -0.01763133 0.00682618 0.04312891 0.49411765 0.63921569 0.36470588
v -0.01635870 0.00697562 0.04109682 0.49411765 0.63921569 0.36470588
v -0.01840943 0.00624019 0.04501376 0.49411765 0.63921569 0.36470588
v -0.01302853 0.00411831 0.03835849 0.49411765 0.63921569 0.36470588
v -0.01721166 0.00411831 0.04498704 0.49411765 0.63921569 0.36470588
v -0.01722867 0.00411831 0.04501376 0.49411765 0.63921569 0.36470588
v -0.01535489 0.00684348 0.03980486 0.49411765 0.63921569 0.36470588
v -0.01430457 0.00671756 0.03835849 0.49411765 0.63921569 0.36470588
v -0.01776744 0.00532903 0.04501376 0.49411765 0.63921569 0.36470588
v -0.01755534 0.00576628 0.04434855 0.49411765 0.63921569 0.36470588
v -0.01311247 0.00433693 0.03835849 0.49411765 0.63921569 0.36470588
v -0.01418320 0.00464688 0.03987588 0.49411765 0.63921569 0.36470588
v -0.01723774 0.00414321 0.04501376 0.49411765 0.63921569 0.36470588
v -0.01435447 0.00664907 0.03850508 0.49411765 0.63921569 0.36470588
v -0.01416619 0.00650309 0.03835849 0.49411765 0.63921569 0.36470588
v -0.01748161 0.00476034 0.04501376 0.49411765 0.63921569 0.36470588
v -0.01736365 0.00501978 0.04464630 0.49411765 0.63921569 0.36470588
v -0.01533560 0.00570540 0.04094828 0.49411765 0.63921569 0.36470588
v -0.01411401 0.00590119 0.03886472 0.49411765 0.63921569 0.36470588
v -0.01396996 0.00619522 0.03835849 0.49411765 0.63921569 0.36470588
v -0.01348564 0.00525086 0.03835849 0.49411765 0.63921569 0.36470588
v -0.01638706 0.00474166 0.04330156 0.49411765 0.63921569 0.36470588
f 7530 7531 7535
f 7530 7535 7546
f 7530 7546 7556
f 7530 7556 7565
f 7530 7565 7572
f 7530 7572 7584
f 7530 7584 7594
f 7530 7594 7601
f 7530 7601 7611
f 7530 7611 7619
f 7530 7619 7626
f 7530 7626 7631
f 7530 7631 7632
f 7530 7632 7622
f 7530 7622 7615
f 7530 7615 7604
f 7530 7604 7598
f 7530 7598 7589
f 7530 7589 7580
f 7530 7580 7573
f 7530 7573 7566
f 7530 7566 7558
f 7530 7558 7549
f 7530 7549 7537
f 7530 7537 7532
f 7530 7532 7533
f 7530 7533 7531
f 7531 7533 7534
f 7531 7534 7535
f 7532 7536 7533
f 7532 7537 7538
f 7532 7538 7539
f 7532 7539 7536
f 7533 7536 7540
f 7533 7540 7541
f 7533 7541 7542
f 7533 7542 7534
f 7534 7543 7535
f 7534 7542 7544
f 7534 7544 7545
f 7534 7545 7543
f 7535 7543 7547
f 7535 7547 7546
f 7536 7539 7548
f 7536 7548 7540
f 7537 7549 7538
f 7538 7549 7550
f 7538 7550 7551
f 7538 7551 7539
f 7539 7551 7548
f 7540 7548 7551
f 7540 7551 7550
f 7540 7550 7559
f 7540 7559 7558
f 7540 7558 7566
f 7540 7566 7570
f 7540 7570 7563
f 7540 7563 7554
f 7540 7554 7544
f 7540 7544 7542
f 7540 7542 7541
f 7543 7545 7552
f 7543 7552 7553
f 7543 7553 7547
f 7544 7554 7555
f 7544 7555 7545
f 7545 7555 7552
f 7546 7547 7557
f 7546 7557 7556
f 7547 7553 7557
f 7549 7558 7559
f 7549 7559 7550
f 7552 7555 7554
f 7552 7554 7563
f 7552 7563 7569
f 7552 7569 7581
f 7552 7581 7592
f 7552 7592 7600
f 7552 7600 7605
f 7552 7605 7617
f 7552 7617 7624
f 7552 7624 7627
f 7552 7627 7620
f 7552 7620 7614
f 7552 7614 7603
f 7552 7603 7597
f 7552 7597 7596
f 7552 7596 7588
f 7552 7588 7585
f 7552 7585 7578
f 7552 7578 7567
f 7552 7567 7562
f 7552 7562 7561
f 7552 7561 7560
f 7552 7560 7553
f 7553 7560 7561
f 7553 7561 7562
f 7553 7562 7557
f 7556 7564 7565
f 7556 7557 7562
f 7556 7562 7564
f 7562 7567 7568
f 7562 7568 7564
f 7563 7570 7576
f 7563 7576 7575
f 7563 7575 7574
f 7563 7574 7573
f 7563 7573 7580
f 7563 7580 7569
f 7564 7568 7565
f 7565 7571 7572
f 7565 7568 7571
f 7566 7573 7574
f 7566 7574 7575
f 7566 7575 7576
f 7566 7576 7570
f 7567 7577 7568
f 7567 7578 7579
f 7567 7579 7577
f 7568 7577 7571
f 7569 7580 7581
f 7571 7579 7582
f 7571 7582 7572
f 7571 7577 7579
f 7572 7582 7583
f 7572 7583 7584
f 7578 7585 7579
f 7579 7586 7582
f 7579 7585 7587
f 7579 7587 7588
f 7579 7588 7586
f 7580 7589 7590
f 7580 7590 7591
f 7580 7591 7592
f 7580 7592 7581
f 7582 7586 7593
f 7582 7593 7583
f 7583 7593 7584
f 7584 7593 7594
f 7585 7588 7587
f 7586 7595 7593
f 7586 7588 7596
f 7586 7596 7597
f 7586 7597 7595
f 7589 7598 7599
f 7589 7599 7591
f 7589 7591 7590
f 7591 7600 7592
f 7591 7599 7600
f 7593 7595 7601
f 7593 7601 7594
f 7595 7597 7602
f 7595 7602 7601
f 7597 7603 7602
f 7598 7604 7599
f 7599 7604 7605
f 7599 7605 7606
f 7599 7606 7600
f 7600 7606 7605
f 7601 7602 7607
f 7601 7607 7608
f 7601 7608 7609
f 7601 7609 7610
f 7601 7610 7611
f 7602 7603 7612
f 7602 7612 7613
f 7602 7613 7607
f 7603 7614 7612
f 7604 7615 7616
f 7604 7616 7605
f 7605 7616 7617
f 7607 7613 7609
f 7607 7609 7608
f 7609 7613 7610
f 7610 7618 7619
f 7610 7619 7611
f 7610 7613 7618
f 7612 7614 7613
f 7613 7614 7618
f 7614 7620 7621
f 7614 7621 7618
f 7615 7622 7623
f 7615 7623 7624
f 7615 7624 7616
f 7616 7624 7617
f 7618 7621 7619
f 7619 7625 7626
f 7619 7621 7625
f 7620 7627 7628
f 7620 7628 7621
f 7621 7628 7629
f 7621 7629 7630
f 7621 7630 7631
f 7621 7631 7626
f 7621 7626 7625
f 7622 7632 7623
f 7623 7632 7633
f 7623 7633 7624
f 7624 7633 7627
f 7627 7633 7628
f 7628 7633 7632
f 7628 7632 7629
f 7629 7632 7630
f 7630 7632 7631

o geometry_97
v -0.01191652 -0.00347068 0.03835849 0.13333333 0.81960784 0.18823529
v -0.01329297 -0.00347068 0.04059385 0.13333333 0.81960784 0.18823529
v -0.01328823 -0.00373130 0.04060102 0.13333333 0.81960784 0.18823529
v -0.01191414 -0.00373130 0.03835849 0.13333333 0.81960784 0.18823529
v -0.01898510 -0.00347068 0.03835849 0.13333333 0.81960784 0.18823529
v -0.01385423 -0.00347068 0.04149751 0.13333333 0.81960784 0.18823529
v -0.01384830 -0.00373130 0.04150142 0.13333333 0.81960784 0.18823529
v -0.01422801 -0.00485235 0.04204348 0.13333333 0.81960784 0.18823529
v -0.01388390 -0.00485235 0.04148383 0.13333333 0.81960784 0.18823529
v -0.01196161 -0.00449824 0.03835849 0.13333333 0.81960784 0.18823529
v -0.01332264 -0.00485235 0.04056128 0.13333333 0.81960784 0.18823529
v -0.01903731 -0.00347068 0.03841127 0.13333333 0.81960784 0.18823529
v -0.02403527 -0.00347482 0.03835849 0.13333333 0.81960784 0.18823529
v -0.01422445 -0.00347068 0.04205716 0.13333333 0.81960784 0.18823529
v -0.01422208 -0.00373130 0.04206172 0.13333333 0.81960784 0.18823529
v -0.01622981 -0.00347068 0.04501376 0.13333333 0.81960784 0.18823529
v -0.01467299 -0.00485235 0.04269565 0.13333333 0.81960784 0.18823529
v -0.01521526 -0.00578559 0.04336541 0.13333333 0.81960784 0.18823529
v -0.01429446 -0.00597422 0.04193337 0.13333333 0.81960784 0.18823529
v -0.01302005 -0.00558537 0.03994168 0.13333333 0.81960784 0.18823529
v -0.01208145 -0.00485235 0.03851681 0.13333333 0.81960784 0.18823529
v -0.01198652 -0.00485235 0.03835849 0.13333333 0.81960784 0.18823529
v -0.01914173 -0.00347068 0.03856111 0.13333333 0.81960784 0.18823529
v -0.02403527 -0.01039802 0.03835849 0.13333333 0.81960784 0.18823529
v -0.02403527 -0.00443867 0.04501376 0.13333333 0.81960784 0.18823529
v -0.02304090 -0.00347068 0.04501376 0.13333333 0.81960784 0.18823529
v -0.02260779 -0.00347068 0.04416939 0.13333333 0.81960784 0.18823529
v -0.02112572 -0.00347068 0.04173792 0.13333333 0.81960784 0.18823529
v -0.02032121 -0.00347068 0.04042055 0.13333333 0.81960784 0.18823529
v -0.01918800 -0.00347068 0.03862757 0.13333333 0.81960784 0.18823529
v -0.01623456 -0.00373130 0.04501376 0.13333333 0.81960784 0.18823529
v -0.01626778 -0.00485235 0.04501376 0.13333333 0.81960784 0.18823529
v -0.01529358 -0.00653268 0.04325596 0.13333333 0.81960784 0.18823529
v -0.01489607 -0.00608509 0.04280706 0.13333333 0.81960784 0.18823529
v -0.01638169 -0.00597422 0.04501376 0.13333333 0.81960784 0.18823529
v -0.01500405 -0.00709527 0.04257186 0.13333333 0.81960784 0.18823529
v -0.01406664 -0.00689423 0.04119064 0.13333333 0.81960784 0.18823529
v -0.01308769 -0.00633329 0.03983092 0.13333333 0.81960784 0.18823529
v -0.01213248 -0.00597422 0.03835849 0.13333333 0.81960784 0.18823529
v -0.02403527 -0.01063712 0.03933251 0.13333333 0.81960784 0.18823529
v -0.02370183 -0.01049813 0.03835849 0.13333333 0.81960784 0.18823529
v -0.02403527 -0.01184339 0.04501376 0.13333333 0.81960784 0.18823529
v -0.01537308 -0.00709527 0.04313282 0.13333333 0.81960784 0.18823529
v -0.01656680 -0.00685700 0.04501376 0.13333333 0.81960784 0.18823529
v -0.01661901 -0.00709527 0.04501376 0.13333333 0.81960784 0.18823529
v -0.01417580 -0.00764214 0.04100757 0.13333333 0.81960784 0.18823529
v -0.01439176 -0.00719869 0.04156852 0.13333333 0.81960784 0.18823529
v -0.01639593 -0.00770171 0.04440589 0.13333333 0.81960784 0.18823529
v -0.01376880 -0.00719869 0.04056193 0.13333333 0.81960784 0.18823529
v -0.01318737 -0.00709527 0.03966609 0.13333333 0.81960784 0.18823529
v -0.01238997 -0.00708782 0.03835849 0.13333333 0.81960784 0.18823529
v -0.02403527 -0.01098130 0.04083035 0.13333333 0.81960784 0.18823529
v -0.02370183 -0.01072565 0.03933251 0.13333333 0.81960784 0.18823529
v -0.02258762 -0.01074468 0.03835849 0.13333333 0.81960784 0.18823529
v -0.02403527 -0.01184091 0.04499160 0.13333333 0.81960784 0.18823529
v -0.02370183 -0.01188393 0.04501376 0.13333333 0.81960784 0.18823529
v -0.01694296 -0.00814765 0.04501376 0.13333333 0.81960784 0.18823529
v -0.01533155 -0.00869783 0.04207019 0.13333333 0.81960784 0.18823529
v -0.01297140 -0.00782747 0.03890446 0.13333333 0.81960784 0.18823529
v -0.01245761 -0.00729632 0.03835849 0.13333333 0.81960784 0.18823529
v -0.01699873 -0.00830071 0.04501376 0.13333333 0.81960784 0.18823529
v -0.02376947 -0.01094241 0.04038993 0.13333333 0.81960784 0.18823529
v -0.02403527 -0.01138008 0.04267285 0.13333333 0.81960784 0.18823529
v -0.02132626 -0.01097385 0.03835849 0.13333333 0.81960784 0.18823529
v -0.02304446 -0.01100198 0.03997361 0.13333333 0.81960784 0.18823529
v -0.02403527 -0.01183346 0.04493818 0.13333333 0.81960784 0.18823529
v -0.02370183 -0.01187400 0.04493818 0.13333333 0.81960784 0.18823529
v -0.02258050 -0.01192199 0.04501376 0.13333333 0.81960784 0.18823529
v -0.02258050 -0.01180864 0.04381691 0.13333333 0.81960784 0.18823529
v -0.02258050 -0.01191868 0.04493818 0.13333333 0.81960784 0.18823529
v -0.01413427 -0.00882607 0.03995276 0.13333333 0.81960784 0.18823529
v -0.01315295 -0.00857539 0.03860216 0.13333333 0.81960784 0.18823529
v -0.01278511 -0.00813110 0.03835849 0.13333333 0.81960784 0.18823529
v -0.01735708 -0.00905524 0.04501376 0.13333333 0.81960784 0.18823529
v -0.01772611 -0.00962611 0.04501376 0.13333333 0.81960784 0.18823529
v -0.02403527 -0.01162414 0.04381691 0.13333333 0.81960784 0.18823529
v -0.02064634 -0.01109382 0.03835849 0.13333333 0.81960784 0.18823529
v -0.02111148 -0.01105907 0.03857805 0.13333333 0.81960784 0.18823529
v -0.02370183 -0.01145123 0.04269565 0.13333333 0.81960784 0.18823529
v -0.02370183 -0.01168123 0.04381691 0.13333333 0.81960784 0.18823529
v -0.02258050 -0.01163242 0.04269565 0.13333333 0.81960784 0.18823529
v -0.02145916 -0.01180202 0.04381691 0.13333333 0.81960784 0.18823529
v -0.02145916 -0.01182601 0.04493818 0.13333333 0.81960784 0.18823529
v -0.02145916 -0.01182188 0.04501376 0.13333333 0.81960784 0.18823529
v -0.02145916 -0.01156126 0.04157504 0.13333333 0.81960784 0.18823529
v -0.01921648 -0.01126011 0.03835849 0.13333333 0.81960784 0.18823529
v -0.01921648 -0.01138008 0.03933251 0.13333333 0.81960784 0.18823529
v -0.02145916 -0.01170936 0.04269565 0.13333333 0.81960784 0.18823529
v -0.01809514 -0.01128245 0.03835849 0.13333333 0.81960784 0.18823529
v -0.01394086 -0.00906186 0.03933251 0.13333333 0.81960784 0.18823529
v -0.01769645 -0.00964928 0.04493818 0.13333333 0.81960784 0.18823529
v -0.01753626 -0.00989748 0.04437722 0.13333333 0.81960784 0.18823529
v -0.01346978 -0.00918845 0.03835849 0.13333333 0.81960784 0.18823529
v -0.01288834 -0.00834042 0.03835849 0.13333333 0.81960784 0.18823529
v -0.01777002 -0.00968651 0.04501376 0.13333333 0.81960784 0.18823529
v -0.02032595 -0.01114346 0.03835849 0.13333333 0.81960784 0.18823529
v -0.02033782 -0.01130975 0.03933251 0.13333333 0.81960784 0.18823529
v -0.01809514 -0.01133292 0.03933251 0.13333333 0.81960784 0.18823529
v -0.01696906 -0.01116662 0.03835849 0.13333333 0.81960784 0.18823529
v -0.01809514 -0.01132134 0.04045378 0.13333333 0.81960784 0.18823529
v -0.01631999 -0.01104335 0.03835849 0.13333333 0.81960784 0.18823529
v -0.02033782 -0.01163986 0.04381691 0.13333333 0.81960784 0.18823529
v -0.02033782 -0.01154306 0.04493818 0.13333333 0.81960784 0.18823529
v -0.02033426 -0.01152734 0.04501376 0.13333333 0.81960784 0.18823529
v -0.01360505 -0.00936881 0.03835849 0.13333333 0.81960784 0.18823529
v -0.01827788 -0.01024662 0.04501376 0.13333333 0.81960784 0.18823529
v -0.01635322 -0.00995539 0.04223829 0.13333333 0.81960784 0.18823529
v -0.01421733 -0.00985529 0.03869989 0.13333333 0.81960784 0.18823529
v -0.01369998 -0.00948381 0.03835849 0.13333333 0.81960784 0.18823529
v -0.01588807 -0.01090270 0.03835849 0.13333333 0.81960784 0.18823529
v -0.01638525 -0.01102928 0.03885625 0.13333333 0.81960784 0.18823529
v -0.01946685 -0.01118896 0.04493818 0.13333333 0.81960784 0.18823529
v -0.01652646 -0.01097882 0.03960419 0.13333333 0.81960784 0.18823529
v -0.01743896 -0.01106155 0.04122843 0.13333333 0.81960784 0.18823529
v -0.01948584 -0.01117903 0.04501376 0.13333333 0.81960784 0.18823529
v -0.01892458 -0.01080507 0.04501376 0.13333333 0.81960784 0.18823529
v -0.01456619 -0.01021849 0.03835849 0.13333333 0.81960784 0.18823529
v -0.01890559 -0.01082576 0.04493818 0.13333333 0.81960784 0.18823529
v -0.01898035 -0.01085223 0.04501376 0.13333333 0.81960784 0.18823529
v -0.01872760 -0.01097385 0.04424105 0.13333333 0.81960784 0.18823529
v -0.01576941 -0.01084644 0.03835849 0.13333333 0.81960784 0.18823529
v -0.01854249 -0.01108306 0.04349376 0.13333333 0.81960784 0.18823529
v -0.01467180 -0.01028964 0.03835849 0.13333333 0.81960784 0.18823529
v -0.01670563 -0.01087457 0.04045378 0.13333333 0.81960784 0.18823529
v -0.01761576 -0.01098047 0.04197507 0.13333333 0.81960784 0.18823529
f 7634 7635 7636
f 7634 7636 7637
f 7634 7637 7643
f 7634 7643 7655
f 7634 7655 7672
f 7634 7672 7684
f 7634 7684 7693
f 7634 7693 7706
f 7634 7706 7727
f 7634 7727 7726
f 7634 7726 7738
f 7634 7738 7742
f 7634 7742 7750
f 7634 7750 7756
f 7634 7756 7754
f 7634 7754 7743
f 7634 7743 7734
f 7634 7734 7732
f 7634 7732 7722
f 7634 7722 7719
f 7634 7719 7729
f 7634 7729 7710
f 7634 7710 7697
f 7634 7697 7687
f 7634 7687 7674
f 7634 7674 7657
f 7634 7657 7646
f 7634 7646 7638
f 7634 7638 7645
f 7634 7645 7656
f 7634 7656 7663
f 7634 7663 7662
f 7634 7662 7661
f 7634 7661 7660
f 7634 7660 7659
f 7634 7659 7649
f 7634 7649 7647
f 7634 7647 7639
f 7634 7639 7635
f 7635 7639 7636
f 7636 7639 7640
f 7636 7640 7641
f 7636 7641 7642
f 7636 7642 7637
f 7637 7642 7644
f 7637 7644 7643
f 7638 7646 7645
f 7639 7647 7640
f 7640 7647 7648
f 7640 7648 7641
f 7641 7648 7649
f 7641 7649 7650
f 7641 7650 7651
f 7641 7651 7652
f 7641 7652 7653
f 7641 7653 7642
f 7642 7653 7644
f 7643 7654 7655
f 7643 7644 7654
f 7644 7653 7654
f 7645 7646 7656
f 7646 7657 7673
f 7646 7673 7685
f 7646 7685 7696
f 7646 7696 7709
f 7646 7709 7699
f 7646 7699 7688
f 7646 7688 7675
f 7646 7675 7658
f 7646 7658 7659
f 7646 7659 7660
f 7646 7660 7661
f 7646 7661 7662
f 7646 7662 7663
f 7646 7663 7656
f 7647 7649 7648
f 7649 7664 7650
f 7649 7659 7658
f 7649 7658 7675
f 7649 7675 7689
f 7649 7689 7701
f 7649 7701 7717
f 7649 7717 7737
f 7649 7737 7748
f 7649 7748 7752
f 7649 7752 7749
f 7649 7749 7739
f 7649 7739 7728
f 7649 7728 7708
f 7649 7708 7707
f 7649 7707 7694
f 7649 7694 7690
f 7649 7690 7678
f 7649 7678 7677
f 7649 7677 7668
f 7649 7668 7665
f 7649 7665 7664
f 7650 7664 7665
f 7650 7665 7651
f 7651 7666 7667
f 7651 7667 7652
f 7651 7665 7668
f 7651 7668 7666
f 7652 7667 7666
f 7652 7666 7669
f 7652 7669 7670
f 7652 7670 7671
f 7652 7671 7672
f 7652 7672 7653
f 7653 7672 7655
f 7653 7655 7654
f 7657 7674 7673
f 7666 7676 7669
f 7666 7668 7677
f 7666 7677 7678
f 7666 7678 7676
f 7669 7679 7680
f 7669 7680 7670
f 7669 7676 7681
f 7669 7681 7679
f 7670 7680 7679
f 7670 7679 7682
f 7670 7682 7683
f 7670 7683 7671
f 7671 7683 7684
f 7671 7684 7672
f 7673 7674 7686
f 7673 7686 7685
f 7674 7687 7686
f 7675 7688 7689
f 7676 7678 7681
f 7678 7690 7681
f 7679 7691 7692
f 7679 7692 7693
f 7679 7693 7684
f 7679 7684 7683
f 7679 7683 7682
f 7679 7681 7690
f 7679 7690 7694
f 7679 7694 7691
f 7685 7686 7695
f 7685 7695 7696
f 7686 7687 7695
f 7687 7697 7698
f 7687 7698 7695
f 7688 7699 7700
f 7688 7700 7689
f 7689 7700 7702
f 7689 7702 7703
f 7689 7703 7701
f 7691 7704 7705
f 7691 7705 7706
f 7691 7706 7692
f 7691 7694 7707
f 7691 7707 7708
f 7691 7708 7704
f 7692 7706 7693
f 7695 7698 7696
f 7696 7698 7709
f 7697 7710 7711
f 7697 7711 7698
f 7698 7712 7709
f 7698 7711 7712
f 7699 7709 7713
f 7699 7713 7714
f 7699 7714 7700
f 7700 7714 7702
f 7701 7703 7715
f 7701 7715 7716
f 7701 7716 7717
f 7702 7714 7718
f 7702 7718 7719
f 7702 7719 7720
f 7702 7720 7721
f 7702 7721 7703
f 7703 7721 7722
f 7703 7722 7715
f 7704 7723 7705
f 7704 7708 7724
f 7704 7724 7725
f 7704 7725 7723
f 7705 7726 7727
f 7705 7727 7706
f 7705 7723 7726
f 7708 7728 7724
f 7709 7712 7711
f 7709 7711 7713
f 7710 7729 7713
f 7710 7713 7711
f 7713 7729 7714
f 7714 7729 7730
f 7714 7730 7718
f 7715 7722 7731
f 7715 7731 7716
f 7716 7731 7732
f 7716 7732 7733
f 7716 7733 7734
f 7716 7734 7735
f 7716 7735 7717
f 7717 7735 7736
f 7717 7736 7737
f 7718 7730 7719
f 7719 7730 7729
f 7719 7722 7720
f 7720 7722 7721
f 7722 7732 7731
f 7723 7738 7726
f 7723 7725 7738
f 7724 7728 7725
f 7725 7728 7739
f 7725 7739 7740
f 7725 7740 7741
f 7725 7741 7742
f 7725 7742 7738
f 7732 7734 7733
f 7734 7743 7744
f 7734 7744 7735
f 7735 7744 7736
f 7736 7745 7737
f 7736 7744 7746
f 7736 7746 7747
f 7736 7747 7745
f 7737 7745 7748
f 7739 7749 7740
f 7740 7749 7741
f 7741 7750 7742
f 7741 7749 7751
f 7741 7751 7752
f 7741 7752 7753
f 7741 7753 7750
f 7743 7754 7746
f 7743 7746 7744
f 7745 7747 7755
f 7745 7755 7748
f 7746 7754 7756
f 7746 7756 7757
f 7746 7757 7758
f 7746 7758 7747
f 7747 7758 7755
f 7748 7755 7753
f 7748 7753 7752
f 7749 7752 7751
f 7750 7753 7756
f 7753 7755 7758
f 7753 7758 7756
f 7756 7758 7757

o geometry_98
v -0.03641641 -0.00055745 0.03835849 0.50980392 0.22352941 0.09411765
v -0.03614626 -0.00135105 0.03835849 0.50980392 0.22352941 0.09411765
v -0.03661554 -0.00055745 0.03878524 0.50980392 0.22352941 0.09411765
v -0.02562818 -0.00055745 0.03835849 0.50980392 0.22352941 0.09411765
v -0.03656480 -0.00084031 0.03890837 0.50980392 0.22352941 0.09411765
v -0.03560977 -0.00264780 0.03835849 0.50980392 0.22352941 0.09411765
v -0.03550577 -0.00322527 0.03871161 0.50980392 0.22352941 0.09411765
v -0.03673476 -0.00055745 0.03917810 0.50980392 0.22352941 0.09411765
v -0.02734927 -0.00055745 0.04153921 0.50980392 0.22352941 0.09411765
v -0.02403645 -0.00443027 0.04090528 0.50980392 0.22352941 0.09411765
v -0.02403645 -0.00380198 0.03931622 0.50980392 0.22352941 0.09411765
v -0.02403645 -0.00347438 0.03835849 0.50980392 0.22352941 0.09411765
v -0.03598011 -0.00260950 0.03933251 0.50980392 0.22352941 0.09411765
v -0.03642022 -0.00145797 0.03930254 0.50980392 0.22352941 0.09411765
v -0.03676393 -0.00055745 0.03930254 0.50980392 0.22352941 0.09411765
v -0.03505932 -0.00358396 0.03835849 0.50980392 0.22352941 0.09411765
v -0.03545630 -0.00425623 0.03995602 0.50980392 0.22352941 0.09411765
v -0.03561611 -0.00346528 0.03933251 0.50980392 0.22352941 0.09411765
v -0.03495025 -0.00374321 0.03835849 0.50980392 0.22352941 0.09411765
v -0.03530537 -0.00402607 0.03933251 0.50980392 0.22352941 0.09411765
v -0.02772089 -0.00055745 0.04217313 0.50980392 0.22352941 0.09411765
v -0.02607843 -0.00443027 0.04342731 0.50980392 0.22352941 0.09411765
v -0.02403645 -0.00443027 0.03835849 0.50980392 0.22352941 0.09411765
v -0.02978062 -0.00055745 0.04501376 0.50980392 0.22352941 0.09411765
v -0.03574675 -0.00382170 0.04037885 0.50980392 0.22352941 0.09411765
v -0.03664978 -0.00106402 0.03965632 0.50980392 0.22352941 0.09411765
v -0.03678041 -0.00055745 0.03937486 0.50980392 0.22352941 0.09411765
v -0.03501620 -0.00443027 0.03935271 0.50980392 0.22352941 0.09411765
v -0.03523942 -0.00443027 0.03978597 0.50980392 0.22352941 0.09411765
v -0.03538528 -0.00443027 0.04008176 0.50980392 0.22352941 0.09411765
v -0.03556411 -0.00443027 0.04068832 0.50980392 0.22352941 0.09411765
v -0.03473336 -0.00405413 0.03835849 0.50980392 0.22352941 0.09411765
v -0.03454693 -0.00443027 0.03849140 0.50980392 0.22352941 0.09411765
v -0.03461034 -0.00443027 0.03860346 0.50980392 0.22352941 0.09411765
v -0.02712605 -0.00443027 0.04451600 0.50980392 0.22352941 0.09411765
v -0.03443278 -0.00443027 0.03835849 0.50980392 0.22352941 0.09411765
v -0.03698081 -0.00055745 0.04501376 0.50980392 0.22352941 0.09411765
v -0.02763338 -0.00443027 0.04501376 0.50980392 0.22352941 0.09411765
v -0.03570616 -0.00443027 0.04157504 0.50980392 0.22352941 0.09411765
v -0.03692246 -0.00055745 0.04023617 0.50980392 0.22352941 0.09411765
v -0.03699095 -0.00055745 0.04269565 0.50980392 0.22352941 0.09411765
v -0.03582157 -0.00443027 0.04501376 0.50980392 0.22352941 0.09411765
v -0.03578987 -0.00443027 0.04273604 0.50980392 0.22352941 0.09411765
v -0.03595982 -0.00373070 0.04157504 0.50980392 0.22352941 0.09411765
v -0.03694910 -0.00055745 0.04045378 0.50980392 0.22352941 0.09411765
v -0.03699222 -0.00055745 0.04157504 0.50980392 0.22352941 0.09411765
v -0.03582157 -0.00443027 0.04493818 0.50980392 0.22352941 0.09411765
v -0.03581523 -0.00443027 0.04381691 0.50980392 0.22352941 0.09411765
v -0.03601309 -0.00373070 0.04269565 0.50980392 0.22352941 0.09411765
f 7759 7760 7761
f 7759 7761 7766
f 7759 7766 7773
f 7759 7773 7785
f 7759 7785 7798
f 7759 7798 7803
f 7759 7803 7804
f 7759 7804 7799
f 7759 7799 7795
f 7759 7795 7782
f 7759 7782 7779
f 7759 7779 7767
f 7759 7767 7762
f 7759 7762 7770
f 7759 7770 7781
f 7759 7781 7794
f 7759 7794 7790
f 7759 7790 7777
f 7759 7777 7774
f 7759 7774 7764
f 7759 7764 7760
f 7760 7763 7761
f 7760 7764 7765
f 7760 7765 7763
f 7761 7763 7766
f 7762 7767 7768
f 7762 7768 7769
f 7762 7769 7770
f 7763 7771 7772
f 7763 7772 7773
f 7763 7773 7766
f 7763 7765 7771
f 7764 7774 7765
f 7765 7775 7776
f 7765 7776 7771
f 7765 7774 7777
f 7765 7777 7778
f 7765 7778 7775
f 7767 7779 7768
f 7768 7780 7793
f 7768 7793 7796
f 7768 7796 7800
f 7768 7800 7805
f 7768 7805 7806
f 7768 7806 7801
f 7768 7801 7797
f 7768 7797 7789
f 7768 7789 7788
f 7768 7788 7787
f 7768 7787 7786
f 7768 7786 7792
f 7768 7792 7791
f 7768 7791 7794
f 7768 7794 7781
f 7768 7781 7770
f 7768 7770 7769
f 7768 7779 7782
f 7768 7782 7780
f 7771 7783 7772
f 7771 7776 7775
f 7771 7775 7783
f 7772 7783 7784
f 7772 7784 7785
f 7772 7785 7773
f 7775 7778 7786
f 7775 7786 7787
f 7775 7787 7788
f 7775 7788 7789
f 7775 7789 7783
f 7777 7790 7791
f 7777 7791 7778
f 7778 7791 7792
f 7778 7792 7786
f 7780 7782 7793
f 7782 7795 7800
f 7782 7800 7796
f 7782 7796 7793
f 7783 7797 7784
f 7783 7789 7797
f 7784 7798 7785
f 7784 7797 7798
f 7790 7794 7791
f 7795 7799 7800
f 7797 7801 7802
f 7797 7802 7798
f 7798 7802 7803
f 7799 7804 7800
f 7800 7804 7805
f 7801 7806 7807
f 7801 7807 7804
f 7801 7804 7803
f 7801 7803 7802
f 7804 7807 7806
f 7804 7806 7805

